snapshot_date,scraped_at,player_name,official_rank,official_points,age,rankings_source
2026-04-17,2026-04-17T06:12:12Z,J. Sinner,1,13350,,atp_daily_snapshot
2026-04-17,2026-04-17T06:12:12Z,Jannik Sinner,1,13350,24.0,atp_daily_snapshot
2026-04-17,2026-04-17T06:12:12Z,C. Alcaraz,2,13240,,atp_daily_snapshot
2026-04-17,2026-04-17T06:12:12Z,Carlos Alcaraz,2,13240,22.0,atp_daily_snapshot
2026-04-17,2026-04-17T06:12:12Z,A. Zverev,3,5555,,atp_daily_snapshot
2026-04-17,2026-04-17T06:12:12Z,Alexander Zverev,3,5555,28.0,atp_daily_snapshot
2026-04-17,2026-04-17T06:12:12Z,N. Djokovic,4,4710,,atp_daily_snapshot
2026-04-17,2026-04-17T06:12:12Z,Novak Djokovic,4,4710,38.0,atp_daily_snapshot
2026-04-17,2026-04-17T06:12:12Z,F. Auger-Aliassime,5,4100,,atp_daily_snapshot
2026-04-17,2026-04-17T06:12:12Z,Felix Auger-Aliassime,5,4100,25.0,atp_daily_snapshot
2026-04-17,2026-04-17T06:12:12Z,B. Shelton,6,3900,,atp_daily_snapshot
2026-04-17,2026-04-17T06:12:12Z,Ben Shelton,6,3900,23.0,atp_daily_snapshot
2026-04-17,2026-04-17T06:12:12Z,A. de Minaur,7,3895,,atp_daily_snapshot
2026-04-17,2026-04-17T06:12:12Z,Alex de Minaur,7,3895,27.0,atp_daily_snapshot
2026-04-17,2026-04-17T06:12:12Z,T. Fritz,8,3870,,atp_daily_snapshot
2026-04-17,2026-04-17T06:12:12Z,Taylor Fritz,8,3870,28.0,atp_daily_snapshot
2026-04-17,2026-04-17T06:12:12Z,L. Musetti,9,3625,,atp_daily_snapshot
2026-04-17,2026-04-17T06:12:12Z,Lorenzo Musetti,9,3625,24.0,atp_daily_snapshot
2026-04-17,2026-04-17T06:12:12Z,D. Medvedev,10,3560,,atp_daily_snapshot
2026-04-17,2026-04-17T06:12:12Z,Daniil Medvedev,10,3560,30.0,atp_daily_snapshot
2026-04-17,2026-04-17T06:12:12Z,A. Bublik,11,3445,,atp_daily_snapshot
2026-04-17,2026-04-17T06:12:12Z,Alexander Bublik,11,3445,28.0,atp_daily_snapshot
2026-04-17,2026-04-17T06:12:12Z,C. Ruud,12,2625,,atp_daily_snapshot
2026-04-17,2026-04-17T06:12:12Z,Casper Ruud,12,2625,27.0,atp_daily_snapshot
2026-04-17,2026-04-17T06:12:12Z,J. Lehecka,13,2540,,atp_daily_snapshot
2026-04-17,2026-04-17T06:12:12Z,Jiri Lehecka,13,2540,24.0,atp_daily_snapshot
2026-04-17,2026-04-17T06:12:12Z,K. Khachanov,14,2410,,atp_daily_snapshot
2026-04-17,2026-04-17T06:12:12Z,Karen Khachanov,14,2410,29.0,atp_daily_snapshot
2026-04-17,2026-04-17T06:12:12Z,A. Rublev,15,2350,,atp_daily_snapshot
2026-04-17,2026-04-17T06:12:12Z,Andrey Rublev,15,2350,28.0,atp_daily_snapshot
2026-04-17,2026-04-17T06:12:12Z,F. Cobolli,16,2320,,atp_daily_snapshot
2026-04-17,2026-04-17T06:12:12Z,Flavio Cobolli,16,2320,23.0,atp_daily_snapshot
2026-04-17,2026-04-17T06:12:12Z,V. Vacherot,17,2168,,atp_daily_snapshot
2026-04-17,2026-04-17T06:12:12Z,Valentin Vacherot,17,2168,27.0,atp_daily_snapshot
2026-04-17,2026-04-17T06:12:12Z,T. Paul,18,2065,,atp_daily_snapshot
2026-04-17,2026-04-17T06:12:12Z,Tommy Paul,18,2065,28.0,atp_daily_snapshot
2026-04-17,2026-04-17T06:12:12Z,F. Cerundolo,19,2020,,atp_daily_snapshot
2026-04-17,2026-04-17T06:12:12Z,Francisco Cerundolo,19,2020,27.0,atp_daily_snapshot
2026-04-17,2026-04-17T06:12:12Z,F. Tiafoe,20,1965,,atp_daily_snapshot
2026-04-17,2026-04-17T06:12:12Z,Frances Tiafoe,20,1965,28.0,atp_daily_snapshot
2026-04-17,2026-04-17T06:12:12Z,L. Darderi,21,1920,,atp_daily_snapshot
2026-04-17,2026-04-17T06:12:12Z,Luciano Darderi,21,1920,24.0,atp_daily_snapshot
2026-04-17,2026-04-17T06:12:12Z,L. Tien,22,1885,,atp_daily_snapshot
2026-04-17,2026-04-17T06:12:12Z,Learner Tien,22,1885,20.0,atp_daily_snapshot
2026-04-17,2026-04-17T06:12:12Z,A. Davidovich Fokina,23,1870,,atp_daily_snapshot
2026-04-17,2026-04-17T06:12:12Z,Alejandro Davidovich Fokina,23,1870,26.0,atp_daily_snapshot
2026-04-17,2026-04-17T06:12:12Z,C. Norrie,24,1778,,atp_daily_snapshot
2026-04-17,2026-04-17T06:12:12Z,Cameron Norrie,24,1778,30.0,atp_daily_snapshot
2026-04-17,2026-04-17T06:12:12Z,J. Mensik,25,1700,,atp_daily_snapshot
2026-04-17,2026-04-17T06:12:12Z,Jakub Mensik,25,1700,20.0,atp_daily_snapshot
2026-04-17,2026-04-17T06:12:12Z,A. Rinderknech,26,1676,,atp_daily_snapshot
2026-04-17,2026-04-17T06:12:12Z,Arthur Rinderknech,26,1676,30.0,atp_daily_snapshot
2026-04-17,2026-04-17T06:12:12Z,H. Rune,27,1620,,atp_daily_snapshot
2026-04-17,2026-04-17T06:12:12Z,Holger Rune,27,1620,22.0,atp_daily_snapshot
2026-04-17,2026-04-17T06:12:12Z,J. Draper,28,1610,,atp_daily_snapshot
2026-04-17,2026-04-17T06:12:12Z,Jack Draper,28,1610,24.0,atp_daily_snapshot
2026-04-17,2026-04-17T06:12:12Z,T. Etcheverry,29,1590,,atp_daily_snapshot
2026-04-17,2026-04-17T06:12:12Z,Tomas Martin Etcheverry,29,1590,26.0,atp_daily_snapshot
2026-04-17,2026-04-17T06:12:12Z,A. Fils,30,1440,,atp_daily_snapshot
2026-04-17,2026-04-17T06:12:12Z,Arthur Fils,30,1440,21.0,atp_daily_snapshot
2026-04-17,2026-04-17T06:12:12Z,C. Moutet,31,1433,,atp_daily_snapshot
2026-04-17,2026-04-17T06:12:12Z,Corentin Moutet,31,1433,26.0,atp_daily_snapshot
2026-04-17,2026-04-17T06:12:12Z,T. Griekspoor,32,1430,,atp_daily_snapshot
2026-04-17,2026-04-17T06:12:12Z,Tallon Griekspoor,32,1430,29.0,atp_daily_snapshot
2026-04-17,2026-04-17T06:12:12Z,B. Nakashima,33,1385,,atp_daily_snapshot
2026-04-17,2026-04-17T06:12:12Z,Brandon Nakashima,33,1385,24.0,atp_daily_snapshot
2026-04-17,2026-04-17T06:12:12Z,U. Humbert,34,1320,,atp_daily_snapshot
2026-04-17,2026-04-17T06:12:12Z,Ugo Humbert,34,1320,27.0,atp_daily_snapshot
2026-04-17,2026-04-17T06:12:12Z,J. Fonseca,35,1315,,atp_daily_snapshot
2026-04-17,2026-04-17T06:12:12Z,Joao Fonseca,35,1315,19.0,atp_daily_snapshot
2026-04-17,2026-04-17T06:12:12Z,A. Michelsen,36,1200,,atp_daily_snapshot
2026-04-17,2026-04-17T06:12:12Z,Alex Michelsen,36,1200,21.0,atp_daily_snapshot
2026-04-17,2026-04-17T06:12:12Z,G. Diallo,37,1175,,atp_daily_snapshot
2026-04-17,2026-04-17T06:12:12Z,Gabriel Diallo,37,1175,24.0,atp_daily_snapshot
2026-04-17,2026-04-17T06:12:12Z,J. Munar,38,1175,,atp_daily_snapshot
2026-04-17,2026-04-17T06:12:12Z,Jaume Munar,38,1175,28.0,atp_daily_snapshot
2026-04-17,2026-04-17T06:12:12Z,D. Shapovalov,39,1120,,atp_daily_snapshot
2026-04-17,2026-04-17T06:12:12Z,Denis Shapovalov,39,1120,26.0,atp_daily_snapshot
2026-04-17,2026-04-17T06:12:12Z,Z. Bergs,40,1110,,atp_daily_snapshot
2026-04-17,2026-04-17T06:12:12Z,Zizou Bergs,40,1110,26.0,atp_daily_snapshot
2026-04-17,2026-04-17T06:12:12Z,T. Atmane,41,1108,,atp_daily_snapshot
2026-04-17,2026-04-17T06:12:12Z,Terence Atmane,41,1108,24.0,atp_daily_snapshot
2026-04-17,2026-04-17T06:12:12Z,F. Marozsan,42,1105,,atp_daily_snapshot
2026-04-17,2026-04-17T06:12:12Z,Fabian Marozsan,42,1105,26.0,atp_daily_snapshot
2026-04-17,2026-04-17T06:12:12Z,S. Korda,43,1100,,atp_daily_snapshot
2026-04-17,2026-04-17T06:12:12Z,Sebastian Korda,43,1100,25.0,atp_daily_snapshot
2026-04-17,2026-04-17T06:12:12Z,M. Navone,44,1085,,atp_daily_snapshot
2026-04-17,2026-04-17T06:12:12Z,Mariano Navone,44,1085,25.0,atp_daily_snapshot
2026-04-17,2026-04-17T06:12:12Z,A. Tabilo,45,1068,,atp_daily_snapshot
2026-04-17,2026-04-17T06:12:12Z,Alejandro Tabilo,45,1068,28.0,atp_daily_snapshot
2026-04-17,2026-04-17T06:12:12Z,A. Mannarino,46,1025,,atp_daily_snapshot
2026-04-17,2026-04-17T06:12:12Z,Adrian Mannarino,46,1025,37.0,atp_daily_snapshot
2026-04-17,2026-04-17T06:12:12Z,T. Machac,47,980,,atp_daily_snapshot
2026-04-17,2026-04-17T06:12:12Z,Tomas Machac,47,980,25.0,atp_daily_snapshot
2026-04-17,2026-04-17T06:12:12Z,M. Cilic,48,950,,atp_daily_snapshot
2026-04-17,2026-04-17T06:12:12Z,Marin Cilic,48,950,37.0,atp_daily_snapshot
2026-04-17,2026-04-17T06:12:12Z,B. van de Zandschulp,49,931,,atp_daily_snapshot
2026-04-17,2026-04-17T06:12:12Z,Botic van de Zandschulp,49,931,30.0,atp_daily_snapshot
2026-04-17,2026-04-17T06:12:12Z,E. Quinn,50,927,,atp_daily_snapshot
2026-04-17,2026-04-17T06:12:12Z,Ethan Quinn,50,927,22.0,atp_daily_snapshot
2026-04-17,2026-04-17T06:12:12Z,Y. Hanfmann,51,899,,atp_daily_snapshot
2026-04-17,2026-04-17T06:12:12Z,Yannick Hanfmann,51,899,34.0,atp_daily_snapshot
2026-04-17,2026-04-17T06:12:12Z,N. Borges,52,895,,atp_daily_snapshot
2026-04-17,2026-04-17T06:12:12Z,Nuno Borges,52,895,29.0,atp_daily_snapshot
2026-04-17,2026-04-17T06:12:12Z,G. Mpetshi Perricard,53,890,,atp_daily_snapshot
2026-04-17,2026-04-17T06:12:12Z,Giovanni Mpetshi Perricard,53,890,22.0,atp_daily_snapshot
2026-04-17,2026-04-17T06:12:12Z,M. Fucsovics,54,887,,atp_daily_snapshot
2026-04-17,2026-04-17T06:12:12Z,Marton Fucsovics,54,887,34.0,atp_daily_snapshot
2026-04-17,2026-04-17T06:12:12Z,R. Jodar,55,886,,atp_daily_snapshot
2026-04-17,2026-04-17T06:12:12Z,Rafael Jodar,55,886,19.0,atp_daily_snapshot
2026-04-17,2026-04-17T06:12:12Z,D. Altmaier,56,880,,atp_daily_snapshot
2026-04-17,2026-04-17T06:12:12Z,Daniel Altmaier,56,880,27.0,atp_daily_snapshot
2026-04-17,2026-04-17T06:12:12Z,S. Baez,57,880,,atp_daily_snapshot
2026-04-17,2026-04-17T06:12:12Z,Sebastian Baez,57,880,25.0,atp_daily_snapshot
2026-04-17,2026-04-17T06:12:12Z,M. Kecmanovic,58,875,,atp_daily_snapshot
2026-04-17,2026-04-17T06:12:12Z,Miomir Kecmanovic,58,875,26.0,atp_daily_snapshot
2026-04-17,2026-04-17T06:12:12Z,A. Popyrin,59,870,,atp_daily_snapshot
2026-04-17,2026-04-17T06:12:12Z,Alexei Popyrin,59,870,26.0,atp_daily_snapshot
2026-04-17,2026-04-17T06:12:12Z,I. Buse,60,864,,atp_daily_snapshot
2026-04-17,2026-04-17T06:12:12Z,Ignacio Buse,60,864,22.0,atp_daily_snapshot
2026-04-17,2026-04-17T06:12:12Z,R. Burruchaga,61,860,,atp_daily_snapshot
2026-04-17,2026-04-17T06:12:12Z,Roman Andres Burruchaga,61,860,24.0,atp_daily_snapshot
2026-04-17,2026-04-17T06:12:12Z,J. Brooksby,62,852,,atp_daily_snapshot
2026-04-17,2026-04-17T06:12:12Z,Jenson Brooksby,62,852,25.0,atp_daily_snapshot
2026-04-17,2026-04-17T06:12:12Z,H. Hurkacz,63,845,,atp_daily_snapshot
2026-04-17,2026-04-17T06:12:12Z,Hubert Hurkacz,63,845,29.0,atp_daily_snapshot
2026-04-17,2026-04-17T06:12:12Z,C. Ugo Carabelli,64,825,,atp_daily_snapshot
2026-04-17,2026-04-17T06:12:12Z,Camilo Ugo Carabelli,64,825,26.0,atp_daily_snapshot
2026-04-17,2026-04-17T06:12:12Z,R. Collignon,65,818,,atp_daily_snapshot
2026-04-17,2026-04-17T06:12:12Z,Raphael Collignon,65,818,24.0,atp_daily_snapshot
2026-04-17,2026-04-17T06:12:12Z,L. Sonego,66,810,,atp_daily_snapshot
2026-04-17,2026-04-17T06:12:12Z,Lorenzo Sonego,66,810,30.0,atp_daily_snapshot
2026-04-17,2026-04-17T06:12:12Z,S. Tsitsipas,67,805,,atp_daily_snapshot
2026-04-17,2026-04-17T06:12:12Z,Stefanos Tsitsipas,67,805,27.0,atp_daily_snapshot
2026-04-17,2026-04-17T06:12:12Z,R. Opelka,68,803,,atp_daily_snapshot
2026-04-17,2026-04-17T06:12:12Z,Reilly Opelka,68,803,28.0,atp_daily_snapshot
2026-04-17,2026-04-17T06:12:12Z,J. Cerundolo,69,803,,atp_daily_snapshot
2026-04-17,2026-04-17T06:12:12Z,Juan Manuel Cerundolo,69,803,24.0,atp_daily_snapshot
2026-04-17,2026-04-17T06:12:12Z,J. Duckworth,70,784,,atp_daily_snapshot
2026-04-17,2026-04-17T06:12:12Z,James Duckworth,70,784,34.0,atp_daily_snapshot
2026-04-17,2026-04-17T06:12:12Z,A. Cazaux,71,777,,atp_daily_snapshot
2026-04-17,2026-04-17T06:12:12Z,Arthur Cazaux,71,777,23.0,atp_daily_snapshot
2026-04-17,2026-04-17T06:12:12Z,A. Blockx,72,772,,atp_daily_snapshot
2026-04-17,2026-04-17T06:12:12Z,Alexander Blockx,72,772,21.0,atp_daily_snapshot
2026-04-17,2026-04-17T06:12:12Z,K. Majchrzak,73,767,,atp_daily_snapshot
2026-04-17,2026-04-17T06:12:12Z,Kamil Majchrzak,73,767,30.0,atp_daily_snapshot
2026-04-17,2026-04-17T06:12:12Z,T. Tirante,74,765,,atp_daily_snapshot
2026-04-17,2026-04-17T06:12:12Z,Thiago Agustin Tirante,74,765,25.0,atp_daily_snapshot
2026-04-17,2026-04-17T06:12:12Z,A. Shevchenko,75,751,,atp_daily_snapshot
2026-04-17,2026-04-17T06:12:12Z,Alexander Shevchenko,75,751,25.0,atp_daily_snapshot
2026-04-17,2026-04-17T06:12:12Z,M. Giron,76,750,,atp_daily_snapshot
2026-04-17,2026-04-17T06:12:12Z,Marcos Giron,76,750,32.0,atp_daily_snapshot
2026-04-17,2026-04-17T06:12:12Z,V. Royer,77,742,,atp_daily_snapshot
2026-04-17,2026-04-17T06:12:12Z,Valentin Royer,77,742,24.0,atp_daily_snapshot
2026-04-17,2026-04-17T06:12:12Z,V. Kopriva,78,738,,atp_daily_snapshot
2026-04-17,2026-04-17T06:12:12Z,Vit Kopriva,78,738,28.0,atp_daily_snapshot
2026-04-17,2026-04-17T06:12:12Z,M. Bellucci,79,734,,atp_daily_snapshot
2026-04-17,2026-04-17T06:12:12Z,Mattia Bellucci,79,734,24.0,atp_daily_snapshot
2026-04-17,2026-04-17T06:12:12Z,M. Trungelliti,80,732,,atp_daily_snapshot
2026-04-17,2026-04-17T06:12:12Z,Marco Trungelliti,80,732,36.0,atp_daily_snapshot
2026-04-17,2026-04-17T06:12:12Z,J. Struff,81,709,,atp_daily_snapshot
2026-04-17,2026-04-17T06:12:12Z,Jan-Lennard Struff,81,709,35.0,atp_daily_snapshot
2026-04-17,2026-04-17T06:12:12Z,D. Dzumhur,82,694,,atp_daily_snapshot
2026-04-17,2026-04-17T06:12:12Z,Damir Dzumhur,82,694,33.0,atp_daily_snapshot
2026-04-17,2026-04-17T06:12:12Z,C. Garin,83,679,,atp_daily_snapshot
2026-04-17,2026-04-17T06:12:12Z,Cristian Garin,83,679,29.0,atp_daily_snapshot
2026-04-17,2026-04-17T06:12:12Z,Z. Svajda,84,674,,atp_daily_snapshot
2026-04-17,2026-04-17T06:12:12Z,Zachary Svajda,84,674,23.0,atp_daily_snapshot
2026-04-17,2026-04-17T06:12:12Z,E. Spizzirri,85,674,,atp_daily_snapshot
2026-04-17,2026-04-17T06:12:12Z,Eliot Spizzirri,85,674,24.0,atp_daily_snapshot
2026-04-17,2026-04-17T06:12:12Z,S. Ofner,86,673,,atp_daily_snapshot
2026-04-17,2026-04-17T06:12:12Z,Sebastian Ofner,86,673,29.0,atp_daily_snapshot
2026-04-17,2026-04-17T06:12:12Z,D. Prizmic,87,670,,atp_daily_snapshot
2026-04-17,2026-04-17T06:12:12Z,Dino Prizmic,87,670,20.0,atp_daily_snapshot
2026-04-17,2026-04-17T06:12:12Z,H. Medjedovic,88,664,,atp_daily_snapshot
2026-04-17,2026-04-17T06:12:12Z,Hamad Medjedovic,88,664,22.0,atp_daily_snapshot
2026-04-17,2026-04-17T06:12:12Z,A. Vukic,89,663,,atp_daily_snapshot
2026-04-17,2026-04-17T06:12:12Z,Aleksandar Vukic,89,663,30.0,atp_daily_snapshot
2026-04-17,2026-04-17T06:12:12Z,Q. Halys,90,650,,atp_daily_snapshot
2026-04-17,2026-04-17T06:12:12Z,Quentin Halys,90,650,29.0,atp_daily_snapshot
2026-04-17,2026-04-17T06:12:12Z,M. Berrettini,91,650,,atp_daily_snapshot
2026-04-17,2026-04-17T06:12:12Z,Matteo Berrettini,91,650,30.0,atp_daily_snapshot
2026-04-17,2026-04-17T06:12:12Z,F. Comesana,92,649,,atp_daily_snapshot
2026-04-17,2026-04-17T06:12:12Z,Francisco Comesana,92,649,25.0,atp_daily_snapshot
2026-04-17,2026-04-17T06:12:12Z,R. Bautista Agut,93,649,,atp_daily_snapshot
2026-04-17,2026-04-17T06:12:12Z,Roberto Bautista Agut,93,649,37.0,atp_daily_snapshot
2026-04-17,2026-04-17T06:12:12Z,P. Carreno Busta,94,646,,atp_daily_snapshot
2026-04-17,2026-04-17T06:12:12Z,Pablo Carreno Busta,94,646,34.0,atp_daily_snapshot
2026-04-17,2026-04-17T06:12:12Z,A. Muller,95,641,,atp_daily_snapshot
2026-04-17,2026-04-17T06:12:12Z,Alexandre Muller,95,641,29.0,atp_daily_snapshot
2026-04-17,2026-04-17T06:12:12Z,P. Kypson,96,640,,atp_daily_snapshot
2026-04-17,2026-04-17T06:12:12Z,Patrick Kypson,96,640,26.0,atp_daily_snapshot
2026-04-17,2026-04-17T06:12:12Z,A. Vallejo,97,640,,atp_daily_snapshot
2026-04-17,2026-04-17T06:12:12Z,Adolfo Daniel Vallejo,97,640,21.0,atp_daily_snapshot
2026-04-17,2026-04-17T06:12:12Z,J. Fearnley,98,639,,atp_daily_snapshot
2026-04-17,2026-04-17T06:12:12Z,Jacob Fearnley,98,639,24.0,atp_daily_snapshot
2026-04-17,2026-04-17T06:12:12Z,A. Kovacevic,99,636,,atp_daily_snapshot
2026-04-17,2026-04-17T06:12:12Z,Aleksandar Kovacevic,99,636,27.0,atp_daily_snapshot
2026-04-17,2026-04-17T06:12:12Z,L. Van Assche,100,635,,atp_daily_snapshot
2026-04-17,2026-04-17T06:12:12Z,Luca Van Assche,100,635,21.0,atp_daily_snapshot
2026-04-17,2026-04-17T06:12:12Z,M. Landaluce,101,634,,atp_daily_snapshot
2026-04-17,2026-04-17T06:12:12Z,Martin Landaluce,101,634,20.0,atp_daily_snapshot
2026-04-17,2026-04-17T06:12:12Z,Y. Wu,102,634,,atp_daily_snapshot
2026-04-17,2026-04-17T06:12:12Z,Yibing Wu,102,634,26.0,atp_daily_snapshot
2026-04-17,2026-04-17T06:12:12Z,R. Hijikata,103,632,,atp_daily_snapshot
2026-04-17,2026-04-17T06:12:12Z,Rinky Hijikata,103,632,25.0,atp_daily_snapshot
2026-04-17,2026-04-17T06:12:12Z,D. Merida,104,625,,atp_daily_snapshot
2026-04-17,2026-04-17T06:12:12Z,Daniel Merida,104,625,21.0,atp_daily_snapshot
2026-04-17,2026-04-17T06:12:12Z,M. Arnaldi,105,621,,atp_daily_snapshot
2026-04-17,2026-04-17T06:12:12Z,Matteo Arnaldi,105,621,25.0,atp_daily_snapshot
2026-04-17,2026-04-17T06:12:12Z,B. Bonzi,106,616,,atp_daily_snapshot
2026-04-17,2026-04-17T06:12:12Z,Benjamin Bonzi,106,616,29.0,atp_daily_snapshot
2026-04-17,2026-04-17T06:12:12Z,S. Wawrinka,107,608,,atp_daily_snapshot
2026-04-17,2026-04-17T06:12:12Z,Stan Wawrinka,107,608,41.0,atp_daily_snapshot
2026-04-17,2026-04-17T06:12:12Z,J. de Jong,108,600,,atp_daily_snapshot
2026-04-17,2026-04-17T06:12:12Z,Jesper de Jong,108,600,25.0,atp_daily_snapshot
2026-04-17,2026-04-17T06:12:12Z,A. Walton,109,595,,atp_daily_snapshot
2026-04-17,2026-04-17T06:12:12Z,Adam Walton,109,595,26.0,atp_daily_snapshot
2026-04-17,2026-04-17T06:12:12Z,S. Shimabukuro,110,588,,atp_daily_snapshot
2026-04-17,2026-04-17T06:12:12Z,Sho Shimabukuro,110,588,28.0,atp_daily_snapshot
2026-04-17,2026-04-17T06:12:12Z,F. Misolic,111,583,,atp_daily_snapshot
2026-04-17,2026-04-17T06:12:12Z,Filip Misolic,111,583,24.0,atp_daily_snapshot
2026-04-17,2026-04-17T06:12:12Z,E. Nava,112,580,,atp_daily_snapshot
2026-04-17,2026-04-17T06:12:12Z,Emilio Nava,112,580,24.0,atp_daily_snapshot
2026-04-17,2026-04-17T06:12:12Z,F. Maestrelli,113,577,,atp_daily_snapshot
2026-04-17,2026-04-17T06:12:12Z,Francesco Maestrelli,113,577,23.0,atp_daily_snapshot
2026-04-17,2026-04-17T06:12:12Z,T. Droguet,114,571,,atp_daily_snapshot
2026-04-17,2026-04-17T06:12:12Z,Titouan Droguet,114,571,24.0,atp_daily_snapshot
2026-04-17,2026-04-17T06:12:12Z,T. Schoolkate,115,558,,atp_daily_snapshot
2026-04-17,2026-04-17T06:12:12Z,Tristan Schoolkate,115,558,25.0,atp_daily_snapshot
2026-04-17,2026-04-17T06:12:12Z,H. Gaston,116,555,,atp_daily_snapshot
2026-04-17,2026-04-17T06:12:12Z,Hugo Gaston,116,555,25.0,atp_daily_snapshot
2026-04-17,2026-04-17T06:12:12Z,J. Choinski,117,524,,atp_daily_snapshot
2026-04-17,2026-04-17T06:12:12Z,Jan Choinski,117,524,29.0,atp_daily_snapshot
2026-04-17,2026-04-17T06:12:12Z,N. Basilashvili,118,516,,atp_daily_snapshot
2026-04-17,2026-04-17T06:12:12Z,Nikoloz Basilashvili,118,516,34.0,atp_daily_snapshot
2026-04-17,2026-04-17T06:12:12Z,C. Taberner,119,512,,atp_daily_snapshot
2026-04-17,2026-04-17T06:12:12Z,Carlos Taberner,119,512,28.0,atp_daily_snapshot
2026-04-17,2026-04-17T06:12:12Z,T. Barrios Vera,120,506,,atp_daily_snapshot
2026-04-17,2026-04-17T06:12:12Z,Tomas Barrios Vera,120,506,28.0,atp_daily_snapshot
2026-04-17,2026-04-17T06:12:12Z,C. Wong,121,503,,atp_daily_snapshot
2026-04-17,2026-04-17T06:12:12Z,Coleman Wong,121,503,21.0,atp_daily_snapshot
2026-04-17,2026-04-17T06:12:12Z,V. Gaubas,122,503,,atp_daily_snapshot
2026-04-17,2026-04-17T06:12:12Z,Vilius Gaubas,122,503,21.0,atp_daily_snapshot
2026-04-17,2026-04-17T06:12:12Z,M. McDonald,123,501,,atp_daily_snapshot
2026-04-17,2026-04-17T06:12:12Z,Mackenzie McDonald,123,501,30.0,atp_daily_snapshot
2026-04-17,2026-04-17T06:12:12Z,M. Damm,124,499,,atp_daily_snapshot
2026-04-17,2026-04-17T06:12:12Z,Martin Damm,124,499,22.0,atp_daily_snapshot
2026-04-17,2026-04-17T06:12:12Z,P. Martinez,125,496,,atp_daily_snapshot
2026-04-17,2026-04-17T06:12:12Z,Pedro Martinez,125,496,28.0,atp_daily_snapshot
2026-04-17,2026-04-17T06:12:12Z,H. Rocha,126,496,,atp_daily_snapshot
2026-04-17,2026-04-17T06:12:12Z,Henrique Rocha,126,496,22.0,atp_daily_snapshot
2026-04-17,2026-04-17T06:12:12Z,S. Mochizuki,127,495,,atp_daily_snapshot
2026-04-17,2026-04-17T06:12:12Z,Shintaro Mochizuki,127,495,22.0,atp_daily_snapshot
2026-04-17,2026-04-17T06:12:12Z,D. Svrcina,128,491,,atp_daily_snapshot
2026-04-17,2026-04-17T06:12:12Z,Dalibor Svrcina,128,491,23.0,atp_daily_snapshot
2026-04-17,2026-04-17T06:12:12Z,E. Moller,129,489,,atp_daily_snapshot
2026-04-17,2026-04-17T06:12:12Z,Elmer Moller,129,489,22.0,atp_daily_snapshot
2026-04-17,2026-04-17T06:12:12Z,O. Virtanen,130,487,,atp_daily_snapshot
2026-04-17,2026-04-17T06:12:12Z,Otto Virtanen,130,487,24.0,atp_daily_snapshot
2026-04-17,2026-04-17T06:12:12Z,A. Pellegrino,131,484,,atp_daily_snapshot
2026-04-17,2026-04-17T06:12:12Z,Andrea Pellegrino,131,484,29.0,atp_daily_snapshot
2026-04-17,2026-04-17T06:12:12Z,D. Sweeny,132,462,,atp_daily_snapshot
2026-04-17,2026-04-17T06:12:12Z,Dane Sweeny,132,462,25.0,atp_daily_snapshot
2026-04-17,2026-04-17T06:12:12Z,J. Pinnington Jones,133,461,,atp_daily_snapshot
2026-04-17,2026-04-17T06:12:12Z,Jack Pinnington Jones,133,461,23.0,atp_daily_snapshot
2026-04-17,2026-04-17T06:12:12Z,D. Lajovic,134,459,,atp_daily_snapshot
2026-04-17,2026-04-17T06:12:12Z,Dusan Lajovic,134,459,35.0,atp_daily_snapshot
2026-04-17,2026-04-17T06:12:12Z,G. Dimitrov,135,455,,atp_daily_snapshot
2026-04-17,2026-04-17T06:12:12Z,Grigor Dimitrov,135,455,34.0,atp_daily_snapshot
2026-04-17,2026-04-17T06:12:12Z,S. Travaglia,136,454,,atp_daily_snapshot
2026-04-17,2026-04-17T06:12:12Z,Stefano Travaglia,136,454,34.0,atp_daily_snapshot
2026-04-17,2026-04-17T06:12:12Z,B. Gojo,137,453,,atp_daily_snapshot
2026-04-17,2026-04-17T06:12:12Z,Borna Gojo,137,453,28.0,atp_daily_snapshot
2026-04-17,2026-04-17T06:12:12Z,A. Gea,138,451,,atp_daily_snapshot
2026-04-17,2026-04-17T06:12:12Z,Arthur Gea,138,451,21.0,atp_daily_snapshot
2026-04-17,2026-04-17T06:12:12Z,N. Budkov Kjaer,139,451,,atp_daily_snapshot
2026-04-17,2026-04-17T06:12:12Z,Nicolai Budkov Kjaer,139,451,19.0,atp_daily_snapshot
2026-04-17,2026-04-17T06:12:12Z,L. Nardi,140,444,,atp_daily_snapshot
2026-04-17,2026-04-17T06:12:12Z,Luca Nardi,140,444,22.0,atp_daily_snapshot
2026-04-17,2026-04-17T06:12:12Z,C. O'Connell,141,443,,atp_daily_snapshot
2026-04-17,2026-04-17T06:12:12Z,Christopher O'Connell,141,443,31.0,atp_daily_snapshot
2026-04-17,2026-04-17T06:12:12Z,J. Faria,142,443,,atp_daily_snapshot
2026-04-17,2026-04-17T06:12:12Z,Jaime Faria,142,443,22.0,atp_daily_snapshot
2026-04-17,2026-04-17T06:12:12Z,J. Thompson,143,438,,atp_daily_snapshot
2026-04-17,2026-04-17T06:12:12Z,Jordan Thompson,143,438,31.0,atp_daily_snapshot
2026-04-17,2026-04-17T06:12:12Z,Z. Piros,144,435,,atp_daily_snapshot
2026-04-17,2026-04-17T06:12:12Z,Zsombor Piros,144,435,26.0,atp_daily_snapshot
2026-04-17,2026-04-17T06:12:12Z,C. Rodesch,145,434,,atp_daily_snapshot
2026-04-17,2026-04-17T06:12:12Z,Chris Rodesch,145,434,24.0,atp_daily_snapshot
2026-04-17,2026-04-17T06:12:12Z,M. Echargui,146,433,,atp_daily_snapshot
2026-04-17,2026-04-17T06:12:12Z,Moez Echargui,146,433,33.0,atp_daily_snapshot
2026-04-17,2026-04-17T06:12:12Z,F. Passaro,147,431,,atp_daily_snapshot
2026-04-17,2026-04-17T06:12:12Z,Francesco Passaro,147,431,25.0,atp_daily_snapshot
2026-04-17,2026-04-17T06:12:12Z,B. Harris,148,427,,atp_daily_snapshot
2026-04-17,2026-04-17T06:12:12Z,Billy Harris,148,427,31.0,atp_daily_snapshot
2026-04-17,2026-04-17T06:12:12Z,K. Jacquet,149,423,,atp_daily_snapshot
2026-04-17,2026-04-17T06:12:12Z,Kyrian Jacquet,149,423,24.0,atp_daily_snapshot
2026-04-17,2026-04-17T06:12:12Z,N. Mejia,150,423,,atp_daily_snapshot
2026-04-17,2026-04-17T06:12:12Z,Nicolas Mejia,150,423,26.0,atp_daily_snapshot
2026-04-17,2026-04-17T06:12:12Z,P. Llamas Ruiz,151,419,,atp_daily_snapshot
2026-04-17,2026-04-17T06:12:12Z,Pablo Llamas Ruiz,151,419,23.0,atp_daily_snapshot
2026-04-17,2026-04-17T06:12:12Z,M. Zheng,152,414,,atp_daily_snapshot
2026-04-17,2026-04-17T06:12:12Z,Michael Zheng,152,414,22.0,atp_daily_snapshot
2026-04-17,2026-04-17T06:12:12Z,L. Harris,153,413,,atp_daily_snapshot
2026-04-17,2026-04-17T06:12:12Z,Lloyd Harris,153,413,29.0,atp_daily_snapshot
2026-04-17,2026-04-17T06:12:12Z,A. Bolt,154,407,,atp_daily_snapshot
2026-04-17,2026-04-17T06:12:12Z,Alex Bolt,154,407,33.0,atp_daily_snapshot
2026-04-17,2026-04-17T06:12:12Z,N. Jarry,155,403,,atp_daily_snapshot
2026-04-17,2026-04-17T06:12:12Z,Nicolas Jarry,155,403,30.0,atp_daily_snapshot
2026-04-17,2026-04-17T06:12:12Z,H. Dellien,156,403,,atp_daily_snapshot
2026-04-17,2026-04-17T06:12:12Z,Hugo Dellien,156,403,32.0,atp_daily_snapshot
2026-04-17,2026-04-17T06:12:12Z,L. Draxl,157,402,,atp_daily_snapshot
2026-04-17,2026-04-17T06:12:12Z,Liam Draxl,157,402,24.0,atp_daily_snapshot
2026-04-17,2026-04-17T06:12:12Z,L. Klein,158,386,,atp_daily_snapshot
2026-04-17,2026-04-17T06:12:12Z,Lukas Klein,158,386,28.0,atp_daily_snapshot
2026-04-17,2026-04-17T06:12:12Z,C. Tseng,159,383,,atp_daily_snapshot
2026-04-17,2026-04-17T06:12:12Z,Chun-Hsin Tseng,159,383,24.0,atp_daily_snapshot
2026-04-17,2026-04-17T06:12:12Z,U. Blanchet,160,381,,atp_daily_snapshot
2026-04-17,2026-04-17T06:12:12Z,Ugo Blanchet,160,381,27.0,atp_daily_snapshot
2026-04-17,2026-04-17T06:12:12Z,R. Sakamoto,161,381,,atp_daily_snapshot
2026-04-17,2026-04-17T06:12:12Z,Rei Sakamoto,161,381,19.0,atp_daily_snapshot
2026-04-17,2026-04-17T06:12:12Z,A. Fery,162,380,,atp_daily_snapshot
2026-04-17,2026-04-17T06:12:12Z,Arthur Fery,162,380,23.0,atp_daily_snapshot
2026-04-17,2026-04-17T06:12:12Z,T. Samuel,163,378,,atp_daily_snapshot
2026-04-17,2026-04-17T06:12:12Z,Toby Samuel,163,378,23.0,atp_daily_snapshot
2026-04-17,2026-04-17T06:12:12Z,J. Rodionov,164,378,,atp_daily_snapshot
2026-04-17,2026-04-17T06:12:12Z,Jurij Rodionov,164,378,26.0,atp_daily_snapshot
2026-04-17,2026-04-17T06:12:12Z,M. Lajal,165,377,,atp_daily_snapshot
2026-04-17,2026-04-17T06:12:12Z,Mark Lajal,165,377,22.0,atp_daily_snapshot
2026-04-17,2026-04-17T06:12:12Z,A. Molcan,166,376,,atp_daily_snapshot
2026-04-17,2026-04-17T06:12:12Z,Alex Molcan,166,376,28.0,atp_daily_snapshot
2026-04-17,2026-04-17T06:12:12Z,G. Zeppieri,167,374,,atp_daily_snapshot
2026-04-17,2026-04-17T06:12:12Z,Giulio Zeppieri,167,374,24.0,atp_daily_snapshot
2026-04-17,2026-04-17T06:12:12Z,A. Barrena,168,362,,atp_daily_snapshot
2026-04-17,2026-04-17T06:12:12Z,Alex Barrena,168,362,23.0,atp_daily_snapshot
2026-04-17,2026-04-17T06:12:12Z,L. Riedi,169,359,,atp_daily_snapshot
2026-04-17,2026-04-17T06:12:12Z,Leandro Riedi,169,359,24.0,atp_daily_snapshot
2026-04-17,2026-04-17T06:12:12Z,J. Kym,170,354,,atp_daily_snapshot
2026-04-17,2026-04-17T06:12:12Z,Jerome Kym,170,354,23.0,atp_daily_snapshot
2026-04-17,2026-04-17T06:12:12Z,Y. Nishioka,171,351,,atp_daily_snapshot
2026-04-17,2026-04-17T06:12:12Z,Yoshihito Nishioka,171,351,30.0,atp_daily_snapshot
2026-04-17,2026-04-17T06:12:12Z,E. Ymer,172,349,,atp_daily_snapshot
2026-04-17,2026-04-17T06:12:12Z,Elias Ymer,172,349,30.0,atp_daily_snapshot
2026-04-17,2026-04-17T06:12:12Z,J. Schwaerzler,173,348,,atp_daily_snapshot
2026-04-17,2026-04-17T06:12:12Z,Joel Schwaerzler,173,348,20.0,atp_daily_snapshot
2026-04-17,2026-04-17T06:12:12Z,N. Basavareddy,174,343,,atp_daily_snapshot
2026-04-17,2026-04-17T06:12:12Z,Nishesh Basavareddy,174,343,20.0,atp_daily_snapshot
2026-04-17,2026-04-17T06:12:12Z,Y. Bu,175,342,,atp_daily_snapshot
2026-04-17,2026-04-17T06:12:12Z,Yunchaokete Bu,175,342,24.0,atp_daily_snapshot
2026-04-17,2026-04-17T06:12:12Z,C. Chidekh,176,339,,atp_daily_snapshot
2026-04-17,2026-04-17T06:12:12Z,Clement Chidekh,176,339,24.0,atp_daily_snapshot
2026-04-17,2026-04-17T06:12:12Z,D. Glinka,177,338,,atp_daily_snapshot
2026-04-17,2026-04-17T06:12:12Z,Daniil Glinka,177,338,25.0,atp_daily_snapshot
2026-04-17,2026-04-17T06:12:12Z,F. Diaz Acosta,178,336,,atp_daily_snapshot
2026-04-17,2026-04-17T06:12:12Z,Facundo Diaz Acosta,178,336,25.0,atp_daily_snapshot
2026-04-17,2026-04-17T06:12:12Z,D. Goffin,179,335,,atp_daily_snapshot
2026-04-17,2026-04-17T06:12:12Z,David Goffin,179,335,35.0,atp_daily_snapshot
2026-04-17,2026-04-17T06:12:12Z,L. Mikrut,180,335,,atp_daily_snapshot
2026-04-17,2026-04-17T06:12:12Z,Luka Mikrut,180,335,21.0,atp_daily_snapshot
2026-04-17,2026-04-17T06:12:12Z,G. Den Ouden,181,333,,atp_daily_snapshot
2026-04-17,2026-04-17T06:12:12Z,Guy Den Ouden,181,333,24.0,atp_daily_snapshot
2026-04-17,2026-04-17T06:12:12Z,Z. Kolar,182,331,,atp_daily_snapshot
2026-04-17,2026-04-17T06:12:12Z,Zdenek Kolar,182,331,29.0,atp_daily_snapshot
2026-04-17,2026-04-17T06:12:12Z,H. Mayot,183,328,,atp_daily_snapshot
2026-04-17,2026-04-17T06:12:12Z,Harold Mayot,183,328,24.0,atp_daily_snapshot
2026-04-17,2026-04-17T06:12:12Z,J. Engel,184,323,,atp_daily_snapshot
2026-04-17,2026-04-17T06:12:12Z,Justin Engel,184,323,18.0,atp_daily_snapshot
2026-04-17,2026-04-17T06:12:12Z,F. Gomez,185,322,,atp_daily_snapshot
2026-04-17,2026-04-17T06:12:12Z,Federico Agustin Gomez,185,322,29.0,atp_daily_snapshot
2026-04-17,2026-04-17T06:12:12Z,M. Cecchinato,186,322,,atp_daily_snapshot
2026-04-17,2026-04-17T06:12:12Z,Marco Cecchinato,186,322,33.0,atp_daily_snapshot
2026-04-17,2026-04-17T06:12:12Z,G. Bueno,187,319,,atp_daily_snapshot
2026-04-17,2026-04-17T06:12:12Z,Gonzalo Bueno,187,319,22.0,atp_daily_snapshot
2026-04-17,2026-04-17T06:12:12Z,A. Holmgren,188,311,,atp_daily_snapshot
2026-04-17,2026-04-17T06:12:12Z,August Holmgren,188,311,27.0,atp_daily_snapshot
2026-04-17,2026-04-17T06:12:12Z,C. Smith,189,308,,atp_daily_snapshot
2026-04-17,2026-04-17T06:12:12Z,Colton Smith,189,308,23.0,atp_daily_snapshot
2026-04-17,2026-04-17T06:12:12Z,J. Ficovich,190,306,,atp_daily_snapshot
2026-04-17,2026-04-17T06:12:12Z,Juan Pablo Ficovich,190,306,29.0,atp_daily_snapshot
2026-04-17,2026-04-17T06:12:12Z,B. Tomic,191,305,,atp_daily_snapshot
2026-04-17,2026-04-17T06:12:12Z,Bernard Tomic,191,305,33.0,atp_daily_snapshot
2026-04-17,2026-04-17T06:12:12Z,M. Gigante,192,303,,atp_daily_snapshot
2026-04-17,2026-04-17T06:12:12Z,Matteo Gigante,192,303,24.0,atp_daily_snapshot
2026-04-17,2026-04-17T06:12:12Z,L. Neumayer,193,303,,atp_daily_snapshot
2026-04-17,2026-04-17T06:12:12Z,Lukas Neumayer,193,303,23.0,atp_daily_snapshot
2026-04-17,2026-04-17T06:12:12Z,J. Clarke,194,301,,atp_daily_snapshot
2026-04-17,2026-04-17T06:12:12Z,Jay Clarke,194,301,27.0,atp_daily_snapshot
2026-04-17,2026-04-17T06:12:12Z,T. Skatov,195,300,,atp_daily_snapshot
2026-04-17,2026-04-17T06:12:12Z,Timofey Skatov,195,300,25.0,atp_daily_snapshot
2026-04-17,2026-04-17T06:12:12Z,C. Tabur,196,297,,atp_daily_snapshot
2026-04-17,2026-04-17T06:12:12Z,Clement Tabur,196,297,26.0,atp_daily_snapshot
2026-04-17,2026-04-17T06:12:12Z,J. Prado Angelo,197,297,,atp_daily_snapshot
2026-04-17,2026-04-17T06:12:12Z,Juan Carlos Prado Angelo,197,297,21.0,atp_daily_snapshot
2026-04-17,2026-04-17T06:12:12Z,G. Olivieri,198,292,,atp_daily_snapshot
2026-04-17,2026-04-17T06:12:12Z,Genaro Alberto Olivieri,198,292,27.0,atp_daily_snapshot
2026-04-17,2026-04-17T06:12:12Z,R. Bertola,199,292,,atp_daily_snapshot
2026-04-17,2026-04-17T06:12:12Z,Remy Bertola,199,292,27.0,atp_daily_snapshot
2026-04-17,2026-04-17T06:12:12Z,G. Monfils,200,290,,atp_daily_snapshot
2026-04-17,2026-04-17T06:12:12Z,Gael Monfils,200,290,39.0,atp_daily_snapshot
2026-04-17,2026-04-17T06:12:12Z,D. Evans,201,288,,atp_daily_snapshot
2026-04-17,2026-04-17T06:12:12Z,Daniel Evans,201,288,35.0,atp_daily_snapshot
2026-04-17,2026-04-17T06:12:12Z,R. Carballes Baena,202,286,,atp_daily_snapshot
2026-04-17,2026-04-17T06:12:12Z,Roberto Carballes Baena,202,286,33.0,atp_daily_snapshot
2026-04-17,2026-04-17T06:12:12Z,A. Galarneau,203,286,,atp_daily_snapshot
2026-04-17,2026-04-17T06:12:12Z,Alexis Galarneau,203,286,27.0,atp_daily_snapshot
2026-04-17,2026-04-17T06:12:12Z,F. Cina,204,285,,atp_daily_snapshot
2026-04-17,2026-04-17T06:12:12Z,Federico Cina,204,285,19.0,atp_daily_snapshot
2026-04-17,2026-04-17T06:12:12Z,M. Dodig,205,285,,atp_daily_snapshot
2026-04-17,2026-04-17T06:12:12Z,Matej Dodig,205,285,20.0,atp_daily_snapshot
2026-04-17,2026-04-17T06:12:12Z,G. Bailly,206,284,,atp_daily_snapshot
2026-04-17,2026-04-17T06:12:12Z,Gilles Arnaud Bailly,206,284,20.0,atp_daily_snapshot
2026-04-17,2026-04-17T06:12:12Z,L. Giustino,207,283,,atp_daily_snapshot
2026-04-17,2026-04-17T06:12:12Z,Lorenzo Giustino,207,283,34.0,atp_daily_snapshot
2026-04-17,2026-04-17T06:12:12Z,V. Sachko,208,282,,atp_daily_snapshot
2026-04-17,2026-04-17T06:12:12Z,Vitaliy Sachko,208,282,28.0,atp_daily_snapshot
2026-04-17,2026-04-17T06:12:12Z,H. Grenier,209,280,,atp_daily_snapshot
2026-04-17,2026-04-17T06:12:12Z,Hugo Grenier,209,280,30.0,atp_daily_snapshot
2026-04-17,2026-04-17T06:12:12Z,G. Heide,210,278,,atp_daily_snapshot
2026-04-17,2026-04-17T06:12:12Z,Gustavo Heide,210,278,24.0,atp_daily_snapshot
2026-04-17,2026-04-17T06:12:12Z,J. Reis Da Silva,211,275,,atp_daily_snapshot
2026-04-17,2026-04-17T06:12:12Z,Joao Lucas Reis Da Silva,211,275,26.0,atp_daily_snapshot
2026-04-17,2026-04-17T06:12:12Z,S. Sakellaridis,212,273,,atp_daily_snapshot
2026-04-17,2026-04-17T06:12:12Z,Stefanos Sakellaridis,212,273,21.0,atp_daily_snapshot
2026-04-17,2026-04-17T06:12:12Z,Y. Hsu,213,273,,atp_daily_snapshot
2026-04-17,2026-04-17T06:12:12Z,Yu Hsiou Hsu,213,273,27.0,atp_daily_snapshot
2026-04-17,2026-04-17T06:12:12Z,L. Djere,214,272,,atp_daily_snapshot
2026-04-17,2026-04-17T06:12:12Z,Laslo Djere,214,272,30.0,atp_daily_snapshot
2026-04-17,2026-04-17T06:12:12Z,R. Noguchi,215,271,,atp_daily_snapshot
2026-04-17,2026-04-17T06:12:12Z,Rio Noguchi,215,271,27.0,atp_daily_snapshot
2026-04-17,2026-04-17T06:12:12Z,L. Midon,216,271,,atp_daily_snapshot
2026-04-17,2026-04-17T06:12:12Z,Lautaro Midon,216,271,22.0,atp_daily_snapshot
2026-04-17,2026-04-17T06:12:12Z,A. Andrade,217,270,,atp_daily_snapshot
2026-04-17,2026-04-17T06:12:12Z,Andy Andrade,217,270,27.0,atp_daily_snapshot
2026-04-17,2026-04-17T06:12:12Z,D. Added,218,265,,atp_daily_snapshot
2026-04-17,2026-04-17T06:12:12Z,Dan Added,218,265,27.0,atp_daily_snapshot
2026-04-17,2026-04-17T06:12:12Z,I. Simakin,219,264,,atp_daily_snapshot
2026-04-17,2026-04-17T06:12:12Z,Ilia Simakin,219,264,22.0,atp_daily_snapshot
2026-04-17,2026-04-17T06:12:12Z,Y. Zhou,220,263,,atp_daily_snapshot
2026-04-17,2026-04-17T06:12:12Z,Yi Zhou,220,263,21.0,atp_daily_snapshot
2026-04-17,2026-04-17T06:12:12Z,L. Pavlovic,221,261,,atp_daily_snapshot
2026-04-17,2026-04-17T06:12:12Z,Luka Pavlovic,221,261,26.0,atp_daily_snapshot
2026-04-17,2026-04-17T06:12:12Z,O. Crawford,222,253,,atp_daily_snapshot
2026-04-17,2026-04-17T06:12:12Z,Oliver Crawford,222,253,26.0,atp_daily_snapshot
2026-04-17,2026-04-17T06:12:12Z,H. Wendelken,223,253,,atp_daily_snapshot
2026-04-17,2026-04-17T06:12:12Z,Harry Wendelken,223,253,24.0,atp_daily_snapshot
2026-04-17,2026-04-17T06:12:12Z,P. Herbert,224,250,,atp_daily_snapshot
2026-04-17,2026-04-17T06:12:12Z,Pierre-Hugues Herbert,224,250,35.0,atp_daily_snapshot
2026-04-17,2026-04-17T06:12:12Z,A. Guillen Meza,225,250,,atp_daily_snapshot
2026-04-17,2026-04-17T06:12:12Z,Alvaro Guillen Meza,225,250,23.0,atp_daily_snapshot
2026-04-17,2026-04-17T06:12:12Z,R. Safiullin,226,248,,atp_daily_snapshot
2026-04-17,2026-04-17T06:12:12Z,Roman Safiullin,226,248,28.0,atp_daily_snapshot
2026-04-17,2026-04-17T06:12:12Z,B. Coric,227,248,,atp_daily_snapshot
2026-04-17,2026-04-17T06:12:12Z,Borna Coric,227,248,29.0,atp_daily_snapshot
2026-04-17,2026-04-17T06:12:12Z,F. Gill,228,247,,atp_daily_snapshot
2026-04-17,2026-04-17T06:12:12Z,Felix Gill,228,247,23.0,atp_daily_snapshot
2026-04-17,2026-04-17T06:12:12Z,P. Boscardin Dias,229,247,,atp_daily_snapshot
2026-04-17,2026-04-17T06:12:12Z,Pedro Boscardin Dias,229,247,23.0,atp_daily_snapshot
2026-04-17,2026-04-17T06:12:12Z,K. Coppejans,230,245,,atp_daily_snapshot
2026-04-17,2026-04-17T06:12:12Z,Kimmer Coppejans,230,245,32.0,atp_daily_snapshot
2026-04-17,2026-04-17T06:12:12Z,T. Gentzsch,231,244,,atp_daily_snapshot
2026-04-17,2026-04-17T06:12:12Z,Tom Gentzsch,231,244,22.0,atp_daily_snapshot
2026-04-17,2026-04-17T06:12:12Z,G. Cadenasso,232,243,,atp_daily_snapshot
2026-04-17,2026-04-17T06:12:12Z,Gianluca Cadenasso,232,243,21.0,atp_daily_snapshot
2026-04-17,2026-04-17T06:12:12Z,J. Kubler,233,240,,atp_daily_snapshot
2026-04-17,2026-04-17T06:12:12Z,Jason Kubler,233,240,32.0,atp_daily_snapshot
2026-04-17,2026-04-17T06:12:12Z,A. Moro Canas,234,239,,atp_daily_snapshot
2026-04-17,2026-04-17T06:12:12Z,Alejandro Moro Canas,234,239,25.0,atp_daily_snapshot
2026-04-17,2026-04-17T06:12:12Z,J. McCabe,235,237,,atp_daily_snapshot
2026-04-17,2026-04-17T06:12:12Z,James McCabe,235,237,22.0,atp_daily_snapshot
2026-04-17,2026-04-17T06:12:12Z,A. Collarini,236,236,,atp_daily_snapshot
2026-04-17,2026-04-17T06:12:12Z,Andrea Collarini,236,236,34.0,atp_daily_snapshot
2026-04-17,2026-04-17T06:12:12Z,N. Fatic,237,234,,atp_daily_snapshot
2026-04-17,2026-04-17T06:12:12Z,Nerman Fatic,237,234,31.0,atp_daily_snapshot
2026-04-17,2026-04-17T06:12:12Z,K. Uchida,238,234,,atp_daily_snapshot
2026-04-17,2026-04-17T06:12:12Z,Kaichi Uchida,238,234,31.0,atp_daily_snapshot
2026-04-17,2026-04-17T06:12:12Z,Y. Watanuki,239,233,,atp_daily_snapshot
2026-04-17,2026-04-17T06:12:12Z,Yosuke Watanuki,239,233,28.0,atp_daily_snapshot
2026-04-17,2026-04-17T06:12:12Z,S. Napolitano,240,232,,atp_daily_snapshot
2026-04-17,2026-04-17T06:12:12Z,Stefano Napolitano,240,232,31.0,atp_daily_snapshot
2026-04-17,2026-04-17T06:12:12Z,F. Ferreira Silva,241,231,,atp_daily_snapshot
2026-04-17,2026-04-17T06:12:12Z,Frederico Ferreira Silva,241,231,31.0,atp_daily_snapshot
2026-04-17,2026-04-17T06:12:12Z,Z. Zhang,242,230,,atp_daily_snapshot
2026-04-17,2026-04-17T06:12:12Z,Zhizhen Zhang,242,230,29.0,atp_daily_snapshot
2026-04-17,2026-04-17T06:12:12Z,T. Boyer,243,228,,atp_daily_snapshot
2026-04-17,2026-04-17T06:12:12Z,Tristan Boyer,243,228,24.0,atp_daily_snapshot
2026-04-17,2026-04-17T06:12:12Z,F. Sun,244,228,,atp_daily_snapshot
2026-04-17,2026-04-17T06:12:12Z,Fajing Sun,244,228,29.0,atp_daily_snapshot
2026-04-17,2026-04-17T06:12:12Z,D. Galan,245,226,,atp_daily_snapshot
2026-04-17,2026-04-17T06:12:12Z,Daniel Elahi Galan,245,226,29.0,atp_daily_snapshot
2026-04-17,2026-04-17T06:12:12Z,D. Blanch,246,226,,atp_daily_snapshot
2026-04-17,2026-04-17T06:12:12Z,Darwin Blanch,246,226,18.0,atp_daily_snapshot
2026-04-17,2026-04-17T06:12:12Z,G. Onclin,247,225,,atp_daily_snapshot
2026-04-17,2026-04-17T06:12:12Z,Gauthier Onclin,247,225,25.0,atp_daily_snapshot
2026-04-17,2026-04-17T06:12:12Z,G. Loffhagen,248,223,,atp_daily_snapshot
2026-04-17,2026-04-17T06:12:12Z,George Loffhagen,248,223,24.0,atp_daily_snapshot
2026-04-17,2026-04-17T06:12:12Z,C. Broom,249,223,,atp_daily_snapshot
2026-04-17,2026-04-17T06:12:12Z,Charles Broom,249,223,27.0,atp_daily_snapshot
2026-04-17,2026-04-17T06:12:12Z,L. Broady,250,223,,atp_daily_snapshot
2026-04-17,2026-04-17T06:12:12Z,Liam Broady,250,223,32.0,atp_daily_snapshot
2026-04-17,2026-04-17T06:12:12Z,T. Seyboth Wild,251,222,,atp_daily_snapshot
2026-04-17,2026-04-17T06:12:12Z,Thiago Seyboth Wild,251,222,26.0,atp_daily_snapshot
2026-04-17,2026-04-17T06:12:12Z,R. Brancaccio,252,219,,atp_daily_snapshot
2026-04-17,2026-04-17T06:12:12Z,Raul Brancaccio,252,219,28.0,atp_daily_snapshot
2026-04-17,2026-04-17T06:12:12Z,M. Cassone,253,216,,atp_daily_snapshot
2026-04-17,2026-04-17T06:12:12Z,Murphy Cassone,253,216,23.0,atp_daily_snapshot
2026-04-17,2026-04-17T06:12:12Z,H. Squire,254,216,,atp_daily_snapshot
2026-04-17,2026-04-17T06:12:12Z,Henri Squire,254,216,25.0,atp_daily_snapshot
2026-04-17,2026-04-17T06:12:12Z,S. Rodriguez Taverna,255,215,,atp_daily_snapshot
2026-04-17,2026-04-17T06:12:12Z,Santiago Rodriguez Taverna,255,215,26.0,atp_daily_snapshot
2026-04-17,2026-04-17T06:12:12Z,B. Holt,256,213,,atp_daily_snapshot
2026-04-17,2026-04-17T06:12:12Z,Brandon Holt,256,213,28.0,atp_daily_snapshot
2026-04-17,2026-04-17T06:12:12Z,M. Houkes,257,213,,atp_daily_snapshot
2026-04-17,2026-04-17T06:12:12Z,Max Houkes,257,213,25.0,atp_daily_snapshot
2026-04-17,2026-04-17T06:12:12Z,D. Dedura,258,210,,atp_daily_snapshot
2026-04-17,2026-04-17T06:12:12Z,Diego Dedura,258,210,18.0,atp_daily_snapshot
2026-04-17,2026-04-17T06:12:12Z,S. Kozlov,259,209,,atp_daily_snapshot
2026-04-17,2026-04-17T06:12:12Z,Stefan Kozlov,259,209,28.0,atp_daily_snapshot
2026-04-17,2026-04-17T06:12:12Z,M. Topo,260,208,,atp_daily_snapshot
2026-04-17,2026-04-17T06:12:12Z,Marko Topo,260,208,22.0,atp_daily_snapshot
2026-04-17,2026-04-17T06:12:12Z,G. Justo,261,208,,atp_daily_snapshot
2026-04-17,2026-04-17T06:12:12Z,Guido Ivan Justo,261,208,28.0,atp_daily_snapshot
2026-04-17,2026-04-17T06:12:12Z,P. Kotov,262,207,,atp_daily_snapshot
2026-04-17,2026-04-17T06:12:12Z,Pavel Kotov,262,207,27.0,atp_daily_snapshot
2026-04-17,2026-04-17T06:12:12Z,J. Shang,263,205,,atp_daily_snapshot
2026-04-17,2026-04-17T06:12:12Z,Juncheng Shang,263,205,21.0,atp_daily_snapshot
2026-04-17,2026-04-17T06:12:12Z,M. Mmoh,264,205,,atp_daily_snapshot
2026-04-17,2026-04-17T06:12:12Z,Michael Mmoh,264,205,28.0,atp_daily_snapshot
2026-04-17,2026-04-17T06:12:12Z,R. Pacheco Mendez,265,204,,atp_daily_snapshot
2026-04-17,2026-04-17T06:12:12Z,Rodrigo Pacheco Mendez,265,204,20.0,atp_daily_snapshot
2026-04-17,2026-04-17T06:12:12Z,E. Butvilas,266,203,,atp_daily_snapshot
2026-04-17,2026-04-17T06:12:12Z,Edas Butvilas,266,203,21.0,atp_daily_snapshot
2026-04-17,2026-04-17T06:12:12Z,S. Gueymard Wayenburg,267,203,,atp_daily_snapshot
2026-04-17,2026-04-17T06:12:12Z,Sascha Gueymard Wayenburg,267,203,22.0,atp_daily_snapshot
2026-04-17,2026-04-17T06:12:12Z,I. Gakhov,268,202,,atp_daily_snapshot
2026-04-17,2026-04-17T06:12:12Z,Ivan Gakhov,268,202,29.0,atp_daily_snapshot
2026-04-17,2026-04-17T06:12:12Z,D. Michalski,269,197,,atp_daily_snapshot
2026-04-17,2026-04-17T06:12:12Z,Daniel Michalski,269,197,26.0,atp_daily_snapshot
2026-04-17,2026-04-17T06:12:12Z,S. Dostanic,270,196,,atp_daily_snapshot
2026-04-17,2026-04-17T06:12:12Z,Stefan Dostanic,270,196,24.0,atp_daily_snapshot
2026-04-17,2026-04-17T06:12:12Z,M. Krueger,271,195,,atp_daily_snapshot
2026-04-17,2026-04-17T06:12:12Z,Mitchell Krueger,271,195,32.0,atp_daily_snapshot
2026-04-17,2026-04-17T06:12:12Z,J. Monday,272,195,,atp_daily_snapshot
2026-04-17,2026-04-17T06:12:12Z,Johannus Monday,272,195,24.0,atp_daily_snapshot
2026-04-17,2026-04-17T06:12:12Z,M. Damas,273,195,,atp_daily_snapshot
2026-04-17,2026-04-17T06:12:12Z,Miguel Damas,273,195,26.0,atp_daily_snapshot
2026-04-17,2026-04-17T06:12:12Z,A. Martin,274,194,,atp_daily_snapshot
2026-04-17,2026-04-17T06:12:12Z,Andres Martin,274,194,24.0,atp_daily_snapshot
2026-04-17,2026-04-17T06:12:12Z,F. Jianu,275,194,,atp_daily_snapshot
2026-04-17,2026-04-17T06:12:12Z,Filip Cristian Jianu,275,194,24.0,atp_daily_snapshot
2026-04-17,2026-04-17T06:12:12Z,F. Roncadelli,276,193,,atp_daily_snapshot
2026-04-17,2026-04-17T06:12:12Z,Franco Roncadelli,276,193,26.0,atp_daily_snapshot
2026-04-17,2026-04-17T06:12:12Z,F. Agamenone,277,192,,atp_daily_snapshot
2026-04-17,2026-04-17T06:12:12Z,Franco Agamenone,277,192,32.0,atp_daily_snapshot
2026-04-17,2026-04-17T06:12:12Z,T. Monteiro,278,191,,atp_daily_snapshot
2026-04-17,2026-04-17T06:12:12Z,Thiago Monteiro,278,191,31.0,atp_daily_snapshot
2026-04-17,2026-04-17T06:12:12Z,Y. Uchiyama,279,191,,atp_daily_snapshot
2026-04-17,2026-04-17T06:12:12Z,Yasutaka Uchiyama,279,191,33.0,atp_daily_snapshot
2026-04-17,2026-04-17T06:12:12Z,E. Coulibaly,280,191,,atp_daily_snapshot
2026-04-17,2026-04-17T06:12:12Z,Eliakim Coulibaly,280,191,23.0,atp_daily_snapshot
2026-04-17,2026-04-17T06:12:12Z,F. Bax,281,191,,atp_daily_snapshot
2026-04-17,2026-04-17T06:12:12Z,Florent Bax,281,191,26.0,atp_daily_snapshot
2026-04-17,2026-04-17T06:12:12Z,D. Rincon,282,189,,atp_daily_snapshot
2026-04-17,2026-04-17T06:12:12Z,Daniel Rincon,282,189,23.0,atp_daily_snapshot
2026-04-17,2026-04-17T06:12:12Z,M. Kukushkin,283,187,,atp_daily_snapshot
2026-04-17,2026-04-17T06:12:12Z,Mikhail Kukushkin,283,187,38.0,atp_daily_snapshot
2026-04-17,2026-04-17T06:12:12Z,P. Jubb,284,187,,atp_daily_snapshot
2026-04-17,2026-04-17T06:12:12Z,Paul Jubb,284,187,26.0,atp_daily_snapshot
2026-04-17,2026-04-17T06:12:12Z,M. Ribecai,285,185,,atp_daily_snapshot
2026-04-17,2026-04-17T06:12:12Z,Michele Ribecai,285,185,23.0,atp_daily_snapshot
2026-04-17,2026-04-17T06:12:12Z,M. Geerts,286,185,,atp_daily_snapshot
2026-04-17,2026-04-17T06:12:12Z,Michael Geerts,286,185,31.0,atp_daily_snapshot
2026-04-17,2026-04-17T06:12:12Z,D. Ajdukovic,287,183,,atp_daily_snapshot
2026-04-17,2026-04-17T06:12:12Z,Duje Ajdukovic,287,183,25.0,atp_daily_snapshot
2026-04-17,2026-04-17T06:12:12Z,A. Nedic,288,182,,atp_daily_snapshot
2026-04-17,2026-04-17T06:12:12Z,Andrej Nedic,288,182,21.0,atp_daily_snapshot
2026-04-17,2026-04-17T06:12:12Z,M. Dellien,289,182,,atp_daily_snapshot
2026-04-17,2026-04-17T06:12:12Z,Murkel Dellien,289,182,28.0,atp_daily_snapshot
2026-04-17,2026-04-17T06:12:12Z,R. Bertrand,290,182,,atp_daily_snapshot
2026-04-17,2026-04-17T06:12:12Z,Robin Bertrand,290,182,23.0,atp_daily_snapshot
2026-04-17,2026-04-17T06:12:12Z,R. Peniston,291,180,,atp_daily_snapshot
2026-04-17,2026-04-17T06:12:12Z,Ryan Peniston,291,180,30.0,atp_daily_snapshot
2026-04-17,2026-04-17T06:12:12Z,S. Nagal,292,179,,atp_daily_snapshot
2026-04-17,2026-04-17T06:12:12Z,Sumit Nagal,292,179,28.0,atp_daily_snapshot
2026-04-17,2026-04-17T06:12:12Z,I. Marcondes,293,179,,atp_daily_snapshot
2026-04-17,2026-04-17T06:12:12Z,Igor Marcondes,293,179,28.0,atp_daily_snapshot
2026-04-17,2026-04-17T06:12:12Z,N. Sanchez Izquierdo,294,178,,atp_daily_snapshot
2026-04-17,2026-04-17T06:12:12Z,Nikolas Sanchez Izquierdo,294,178,27.0,atp_daily_snapshot
2026-04-17,2026-04-17T06:12:12Z,J. Varillas,295,176,,atp_daily_snapshot
2026-04-17,2026-04-17T06:12:12Z,Juan Pablo Varillas,295,176,30.0,atp_daily_snapshot
2026-04-17,2026-04-17T06:12:12Z,H. Barton,296,176,,atp_daily_snapshot
2026-04-17,2026-04-17T06:12:12Z,Hynek Barton,296,176,22.0,atp_daily_snapshot
2026-04-17,2026-04-17T06:12:12Z,F. Mena,297,174,,atp_daily_snapshot
2026-04-17,2026-04-17T06:12:12Z,Facundo Mena,297,174,33.0,atp_daily_snapshot
2026-04-17,2026-04-17T06:12:12Z,A. Shelbayh,298,172,,atp_daily_snapshot
2026-04-17,2026-04-17T06:12:12Z,Abdullah Shelbayh,298,172,22.0,atp_daily_snapshot
2026-04-17,2026-04-17T06:12:12Z,T. Pereira,299,172,,atp_daily_snapshot
2026-04-17,2026-04-17T06:12:12Z,Tiago Pereira,299,172,21.0,atp_daily_snapshot
2026-04-17,2026-04-17T06:12:12Z,P. Henning,300,170,,atp_daily_snapshot
2026-04-17,2026-04-17T06:12:12Z,Philip Henning,300,170,25.0,atp_daily_snapshot
2026-04-17,2026-04-17T06:12:12Z,K. Smith,301,170,,atp_daily_snapshot
2026-04-17,2026-04-17T06:12:12Z,Keegan Smith,301,170,27.0,atp_daily_snapshot
2026-04-17,2026-04-17T06:12:12Z,D. Stricker,302,169,,atp_daily_snapshot
2026-04-17,2026-04-17T06:12:12Z,Dominic Stricker,302,169,23.0,atp_daily_snapshot
2026-04-17,2026-04-17T06:12:12Z,M. Mrva,303,167,,atp_daily_snapshot
2026-04-17,2026-04-17T06:12:12Z,Maxim Mrva,303,167,18.0,atp_daily_snapshot
2026-04-17,2026-04-17T06:12:12Z,M. Soto,304,167,,atp_daily_snapshot
2026-04-17,2026-04-17T06:12:12Z,Matias Soto,304,167,26.0,atp_daily_snapshot
2026-04-17,2026-04-17T06:12:12Z,B. Zhukayev,305,165,,atp_daily_snapshot
2026-04-17,2026-04-17T06:12:12Z,Beibit Zhukayev,305,165,25.0,atp_daily_snapshot
2026-04-17,2026-04-17T06:12:12Z,L. Marmousez,306,165,,atp_daily_snapshot
2026-04-17,2026-04-17T06:12:12Z,Lilian Marmousez,306,165,24.0,atp_daily_snapshot
2026-04-17,2026-04-17T06:12:12Z,J. Forejtek,307,165,,atp_daily_snapshot
2026-04-17,2026-04-17T06:12:12Z,Jonas Forejtek,307,165,25.0,atp_daily_snapshot
2026-04-17,2026-04-17T06:12:12Z,D. Kuzmanov,308,165,,atp_daily_snapshot
2026-04-17,2026-04-17T06:12:12Z,Dimitar Kuzmanov,308,165,32.0,atp_daily_snapshot
2026-04-17,2026-04-17T06:12:12Z,P. Martin Tiffon,309,163,,atp_daily_snapshot
2026-04-17,2026-04-17T06:12:12Z,Pol Martin Tiffon,309,163,26.0,atp_daily_snapshot
2026-04-17,2026-04-17T06:12:12Z,M. Poljicak,310,163,,atp_daily_snapshot
2026-04-17,2026-04-17T06:12:12Z,Mili Poljicak,310,163,21.0,atp_daily_snapshot
2026-04-17,2026-04-17T06:12:12Z,A. Martinez,311,163,,atp_daily_snapshot
2026-04-17,2026-04-17T06:12:12Z,Alex Martinez,311,163,25.0,atp_daily_snapshot
2026-04-17,2026-04-17T06:12:12Z,M. Basing,312,162,,atp_daily_snapshot
2026-04-17,2026-04-17T06:12:12Z,Max Basing,312,162,23.0,atp_daily_snapshot
2026-04-17,2026-04-17T06:12:12Z,S. Kopp,313,162,,atp_daily_snapshot
2026-04-17,2026-04-17T06:12:12Z,Sandro Kopp,313,162,25.0,atp_daily_snapshot
2026-04-17,2026-04-17T06:12:12Z,P. Brunclik,314,161,,atp_daily_snapshot
2026-04-17,2026-04-17T06:12:12Z,Petr Brunclik,314,161,19.0,atp_daily_snapshot
2026-04-17,2026-04-17T06:12:12Z,T. Zink,315,161,,atp_daily_snapshot
2026-04-17,2026-04-17T06:12:12Z,Tyler Zink,315,161,25.0,atp_daily_snapshot
2026-04-17,2026-04-17T06:12:12Z,M. Rosenkranz,316,160,,atp_daily_snapshot
2026-04-17,2026-04-17T06:12:12Z,Mats Rosenkranz,316,160,27.0,atp_daily_snapshot
2026-04-17,2026-04-17T06:12:12Z,M. Krumich,317,159,,atp_daily_snapshot
2026-04-17,2026-04-17T06:12:12Z,Martin Krumich,317,159,23.0,atp_daily_snapshot
2026-04-17,2026-04-17T06:12:12Z,M. Kasnikowski,318,158,,atp_daily_snapshot
2026-04-17,2026-04-17T06:12:12Z,Maks Kasnikowski,318,158,22.0,atp_daily_snapshot
2026-04-17,2026-04-17T06:12:12Z,J. Berrettini,319,158,,atp_daily_snapshot
2026-04-17,2026-04-17T06:12:12Z,Jacopo Berrettini,319,158,27.0,atp_daily_snapshot
2026-04-17,2026-04-17T06:12:12Z,M. Martineau,320,158,,atp_daily_snapshot
2026-04-17,2026-04-17T06:12:12Z,Matteo Martineau,320,158,27.0,atp_daily_snapshot
2026-04-17,2026-04-17T06:12:12Z,A. Gray,321,157,,atp_daily_snapshot
2026-04-17,2026-04-17T06:12:12Z,Alastair Gray,321,157,27.0,atp_daily_snapshot
2026-04-17,2026-04-17T06:12:12Z,A. Ghibaudo,322,157,,atp_daily_snapshot
2026-04-17,2026-04-17T06:12:12Z,Antoine Ghibaudo,322,157,21.0,atp_daily_snapshot
2026-04-17,2026-04-17T06:12:12Z,M. Jones,323,156,,atp_daily_snapshot
2026-04-17,2026-04-17T06:12:12Z,Maximus Jones,323,156,21.0,atp_daily_snapshot
2026-04-17,2026-04-17T06:12:12Z,J. Torres,324,156,,atp_daily_snapshot
2026-04-17,2026-04-17T06:12:12Z,Juan Bautista Torres,324,156,24.0,atp_daily_snapshot
2026-04-17,2026-04-17T06:12:12Z,G. Hussey,325,156,,atp_daily_snapshot
2026-04-17,2026-04-17T06:12:12Z,Giles Hussey,325,156,28.0,atp_daily_snapshot
2026-04-17,2026-04-17T06:12:12Z,R. Tokuda,326,155,,atp_daily_snapshot
2026-04-17,2026-04-17T06:12:12Z,Renta Tokuda,326,155,28.0,atp_daily_snapshot
2026-04-17,2026-04-17T06:12:12Z,F. Bondioli,327,155,,atp_daily_snapshot
2026-04-17,2026-04-17T06:12:12Z,Federico Bondioli,327,155,20.0,atp_daily_snapshot
2026-04-17,2026-04-17T06:12:12Z,S. Purtseladze,328,153,,atp_daily_snapshot
2026-04-17,2026-04-17T06:12:12Z,Saba Purtseladze,328,153,24.0,atp_daily_snapshot
2026-04-17,2026-04-17T06:12:12Z,C. Stebe,329,152,,atp_daily_snapshot
2026-04-17,2026-04-17T06:12:12Z,Cedrik-Marcel Stebe,329,152,35.0,atp_daily_snapshot
2026-04-17,2026-04-17T06:12:12Z,A. Boitan,330,152,,atp_daily_snapshot
2026-04-17,2026-04-17T06:12:12Z,Adrian Boitan,330,152,26.0,atp_daily_snapshot
2026-04-17,2026-04-17T06:12:12Z,B. Bicknell,331,151,,atp_daily_snapshot
2026-04-17,2026-04-17T06:12:12Z,Blaise Bicknell,331,151,24.0,atp_daily_snapshot
2026-04-17,2026-04-17T06:12:12Z,A. Santillan,332,151,,atp_daily_snapshot
2026-04-17,2026-04-17T06:12:12Z,Akira Santillan,332,151,28.0,atp_daily_snapshot
2026-04-17,2026-04-17T06:12:12Z,O. Tarvet,333,150,,atp_daily_snapshot
2026-04-17,2026-04-17T06:12:12Z,Oliver Tarvet,333,150,22.0,atp_daily_snapshot
2026-04-17,2026-04-17T06:12:12Z,B. Hassan,334,150,,atp_daily_snapshot
2026-04-17,2026-04-17T06:12:12Z,Benjamin Hassan,334,150,31.0,atp_daily_snapshot
2026-04-17,2026-04-17T06:12:12Z,S. Kwon,335,150,,atp_daily_snapshot
2026-04-17,2026-04-17T06:12:12Z,Soonwoo Kwon,335,150,28.0,atp_daily_snapshot
2026-04-17,2026-04-17T06:12:12Z,T. Wu,336,150,,atp_daily_snapshot
2026-04-17,2026-04-17T06:12:12Z,Tung-Lin Wu,336,150,27.0,atp_daily_snapshot
2026-04-17,2026-04-17T06:12:12Z,S. Cuenin,337,149,,atp_daily_snapshot
2026-04-17,2026-04-17T06:12:12Z,Sean Cuenin,337,149,22.0,atp_daily_snapshot
2026-04-17,2026-04-17T06:12:12Z,A. Guerrieri,338,149,,atp_daily_snapshot
2026-04-17,2026-04-17T06:12:12Z,Andrea Guerrieri,338,149,27.0,atp_daily_snapshot
2026-04-17,2026-04-17T06:12:12Z,M. Kouame,339,148,,atp_daily_snapshot
2026-04-17,2026-04-17T06:12:12Z,Moise Kouame,339,148,17.0,atp_daily_snapshot
2026-04-17,2026-04-17T06:12:12Z,M. Huesler,340,148,,atp_daily_snapshot
2026-04-17,2026-04-17T06:12:12Z,Marc-Andrea Huesler,340,148,29.0,atp_daily_snapshot
2026-04-17,2026-04-17T06:12:12Z,N. Gombos,341,148,,atp_daily_snapshot
2026-04-17,2026-04-17T06:12:12Z,Norbert Gombos,341,148,35.0,atp_daily_snapshot
2026-04-17,2026-04-17T06:12:12Z,A. Rybakov,342,148,,atp_daily_snapshot
2026-04-17,2026-04-17T06:12:12Z,Alex Rybakov,342,148,29.0,atp_daily_snapshot
2026-04-17,2026-04-17T06:12:12Z,M. Polmans,343,148,,atp_daily_snapshot
2026-04-17,2026-04-17T06:12:12Z,Marc Polmans,343,148,28.0,atp_daily_snapshot
2026-04-17,2026-04-17T06:12:12Z,P. Bar Biryukov,344,148,,atp_daily_snapshot
2026-04-17,2026-04-17T06:12:12Z,Petr Bar Biryukov,344,148,24.0,atp_daily_snapshot
2026-04-17,2026-04-17T06:12:12Z,A. Ilagan,345,148,,atp_daily_snapshot
2026-04-17,2026-04-17T06:12:12Z,Andre Ilagan,345,148,25.0,atp_daily_snapshot
2026-04-17,2026-04-17T06:12:12Z,N. Kicker,346,146,,atp_daily_snapshot
2026-04-17,2026-04-17T06:12:12Z,Nicolas Kicker,346,146,33.0,atp_daily_snapshot
2026-04-17,2026-04-17T06:12:12Z,G. Blancaneaux,347,146,,atp_daily_snapshot
2026-04-17,2026-04-17T06:12:12Z,Geoffrey Blancaneaux,347,146,27.0,atp_daily_snapshot
2026-04-17,2026-04-17T06:12:12Z,J. Trotter,348,145,,atp_daily_snapshot
2026-04-17,2026-04-17T06:12:12Z,James Trotter,348,145,26.0,atp_daily_snapshot
2026-04-17,2026-04-17T06:12:12Z,T. Daniel,349,144,,atp_daily_snapshot
2026-04-17,2026-04-17T06:12:12Z,Taro Daniel,349,144,33.0,atp_daily_snapshot
2026-04-17,2026-04-17T06:12:12Z,Dali Blanch,350,144,23.0,atp_daily_snapshot
2026-04-17,2026-04-17T06:12:12Z,H. Habib,351,143,,atp_daily_snapshot
2026-04-17,2026-04-17T06:12:12Z,Hady Habib,351,143,27.0,atp_daily_snapshot
2026-04-17,2026-04-17T06:12:12Z,M. Alkaya,352,143,,atp_daily_snapshot
2026-04-17,2026-04-17T06:12:12Z,Mert Alkaya,352,143,25.0,atp_daily_snapshot
2026-04-17,2026-04-17T06:12:12Z,F. Andaloro,353,142,,atp_daily_snapshot
2026-04-17,2026-04-17T06:12:12Z,Fabrizio Andaloro,353,142,25.0,atp_daily_snapshot
2026-04-17,2026-04-17T06:12:12Z,P. Sekulic,354,141,,atp_daily_snapshot
2026-04-17,2026-04-17T06:12:12Z,Philip Sekulic,354,141,22.0,atp_daily_snapshot
2026-04-17,2026-04-17T06:12:12Z,C. Hemery,355,141,,atp_daily_snapshot
2026-04-17,2026-04-17T06:12:12Z,Calvin Hemery,355,141,31.0,atp_daily_snapshot
2026-04-17,2026-04-17T06:12:12Z,I. Xilas,356,141,,atp_daily_snapshot
2026-04-17,2026-04-17T06:12:12Z,Ioannis Xilas,356,141,24.0,atp_daily_snapshot
2026-04-17,2026-04-17T06:12:12Z,C. Sanchez Jover,357,141,,atp_daily_snapshot
2026-04-17,2026-04-17T06:12:12Z,Carlos Sanchez Jover,357,141,25.0,atp_daily_snapshot
2026-04-17,2026-04-17T06:12:12Z,M. Erhard,358,139,,atp_daily_snapshot
2026-04-17,2026-04-17T06:12:12Z,Mathys Erhard,358,139,24.0,atp_daily_snapshot
2026-04-17,2026-04-17T06:12:12Z,M. Alcala Gurri,359,138,,atp_daily_snapshot
2026-04-17,2026-04-17T06:12:12Z,Max Alcala Gurri,359,138,23.0,atp_daily_snapshot
2026-04-17,2026-04-17T06:12:12Z,B. Gadamauri,360,137,,atp_daily_snapshot
2026-04-17,2026-04-17T06:12:12Z,Buvaysar Gadamauri,360,137,25.0,atp_daily_snapshot
2026-04-17,2026-04-17T06:12:12Z,T. Paris,361,136,,atp_daily_snapshot
2026-04-17,2026-04-17T06:12:12Z,Tom Paris,361,136,23.0,atp_daily_snapshot
2026-04-17,2026-04-17T06:12:12Z,O. Prihodko,362,136,,atp_daily_snapshot
2026-04-17,2026-04-17T06:12:12Z,Oleg Prihodko,362,136,28.0,atp_daily_snapshot
2026-04-17,2026-04-17T06:12:12Z,J. La Serna,363,135,,atp_daily_snapshot
2026-04-17,2026-04-17T06:12:12Z,Juan Manuel La Serna,363,135,22.0,atp_daily_snapshot
2026-04-17,2026-04-17T06:12:12Z,G. Piraino,364,135,,atp_daily_snapshot
2026-04-17,2026-04-17T06:12:12Z,Gabriele Piraino,364,135,22.0,atp_daily_snapshot
2026-04-17,2026-04-17T06:12:12Z,I. Montes-De La Torre,365,135,,atp_daily_snapshot
2026-04-17,2026-04-17T06:12:12Z,Inaki Montes-De La Torre,365,135,23.0,atp_daily_snapshot
2026-04-17,2026-04-17T06:12:12Z,H. Matsuoka,366,134,,atp_daily_snapshot
2026-04-17,2026-04-17T06:12:12Z,Hayato Matsuoka,366,134,21.0,atp_daily_snapshot
2026-04-17,2026-04-17T06:12:12Z,V. Bielinskyi,367,132,,atp_daily_snapshot
2026-04-17,2026-04-17T06:12:12Z,Viacheslav Bielinskyi,367,132,22.0,atp_daily_snapshot
2026-04-17,2026-04-17T06:12:12Z,D. Milavsky,368,132,,atp_daily_snapshot
2026-04-17,2026-04-17T06:12:12Z,Daniel Milavsky,368,132,24.0,atp_daily_snapshot
2026-04-17,2026-04-17T06:12:12Z,S. Shin,369,132,,atp_daily_snapshot
2026-04-17,2026-04-17T06:12:12Z,Sanhui Shin,369,132,29.0,atp_daily_snapshot
2026-04-17,2026-04-17T06:12:12Z,C. Caniato,370,131,,atp_daily_snapshot
2026-04-17,2026-04-17T06:12:12Z,Carlo Alberto Caniato,370,131,20.0,atp_daily_snapshot
2026-04-17,2026-04-17T06:12:12Z,M. Gengel,371,131,,atp_daily_snapshot
2026-04-17,2026-04-17T06:12:12Z,Marek Gengel,371,131,30.0,atp_daily_snapshot
2026-04-17,2026-04-17T06:12:12Z,G. Villanueva,372,131,,atp_daily_snapshot
2026-04-17,2026-04-17T06:12:12Z,Gonzalo Villanueva,372,131,31.0,atp_daily_snapshot
2026-04-17,2026-04-17T06:12:12Z,F. Broska,373,130,,atp_daily_snapshot
2026-04-17,2026-04-17T06:12:12Z,Florian Broska,373,130,28.0,atp_daily_snapshot
2026-04-17,2026-04-17T06:12:12Z,D. Masur,374,130,,atp_daily_snapshot
2026-04-17,2026-04-17T06:12:12Z,Daniel Masur,374,130,31.0,atp_daily_snapshot
2026-04-17,2026-04-17T06:12:12Z,M. Pucinelli De Almeida,375,130,,atp_daily_snapshot
2026-04-17,2026-04-17T06:12:12Z,Matheus Pucinelli De Almeida,375,130,25.0,atp_daily_snapshot
2026-04-17,2026-04-17T06:12:12Z,C. Cretu,376,130,,atp_daily_snapshot
2026-04-17,2026-04-17T06:12:12Z,Cezar Cretu,376,130,24.0,atp_daily_snapshot
2026-04-17,2026-04-17T06:12:12Z,D. Dutra da Silva,377,130,,atp_daily_snapshot
2026-04-17,2026-04-17T06:12:12Z,Daniel Dutra da Silva,377,130,37.0,atp_daily_snapshot
2026-04-17,2026-04-17T06:12:12Z,Y. Shimizu,378,129,,atp_daily_snapshot
2026-04-17,2026-04-17T06:12:12Z,Yuta Shimizu,378,129,26.0,atp_daily_snapshot
2026-04-17,2026-04-17T06:12:12Z,O. Roca Batalla,379,129,,atp_daily_snapshot
2026-04-17,2026-04-17T06:12:12Z,Oriol Roca Batalla,379,129,32.0,atp_daily_snapshot
2026-04-17,2026-04-17T06:12:12Z,D. Martin,380,128,,atp_daily_snapshot
2026-04-17,2026-04-17T06:12:12Z,Dan Martin,380,128,26.0,atp_daily_snapshot
2026-04-17,2026-04-17T06:12:12Z,L. Tu,381,128,,atp_daily_snapshot
2026-04-17,2026-04-17T06:12:12Z,Li Tu,381,128,29.0,atp_daily_snapshot
2026-04-17,2026-04-17T06:12:12Z,F. Romano,382,128,,atp_daily_snapshot
2026-04-17,2026-04-17T06:12:12Z,Filippo Romano,382,128,20.0,atp_daily_snapshot
2026-04-17,2026-04-17T06:12:12Z,S. Fomin,383,128,,atp_daily_snapshot
2026-04-17,2026-04-17T06:12:12Z,Sergey Fomin,383,128,25.0,atp_daily_snapshot
2026-04-17,2026-04-17T06:12:12Z,L. Ambrogi,384,128,,atp_daily_snapshot
2026-04-17,2026-04-17T06:12:12Z,Luciano Emanuel Ambrogi,384,128,22.0,atp_daily_snapshot
2026-04-17,2026-04-17T06:12:12Z,M. Brunold,385,127,,atp_daily_snapshot
2026-04-17,2026-04-17T06:12:12Z,Mika Brunold,385,127,21.0,atp_daily_snapshot
2026-04-17,2026-04-17T06:12:12Z,D. Jorda Sanchis,386,127,,atp_daily_snapshot
2026-04-17,2026-04-17T06:12:12Z,David Jorda Sanchis,386,127,31.0,atp_daily_snapshot
2026-04-17,2026-04-17T06:12:12Z,M. Sharipov,387,126,,atp_daily_snapshot
2026-04-17,2026-04-17T06:12:12Z,Marat Sharipov,387,126,23.0,atp_daily_snapshot
2026-04-17,2026-04-17T06:12:12Z,A. Soriano Barrera,388,125,,atp_daily_snapshot
2026-04-17,2026-04-17T06:12:12Z,Adria Soriano Barrera,388,125,26.0,atp_daily_snapshot
2026-04-17,2026-04-17T06:12:12Z,E. Ribeiro,389,125,,atp_daily_snapshot
2026-04-17,2026-04-17T06:12:12Z,Eduardo Ribeiro,389,125,28.0,atp_daily_snapshot
2026-04-17,2026-04-17T06:12:12Z,T. Colson,390,125,,atp_daily_snapshot
2026-04-17,2026-04-17T06:12:12Z,Tibo Colson,390,125,25.0,atp_daily_snapshot
2026-04-17,2026-04-17T06:12:12Z,A. Fenty,391,125,,atp_daily_snapshot
2026-04-17,2026-04-17T06:12:12Z,Andrew Fenty,391,125,26.0,atp_daily_snapshot
2026-04-17,2026-04-17T06:12:12Z,G. Johns,392,125,,atp_daily_snapshot
2026-04-17,2026-04-17T06:12:12Z,Garrett Johns,392,125,25.0,atp_daily_snapshot
2026-04-17,2026-04-17T06:12:12Z,T. Svajda,393,124,,atp_daily_snapshot
2026-04-17,2026-04-17T06:12:12Z,Trevor Svajda,393,124,19.0,atp_daily_snapshot
2026-04-17,2026-04-17T06:12:12Z,M. Moeller,394,123,,atp_daily_snapshot
2026-04-17,2026-04-17T06:12:12Z,Marvin Moeller,394,123,27.0,atp_daily_snapshot
2026-04-17,2026-04-17T06:12:12Z,C. Negritu,395,123,,atp_daily_snapshot
2026-04-17,2026-04-17T06:12:12Z,Christoph Negritu,395,123,32.0,atp_daily_snapshot
2026-04-17,2026-04-17T06:12:12Z,Y. Erel,396,122,,atp_daily_snapshot
2026-04-17,2026-04-17T06:12:12Z,Yanki Erel,396,122,25.0,atp_daily_snapshot
2026-04-17,2026-04-17T06:12:12Z,T. Compagnucci,397,122,,atp_daily_snapshot
2026-04-17,2026-04-17T06:12:12Z,Tommaso Compagnucci,397,122,26.0,atp_daily_snapshot
2026-04-17,2026-04-17T06:12:12Z,J. Cui,398,121,,atp_daily_snapshot
2026-04-17,2026-04-17T06:12:12Z,Jie Cui,398,121,28.0,atp_daily_snapshot
2026-04-17,2026-04-17T06:12:12Z,P. Zahraj,399,121,,atp_daily_snapshot
2026-04-17,2026-04-17T06:12:12Z,Patrick Zahraj,399,121,26.0,atp_daily_snapshot
2026-04-17,2026-04-17T06:12:12Z,F. Bagnis,400,120,,atp_daily_snapshot
2026-04-17,2026-04-17T06:12:12Z,Facundo Bagnis,400,120,36.0,atp_daily_snapshot
2026-04-17,2026-04-17T06:12:12Z,L. Maxted,401,120,,atp_daily_snapshot
2026-04-17,2026-04-17T06:12:12Z,Lui Maxted,401,120,22.0,atp_daily_snapshot
2026-04-17,2026-04-17T06:12:12Z,J. Barranco Cosano,402,120,,atp_daily_snapshot
2026-04-17,2026-04-17T06:12:12Z,Javier Barranco Cosano,402,120,27.0,atp_daily_snapshot
2026-04-17,2026-04-17T06:12:12Z,D. Yevseyev,403,120,,atp_daily_snapshot
2026-04-17,2026-04-17T06:12:12Z,Denis Yevseyev,403,120,32.0,atp_daily_snapshot
2026-04-17,2026-04-17T06:12:12Z,H. Casanova,404,119,,atp_daily_snapshot
2026-04-17,2026-04-17T06:12:12Z,Hernan Casanova,404,119,32.0,atp_daily_snapshot
2026-04-17,2026-04-17T06:12:12Z,L. Castelnuovo,405,118,,atp_daily_snapshot
2026-04-17,2026-04-17T06:12:12Z,Luca Castelnuovo,405,118,29.0,atp_daily_snapshot
2026-04-17,2026-04-17T06:12:12Z,H. Stewart,406,118,,atp_daily_snapshot
2026-04-17,2026-04-17T06:12:12Z,Hamish Stewart,406,118,26.0,atp_daily_snapshot
2026-04-17,2026-04-17T06:12:12Z,O. Wallin,407,118,,atp_daily_snapshot
2026-04-17,2026-04-17T06:12:12Z,Olle Wallin,407,118,24.0,atp_daily_snapshot
2026-04-17,2026-04-17T06:12:12Z,S. Palosi,408,118,,atp_daily_snapshot
2026-04-17,2026-04-17T06:12:12Z,Stefan Palosi,408,118,26.0,atp_daily_snapshot
2026-04-17,2026-04-17T06:12:12Z,O. Milic,409,117,,atp_daily_snapshot
2026-04-17,2026-04-17T06:12:12Z,Ognjen Milic,409,117,18.0,atp_daily_snapshot
2026-04-17,2026-04-17T06:12:12Z,H. Searle,410,117,,atp_daily_snapshot
2026-04-17,2026-04-17T06:12:12Z,Henry Searle,410,117,20.0,atp_daily_snapshot
2026-04-17,2026-04-17T06:12:12Z,S. Banerjee,411,116,,atp_daily_snapshot
2026-04-17,2026-04-17T06:12:12Z,Samir Banerjee,411,116,22.0,atp_daily_snapshot
2026-04-17,2026-04-17T06:12:12Z,K. Feldbausch,412,116,,atp_daily_snapshot
2026-04-17,2026-04-17T06:12:12Z,Kilian Feldbausch,412,116,20.0,atp_daily_snapshot
2026-04-17,2026-04-17T06:12:12Z,B. Shick,413,116,,atp_daily_snapshot
2026-04-17,2026-04-17T06:12:12Z,Braden Shick,413,116,22.0,atp_daily_snapshot
2026-04-17,2026-04-17T06:12:12Z,R. Perot,414,116,,atp_daily_snapshot
2026-04-17,2026-04-17T06:12:12Z,Raphael Perot,414,116,24.0,atp_daily_snapshot
2026-04-17,2026-04-17T06:12:12Z,M. Karol,415,116,,atp_daily_snapshot
2026-04-17,2026-04-17T06:12:12Z,Milos Karol,415,116,23.0,atp_daily_snapshot
2026-04-17,2026-04-17T06:12:12Z,J. Estevez,416,115,,atp_daily_snapshot
2026-04-17,2026-04-17T06:12:12Z,Juan Estevez,416,115,20.0,atp_daily_snapshot
2026-04-17,2026-04-17T06:12:12Z,A. Weber,417,114,,atp_daily_snapshot
2026-04-17,2026-04-17T06:12:12Z,Arthur Weber,417,114,33.0,atp_daily_snapshot
2026-04-17,2026-04-17T06:12:12Z,V. Durasovic,418,114,,atp_daily_snapshot
2026-04-17,2026-04-17T06:12:12Z,Viktor Durasovic,418,114,29.0,atp_daily_snapshot
2026-04-17,2026-04-17T06:12:12Z,T. Faurel,419,113,,atp_daily_snapshot
2026-04-17,2026-04-17T06:12:12Z,Thomas Faurel,419,113,20.0,atp_daily_snapshot
2026-04-17,2026-04-17T06:12:12Z,L. Poullain,420,113,,atp_daily_snapshot
2026-04-17,2026-04-17T06:12:12Z,Lucas Poullain,420,113,30.0,atp_daily_snapshot
2026-04-17,2026-04-17T06:12:12Z,K. Samrej,421,113,,atp_daily_snapshot
2026-04-17,2026-04-17T06:12:12Z,Kasidit Samrej,421,113,25.0,atp_daily_snapshot
2026-04-17,2026-04-17T06:12:12Z,Andrej Martin,422,111,36.0,atp_daily_snapshot
2026-04-17,2026-04-17T06:12:12Z,A. Picchione,423,110,,atp_daily_snapshot
2026-04-17,2026-04-17T06:12:12Z,Andrea Picchione,423,110,27.0,atp_daily_snapshot
2026-04-17,2026-04-17T06:12:12Z,C. Overbeck,424,110,,atp_daily_snapshot
2026-04-17,2026-04-17T06:12:12Z,Carl Emil Overbeck,424,110,24.0,atp_daily_snapshot
2026-04-17,2026-04-17T06:12:12Z,M. Bouzige,425,110,,atp_daily_snapshot
2026-04-17,2026-04-17T06:12:12Z,Moerani Bouzige,425,110,26.0,atp_daily_snapshot
2026-04-17,2026-04-17T06:12:12Z,L. Lokoli,426,108,,atp_daily_snapshot
2026-04-17,2026-04-17T06:12:12Z,Laurent Lokoli,426,108,31.0,atp_daily_snapshot
2026-04-17,2026-04-17T06:12:12Z,H. Moriya,427,108,,atp_daily_snapshot
2026-04-17,2026-04-17T06:12:12Z,Hiroki Moriya,427,108,35.0,atp_daily_snapshot
2026-04-17,2026-04-17T06:12:12Z,J. Boulais,428,108,,atp_daily_snapshot
2026-04-17,2026-04-17T06:12:12Z,Justin Boulais,428,108,24.0,atp_daily_snapshot
2026-04-17,2026-04-17T06:12:12Z,R. Molleker,429,108,,atp_daily_snapshot
2026-04-17,2026-04-17T06:12:12Z,Rudolf Molleker,429,108,25.0,atp_daily_snapshot
2026-04-17,2026-04-17T06:12:12Z,J. Friend,430,107,,atp_daily_snapshot
2026-04-17,2026-04-17T06:12:12Z,Jay Friend,430,107,22.0,atp_daily_snapshot
2026-04-17,2026-04-17T06:12:12Z,A. Chepelev,431,107,,atp_daily_snapshot
2026-04-17,2026-04-17T06:12:12Z,Andrey Chepelev,431,107,27.0,atp_daily_snapshot
2026-04-17,2026-04-17T06:12:12Z,S. Sorger,432,106,,atp_daily_snapshot
2026-04-17,2026-04-17T06:12:12Z,Sebastian Sorger,432,106,20.0,atp_daily_snapshot
2026-04-17,2026-04-17T06:12:12Z,P. Sakamoto,433,105,,atp_daily_snapshot
2026-04-17,2026-04-17T06:12:12Z,Pedro Sakamoto,433,105,32.0,atp_daily_snapshot
2026-04-17,2026-04-17T06:12:12Z,K. Singh,434,105,,atp_daily_snapshot
2026-04-17,2026-04-17T06:12:12Z,Karan Singh,434,105,22.0,atp_daily_snapshot
2026-04-17,2026-04-17T06:12:12Z,C. Kingsley,435,104,,atp_daily_snapshot
2026-04-17,2026-04-17T06:12:12Z,Cannon Kingsley,435,104,24.0,atp_daily_snapshot
2026-04-17,2026-04-17T06:12:12Z,J. Loge,436,104,,atp_daily_snapshot
2026-04-17,2026-04-17T06:12:12Z,Jack Loge,436,104,21.0,atp_daily_snapshot
2026-04-17,2026-04-17T06:12:12Z,B. Artnak,437,103,,atp_daily_snapshot
2026-04-17,2026-04-17T06:12:12Z,Bor Artnak,437,103,21.0,atp_daily_snapshot
2026-04-17,2026-04-17T06:12:12Z,A. McHugh,438,103,,atp_daily_snapshot
2026-04-17,2026-04-17T06:12:12Z,Aidan McHugh,438,103,25.0,atp_daily_snapshot
2026-04-17,2026-04-17T06:12:12Z,E. Vasa,439,103,,atp_daily_snapshot
2026-04-17,2026-04-17T06:12:12Z,Eero Vasa,439,103,29.0,atp_daily_snapshot
2026-04-17,2026-04-17T06:12:12Z,F. Arnaboldi,440,103,,atp_daily_snapshot
2026-04-17,2026-04-17T06:12:12Z,Federico Arnaboldi,440,103,25.0,atp_daily_snapshot
2026-04-17,2026-04-17T06:12:12Z,J. Schiessl,441,103,,atp_daily_snapshot
2026-04-17,2026-04-17T06:12:12Z,Joao Eduardo Schiessl,441,103,21.0,atp_daily_snapshot
2026-04-17,2026-04-17T06:12:12Z,O. Jasika,442,103,,atp_daily_snapshot
2026-04-17,2026-04-17T06:12:12Z,Omar Jasika,442,103,28.0,atp_daily_snapshot
2026-04-17,2026-04-17T06:12:12Z,M. Dhamne,443,102,,atp_daily_snapshot
2026-04-17,2026-04-17T06:12:12Z,Manas Dhamne,443,102,18.0,atp_daily_snapshot
2026-04-17,2026-04-17T06:12:12Z,P. Nesterov,444,101,,atp_daily_snapshot
2026-04-17,2026-04-17T06:12:12Z,Petr Nesterov,444,101,23.0,atp_daily_snapshot
2026-04-17,2026-04-17T06:12:12Z,S. Callejon Hernando,445,101,,atp_daily_snapshot
2026-04-17,2026-04-17T06:12:12Z,Sergio Callejon Hernando,445,101,21.0,atp_daily_snapshot
2026-04-17,2026-04-17T06:12:12Z,A. Vatutin,446,100,,atp_daily_snapshot
2026-04-17,2026-04-17T06:12:12Z,Alexey Vatutin,446,100,33.0,atp_daily_snapshot
2026-04-17,2026-04-17T06:12:12Z,L. Potenza,447,100,,atp_daily_snapshot
2026-04-17,2026-04-17T06:12:12Z,Luca Potenza,447,100,25.0,atp_daily_snapshot
2026-04-17,2026-04-17T06:12:12Z,E. Winter,448,99,,atp_daily_snapshot
2026-04-17,2026-04-17T06:12:12Z,Edward Winter,448,99,21.0,atp_daily_snapshot
2026-04-17,2026-04-17T06:12:12Z,M. Tobon,449,99,,atp_daily_snapshot
2026-04-17,2026-04-17T06:12:12Z,Miguel Tobon,449,99,19.0,atp_daily_snapshot
2026-04-17,2026-04-17T06:12:12Z,J. Sels,450,99,,atp_daily_snapshot
2026-04-17,2026-04-17T06:12:12Z,Jelle Sels,450,99,30.0,atp_daily_snapshot
2026-04-17,2026-04-17T06:12:12Z,M. Dellavedova,451,99,,atp_daily_snapshot
2026-04-17,2026-04-17T06:12:12Z,Matthew Dellavedova,451,99,25.0,atp_daily_snapshot
2026-04-17,2026-04-17T06:12:12Z,C. Vandermeersch,452,98,,atp_daily_snapshot
2026-04-17,2026-04-17T06:12:12Z,Cyril Vandermeersch,452,98,26.0,atp_daily_snapshot
2026-04-17,2026-04-17T06:12:12Z,F. Zakaria,453,98,,atp_daily_snapshot
2026-04-17,2026-04-17T06:12:12Z,Fares Zakaria,453,98,24.0,atp_daily_snapshot
2026-04-17,2026-04-17T06:12:12Z,A. Marti Pujolras,454,97,,atp_daily_snapshot
2026-04-17,2026-04-17T06:12:12Z,Alex Marti Pujolras,454,97,27.0,atp_daily_snapshot
2026-04-17,2026-04-17T06:12:12Z,R. Albot,455,97,,atp_daily_snapshot
2026-04-17,2026-04-17T06:12:12Z,Radu Albot,455,97,36.0,atp_daily_snapshot
2026-04-17,2026-04-17T06:12:12Z,Q. Vandecasteele,456,97,,atp_daily_snapshot
2026-04-17,2026-04-17T06:12:12Z,Quinn Vandecasteele,456,97,23.0,atp_daily_snapshot
2026-04-17,2026-04-17T06:12:12Z,A. Hernandez,457,96,,atp_daily_snapshot
2026-04-17,2026-04-17T06:12:12Z,Alex Hernandez,457,96,26.0,atp_daily_snapshot
2026-04-17,2026-04-17T06:12:12Z,L. Rodriguez,458,96,,atp_daily_snapshot
2026-04-17,2026-04-17T06:12:12Z,Lorenzo Joaquin Rodriguez,458,96,26.0,atp_daily_snapshot
2026-04-17,2026-04-17T06:12:12Z,J. Nikles,459,95,,atp_daily_snapshot
2026-04-17,2026-04-17T06:12:12Z,Johan Nikles,459,95,29.0,atp_daily_snapshot
2026-04-17,2026-04-17T06:12:12Z,A. Nagel,460,95,,atp_daily_snapshot
2026-04-17,2026-04-17T06:12:12Z,Arthur Nagel,460,95,22.0,atp_daily_snapshot
2026-04-17,2026-04-17T06:12:12Z,C. Langmo,461,95,,atp_daily_snapshot
2026-04-17,2026-04-17T06:12:12Z,Christian Langmo,461,95,29.0,atp_daily_snapshot
2026-04-17,2026-04-17T06:12:12Z,K. Nishikori,462,94,,atp_daily_snapshot
2026-04-17,2026-04-17T06:12:12Z,Kei Nishikori,462,94,36.0,atp_daily_snapshot
2026-04-17,2026-04-17T06:12:12Z,D. Suresh,463,94,,atp_daily_snapshot
2026-04-17,2026-04-17T06:12:12Z,Dhakshineswar Suresh,463,94,26.0,atp_daily_snapshot
2026-04-17,2026-04-17T06:12:12Z,A. Escoffier,464,94,,atp_daily_snapshot
2026-04-17,2026-04-17T06:12:12Z,Antoine Escoffier,464,94,34.0,atp_daily_snapshot
2026-04-17,2026-04-17T06:12:12Z,N. Alvarez Varona,465,94,,atp_daily_snapshot
2026-04-17,2026-04-17T06:12:12Z,Nicolas Alvarez Varona,465,94,24.0,atp_daily_snapshot
2026-04-17,2026-04-17T06:12:12Z,M. Imamura,466,94,,atp_daily_snapshot
2026-04-17,2026-04-17T06:12:12Z,Masamichi Imamura,466,94,27.0,atp_daily_snapshot
2026-04-17,2026-04-17T06:12:12Z,L. Ratti,467,94,,atp_daily_snapshot
2026-04-17,2026-04-17T06:12:12Z,Lucio Ratti,467,94,22.0,atp_daily_snapshot
2026-04-17,2026-04-17T06:12:12Z,A. Binda,468,94,,atp_daily_snapshot
2026-04-17,2026-04-17T06:12:12Z,Alexander Binda,468,94,24.0,atp_daily_snapshot
2026-04-17,2026-04-17T06:12:12Z,H. Shiraishi,469,94,,atp_daily_snapshot
2026-04-17,2026-04-17T06:12:12Z,Hikaru Shiraishi,469,94,25.0,atp_daily_snapshot
2026-04-17,2026-04-17T06:12:12Z,L. Carboni,470,94,,atp_daily_snapshot
2026-04-17,2026-04-17T06:12:12Z,Lorenzo Carboni,470,94,20.0,atp_daily_snapshot
2026-04-17,2026-04-17T06:12:12Z,M. Zhukov,471,93,,atp_daily_snapshot
2026-04-17,2026-04-17T06:12:12Z,Maxim Zhukov,471,93,21.0,atp_daily_snapshot
2026-04-17,2026-04-17T06:12:12Z,M. Wiskandt,472,93,,atp_daily_snapshot
2026-04-17,2026-04-17T06:12:12Z,Max Wiskandt,472,93,24.0,atp_daily_snapshot
2026-04-17,2026-04-17T06:12:12Z,R. Strombachs,473,93,,atp_daily_snapshot
2026-04-17,2026-04-17T06:12:12Z,Robert Strombachs,473,93,26.0,atp_daily_snapshot
2026-04-17,2026-04-17T06:12:12Z,C. Denolly,474,93,,atp_daily_snapshot
2026-04-17,2026-04-17T06:12:12Z,Corentin Denolly,474,93,28.0,atp_daily_snapshot
2026-04-17,2026-04-17T06:12:12Z,S. Pieri,475,93,,atp_daily_snapshot
2026-04-17,2026-04-17T06:12:12Z,Samuele Pieri,475,93,24.0,atp_daily_snapshot
2026-04-17,2026-04-17T06:12:12Z,M. Rottgering,476,92,,atp_daily_snapshot
2026-04-17,2026-04-17T06:12:12Z,Mees Rottgering,476,92,18.0,atp_daily_snapshot
2026-04-17,2026-04-17T06:12:12Z,V. Ursu,477,92,,atp_daily_snapshot
2026-04-17,2026-04-17T06:12:12Z,Vadym Ursu,477,92,29.0,atp_daily_snapshot
2026-04-17,2026-04-17T06:12:12Z,J. Story,478,90,,atp_daily_snapshot
2026-04-17,2026-04-17T06:12:12Z,James Story,478,90,25.0,atp_daily_snapshot
2026-04-17,2026-04-17T06:12:12Z,N. Oberleitner,479,90,,atp_daily_snapshot
2026-04-17,2026-04-17T06:12:12Z,Neil Oberleitner,479,90,26.0,atp_daily_snapshot
2026-04-17,2026-04-17T06:12:12Z,L. Borg,480,90,,atp_daily_snapshot
2026-04-17,2026-04-17T06:12:12Z,Leo Borg,480,90,22.0,atp_daily_snapshot
2026-04-17,2026-04-17T06:12:12Z,A. Ramos-Vinolas,481,89,,atp_daily_snapshot
2026-04-17,2026-04-17T06:12:12Z,Albert Ramos-Vinolas,481,89,38.0,atp_daily_snapshot
2026-04-17,2026-04-17T06:12:12Z,A. Ayeni,482,89,,atp_daily_snapshot
2026-04-17,2026-04-17T06:12:12Z,Alafia Ayeni,482,89,26.0,atp_daily_snapshot
2026-04-17,2026-04-17T06:12:12Z,T. Berkieta,483,89,,atp_daily_snapshot
2026-04-17,2026-04-17T06:12:12Z,Tomasz Berkieta,483,89,19.0,atp_daily_snapshot
2026-04-17,2026-04-17T06:12:12Z,G. Ferrari,484,89,,atp_daily_snapshot
2026-04-17,2026-04-17T06:12:12Z,Gianmarco Ferrari,484,89,25.0,atp_daily_snapshot
2026-04-17,2026-04-17T06:12:12Z,T. Baadi,485,89,,atp_daily_snapshot
2026-04-17,2026-04-17T06:12:12Z,Taha Baadi,485,89,24.0,atp_daily_snapshot
2026-04-17,2026-04-17T06:12:12Z,F. Peliwo,486,89,,atp_daily_snapshot
2026-04-17,2026-04-17T06:12:12Z,Filip Peliwo,486,89,32.0,atp_daily_snapshot
2026-04-17,2026-04-17T06:12:12Z,D. Obradovic,487,89,,atp_daily_snapshot
2026-04-17,2026-04-17T06:12:12Z,Dusan Obradovic,487,89,25.0,atp_daily_snapshot
2026-04-17,2026-04-17T06:12:12Z,E. Dalla Valle,488,88,,atp_daily_snapshot
2026-04-17,2026-04-17T06:12:12Z,Enrico Dalla Valle,488,88,28.0,atp_daily_snapshot
2026-04-17,2026-04-17T06:12:12Z,O. Pieczkowski,489,88,,atp_daily_snapshot
2026-04-17,2026-04-17T06:12:12Z,Olaf Pieczkowski,489,88,22.0,atp_daily_snapshot
2026-04-17,2026-04-17T06:12:12Z,A. Sanchez Quilez,490,88,,atp_daily_snapshot
2026-04-17,2026-04-17T06:12:12Z,Alejo Sanchez Quilez,490,88,20.0,atp_daily_snapshot
2026-04-17,2026-04-17T06:12:12Z,A. Thanos,491,87,,atp_daily_snapshot
2026-04-17,2026-04-17T06:12:12Z,Aristotelis Thanos,491,87,25.0,atp_daily_snapshot
2026-04-17,2026-04-17T06:12:12Z,T. Huang,492,87,,atp_daily_snapshot
2026-04-17,2026-04-17T06:12:12Z,Tsung-Hao Huang,492,87,26.0,atp_daily_snapshot
2026-04-17,2026-04-17T06:12:12Z,A. Shah,493,87,,atp_daily_snapshot
2026-04-17,2026-04-17T06:12:12Z,Aryan Shah,493,87,20.0,atp_daily_snapshot
2026-04-17,2026-04-17T06:12:12Z,P. Fellin,494,87,,atp_daily_snapshot
2026-04-17,2026-04-17T06:12:12Z,Pietro Fellin,494,87,24.0,atp_daily_snapshot
2026-04-17,2026-04-17T06:12:12Z,I. Marrero Curbelo,495,86,,atp_daily_snapshot
2026-04-17,2026-04-17T06:12:12Z,Ivan Marrero Curbelo,495,86,27.0,atp_daily_snapshot
2026-04-17,2026-04-17T06:12:12Z,F. Forti,496,86,,atp_daily_snapshot
2026-04-17,2026-04-17T06:12:12Z,Francesco Forti,496,86,26.0,atp_daily_snapshot
2026-04-17,2026-04-17T06:12:12Z,A. Perez,497,86,,atp_daily_snapshot
2026-04-17,2026-04-17T06:12:12Z,Alfredo Perez,497,86,28.0,atp_daily_snapshot
2026-04-17,2026-04-17T06:12:12Z,R. Nijboer,498,86,,atp_daily_snapshot
2026-04-17,2026-04-17T06:12:12Z,Ryan Nijboer,498,86,26.0,atp_daily_snapshot
2026-04-17,2026-04-17T06:12:12Z,H. Bernet,499,84,,atp_daily_snapshot
2026-04-17,2026-04-17T06:12:12Z,Henry Bernet,499,84,19.0,atp_daily_snapshot
2026-04-17,2026-04-17T06:12:12Z,C. Lopez Montagud,500,84,,atp_daily_snapshot
2026-04-17,2026-04-17T06:12:12Z,Carlos Lopez Montagud,500,84,25.0,atp_daily_snapshot
2026-04-17,2026-04-17T06:12:12Z,M. Alves,501,84,,atp_daily_snapshot
2026-04-17,2026-04-17T06:12:12Z,Mateus Alves,501,84,25.0,atp_daily_snapshot
2026-04-17,2026-04-17T06:12:12Z,P. Saraiva Dos Santos,502,84,,atp_daily_snapshot
2026-04-17,2026-04-17T06:12:12Z,Paulo Andre Saraiva Dos Santos,502,84,25.0,atp_daily_snapshot
2026-04-17,2026-04-17T06:12:12Z,J. Delaney,503,84,,atp_daily_snapshot
2026-04-17,2026-04-17T06:12:12Z,Jake Delaney,503,84,28.0,atp_daily_snapshot
2026-04-17,2026-04-17T06:12:12Z,E. Arutiunian,504,83,,atp_daily_snapshot
2026-04-17,2026-04-17T06:12:12Z,Erik Arutiunian,504,83,21.0,atp_daily_snapshot
2026-04-17,2026-04-17T06:12:12Z,R. Papoe,505,83,,atp_daily_snapshot
2026-04-17,2026-04-17T06:12:12Z,Radu Mihai Papoe,505,83,23.0,atp_daily_snapshot
2026-04-17,2026-04-17T06:12:12Z,F. Moroni,506,81,,atp_daily_snapshot
2026-04-17,2026-04-17T06:12:12Z,Filippo Moroni,506,81,25.0,atp_daily_snapshot
2026-04-17,2026-04-17T06:12:12Z,T. Sach,507,81,,atp_daily_snapshot
2026-04-17,2026-04-17T06:12:12Z,Tai Sach,507,81,23.0,atp_daily_snapshot
2026-04-17,2026-04-17T06:12:12Z,P. Marinkov,508,81,,atp_daily_snapshot
2026-04-17,2026-04-17T06:12:12Z,Pavle Marinkov,508,81,20.0,atp_daily_snapshot
2026-04-17,2026-04-17T06:12:12Z,M. Basic,509,80,,atp_daily_snapshot
2026-04-17,2026-04-17T06:12:12Z,Mirza Basic,509,80,34.0,atp_daily_snapshot
2026-04-17,2026-04-17T06:12:12Z,K. Matsuda,510,80,,atp_daily_snapshot
2026-04-17,2026-04-17T06:12:12Z,Koki Matsuda,510,80,25.0,atp_daily_snapshot
2026-04-17,2026-04-17T06:12:12Z,M. Chazal,511,80,,atp_daily_snapshot
2026-04-17,2026-04-17T06:12:12Z,Maxime Chazal,511,80,32.0,atp_daily_snapshot
2026-04-17,2026-04-17T06:12:12Z,A. Kachmazov,512,79,,atp_daily_snapshot
2026-04-17,2026-04-17T06:12:12Z,Alibek Kachmazov,512,79,23.0,atp_daily_snapshot
2026-04-17,2026-04-17T06:12:12Z,J. Paul,513,79,,atp_daily_snapshot
2026-04-17,2026-04-17T06:12:12Z,Jakub Paul,513,79,27.0,atp_daily_snapshot
2026-04-17,2026-04-17T06:12:12Z,M. Schoenhaus,514,79,,atp_daily_snapshot
2026-04-17,2026-04-17T06:12:12Z,Max Schoenhaus,514,79,18.0,atp_daily_snapshot
2026-04-17,2026-04-17T06:12:12Z,A. Matusevich,515,79,,atp_daily_snapshot
2026-04-17,2026-04-17T06:12:12Z,Anton Matusevich,515,79,24.0,atp_daily_snapshot
2026-04-17,2026-04-17T06:12:12Z,T. McCormick,516,79,,atp_daily_snapshot
2026-04-17,2026-04-17T06:12:12Z,Tristan McCormick,516,79,27.0,atp_daily_snapshot
2026-04-17,2026-04-17T06:12:12Z,S. Perez Contri,517,79,,atp_daily_snapshot
2026-04-17,2026-04-17T06:12:12Z,Sergi Perez Contri,517,79,28.0,atp_daily_snapshot
2026-04-17,2026-04-17T06:12:12Z,L. Pokorny,518,78,,atp_daily_snapshot
2026-04-17,2026-04-17T06:12:12Z,Lukas Pokorny,518,78,24.0,atp_daily_snapshot
2026-04-17,2026-04-17T06:12:12Z,S. Mitsui,519,78,,atp_daily_snapshot
2026-04-17,2026-04-17T06:12:12Z,Shunsuke Mitsui,519,78,23.0,atp_daily_snapshot
2026-04-17,2026-04-17T06:12:12Z,D. Palan,520,78,,atp_daily_snapshot
2026-04-17,2026-04-17T06:12:12Z,Dominik Palan,520,78,25.0,atp_daily_snapshot
2026-04-17,2026-04-17T06:12:12Z,G. La Vela,521,78,,atp_daily_snapshot
2026-04-17,2026-04-17T06:12:12Z,Giuseppe La Vela,521,78,25.0,atp_daily_snapshot
2026-04-17,2026-04-17T06:12:12Z,V. Orlov,522,78,,atp_daily_snapshot
2026-04-17,2026-04-17T06:12:12Z,Vladyslav Orlov,522,78,30.0,atp_daily_snapshot
2026-04-17,2026-04-17T06:12:12Z,M. Sasikumar,523,78,,atp_daily_snapshot
2026-04-17,2026-04-17T06:12:12Z,Mukund Sasikumar,523,78,29.0,atp_daily_snapshot
2026-04-17,2026-04-17T06:12:12Z,M. Mckennon,524,78,,atp_daily_snapshot
2026-04-17,2026-04-17T06:12:12Z,Maxwell Mckennon,524,78,23.0,atp_daily_snapshot
2026-04-17,2026-04-17T06:12:12Z,A. Elsayed,525,78,,atp_daily_snapshot
2026-04-17,2026-04-17T06:12:12Z,Amr Elsayed,525,78,27.0,atp_daily_snapshot
2026-04-17,2026-04-17T06:12:12Z,P. Vives Marcos,526,77,,atp_daily_snapshot
2026-04-17,2026-04-17T06:12:12Z,Pedro Vives Marcos,526,77,24.0,atp_daily_snapshot
2026-04-17,2026-04-17T06:12:12Z,G. Elias,527,77,,atp_daily_snapshot
2026-04-17,2026-04-17T06:12:12Z,Gastao Elias,527,77,35.0,atp_daily_snapshot
2026-04-17,2026-04-17T06:12:12Z,S. Gulin,528,77,,atp_daily_snapshot
2026-04-17,2026-04-17T06:12:12Z,Svyatoslav Gulin,528,77,23.0,atp_daily_snapshot
2026-04-17,2026-04-17T06:12:12Z,C. Zarate,529,77,,atp_daily_snapshot
2026-04-17,2026-04-17T06:12:12Z,Carlos Maria Zarate,529,77,21.0,atp_daily_snapshot
2026-04-17,2026-04-17T06:12:12Z,K. Kivattsev,530,77,,atp_daily_snapshot
2026-04-17,2026-04-17T06:12:12Z,Kirill Kivattsev,530,77,28.0,atp_daily_snapshot
2026-04-17,2026-04-17T06:12:12Z,B. Ellis,531,76,,atp_daily_snapshot
2026-04-17,2026-04-17T06:12:12Z,Blake Ellis,531,76,27.0,atp_daily_snapshot
2026-04-17,2026-04-17T06:12:12Z,E. Vanshelboim,532,76,,atp_daily_snapshot
2026-04-17,2026-04-17T06:12:12Z,Eric Vanshelboim,532,76,24.0,atp_daily_snapshot
2026-04-17,2026-04-17T06:12:12Z,G. Fonio,533,75,,atp_daily_snapshot
2026-04-17,2026-04-17T06:12:12Z,Giovanni Fonio,533,75,27.0,atp_daily_snapshot
2026-04-17,2026-04-17T06:12:12Z,V. Aboian,534,75,,atp_daily_snapshot
2026-04-17,2026-04-17T06:12:12Z,Valerio Aboian,534,75,23.0,atp_daily_snapshot
2026-04-17,2026-04-17T06:12:12Z,S. Pankin,535,75,,atp_daily_snapshot
2026-04-17,2026-04-17T06:12:12Z,Semen Pankin,535,75,26.0,atp_daily_snapshot
2026-04-17,2026-04-17T06:12:12Z,T. Kumasaka,536,75,,atp_daily_snapshot
2026-04-17,2026-04-17T06:12:12Z,Takuya Kumasaka,536,75,27.0,atp_daily_snapshot
2026-04-17,2026-04-17T06:12:12Z,N. Moreno De Alboran,537,74,,atp_daily_snapshot
2026-04-17,2026-04-17T06:12:12Z,Nicolas Moreno De Alboran,537,74,28.0,atp_daily_snapshot
2026-04-17,2026-04-17T06:12:12Z,A. Dougaz,538,74,,atp_daily_snapshot
2026-04-17,2026-04-17T06:12:12Z,Aziz Dougaz,538,74,29.0,atp_daily_snapshot
2026-04-17,2026-04-17T06:12:12Z,R. Bennani,539,74,,atp_daily_snapshot
2026-04-17,2026-04-17T06:12:12Z,Reda Bennani,539,74,19.0,atp_daily_snapshot
2026-04-17,2026-04-17T06:12:12Z,R. Catry,540,74,,atp_daily_snapshot
2026-04-17,2026-04-17T06:12:12Z,Robin Catry,540,74,24.0,atp_daily_snapshot
2026-04-17,2026-04-17T06:12:12Z,S. Rawat,541,74,,atp_daily_snapshot
2026-04-17,2026-04-17T06:12:12Z,Sidharth Rawat,541,74,32.0,atp_daily_snapshot
2026-04-17,2026-04-17T06:12:12Z,M. Malige,542,74,,atp_daily_snapshot
2026-04-17,2026-04-17T06:12:12Z,Mae Malige,542,74,20.0,atp_daily_snapshot
2026-04-17,2026-04-17T06:12:12Z,N. Visker,543,74,,atp_daily_snapshot
2026-04-17,2026-04-17T06:12:12Z,Niels Visker,543,74,24.0,atp_daily_snapshot
2026-04-17,2026-04-17T06:12:12Z,K. Poling,544,73,,atp_daily_snapshot
2026-04-17,2026-04-17T06:12:12Z,Karl Poling,544,73,26.0,atp_daily_snapshot
2026-04-17,2026-04-17T06:12:12Z,S. Andreescu,545,72,,atp_daily_snapshot
2026-04-17,2026-04-17T06:12:12Z,Stefan Adrian Andreescu,545,72,24.0,atp_daily_snapshot
2026-04-17,2026-04-17T06:12:12Z,P. Maloney,546,71,,atp_daily_snapshot
2026-04-17,2026-04-17T06:12:12Z,Patrick Maloney,546,71,26.0,atp_daily_snapshot
2026-04-17,2026-04-17T06:12:12Z,P. Fajta,547,71,,atp_daily_snapshot
2026-04-17,2026-04-17T06:12:12Z,Peter Fajta,547,71,23.0,atp_daily_snapshot
2026-04-17,2026-04-17T06:12:12Z,H. Chung,548,71,,atp_daily_snapshot
2026-04-17,2026-04-17T06:12:12Z,Hyeon Chung,548,71,29.0,atp_daily_snapshot
2026-04-17,2026-04-17T06:12:12Z,E. Hudd,549,71,,atp_daily_snapshot
2026-04-17,2026-04-17T06:12:12Z,Emile Hudd,549,71,25.0,atp_daily_snapshot
2026-04-17,2026-04-17T06:12:12Z,K. Lee,550,71,,atp_daily_snapshot
2026-04-17,2026-04-17T06:12:12Z,Kuan-Yi Lee,550,71,29.0,atp_daily_snapshot
2026-04-17,2026-04-17T06:12:12Z,O. Ovcharenko,551,71,,atp_daily_snapshot
2026-04-17,2026-04-17T06:12:12Z,Oleksandr Ovcharenko,551,71,24.0,atp_daily_snapshot
2026-04-17,2026-04-17T06:12:12Z,M. Donald,552,71,,atp_daily_snapshot
2026-04-17,2026-04-17T06:12:12Z,Matthew William Donald,552,71,21.0,atp_daily_snapshot
2026-04-17,2026-04-17T06:12:12Z,K. Isomura,553,71,,atp_daily_snapshot
2026-04-17,2026-04-17T06:12:12Z,Kokoro Isomura,553,71,23.0,atp_daily_snapshot
2026-04-17,2026-04-17T06:12:12Z,Y. Takahashi,554,70,,atp_daily_snapshot
2026-04-17,2026-04-17T06:12:12Z,Yusuke Takahashi,554,70,28.0,atp_daily_snapshot
2026-04-17,2026-04-17T06:12:12Z,F. Planinsek,555,70,,atp_daily_snapshot
2026-04-17,2026-04-17T06:12:12Z,Filip Jeff Planinsek,555,70,24.0,atp_daily_snapshot
2026-04-17,2026-04-17T06:12:12Z,R. Cid Subervi,556,69,,atp_daily_snapshot
2026-04-17,2026-04-17T06:12:12Z,Roberto Cid Subervi,556,69,32.0,atp_daily_snapshot
2026-04-17,2026-04-17T06:12:12Z,J. Vasami,557,69,,atp_daily_snapshot
2026-04-17,2026-04-17T06:12:12Z,Jacopo Vasami,557,69,18.0,atp_daily_snapshot
2026-04-17,2026-04-17T06:12:12Z,G. Kravchenko,558,69,,atp_daily_snapshot
2026-04-17,2026-04-17T06:12:12Z,Georgii Kravchenko,558,69,25.0,atp_daily_snapshot
2026-04-17,2026-04-17T06:12:12Z,C. Bittoun Kouzmine,559,69,,atp_daily_snapshot
2026-04-17,2026-04-17T06:12:12Z,Constantin Bittoun Kouzmine,559,69,27.0,atp_daily_snapshot
2026-04-17,2026-04-17T06:12:12Z,S. Popovic,560,69,,atp_daily_snapshot
2026-04-17,2026-04-17T06:12:12Z,Stefan Popovic,560,69,22.0,atp_daily_snapshot
2026-04-17,2026-04-17T06:12:12Z,N. Arseneault,561,68,,atp_daily_snapshot
2026-04-17,2026-04-17T06:12:12Z,Nicolas Arseneault,561,68,19.0,atp_daily_snapshot
2026-04-17,2026-04-17T06:12:12Z,E. Donnet,562,68,,atp_daily_snapshot
2026-04-17,2026-04-17T06:12:12Z,Etienne Donnet,562,68,25.0,atp_daily_snapshot
2026-04-17,2026-04-17T06:12:12Z,E. Kirkin,563,68,,atp_daily_snapshot
2026-04-17,2026-04-17T06:12:12Z,Ergi Kirkin,563,68,27.0,atp_daily_snapshot
2026-04-17,2026-04-17T06:12:12Z,J. Aguilar Cardozo,564,68,,atp_daily_snapshot
2026-04-17,2026-04-17T06:12:12Z,Joaquin Aguilar Cardozo,564,68,21.0,atp_daily_snapshot
2026-04-17,2026-04-17T06:12:12Z,D. Singh,565,68,,atp_daily_snapshot
2026-04-17,2026-04-17T06:12:12Z,Digvijaypratap Singh,565,68,25.0,atp_daily_snapshot
2026-04-17,2026-04-17T06:12:12Z,I. Gimenez,566,68,,atp_daily_snapshot
2026-04-17,2026-04-17T06:12:12Z,Igor Gimenez,566,68,26.0,atp_daily_snapshot
2026-04-17,2026-04-17T06:12:12Z,L. Wessels,567,68,,atp_daily_snapshot
2026-04-17,2026-04-17T06:12:12Z,Louis Wessels,567,68,27.0,atp_daily_snapshot
2026-04-17,2026-04-17T06:12:12Z,A. Ritschard,568,67,,atp_daily_snapshot
2026-04-17,2026-04-17T06:12:12Z,Alexander Ritschard,568,67,32.0,atp_daily_snapshot
2026-04-17,2026-04-17T06:12:12Z,E. Aguiard,569,67,,atp_daily_snapshot
2026-04-17,2026-04-17T06:12:12Z,Enzo Aguiard,569,67,23.0,atp_daily_snapshot
2026-04-17,2026-04-17T06:12:12Z,A. Azkara,570,67,,atp_daily_snapshot
2026-04-17,2026-04-17T06:12:12Z,Arda Azkara,570,67,23.0,atp_daily_snapshot
2026-04-17,2026-04-17T06:12:12Z,R. Matsuda,571,67,,atp_daily_snapshot
2026-04-17,2026-04-17T06:12:12Z,Ryuki Matsuda,571,67,26.0,atp_daily_snapshot
2026-04-17,2026-04-17T06:12:12Z,Y. Mochizuki,572,67,,atp_daily_snapshot
2026-04-17,2026-04-17T06:12:12Z,Yuki Mochizuki,572,67,28.0,atp_daily_snapshot
2026-04-17,2026-04-17T06:12:12Z,A. Barroso Campos,573,67,,atp_daily_snapshot
2026-04-17,2026-04-17T06:12:12Z,Alberto Barroso Campos,573,67,29.0,atp_daily_snapshot
2026-04-17,2026-04-17T06:12:12Z,M. Janvier,574,67,,atp_daily_snapshot
2026-04-17,2026-04-17T06:12:12Z,Maxime Janvier,574,67,29.0,atp_daily_snapshot
2026-04-17,2026-04-17T06:12:12Z,J. Martin Manzano,575,67,,atp_daily_snapshot
2026-04-17,2026-04-17T06:12:12Z,Juan Cruz Martin Manzano,575,67,21.0,atp_daily_snapshot
2026-04-17,2026-04-17T06:12:12Z,M. Giunta,576,67,,atp_daily_snapshot
2026-04-17,2026-04-17T06:12:12Z,Massimo Giunta,576,67,21.0,atp_daily_snapshot
2026-04-17,2026-04-17T06:12:12Z,S. Gima,577,67,,atp_daily_snapshot
2026-04-17,2026-04-17T06:12:12Z,Sebastian Gima,577,67,23.0,atp_daily_snapshot
2026-04-17,2026-04-17T06:12:12Z,B. Kuzuhara,578,67,,atp_daily_snapshot
2026-04-17,2026-04-17T06:12:12Z,Bruno Kuzuhara,578,67,22.0,atp_daily_snapshot
2026-04-17,2026-04-17T06:12:12Z,K. Bennani,579,66,,atp_daily_snapshot
2026-04-17,2026-04-17T06:12:12Z,Karim Bennani,579,66,18.0,atp_daily_snapshot
2026-04-17,2026-04-17T06:12:12Z,A. Bakshi,580,66,,atp_daily_snapshot
2026-04-17,2026-04-17T06:12:12Z,Aleksandre Bakshi,580,66,28.0,atp_daily_snapshot
2026-04-17,2026-04-17T06:12:12Z,M. Hurrion,581,66,,atp_daily_snapshot
2026-04-17,2026-04-17T06:12:12Z,Millen Hurrion,581,66,26.0,atp_daily_snapshot
2026-04-17,2026-04-17T06:12:12Z,M. Gonzalez Fernandez,582,66,,atp_daily_snapshot
2026-04-17,2026-04-17T06:12:12Z,Mario Gonzalez Fernandez,582,66,23.0,atp_daily_snapshot
2026-04-17,2026-04-17T06:12:12Z,C. Sinclair,583,66,,atp_daily_snapshot
2026-04-17,2026-04-17T06:12:12Z,Colin Sinclair,583,66,31.0,atp_daily_snapshot
2026-04-17,2026-04-17T06:12:12Z,A. Paulson,584,65,,atp_daily_snapshot
2026-04-17,2026-04-17T06:12:12Z,Andrew Paulson,584,65,24.0,atp_daily_snapshot
2026-04-17,2026-04-17T06:12:12Z,J. Gomez,585,65,,atp_daily_snapshot
2026-04-17,2026-04-17T06:12:12Z,Juan Sebastian Gomez,585,65,34.0,atp_daily_snapshot
2026-04-17,2026-04-17T06:12:12Z,D. Madaras,586,65,,atp_daily_snapshot
2026-04-17,2026-04-17T06:12:12Z,Dragos Nicolae Madaras,586,65,28.0,atp_daily_snapshot
2026-04-17,2026-04-17T06:12:12Z,A. Rubio Fierros,587,65,,atp_daily_snapshot
2026-04-17,2026-04-17T06:12:12Z,Alan Fernando Rubio Fierros,587,65,27.0,atp_daily_snapshot
2026-04-17,2026-04-17T06:12:12Z,B. Djuric,588,65,,atp_daily_snapshot
2026-04-17,2026-04-17T06:12:12Z,Branko Djuric,588,65,21.0,atp_daily_snapshot
2026-04-17,2026-04-17T06:12:12Z,B. Zapata Miralles,589,64,,atp_daily_snapshot
2026-04-17,2026-04-17T06:12:12Z,Bernabe Zapata Miralles,589,64,29.0,atp_daily_snapshot
2026-04-17,2026-04-17T06:12:12Z,N. Hardt,590,64,,atp_daily_snapshot
2026-04-17,2026-04-17T06:12:12Z,Nick Hardt,590,64,25.0,atp_daily_snapshot
2026-04-17,2026-04-17T06:12:12Z,D. Popko,591,64,,atp_daily_snapshot
2026-04-17,2026-04-17T06:12:12Z,Dmitry Popko,591,64,29.0,atp_daily_snapshot
2026-04-17,2026-04-17T06:12:12Z,T. Torres,592,64,,atp_daily_snapshot
2026-04-17,2026-04-17T06:12:12Z,Tiago Torres,592,64,23.0,atp_daily_snapshot
2026-04-17,2026-04-17T06:12:12Z,J. Sheehy,593,63,,atp_daily_snapshot
2026-04-17,2026-04-17T06:12:12Z,Joshua Sheehy,593,63,29.0,atp_daily_snapshot
2026-04-17,2026-04-17T06:12:12Z,D. Tomescu,594,63,,atp_daily_snapshot
2026-04-17,2026-04-17T06:12:12Z,Dan Alexandru Tomescu,594,63,27.0,atp_daily_snapshot
2026-04-17,2026-04-17T06:12:12Z,M. Vrbensky,595,63,,atp_daily_snapshot
2026-04-17,2026-04-17T06:12:12Z,Michael Vrbensky,595,63,26.0,atp_daily_snapshot
2026-04-17,2026-04-17T06:12:12Z,A. Bouquier,596,63,,atp_daily_snapshot
2026-04-17,2026-04-17T06:12:12Z,Arthur Bouquier,596,63,25.0,atp_daily_snapshot
2026-04-17,2026-04-17T06:12:12Z,M. Mazza,597,63,,atp_daily_snapshot
2026-04-17,2026-04-17T06:12:12Z,Manuel Mazza,597,63,26.0,atp_daily_snapshot
2026-04-17,2026-04-17T06:12:12Z,C. Eubanks,598,62,,atp_daily_snapshot
2026-04-17,2026-04-17T06:12:12Z,Christopher Eubanks,598,62,29.0,atp_daily_snapshot
2026-04-17,2026-04-17T06:12:12Z,D. Siniakov,599,62,,atp_daily_snapshot
2026-04-17,2026-04-17T06:12:12Z,Daniel Siniakov,599,62,23.0,atp_daily_snapshot
2026-04-17,2026-04-17T06:12:12Z,I. Ivanov,600,62,,atp_daily_snapshot
2026-04-17,2026-04-17T06:12:12Z,Ivan Ivanov,600,62,17.0,atp_daily_snapshot
2026-04-17,2026-04-17T06:12:12Z,A. Deckers,601,62,,atp_daily_snapshot
2026-04-17,2026-04-17T06:12:12Z,Alec Deckers,601,62,25.0,atp_daily_snapshot
2026-04-17,2026-04-17T06:12:12Z,A. Ganesan,602,62,,atp_daily_snapshot
2026-04-17,2026-04-17T06:12:12Z,Adhithya Ganesan,602,62,20.0,atp_daily_snapshot
2026-04-17,2026-04-17T06:12:12Z,F. Balshaw,603,62,,atp_daily_snapshot
2026-04-17,2026-04-17T06:12:12Z,Felix Balshaw,603,62,19.0,atp_daily_snapshot
2026-04-17,2026-04-17T06:12:12Z,I. Lopez Morillo,604,62,,atp_daily_snapshot
2026-04-17,2026-04-17T06:12:12Z,Imanol Lopez Morillo,604,62,26.0,atp_daily_snapshot
2026-04-17,2026-04-17T06:12:12Z,A. Pecci,605,61,,atp_daily_snapshot
2026-04-17,2026-04-17T06:12:12Z,Alessandro Pecci,605,61,25.0,atp_daily_snapshot
2026-04-17,2026-04-17T06:12:12Z,J. Kumstat,606,61,,atp_daily_snapshot
2026-04-17,2026-04-17T06:12:12Z,Jan Kumstat,606,61,19.0,atp_daily_snapshot
2026-04-17,2026-04-17T06:12:12Z,F. Iannaccone,607,61,,atp_daily_snapshot
2026-04-17,2026-04-17T06:12:12Z,Federico Iannaccone,607,61,27.0,atp_daily_snapshot
2026-04-17,2026-04-17T06:12:12Z,J. Nicod,608,60,,atp_daily_snapshot
2026-04-17,2026-04-17T06:12:12Z,Jakub Nicod,608,60,21.0,atp_daily_snapshot
2026-04-17,2026-04-17T06:12:12Z,C. Bouchelaghem,609,60,,atp_daily_snapshot
2026-04-17,2026-04-17T06:12:12Z,Cesar Bouchelaghem,609,60,21.0,atp_daily_snapshot
2026-04-17,2026-04-17T06:12:12Z,L. Staeheli,610,60,,atp_daily_snapshot
2026-04-17,2026-04-17T06:12:12Z,Luca Staeheli,610,60,26.0,atp_daily_snapshot
2026-04-17,2026-04-17T06:12:12Z,D. Klok,611,60,,atp_daily_snapshot
2026-04-17,2026-04-17T06:12:12Z,Denis Klok,611,60,27.0,atp_daily_snapshot
2026-04-17,2026-04-17T06:12:12Z,A. Omarkhanov,612,60,,atp_daily_snapshot
2026-04-17,2026-04-17T06:12:12Z,Amir Omarkhanov,612,60,18.0,atp_daily_snapshot
2026-04-17,2026-04-17T06:12:12Z,K. Filar,613,60,,atp_daily_snapshot
2026-04-17,2026-04-17T06:12:12Z,Karol Filar,613,60,27.0,atp_daily_snapshot
2026-04-17,2026-04-17T06:12:12Z,G. Campana Lee,614,60,,atp_daily_snapshot
2026-04-17,2026-04-17T06:12:12Z,Gerard Campana Lee,614,60,21.0,atp_daily_snapshot
2026-04-17,2026-04-17T06:12:12Z,Y. Dzhavakian,615,60,,atp_daily_snapshot
2026-04-17,2026-04-17T06:12:12Z,Yurii Dzhavakian,615,60,32.0,atp_daily_snapshot
2026-04-17,2026-04-17T06:12:12Z,A. Vavassori,616,59,,atp_daily_snapshot
2026-04-17,2026-04-17T06:12:12Z,Andrea Vavassori,616,59,30.0,atp_daily_snapshot
2026-04-17,2026-04-17T06:12:12Z,L. Alvarez,617,59,,atp_daily_snapshot
2026-04-17,2026-04-17T06:12:12Z,Luis Carlos Alvarez,617,59,21.0,atp_daily_snapshot
2026-04-17,2026-04-17T06:12:12Z,R. Berankis,618,59,,atp_daily_snapshot
2026-04-17,2026-04-17T06:12:12Z,Ricardas Berankis,618,59,35.0,atp_daily_snapshot
2026-04-17,2026-04-17T06:12:12Z,A. Weis,619,59,,atp_daily_snapshot
2026-04-17,2026-04-17T06:12:12Z,Alexander Weis,619,59,28.0,atp_daily_snapshot
2026-04-17,2026-04-17T06:12:12Z,E. Agafonov,620,59,,atp_daily_snapshot
2026-04-17,2026-04-17T06:12:12Z,Egor Agafonov,620,59,23.0,atp_daily_snapshot
2026-04-17,2026-04-17T06:12:12Z,M. Krajci,621,59,,atp_daily_snapshot
2026-04-17,2026-04-17T06:12:12Z,Michal Krajci,621,59,21.0,atp_daily_snapshot
2026-04-17,2026-04-17T06:12:12Z,Y. Dlimi,622,58,,atp_daily_snapshot
2026-04-17,2026-04-17T06:12:12Z,Yassine Dlimi,622,58,22.0,atp_daily_snapshot
2026-04-17,2026-04-17T06:12:12Z,A. Mayo,623,58,,atp_daily_snapshot
2026-04-17,2026-04-17T06:12:12Z,Aidan Mayo,623,58,22.0,atp_daily_snapshot
2026-04-17,2026-04-17T06:12:12Z,M. Kestelboim,624,58,,atp_daily_snapshot
2026-04-17,2026-04-17T06:12:12Z,Mariano Kestelboim,624,58,30.0,atp_daily_snapshot
2026-04-17,2026-04-17T06:12:12Z,N. Vylegzhanin,625,58,,atp_daily_snapshot
2026-04-17,2026-04-17T06:12:12Z,Nikolay Vylegzhanin,625,58,25.0,atp_daily_snapshot
2026-04-17,2026-04-17T06:12:12Z,K. Ozolins,626,58,,atp_daily_snapshot
2026-04-17,2026-04-17T06:12:12Z,Karlis Ozolins,626,58,23.0,atp_daily_snapshot
2026-04-17,2026-04-17T06:12:12Z,P. Sornlaksup,627,58,,atp_daily_snapshot
2026-04-17,2026-04-17T06:12:12Z,Pawit Sornlaksup,627,58,26.0,atp_daily_snapshot
2026-04-17,2026-04-17T06:12:12Z,N. Ehrenschneider,628,58,,atp_daily_snapshot
2026-04-17,2026-04-17T06:12:12Z,Nino Ehrenschneider,628,58,25.0,atp_daily_snapshot
2026-04-17,2026-04-17T06:12:12Z,A. Oetzbach,629,58,,atp_daily_snapshot
2026-04-17,2026-04-17T06:12:12Z,Adrian Oetzbach,629,58,28.0,atp_daily_snapshot
2026-04-17,2026-04-17T06:12:12Z,M. Valkusz,630,57,,atp_daily_snapshot
2026-04-17,2026-04-17T06:12:12Z,Mate Valkusz,630,57,27.0,atp_daily_snapshot
2026-04-17,2026-04-17T06:12:12Z,S. Dev,631,57,,atp_daily_snapshot
2026-04-17,2026-04-17T06:12:12Z,S D Prajwal Dev,631,57,29.0,atp_daily_snapshot
2026-04-17,2026-04-17T06:12:12Z,B. Fernandez,632,57,,atp_daily_snapshot
2026-04-17,2026-04-17T06:12:12Z,Bruno Fernandez,632,57,21.0,atp_daily_snapshot
2026-04-17,2026-04-17T06:12:12Z,M. Zielinski,633,57,,atp_daily_snapshot
2026-04-17,2026-04-17T06:12:12Z,Marcel Zielinski,633,57,25.0,atp_daily_snapshot
2026-04-17,2026-04-17T06:12:12Z,K. Miyoshi,634,56,,atp_daily_snapshot
2026-04-17,2026-04-17T06:12:12Z,Kenta Miyoshi,634,56,22.0,atp_daily_snapshot
2026-04-17,2026-04-17T06:12:12Z,M. Beauge,635,56,,atp_daily_snapshot
2026-04-17,2026-04-17T06:12:12Z,Maxence Beauge,635,56,25.0,atp_daily_snapshot
2026-04-17,2026-04-17T06:12:12Z,G. Oradini,636,56,,atp_daily_snapshot
2026-04-17,2026-04-17T06:12:12Z,Giovanni Oradini,636,56,28.0,atp_daily_snapshot
2026-04-17,2026-04-17T06:12:12Z,Y. Bai,637,55,,atp_daily_snapshot
2026-04-17,2026-04-17T06:12:12Z,Yan Bai,637,55,36.0,atp_daily_snapshot
2026-04-17,2026-04-17T06:12:12Z,Y. Kawahashi,638,55,,atp_daily_snapshot
2026-04-17,2026-04-17T06:12:12Z,Yuta Kawahashi,638,55,28.0,atp_daily_snapshot
2026-04-17,2026-04-17T06:12:12Z,L. Sciahbasi,639,55,,atp_daily_snapshot
2026-04-17,2026-04-17T06:12:12Z,Lorenzo Sciahbasi,639,55,20.0,atp_daily_snapshot
2026-04-17,2026-04-17T06:12:12Z,P. Makk,640,55,,atp_daily_snapshot
2026-04-17,2026-04-17T06:12:12Z,Peter Makk,640,55,24.0,atp_daily_snapshot
2026-04-17,2026-04-17T06:12:12Z,W. Shin,641,55,,atp_daily_snapshot
2026-04-17,2026-04-17T06:12:12Z,Woobin Shin,641,55,22.0,atp_daily_snapshot
2026-04-17,2026-04-17T06:12:12Z,E. Demanet,642,55,,atp_daily_snapshot
2026-04-17,2026-04-17T06:12:12Z,Emilien Demanet,642,55,20.0,atp_daily_snapshot
2026-04-17,2026-04-17T06:12:12Z,Y. Ghazouani Durand,643,55,,atp_daily_snapshot
2026-04-17,2026-04-17T06:12:12Z,Yanis Ghazouani Durand,643,55,25.0,atp_daily_snapshot
2026-04-17,2026-04-17T06:12:12Z,S. Parker,644,54,,atp_daily_snapshot
2026-04-17,2026-04-17T06:12:12Z,Stuart Parker,644,54,28.0,atp_daily_snapshot
2026-04-17,2026-04-17T06:12:12Z,Y. Kusuhara,645,54,,atp_daily_snapshot
2026-04-17,2026-04-17T06:12:12Z,Yusuke Kusuhara,645,54,28.0,atp_daily_snapshot
2026-04-17,2026-04-17T06:12:12Z,S. De La Fuente,646,54,,atp_daily_snapshot
2026-04-17,2026-04-17T06:12:12Z,Santiago De La Fuente,646,54,24.0,atp_daily_snapshot
2026-04-17,2026-04-17T06:12:12Z,T. Paroulek,647,54,,atp_daily_snapshot
2026-04-17,2026-04-17T06:12:12Z,Tadeas Paroulek,647,54,26.0,atp_daily_snapshot
2026-04-17,2026-04-17T06:12:12Z,M. Petkovic,648,54,,atp_daily_snapshot
2026-04-17,2026-04-17T06:12:12Z,Mika Petkovic,648,54,19.0,atp_daily_snapshot
2026-04-17,2026-04-17T06:12:12Z,M. Leong,649,54,,atp_daily_snapshot
2026-04-17,2026-04-17T06:12:12Z,Mitsuki Wei Kang Leong,649,54,21.0,atp_daily_snapshot
2026-04-17,2026-04-17T06:12:12Z,S. Kirchheimer,650,54,,atp_daily_snapshot
2026-04-17,2026-04-17T06:12:12Z,Strong Kirchheimer,650,54,30.0,atp_daily_snapshot
2026-04-17,2026-04-17T06:12:12Z,A. Ouakaa,651,54,,atp_daily_snapshot
2026-04-17,2026-04-17T06:12:12Z,Aziz Ouakaa,651,54,26.0,atp_daily_snapshot
2026-04-17,2026-04-17T06:12:12Z,J. Rodriguez,652,53,,atp_daily_snapshot
2026-04-17,2026-04-17T06:12:12Z,Johan Alexander Rodriguez,652,53,22.0,atp_daily_snapshot
2026-04-17,2026-04-17T06:12:12Z,K. Sell,653,53,,atp_daily_snapshot
2026-04-17,2026-04-17T06:12:12Z,Karue Sell,653,53,32.0,atp_daily_snapshot
2026-04-17,2026-04-17T06:12:12Z,I. Kudriashov,654,53,,atp_daily_snapshot
2026-04-17,2026-04-17T06:12:12Z,Igor Kudriashov,654,53,22.0,atp_daily_snapshot
2026-04-17,2026-04-17T06:12:12Z,T. Derepasko,655,53,,atp_daily_snapshot
2026-04-17,2026-04-17T06:12:12Z,Timofei Derepasko,655,53,19.0,atp_daily_snapshot
2026-04-17,2026-04-17T06:12:12Z,M. Bassem Sobhy,656,53,,atp_daily_snapshot
2026-04-17,2026-04-17T06:12:12Z,Michael Bassem Sobhy,656,53,21.0,atp_daily_snapshot
2026-04-17,2026-04-17T06:12:12Z,C. Ferguson,657,53,,atp_daily_snapshot
2026-04-17,2026-04-17T06:12:12Z,Chase Ferguson,657,53,27.0,atp_daily_snapshot
2026-04-17,2026-04-17T06:12:12Z,E. Ejupovic,658,52,,atp_daily_snapshot
2026-04-17,2026-04-17T06:12:12Z,Elmar Ejupovic,658,52,33.0,atp_daily_snapshot
2026-04-17,2026-04-17T06:12:12Z,K. Kang,659,52,,atp_daily_snapshot
2026-04-17,2026-04-17T06:12:12Z,Kyle Kang,659,52,21.0,atp_daily_snapshot
2026-04-17,2026-04-17T06:12:12Z,T. Lamasine,660,52,,atp_daily_snapshot
2026-04-17,2026-04-17T06:12:12Z,Tristan Lamasine,660,52,33.0,atp_daily_snapshot
2026-04-17,2026-04-17T06:12:12Z,A. Kim,661,52,,atp_daily_snapshot
2026-04-17,2026-04-17T06:12:12Z,Aidan Kim,661,52,21.0,atp_daily_snapshot
2026-04-17,2026-04-17T06:12:12Z,R. Turcanu,662,52,,atp_daily_snapshot
2026-04-17,2026-04-17T06:12:12Z,Radu David Turcanu,662,52,20.0,atp_daily_snapshot
2026-04-17,2026-04-17T06:12:12Z,Y. Kikuchi,663,52,,atp_daily_snapshot
2026-04-17,2026-04-17T06:12:12Z,Yuta Kikuchi,663,52,26.0,atp_daily_snapshot
2026-04-17,2026-04-17T06:12:12Z,K. Bigun,664,52,,atp_daily_snapshot
2026-04-17,2026-04-17T06:12:12Z,Kaylan Bigun,664,52,19.0,atp_daily_snapshot
2026-04-17,2026-04-17T06:12:12Z,D. Chan,665,51,,atp_daily_snapshot
2026-04-17,2026-04-17T06:12:12Z,Duncan Chan,665,51,20.0,atp_daily_snapshot
2026-04-17,2026-04-17T06:12:12Z,J. Watt,666,51,,atp_daily_snapshot
2026-04-17,2026-04-17T06:12:12Z,James Watt,666,51,25.0,atp_daily_snapshot
2026-04-17,2026-04-17T06:12:12Z,S. Imai,667,51,,atp_daily_snapshot
2026-04-17,2026-04-17T06:12:12Z,Shintaro Imai,667,51,32.0,atp_daily_snapshot
2026-04-17,2026-04-17T06:12:12Z,J. Echeverria,668,51,,atp_daily_snapshot
2026-04-17,2026-04-17T06:12:12Z,John Echeverria,668,51,24.0,atp_daily_snapshot
2026-04-17,2026-04-17T06:12:12Z,D. De Jonge,669,51,,atp_daily_snapshot
2026-04-17,2026-04-17T06:12:12Z,Daniel De Jonge,669,51,26.0,atp_daily_snapshot
2026-04-17,2026-04-17T06:12:12Z,R. Dickerson,670,51,,atp_daily_snapshot
2026-04-17,2026-04-17T06:12:12Z,Ryan Dickerson,670,51,28.0,atp_daily_snapshot
2026-04-17,2026-04-17T06:12:12Z,R. Gasquet,671,50,,atp_daily_snapshot
2026-04-17,2026-04-17T06:12:12Z,Richard Gasquet,671,50,39.0,atp_daily_snapshot
2026-04-17,2026-04-17T06:12:12Z,C. Huertas del Pino,672,50,,atp_daily_snapshot
2026-04-17,2026-04-17T06:12:12Z,Conner Huertas del Pino,672,50,30.0,atp_daily_snapshot
2026-04-17,2026-04-17T06:12:12Z,I. Radulov,673,50,,atp_daily_snapshot
2026-04-17,2026-04-17T06:12:12Z,Iliyan Radulov,673,50,20.0,atp_daily_snapshot
2026-04-17,2026-04-17T06:12:12Z,G. Young,674,50,,atp_daily_snapshot
2026-04-17,2026-04-17T06:12:12Z,Gavin Young,674,50,23.0,atp_daily_snapshot
2026-04-17,2026-04-17T06:12:12Z,N. Nakagawa,675,50,,atp_daily_snapshot
2026-04-17,2026-04-17T06:12:12Z,Naoki Nakagawa,675,50,29.0,atp_daily_snapshot
2026-04-17,2026-04-17T06:12:12Z,R. Te,676,50,,atp_daily_snapshot
2026-04-17,2026-04-17T06:12:12Z,Rigele Te,676,50,28.0,atp_daily_snapshot
2026-04-17,2026-04-17T06:12:12Z,M. Zeitune,677,50,,atp_daily_snapshot
2026-04-17,2026-04-17T06:12:12Z,Maximo Zeitune,677,50,20.0,atp_daily_snapshot
2026-04-17,2026-04-17T06:12:12Z,D. Nunez,678,50,,atp_daily_snapshot
2026-04-17,2026-04-17T06:12:12Z,Daniel Antonio Nunez,678,50,24.0,atp_daily_snapshot
2026-04-17,2026-04-17T06:12:12Z,T. Sahtali,679,50,,atp_daily_snapshot
2026-04-17,2026-04-17T06:12:12Z,Toufik Sahtali,679,50,27.0,atp_daily_snapshot
2026-04-17,2026-04-17T06:12:12Z,N. Tepmahc,680,50,,atp_daily_snapshot
2026-04-17,2026-04-17T06:12:12Z,Nicolas Tepmahc,680,50,24.0,atp_daily_snapshot
2026-04-17,2026-04-17T06:12:12Z,L. Rossi,681,50,,atp_daily_snapshot
2026-04-17,2026-04-17T06:12:12Z,Leonardo Rossi,681,50,23.0,atp_daily_snapshot
2026-04-17,2026-04-17T06:12:12Z,P. Basile,682,49,,atp_daily_snapshot
2026-04-17,2026-04-17T06:12:12Z,Pierluigi Basile,682,49,19.0,atp_daily_snapshot
2026-04-17,2026-04-17T06:12:12Z,I. Ivashka,683,49,,atp_daily_snapshot
2026-04-17,2026-04-17T06:12:12Z,Ilya Ivashka,683,49,32.0,atp_daily_snapshot
2026-04-17,2026-04-17T06:12:12Z,M. Agwi,684,49,,atp_daily_snapshot
2026-04-17,2026-04-17T06:12:12Z,Michael Agwi,684,49,22.0,atp_daily_snapshot
2026-04-17,2026-04-17T06:12:12Z,D. Kellovsky,685,49,,atp_daily_snapshot
2026-04-17,2026-04-17T06:12:12Z,Dominik Kellovsky,685,49,29.0,atp_daily_snapshot
2026-04-17,2026-04-17T06:12:12Z,Y. Demin,686,49,,atp_daily_snapshot
2026-04-17,2026-04-17T06:12:12Z,Yaroslav Demin,686,49,20.0,atp_daily_snapshot
2026-04-17,2026-04-17T06:12:12Z,A. Donski,687,48,,atp_daily_snapshot
2026-04-17,2026-04-17T06:12:12Z,Alexander Donski,687,48,27.0,atp_daily_snapshot
2026-04-17,2026-04-17T06:12:12Z,S. Vincent Ruggeri,688,48,,atp_daily_snapshot
2026-04-17,2026-04-17T06:12:12Z,Samuel Vincent Ruggeri,688,48,23.0,atp_daily_snapshot
2026-04-17,2026-04-17T06:12:12Z,D. Ostapenkov,689,48,,atp_daily_snapshot
2026-04-17,2026-04-17T06:12:12Z,Daniil Ostapenkov,689,48,22.0,atp_daily_snapshot
2026-04-17,2026-04-17T06:12:12Z,M. Steiner,690,48,,atp_daily_snapshot
2026-04-17,2026-04-17T06:12:12Z,Maik Steiner,690,48,31.0,atp_daily_snapshot
2026-04-17,2026-04-17T06:12:12Z,A. Yazdani,691,48,,atp_daily_snapshot
2026-04-17,2026-04-17T06:12:12Z,Ali Yazdani,691,48,22.0,atp_daily_snapshot
2026-04-17,2026-04-17T06:12:12Z,M. De Krom,692,48,,atp_daily_snapshot
2026-04-17,2026-04-17T06:12:12Z,Michiel De Krom,692,48,27.0,atp_daily_snapshot
2026-04-17,2026-04-17T06:12:12Z,L. Vithoontien,693,48,,atp_daily_snapshot
2026-04-17,2026-04-17T06:12:12Z,Leo Vithoontien,693,48,26.0,atp_daily_snapshot
2026-04-17,2026-04-17T06:12:12Z,D. Sakellaridis,694,48,,atp_daily_snapshot
2026-04-17,2026-04-17T06:12:12Z,Dimitris Sakellaridis,694,48,19.0,atp_daily_snapshot
2026-04-17,2026-04-17T06:12:12Z,A. Reymond,695,47,,atp_daily_snapshot
2026-04-17,2026-04-17T06:12:12Z,Arthur Reymond,695,47,27.0,atp_daily_snapshot
2026-04-17,2026-04-17T06:12:12Z,C. Hewitt,696,47,,atp_daily_snapshot
2026-04-17,2026-04-17T06:12:12Z,Cruz Hewitt,696,47,17.0,atp_daily_snapshot
2026-04-17,2026-04-17T06:12:12Z,M. Covato,697,47,,atp_daily_snapshot
2026-04-17,2026-04-17T06:12:12Z,Matteo Covato,697,47,20.0,atp_daily_snapshot
2026-04-17,2026-04-17T06:12:12Z,I. Monzon,698,47,,atp_daily_snapshot
2026-04-17,2026-04-17T06:12:12Z,Ignacio Monzon,698,47,28.0,atp_daily_snapshot
2026-04-17,2026-04-17T06:12:12Z,G. Dalmasso,699,47,,atp_daily_snapshot
2026-04-17,2026-04-17T06:12:12Z,Guillaume Dalmasso,699,47,23.0,atp_daily_snapshot
2026-04-17,2026-04-17T06:12:12Z,C. Williams,700,46,,atp_daily_snapshot
2026-04-17,2026-04-17T06:12:12Z,Cooper Williams,700,46,20.0,atp_daily_snapshot
2026-04-17,2026-04-17T06:12:12Z,T. Kodat,701,46,,atp_daily_snapshot
2026-04-17,2026-04-17T06:12:12Z,Toby Kodat,701,46,23.0,atp_daily_snapshot
2026-04-17,2026-04-17T06:12:12Z,M. Cerny,702,46,,atp_daily_snapshot
2026-04-17,2026-04-17T06:12:12Z,Matyas Cerny,702,46,24.0,atp_daily_snapshot
2026-04-17,2026-04-17T06:12:12Z,A. Magadan,703,46,,atp_daily_snapshot
2026-04-17,2026-04-17T06:12:12Z,Alan Magadan,703,46,24.0,atp_daily_snapshot
2026-04-17,2026-04-17T06:12:12Z,K. Edmund,704,45,,atp_daily_snapshot
2026-04-17,2026-04-17T06:12:12Z,Kyle Edmund,704,45,31.0,atp_daily_snapshot
2026-04-17,2026-04-17T06:12:12Z,P. Martinez Gomez,705,45,,atp_daily_snapshot
2026-04-17,2026-04-17T06:12:12Z,Pablo Martinez Gomez,705,45,20.0,atp_daily_snapshot
2026-04-17,2026-04-17T06:12:12Z,A. Santamarta Roig,706,45,,atp_daily_snapshot
2026-04-17,2026-04-17T06:12:12Z,Andres Santamarta Roig,706,45,19.0,atp_daily_snapshot
2026-04-17,2026-04-17T06:12:12Z,S. Fukuda,707,45,,atp_daily_snapshot
2026-04-17,2026-04-17T06:12:12Z,Sora Fukuda,707,45,28.0,atp_daily_snapshot
2026-04-17,2026-04-17T06:12:12Z,U. Park,708,45,,atp_daily_snapshot
2026-04-17,2026-04-17T06:12:12Z,Uisung Park,708,45,25.0,atp_daily_snapshot
2026-04-17,2026-04-17T06:12:12Z,R. Alujas,709,45,,atp_daily_snapshot
2026-04-17,2026-04-17T06:12:12Z,Rodrigo Alujas,709,45,23.0,atp_daily_snapshot
2026-04-17,2026-04-17T06:12:12Z,F. Juarez,710,44,,atp_daily_snapshot
2026-04-17,2026-04-17T06:12:12Z,Facundo Juarez,710,44,28.0,atp_daily_snapshot
2026-04-17,2026-04-17T06:12:12Z,P. Bertran,711,44,,atp_daily_snapshot
2026-04-17,2026-04-17T06:12:12Z,Peter Bertran,711,44,30.0,atp_daily_snapshot
2026-04-17,2026-04-17T06:12:12Z,M. Bobichon,712,44,,atp_daily_snapshot
2026-04-17,2026-04-17T06:12:12Z,Matisse Bobichon,712,44,24.0,atp_daily_snapshot
2026-04-17,2026-04-17T06:12:12Z,Y. Mo,713,44,,atp_daily_snapshot
2026-04-17,2026-04-17T06:12:12Z,Ye Cong Mo,713,44,25.0,atp_daily_snapshot
2026-04-17,2026-04-17T06:12:12Z,J. Pereira,714,44,,atp_daily_snapshot
2026-04-17,2026-04-17T06:12:12Z,Jose Pereira,714,44,35.0,atp_daily_snapshot
2026-04-17,2026-04-17T06:12:12Z,M. Neuchrist,715,44,,atp_daily_snapshot
2026-04-17,2026-04-17T06:12:12Z,Maximilian Neuchrist,715,44,34.0,atp_daily_snapshot
2026-04-17,2026-04-17T06:12:12Z,G. Pennaforti,716,44,,atp_daily_snapshot
2026-04-17,2026-04-17T06:12:12Z,Gabriele Pennaforti,716,44,25.0,atp_daily_snapshot
2026-04-17,2026-04-17T06:12:12Z,B. Torrealba,717,44,,atp_daily_snapshot
2026-04-17,2026-04-17T06:12:12Z,Benjamin Torrealba,717,44,20.0,atp_daily_snapshot
2026-04-17,2026-04-17T06:12:12Z,N. Ionel,718,44,,atp_daily_snapshot
2026-04-17,2026-04-17T06:12:12Z,Nicholas David Ionel,718,44,23.0,atp_daily_snapshot
2026-04-17,2026-04-17T06:12:12Z,S. Heredia,719,44,,atp_daily_snapshot
2026-04-17,2026-04-17T06:12:12Z,Samuel Heredia,719,44,19.0,atp_daily_snapshot
2026-04-17,2026-04-17T06:12:12Z,E. Ruusuvuori,720,43,,atp_daily_snapshot
2026-04-17,2026-04-17T06:12:12Z,Emil Ruusuvuori,720,43,27.0,atp_daily_snapshot
2026-04-17,2026-04-17T06:12:12Z,L. Gerch,721,43,,atp_daily_snapshot
2026-04-17,2026-04-17T06:12:12Z,Lucas Gerch,721,43,31.0,atp_daily_snapshot
2026-04-17,2026-04-17T06:12:12Z,A. Shepp,722,43,,atp_daily_snapshot
2026-04-17,2026-04-17T06:12:12Z,Anton Shepp,722,43,23.0,atp_daily_snapshot
2026-04-17,2026-04-17T06:12:12Z,L. Raquillet,723,43,,atp_daily_snapshot
2026-04-17,2026-04-17T06:12:12Z,Leo Raquillet,723,43,20.0,atp_daily_snapshot
2026-04-17,2026-04-17T06:12:12Z,S. Hazawa,724,43,,atp_daily_snapshot
2026-04-17,2026-04-17T06:12:12Z,Shinji Hazawa,724,43,27.0,atp_daily_snapshot
2026-04-17,2026-04-17T06:12:12Z,G. Nanda,725,42,,atp_daily_snapshot
2026-04-17,2026-04-17T06:12:12Z,Govind Nanda,725,42,25.0,atp_daily_snapshot
2026-04-17,2026-04-17T06:12:12Z,M. Rehberg,726,42,,atp_daily_snapshot
2026-04-17,2026-04-17T06:12:12Z,Max Hans Rehberg,726,42,22.0,atp_daily_snapshot
2026-04-17,2026-04-17T06:12:12Z,A. Forger,727,42,,atp_daily_snapshot
2026-04-17,2026-04-17T06:12:12Z,Abel Forger,727,42,20.0,atp_daily_snapshot
2026-04-17,2026-04-17T06:12:12Z,A. Juan Mano,728,42,,atp_daily_snapshot
2026-04-17,2026-04-17T06:12:12Z,Alejandro Juan Mano,728,42,21.0,atp_daily_snapshot
2026-04-17,2026-04-17T06:12:12Z,W. Grant,729,42,,atp_daily_snapshot
2026-04-17,2026-04-17T06:12:12Z,William Grant,729,42,25.0,atp_daily_snapshot
2026-04-17,2026-04-17T06:12:12Z,M. Summers,730,42,,atp_daily_snapshot
2026-04-17,2026-04-17T06:12:12Z,Matthew Summers,730,42,27.0,atp_daily_snapshot
2026-04-17,2026-04-17T06:12:12Z,E. Zhu,731,42,,atp_daily_snapshot
2026-04-17,2026-04-17T06:12:12Z,Evan Zhu,731,42,27.0,atp_daily_snapshot
2026-04-17,2026-04-17T06:12:12Z,R. Fishback,732,42,,atp_daily_snapshot
2026-04-17,2026-04-17T06:12:12Z,Ryan Fishback,732,42,23.0,atp_daily_snapshot
2026-04-17,2026-04-17T06:12:12Z,D. Wenger,733,41,,atp_daily_snapshot
2026-04-17,2026-04-17T06:12:12Z,Damien Wenger,733,41,26.0,atp_daily_snapshot
2026-04-17,2026-04-17T06:12:12Z,M. Mbithi,734,41,,atp_daily_snapshot
2026-04-17,2026-04-17T06:12:12Z,Mwendwa Mbithi,734,41,28.0,atp_daily_snapshot
2026-04-17,2026-04-17T06:12:12Z,M. Bertimon,735,41,,atp_daily_snapshot
2026-04-17,2026-04-17T06:12:12Z,Maxence Bertimon,735,41,26.0,atp_daily_snapshot
2026-04-17,2026-04-17T06:12:12Z,Y. Milev,736,41,,atp_daily_snapshot
2026-04-17,2026-04-17T06:12:12Z,Yanaki Milev,736,41,21.0,atp_daily_snapshot
2026-04-17,2026-04-17T06:12:12Z,M. Marterer,737,40,,atp_daily_snapshot
2026-04-17,2026-04-17T06:12:12Z,Maximilian Marterer,737,40,30.0,atp_daily_snapshot
2026-04-17,2026-04-17T06:12:12Z,A. Gautier,738,40,,atp_daily_snapshot
2026-04-17,2026-04-17T06:12:12Z,Alexis Gautier,738,40,29.0,atp_daily_snapshot
2026-04-17,2026-04-17T06:12:12Z,M. Fitriadi,739,40,,atp_daily_snapshot
2026-04-17,2026-04-17T06:12:12Z,M Rifki Fitriadi,739,40,27.0,atp_daily_snapshot
2026-04-17,2026-04-17T06:12:12Z,P. Delage,740,40,,atp_daily_snapshot
2026-04-17,2026-04-17T06:12:12Z,Pierre Delage,740,40,25.0,atp_daily_snapshot
2026-04-17,2026-04-17T06:12:12Z,L. Xiao,741,40,,atp_daily_snapshot
2026-04-17,2026-04-17T06:12:12Z,Linang Xiao,741,40,26.0,atp_daily_snapshot
2026-04-17,2026-04-17T06:12:12Z,M. Kuhar,742,40,,atp_daily_snapshot
2026-04-17,2026-04-17T06:12:12Z,Matt Kuhar,742,40,29.0,atp_daily_snapshot
2026-04-17,2026-04-17T06:12:12Z,B. Jones,743,40,,atp_daily_snapshot
2026-04-17,2026-04-17T06:12:12Z,Ben Jones,743,40,27.0,atp_daily_snapshot
2026-04-17,2026-04-17T06:12:12Z,D. Barreto Sanchez,744,40,,atp_daily_snapshot
2026-04-17,2026-04-17T06:12:12Z,Diego Augusto Barreto Sanchez,744,40,23.0,atp_daily_snapshot
2026-04-17,2026-04-17T06:12:12Z,T. Handel,745,40,,atp_daily_snapshot
2026-04-17,2026-04-17T06:12:12Z,Tim Handel,745,40,29.0,atp_daily_snapshot
2026-04-17,2026-04-17T06:12:12Z,A. Braynin,746,40,,atp_daily_snapshot
2026-04-17,2026-04-17T06:12:12Z,Aleksandr Braynin,746,40,26.0,atp_daily_snapshot
2026-04-17,2026-04-17T06:12:12Z,P. Bailly,747,39,,atp_daily_snapshot
2026-04-17,2026-04-17T06:12:12Z,Pierre Yves Bailly,747,39,22.0,atp_daily_snapshot
2026-04-17,2026-04-17T06:12:12Z,B. Baker,748,39,,atp_daily_snapshot
2026-04-17,2026-04-17T06:12:12Z,Blu Baker,748,39,24.0,atp_daily_snapshot
2026-04-17,2026-04-17T06:12:12Z,T. Duran,749,39,,atp_daily_snapshot
2026-04-17,2026-04-17T06:12:12Z,Tuncay Duran,749,39,21.0,atp_daily_snapshot
2026-04-17,2026-04-17T06:12:12Z,N. Barsukov,750,39,,atp_daily_snapshot
2026-04-17,2026-04-17T06:12:12Z,Nikolai Barsukov,750,39,19.0,atp_daily_snapshot
2026-04-17,2026-04-17T06:12:12Z,M. Vankan,751,39,,atp_daily_snapshot
2026-04-17,2026-04-17T06:12:12Z,Marlon Vankan,751,39,25.0,atp_daily_snapshot
2026-04-17,2026-04-17T06:12:12Z,N. Villalon,752,39,,atp_daily_snapshot
2026-04-17,2026-04-17T06:12:12Z,Nicolas Villalon,752,39,22.0,atp_daily_snapshot
2026-04-17,2026-04-17T06:12:12Z,K. Wehnelt,753,39,,atp_daily_snapshot
2026-04-17,2026-04-17T06:12:12Z,Kai Wehnelt,753,39,30.0,atp_daily_snapshot
2026-04-17,2026-04-17T06:12:12Z,L. Massard,754,39,,atp_daily_snapshot
2026-04-17,2026-04-17T06:12:12Z,Loann Massard,754,39,20.0,atp_daily_snapshot
2026-04-17,2026-04-17T06:12:12Z,J. Simundza,755,39,,atp_daily_snapshot
2026-04-17,2026-04-17T06:12:12Z,Josip Simundza,755,39,21.0,atp_daily_snapshot
2026-04-17,2026-04-17T06:12:12Z,F. Lechno-Wasiutynski,756,38,,atp_daily_snapshot
2026-04-17,2026-04-17T06:12:12Z,Fryderyk Lechno-Wasiutynski,756,38,21.0,atp_daily_snapshot
2026-04-17,2026-04-17T06:12:12Z,J. Nam,757,38,,atp_daily_snapshot
2026-04-17,2026-04-17T06:12:12Z,JiSung Nam,757,38,32.0,atp_daily_snapshot
2026-04-17,2026-04-17T06:12:12Z,P. Lagutin,758,38,,atp_daily_snapshot
2026-04-17,2026-04-17T06:12:12Z,Pavel Lagutin,758,38,21.0,atp_daily_snapshot
2026-04-17,2026-04-17T06:12:12Z,T. Papamalamis,759,38,,atp_daily_snapshot
2026-04-17,2026-04-17T06:12:12Z,Theo Papamalamis,759,38,20.0,atp_daily_snapshot
2026-04-17,2026-04-17T06:12:12Z,M. Fuele,760,38,,atp_daily_snapshot
2026-04-17,2026-04-17T06:12:12Z,Matyas Fuele,760,38,27.0,atp_daily_snapshot
2026-04-17,2026-04-17T06:12:12Z,L. Wiedenmann,761,38,,atp_daily_snapshot
2026-04-17,2026-04-17T06:12:12Z,Luca Wiedenmann,761,38,27.0,atp_daily_snapshot
2026-04-17,2026-04-17T06:12:12Z,T. Farjat,762,38,,atp_daily_snapshot
2026-04-17,2026-04-17T06:12:12Z,Tomas Farjat,762,38,25.0,atp_daily_snapshot
2026-04-17,2026-04-17T06:12:12Z,I. Parisca Romera,763,38,,atp_daily_snapshot
2026-04-17,2026-04-17T06:12:12Z,Ignacio Parisca Romera,763,38,20.0,atp_daily_snapshot
2026-04-17,2026-04-17T06:12:12Z,O. Krutykh,764,38,,atp_daily_snapshot
2026-04-17,2026-04-17T06:12:12Z,Oleksii Krutykh,764,38,26.0,atp_daily_snapshot
2026-04-17,2026-04-17T06:12:12Z,K. De Schepper,765,38,,atp_daily_snapshot
2026-04-17,2026-04-17T06:12:12Z,Kenny De Schepper,765,38,38.0,atp_daily_snapshot
2026-04-17,2026-04-17T06:12:12Z,O. Gutierrez,766,38,,atp_daily_snapshot
2026-04-17,2026-04-17T06:12:12Z,Oscar Jose Gutierrez,766,38,32.0,atp_daily_snapshot
2026-04-17,2026-04-17T06:12:12Z,R. Olivo,767,37,,atp_daily_snapshot
2026-04-17,2026-04-17T06:12:12Z,Renzo Olivo,767,37,34.0,atp_daily_snapshot
2026-04-17,2026-04-17T06:12:12Z,R. Colby,768,37,,atp_daily_snapshot
2026-04-17,2026-04-17T06:12:12Z,Ryan Colby,768,37,22.0,atp_daily_snapshot
2026-04-17,2026-04-17T06:12:12Z,A. Manzanera Pertusa,769,37,,atp_daily_snapshot
2026-04-17,2026-04-17T06:12:12Z,Alejandro Manzanera Pertusa,769,37,23.0,atp_daily_snapshot
2026-04-17,2026-04-17T06:12:12Z,S. Slump,770,37,,atp_daily_snapshot
2026-04-17,2026-04-17T06:12:12Z,Stijn Slump,770,37,27.0,atp_daily_snapshot
2026-04-17,2026-04-17T06:12:12Z,M. Efstathiou,771,37,,atp_daily_snapshot
2026-04-17,2026-04-17T06:12:12Z,Melios Efstathiou,771,37,27.0,atp_daily_snapshot
2026-04-17,2026-04-17T06:12:12Z,J. Sperle,772,37,,atp_daily_snapshot
2026-04-17,2026-04-17T06:12:12Z,John Sperle,772,37,24.0,atp_daily_snapshot
2026-04-17,2026-04-17T06:12:12Z,S. Linde Palacios,773,37,,atp_daily_snapshot
2026-04-17,2026-04-17T06:12:12Z,Samuel Alejandro Linde Palacios,773,37,18.0,atp_daily_snapshot
2026-04-17,2026-04-17T06:12:12Z,O. Weightman,774,36,,atp_daily_snapshot
2026-04-17,2026-04-17T06:12:12Z,Oscar Weightman,774,36,24.0,atp_daily_snapshot
2026-04-17,2026-04-17T06:12:12Z,J. Anthrop,775,36,,atp_daily_snapshot
2026-04-17,2026-04-17T06:12:12Z,Jack Anthrop,775,36,22.0,atp_daily_snapshot
2026-04-17,2026-04-17T06:12:12Z,N. Belozertsev,776,36,,atp_daily_snapshot
2026-04-17,2026-04-17T06:12:12Z,Nikita Belozertsev,776,36,17.0,atp_daily_snapshot
2026-04-17,2026-04-17T06:12:12Z,O. Poulsen,777,36,,atp_daily_snapshot
2026-04-17,2026-04-17T06:12:12Z,Oskar Brostrom Poulsen,777,36,24.0,atp_daily_snapshot
2026-04-17,2026-04-17T06:12:12Z,P. Schoen,778,36,,atp_daily_snapshot
2026-04-17,2026-04-17T06:12:12Z,Patrick Schoen,778,36,20.0,atp_daily_snapshot
2026-04-17,2026-04-17T06:12:12Z,E. Tiurnev,779,36,,atp_daily_snapshot
2026-04-17,2026-04-17T06:12:12Z,Evgenii Tiurnev,779,36,29.0,atp_daily_snapshot
2026-04-17,2026-04-17T06:12:12Z,D. Novak,780,36,,atp_daily_snapshot
2026-04-17,2026-04-17T06:12:12Z,Dennis Novak,780,36,32.0,atp_daily_snapshot
2026-04-17,2026-04-17T06:12:12Z,A. Knaff,781,36,,atp_daily_snapshot
2026-04-17,2026-04-17T06:12:12Z,Alex Knaff,781,36,28.0,atp_daily_snapshot
2026-04-17,2026-04-17T06:12:12Z,A. Boros,782,36,,atp_daily_snapshot
2026-04-17,2026-04-17T06:12:12Z,Attila Boros,782,36,22.0,atp_daily_snapshot
2026-04-17,2026-04-17T06:12:12Z,T. Zhang,783,36,,atp_daily_snapshot
2026-04-17,2026-04-17T06:12:12Z,Tianhui Zhang,783,36,20.0,atp_daily_snapshot
2026-04-17,2026-04-17T06:12:12Z,Y. Kelm,784,36,,atp_daily_snapshot
2026-04-17,2026-04-17T06:12:12Z,Yannik Kelm,784,36,21.0,atp_daily_snapshot
2026-04-17,2026-04-17T06:12:12Z,L. Angelini,785,36,,atp_daily_snapshot
2026-04-17,2026-04-17T06:12:12Z,Lorenzo Angelini,785,36,20.0,atp_daily_snapshot
2026-04-17,2026-04-17T06:12:12Z,L. Castagnola,786,36,,atp_daily_snapshot
2026-04-17,2026-04-17T06:12:12Z,Luca Castagnola,786,36,23.0,atp_daily_snapshot
2026-04-17,2026-04-17T06:12:12Z,E. Couacaud,787,35,,atp_daily_snapshot
2026-04-17,2026-04-17T06:12:12Z,Enzo Couacaud,787,35,31.0,atp_daily_snapshot
2026-04-17,2026-04-17T06:12:12Z,L. Andrade Da Silva,788,35,,atp_daily_snapshot
2026-04-17,2026-04-17T06:12:12Z,Lucas Andrade Da Silva,788,35,21.0,atp_daily_snapshot
2026-04-17,2026-04-17T06:12:12Z,H. Heck,789,35,,atp_daily_snapshot
2026-04-17,2026-04-17T06:12:12Z,Hunter Heck,789,35,23.0,atp_daily_snapshot
2026-04-17,2026-04-17T06:12:12Z,R. Pascual Ferra,790,35,,atp_daily_snapshot
2026-04-17,2026-04-17T06:12:12Z,Roger Pascual Ferra,790,35,20.0,atp_daily_snapshot
2026-04-17,2026-04-17T06:12:12Z,J. Kovalik,791,35,,atp_daily_snapshot
2026-04-17,2026-04-17T06:12:12Z,Jozef Kovalik,791,35,33.0,atp_daily_snapshot
2026-04-17,2026-04-17T06:12:12Z,S. Jones,792,35,,atp_daily_snapshot
2026-04-17,2026-04-17T06:12:12Z,Scott Jones,792,35,28.0,atp_daily_snapshot
2026-04-17,2026-04-17T06:12:12Z,J. Bradshaw,793,35,,atp_daily_snapshot
2026-04-17,2026-04-17T06:12:12Z,Jacob Bradshaw,793,35,23.0,atp_daily_snapshot
2026-04-17,2026-04-17T06:12:12Z,G. Ghetu,794,35,,atp_daily_snapshot
2026-04-17,2026-04-17T06:12:12Z,Gabriel Ghetu,794,35,18.0,atp_daily_snapshot
2026-04-17,2026-04-17T06:12:12Z,F. Corwin,795,35,,atp_daily_snapshot
2026-04-17,2026-04-17T06:12:12Z,Felix Corwin,795,35,29.0,atp_daily_snapshot
2026-04-17,2026-04-17T06:12:12Z,K. Rahmani,796,35,,atp_daily_snapshot
2026-04-17,2026-04-17T06:12:12Z,Kasra Rahmani,796,35,19.0,atp_daily_snapshot
2026-04-17,2026-04-17T06:12:12Z,T. Boogaard,797,34,,atp_daily_snapshot
2026-04-17,2026-04-17T06:12:12Z,Thijs Boogaard,797,34,17.0,atp_daily_snapshot
2026-04-17,2026-04-17T06:12:12Z,P. Rodrigues,798,34,,atp_daily_snapshot
2026-04-17,2026-04-17T06:12:12Z,Pedro Rodrigues,798,34,20.0,atp_daily_snapshot
2026-04-17,2026-04-17T06:12:12Z,F. Meligeni Alves,799,34,,atp_daily_snapshot
2026-04-17,2026-04-17T06:12:12Z,Felipe Meligeni Alves,799,34,28.0,atp_daily_snapshot
2026-04-17,2026-04-17T06:12:12Z,G. Tanner,800,34,,atp_daily_snapshot
2026-04-17,2026-04-17T06:12:12Z,Gian Luca Tanner,800,34,25.0,atp_daily_snapshot
2026-04-17,2026-04-17T06:12:12Z,J. Domingues,801,34,,atp_daily_snapshot
2026-04-17,2026-04-17T06:12:12Z,Joao Domingues,801,34,32.0,atp_daily_snapshot
2026-04-17,2026-04-17T06:12:12Z,M. Miladinovic,802,34,,atp_daily_snapshot
2026-04-17,2026-04-17T06:12:12Z,Marko Miladinovic,802,34,25.0,atp_daily_snapshot
2026-04-17,2026-04-17T06:12:12Z,M. Ponchet,803,34,,atp_daily_snapshot
2026-04-17,2026-04-17T06:12:12Z,Matt Ponchet,803,34,21.0,atp_daily_snapshot
2026-04-17,2026-04-17T06:12:12Z,L. Rottoli,804,34,,atp_daily_snapshot
2026-04-17,2026-04-17T06:12:12Z,Lorenzo Rottoli,804,34,24.0,atp_daily_snapshot
2026-04-17,2026-04-17T06:12:12Z,A. Raynel,805,34,,atp_daily_snapshot
2026-04-17,2026-04-17T06:12:12Z,Amaury Raynel,805,34,23.0,atp_daily_snapshot
2026-04-17,2026-04-17T06:12:12Z,M. Haliak,806,34,,atp_daily_snapshot
2026-04-17,2026-04-17T06:12:12Z,Mikalai Haliak,806,34,27.0,atp_daily_snapshot
2026-04-17,2026-04-17T06:12:12Z,J. Plans,807,34,,atp_daily_snapshot
2026-04-17,2026-04-17T06:12:12Z,Jorge Plans,807,34,24.0,atp_daily_snapshot
2026-04-17,2026-04-17T06:12:12Z,A. Vales,808,34,,atp_daily_snapshot
2026-04-17,2026-04-17T06:12:12Z,Amit Vales,808,34,20.0,atp_daily_snapshot
2026-04-17,2026-04-17T06:12:12Z,F. Tabacco,809,34,,atp_daily_snapshot
2026-04-17,2026-04-17T06:12:12Z,Fausto Tabacco,809,34,23.0,atp_daily_snapshot
2026-04-17,2026-04-17T06:12:12Z,T. Curras Abasolo,810,34,,atp_daily_snapshot
2026-04-17,2026-04-17T06:12:12Z,Tomas Curras Abasolo,810,34,25.0,atp_daily_snapshot
2026-04-17,2026-04-17T06:12:12Z,A. Pedrico Kravtsov,811,33,,atp_daily_snapshot
2026-04-17,2026-04-17T06:12:12Z,Albert Pedrico Kravtsov,811,33,20.0,atp_daily_snapshot
2026-04-17,2026-04-17T06:12:12Z,P. Rodenas,812,33,,atp_daily_snapshot
2026-04-17,2026-04-17T06:12:12Z,Pedro Rodenas,812,33,22.0,atp_daily_snapshot
2026-04-17,2026-04-17T06:12:12Z,A. Huertas Del Pino Cordova,813,33,,atp_daily_snapshot
2026-04-17,2026-04-17T06:12:12Z,Arklon Huertas Del Pino Cordova,813,33,31.0,atp_daily_snapshot
2026-04-17,2026-04-17T06:12:12Z,D. Kim,814,33,,atp_daily_snapshot
2026-04-17,2026-04-17T06:12:12Z,Dong Ju Kim,814,33,24.0,atp_daily_snapshot
2026-04-17,2026-04-17T06:12:12Z,A. Beckley,815,33,,atp_daily_snapshot
2026-04-17,2026-04-17T06:12:12Z,Alec Beckley,815,33,24.0,atp_daily_snapshot
2026-04-17,2026-04-17T06:12:12Z,A. Garcian,816,33,,atp_daily_snapshot
2026-04-17,2026-04-17T06:12:12Z,Axel Garcian,816,33,23.0,atp_daily_snapshot
2026-04-17,2026-04-17T06:12:12Z,K. Juhas,817,33,,atp_daily_snapshot
2026-04-17,2026-04-17T06:12:12Z,Kristijan Juhas,817,33,24.0,atp_daily_snapshot
2026-04-17,2026-04-17T06:12:12Z,A. Turriziani Alvarez,818,33,,atp_daily_snapshot
2026-04-17,2026-04-17T06:12:12Z,Alejandro Turriziani Alvarez,818,33,23.0,atp_daily_snapshot
2026-04-17,2026-04-17T06:12:12Z,N. Rodrigues,819,33,,atp_daily_snapshot
2026-04-17,2026-04-17T06:12:12Z,Natan Rodrigues,819,33,24.0,atp_daily_snapshot
2026-04-17,2026-04-17T06:12:12Z,K. Van Wyk,820,33,,atp_daily_snapshot
2026-04-17,2026-04-17T06:12:12Z,Kris Van Wyk,820,33,29.0,atp_daily_snapshot
2026-04-17,2026-04-17T06:12:12Z,N. Slavic,821,33,,atp_daily_snapshot
2026-04-17,2026-04-17T06:12:12Z,Nikola Slavic,821,33,25.0,atp_daily_snapshot
2026-04-17,2026-04-17T06:12:12Z,I. Almazan Valiente,822,33,,atp_daily_snapshot
2026-04-17,2026-04-17T06:12:12Z,Izan Almazan Valiente,822,33,20.0,atp_daily_snapshot
2026-04-17,2026-04-17T06:12:12Z,J. Charlton,823,33,,atp_daily_snapshot
2026-04-17,2026-04-17T06:12:12Z,Joshua Charlton,823,33,26.0,atp_daily_snapshot
2026-04-17,2026-04-17T06:12:12Z,N. Zanellato,824,33,,atp_daily_snapshot
2026-04-17,2026-04-17T06:12:12Z,Nicolas Zanellato,824,33,24.0,atp_daily_snapshot
2026-04-17,2026-04-17T06:12:12Z,W. Trongcharoenchaikul,825,33,,atp_daily_snapshot
2026-04-17,2026-04-17T06:12:12Z,Wishaya Trongcharoenchaikul,825,33,31.0,atp_daily_snapshot
2026-04-17,2026-04-17T06:12:12Z,F. Coria,826,32,,atp_daily_snapshot
2026-04-17,2026-04-17T06:12:12Z,Federico Coria,826,32,34.0,atp_daily_snapshot
2026-04-17,2026-04-17T06:12:12Z,M. Sureshkumar,827,32,,atp_daily_snapshot
2026-04-17,2026-04-17T06:12:12Z,Manish Sureshkumar,827,32,26.0,atp_daily_snapshot
2026-04-17,2026-04-17T06:12:12Z,B. Vilicich,828,32,,atp_daily_snapshot
2026-04-17,2026-04-17T06:12:12Z,Bautista Vilicich,828,32,24.0,atp_daily_snapshot
2026-04-17,2026-04-17T06:12:12Z,M. Van Der Meerschen,829,32,,atp_daily_snapshot
2026-04-17,2026-04-17T06:12:12Z,Martin Van Der Meerschen,829,32,25.0,atp_daily_snapshot
2026-04-17,2026-04-17T06:12:12Z,K. Saitoh,830,32,,atp_daily_snapshot
2026-04-17,2026-04-17T06:12:12Z,Keisuke Saitoh,830,32,24.0,atp_daily_snapshot
2026-04-17,2026-04-17T06:12:12Z,T. Cigarran,831,32,,atp_daily_snapshot
2026-04-17,2026-04-17T06:12:12Z,Thiago Cigarran,831,32,26.0,atp_daily_snapshot
2026-04-17,2026-04-17T06:12:12Z,R. Faucon,832,32,,atp_daily_snapshot
2026-04-17,2026-04-17T06:12:12Z,Romain Faucon,832,32,23.0,atp_daily_snapshot
2026-04-17,2026-04-17T06:12:12Z,J. Hallquist Lithen,833,32,,atp_daily_snapshot
2026-04-17,2026-04-17T06:12:12Z,John Hallquist Lithen,833,32,24.0,atp_daily_snapshot
2026-04-17,2026-04-17T06:12:12Z,A. Aubriot,834,32,,atp_daily_snapshot
2026-04-17,2026-04-17T06:12:12Z,Alexandre Aubriot,834,32,26.0,atp_daily_snapshot
2026-04-17,2026-04-17T06:12:12Z,A. Fiorentini,835,32,,atp_daily_snapshot
2026-04-17,2026-04-17T06:12:12Z,Andrea Fiorentini,835,32,25.0,atp_daily_snapshot
2026-04-17,2026-04-17T06:12:12Z,M. Antonius,836,31,,atp_daily_snapshot
2026-04-17,2026-04-17T06:12:12Z,Michael Antonius,836,31,16.0,atp_daily_snapshot
2026-04-17,2026-04-17T06:12:12Z,T. Cacao,837,31,,atp_daily_snapshot
2026-04-17,2026-04-17T06:12:12Z,Tiago Cacao,837,31,28.0,atp_daily_snapshot
2026-04-17,2026-04-17T06:12:12Z,M. Homberg,838,31,,atp_daily_snapshot
2026-04-17,2026-04-17T06:12:12Z,Maximilian Homberg,838,31,23.0,atp_daily_snapshot
2026-04-17,2026-04-17T06:12:12Z,W. Leite,839,31,,atp_daily_snapshot
2026-04-17,2026-04-17T06:12:12Z,Wilson Leite,839,31,34.0,atp_daily_snapshot
2026-04-17,2026-04-17T06:12:12Z,A. Nefve,840,31,,atp_daily_snapshot
2026-04-17,2026-04-17T06:12:12Z,Axel Nefve,840,31,25.0,atp_daily_snapshot
2026-04-17,2026-04-17T06:12:12Z,F. Rocha,841,31,,atp_daily_snapshot
2026-04-17,2026-04-17T06:12:12Z,Francisco Rocha,841,31,26.0,atp_daily_snapshot
2026-04-17,2026-04-17T06:12:12Z,D. Cazacu,842,31,,atp_daily_snapshot
2026-04-17,2026-04-17T06:12:12Z,Dragos Nicolae Cazacu,842,31,22.0,atp_daily_snapshot
2026-04-17,2026-04-17T06:12:12Z,A. Gobat,843,30,,atp_daily_snapshot
2026-04-17,2026-04-17T06:12:12Z,Adrien Gobat,843,30,24.0,atp_daily_snapshot
2026-04-17,2026-04-17T06:12:12Z,D. Lee,844,30,,atp_daily_snapshot
2026-04-17,2026-04-17T06:12:12Z,Duckhee Lee,844,30,27.0,atp_daily_snapshot
2026-04-17,2026-04-17T06:12:12Z,L. Bocchi,845,30,,atp_daily_snapshot
2026-04-17,2026-04-17T06:12:12Z,Lorenzo Bocchi,845,30,28.0,atp_daily_snapshot
2026-04-17,2026-04-17T06:12:12Z,J. Filip,846,30,,atp_daily_snapshot
2026-04-17,2026-04-17T06:12:12Z,Jakub Filip,846,30,20.0,atp_daily_snapshot
2026-04-17,2026-04-17T06:12:12Z,I. Miletich,847,30,,atp_daily_snapshot
2026-04-17,2026-04-17T06:12:12Z,Iannis Miletich,847,30,20.0,atp_daily_snapshot
2026-04-17,2026-04-17T06:12:12Z,T. Ichikawa,848,30,,atp_daily_snapshot
2026-04-17,2026-04-17T06:12:12Z,Taisei Ichikawa,848,30,25.0,atp_daily_snapshot
2026-04-17,2026-04-17T06:12:12Z,S. Hamza Reguig,849,30,,atp_daily_snapshot
2026-04-17,2026-04-17T06:12:12Z,Samir Hamza Reguig,849,30,24.0,atp_daily_snapshot
2026-04-17,2026-04-17T06:12:12Z,G. Barrere,850,29,,atp_daily_snapshot
2026-04-17,2026-04-17T06:12:12Z,Gregoire Barrere,850,29,32.0,atp_daily_snapshot
2026-04-17,2026-04-17T06:12:12Z,C. Sigsgaard,851,29,,atp_daily_snapshot
2026-04-17,2026-04-17T06:12:12Z,Christian Sigsgaard,851,29,29.0,atp_daily_snapshot
2026-04-17,2026-04-17T06:12:12Z,J. Aguilar,852,29,,atp_daily_snapshot
2026-04-17,2026-04-17T06:12:12Z,Juan Carlos Aguilar,852,29,27.0,atp_daily_snapshot
2026-04-17,2026-04-17T06:12:12Z,J. Von Der Schulenburg,853,29,,atp_daily_snapshot
2026-04-17,2026-04-17T06:12:12Z,Jeffrey Von Der Schulenburg,853,29,24.0,atp_daily_snapshot
2026-04-17,2026-04-17T06:12:12Z,A. Petrovic,854,29,,atp_daily_snapshot
2026-04-17,2026-04-17T06:12:12Z,Andreja Petrovic,854,29,26.0,atp_daily_snapshot
2026-04-17,2026-04-17T06:12:12Z,V. Marysko,855,29,,atp_daily_snapshot
2026-04-17,2026-04-17T06:12:12Z,Vincent Marysko,855,29,20.0,atp_daily_snapshot
2026-04-17,2026-04-17T06:12:12Z,D. Salazar,856,29,,atp_daily_snapshot
2026-04-17,2026-04-17T06:12:12Z,Daniel Salazar,856,29,25.0,atp_daily_snapshot
2026-04-17,2026-04-17T06:12:12Z,T. Chanta,857,29,,atp_daily_snapshot
2026-04-17,2026-04-17T06:12:12Z,Thanapet Chanta,857,29,26.0,atp_daily_snapshot
2026-04-17,2026-04-17T06:12:12Z,J. Loureiro,858,29,,atp_daily_snapshot
2026-04-17,2026-04-17T06:12:12Z,Joao Victor Couto Loureiro,858,29,23.0,atp_daily_snapshot
2026-04-17,2026-04-17T06:12:12Z,T. Yamanaka,859,29,,atp_daily_snapshot
2026-04-17,2026-04-17T06:12:12Z,Taiyo Yamanaka,859,29,24.0,atp_daily_snapshot
2026-04-17,2026-04-17T06:12:12Z,D. Dinev,860,29,,atp_daily_snapshot
2026-04-17,2026-04-17T06:12:12Z,Dinko Dinev,860,29,22.0,atp_daily_snapshot
2026-04-17,2026-04-17T06:12:12Z,C. Hernandez,861,29,,atp_daily_snapshot
2026-04-17,2026-04-17T06:12:12Z,Carles Hernandez,861,29,24.0,atp_daily_snapshot
2026-04-17,2026-04-17T06:12:12Z,H. Roh,862,28,,atp_daily_snapshot
2026-04-17,2026-04-17T06:12:12Z,Hoyoung Roh,862,28,19.0,atp_daily_snapshot
2026-04-17,2026-04-17T06:12:12Z,M. Van Der Merwe,863,28,,atp_daily_snapshot
2026-04-17,2026-04-17T06:12:12Z,Marc Van Der Merwe,863,28,31.0,atp_daily_snapshot
2026-04-17,2026-04-17T06:12:12Z,J. Kennedy,864,28,,atp_daily_snapshot
2026-04-17,2026-04-17T06:12:12Z,Jack Kennedy,864,28,17.0,atp_daily_snapshot
2026-04-17,2026-04-17T06:12:12Z,X. Wang,865,28,,atp_daily_snapshot
2026-04-17,2026-04-17T06:12:12Z,Xiaofei Wang,865,28,23.0,atp_daily_snapshot
2026-04-17,2026-04-17T06:12:12Z,R. Izquierdo Luque,866,28,,atp_daily_snapshot
2026-04-17,2026-04-17T06:12:12Z,Rafael Izquierdo Luque,866,28,26.0,atp_daily_snapshot
2026-04-17,2026-04-17T06:12:12Z,A. Kukasian,867,28,,atp_daily_snapshot
2026-04-17,2026-04-17T06:12:12Z,Artur Kukasian,867,28,22.0,atp_daily_snapshot
2026-04-17,2026-04-17T06:12:12Z,N. Catini,868,28,,atp_daily_snapshot
2026-04-17,2026-04-17T06:12:12Z,Niccolo Catini,868,28,28.0,atp_daily_snapshot
2026-04-17,2026-04-17T06:12:12Z,G. De Almeida,869,27,,atp_daily_snapshot
2026-04-17,2026-04-17T06:12:12Z,Gustavo Ribeiro De Almeida,869,27,19.0,atp_daily_snapshot
2026-04-17,2026-04-17T06:12:12Z,L. Pow,870,27,,atp_daily_snapshot
2026-04-17,2026-04-17T06:12:12Z,Luca Pow,870,27,21.0,atp_daily_snapshot
2026-04-17,2026-04-17T06:12:12Z,K. Sultanov,871,27,,atp_daily_snapshot
2026-04-17,2026-04-17T06:12:12Z,Khumoyun Sultanov,871,27,27.0,atp_daily_snapshot
2026-04-17,2026-04-17T06:12:12Z,P. Tsitsipas,872,27,,atp_daily_snapshot
2026-04-17,2026-04-17T06:12:12Z,Petros Tsitsipas,872,27,25.0,atp_daily_snapshot
2026-04-17,2026-04-17T06:12:12Z,V. Lilov,873,27,,atp_daily_snapshot
2026-04-17,2026-04-17T06:12:12Z,Victor Lilov,873,27,22.0,atp_daily_snapshot
2026-04-17,2026-04-17T06:12:12Z,G. Bosio,874,27,,atp_daily_snapshot
2026-04-17,2026-04-17T06:12:12Z,Gabriele Bosio,874,27,25.0,atp_daily_snapshot
2026-04-17,2026-04-17T06:12:12Z,M. Hopp,875,27,,atp_daily_snapshot
2026-04-17,2026-04-17T06:12:12Z,Michel Hopp,875,27,27.0,atp_daily_snapshot
2026-04-17,2026-04-17T06:12:12Z,A. Mazdrashki,876,27,,atp_daily_snapshot
2026-04-17,2026-04-17T06:12:12Z,Anas Mazdrashki,876,27,19.0,atp_daily_snapshot
2026-04-17,2026-04-17T06:12:12Z,S. Andre,877,27,,atp_daily_snapshot
2026-04-17,2026-04-17T06:12:12Z,Seydina Andre,877,27,22.0,atp_daily_snapshot
2026-04-17,2026-04-17T06:12:12Z,E. Van Loben Sels,878,26,,atp_daily_snapshot
2026-04-17,2026-04-17T06:12:12Z,Emon Van Loben Sels,878,26,21.0,atp_daily_snapshot
2026-04-17,2026-04-17T06:12:12Z,F. Cavallo,879,26,,atp_daily_snapshot
2026-04-17,2026-04-17T06:12:12Z,Fernando Cavallo,879,26,20.0,atp_daily_snapshot
2026-04-17,2026-04-17T06:12:12Z,J. Brumm,880,26,,atp_daily_snapshot
2026-04-17,2026-04-17T06:12:12Z,Jacob Brumm,880,26,27.0,atp_daily_snapshot
2026-04-17,2026-04-17T06:12:12Z,E. Bynoe,881,26,,atp_daily_snapshot
2026-04-17,2026-04-17T06:12:12Z,Evan Bynoe,881,26,26.0,atp_daily_snapshot
2026-04-17,2026-04-17T06:12:12Z,F. Murgett,882,26,,atp_daily_snapshot
2026-04-17,2026-04-17T06:12:12Z,Finn Murgett,882,26,24.0,atp_daily_snapshot
2026-04-17,2026-04-17T06:12:12Z,N. Jadoun,883,26,,atp_daily_snapshot
2026-04-17,2026-04-17T06:12:12Z,Nicolas Jadoun,883,26,23.0,atp_daily_snapshot
2026-04-17,2026-04-17T06:12:12Z,T. Kokkinakis,884,25,,atp_daily_snapshot
2026-04-17,2026-04-17T06:12:12Z,Thanasi Kokkinakis,884,25,30.0,atp_daily_snapshot
2026-04-17,2026-04-17T06:12:12Z,M. Plunger,885,25,,atp_daily_snapshot
2026-04-17,2026-04-17T06:12:12Z,Manuel Plunger,885,25,23.0,atp_daily_snapshot
2026-04-17,2026-04-17T06:12:12Z,N. Kotzen,886,25,,atp_daily_snapshot
2026-04-17,2026-04-17T06:12:12Z,Nicolas Ian Kotzen,886,25,23.0,atp_daily_snapshot
2026-04-17,2026-04-17T06:12:12Z,J. Ingildsen,887,25,,atp_daily_snapshot
2026-04-17,2026-04-17T06:12:12Z,Johannes Ingildsen,887,25,28.0,atp_daily_snapshot
2026-04-17,2026-04-17T06:12:12Z,M. Ymer,888,25,,atp_daily_snapshot
2026-04-17,2026-04-17T06:12:12Z,Mikael Ymer,888,25,27.0,atp_daily_snapshot
2026-04-17,2026-04-17T06:12:12Z,P. Brady,889,25,,atp_daily_snapshot
2026-04-17,2026-04-17T06:12:12Z,Patrick Brady,889,25,21.0,atp_daily_snapshot
2026-04-17,2026-04-17T06:12:12Z,A. Vasilev,890,25,,atp_daily_snapshot
2026-04-17,2026-04-17T06:12:12Z,Alexander Vasilev,890,25,18.0,atp_daily_snapshot
2026-04-17,2026-04-17T06:12:12Z,N. Zamora,891,25,,atp_daily_snapshot
2026-04-17,2026-04-17T06:12:12Z,Noah Zamora,891,25,23.0,atp_daily_snapshot
2026-04-17,2026-04-17T06:12:12Z,I. Nedelko,892,25,,atp_daily_snapshot
2026-04-17,2026-04-17T06:12:12Z,Ivan Nedelko,892,25,39.0,atp_daily_snapshot
2026-04-17,2026-04-17T06:12:12Z,G. Tabacco,893,25,,atp_daily_snapshot
2026-04-17,2026-04-17T06:12:12Z,Giorgio Tabacco,893,25,22.0,atp_daily_snapshot
2026-04-17,2026-04-17T06:12:12Z,L. Preda,894,25,,atp_daily_snapshot
2026-04-17,2026-04-17T06:12:12Z,Luca Preda,894,25,20.0,atp_daily_snapshot
2026-04-17,2026-04-17T06:12:12Z,J. Yamasaki,895,25,,atp_daily_snapshot
2026-04-17,2026-04-17T06:12:12Z,Jumpei Yamasaki,895,25,28.0,atp_daily_snapshot
2026-04-17,2026-04-17T06:12:12Z,M. Majdandzic,896,25,,atp_daily_snapshot
2026-04-17,2026-04-17T06:12:12Z,Marc Majdandzic,896,25,21.0,atp_daily_snapshot
2026-04-17,2026-04-17T06:12:12Z,M. Turker,897,25,,atp_daily_snapshot
2026-04-17,2026-04-17T06:12:12Z,Mert Naci Turker,897,25,27.0,atp_daily_snapshot
2026-04-17,2026-04-17T06:12:12Z,B. Pietri,898,25,,atp_daily_snapshot
2026-04-17,2026-04-17T06:12:12Z,Benjamin Pietri,898,25,29.0,atp_daily_snapshot
2026-04-17,2026-04-17T06:12:12Z,J. Cesar Porras,899,24,,atp_daily_snapshot
2026-04-17,2026-04-17T06:12:12Z,Julio Cesar Porras,899,24,28.0,atp_daily_snapshot
2026-04-17,2026-04-17T06:12:12Z,I. Snitari,900,24,,atp_daily_snapshot
2026-04-17,2026-04-17T06:12:12Z,Ilya Snitari,900,24,24.0,atp_daily_snapshot
2026-04-17,2026-04-17T06:12:12Z,L. Falabella,901,24,,atp_daily_snapshot
2026-04-17,2026-04-17T06:12:12Z,Lautaro Agustin Falabella,901,24,28.0,atp_daily_snapshot
2026-04-17,2026-04-17T06:12:12Z,C. Cordoba,902,24,,atp_daily_snapshot
2026-04-17,2026-04-17T06:12:12Z,Carles Cordoba,902,24,20.0,atp_daily_snapshot
2026-04-17,2026-04-17T06:12:12Z,N. Mashtakov,903,24,,atp_daily_snapshot
2026-04-17,2026-04-17T06:12:12Z,Nikita Mashtakov,903,24,27.0,atp_daily_snapshot
2026-04-17,2026-04-17T06:12:12Z,M. Walters,904,24,,atp_daily_snapshot
2026-04-17,2026-04-17T06:12:12Z,Marcus Walters,904,24,28.0,atp_daily_snapshot
2026-04-17,2026-04-17T06:12:12Z,Y. Lalami,905,24,,atp_daily_snapshot
2026-04-17,2026-04-17T06:12:12Z,Younes Lalami,905,24,24.0,atp_daily_snapshot
2026-04-17,2026-04-17T06:12:12Z,F. Tenti,906,24,,atp_daily_snapshot
2026-04-17,2026-04-17T06:12:12Z,Fermin Tenti,906,24,28.0,atp_daily_snapshot
2026-04-17,2026-04-17T06:12:12Z,Jesse Delaney,907,24,27.0,atp_daily_snapshot
2026-04-17,2026-04-17T06:12:12Z,A. Johnson,908,23,,atp_daily_snapshot
2026-04-17,2026-04-17T06:12:12Z,Andrew Johnson,908,23,16.0,atp_daily_snapshot
2026-04-17,2026-04-17T06:12:12Z,M. Forbes,909,23,,atp_daily_snapshot
2026-04-17,2026-04-17T06:12:12Z,Matthew Forbes,909,23,20.0,atp_daily_snapshot
2026-04-17,2026-04-17T06:12:12Z,T. Dean,910,23,,atp_daily_snapshot
2026-04-17,2026-04-17T06:12:12Z,Theodore Dean,910,23,24.0,atp_daily_snapshot
2026-04-17,2026-04-17T06:12:12Z,A. Wang,911,23,,atp_daily_snapshot
2026-04-17,2026-04-17T06:12:12Z,Aoran Wang,911,23,29.0,atp_daily_snapshot
2026-04-17,2026-04-17T06:12:12Z,C. Mueller,912,23,,atp_daily_snapshot
2026-04-17,2026-04-17T06:12:12Z,Calvin Mueller,912,23,25.0,atp_daily_snapshot
2026-04-17,2026-04-17T06:12:12Z,D. Sumizawa,913,23,,atp_daily_snapshot
2026-04-17,2026-04-17T06:12:12Z,Daisuke Sumizawa,913,23,27.0,atp_daily_snapshot
2026-04-17,2026-04-17T06:12:12Z,E. Kohlmann De Freitas,914,23,,atp_daily_snapshot
2026-04-17,2026-04-17T06:12:12Z,Enzo Kohlmann De Freitas,914,23,19.0,atp_daily_snapshot
2026-04-17,2026-04-17T06:12:12Z,C. Li,915,23,,atp_daily_snapshot
2026-04-17,2026-04-17T06:12:12Z,Christopher Li,915,23,22.0,atp_daily_snapshot
2026-04-17,2026-04-17T06:12:12Z,P. Buldorini,916,23,,atp_daily_snapshot
2026-04-17,2026-04-17T06:12:12Z,Peter Buldorini,916,23,21.0,atp_daily_snapshot
2026-04-17,2026-04-17T06:12:12Z,Y. Zeng,917,23,,atp_daily_snapshot
2026-04-17,2026-04-17T06:12:12Z,Yaojie Zeng,917,23,24.0,atp_daily_snapshot
2026-04-17,2026-04-17T06:12:12Z,P. Inchauspe,918,22,,atp_daily_snapshot
2026-04-17,2026-04-17T06:12:12Z,Paul Inchauspe,918,22,22.0,atp_daily_snapshot
2026-04-17,2026-04-17T06:12:12Z,J. Mackenzie,919,22,,atp_daily_snapshot
2026-04-17,2026-04-17T06:12:12Z,Jamie Mackenzie,919,22,18.0,atp_daily_snapshot
2026-04-17,2026-04-17T06:12:12Z,A. Ciric,920,22,,atp_daily_snapshot
2026-04-17,2026-04-17T06:12:12Z,Aleksa Ciric,920,22,25.0,atp_daily_snapshot
2026-04-17,2026-04-17T06:12:12Z,A. Lobanov,921,22,,atp_daily_snapshot
2026-04-17,2026-04-17T06:12:12Z,Aleksandr Lobanov,921,22,25.0,atp_daily_snapshot
2026-04-17,2026-04-17T06:12:12Z,S. Paardekooper,922,22,,atp_daily_snapshot
2026-04-17,2026-04-17T06:12:12Z,Stijn Paardekooper,922,22,22.0,atp_daily_snapshot
2026-04-17,2026-04-17T06:12:12Z,S. Price,923,22,,atp_daily_snapshot
2026-04-17,2026-04-17T06:12:12Z,Salvador Price,923,22,21.0,atp_daily_snapshot
2026-04-17,2026-04-17T06:12:12Z,A. Rai,924,22,,atp_daily_snapshot
2026-04-17,2026-04-17T06:12:12Z,Ajeet Rai,924,22,27.0,atp_daily_snapshot
2026-04-17,2026-04-17T06:12:12Z,P. Scomparin,925,22,,atp_daily_snapshot
2026-04-17,2026-04-17T06:12:12Z,Pietro Romeo Scomparin,925,22,25.0,atp_daily_snapshot
2026-04-17,2026-04-17T06:12:12Z,N. Sinha,926,22,,atp_daily_snapshot
2026-04-17,2026-04-17T06:12:12Z,Nitin Kumar Sinha,926,22,27.0,atp_daily_snapshot
2026-04-17,2026-04-17T06:12:12Z,Q. Sun,927,22,,atp_daily_snapshot
2026-04-17,2026-04-17T06:12:12Z,Qian Sun,927,22,24.0,atp_daily_snapshot
2026-04-17,2026-04-17T06:12:12Z,D. Javia,928,22,,atp_daily_snapshot
2026-04-17,2026-04-17T06:12:12Z,Dev Javia,928,22,24.0,atp_daily_snapshot
2026-04-17,2026-04-17T06:12:12Z,B. George,929,22,,atp_daily_snapshot
2026-04-17,2026-04-17T06:12:12Z,Benjamin Thomas George,929,22,23.0,atp_daily_snapshot
2026-04-17,2026-04-17T06:12:12Z,D. Rapagnetta,930,22,,atp_daily_snapshot
2026-04-17,2026-04-17T06:12:12Z,Daniele Rapagnetta,930,22,19.0,atp_daily_snapshot
2026-04-17,2026-04-17T06:12:12Z,G. Noce,931,22,,atp_daily_snapshot
2026-04-17,2026-04-17T06:12:12Z,Gabriele Maria Noce,931,22,30.0,atp_daily_snapshot
2026-04-17,2026-04-17T06:12:12Z,F. Ribero,932,22,,atp_daily_snapshot
2026-04-17,2026-04-17T06:12:12Z,Franco Ribero,932,22,26.0,atp_daily_snapshot
2026-04-17,2026-04-17T06:12:12Z,N. Schell,933,22,,atp_daily_snapshot
2026-04-17,2026-04-17T06:12:12Z,Niklas Schell,933,22,27.0,atp_daily_snapshot
2026-04-17,2026-04-17T06:12:12Z,M. Marinescu,934,22,,atp_daily_snapshot
2026-04-17,2026-04-17T06:12:12Z,Mihai Razvan Marinescu,934,22,24.0,atp_daily_snapshot
2026-04-17,2026-04-17T06:12:12Z,A. Trifi,935,22,,atp_daily_snapshot
2026-04-17,2026-04-17T06:12:12Z,Alaa Trifi,935,22,19.0,atp_daily_snapshot
2026-04-17,2026-04-17T06:12:12Z,K. Ogura,936,22,,atp_daily_snapshot
2026-04-17,2026-04-17T06:12:12Z,Kosuke Ogura,936,22,30.0,atp_daily_snapshot
2026-04-17,2026-04-17T06:12:12Z,Z. Ludoski,937,21,,atp_daily_snapshot
2026-04-17,2026-04-17T06:12:12Z,Zoran Ludoski,937,21,20.0,atp_daily_snapshot
2026-04-17,2026-04-17T06:12:12Z,S. Nakagawa,938,21,,atp_daily_snapshot
2026-04-17,2026-04-17T06:12:12Z,Shunsuke Nakagawa,938,21,26.0,atp_daily_snapshot
2026-04-17,2026-04-17T06:12:12Z,M. Braswell,939,21,,atp_daily_snapshot
2026-04-17,2026-04-17T06:12:12Z,Micah Braswell,939,21,24.0,atp_daily_snapshot
2026-04-17,2026-04-17T06:12:12Z,T. Martinez,940,21,,atp_daily_snapshot
2026-04-17,2026-04-17T06:12:12Z,Tomas Martinez,940,21,22.0,atp_daily_snapshot
2026-04-17,2026-04-17T06:12:12Z,Miles Jones,941,21,25.0,atp_daily_snapshot
2026-04-17,2026-04-17T06:12:12Z,S. D'Agostino,942,21,,atp_daily_snapshot
2026-04-17,2026-04-17T06:12:12Z,Stefano D'Agostino,942,21,22.0,atp_daily_snapshot
2026-04-17,2026-04-17T06:12:12Z,P. Araujo,943,21,,atp_daily_snapshot
2026-04-17,2026-04-17T06:12:12Z,Pedro Araujo,943,21,24.0,atp_daily_snapshot
2026-04-17,2026-04-17T06:12:12Z,N. Honda,944,21,,atp_daily_snapshot
2026-04-17,2026-04-17T06:12:12Z,Naoya Honda,944,21,20.0,atp_daily_snapshot
2026-04-17,2026-04-17T06:12:12Z,L. Helguera Casado,945,21,,atp_daily_snapshot
2026-04-17,2026-04-17T06:12:12Z,Lucca Helguera Casado,945,21,20.0,atp_daily_snapshot
2026-04-17,2026-04-17T06:12:12Z,G. Lomakin,946,21,,atp_daily_snapshot
2026-04-17,2026-04-17T06:12:12Z,Grigoriy Lomakin,946,21,28.0,atp_daily_snapshot
2026-04-17,2026-04-17T06:12:12Z,S. Jong,947,20,,atp_daily_snapshot
2026-04-17,2026-04-17T06:12:12Z,Sander Jong,947,20,25.0,atp_daily_snapshot
2026-04-17,2026-04-17T06:12:12Z,S. Johnson,948,20,,atp_daily_snapshot
2026-04-17,2026-04-17T06:12:12Z,Spencer Johnson,948,20,23.0,atp_daily_snapshot
2026-04-17,2026-04-17T06:12:12Z,G. Brunkow,949,20,,atp_daily_snapshot
2026-04-17,2026-04-17T06:12:12Z,Gianluca Brunkow,949,20,23.0,atp_daily_snapshot
2026-04-17,2026-04-17T06:12:12Z,D. Rolland,950,20,,atp_daily_snapshot
2026-04-17,2026-04-17T06:12:12Z,Dominique Rolland,950,20,21.0,atp_daily_snapshot
2026-04-17,2026-04-17T06:12:12Z,R. Karki,951,20,,atp_daily_snapshot
2026-04-17,2026-04-17T06:12:12Z,Ronit Karki,951,20,18.0,atp_daily_snapshot
2026-04-17,2026-04-17T06:12:12Z,Y. Chung,952,20,,atp_daily_snapshot
2026-04-17,2026-04-17T06:12:12Z,Yun seong Chung,952,20,28.0,atp_daily_snapshot
2026-04-17,2026-04-17T06:12:12Z,I. Becroft,953,20,,atp_daily_snapshot
2026-04-17,2026-04-17T06:12:12Z,Isaac Becroft,953,20,25.0,atp_daily_snapshot
2026-04-17,2026-04-17T06:12:12Z,W. Rejchtman Vinciguerra,954,20,,atp_daily_snapshot
2026-04-17,2026-04-17T06:12:12Z,William Rejchtman Vinciguerra,954,20,19.0,atp_daily_snapshot
2026-04-17,2026-04-17T06:12:12Z,E. Lumsden,955,20,,atp_daily_snapshot
2026-04-17,2026-04-17T06:12:12Z,Ewen Lumsden,955,20,26.0,atp_daily_snapshot
2026-04-17,2026-04-17T06:12:12Z,N. Schachter,956,20,,atp_daily_snapshot
2026-04-17,2026-04-17T06:12:12Z,Noah Schachter,956,20,26.0,atp_daily_snapshot
2026-04-17,2026-04-17T06:12:12Z,D. Pichler,957,19,,atp_daily_snapshot
2026-04-17,2026-04-17T06:12:12Z,David Pichler,957,19,30.0,atp_daily_snapshot
2026-04-17,2026-04-17T06:12:12Z,O. Baris,958,19,,atp_daily_snapshot
2026-04-17,2026-04-17T06:12:12Z,Ozan Baris,958,19,22.0,atp_daily_snapshot
2026-04-17,2026-04-17T06:12:12Z,T. Al Azmeh,959,19,,atp_daily_snapshot
2026-04-17,2026-04-17T06:12:12Z,Taym Al Azmeh,959,19,22.0,atp_daily_snapshot
2026-04-17,2026-04-17T06:12:12Z,F. Pieczonka,960,19,,atp_daily_snapshot
2026-04-17,2026-04-17T06:12:12Z,Filip Pieczonka,960,19,22.0,atp_daily_snapshot
2026-04-17,2026-04-17T06:12:12Z,E. Gerasimov,961,19,,atp_daily_snapshot
2026-04-17,2026-04-17T06:12:12Z,Egor Gerasimov,961,19,33.0,atp_daily_snapshot
2026-04-17,2026-04-17T06:12:12Z,K. Szymkowiak,962,19,,atp_daily_snapshot
2026-04-17,2026-04-17T06:12:12Z,Kacper Szymkowiak,962,19,21.0,atp_daily_snapshot
2026-04-17,2026-04-17T06:12:12Z,L. Bouquet,963,19,,atp_daily_snapshot
2026-04-17,2026-04-17T06:12:12Z,Lucas Bouquet,963,19,28.0,atp_daily_snapshot
2026-04-17,2026-04-17T06:12:12Z,C. Robertson,964,19,,atp_daily_snapshot
2026-04-17,2026-04-17T06:12:12Z,Charlie Robertson,964,19,19.0,atp_daily_snapshot
2026-04-17,2026-04-17T06:12:12Z,A. Tudorica,965,19,,atp_daily_snapshot
2026-04-17,2026-04-17T06:12:12Z,Alvin Nicholas Tudorica,965,19,24.0,atp_daily_snapshot
2026-04-17,2026-04-17T06:12:12Z,T. Suksumrarn,966,19,,atp_daily_snapshot
2026-04-17,2026-04-17T06:12:12Z,Thantub Suksumrarn,966,19,24.0,atp_daily_snapshot
2026-04-17,2026-04-17T06:12:12Z,E. Pleshivtsev,967,19,,atp_daily_snapshot
2026-04-17,2026-04-17T06:12:12Z,Egor Pleshivtsev,967,19,19.0,atp_daily_snapshot
2026-04-17,2026-04-17T06:12:12Z,M. Shin,968T,19,,atp_daily_snapshot
2026-04-17,2026-04-17T06:12:12Z,S. Zick,968T,19,,atp_daily_snapshot
2026-04-17,2026-04-17T06:12:12Z,Maxim Shin,968T,19,22.0,atp_daily_snapshot
2026-04-17,2026-04-17T06:12:12Z,Sydney Zick,968T,19,19.0,atp_daily_snapshot
2026-04-17,2026-04-17T06:12:12Z,Y. Oki,970,19,,atp_daily_snapshot
2026-04-17,2026-04-17T06:12:12Z,Yuto Oki,970,19,20.0,atp_daily_snapshot
2026-04-17,2026-04-17T06:12:12Z,R. Pieleanu,971,19,,atp_daily_snapshot
2026-04-17,2026-04-17T06:12:12Z,Rares Teodor Pieleanu,971,19,19.0,atp_daily_snapshot
2026-04-17,2026-04-17T06:12:12Z,L. Lorusso,972,19,,atp_daily_snapshot
2026-04-17,2026-04-17T06:12:12Z,Lorenzo Lorusso,972,19,26.0,atp_daily_snapshot
2026-04-17,2026-04-17T06:12:12Z,J. Gschwendtner,973,19,,atp_daily_snapshot
2026-04-17,2026-04-17T06:12:12Z,Jeremy Gschwendtner,973,19,27.0,atp_daily_snapshot
2026-04-17,2026-04-17T06:12:12Z,M. Zhu,974,19,,atp_daily_snapshot
2026-04-17,2026-04-17T06:12:12Z,Michael Zhu,974,19,33.0,atp_daily_snapshot
2026-04-17,2026-04-17T06:12:12Z,G. Misasi,975,19,,atp_daily_snapshot
2026-04-17,2026-04-17T06:12:12Z,Giannicola Misasi,975,19,25.0,atp_daily_snapshot
2026-04-17,2026-04-17T06:12:12Z,D. Sarksian,976,19,,atp_daily_snapshot
2026-04-17,2026-04-17T06:12:12Z,Daniil Sarksian,976,19,19.0,atp_daily_snapshot
2026-04-17,2026-04-17T06:12:12Z,N. Barrientos,977,18,,atp_daily_snapshot
2026-04-17,2026-04-17T06:12:12Z,Nicolas Barrientos,977,18,38.0,atp_daily_snapshot
2026-04-17,2026-04-17T06:12:12Z,D. Dietrich,978,18,,atp_daily_snapshot
2026-04-17,2026-04-17T06:12:12Z,Dylan Dietrich,978,18,21.0,atp_daily_snapshot
2026-04-17,2026-04-17T06:12:12Z,A. Karatsev,979,18,,atp_daily_snapshot
2026-04-17,2026-04-17T06:12:12Z,Aslan Karatsev,979,18,32.0,atp_daily_snapshot
2026-04-17,2026-04-17T06:12:12Z,T. Hilderbrand,980,18,,atp_daily_snapshot
2026-04-17,2026-04-17T06:12:12Z,Trey Hilderbrand,980,18,25.0,atp_daily_snapshot
2026-04-17,2026-04-17T06:12:12Z,A. Kuperstein,981,18,,atp_daily_snapshot
2026-04-17,2026-04-17T06:12:12Z,Alex Kuperstein,981,18,27.0,atp_daily_snapshot
2026-04-17,2026-04-17T06:12:12Z,K. Ivanovski,982,18,,atp_daily_snapshot
2026-04-17,2026-04-17T06:12:12Z,Kalin Ivanovski,982,18,21.0,atp_daily_snapshot
2026-04-17,2026-04-17T06:12:12Z,B. Malla,983,18,,atp_daily_snapshot
2026-04-17,2026-04-17T06:12:12Z,Bastian Malla,983,18,29.0,atp_daily_snapshot
2026-04-17,2026-04-17T06:12:12Z,E. Wallart,984,18,,atp_daily_snapshot
2026-04-17,2026-04-17T06:12:12Z,Enzo Wallart,984,18,29.0,atp_daily_snapshot
2026-04-17,2026-04-17T06:12:12Z,R. Taguchi,985,18,,atp_daily_snapshot
2026-04-17,2026-04-17T06:12:12Z,Ryotaro Taguchi,985,18,25.0,atp_daily_snapshot
2026-04-17,2026-04-17T06:12:12Z,L. Larue,986,18,,atp_daily_snapshot
2026-04-17,2026-04-17T06:12:12Z,Louis Larue,986,18,21.0,atp_daily_snapshot
2026-04-17,2026-04-17T06:12:12Z,J. Osorio,987,18,,atp_daily_snapshot
2026-04-17,2026-04-17T06:12:12Z,Juan Sebastian Osorio,987,18,28.0,atp_daily_snapshot
2026-04-17,2026-04-17T06:12:12Z,K. Friberg,988,18,,atp_daily_snapshot
2026-04-17,2026-04-17T06:12:12Z,Karl Friberg,988,18,27.0,atp_daily_snapshot
2026-04-17,2026-04-17T06:12:12Z,A. Freire Da Silva,989,18,,atp_daily_snapshot
2026-04-17,2026-04-17T06:12:12Z,Adan Freire Da Silva,989,18,26.0,atp_daily_snapshot
2026-04-17,2026-04-17T06:12:12Z,E. Clark,990,18,,atp_daily_snapshot
2026-04-17,2026-04-17T06:12:12Z,Ezekiel Clark,990,18,27.0,atp_daily_snapshot
2026-04-17,2026-04-17T06:12:12Z,K. Xu,991,17,,atp_daily_snapshot
2026-04-17,2026-04-17T06:12:12Z,Kuang Qing Xu,991,17,19.0,atp_daily_snapshot
2026-04-17,2026-04-17T06:12:12Z,A. Delgado,992,17,,atp_daily_snapshot
2026-04-17,2026-04-17T06:12:12Z,Andrew Delgado,992,17,20.0,atp_daily_snapshot
2026-04-17,2026-04-17T06:12:12Z,D. Pagani,993,17,,atp_daily_snapshot
2026-04-17,2026-04-17T06:12:12Z,Dante Pagani,993,17,17.0,atp_daily_snapshot
2026-04-17,2026-04-17T06:12:12Z,S. Choo,994,17,,atp_daily_snapshot
2026-04-17,2026-04-17T06:12:12Z,Suk Hyun Choo,994,17,24.0,atp_daily_snapshot
2026-04-17,2026-04-17T06:12:12Z,Z. Sesko,995,17,,atp_daily_snapshot
2026-04-17,2026-04-17T06:12:12Z,Ziga Sesko,995,17,17.0,atp_daily_snapshot
2026-04-17,2026-04-17T06:12:12Z,L. Gagliardo,996,17,,atp_daily_snapshot
2026-04-17,2026-04-17T06:12:12Z,Lorenzo Gagliardo,996,17,25.0,atp_daily_snapshot
2026-04-17,2026-04-17T06:12:12Z,M. Malaszszak,997,17,,atp_daily_snapshot
2026-04-17,2026-04-17T06:12:12Z,Markus Malaszszak,997,17,21.0,atp_daily_snapshot
2026-04-17,2026-04-17T06:12:12Z,J. Schlageter,998,17,,atp_daily_snapshot
2026-04-17,2026-04-17T06:12:12Z,Justin Schlageter,998,17,25.0,atp_daily_snapshot
2026-04-17,2026-04-17T06:12:12Z,G. Shebekin,999,17,,atp_daily_snapshot
2026-04-17,2026-04-17T06:12:12Z,Grigory Shebekin,999,17,20.0,atp_daily_snapshot
2026-04-17,2026-04-17T06:12:12Z,Z. Stephens,1000,17,,atp_daily_snapshot
2026-04-17,2026-04-17T06:12:12Z,Zach Stephens,1000,17,19.0,atp_daily_snapshot
2026-04-17,2026-04-17T06:12:12Z,B. Atlangeriev,1001,17,,atp_daily_snapshot
2026-04-17,2026-04-17T06:12:12Z,Bekkhan Atlangeriev,1001,17,25.0,atp_daily_snapshot
2026-04-17,2026-04-17T06:12:12Z,T. Zeuch,1002,17,,atp_daily_snapshot
2026-04-17,2026-04-17T06:12:12Z,Tom Zeuch,1002,17,26.0,atp_daily_snapshot
2026-04-17,2026-04-17T06:12:12Z,G. Kim,1003,17,,atp_daily_snapshot
2026-04-17,2026-04-17T06:12:12Z,Geun Jun Kim,1003,17,24.0,atp_daily_snapshot
2026-04-17,2026-04-17T06:12:12Z,A. Klintcharov,1004,17,,atp_daily_snapshot
2026-04-17,2026-04-17T06:12:12Z,Alexander Klintcharov,1004,17,29.0,atp_daily_snapshot
2026-04-17,2026-04-17T06:12:12Z,T. Bieldiugin,1005,17,,atp_daily_snapshot
2026-04-17,2026-04-17T06:12:12Z,Tymur Bieldiugin,1005,17,20.0,atp_daily_snapshot
2026-04-17,2026-04-17T06:12:12Z,P. De Lange,1006,17,,atp_daily_snapshot
2026-04-17,2026-04-17T06:12:12Z,Pieter De Lange,1006,17,19.0,atp_daily_snapshot
2026-04-17,2026-04-17T06:12:12Z,B. Bozemoj,1007,17,,atp_daily_snapshot
2026-04-17,2026-04-17T06:12:12Z,Brian Bozemoj,1007,17,22.0,atp_daily_snapshot
2026-04-17,2026-04-17T06:12:12Z,C. Dong,1008,17,,atp_daily_snapshot
2026-04-17,2026-04-17T06:12:12Z,Chen Dong,1008,17,23.0,atp_daily_snapshot
2026-04-17,2026-04-17T06:12:12Z,D. Fernandez Flores,1009,17,,atp_daily_snapshot
2026-04-17,2026-04-17T06:12:12Z,Diego Fernandez Flores,1009,17,25.0,atp_daily_snapshot
2026-04-17,2026-04-17T06:12:12Z,V. Gogineni,1010,16,,atp_daily_snapshot
2026-04-17,2026-04-17T06:12:12Z,Vignesh Gogineni,1010,16,22.0,atp_daily_snapshot
2026-04-17,2026-04-17T06:12:12Z,N. Oliveira,1011,16,,atp_daily_snapshot
2026-04-17,2026-04-17T06:12:12Z,Nicolas Oliveira,1011,16,19.0,atp_daily_snapshot
2026-04-17,2026-04-17T06:12:12Z,K. Rice,1012,16,,atp_daily_snapshot
2026-04-17,2026-04-17T06:12:12Z,Keegan Rice,1012,16,19.0,atp_daily_snapshot
2026-04-17,2026-04-17T06:12:12Z,D. Recek,1013,16,,atp_daily_snapshot
2026-04-17,2026-04-17T06:12:12Z,Dominik Recek,1013,16,31.0,atp_daily_snapshot
2026-04-17,2026-04-17T06:12:12Z,O. Bonding,1014,16,,atp_daily_snapshot
2026-04-17,2026-04-17T06:12:12Z,Oliver Bonding,1014,16,18.0,atp_daily_snapshot
2026-04-17,2026-04-17T06:12:12Z,B. Winter Lopez,1015,16,,atp_daily_snapshot
2026-04-17,2026-04-17T06:12:12Z,Benjamin Winter Lopez,1015,16,27.0,atp_daily_snapshot
2026-04-17,2026-04-17T06:12:12Z,N. McDonald,1016,16,,atp_daily_snapshot
2026-04-17,2026-04-17T06:12:12Z,Niels McDonald,1016,16,18.0,atp_daily_snapshot
2026-04-17,2026-04-17T06:12:12Z,R. Tabata,1017,16,,atp_daily_snapshot
2026-04-17,2026-04-17T06:12:12Z,Ryo Tabata,1017,16,18.0,atp_daily_snapshot
2026-04-17,2026-04-17T06:12:12Z,A. Kotzen,1018,16,,atp_daily_snapshot
2026-04-17,2026-04-17T06:12:12Z,Alexander Kotzen,1018,16,25.0,atp_daily_snapshot
2026-04-17,2026-04-17T06:12:12Z,M. Exsted,1019,16,,atp_daily_snapshot
2026-04-17,2026-04-17T06:12:12Z,Maxwell Exsted,1019,16,19.0,atp_daily_snapshot
2026-04-17,2026-04-17T06:12:12Z,S. Stankovic,1020,16,,atp_daily_snapshot
2026-04-17,2026-04-17T06:12:12Z,Simeon Stankovic,1020,16,19.0,atp_daily_snapshot
2026-04-17,2026-04-17T06:12:12Z,J. Scramin Do Lago,1021,16,,atp_daily_snapshot
2026-04-17,2026-04-17T06:12:12Z,Joao Vitor Scramin Do Lago,1021,16,19.0,atp_daily_snapshot
2026-04-17,2026-04-17T06:12:12Z,J. Flores,1022,16,,atp_daily_snapshot
2026-04-17,2026-04-17T06:12:12Z,Jesse Flores,1022,16,31.0,atp_daily_snapshot
2026-04-17,2026-04-17T06:12:12Z,Z. Tkemaladze,1023,16,,atp_daily_snapshot
2026-04-17,2026-04-17T06:12:12Z,Zura Tkemaladze,1023,16,25.0,atp_daily_snapshot
2026-04-17,2026-04-17T06:12:12Z,A. De Marchi,1024,16,,atp_daily_snapshot
2026-04-17,2026-04-17T06:12:12Z,Andrea De Marchi,1024,16,19.0,atp_daily_snapshot
2026-04-17,2026-04-17T06:12:12Z,R. Tiukaev,1025,16,,atp_daily_snapshot
2026-04-17,2026-04-17T06:12:12Z,Ruslan Tiukaev,1025,16,20.0,atp_daily_snapshot
2026-04-17,2026-04-17T06:12:12Z,S. Ryan Ziegann,1026,16,,atp_daily_snapshot
2026-04-17,2026-04-17T06:12:12Z,Sam Ryan Ziegann,1026,16,27.0,atp_daily_snapshot
2026-04-17,2026-04-17T06:12:12Z,P. Marino,1027,16,,atp_daily_snapshot
2026-04-17,2026-04-17T06:12:12Z,Pietro Marino,1027,16,24.0,atp_daily_snapshot
2026-04-17,2026-04-17T06:12:12Z,Pavlos Tsitsipas,1028,16,20.0,atp_daily_snapshot
2026-04-17,2026-04-17T06:12:12Z,K. Ibrahim,1029,16,,atp_daily_snapshot
2026-04-17,2026-04-17T06:12:12Z,Karim Ibrahim,1029,16,22.0,atp_daily_snapshot
2026-04-17,2026-04-17T06:12:12Z,J. Wolf,1030,15,,atp_daily_snapshot
2026-04-17,2026-04-17T06:12:12Z,J.J. Wolf,1030,15,27.0,atp_daily_snapshot
2026-04-17,2026-04-17T06:12:12Z,O. Luz,1031,15,,atp_daily_snapshot
2026-04-17,2026-04-17T06:12:12Z,Orlando Luz,1031,15,28.0,atp_daily_snapshot
2026-04-17,2026-04-17T06:12:12Z,C. Ilkel,1032,15,,atp_daily_snapshot
2026-04-17,2026-04-17T06:12:12Z,Cem Ilkel,1032,15,30.0,atp_daily_snapshot
2026-04-17,2026-04-17T06:12:12Z,O. Otte,1033,15,,atp_daily_snapshot
2026-04-17,2026-04-17T06:12:12Z,Oscar Otte,1033,15,32.0,atp_daily_snapshot
2026-04-17,2026-04-17T06:12:12Z,L. Aboian,1034,15,,atp_daily_snapshot
2026-04-17,2026-04-17T06:12:12Z,Leonardo Aboian,1034,15,27.0,atp_daily_snapshot
2026-04-17,2026-04-17T06:12:12Z,J. De Loore,1035,15,,atp_daily_snapshot
2026-04-17,2026-04-17T06:12:12Z,Joris De Loore,1035,15,32.0,atp_daily_snapshot
2026-04-17,2026-04-17T06:12:12Z,B. Paire,1036,15,,atp_daily_snapshot
2026-04-17,2026-04-17T06:12:12Z,Benoit Paire,1036,15,36.0,atp_daily_snapshot
2026-04-17,2026-04-17T06:12:12Z,J. Cundom,1037,15,,atp_daily_snapshot
2026-04-17,2026-04-17T06:12:12Z,Julian Cundom,1037,15,25.0,atp_daily_snapshot
2026-04-17,2026-04-17T06:12:12Z,V. Melnic,1038,15,,atp_daily_snapshot
2026-04-17,2026-04-17T06:12:12Z,Vladislav Melnic,1038,15,26.0,atp_daily_snapshot
2026-04-17,2026-04-17T06:12:12Z,F. Bass,1039,15,,atp_daily_snapshot
2026-04-17,2026-04-17T06:12:12Z,Finn Bass,1039,15,26.0,atp_daily_snapshot
2026-04-17,2026-04-17T06:12:12Z,K. Chopra,1040,15,,atp_daily_snapshot
2026-04-17,2026-04-17T06:12:12Z,Keshav Chopra,1040,15,24.0,atp_daily_snapshot
2026-04-17,2026-04-17T06:12:12Z,E. Monferrer,1041,15,,atp_daily_snapshot
2026-04-17,2026-04-17T06:12:12Z,Ezequiel Monferrer,1041,15,22.0,atp_daily_snapshot
2026-04-17,2026-04-17T06:12:12Z,H. Liu,1042,15,,atp_daily_snapshot
2026-04-17,2026-04-17T06:12:12Z,Hanyi Liu,1042,15,24.0,atp_daily_snapshot
2026-04-17,2026-04-17T06:12:12Z,M. Maksimovic,1043,15,,atp_daily_snapshot
2026-04-17,2026-04-17T06:12:12Z,Marko Maksimovic,1043,15,20.0,atp_daily_snapshot
2026-04-17,2026-04-17T06:12:12Z,V. Iakubenko,1044,15,,atp_daily_snapshot
2026-04-17,2026-04-17T06:12:12Z,Volodymyr Iakubenko,1044,15,20.0,atp_daily_snapshot
2026-04-17,2026-04-17T06:12:12Z,N. Ifi,1045,15,,atp_daily_snapshot
2026-04-17,2026-04-17T06:12:12Z,Nicolas Ifi,1045,15,27.0,atp_daily_snapshot
2026-04-17,2026-04-17T06:12:12Z,J. Kim,1046,14,,atp_daily_snapshot
2026-04-17,2026-04-17T06:12:12Z,Jangjun Kim,1046,14,19.0,atp_daily_snapshot
2026-04-17,2026-04-17T06:12:12Z,S. Danilov,1047,14,,atp_daily_snapshot
2026-04-17,2026-04-17T06:12:12Z,Savriyan Danilov,1047,14,25.0,atp_daily_snapshot
2026-04-17,2026-04-17T06:12:12Z,K. Tamm,1048,14,,atp_daily_snapshot
2026-04-17,2026-04-17T06:12:12Z,Kristjan Tamm,1048,14,27.0,atp_daily_snapshot
2026-04-17,2026-04-17T06:12:12Z,E. Philippov,1049,14,,atp_daily_snapshot
2026-04-17,2026-04-17T06:12:12Z,Evgeny Philippov,1049,14,24.0,atp_daily_snapshot
2026-04-17,2026-04-17T06:12:12Z,B. Suarez,1050,14,,atp_daily_snapshot
2026-04-17,2026-04-17T06:12:12Z,Billy Suarez,1050,14,24.0,atp_daily_snapshot
2026-04-17,2026-04-17T06:12:12Z,V. Basel,1051,14,,atp_daily_snapshot
2026-04-17,2026-04-17T06:12:12Z,Valentin Basel,1051,14,21.0,atp_daily_snapshot
2026-04-17,2026-04-17T06:12:12Z,S. Ivanov,1052,14,,atp_daily_snapshot
2026-04-17,2026-04-17T06:12:12Z,Saveliy Ivanov,1052,14,21.0,atp_daily_snapshot
2026-04-17,2026-04-17T06:12:12Z,M. Ponce De Leon Gomila,1053,13,,atp_daily_snapshot
2026-04-17,2026-04-17T06:12:12Z,Matias Ponce De Leon Gomila,1053,13,22.0,atp_daily_snapshot
2026-04-17,2026-04-17T06:12:12Z,S. Reveniau,1054,13,,atp_daily_snapshot
2026-04-17,2026-04-17T06:12:12Z,Simon Reveniau,1054,13,28.0,atp_daily_snapshot
2026-04-17,2026-04-17T06:12:12Z,J. Jung,1055,13,,atp_daily_snapshot
2026-04-17,2026-04-17T06:12:12Z,Jason Jung,1055,13,36.0,atp_daily_snapshot
2026-04-17,2026-04-17T06:12:12Z,R. Seggerman,1056,13,,atp_daily_snapshot
2026-04-17,2026-04-17T06:12:12Z,Ryan Seggerman,1056,13,26.0,atp_daily_snapshot
2026-04-17,2026-04-17T06:12:12Z,E. Karlovskiy,1057,13,,atp_daily_snapshot
2026-04-17,2026-04-17T06:12:12Z,Evgeny Karlovskiy,1057,13,31.0,atp_daily_snapshot
2026-04-17,2026-04-17T06:12:12Z,S. Dominko,1058,13,,atp_daily_snapshot
2026-04-17,2026-04-17T06:12:12Z,Sebastian Dominko,1058,13,22.0,atp_daily_snapshot
2026-04-17,2026-04-17T06:12:12Z,O. Okonkwo,1059,13,,atp_daily_snapshot
2026-04-17,2026-04-17T06:12:12Z,Oliver Okonkwo,1059,13,26.0,atp_daily_snapshot
2026-04-17,2026-04-17T06:12:12Z,M. Arseneault,1060,13,,atp_daily_snapshot
2026-04-17,2026-04-17T06:12:12Z,Mikael Arseneault,1060,13,19.0,atp_daily_snapshot
2026-04-17,2026-04-17T06:12:12Z,M. Kesharwani,1061,13,,atp_daily_snapshot
2026-04-17,2026-04-17T06:12:12Z,Maan Kesharwani,1061,13,24.0,atp_daily_snapshot
2026-04-17,2026-04-17T06:12:12Z,J. Van Herzeele,1062,13,,atp_daily_snapshot
2026-04-17,2026-04-17T06:12:12Z,James Van Herzeele,1062,13,23.0,atp_daily_snapshot
2026-04-17,2026-04-17T06:12:12Z,H. Naw,1063,13,,atp_daily_snapshot
2026-04-17,2026-04-17T06:12:12Z,Hazem Naw,1063,13,26.0,atp_daily_snapshot
2026-04-17,2026-04-17T06:12:12Z,K. Kirci,1064,13,,atp_daily_snapshot
2026-04-17,2026-04-17T06:12:12Z,Koray Kirci,1064,13,27.0,atp_daily_snapshot
2026-04-17,2026-04-17T06:12:12Z,R. Piatti,1065,13,,atp_daily_snapshot
2026-04-17,2026-04-17T06:12:12Z,Rocco Piatti,1065,13,21.0,atp_daily_snapshot
2026-04-17,2026-04-17T06:12:12Z,M. Scaglia,1066,13,,atp_daily_snapshot
2026-04-17,2026-04-17T06:12:12Z,Mathieu Scaglia,1066,13,27.0,atp_daily_snapshot
2026-04-17,2026-04-17T06:12:12Z,M. Del Pino,1067,13,,atp_daily_snapshot
2026-04-17,2026-04-17T06:12:12Z,Mateo Del Pino,1067,13,22.0,atp_daily_snapshot
2026-04-17,2026-04-17T06:12:12Z,N. Djosic,1068,13,,atp_daily_snapshot
2026-04-17,2026-04-17T06:12:12Z,Nikola Djosic,1068,13,18.0,atp_daily_snapshot
2026-04-17,2026-04-17T06:12:12Z,M. Lipp,1069,13,,atp_daily_snapshot
2026-04-17,2026-04-17T06:12:12Z,Mika Lipp,1069,13,22.0,atp_daily_snapshot
2026-04-17,2026-04-17T06:12:12Z,O. Anderson,1070,13,,atp_daily_snapshot
2026-04-17,2026-04-17T06:12:12Z,Oliver Anderson,1070,13,27.0,atp_daily_snapshot
2026-04-17,2026-04-17T06:12:12Z,J. Goncalves Ceolin,1071,13,,atp_daily_snapshot
2026-04-17,2026-04-17T06:12:12Z,Joao Vitor Goncalves Ceolin,1071,13,26.0,atp_daily_snapshot
2026-04-17,2026-04-17T06:12:12Z,A. Jeran,1072,13,,atp_daily_snapshot
2026-04-17,2026-04-17T06:12:12Z,Aljaz Jeran,1072,13,22.0,atp_daily_snapshot
2026-04-17,2026-04-17T06:12:12Z,D. Azoidis,1073,13,,atp_daily_snapshot
2026-04-17,2026-04-17T06:12:12Z,Dimitris Azoidis,1073,13,25.0,atp_daily_snapshot
2026-04-17,2026-04-17T06:12:12Z,T. Serrano Luis,1074,13,,atp_daily_snapshot
2026-04-17,2026-04-17T06:12:12Z,Tomas Serrano Luis,1074,13,24.0,atp_daily_snapshot
2026-04-17,2026-04-17T06:12:12Z,R. Tosetto,1075,13,,atp_daily_snapshot
2026-04-17,2026-04-17T06:12:12Z,Rafael Tosetto,1075,13,26.0,atp_daily_snapshot
2026-04-17,2026-04-17T06:12:12Z,J. Bilardo,1076,13,,atp_daily_snapshot
2026-04-17,2026-04-17T06:12:12Z,Jacopo Bilardo,1076,13,21.0,atp_daily_snapshot
2026-04-17,2026-04-17T06:12:12Z,M. Ujvary,1077,13,,atp_daily_snapshot
2026-04-17,2026-04-17T06:12:12Z,Matthias Ujvary,1077,13,21.0,atp_daily_snapshot
2026-04-17,2026-04-17T06:12:12Z,K. Pearson,1078,12,,atp_daily_snapshot
2026-04-17,2026-04-17T06:12:12Z,Kody Pearson,1078,12,26.0,atp_daily_snapshot
2026-04-17,2026-04-17T06:12:12Z,Z. Li,1079,12,,atp_daily_snapshot
2026-04-17,2026-04-17T06:12:12Z,Zhe Li,1079,12,39.0,atp_daily_snapshot
2026-04-17,2026-04-17T06:12:12Z,D. Badenhorst,1080,12,,atp_daily_snapshot
2026-04-17,2026-04-17T06:12:12Z,Devin Badenhorst,1080,12,21.0,atp_daily_snapshot
2026-04-17,2026-04-17T06:12:12Z,B. Sanchez Martinez,1081,12,,atp_daily_snapshot
2026-04-17,2026-04-17T06:12:12Z,Benito Sanchez Martinez,1081,12,23.0,atp_daily_snapshot
2026-04-17,2026-04-17T06:12:12Z,A. Jilly,1082,12,,atp_daily_snapshot
2026-04-17,2026-04-17T06:12:12Z,Adam Jilly,1082,12,19.0,atp_daily_snapshot
2026-04-17,2026-04-17T06:12:12Z,G. Madarasz,1083,12,,atp_daily_snapshot
2026-04-17,2026-04-17T06:12:12Z,Gergely Madarasz,1083,12,31.0,atp_daily_snapshot
2026-04-17,2026-04-17T06:12:12Z,V. Jankanj,1084,12,,atp_daily_snapshot
2026-04-17,2026-04-17T06:12:12Z,Vlado Jankanj,1084,12,19.0,atp_daily_snapshot
2026-04-17,2026-04-17T06:12:12Z,M. Borisiouk,1085,12,,atp_daily_snapshot
2026-04-17,2026-04-17T06:12:12Z,Martin Borisiouk,1085,12,25.0,atp_daily_snapshot
2026-04-17,2026-04-17T06:12:12Z,M. Martinez Serrano,1086,12,,atp_daily_snapshot
2026-04-17,2026-04-17T06:12:12Z,Mario Martinez Serrano,1086,12,21.0,atp_daily_snapshot
2026-04-17,2026-04-17T06:12:12Z,C. Papoe,1087,12,,atp_daily_snapshot
2026-04-17,2026-04-17T06:12:12Z,Cezar Gabriel Papoe,1087,12,18.0,atp_daily_snapshot
2026-04-17,2026-04-17T06:12:12Z,T. Pernas,1088,12,,atp_daily_snapshot
2026-04-17,2026-04-17T06:12:12Z,Thiago Agustin Pernas,1088,12,24.0,atp_daily_snapshot
2026-04-17,2026-04-17T06:12:12Z,R. Mehra,1089,12,,atp_daily_snapshot
2026-04-17,2026-04-17T06:12:12Z,Rohan Mehra,1089,12,23.0,atp_daily_snapshot
2026-04-17,2026-04-17T06:12:12Z,S. Matsuoka,1090,12,,atp_daily_snapshot
2026-04-17,2026-04-17T06:12:12Z,Shu Matsuoka,1090,12,22.0,atp_daily_snapshot
2026-04-17,2026-04-17T06:12:12Z,A. Andreev,1091,12,,atp_daily_snapshot
2026-04-17,2026-04-17T06:12:12Z,Adrian Andreev,1091,12,24.0,atp_daily_snapshot
2026-04-17,2026-04-17T06:12:12Z,M. Hulme,1092,12,,atp_daily_snapshot
2026-04-17,2026-04-17T06:12:12Z,Matt Hulme,1092,12,27.0,atp_daily_snapshot
2026-04-17,2026-04-17T06:12:12Z,A. Mujakic,1093,12,,atp_daily_snapshot
2026-04-17,2026-04-17T06:12:12Z,Alen Mujakic,1093,12,22.0,atp_daily_snapshot
2026-04-17,2026-04-17T06:12:12Z,H. Jones,1094,12,,atp_daily_snapshot
2026-04-17,2026-04-17T06:12:12Z,Hayden Jones,1094,12,19.0,atp_daily_snapshot
2026-04-17,2026-04-17T06:12:12Z,M. Serafini,1095,12,,atp_daily_snapshot
2026-04-17,2026-04-17T06:12:12Z,Marcello Serafini,1095,12,23.0,atp_daily_snapshot
2026-04-17,2026-04-17T06:12:12Z,M. Mecarelli,1096,12,,atp_daily_snapshot
2026-04-17,2026-04-17T06:12:12Z,Michele Mecarelli,1096,12,18.0,atp_daily_snapshot
2026-04-17,2026-04-17T06:12:12Z,T. Stringer,1097,12,,atp_daily_snapshot
2026-04-17,2026-04-17T06:12:12Z,Tristan Stringer,1097,12,20.0,atp_daily_snapshot
2026-04-17,2026-04-17T06:12:12Z,R. De Alba,1098,12,,atp_daily_snapshot
2026-04-17,2026-04-17T06:12:12Z,Rafael De Alba,1098,12,24.0,atp_daily_snapshot
2026-04-17,2026-04-17T06:12:12Z,N. Larwig,1099,12,,atp_daily_snapshot
2026-04-17,2026-04-17T06:12:12Z,Noel Larwig,1099,12,24.0,atp_daily_snapshot
2026-04-17,2026-04-17T06:12:12Z,A. Alhogbani,1100,12,,atp_daily_snapshot
2026-04-17,2026-04-17T06:12:12Z,Ammar Alhogbani,1100,12,27.0,atp_daily_snapshot
2026-04-17,2026-04-17T06:12:12Z,P. Pinter,1101,12,,atp_daily_snapshot
2026-04-17,2026-04-17T06:12:12Z,Piet Luis Pinter,1101,12,20.0,atp_daily_snapshot
2026-04-17,2026-04-17T06:12:12Z,A. Chayka,1102,12,,atp_daily_snapshot
2026-04-17,2026-04-17T06:12:12Z,Aleksander Chayka,1102,12,21.0,atp_daily_snapshot
2026-04-17,2026-04-17T06:12:12Z,Y. Tomida,1103,12,,atp_daily_snapshot
2026-04-17,2026-04-17T06:12:12Z,Yuta Tomida,1103,12,19.0,atp_daily_snapshot
2026-04-17,2026-04-17T06:12:12Z,Z. Velcz,1104,11,,atp_daily_snapshot
2026-04-17,2026-04-17T06:12:12Z,Zsombor Velcz,1104,11,23.0,atp_daily_snapshot
2026-04-17,2026-04-17T06:12:12Z,A. Hayen,1105,11,,atp_daily_snapshot
2026-04-17,2026-04-17T06:12:12Z,Alejandro Hayen,1105,11,27.0,atp_daily_snapshot
2026-04-17,2026-04-17T06:12:12Z,T. Deschamps,1106,11,,atp_daily_snapshot
2026-04-17,2026-04-17T06:12:12Z,Thomas Deschamps,1106,11,27.0,atp_daily_snapshot
2026-04-17,2026-04-17T06:12:12Z,M. Bondaz,1107,11,,atp_daily_snapshot
2026-04-17,2026-04-17T06:12:12Z,Mathis Bondaz,1107,11,24.0,atp_daily_snapshot
2026-04-17,2026-04-17T06:12:12Z,G. Brymer,1108,11,,atp_daily_snapshot
2026-04-17,2026-04-17T06:12:12Z,Gage Brymer,1108,11,31.0,atp_daily_snapshot
2026-04-17,2026-04-17T06:12:12Z,D. Poljak,1109,11,,atp_daily_snapshot
2026-04-17,2026-04-17T06:12:12Z,David Poljak,1109,11,29.0,atp_daily_snapshot
2026-04-17,2026-04-17T06:12:12Z,C. Thomson,1110,11,,atp_daily_snapshot
2026-04-17,2026-04-17T06:12:12Z,Connor Thomson,1110,11,25.0,atp_daily_snapshot
2026-04-17,2026-04-17T06:12:12Z,R. Quan,1111,11,,atp_daily_snapshot
2026-04-17,2026-04-17T06:12:12Z,Rudy Quan,1111,11,20.0,atp_daily_snapshot
2026-04-17,2026-04-17T06:12:12Z,D. Kakhniuk,1112,11,,atp_daily_snapshot
2026-04-17,2026-04-17T06:12:12Z,Daniil Kakhniuk,1112,11,23.0,atp_daily_snapshot
2026-04-17,2026-04-17T06:12:12Z,F. Aguilar Cardozo,1113,11,,atp_daily_snapshot
2026-04-17,2026-04-17T06:12:12Z,Federico Aguilar Cardozo,1113,11,21.0,atp_daily_snapshot
2026-04-17,2026-04-17T06:12:12Z,G. Perego,1114,11,,atp_daily_snapshot
2026-04-17,2026-04-17T06:12:12Z,Giulio Perego,1114,11,23.0,atp_daily_snapshot
2026-04-17,2026-04-17T06:12:12Z,P. Lu,1115,11,,atp_daily_snapshot
2026-04-17,2026-04-17T06:12:12Z,Pengyu Lu,1115,11,24.0,atp_daily_snapshot
2026-04-17,2026-04-17T06:12:12Z,R. Valente,1116,11,,atp_daily_snapshot
2026-04-17,2026-04-17T06:12:12Z,Rocco Valente,1116,11,21.0,atp_daily_snapshot
2026-04-17,2026-04-17T06:12:12Z,M. Kaouk,1117,11,,atp_daily_snapshot
2026-04-17,2026-04-17T06:12:12Z,Mickael Kaouk,1117,11,17.0,atp_daily_snapshot
2026-04-17,2026-04-17T06:12:12Z,L. Malgaroli,1118,11,,atp_daily_snapshot
2026-04-17,2026-04-17T06:12:12Z,Leonardo Malgaroli,1118,11,23.0,atp_daily_snapshot
2026-04-17,2026-04-17T06:12:12Z,E. Khoeblal,1119,11,,atp_daily_snapshot
2026-04-17,2026-04-17T06:12:12Z,Elgin Khoeblal,1119,11,24.0,atp_daily_snapshot
2026-04-17,2026-04-17T06:12:12Z,E. Ambarzumjan,1120,11,,atp_daily_snapshot
2026-04-17,2026-04-17T06:12:12Z,Edison Ambarzumjan,1120,11,29.0,atp_daily_snapshot
2026-04-17,2026-04-17T06:12:12Z,S. Cho,1121T,11,,atp_daily_snapshot
2026-04-17,2026-04-17T06:12:12Z,J. Wendler Filho,1121T,11,,atp_daily_snapshot
2026-04-17,2026-04-17T06:12:12Z,Seongwoo Cho,1121T,11,27.0,atp_daily_snapshot
2026-04-17,2026-04-17T06:12:12Z,Jefferson Wendler Filho,1121T,11,30.0,atp_daily_snapshot
2026-04-17,2026-04-17T06:12:12Z,N. Garcia Longo,1123T,11,,atp_daily_snapshot
2026-04-17,2026-04-17T06:12:12Z,J. Szajrych,1123T,11,,atp_daily_snapshot
2026-04-17,2026-04-17T06:12:12Z,Nicolas Garcia Longo,1123T,11,20.0,atp_daily_snapshot
2026-04-17,2026-04-17T06:12:12Z,Jasza Szajrych,1123T,11,23.0,atp_daily_snapshot
2026-04-17,2026-04-17T06:12:12Z,M. Ochi,1125,11,,atp_daily_snapshot
2026-04-17,2026-04-17T06:12:12Z,Makoto Ochi,1125,11,29.0,atp_daily_snapshot
2026-04-17,2026-04-17T06:12:12Z,A. Habib,1126T,11,,atp_daily_snapshot
2026-04-17,2026-04-17T06:12:12Z,V. Remondy Pagotto,1126T,11,,atp_daily_snapshot
2026-04-17,2026-04-17T06:12:12Z,Ali Habib,1126T,11,23.0,atp_daily_snapshot
2026-04-17,2026-04-17T06:12:12Z,Victor Hugo Remondy Pagotto,1126T,11,20.0,atp_daily_snapshot
2026-04-17,2026-04-17T06:12:12Z,J. Otegui,1128,11,,atp_daily_snapshot
2026-04-17,2026-04-17T06:12:12Z,Juan Bautista Otegui,1128,11,27.0,atp_daily_snapshot
2026-04-17,2026-04-17T06:12:12Z,S. Vujic,1129,11,,atp_daily_snapshot
2026-04-17,2026-04-17T06:12:12Z,Stefan Vujic,1129,11,28.0,atp_daily_snapshot
2026-04-17,2026-04-17T06:12:12Z,S. Sim,1130,11,,atp_daily_snapshot
2026-04-17,2026-04-17T06:12:12Z,Sungbeen Sim,1130,11,29.0,atp_daily_snapshot
2026-04-17,2026-04-17T06:12:12Z,H. Pierre,1131,11,,atp_daily_snapshot
2026-04-17,2026-04-17T06:12:12Z,Hugo Pierre,1131,11,30.0,atp_daily_snapshot
2026-04-17,2026-04-17T06:12:12Z,M. Figl,1132,11,,atp_daily_snapshot
2026-04-17,2026-04-17T06:12:12Z,Maximilian Figl,1132,11,22.0,atp_daily_snapshot
2026-04-17,2026-04-17T06:12:12Z,N. Ciavarella,1133,11,,atp_daily_snapshot
2026-04-17,2026-04-17T06:12:12Z,Niccolò Ciavarella,1133,11,22.0,atp_daily_snapshot
2026-04-17,2026-04-17T06:12:12Z,N. Bruna,1134,11,,atp_daily_snapshot
2026-04-17,2026-04-17T06:12:12Z,Nicolas Bruna,1134,11,27.0,atp_daily_snapshot
2026-04-17,2026-04-17T06:12:12Z,L. Martinez,1135,10,,atp_daily_snapshot
2026-04-17,2026-04-17T06:12:12Z,Luis David Martinez,1135,10,36.0,atp_daily_snapshot
2026-04-17,2026-04-17T06:12:12Z,M. Klizan,1136,10,,atp_daily_snapshot
2026-04-17,2026-04-17T06:12:12Z,Martin Klizan,1136,10,36.0,atp_daily_snapshot
2026-04-17,2026-04-17T06:12:12Z,S. Banthia,1137T,10,,atp_daily_snapshot
2026-04-17,2026-04-17T06:12:12Z,S. Klaassen,1137T,10,,atp_daily_snapshot
2026-04-17,2026-04-17T06:12:12Z,F. Speziali,1137T,10,,atp_daily_snapshot
2026-04-17,2026-04-17T06:12:12Z,Siddhant Banthia,1137T,10,25.0,atp_daily_snapshot
2026-04-17,2026-04-17T06:12:12Z,Stian Klaassen,1137T,10,22.0,atp_daily_snapshot
2026-04-17,2026-04-17T06:12:12Z,Filippo Speziali,1137T,10,25.0,atp_daily_snapshot
2026-04-17,2026-04-17T06:12:12Z,C. Rolland De Ravel,1140,10,,atp_daily_snapshot
2026-04-17,2026-04-17T06:12:12Z,Cosme Rolland De Ravel,1140,10,21.0,atp_daily_snapshot
2026-04-17,2026-04-17T06:12:12Z,P. Cachin,1141,10,,atp_daily_snapshot
2026-04-17,2026-04-17T06:12:12Z,Pedro Cachin,1141,10,31.0,atp_daily_snapshot
2026-04-17,2026-04-17T06:12:12Z,L. Miguel,1142,10,,atp_daily_snapshot
2026-04-17,2026-04-17T06:12:12Z,Luis Felipe Miguel,1142,10,22.0,atp_daily_snapshot
2026-04-17,2026-04-17T06:12:12Z,C. Woestendick,1143,10,,atp_daily_snapshot
2026-04-17,2026-04-17T06:12:12Z,Cooper Woestendick,1143,10,19.0,atp_daily_snapshot
2026-04-17,2026-04-17T06:12:12Z,A. Rozin,1144,10,,atp_daily_snapshot
2026-04-17,2026-04-17T06:12:12Z,Alexander Rozin,1144,10,20.0,atp_daily_snapshot
2026-04-17,2026-04-17T06:12:12Z,J. Opitz,1145,10,,atp_daily_snapshot
2026-04-17,2026-04-17T06:12:12Z,Jannik Opitz,1145,10,27.0,atp_daily_snapshot
2026-04-17,2026-04-17T06:12:12Z,I. Strode,1146,10,,atp_daily_snapshot
2026-04-17,2026-04-17T06:12:12Z,Isaiah Strode,1146,10,28.0,atp_daily_snapshot
2026-04-17,2026-04-17T06:12:12Z,C. Oh,1147,10,,atp_daily_snapshot
2026-04-17,2026-04-17T06:12:12Z,Chanyeong Oh,1147,10,27.0,atp_daily_snapshot
2026-04-17,2026-04-17T06:12:12Z,J. Guilleme,1148,10,,atp_daily_snapshot
2026-04-17,2026-04-17T06:12:12Z,Joaquin Guilleme,1148,10,19.0,atp_daily_snapshot
2026-04-17,2026-04-17T06:12:12Z,D. Markovina,1149,10,,atp_daily_snapshot
2026-04-17,2026-04-17T06:12:12Z,Duje Markovina,1149,10,18.0,atp_daily_snapshot
2026-04-17,2026-04-17T06:12:12Z,M. Sabas,1150,10,,atp_daily_snapshot
2026-04-17,2026-04-17T06:12:12Z,Martin Sabas,1150,10,24.0,atp_daily_snapshot
2026-04-17,2026-04-17T06:12:12Z,R. Tanuma,1151,10,,atp_daily_snapshot
2026-04-17,2026-04-17T06:12:12Z,Ryota Tanuma,1151,10,30.0,atp_daily_snapshot
2026-04-17,2026-04-17T06:12:12Z,R. Guna,1152,10,,atp_daily_snapshot
2026-04-17,2026-04-17T06:12:12Z,Robert Guna,1152,10,20.0,atp_daily_snapshot
2026-04-17,2026-04-17T06:12:12Z,L. Primucci,1153,10,,atp_daily_snapshot
2026-04-17,2026-04-17T06:12:12Z,Leonardo Primucci,1153,10,22.0,atp_daily_snapshot
2026-04-17,2026-04-17T06:12:12Z,G. Ortenzi,1154,10,,atp_daily_snapshot
2026-04-17,2026-04-17T06:12:12Z,Gian Marco Ortenzi,1154,10,26.0,atp_daily_snapshot
2026-04-17,2026-04-17T06:12:12Z,S. Fanselow,1155,10,,atp_daily_snapshot
2026-04-17,2026-04-17T06:12:12Z,Sebastian Fanselow,1155,10,34.0,atp_daily_snapshot
2026-04-17,2026-04-17T06:12:12Z,G. Ramskogler,1156,10,,atp_daily_snapshot
2026-04-17,2026-04-17T06:12:12Z,Gregor Ramskogler,1156,10,27.0,atp_daily_snapshot
2026-04-17,2026-04-17T06:12:12Z,R. Rodriguez - Pace,1157,10,,atp_daily_snapshot
2026-04-17,2026-04-17T06:12:12Z,Ricardo Rodriguez - Pace,1157,10,32.0,atp_daily_snapshot
2026-04-17,2026-04-17T06:12:12Z,E. Cook,1158,10,,atp_daily_snapshot
2026-04-17,2026-04-17T06:12:12Z,Ethan Cook,1158,10,23.0,atp_daily_snapshot
2026-04-17,2026-04-17T06:12:12Z,N. Parizzia,1159,10,,atp_daily_snapshot
2026-04-17,2026-04-17T06:12:12Z,Nicolas Parizzia,1159,10,27.0,atp_daily_snapshot
2026-04-17,2026-04-17T06:12:12Z,L. Sheyngezikht,1160,10,,atp_daily_snapshot
2026-04-17,2026-04-17T06:12:12Z,Leonid Sheyngezikht,1160,10,25.0,atp_daily_snapshot
2026-04-17,2026-04-17T06:12:12Z,X. Chen,1161,10,,atp_daily_snapshot
2026-04-17,2026-04-17T06:12:12Z,Xing Dao Chen,1161,10,22.0,atp_daily_snapshot
2026-04-17,2026-04-17T06:12:12Z,S. Fita Juan,1162,10,,atp_daily_snapshot
2026-04-17,2026-04-17T06:12:12Z,Sergi Fita Juan,1162,10,18.0,atp_daily_snapshot
2026-04-17,2026-04-17T06:12:12Z,D. Petak,1163,10,,atp_daily_snapshot
2026-04-17,2026-04-17T06:12:12Z,Denis Petak,1163,10,19.0,atp_daily_snapshot
2026-04-17,2026-04-17T06:12:12Z,M. Makhlouf,1164T,10,,atp_daily_snapshot
2026-04-17,2026-04-17T06:12:12Z,N. Ponwith,1164T,10,,atp_daily_snapshot
2026-04-17,2026-04-17T06:12:12Z,Mohamed Nazim Makhlouf,1164T,10,29.0,atp_daily_snapshot
2026-04-17,2026-04-17T06:12:12Z,Nathan Ponwith,1164T,10,27.0,atp_daily_snapshot
2026-04-17,2026-04-17T06:12:12Z,F. Livet Novkirichka,1166,10,,atp_daily_snapshot
2026-04-17,2026-04-17T06:12:12Z,Ferdinand Livet Novkirichka,1166,10,18.0,atp_daily_snapshot
2026-04-17,2026-04-17T06:12:12Z,N. Perfetti,1167,10,,atp_daily_snapshot
2026-04-17,2026-04-17T06:12:12Z,Noah Perfetti,1167,10,24.0,atp_daily_snapshot
2026-04-17,2026-04-17T06:12:12Z,P. Brown,1168,10,,atp_daily_snapshot
2026-04-17,2026-04-17T06:12:12Z,Preston Brown,1168,10,24.0,atp_daily_snapshot
2026-04-17,2026-04-17T06:12:12Z,L. Rivera,1169,10,,atp_daily_snapshot
2026-04-17,2026-04-17T06:12:12Z,Leyton Rivera,1169,10,24.0,atp_daily_snapshot
2026-04-17,2026-04-17T06:12:12Z,G. Mager,1170,9,,atp_daily_snapshot
2026-04-17,2026-04-17T06:12:12Z,Gianluca Mager,1170,9,31.0,atp_daily_snapshot
2026-04-17,2026-04-17T06:12:12Z,K. Mayo,1171T,9,,atp_daily_snapshot
2026-04-17,2026-04-17T06:12:12Z,D. Pham,1171T,9,,atp_daily_snapshot
2026-04-17,2026-04-17T06:12:12Z,Keenan Mayo,1171T,9,25.0,atp_daily_snapshot
2026-04-17,2026-04-17T06:12:12Z,Derek Pham,1171T,9,22.0,atp_daily_snapshot
2026-04-17,2026-04-17T06:12:12Z,A. Meduri,1173T,9,,atp_daily_snapshot
2026-04-17,2026-04-17T06:12:12Z,M. Safwat,1173T,9,,atp_daily_snapshot
2026-04-17,2026-04-17T06:12:12Z,Andrea Meduri,1173T,9,21.0,atp_daily_snapshot
2026-04-17,2026-04-17T06:12:12Z,Mohamed Safwat,1173T,9,35.0,atp_daily_snapshot
2026-04-17,2026-04-17T06:12:12Z,A. Loncarevic,1175,9,,atp_daily_snapshot
2026-04-17,2026-04-17T06:12:12Z,Andrej Loncarevic,1175,9,20.0,atp_daily_snapshot
2026-04-17,2026-04-17T06:12:12Z,B. Arias,1176T,9,,atp_daily_snapshot
2026-04-17,2026-04-17T06:12:12Z,R. Ramanathan,1176T,9,,atp_daily_snapshot
2026-04-17,2026-04-17T06:12:12Z,Boris Arias,1176T,9,32.0,atp_daily_snapshot
2026-04-17,2026-04-17T06:12:12Z,Ramkumar Ramanathan,1176T,9,31.0,atp_daily_snapshot
2026-04-17,2026-04-17T06:12:12Z,A. Bernard,1178T,9,,atp_daily_snapshot
2026-04-17,2026-04-17T06:12:12Z,M. Sik,1178T,9,,atp_daily_snapshot
2026-04-17,2026-04-17T06:12:12Z,Alexander Bernard,1178T,9,22.0,atp_daily_snapshot
2026-04-17,2026-04-17T06:12:12Z,Mustafa Ege Sik,1178T,9,16.0,atp_daily_snapshot
2026-04-17,2026-04-17T06:12:12Z,T. Batin,1180,9,,atp_daily_snapshot
2026-04-17,2026-04-17T06:12:12Z,Tudor Batin,1180,9,19.0,atp_daily_snapshot
2026-04-17,2026-04-17T06:12:12Z,J. Alonso Jr,1181,9,,atp_daily_snapshot
2026-04-17,2026-04-17T06:12:12Z,Julian Alonso Jr,1181,9,21.0,atp_daily_snapshot
2026-04-17,2026-04-17T06:12:12Z,G. Miguel,1182,9,,atp_daily_snapshot
2026-04-17,2026-04-17T06:12:12Z,Guto Miguel,1182,9,17.0,atp_daily_snapshot
2026-04-17,2026-04-17T06:12:12Z,A. Arzhankin,1183T,9,,atp_daily_snapshot
2026-04-17,2026-04-17T06:12:12Z,T. Longwe-Smit,1183T,9,,atp_daily_snapshot
2026-04-17,2026-04-17T06:12:12Z,L. Mcfadzean,1183T,9,,atp_daily_snapshot
2026-04-17,2026-04-17T06:12:12Z,Anton Arzhankin,1183T,9,22.0,atp_daily_snapshot
2026-04-17,2026-04-17T06:12:12Z,Thando Longwe-Smit,1183T,9,24.0,atp_daily_snapshot
2026-04-17,2026-04-17T06:12:12Z,Lachlan James Mcfadzean,1183T,9,19.0,atp_daily_snapshot
2026-04-17,2026-04-17T06:12:12Z,O. Kimhi,1186,9,,atp_daily_snapshot
2026-04-17,2026-04-17T06:12:12Z,Orel Kimhi,1186,9,22.0,atp_daily_snapshot
2026-04-17,2026-04-17T06:12:12Z,D. Spiridon,1187,9,,atp_daily_snapshot
2026-04-17,2026-04-17T06:12:12Z,Denis Spiridon,1187,9,23.0,atp_daily_snapshot
2026-04-17,2026-04-17T06:12:12Z,V. Lapalu,1188,9,,atp_daily_snapshot
2026-04-17,2026-04-17T06:12:12Z,Valentin Lapalu,1188,9,24.0,atp_daily_snapshot
2026-04-17,2026-04-17T06:12:12Z,M. Thomson,1189,9,,atp_daily_snapshot
2026-04-17,2026-04-17T06:12:12Z,Matthew Thomson,1189,9,25.0,atp_daily_snapshot
2026-04-17,2026-04-17T06:12:12Z,P. Jordan,1190,9,,atp_daily_snapshot
2026-04-17,2026-04-17T06:12:12Z,Phillip Jordan,1190,9,25.0,atp_daily_snapshot
2026-04-17,2026-04-17T06:12:12Z,G. Lazarov,1191,9,,atp_daily_snapshot
2026-04-17,2026-04-17T06:12:12Z,George Lazarov,1191,9,21.0,atp_daily_snapshot
2026-04-17,2026-04-17T06:12:12Z,M. Alimli,1192,9,,atp_daily_snapshot
2026-04-17,2026-04-17T06:12:12Z,Mikail Alimli,1192,9,22.0,atp_daily_snapshot
2026-04-17,2026-04-17T06:12:12Z,M. Molder,1193,9,,atp_daily_snapshot
2026-04-17,2026-04-17T06:12:12Z,Markus Molder,1193,9,20.0,atp_daily_snapshot
2026-04-17,2026-04-17T06:12:12Z,A. Shanmugam,1194,9,,atp_daily_snapshot
2026-04-17,2026-04-17T06:12:12Z,Abhinav Sanjeev Shanmugam,1194,9,27.0,atp_daily_snapshot
2026-04-17,2026-04-17T06:12:12Z,J. Hrazdil,1195,9,,atp_daily_snapshot
2026-04-17,2026-04-17T06:12:12Z,Jan Hrazdil,1195,9,21.0,atp_daily_snapshot
2026-04-17,2026-04-17T06:12:12Z,M. Kamrowski,1196,9,,atp_daily_snapshot
2026-04-17,2026-04-17T06:12:12Z,Marcel Kamrowski,1196,9,23.0,atp_daily_snapshot
2026-04-17,2026-04-17T06:12:12Z,C. Bertimon,1197,9,,atp_daily_snapshot
2026-04-17,2026-04-17T06:12:12Z,Charles Bertimon,1197,9,26.0,atp_daily_snapshot
2026-04-17,2026-04-17T06:12:12Z,D. Eichenseher,1198T,9,,atp_daily_snapshot
2026-04-17,2026-04-17T06:12:12Z,V. Frydrych,1198T,9,,atp_daily_snapshot
2026-04-17,2026-04-17T06:12:12Z,David Eichenseher,1198T,9,20.0,atp_daily_snapshot
2026-04-17,2026-04-17T06:12:12Z,Viktor Frydrych,1198T,9,20.0,atp_daily_snapshot
2026-04-17,2026-04-17T06:12:12Z,A. Vishal Balsekar,1200,9,,atp_daily_snapshot
2026-04-17,2026-04-17T06:12:12Z,Aditya Vishal Balsekar,1200,9,23.0,atp_daily_snapshot
2026-04-17,2026-04-17T06:12:12Z,I. Eqbal,1201,9,,atp_daily_snapshot
2026-04-17,2026-04-17T06:12:12Z,Ishaque Eqbal,1201,9,28.0,atp_daily_snapshot
2026-04-17,2026-04-17T06:12:12Z,E. Camargo Lima,1202T,9,,atp_daily_snapshot
2026-04-17,2026-04-17T06:12:12Z,K. Yilmaz,1202T,9,,atp_daily_snapshot
2026-04-17,2026-04-17T06:12:12Z,Enzo Camargo Lima,1202T,9,22.0,atp_daily_snapshot
2026-04-17,2026-04-17T06:12:12Z,Kerem Yilmaz,1202T,9,19.0,atp_daily_snapshot
2026-04-17,2026-04-17T06:12:12Z,B. O'Connell,1204,9,,atp_daily_snapshot
2026-04-17,2026-04-17T06:12:12Z,Benjamin O'Connell,1204,9,27.0,atp_daily_snapshot
2026-04-17,2026-04-17T06:12:12Z,N. Waldner,1205,9,,atp_daily_snapshot
2026-04-17,2026-04-17T06:12:12Z,Niklas Waldner,1205,9,24.0,atp_daily_snapshot
2026-04-17,2026-04-17T06:12:12Z,N. Toffanin,1206,9,,atp_daily_snapshot
2026-04-17,2026-04-17T06:12:12Z,Nicolo Toffanin,1206,9,23.0,atp_daily_snapshot
2026-04-17,2026-04-17T06:12:12Z,B. Butulija,1207,9,,atp_daily_snapshot
2026-04-17,2026-04-17T06:12:12Z,Boris Butulija,1207,9,27.0,atp_daily_snapshot
2026-04-17,2026-04-17T06:12:12Z,T. Martin,1208,9,,atp_daily_snapshot
2026-04-17,2026-04-17T06:12:12Z,Toby Martin,1208,9,33.0,atp_daily_snapshot
2026-04-17,2026-04-17T06:12:12Z,T. Masabayashi,1209,9,,atp_daily_snapshot
2026-04-17,2026-04-17T06:12:12Z,Tomohiro Masabayashi,1209,9,28.0,atp_daily_snapshot
2026-04-17,2026-04-17T06:12:12Z,N. Thurner,1210,9,,atp_daily_snapshot
2026-04-17,2026-04-17T06:12:12Z,Noah Thurner,1210,9,26.0,atp_daily_snapshot
2026-04-17,2026-04-17T06:12:12Z,D. Vale,1211,8,,atp_daily_snapshot
2026-04-17,2026-04-17T06:12:12Z,Duarte Vale,1211,8,27.0,atp_daily_snapshot
2026-04-17,2026-04-17T06:12:12Z,N. Serdarusic,1212,8,,atp_daily_snapshot
2026-04-17,2026-04-17T06:12:12Z,Nino Serdarusic,1212,8,29.0,atp_daily_snapshot
2026-04-17,2026-04-17T06:12:12Z,T. Yuzuki,1213,8,,atp_daily_snapshot
2026-04-17,2026-04-17T06:12:12Z,Takeru Yuzuki,1213,8,27.0,atp_daily_snapshot
2026-04-17,2026-04-17T06:12:12Z,O. Shimanov,1214,8,,atp_daily_snapshot
2026-04-17,2026-04-17T06:12:12Z,Ofek Shimanov,1214,8,20.0,atp_daily_snapshot
2026-04-17,2026-04-17T06:12:12Z,G. Brouwer,1215,8,,atp_daily_snapshot
2026-04-17,2026-04-17T06:12:12Z,Gijs Brouwer,1215,8,30.0,atp_daily_snapshot
2026-04-17,2026-04-17T06:12:12Z,S. Prechtel,1216,8,,atp_daily_snapshot
2026-04-17,2026-04-17T06:12:12Z,Sebastian Prechtel,1216,8,29.0,atp_daily_snapshot
2026-04-17,2026-04-17T06:12:12Z,L. Lagarrigue,1217,8,,atp_daily_snapshot
2026-04-17,2026-04-17T06:12:12Z,Leo Lagarrigue,1217,8,19.0,atp_daily_snapshot
2026-04-17,2026-04-17T06:12:12Z,S. Seifert,1218,8,,atp_daily_snapshot
2026-04-17,2026-04-17T06:12:12Z,Stefan Seifert,1218,8,41.0,atp_daily_snapshot
2026-04-17,2026-04-17T06:12:12Z,S. Beaupain,1219,8,,atp_daily_snapshot
2026-04-17,2026-04-17T06:12:12Z,Simon Beaupain,1219,8,26.0,atp_daily_snapshot
2026-04-17,2026-04-17T06:12:12Z,J. Lee,1220,8,,atp_daily_snapshot
2026-04-17,2026-04-17T06:12:12Z,Jea Moon Lee,1220,8,32.0,atp_daily_snapshot
2026-04-17,2026-04-17T06:12:12Z,T. Silva,1221,8,,atp_daily_snapshot
2026-04-17,2026-04-17T06:12:12Z,Tiago Silva,1221,8,21.0,atp_daily_snapshot
2026-04-17,2026-04-17T06:12:12Z,K. Hance,1222,8,,atp_daily_snapshot
2026-04-17,2026-04-17T06:12:12Z,Keaton Hance,1222,8,18.0,atp_daily_snapshot
2026-04-17,2026-04-17T06:12:12Z,A. Rathi,1223,8,,atp_daily_snapshot
2026-04-17,2026-04-17T06:12:12Z,Arjun Rathi,1223,8,18.0,atp_daily_snapshot
2026-04-17,2026-04-17T06:12:12Z,A. Timini,1224,8,,atp_daily_snapshot
2026-04-17,2026-04-17T06:12:12Z,Andreas Timini,1224,8,19.0,atp_daily_snapshot
2026-04-17,2026-04-17T06:12:12Z,J. Loutit,1225,8,,atp_daily_snapshot
2026-04-17,2026-04-17T06:12:12Z,Jack Loutit,1225,8,21.0,atp_daily_snapshot
2026-04-17,2026-04-17T06:12:12Z,N. Guttau,1226,8,,atp_daily_snapshot
2026-04-17,2026-04-17T06:12:12Z,Niklas Guttau,1226,8,26.0,atp_daily_snapshot
2026-04-17,2026-04-17T06:12:12Z,F. Van Sambeek,1227,8,,atp_daily_snapshot
2026-04-17,2026-04-17T06:12:12Z,Fons Van Sambeek,1227,8,24.0,atp_daily_snapshot
2026-04-17,2026-04-17T06:12:12Z,H. Hoeyeraal,1228,8,,atp_daily_snapshot
2026-04-17,2026-04-17T06:12:12Z,Herman Hoeyeraal,1228,8,24.0,atp_daily_snapshot
2026-04-17,2026-04-17T06:12:12Z,T. Baragiola Mordini,1229,8,,atp_daily_snapshot
2026-04-17,2026-04-17T06:12:12Z,Tobia Costanzo Baragiola Mordini,1229,8,19.0,atp_daily_snapshot
2026-04-17,2026-04-17T06:12:12Z,K. Nishiwaki,1230,8,,atp_daily_snapshot
2026-04-17,2026-04-17T06:12:12Z,Kazuki Nishiwaki,1230,8,31.0,atp_daily_snapshot
2026-04-17,2026-04-17T06:12:12Z,T. Takamisawa,1231,8,,atp_daily_snapshot
2026-04-17,2026-04-17T06:12:12Z,Taketo Takamisawa,1231,8,27.0,atp_daily_snapshot
2026-04-17,2026-04-17T06:12:12Z,I. Becerra Otarola,1232,8,,atp_daily_snapshot
2026-04-17,2026-04-17T06:12:12Z,Ignacio Antonio Becerra Otarola,1232,8,25.0,atp_daily_snapshot
2026-04-17,2026-04-17T06:12:12Z,T. Braithwaite,1233T,8,,atp_daily_snapshot
2026-04-17,2026-04-17T06:12:12Z,L. Comino,1233T,8,,atp_daily_snapshot
2026-04-17,2026-04-17T06:12:12Z,Thomas Braithwaite,1233T,8,26.0,atp_daily_snapshot
2026-04-17,2026-04-17T06:12:12Z,Lorenzo Comino,1233T,8,20.0,atp_daily_snapshot
2026-04-17,2026-04-17T06:12:12Z,L. Krall,1235,8,,atp_daily_snapshot
2026-04-17,2026-04-17T06:12:12Z,Liam Krall,1235,8,23.0,atp_daily_snapshot
2026-04-17,2026-04-17T06:12:12Z,L. Branger,1236T,8,,atp_daily_snapshot
2026-04-17,2026-04-17T06:12:12Z,T. Trufelli,1236T,8,,atp_daily_snapshot
2026-04-17,2026-04-17T06:12:12Z,E. Villoslada,1236T,8,,atp_daily_snapshot
2026-04-17,2026-04-17T06:12:12Z,Liam Branger,1236T,8,25.0,atp_daily_snapshot
2026-04-17,2026-04-17T06:12:12Z,Timeo Trufelli,1236T,8,18.0,atp_daily_snapshot
2026-04-17,2026-04-17T06:12:12Z,Edouard Villoslada,1236T,8,26.0,atp_daily_snapshot
2026-04-17,2026-04-17T06:12:12Z,G. Crisostomo,1239,8,,atp_daily_snapshot
2026-04-17,2026-04-17T06:12:12Z,Giacomo Crisostomo,1239,8,22.0,atp_daily_snapshot
2026-04-17,2026-04-17T06:12:12Z,M. Rivet,1240T,8,,atp_daily_snapshot
2026-04-17,2026-04-17T06:12:12Z,G. Schenekenberg,1240T,8,,atp_daily_snapshot
2026-04-17,2026-04-17T06:12:12Z,Maxence Rivet,1240T,8,22.0,atp_daily_snapshot
2026-04-17,2026-04-17T06:12:12Z,Gabriel Schenekenberg,1240T,8,21.0,atp_daily_snapshot
2026-04-17,2026-04-17T06:12:12Z,C. Gannon,1242,8,,atp_daily_snapshot
2026-04-17,2026-04-17T06:12:12Z,Conor Gannon,1242,8,23.0,atp_daily_snapshot
2026-04-17,2026-04-17T06:12:12Z,A. Colombo,1243,8,,atp_daily_snapshot
2026-04-17,2026-04-17T06:12:12Z,Andrea Colombo,1243,8,23.0,atp_daily_snapshot
2026-04-17,2026-04-17T06:12:12Z,C. Djonov,1244,8,,atp_daily_snapshot
2026-04-17,2026-04-17T06:12:12Z,Christian Djonov,1244,8,26.0,atp_daily_snapshot
2026-04-17,2026-04-17T06:12:12Z,M. Anavatan,1245T,8,,atp_daily_snapshot
2026-04-17,2026-04-17T06:12:12Z,C. Duhan,1245T,8,,atp_daily_snapshot
2026-04-17,2026-04-17T06:12:12Z,Melih Anavatan,1245T,8,20.0,atp_daily_snapshot
2026-04-17,2026-04-17T06:12:12Z,Chirag Duhan,1245T,8,22.0,atp_daily_snapshot
2026-04-17,2026-04-17T06:12:12Z,Y. Jin,1247,8,,atp_daily_snapshot
2026-04-17,2026-04-17T06:12:12Z,Yuquan Jin,1247,8,25.0,atp_daily_snapshot
2026-04-17,2026-04-17T06:12:12Z,I. Gretskiy,1248,8,,atp_daily_snapshot
2026-04-17,2026-04-17T06:12:12Z,Ivan Gretskiy,1248,8,20.0,atp_daily_snapshot
2026-04-17,2026-04-17T06:12:12Z,Y. Inui,1249,8,,atp_daily_snapshot
2026-04-17,2026-04-17T06:12:12Z,Yuichiro Inui,1249,8,31.0,atp_daily_snapshot
2026-04-17,2026-04-17T06:12:12Z,D. Marques,1250,8,,atp_daily_snapshot
2026-04-17,2026-04-17T06:12:12Z,Diogo Marques,1250,8,26.0,atp_daily_snapshot
2026-04-17,2026-04-17T06:12:12Z,T. Konduri,1251,7,,atp_daily_snapshot
2026-04-17,2026-04-17T06:12:12Z,Tanishk Konduri,1251,7,17.0,atp_daily_snapshot
2026-04-17,2026-04-17T06:12:12Z,C. Harper,1252,7,,atp_daily_snapshot
2026-04-17,2026-04-17T06:12:12Z,Cleeve Harper,1252,7,25.0,atp_daily_snapshot
2026-04-17,2026-04-17T06:12:12Z,C. Lestienne,1253,7,,atp_daily_snapshot
2026-04-17,2026-04-17T06:12:12Z,Constant Lestienne,1253,7,33.0,atp_daily_snapshot
2026-04-17,2026-04-17T06:12:12Z,N. Ratiu,1254,7,,atp_daily_snapshot
2026-04-17,2026-04-17T06:12:12Z,Niels Ratiu,1254,7,20.0,atp_daily_snapshot
2026-04-17,2026-04-17T06:12:12Z,A. Chang,1255,7,,atp_daily_snapshot
2026-04-17,2026-04-17T06:12:12Z,Alex Chang,1255,7,22.0,atp_daily_snapshot
2026-04-17,2026-04-17T06:12:12Z,S. Kielan,1256,7,,atp_daily_snapshot
2026-04-17,2026-04-17T06:12:12Z,Szymon Kielan,1256,7,23.0,atp_daily_snapshot
2026-04-17,2026-04-17T06:12:12Z,N. Vukadin,1257,7,,atp_daily_snapshot
2026-04-17,2026-04-17T06:12:12Z,Noa Vukadin,1257,7,21.0,atp_daily_snapshot
2026-04-17,2026-04-17T06:12:12Z,P. Stearns,1258,7,,atp_daily_snapshot
2026-04-17,2026-04-17T06:12:12Z,Preston Stearns,1258,7,22.0,atp_daily_snapshot
2026-04-17,2026-04-17T06:12:12Z,V. Markov,1259,7,,atp_daily_snapshot
2026-04-17,2026-04-17T06:12:12Z,Viktor Markov,1259,7,20.0,atp_daily_snapshot
2026-04-17,2026-04-17T06:12:12Z,N. Godsick,1260,7,,atp_daily_snapshot
2026-04-17,2026-04-17T06:12:12Z,Nicholas Godsick,1260,7,21.0,atp_daily_snapshot
2026-04-17,2026-04-17T06:12:12Z,D. King,1261T,7,,atp_daily_snapshot
2026-04-17,2026-04-17T06:12:12Z,F. Nidunjianzan,1261T,7,,atp_daily_snapshot
2026-04-17,2026-04-17T06:12:12Z,Darian King,1261T,7,33.0,atp_daily_snapshot
2026-04-17,2026-04-17T06:12:12Z,Fnu Nidunjianzan,1261T,7,22.0,atp_daily_snapshot
2026-04-17,2026-04-17T06:12:12Z,L. Dussin,1263T,7,,atp_daily_snapshot
2026-04-17,2026-04-17T06:12:12Z,L. Gavrielides,1263T,7,,atp_daily_snapshot
2026-04-17,2026-04-17T06:12:12Z,Louis Dussin,1263T,7,26.0,atp_daily_snapshot
2026-04-17,2026-04-17T06:12:12Z,Liam Gavrielides,1263T,7,22.0,atp_daily_snapshot
2026-04-17,2026-04-17T06:12:12Z,M. Kumar,1265,7,,atp_daily_snapshot
2026-04-17,2026-04-17T06:12:12Z,Melvin Kumar,1265,7,19.0,atp_daily_snapshot
2026-04-17,2026-04-17T06:12:12Z,O. Paldanius,1266,7,,atp_daily_snapshot
2026-04-17,2026-04-17T06:12:12Z,Oskari Paldanius,1266,7,18.0,atp_daily_snapshot
2026-04-17,2026-04-17T06:12:12Z,B. Munk Mesa,1267,7,,atp_daily_snapshot
2026-04-17,2026-04-17T06:12:12Z,Bernardo Munk Mesa,1267,7,20.0,atp_daily_snapshot
2026-04-17,2026-04-17T06:12:12Z,J. Lien,1268,7,,atp_daily_snapshot
2026-04-17,2026-04-17T06:12:12Z,Johan Oscar Lien,1268,7,18.0,atp_daily_snapshot
2026-04-17,2026-04-17T06:12:12Z,J. Hartenstein,1269,7,,atp_daily_snapshot
2026-04-17,2026-04-17T06:12:12Z,Jonas Pelle Hartenstein,1269,7,24.0,atp_daily_snapshot
2026-04-17,2026-04-17T06:12:12Z,P. Munkhammar,1270T,7,,atp_daily_snapshot
2026-04-17,2026-04-17T06:12:12Z,G. Ravasio,1270T,7,,atp_daily_snapshot
2026-04-17,2026-04-17T06:12:12Z,Patrik Munkhammar,1270T,7,18.0,atp_daily_snapshot
2026-04-17,2026-04-17T06:12:12Z,Gilberto Ravasio,1270T,7,21.0,atp_daily_snapshot
2026-04-17,2026-04-17T06:12:12Z,E. Carrascosa Diaz,1272T,7,,atp_daily_snapshot
2026-04-17,2026-04-17T06:12:12Z,J. Roberts,1272T,7,,atp_daily_snapshot
2026-04-17,2026-04-17T06:12:12Z,Enrique Carrascosa Diaz,1272T,7,17.0,atp_daily_snapshot
2026-04-17,2026-04-17T06:12:12Z,Justin Roberts,1272T,7,29.0,atp_daily_snapshot
2026-04-17,2026-04-17T06:12:12Z,L. Borrelli,1274,7,,atp_daily_snapshot
2026-04-17,2026-04-17T06:12:12Z,Leonardo Borrelli,1274,7,20.0,atp_daily_snapshot
2026-04-17,2026-04-17T06:12:12Z,D. Bagnolini,1275T,7,,atp_daily_snapshot
2026-04-17,2026-04-17T06:12:12Z,K. Cekirge,1275T,7,,atp_daily_snapshot
2026-04-17,2026-04-17T06:12:12Z,V. Tadic,1275T,7,,atp_daily_snapshot
2026-04-17,2026-04-17T06:12:12Z,Daniel Bagnolini,1275T,7,23.0,atp_daily_snapshot
2026-04-17,2026-04-17T06:12:12Z,Kuzey Cekirge,1275T,7,25.0,atp_daily_snapshot
2026-04-17,2026-04-17T06:12:12Z,Vladan Tadic,1275T,7,25.0,atp_daily_snapshot
2026-04-17,2026-04-17T06:12:12Z,V. Vardhan,1278T,7,,atp_daily_snapshot
2026-04-17,2026-04-17T06:12:12Z,A. Wagner,1278T,7,,atp_daily_snapshot
2026-04-17,2026-04-17T06:12:12Z,Vishnu Vardhan,1278T,7,38.0,atp_daily_snapshot
2026-04-17,2026-04-17T06:12:12Z,Alexander Wagner,1278T,7,19.0,atp_daily_snapshot
2026-04-17,2026-04-17T06:12:12Z,X. Yang,1280,7,,atp_daily_snapshot
2026-04-17,2026-04-17T06:12:12Z,Xiaoyin Yang,1280,7,21.0,atp_daily_snapshot
2026-04-17,2026-04-17T06:12:12Z,A. Fabre,1281,7,,atp_daily_snapshot
2026-04-17,2026-04-17T06:12:12Z,Antoni Fabre,1281,7,22.0,atp_daily_snapshot
2026-04-17,2026-04-17T06:12:12Z,I. Denisov,1282,7,,atp_daily_snapshot
2026-04-17,2026-04-17T06:12:12Z,Ivan Denisov,1282,7,25.0,atp_daily_snapshot
2026-04-17,2026-04-17T06:12:12Z,A. Setkic,1283,7,,atp_daily_snapshot
2026-04-17,2026-04-17T06:12:12Z,Aldin Setkic,1283,7,38.0,atp_daily_snapshot
2026-04-17,2026-04-17T06:12:12Z,N. Basic,1284,7,,atp_daily_snapshot
2026-04-17,2026-04-17T06:12:12Z,Nikola Basic,1284,7,24.0,atp_daily_snapshot
2026-04-17,2026-04-17T06:12:12Z,O. Grzegorzewski,1285,7,,atp_daily_snapshot
2026-04-17,2026-04-17T06:12:12Z,Oskar Grzegorzewski,1285,7,21.0,atp_daily_snapshot
2026-04-17,2026-04-17T06:12:12Z,A. Salazar,1286T,7,,atp_daily_snapshot
2026-04-17,2026-04-17T06:12:12Z,M. Vetrih,1286T,7,,atp_daily_snapshot
2026-04-17,2026-04-17T06:12:12Z,Amador Salazar,1286T,7,25.0,atp_daily_snapshot
2026-04-17,2026-04-17T06:12:12Z,Miha Vetrih,1286T,7,23.0,atp_daily_snapshot
2026-04-17,2026-04-17T06:12:12Z,A. Basile,1288T,7,,atp_daily_snapshot
2026-04-17,2026-04-17T06:12:12Z,A. Gil Garcia,1288T,7,,atp_daily_snapshot
2026-04-17,2026-04-17T06:12:12Z,Alessio Basile,1288T,7,21.0,atp_daily_snapshot
2026-04-17,2026-04-17T06:12:12Z,Aaron Gil Garcia,1288T,7,22.0,atp_daily_snapshot
2026-04-17,2026-04-17T06:12:12Z,R. Falck,1290,7,,atp_daily_snapshot
2026-04-17,2026-04-17T06:12:12Z,Reece Falck,1290,7,24.0,atp_daily_snapshot
2026-04-17,2026-04-17T06:12:12Z,L. Tessa,1291,7,,atp_daily_snapshot
2026-04-17,2026-04-17T06:12:12Z,Louis Tessa,1291,7,28.0,atp_daily_snapshot
2026-04-17,2026-04-17T06:12:12Z,A. Wazny,1292,7,,atp_daily_snapshot
2026-04-17,2026-04-17T06:12:12Z,Alan Wazny,1292,7,18.0,atp_daily_snapshot
2026-04-17,2026-04-17T06:12:12Z,R. Hohmann,1293,7,,atp_daily_snapshot
2026-04-17,2026-04-17T06:12:12Z,Ronald Hohmann,1293,7,24.0,atp_daily_snapshot
2026-04-17,2026-04-17T06:12:12Z,F. De Dios,1294,7,,atp_daily_snapshot
2026-04-17,2026-04-17T06:12:12Z,Felipe De Dios,1294,7,22.0,atp_daily_snapshot
2026-04-17,2026-04-17T06:12:12Z,D. Uta,1295,7,,atp_daily_snapshot
2026-04-17,2026-04-17T06:12:12Z,Daniel Uta,1295,7,19.0,atp_daily_snapshot
2026-04-17,2026-04-17T06:12:12Z,J. Peck,1296,7,,atp_daily_snapshot
2026-04-17,2026-04-17T06:12:12Z,Joshua Peck,1296,7,27.0,atp_daily_snapshot
2026-04-17,2026-04-17T06:12:12Z,A. Berger,1297T,7,,atp_daily_snapshot
2026-04-17,2026-04-17T06:12:12Z,A. Horoz,1297T,7,,atp_daily_snapshot
2026-04-17,2026-04-17T06:12:12Z,L. Pinto,1297T,7,,atp_daily_snapshot
2026-04-17,2026-04-17T06:12:12Z,Antoine Berger,1297T,7,28.0,atp_daily_snapshot
2026-04-17,2026-04-17T06:12:12Z,Alp Horoz,1297T,7,30.0,atp_daily_snapshot
2026-04-17,2026-04-17T06:12:12Z,Lucca Pinto,1297T,7,23.0,atp_daily_snapshot
2026-04-17,2026-04-17T06:12:12Z,C. Crowther,1300T,7,,atp_daily_snapshot
2026-04-17,2026-04-17T06:12:12Z,N. Jovic,1300T,7,,atp_daily_snapshot
2026-04-17,2026-04-17T06:12:12Z,Corban Crowther,1300T,7,22.0,atp_daily_snapshot
2026-04-17,2026-04-17T06:12:12Z,Nikola Jovic,1300T,7,19.0,atp_daily_snapshot
2026-04-17,2026-04-17T06:12:12Z,V. Konovchuk,1302T,7,,atp_daily_snapshot
2026-04-17,2026-04-17T06:12:12Z,F. Mazzola,1302T,7,,atp_daily_snapshot
2026-04-17,2026-04-17T06:12:12Z,Vadym Konovchuk,1302T,7,22.0,atp_daily_snapshot
2026-04-17,2026-04-17T06:12:12Z,Filippo Mazzola,1302T,7,20.0,atp_daily_snapshot
2026-04-17,2026-04-17T06:12:12Z,C. Chen,1304,7,,atp_daily_snapshot
2026-04-17,2026-04-17T06:12:12Z,Charles Chen,1304,7,18.0,atp_daily_snapshot
2026-04-17,2026-04-17T06:12:12Z,S. Seghetti,1305,7,,atp_daily_snapshot
2026-04-17,2026-04-17T06:12:12Z,Samuele Seghetti,1305,7,19.0,atp_daily_snapshot
2026-04-17,2026-04-17T06:12:12Z,R. Murali,1306,6,,atp_daily_snapshot
2026-04-17,2026-04-17T06:12:12Z,Rohan Murali,1306,6,21.0,atp_daily_snapshot
2026-04-17,2026-04-17T06:12:12Z,S. Goity Zapico,1307,6,,atp_daily_snapshot
2026-04-17,2026-04-17T06:12:12Z,Segundo Goity Zapico,1307,6,20.0,atp_daily_snapshot
2026-04-17,2026-04-17T06:12:12Z,M. Dahlin,1308T,6,,atp_daily_snapshot
2026-04-17,2026-04-17T06:12:12Z,F. Zeballos,1308T,6,,atp_daily_snapshot
2026-04-17,2026-04-17T06:12:12Z,Max Dahlin,1308T,6,20.0,atp_daily_snapshot
2026-04-17,2026-04-17T06:12:12Z,Federico Zeballos,1308T,6,37.0,atp_daily_snapshot
2026-04-17,2026-04-17T06:12:12Z,M. Benchakroun,1310,6,,atp_daily_snapshot
2026-04-17,2026-04-17T06:12:12Z,Mehdi Benchakroun,1310,6,22.0,atp_daily_snapshot
2026-04-17,2026-04-17T06:12:12Z,A. Kalyanpur,1311T,6,,atp_daily_snapshot
2026-04-17,2026-04-17T06:12:12Z,R. Storrie,1311T,6,,atp_daily_snapshot
2026-04-17,2026-04-17T06:12:12Z,Adil Kalyanpur,1311T,6,26.0,atp_daily_snapshot
2026-04-17,2026-04-17T06:12:12Z,Ryan James Storrie,1311T,6,28.0,atp_daily_snapshot
2026-04-17,2026-04-17T06:12:12Z,K. Tyagi,1313,6,,atp_daily_snapshot
2026-04-17,2026-04-17T06:12:12Z,Kriish Tyagi,1313,6,18.0,atp_daily_snapshot
2026-04-17,2026-04-17T06:12:12Z,F. Gustafsson,1314T,6,,atp_daily_snapshot
2026-04-17,2026-04-17T06:12:12Z,N. Johnston,1314T,6,,atp_daily_snapshot
2026-04-17,2026-04-17T06:12:12Z,I. Vasa,1314T,6,,atp_daily_snapshot
2026-04-17,2026-04-17T06:12:12Z,Filip Gustafsson,1314T,6,21.0,atp_daily_snapshot
2026-04-17,2026-04-17T06:12:12Z,Noah Johnston,1314T,6,18.0,atp_daily_snapshot
2026-04-17,2026-04-17T06:12:12Z,Iiro Vasa,1314T,6,23.0,atp_daily_snapshot
2026-04-17,2026-04-17T06:12:12Z,R. Fernandes,1317,6,,atp_daily_snapshot
2026-04-17,2026-04-17T06:12:12Z,Rodrigo Fernandes,1317,6,19.0,atp_daily_snapshot
2026-04-17,2026-04-17T06:12:12Z,M. Whitehouse,1318,6,,atp_daily_snapshot
2026-04-17,2026-04-17T06:12:12Z,Mark Whitehouse,1318,6,32.0,atp_daily_snapshot
2026-04-17,2026-04-17T06:12:12Z,M. Novansky,1319,6,,atp_daily_snapshot
2026-04-17,2026-04-17T06:12:12Z,Michal Novansky,1319,6,23.0,atp_daily_snapshot
2026-04-17,2026-04-17T06:12:12Z,K. Montsi,1320,6,,atp_daily_snapshot
2026-04-17,2026-04-17T06:12:12Z,Khololwam Montsi,1320,6,23.0,atp_daily_snapshot
2026-04-17,2026-04-17T06:12:12Z,Y. Alexandrescou,1321T,6,,atp_daily_snapshot
2026-04-17,2026-04-17T06:12:12Z,M. Barreiros Reyes,1321T,6,,atp_daily_snapshot
2026-04-17,2026-04-17T06:12:12Z,M. Mesarovic,1321T,6,,atp_daily_snapshot
2026-04-17,2026-04-17T06:12:12Z,Yannick Theodor Alexandrescou,1321T,6,18.0,atp_daily_snapshot
2026-04-17,2026-04-17T06:12:12Z,Mateo Barreiros Reyes,1321T,6,25.0,atp_daily_snapshot
2026-04-17,2026-04-17T06:12:12Z,Marko Mesarovic,1321T,6,21.0,atp_daily_snapshot
2026-04-17,2026-04-17T06:12:12Z,G. Goode,1324,6,,atp_daily_snapshot
2026-04-17,2026-04-17T06:12:12Z,Gavin Goode,1324,6,17.0,atp_daily_snapshot
2026-04-17,2026-04-17T06:12:12Z,H. Huens,1325T,6,,atp_daily_snapshot
2026-04-17,2026-04-17T06:12:12Z,N. Novakovic,1325T,6,,atp_daily_snapshot
2026-04-17,2026-04-17T06:12:12Z,Harold Huens,1325T,6,23.0,atp_daily_snapshot
2026-04-17,2026-04-17T06:12:12Z,Novak Novakovic,1325T,6,25.0,atp_daily_snapshot
2026-04-17,2026-04-17T06:12:12Z,J. Connel,1327,6,,atp_daily_snapshot
2026-04-17,2026-04-17T06:12:12Z,James Connel,1327,6,23.0,atp_daily_snapshot
2026-04-17,2026-04-17T06:12:12Z,R. Dugardin,1328,6,,atp_daily_snapshot
2026-04-17,2026-04-17T06:12:12Z,Remy Dugardin,1328,6,23.0,atp_daily_snapshot
2026-04-17,2026-04-17T06:12:12Z,G. Klier Junior,1329,6,,atp_daily_snapshot
2026-04-17,2026-04-17T06:12:12Z,Gilbert Klier Junior,1329,6,25.0,atp_daily_snapshot
2026-04-17,2026-04-17T06:12:12Z,T. Herrmann,1330,6,,atp_daily_snapshot
2026-04-17,2026-04-17T06:12:12Z,Theo Herrmann,1330,6,21.0,atp_daily_snapshot
2026-04-17,2026-04-17T06:12:12Z,Junhyeon Lee,1331,6,23.0,atp_daily_snapshot
2026-04-17,2026-04-17T06:12:12Z,R. Jauregui Sainz de Rozas,1332,6,,atp_daily_snapshot
2026-04-17,2026-04-17T06:12:12Z,Rodolfo Jauregui Sainz de Rozas,1332,6,32.0,atp_daily_snapshot
2026-04-17,2026-04-17T06:12:12Z,A. Bonnaud,1333,6,,atp_daily_snapshot
2026-04-17,2026-04-17T06:12:12Z,Arthur Bonnaud,1333,6,29.0,atp_daily_snapshot
2026-04-17,2026-04-17T06:12:12Z,M. Castañeda,1334T,6,,atp_daily_snapshot
2026-04-17,2026-04-17T06:12:12Z,J. Kucera,1334T,6,,atp_daily_snapshot
2026-04-17,2026-04-17T06:12:12Z,G. Sekachov,1334T,6,,atp_daily_snapshot
2026-04-17,2026-04-17T06:12:12Z,Mateo Castañeda,1334T,6,20.0,atp_daily_snapshot
2026-04-17,2026-04-17T06:12:12Z,Jonas Kucera,1334T,6,19.0,atp_daily_snapshot
2026-04-17,2026-04-17T06:12:12Z,Glib Sekachov,1334T,6,19.0,atp_daily_snapshot
2026-04-17,2026-04-17T06:12:12Z,L. Liu,1337T,6,,atp_daily_snapshot
2026-04-17,2026-04-17T06:12:12Z,G. Voelzke,1337T,6,,atp_daily_snapshot
2026-04-17,2026-04-17T06:12:12Z,Lucca Liu,1337T,6,22.0,atp_daily_snapshot
2026-04-17,2026-04-17T06:12:12Z,Gray Voelzke,1337T,6,23.0,atp_daily_snapshot
2026-04-17,2026-04-17T06:12:12Z,K. Hans,1339,6,,atp_daily_snapshot
2026-04-17,2026-04-17T06:12:12Z,Kabir Hans,1339,6,24.0,atp_daily_snapshot
2026-04-17,2026-04-17T06:12:12Z,P. Trochu,1340,6,,atp_daily_snapshot
2026-04-17,2026-04-17T06:12:12Z,Pablo Trochu,1340,6,22.0,atp_daily_snapshot
2026-04-17,2026-04-17T06:12:12Z,J. Klimas,1341,6,,atp_daily_snapshot
2026-04-17,2026-04-17T06:12:12Z,Jan Klimas,1341,6,19.0,atp_daily_snapshot
2026-04-17,2026-04-17T06:12:12Z,S. Cocola,1342,6,,atp_daily_snapshot
2026-04-17,2026-04-17T06:12:12Z,Sebastiano Cocola,1342,6,19.0,atp_daily_snapshot
2026-04-17,2026-04-17T06:12:12Z,Y. Chen,1343,6,,atp_daily_snapshot
2026-04-17,2026-04-17T06:12:12Z,Yan Cheng Chen,1343,6,23.0,atp_daily_snapshot
2026-04-17,2026-04-17T06:12:12Z,D. Bessonov,1344,6,,atp_daily_snapshot
2026-04-17,2026-04-17T06:12:12Z,Dmitry Bessonov,1344,6,20.0,atp_daily_snapshot
2026-04-17,2026-04-17T06:12:12Z,F. Alberti,1345T,6,,atp_daily_snapshot
2026-04-17,2026-04-17T06:12:12Z,N. Lopez Cherubino,1345T,6,,atp_daily_snapshot
2026-04-17,2026-04-17T06:12:12Z,Filippo Alberti,1345T,6,22.0,atp_daily_snapshot
2026-04-17,2026-04-17T06:12:12Z,Noah Lopez Cherubino,1345T,6,19.0,atp_daily_snapshot
2026-04-17,2026-04-17T06:12:12Z,R. Michalik,1347,6,,atp_daily_snapshot
2026-04-17,2026-04-17T06:12:12Z,Radovan Michalik,1347,6,22.0,atp_daily_snapshot
2026-04-17,2026-04-17T06:12:12Z,T. Stice,1348,6,,atp_daily_snapshot
2026-04-17,2026-04-17T06:12:12Z,Tyler Stice,1348,6,25.0,atp_daily_snapshot
2026-04-17,2026-04-17T06:12:12Z,K. Knitter,1349,6,,atp_daily_snapshot
2026-04-17,2026-04-17T06:12:12Z,Kacper Knitter,1349,6,18.0,atp_daily_snapshot
2026-04-17,2026-04-17T06:12:12Z,L. Cattaneo,1350T,6,,atp_daily_snapshot
2026-04-17,2026-04-17T06:12:12Z,J. Kupcic,1350T,6,,atp_daily_snapshot
2026-04-17,2026-04-17T06:12:12Z,L. Marionneau,1350T,6,,atp_daily_snapshot
2026-04-17,2026-04-17T06:12:12Z,Leonardo Cattaneo,1350T,6,20.0,atp_daily_snapshot
2026-04-17,2026-04-17T06:12:12Z,Jan Kupcic,1350T,6,24.0,atp_daily_snapshot
2026-04-17,2026-04-17T06:12:12Z,Lucas Marionneau,1350T,6,19.0,atp_daily_snapshot
2026-04-17,2026-04-17T06:12:12Z,J. Beaven,1353,6,,atp_daily_snapshot
2026-04-17,2026-04-17T06:12:12Z,James Beaven,1353,6,21.0,atp_daily_snapshot
2026-04-17,2026-04-17T06:12:12Z,F. Meng,1354,6,,atp_daily_snapshot
2026-04-17,2026-04-17T06:12:12Z,Fanming Meng,1354,6,18.0,atp_daily_snapshot
2026-04-17,2026-04-17T06:12:12Z,L. Hooper,1355T,6,,atp_daily_snapshot
2026-04-17,2026-04-17T06:12:12Z,B. Perez,1355T,6,,atp_daily_snapshot
2026-04-17,2026-04-17T06:12:12Z,Luke Hooper,1355T,6,20.0,atp_daily_snapshot
2026-04-17,2026-04-17T06:12:12Z,Brandon Perez,1355T,6,26.0,atp_daily_snapshot
2026-04-17,2026-04-17T06:12:12Z,N. Robert,1357T,6,,atp_daily_snapshot
2026-04-17,2026-04-17T06:12:12Z,M. Vasiliauskas,1357T,6,,atp_daily_snapshot
2026-04-17,2026-04-17T06:12:12Z,Nicolas Robert,1357T,6,19.0,atp_daily_snapshot
2026-04-17,2026-04-17T06:12:12Z,Matas Vasiliauskas,1357T,6,24.0,atp_daily_snapshot
2026-04-17,2026-04-17T06:12:12Z,I. Kountourakis,1359,6,,atp_daily_snapshot
2026-04-17,2026-04-17T06:12:12Z,Ioannis Kountourakis,1359,6,23.0,atp_daily_snapshot
2026-04-17,2026-04-17T06:12:12Z,J. Schifris,1360,6,,atp_daily_snapshot
2026-04-17,2026-04-17T06:12:12Z,Jeremy Schifris,1360,6,24.0,atp_daily_snapshot
2026-04-17,2026-04-17T06:12:12Z,A. Aleshchev,1361T,6,,atp_daily_snapshot
2026-04-17,2026-04-17T06:12:12Z,Y. Smiej,1361T,6,,atp_daily_snapshot
2026-04-17,2026-04-17T06:12:12Z,Alexey Aleshchev,1361T,6,27.0,atp_daily_snapshot
2026-04-17,2026-04-17T06:12:12Z,Yassine Smiej,1361T,6,26.0,atp_daily_snapshot
2026-04-17,2026-04-17T06:12:12Z,E. Benchetrit,1363T,5,,atp_daily_snapshot
2026-04-17,2026-04-17T06:12:12Z,S. Lora,1363T,5,,atp_daily_snapshot
2026-04-17,2026-04-17T06:12:12Z,Elliot Benchetrit,1363T,5,27.0,atp_daily_snapshot
2026-04-17,2026-04-17T06:12:12Z,Santiago Lora,1363T,5,18.0,atp_daily_snapshot
2026-04-17,2026-04-17T06:12:12Z,J. Hopper,1365T,5,,atp_daily_snapshot
2026-04-17,2026-04-17T06:12:12Z,J. Jin,1365T,5,,atp_daily_snapshot
2026-04-17,2026-04-17T06:12:12Z,J. Weekes,1365T,5,,atp_daily_snapshot
2026-04-17,2026-04-17T06:12:12Z,James Hopper,1365T,5,24.0,atp_daily_snapshot
2026-04-17,2026-04-17T06:12:12Z,Jeremy Jin,1365T,5,21.0,atp_daily_snapshot
2026-04-17,2026-04-17T06:12:12Z,Jaden Weekes,1365T,5,21.0,atp_daily_snapshot
2026-04-17,2026-04-17T06:12:12Z,B. Mott,1368,5,,atp_daily_snapshot
2026-04-17,2026-04-17T06:12:12Z,Blake Mott,1368,5,29.0,atp_daily_snapshot
2026-04-17,2026-04-17T06:12:12Z,L. Koenig,1369T,5,,atp_daily_snapshot
2026-04-17,2026-04-17T06:12:12Z,T. Loof,1369T,5,,atp_daily_snapshot
2026-04-17,2026-04-17T06:12:12Z,Luc Koenig,1369T,5,22.0,atp_daily_snapshot
2026-04-17,2026-04-17T06:12:12Z,Thijmen Loof,1369T,5,23.0,atp_daily_snapshot
2026-04-17,2026-04-17T06:12:12Z,E. cherie Ligniere,1371T,5,,atp_daily_snapshot
2026-04-17,2026-04-17T06:12:12Z,J. Zhang,1371T,5,,atp_daily_snapshot
2026-04-17,2026-04-17T06:12:12Z,Edoardo cherie Ligniere,1371T,5,21.0,atp_daily_snapshot
2026-04-17,2026-04-17T06:12:12Z,Jeremy Zhang,1371T,5,20.0,atp_daily_snapshot
2026-04-17,2026-04-17T06:12:12Z,A. Frusina,1373T,5,,atp_daily_snapshot
2026-04-17,2026-04-17T06:12:12Z,A. Harazaki,1373T,5,,atp_daily_snapshot
2026-04-17,2026-04-17T06:12:12Z,P. Juszczak,1373T,5,,atp_daily_snapshot
2026-04-17,2026-04-17T06:12:12Z,Alexander Frusina,1373T,5,20.0,atp_daily_snapshot
2026-04-17,2026-04-17T06:12:12Z,Asahi Harazaki,1373T,5,21.0,atp_daily_snapshot
2026-04-17,2026-04-17T06:12:12Z,Pawel Juszczak,1373T,5,32.0,atp_daily_snapshot
2026-04-17,2026-04-17T06:12:12Z,S. Latinovic,1376T,5,,atp_daily_snapshot
2026-04-17,2026-04-17T06:12:12Z,S. Tange,1376T,5,,atp_daily_snapshot
2026-04-17,2026-04-17T06:12:12Z,Stefan Latinovic,1376T,5,26.0,atp_daily_snapshot
2026-04-17,2026-04-17T06:12:12Z,Saki Tange,1376T,5,22.0,atp_daily_snapshot
2026-04-17,2026-04-17T06:12:12Z,G. Georgiev,1378T,5,,atp_daily_snapshot
2026-04-17,2026-04-17T06:12:12Z,A. Vasquez,1378T,5,,atp_daily_snapshot
2026-04-17,2026-04-17T06:12:12Z,Georgi Georgiev,1378T,5,19.0,atp_daily_snapshot
2026-04-17,2026-04-17T06:12:12Z,Alessio Vasquez,1378T,5,22.0,atp_daily_snapshot
2026-04-17,2026-04-17T06:12:12Z,J. Choe,1380T,5,,atp_daily_snapshot
2026-04-17,2026-04-17T06:12:12Z,F. Rengifo,1380T,5,,atp_daily_snapshot
2026-04-17,2026-04-17T06:12:12Z,Jaesung Choe,1380T,5,26.0,atp_daily_snapshot
2026-04-17,2026-04-17T06:12:12Z,Frazier Rengifo,1380T,5,27.0,atp_daily_snapshot
2026-04-17,2026-04-17T06:12:12Z,W. Jansen,1382T,5,,atp_daily_snapshot
2026-04-17,2026-04-17T06:12:12Z,A. Milushev,1382T,5,,atp_daily_snapshot
2026-04-17,2026-04-17T06:12:12Z,William Jansen,1382T,5,21.0,atp_daily_snapshot
2026-04-17,2026-04-17T06:12:12Z,Amir Milushev,1382T,5,20.0,atp_daily_snapshot
2026-04-17,2026-04-17T06:12:12Z,C. Cosnet,1384T,5,,atp_daily_snapshot
2026-04-17,2026-04-17T06:12:12Z,S. Haita,1384T,5,,atp_daily_snapshot
2026-04-17,2026-04-17T06:12:12Z,N. Lopez,1384T,5,,atp_daily_snapshot
2026-04-17,2026-04-17T06:12:12Z,D. Salvestre,1384T,5,,atp_daily_snapshot
2026-04-17,2026-04-17T06:12:12Z,Charlelie Cosnet,1384T,5,23.0,atp_daily_snapshot
2026-04-17,2026-04-17T06:12:12Z,Stefan Horia Haita,1384T,5,18.0,atp_daily_snapshot
2026-04-17,2026-04-17T06:12:12Z,Noah Lopez,1384T,5,24.0,atp_daily_snapshot
2026-04-17,2026-04-17T06:12:12Z,Damien Salvestre,1384T,5,24.0,atp_daily_snapshot
2026-04-17,2026-04-17T06:12:12Z,Y. Ibraimi,1388,5,,atp_daily_snapshot
2026-04-17,2026-04-17T06:12:12Z,Ymerali Ibraimi,1388,5,17.0,atp_daily_snapshot
2026-04-17,2026-04-17T06:12:12Z,S. Cooper,1389,5,,atp_daily_snapshot
2026-04-17,2026-04-17T06:12:12Z,Stefan Cooper,1389,5,29.0,atp_daily_snapshot
2026-04-17,2026-04-17T06:12:12Z,A. Gurmendi,1390,5,,atp_daily_snapshot
2026-04-17,2026-04-17T06:12:12Z,Alexis Gurmendi,1390,5,28.0,atp_daily_snapshot
2026-04-17,2026-04-17T06:12:12Z,L. Teunissen,1391,5,,atp_daily_snapshot
2026-04-17,2026-04-17T06:12:12Z,Laurence Teunissen,1391,5,17.0,atp_daily_snapshot
2026-04-17,2026-04-17T06:12:12Z,A. Belkovics,1392,5,,atp_daily_snapshot
2026-04-17,2026-04-17T06:12:12Z,Achilles Belkovics,1392,5,22.0,atp_daily_snapshot
2026-04-17,2026-04-17T06:12:12Z,D. Beckles,1393T,5,,atp_daily_snapshot
2026-04-17,2026-04-17T06:12:12Z,Y. Charoenphon,1393T,5,,atp_daily_snapshot
2026-04-17,2026-04-17T06:12:12Z,P. Pohjola,1393T,5,,atp_daily_snapshot
2026-04-17,2026-04-17T06:12:12Z,Dillon Beckles,1393T,5,19.0,atp_daily_snapshot
2026-04-17,2026-04-17T06:12:12Z,Yuttana Charoenphon,1393T,5,25.0,atp_daily_snapshot
2026-04-17,2026-04-17T06:12:12Z,Peetu Pohjola,1393T,5,25.0,atp_daily_snapshot
2026-04-17,2026-04-17T06:12:12Z,B. Chan,1396,5,,atp_daily_snapshot
2026-04-17,2026-04-17T06:12:12Z,Bill Chan,1396,5,19.0,atp_daily_snapshot
2026-04-17,2026-04-17T06:12:12Z,U. Ignatik,1397T,5,,atp_daily_snapshot
2026-04-17,2026-04-17T06:12:12Z,D. Jarry Fillol,1397T,5,,atp_daily_snapshot
2026-04-17,2026-04-17T06:12:12Z,S. Vishwakarma,1397T,5,,atp_daily_snapshot
2026-04-17,2026-04-17T06:12:12Z,Uladzimir Ignatik,1397T,5,35.0,atp_daily_snapshot
2026-04-17,2026-04-17T06:12:12Z,Diego Jarry Fillol,1397T,5,23.0,atp_daily_snapshot
2026-04-17,2026-04-17T06:12:12Z,Siddharth Vishwakarma,1397T,5,31.0,atp_daily_snapshot
2026-04-17,2026-04-17T06:12:12Z,P. Faut,1400,5,,atp_daily_snapshot
2026-04-17,2026-04-17T06:12:12Z,Pierre Antoine Faut,1400,5,18.0,atp_daily_snapshot
2026-04-17,2026-04-17T06:12:12Z,J. Jans,1401T,5,,atp_daily_snapshot
2026-04-17,2026-04-17T06:12:12Z,F. Thomas,1401T,5,,atp_daily_snapshot
2026-04-17,2026-04-17T06:12:12Z,Jarno Jans,1401T,5,25.0,atp_daily_snapshot
2026-04-17,2026-04-17T06:12:12Z,Flynn Thomas,1401T,5,17.0,atp_daily_snapshot
2026-04-17,2026-04-17T06:12:12Z,H. Maia,1403,5,,atp_daily_snapshot
2026-04-17,2026-04-17T06:12:12Z,Hugo Maia,1403,5,25.0,atp_daily_snapshot
2026-04-17,2026-04-17T06:12:12Z,V. Manukyan,1404,5,,atp_daily_snapshot
2026-04-17,2026-04-17T06:12:12Z,Vardan Manukyan,1404,5,21.0,atp_daily_snapshot
2026-04-17,2026-04-17T06:12:12Z,A. Bronzetti,1405,5,,atp_daily_snapshot
2026-04-17,2026-04-17T06:12:12Z,Alberto Bronzetti,1405,5,27.0,atp_daily_snapshot
2026-04-17,2026-04-17T06:12:12Z,I. Chirita,1406,5,,atp_daily_snapshot
2026-04-17,2026-04-17T06:12:12Z,Ioan Alexandru Chirita,1406,5,23.0,atp_daily_snapshot
2026-04-17,2026-04-17T06:12:12Z,M. Visser,1407,5,,atp_daily_snapshot
2026-04-17,2026-04-17T06:12:12Z,Mac Visser,1407,5,21.0,atp_daily_snapshot
2026-04-17,2026-04-17T06:12:12Z,V. Grippo,1408,5,,atp_daily_snapshot
2026-04-17,2026-04-17T06:12:12Z,Valentino Grippo,1408,5,19.0,atp_daily_snapshot
2026-04-17,2026-04-17T06:12:12Z,D. Khazime,1409T,5,,atp_daily_snapshot
2026-04-17,2026-04-17T06:12:12Z,R. Takahata,1409T,5,,atp_daily_snapshot
2026-04-17,2026-04-17T06:12:12Z,G. Volpi,1409T,5,,atp_daily_snapshot
2026-04-17,2026-04-17T06:12:12Z,E. Werner,1409T,5,,atp_daily_snapshot
2026-04-17,2026-04-17T06:12:12Z,Daniel Khazime,1409T,5,21.0,atp_daily_snapshot
2026-04-17,2026-04-17T06:12:12Z,Riku Takahata,1409T,5,24.0,atp_daily_snapshot
2026-04-17,2026-04-17T06:12:12Z,Gabriele Volpi,1409T,5,30.0,atp_daily_snapshot
2026-04-17,2026-04-17T06:12:12Z,Elias Julian Werner,1409T,5,22.0,atp_daily_snapshot
2026-04-17,2026-04-17T06:12:12Z,T. Avcibasi,1413T,5,,atp_daily_snapshot
2026-04-17,2026-04-17T06:12:12Z,L. Beraldo,1413T,5,,atp_daily_snapshot
2026-04-17,2026-04-17T06:12:12Z,Toprak Avcibasi,1413T,5,21.0,atp_daily_snapshot
2026-04-17,2026-04-17T06:12:12Z,Lorenzo Beraldo,1413T,5,19.0,atp_daily_snapshot
2026-04-17,2026-04-17T06:12:12Z,A. Bellegy,1415,5,,atp_daily_snapshot
2026-04-17,2026-04-17T06:12:12Z,Arthur Bellegy,1415,5,24.0,atp_daily_snapshot
2026-04-17,2026-04-17T06:12:12Z,V. Radjenovic,1416T,5,,atp_daily_snapshot
2026-04-17,2026-04-17T06:12:12Z,A. Voljavec,1416T,5,,atp_daily_snapshot
2026-04-17,2026-04-17T06:12:12Z,Vuk Radjenovic,1416T,5,20.0,atp_daily_snapshot
2026-04-17,2026-04-17T06:12:12Z,Antonio Voljavec,1416T,5,20.0,atp_daily_snapshot
2026-04-17,2026-04-17T06:12:12Z,V. Braga,1418,5,,atp_daily_snapshot
2026-04-17,2026-04-17T06:12:12Z,Victor Braga,1418,5,21.0,atp_daily_snapshot
2026-04-17,2026-04-17T06:12:12Z,R. Antoni,1419,5,,atp_daily_snapshot
2026-04-17,2026-04-17T06:12:12Z,Richard Antoni,1419,5,20.0,atp_daily_snapshot
2026-04-17,2026-04-17T06:12:12Z,F. Bidan,1420T,5,,atp_daily_snapshot
2026-04-17,2026-04-17T06:12:12Z,H. Koyama,1420T,5,,atp_daily_snapshot
2026-04-17,2026-04-17T06:12:12Z,J. Leather,1420T,5,,atp_daily_snapshot
2026-04-17,2026-04-17T06:12:12Z,P. Vaitiekunas,1420T,5,,atp_daily_snapshot
2026-04-17,2026-04-17T06:12:12Z,Fadi Bidan,1420T,5,20.0,atp_daily_snapshot
2026-04-17,2026-04-17T06:12:12Z,Hiromasa Koyama,1420T,5,18.0,atp_daily_snapshot
2026-04-17,2026-04-17T06:12:12Z,Joe Leather,1420T,5,24.0,atp_daily_snapshot
2026-04-17,2026-04-17T06:12:12Z,Pijus Vaitiekunas,1420T,5,23.0,atp_daily_snapshot
2026-04-17,2026-04-17T06:12:12Z,C. Papa,1424,5,,atp_daily_snapshot
2026-04-17,2026-04-17T06:12:12Z,Christopher Papa,1424,5,24.0,atp_daily_snapshot
2026-04-17,2026-04-17T06:12:12Z,A. Battiston,1425,5,,atp_daily_snapshot
2026-04-17,2026-04-17T06:12:12Z,Alessandro Battiston,1425,5,19.0,atp_daily_snapshot
2026-04-17,2026-04-17T06:12:12Z,L. Talan Lopatic,1426,5,,atp_daily_snapshot
2026-04-17,2026-04-17T06:12:12Z,Luka Talan Lopatic,1426,5,18.0,atp_daily_snapshot
2026-04-17,2026-04-17T06:12:12Z,J. Bruce-Smith,1427T,5,,atp_daily_snapshot
2026-04-17,2026-04-17T06:12:12Z,G. Crivellaro,1427T,5,,atp_daily_snapshot
2026-04-17,2026-04-17T06:12:12Z,Jack Bruce-Smith,1427T,5,24.0,atp_daily_snapshot
2026-04-17,2026-04-17T06:12:12Z,Gabriele Crivellaro,1427T,5,19.0,atp_daily_snapshot
2026-04-17,2026-04-17T06:12:12Z,A. Bojarski,1429T,5,,atp_daily_snapshot
2026-04-17,2026-04-17T06:12:12Z,A. Casanova,1429T,5,,atp_daily_snapshot
2026-04-17,2026-04-17T06:12:12Z,M. Fondriest,1429T,5,,atp_daily_snapshot
2026-04-17,2026-04-17T06:12:12Z,Alan Bojarski,1429T,5,22.0,atp_daily_snapshot
2026-04-17,2026-04-17T06:12:12Z,Andrin Casanova,1429T,5,21.0,atp_daily_snapshot
2026-04-17,2026-04-17T06:12:12Z,Matteo Fondriest,1429T,5,21.0,atp_daily_snapshot
2026-04-17,2026-04-17T06:12:12Z,A. Funk,1432T,5,,atp_daily_snapshot
2026-04-17,2026-04-17T06:12:12Z,T. Host,1432T,5,,atp_daily_snapshot
2026-04-17,2026-04-17T06:12:12Z,L. Van Herck,1432T,5,,atp_daily_snapshot
2026-04-17,2026-04-17T06:12:12Z,Aaron Funk,1432T,5,20.0,atp_daily_snapshot
2026-04-17,2026-04-17T06:12:12Z,Ty Host,1432T,5,18.0,atp_daily_snapshot
2026-04-17,2026-04-17T06:12:12Z,Louis Van Herck,1432T,5,26.0,atp_daily_snapshot
2026-04-17,2026-04-17T06:12:12Z,M. Gloeckler,1435T,5,,atp_daily_snapshot
2026-04-17,2026-04-17T06:12:12Z,J. Mridha,1435T,5,,atp_daily_snapshot
2026-04-17,2026-04-17T06:12:12Z,Michael Gloeckler,1435T,5,27.0,atp_daily_snapshot
2026-04-17,2026-04-17T06:12:12Z,Jonathan Mridha,1435T,5,31.0,atp_daily_snapshot
2026-04-17,2026-04-17T06:12:12Z,A. Bacaloni,1437T,5,,atp_daily_snapshot
2026-04-17,2026-04-17T06:12:12Z,N. Ianin,1437T,5,,atp_daily_snapshot
2026-04-17,2026-04-17T06:12:12Z,Andrea Bacaloni,1437T,5,24.0,atp_daily_snapshot
2026-04-17,2026-04-17T06:12:12Z,Nikita Ianin,1437T,5,24.0,atp_daily_snapshot
2026-04-17,2026-04-17T06:12:12Z,R. Kharlamov,1439,5,,atp_daily_snapshot
2026-04-17,2026-04-17T06:12:12Z,Roman Kharlamov,1439,5,18.0,atp_daily_snapshot
2026-04-17,2026-04-17T06:12:12Z,J. Graca,1440,5,,atp_daily_snapshot
2026-04-17,2026-04-17T06:12:12Z,Joao Graca,1440,5,25.0,atp_daily_snapshot
2026-04-17,2026-04-17T06:12:12Z,G. Iradukunda,1441T,4,,atp_daily_snapshot
2026-04-17,2026-04-17T06:12:12Z,A. Lofman,1441T,4,,atp_daily_snapshot
2026-04-17,2026-04-17T06:12:12Z,M. Murtaza,1441T,4,,atp_daily_snapshot
2026-04-17,2026-04-17T06:12:12Z,A. Nasridinov,1441T,4,,atp_daily_snapshot
2026-04-17,2026-04-17T06:12:12Z,K. Uesugi,1441T,4,,atp_daily_snapshot
2026-04-17,2026-04-17T06:12:12Z,T. Winegar,1441T,4,,atp_daily_snapshot
2026-04-17,2026-04-17T06:12:12Z,Guy Orly Iradukunda,1441T,4,30.0,atp_daily_snapshot
2026-04-17,2026-04-17T06:12:12Z,Aleksi Lofman,1441T,4,24.0,atp_daily_snapshot
2026-04-17,2026-04-17T06:12:12Z,Muzammil Murtaza,1441T,4,26.0,atp_daily_snapshot
2026-04-17,2026-04-17T06:12:12Z,Amirkhamza Nasridinov,1441T,4,20.0,atp_daily_snapshot
2026-04-17,2026-04-17T06:12:12Z,Kaito Uesugi,1441T,4,30.0,atp_daily_snapshot
2026-04-17,2026-04-17T06:12:12Z,Theodore Winegar,1441T,4,24.0,atp_daily_snapshot
2026-04-17,2026-04-17T06:12:12Z,D. Tortora,1447,4,,atp_daily_snapshot
2026-04-17,2026-04-17T06:12:12Z,Davide Tortora,1447,4,25.0,atp_daily_snapshot
2026-04-17,2026-04-17T06:12:12Z,H. Car,1448,4,,atp_daily_snapshot
2026-04-17,2026-04-17T06:12:12Z,Hugo Car,1448,4,23.0,atp_daily_snapshot
2026-04-17,2026-04-17T06:12:12Z,D. Cukierman,1449,4,,atp_daily_snapshot
2026-04-17,2026-04-17T06:12:12Z,Daniel Cukierman,1449,4,30.0,atp_daily_snapshot
2026-04-17,2026-04-17T06:12:12Z,H. Coquelin,1450T,4,,atp_daily_snapshot
2026-04-17,2026-04-17T06:12:12Z,S. Eriksson,1450T,4,,atp_daily_snapshot
2026-04-17,2026-04-17T06:12:12Z,A. Visaya,1450T,4,,atp_daily_snapshot
2026-04-17,2026-04-17T06:12:12Z,Hugo Coquelin,1450T,4,20.0,atp_daily_snapshot
2026-04-17,2026-04-17T06:12:12Z,Sebastian Eriksson,1450T,4,20.0,atp_daily_snapshot
2026-04-17,2026-04-17T06:12:12Z,Azuma Visaya,1450T,4,22.0,atp_daily_snapshot
2026-04-17,2026-04-17T06:12:12Z,C. Craig,1453T,4,,atp_daily_snapshot
2026-04-17,2026-04-17T06:12:12Z,G. Tunas,1453T,4,,atp_daily_snapshot
2026-04-17,2026-04-17T06:12:12Z,Corey Craig,1453T,4,22.0,atp_daily_snapshot
2026-04-17,2026-04-17T06:12:12Z,Guillermo Tunas,1453T,4,25.0,atp_daily_snapshot
2026-04-17,2026-04-17T06:12:12Z,M. Cressy,1455,4,,atp_daily_snapshot
2026-04-17,2026-04-17T06:12:12Z,Maxime Cressy,1455,4,28.0,atp_daily_snapshot
2026-04-17,2026-04-17T06:12:12Z,C. Cruz,1456T,4,,atp_daily_snapshot
2026-04-17,2026-04-17T06:12:12Z,Cesar Cruz,1456T,4,19.0,atp_daily_snapshot
2026-04-17,2026-04-17T06:12:12Z,Bryce Nakashima,1456T,4,22.0,atp_daily_snapshot
2026-04-17,2026-04-17T06:12:12Z,P. Barbier Gazeu,1458T,4,,atp_daily_snapshot
2026-04-17,2026-04-17T06:12:12Z,S. Katayama,1458T,4,,atp_daily_snapshot
2026-04-17,2026-04-17T06:12:12Z,T. Legout,1458T,4,,atp_daily_snapshot
2026-04-17,2026-04-17T06:12:12Z,Paul Barbier Gazeu,1458T,4,20.0,atp_daily_snapshot
2026-04-17,2026-04-17T06:12:12Z,Sho Katayama,1458T,4,36.0,atp_daily_snapshot
2026-04-17,2026-04-17T06:12:12Z,Timo Legout,1458T,4,24.0,atp_daily_snapshot
2026-04-17,2026-04-17T06:12:12Z,S. Baum,1461T,4,,atp_daily_snapshot
2026-04-17,2026-04-17T06:12:12Z,K. Pannu,1461T,4,,atp_daily_snapshot
2026-04-17,2026-04-17T06:12:12Z,Stepan Baum,1461T,4,22.0,atp_daily_snapshot
2026-04-17,2026-04-17T06:12:12Z,Kiranpal Pannu,1461T,4,29.0,atp_daily_snapshot
2026-04-17,2026-04-17T06:12:12Z,M. Kudernatsch,1463,4,,atp_daily_snapshot
2026-04-17,2026-04-17T06:12:12Z,Moritz Kudernatsch,1463,4,20.0,atp_daily_snapshot
2026-04-17,2026-04-17T06:12:12Z,W. Ahouda,1464T,4,,atp_daily_snapshot
2026-04-17,2026-04-17T06:12:12Z,A. Chekhov,1464T,4,,atp_daily_snapshot
2026-04-17,2026-04-17T06:12:12Z,C. Congcar,1464T,4,,atp_daily_snapshot
2026-04-17,2026-04-17T06:12:12Z,Walid Ahouda,1464T,4,22.0,atp_daily_snapshot
2026-04-17,2026-04-17T06:12:12Z,Anton Chekhov,1464T,4,33.0,atp_daily_snapshot
2026-04-17,2026-04-17T06:12:12Z,Congsup Congcar,1464T,4,29.0,atp_daily_snapshot
2026-04-17,2026-04-17T06:12:12Z,V. Leote Prata,1467,4,,atp_daily_snapshot
2026-04-17,2026-04-17T06:12:12Z,Vasco Leote Prata,1467,4,22.0,atp_daily_snapshot
2026-04-17,2026-04-17T06:12:12Z,D. Donders,1468T,4,,atp_daily_snapshot
2026-04-17,2026-04-17T06:12:12Z,A. Lim,1468T,4,,atp_daily_snapshot
2026-04-17,2026-04-17T06:12:12Z,Dax Donders,1468T,4,25.0,atp_daily_snapshot
2026-04-17,2026-04-17T06:12:12Z,Alberto Lim,1468T,4,26.0,atp_daily_snapshot
2026-04-17,2026-04-17T06:12:12Z,N. Chappell,1470T,4,,atp_daily_snapshot
2026-04-17,2026-04-17T06:12:12Z,P. Kumar,1470T,4,,atp_daily_snapshot
2026-04-17,2026-04-17T06:12:12Z,O. Moraing,1470T,4,,atp_daily_snapshot
2026-04-17,2026-04-17T06:12:12Z,N. Rispoli,1470T,4,,atp_daily_snapshot
2026-04-17,2026-04-17T06:12:12Z,K. Zhzhenov,1470T,4,,atp_daily_snapshot
2026-04-17,2026-04-17T06:12:12Z,Nick Chappell,1470T,4,33.0,atp_daily_snapshot
2026-04-17,2026-04-17T06:12:12Z,Pranav Kumar,1470T,4,26.0,atp_daily_snapshot
2026-04-17,2026-04-17T06:12:12Z,Oscar Moraing,1470T,4,26.0,atp_daily_snapshot
2026-04-17,2026-04-17T06:12:12Z,Nicola Rispoli,1470T,4,28.0,atp_daily_snapshot
2026-04-17,2026-04-17T06:12:12Z,Konstantin Zhzhenov,1470T,4,21.0,atp_daily_snapshot
2026-04-17,2026-04-17T06:12:12Z,R. Gales,1475T,4,,atp_daily_snapshot
2026-04-17,2026-04-17T06:12:12Z,K. Kajin,1475T,4,,atp_daily_snapshot
2026-04-17,2026-04-17T06:12:12Z,T. Karigyo,1475T,4,,atp_daily_snapshot
2026-04-17,2026-04-17T06:12:12Z,D. Pontoglio,1475T,4,,atp_daily_snapshot
2026-04-17,2026-04-17T06:12:12Z,K. Wang,1475T,4,,atp_daily_snapshot
2026-04-17,2026-04-17T06:12:12Z,Romain Gales,1475T,4,21.0,atp_daily_snapshot
2026-04-17,2026-04-17T06:12:12Z,Karlo Kajin,1475T,4,26.0,atp_daily_snapshot
2026-04-17,2026-04-17T06:12:12Z,Toshiki Karigyo,1475T,4,24.0,atp_daily_snapshot
2026-04-17,2026-04-17T06:12:12Z,Davide Pontoglio,1475T,4,33.0,atp_daily_snapshot
2026-04-17,2026-04-17T06:12:12Z,Kai-I Wang,1475T,4,21.0,atp_daily_snapshot
2026-04-17,2026-04-17T06:12:12Z,G. Albieri,1480,4,,atp_daily_snapshot
2026-04-17,2026-04-17T06:12:12Z,Gustavo Albieri,1480,4,18.0,atp_daily_snapshot
2026-04-17,2026-04-17T06:12:12Z,K. Suzuki,1481,4,,atp_daily_snapshot
2026-04-17,2026-04-17T06:12:12Z,Ko Suzuki,1481,4,34.0,atp_daily_snapshot
2026-04-17,2026-04-17T06:12:12Z,N. Malesevic,1482T,4,,atp_daily_snapshot
2026-04-17,2026-04-17T06:12:12Z,J. Navasirisomboon,1482T,4,,atp_daily_snapshot
2026-04-17,2026-04-17T06:12:12Z,D. Nedev,1482T,4,,atp_daily_snapshot
2026-04-17,2026-04-17T06:12:12Z,A. Orlikowski,1482T,4,,atp_daily_snapshot
2026-04-17,2026-04-17T06:12:12Z,Nemanja Malesevic,1482T,4,24.0,atp_daily_snapshot
2026-04-17,2026-04-17T06:12:12Z,Jirat Navasirisomboon,1482T,4,29.0,atp_daily_snapshot
2026-04-17,2026-04-17T06:12:12Z,Dian Nedev,1482T,4,25.0,atp_daily_snapshot
2026-04-17,2026-04-17T06:12:12Z,Aleksander Orlikowski,1482T,4,22.0,atp_daily_snapshot
2026-04-17,2026-04-17T06:12:12Z,S. Muto,1486T,4,,atp_daily_snapshot
2026-04-17,2026-04-17T06:12:12Z,Z. Stevens,1486T,4,,atp_daily_snapshot
2026-04-17,2026-04-17T06:12:12Z,L. Zhao,1486T,4,,atp_daily_snapshot
2026-04-17,2026-04-17T06:12:12Z,Shu Muto,1486T,4,20.0,atp_daily_snapshot
2026-04-17,2026-04-17T06:12:12Z,Zane Stevens,1486T,4,19.0,atp_daily_snapshot
2026-04-17,2026-04-17T06:12:12Z,Lingxi Zhao,1486T,4,26.0,atp_daily_snapshot
2026-04-17,2026-04-17T06:12:12Z,M. Pawelski,1489T,4,,atp_daily_snapshot
2026-04-17,2026-04-17T06:12:12Z,S. Petrov,1489T,4,,atp_daily_snapshot
2026-04-17,2026-04-17T06:12:12Z,Martyn Pawelski,1489T,4,21.0,atp_daily_snapshot
2026-04-17,2026-04-17T06:12:12Z,Sergey Petrov,1489T,4,21.0,atp_daily_snapshot
2026-04-17,2026-04-17T06:12:12Z,R. Jaisinghani,1491T,4,,atp_daily_snapshot
2026-04-17,2026-04-17T06:12:12Z,B. Torres,1491T,4,,atp_daily_snapshot
2026-04-17,2026-04-17T06:12:12Z,Raghav Jaisinghani,1491T,4,28.0,atp_daily_snapshot
2026-04-17,2026-04-17T06:12:12Z,Benjamin Torres,1491T,4,22.0,atp_daily_snapshot
2026-04-17,2026-04-17T06:12:12Z,N. Rico Arias,1493,4,,atp_daily_snapshot
2026-04-17,2026-04-17T06:12:12Z,Nicolas Esteban Rico Arias,1493,4,25.0,atp_daily_snapshot
2026-04-17,2026-04-17T06:12:12Z,T. Gerbaud,1494T,4,,atp_daily_snapshot
2026-04-17,2026-04-17T06:12:12Z,R. Zusman,1494T,4,,atp_daily_snapshot
2026-04-17,2026-04-17T06:12:12Z,Thomas Gerbaud,1494T,4,21.0,atp_daily_snapshot
2026-04-17,2026-04-17T06:12:12Z,Richard Zusman,1494T,4,25.0,atp_daily_snapshot
2026-04-17,2026-04-17T06:12:12Z,G. Hornung,1496,4,,atp_daily_snapshot
2026-04-17,2026-04-17T06:12:12Z,Gabor Hornung,1496,4,20.0,atp_daily_snapshot
2026-04-17,2026-04-17T06:12:12Z,M. Balciunas,1497T,4,,atp_daily_snapshot
2026-04-17,2026-04-17T06:12:12Z,M. Breazu,1497T,4,,atp_daily_snapshot
2026-04-17,2026-04-17T06:12:12Z,O. Eerola,1497T,4,,atp_daily_snapshot
2026-04-17,2026-04-17T06:12:12Z,A. Paolini,1497T,4,,atp_daily_snapshot
2026-04-17,2026-04-17T06:12:12Z,N. Tajima,1497T,4,,atp_daily_snapshot
2026-04-17,2026-04-17T06:12:12Z,Manvydas Balciunas,1497T,4,20.0,atp_daily_snapshot
2026-04-17,2026-04-17T06:12:12Z,Matei Florin Breazu,1497T,4,18.0,atp_daily_snapshot
2026-04-17,2026-04-17T06:12:12Z,Oskari Eerola,1497T,4,24.0,atp_daily_snapshot
2026-04-17,2026-04-17T06:12:12Z,Andrea Paolini,1497T,4,23.0,atp_daily_snapshot
2026-04-17,2026-04-17T06:12:12Z,Naoki Tajima,1497T,4,25.0,atp_daily_snapshot
2026-04-17,2026-04-17T06:12:12Z,R. Giotis,1502T,4,,atp_daily_snapshot
2026-04-17,2026-04-17T06:12:12Z,V. Guadagno,1502T,4,,atp_daily_snapshot
2026-04-17,2026-04-17T06:12:12Z,Rafael Giotis,1502T,4,25.0,atp_daily_snapshot
2026-04-17,2026-04-17T06:12:12Z,Valentin Guadagno,1502T,4,19.0,atp_daily_snapshot
2026-04-17,2026-04-17T06:12:12Z,U. Kamboj,1504T,4,,atp_daily_snapshot
2026-04-17,2026-04-17T06:12:12Z,A. Lakshmanan,1504T,4,,atp_daily_snapshot
2026-04-17,2026-04-17T06:12:12Z,Udit Kamboj,1504T,4,24.0,atp_daily_snapshot
2026-04-17,2026-04-17T06:12:12Z,Aryan Lakshmanan,1504T,4,20.0,atp_daily_snapshot
2026-04-17,2026-04-17T06:12:12Z,B. De La Pena,1506T,4,,atp_daily_snapshot
2026-04-17,2026-04-17T06:12:12Z,V. Dell'Elba,1506T,4,,atp_daily_snapshot
2026-04-17,2026-04-17T06:12:12Z,A. Jamji,1506T,4,,atp_daily_snapshot
2026-04-17,2026-04-17T06:12:12Z,S. Jorgensen,1506T,4,,atp_daily_snapshot
2026-04-17,2026-04-17T06:12:12Z,D. Naharro,1506T,4,,atp_daily_snapshot
2026-04-17,2026-04-17T06:12:12Z,Bautista De La Pena,1506T,4,16.0,atp_daily_snapshot
2026-04-17,2026-04-17T06:12:12Z,Vito Dell'Elba,1506T,4,27.0,atp_daily_snapshot
2026-04-17,2026-04-17T06:12:12Z,Amine Jamji,1506T,4,19.0,atp_daily_snapshot
2026-04-17,2026-04-17T06:12:12Z,Sebastian Grundtvig Jorgensen,1506T,4,25.0,atp_daily_snapshot
2026-04-17,2026-04-17T06:12:12Z,David Naharro,1506T,4,22.0,atp_daily_snapshot
2026-04-17,2026-04-17T06:12:12Z,H. Chauhan,1511T,4,,atp_daily_snapshot
2026-04-17,2026-04-17T06:12:12Z,K. Collignon,1511T,4,,atp_daily_snapshot
2026-04-17,2026-04-17T06:12:12Z,K. Edengren,1511T,4,,atp_daily_snapshot
2026-04-17,2026-04-17T06:12:12Z,M. Picard,1511T,4,,atp_daily_snapshot
2026-04-17,2026-04-17T06:12:12Z,L. Poertner,1511T,4,,atp_daily_snapshot
2026-04-17,2026-04-17T06:12:12Z,K. Shibano,1511T,4,,atp_daily_snapshot
2026-04-17,2026-04-17T06:12:12Z,Hitesh Chauhan,1511T,4,18.0,atp_daily_snapshot
2026-04-17,2026-04-17T06:12:12Z,Kylian Collignon,1511T,4,20.0,atp_daily_snapshot
2026-04-17,2026-04-17T06:12:12Z,Kevin Edengren,1511T,4,20.0,atp_daily_snapshot
2026-04-17,2026-04-17T06:12:12Z,Mathys Picard,1511T,4,18.0,atp_daily_snapshot
2026-04-17,2026-04-17T06:12:12Z,Lasse Poertner,1511T,4,20.0,atp_daily_snapshot
2026-04-17,2026-04-17T06:12:12Z,Kosuke Shibano,1511T,4,29.0,atp_daily_snapshot
2026-04-17,2026-04-17T06:12:12Z,M. Tammaro,1517,4,,atp_daily_snapshot
2026-04-17,2026-04-17T06:12:12Z,Mariano Tammaro,1517,4,22.0,atp_daily_snapshot
2026-04-17,2026-04-17T06:12:12Z,W. Pan,1518,4,,atp_daily_snapshot
2026-04-17,2026-04-17T06:12:12Z,Weiwen Pan,1518,4,20.0,atp_daily_snapshot
2026-04-17,2026-04-17T06:12:12Z,V. Breazu,1519T,4,,atp_daily_snapshot
2026-04-17,2026-04-17T06:12:12Z,S. Mencaglia,1519T,4,,atp_daily_snapshot
2026-04-17,2026-04-17T06:12:12Z,S. Planella Hernandez,1519T,4,,atp_daily_snapshot
2026-04-17,2026-04-17T06:12:12Z,A. Zgirovsky,1519T,4,,atp_daily_snapshot
2026-04-17,2026-04-17T06:12:12Z,Vlad Cristian Breazu,1519T,4,22.0,atp_daily_snapshot
2026-04-17,2026-04-17T06:12:12Z,Silvio Mencaglia,1519T,4,21.0,atp_daily_snapshot
2026-04-17,2026-04-17T06:12:12Z,Sergio Planella Hernandez,1519T,4,19.0,atp_daily_snapshot
2026-04-17,2026-04-17T06:12:12Z,Alexander Zgirovsky,1519T,4,24.0,atp_daily_snapshot
2026-04-17,2026-04-17T06:12:12Z,P. Bastiaansen,1523T,4,,atp_daily_snapshot
2026-04-17,2026-04-17T06:12:12Z,A. Coccioli,1523T,4,,atp_daily_snapshot
2026-04-17,2026-04-17T06:12:12Z,N. Hipfl,1523T,4,,atp_daily_snapshot
2026-04-17,2026-04-17T06:12:12Z,N. Mikovic,1523T,4,,atp_daily_snapshot
2026-04-17,2026-04-17T06:12:12Z,O. Vasser,1523T,4,,atp_daily_snapshot
2026-04-17,2026-04-17T06:12:12Z,Pepijn Bastiaansen,1523T,4,20.0,atp_daily_snapshot
2026-04-17,2026-04-17T06:12:12Z,Alessandro Coccioli,1523T,4,23.0,atp_daily_snapshot
2026-04-17,2026-04-17T06:12:12Z,Nico Hipfl,1523T,4,20.0,atp_daily_snapshot
2026-04-17,2026-04-17T06:12:12Z,Nik Mikovic,1523T,4,21.0,atp_daily_snapshot
2026-04-17,2026-04-17T06:12:12Z,Oren Vasser,1523T,4,26.0,atp_daily_snapshot
2026-04-17,2026-04-17T06:12:12Z,X. Palomar,1528,4,,atp_daily_snapshot
2026-04-17,2026-04-17T06:12:12Z,Xavi Palomar,1528,4,18.0,atp_daily_snapshot
2026-04-17,2026-04-17T06:12:12Z,A. Mehrotra,1529,4,,atp_daily_snapshot
2026-04-17,2026-04-17T06:12:12Z,Arjun Mehrotra,1529,4,29.0,atp_daily_snapshot
2026-04-17,2026-04-17T06:12:12Z,F. Jiang,1530,4,,atp_daily_snapshot
2026-04-17,2026-04-17T06:12:12Z,Fumin Jiang,1530,4,18.0,atp_daily_snapshot
2026-04-17,2026-04-17T06:12:12Z,S. Pel,1531,4,,atp_daily_snapshot
2026-04-17,2026-04-17T06:12:12Z,Stijn Pel,1531,4,23.0,atp_daily_snapshot
2026-04-17,2026-04-17T06:12:12Z,M. Coman,1532,4,,atp_daily_snapshot
2026-04-17,2026-04-17T06:12:12Z,Mihai Alexandru Coman,1532,4,21.0,atp_daily_snapshot
2026-04-17,2026-04-17T06:12:12Z,D. Verbeek,1533,4,,atp_daily_snapshot
2026-04-17,2026-04-17T06:12:12Z,Daniel Verbeek,1533,4,21.0,atp_daily_snapshot
2026-04-17,2026-04-17T06:12:12Z,D. Batista,1534T,4,,atp_daily_snapshot
2026-04-17,2026-04-17T06:12:12Z,M. Lazaro Juncadella,1534T,4,,atp_daily_snapshot
2026-04-17,2026-04-17T06:12:12Z,Daniel Batista,1534T,4,27.0,atp_daily_snapshot
2026-04-17,2026-04-17T06:12:12Z,Manel Lazaro Juncadella,1534T,4,20.0,atp_daily_snapshot
2026-04-17,2026-04-17T06:12:12Z,T. Meneo,1536,4,,atp_daily_snapshot
2026-04-17,2026-04-17T06:12:12Z,Tadeo Meneo,1536,4,20.0,atp_daily_snapshot
2026-04-17,2026-04-17T06:12:12Z,L. Byers,1537T,3,,atp_daily_snapshot
2026-04-17,2026-04-17T06:12:12Z,M. Guinard,1537T,3,,atp_daily_snapshot
2026-04-17,2026-04-17T06:12:12Z,S. Iftikhar,1537T,3,,atp_daily_snapshot
2026-04-17,2026-04-17T06:12:12Z,Y. Khalil,1537T,3,,atp_daily_snapshot
2026-04-17,2026-04-17T06:12:12Z,S. Montsi,1537T,3,,atp_daily_snapshot
2026-04-17,2026-04-17T06:12:12Z,P. Niklas-Salminen,1537T,3,,atp_daily_snapshot
2026-04-17,2026-04-17T06:12:12Z,R. Stalder,1537T,3,,atp_daily_snapshot
2026-04-17,2026-04-17T06:12:12Z,P. Trhac,1537T,3,,atp_daily_snapshot
2026-04-17,2026-04-17T06:12:12Z,Loren Thomas Byers,1537T,3,24.0,atp_daily_snapshot
2026-04-17,2026-04-17T06:12:12Z,Manuel Guinard,1537T,3,30.0,atp_daily_snapshot
2026-04-17,2026-04-17T06:12:12Z,Samir Iftikhar,1537T,3,34.0,atp_daily_snapshot
2026-04-17,2026-04-17T06:12:12Z,Yousaf Khalil,1537T,3,27.0,atp_daily_snapshot
2026-04-17,2026-04-17T06:12:12Z,Siphosothando Montsi,1537T,3,26.0,atp_daily_snapshot
2026-04-17,2026-04-17T06:12:12Z,Patrik Niklas-Salminen,1537T,3,29.0,atp_daily_snapshot
2026-04-17,2026-04-17T06:12:12Z,Reese Stalder,1537T,3,29.0,atp_daily_snapshot
2026-04-17,2026-04-17T06:12:12Z,Patrik Trhac,1537T,3,27.0,atp_daily_snapshot
2026-04-17,2026-04-17T06:12:12Z,L. Carraro,1545T,3,,atp_daily_snapshot
2026-04-17,2026-04-17T06:12:12Z,S. Diez,1545T,3,,atp_daily_snapshot
2026-04-17,2026-04-17T06:12:12Z,K. Giese,1545T,3,,atp_daily_snapshot
2026-04-17,2026-04-17T06:12:12Z,T. Hands,1545T,3,,atp_daily_snapshot
2026-04-17,2026-04-17T06:12:12Z,A. Sinha,1545T,3,,atp_daily_snapshot
2026-04-17,2026-04-17T06:12:12Z,Luciano Carraro,1545T,3,27.0,atp_daily_snapshot
2026-04-17,2026-04-17T06:12:12Z,Steven Diez,1545T,3,35.0,atp_daily_snapshot
2026-04-17,2026-04-17T06:12:12Z,Kelly Giese,1545T,3,21.0,atp_daily_snapshot
2026-04-17,2026-04-17T06:12:12Z,Tom Hands,1545T,3,29.0,atp_daily_snapshot
2026-04-17,2026-04-17T06:12:12Z,Adit Sinha,1545T,3,22.0,atp_daily_snapshot
2026-04-17,2026-04-17T06:12:12Z,J. Barki,1550T,3,,atp_daily_snapshot
2026-04-17,2026-04-17T06:12:12Z,S. Brosset,1550T,3,,atp_daily_snapshot
2026-04-17,2026-04-17T06:12:12Z,M. Farzam,1550T,3,,atp_daily_snapshot
2026-04-17,2026-04-17T06:12:12Z,W. Mayew,1550T,3,,atp_daily_snapshot
2026-04-17,2026-04-17T06:12:12Z,D. Mosejczuk,1550T,3,,atp_daily_snapshot
2026-04-17,2026-04-17T06:12:12Z,O. Ojakaar,1550T,3,,atp_daily_snapshot
2026-04-17,2026-04-17T06:12:12Z,D. Phillips,1550T,3,,atp_daily_snapshot
2026-04-17,2026-04-17T06:12:12Z,H. Satara,1550T,3,,atp_daily_snapshot
2026-04-17,2026-04-17T06:12:12Z,A. Zakharov,1550T,3,,atp_daily_snapshot
2026-04-17,2026-04-17T06:12:12Z,Justin Barki,1550T,3,25.0,atp_daily_snapshot
2026-04-17,2026-04-17T06:12:12Z,Samuel Brosset,1550T,3,28.0,atp_daily_snapshot
2026-04-17,2026-04-17T06:12:12Z,Matisse Farzam,1550T,3,19.0,atp_daily_snapshot
2026-04-17,2026-04-17T06:12:12Z,Will Mayew,1550T,3,21.0,atp_daily_snapshot
2026-04-17,2026-04-17T06:12:12Z,Dominick Mosejczuk,1550T,3,19.0,atp_daily_snapshot
2026-04-17,2026-04-17T06:12:12Z,Oliver Ojakaar,1550T,3,21.0,atp_daily_snapshot
2026-04-17,2026-04-17T06:12:12Z,Daniel Phillips,1550T,3,21.0,atp_daily_snapshot
2026-04-17,2026-04-17T06:12:12Z,Harrison Satara,1550T,3,18.0,atp_daily_snapshot
2026-04-17,2026-04-17T06:12:12Z,Alexey Zakharov,1550T,3,25.0,atp_daily_snapshot
2026-04-17,2026-04-17T06:12:12Z,D. Clerc,1559T,3,,atp_daily_snapshot
2026-04-17,2026-04-17T06:12:12Z,T. Kwiatkowski,1559T,3,,atp_daily_snapshot
2026-04-17,2026-04-17T06:12:12Z,Damien Clerc,1559T,3,18.0,atp_daily_snapshot
2026-04-17,2026-04-17T06:12:12Z,Thai-Son Kwiatkowski,1559T,3,31.0,atp_daily_snapshot
2026-04-17,2026-04-17T06:12:12Z,W. Abderrahman,1561T,3,,atp_daily_snapshot
2026-04-17,2026-04-17T06:12:12Z,F. Alberca De Las Casas,1561T,3,,atp_daily_snapshot
2026-04-17,2026-04-17T06:12:12Z,W. Kong,1561T,3,,atp_daily_snapshot
2026-04-17,2026-04-17T06:12:12Z,A. Razeghi,1561T,3,,atp_daily_snapshot
2026-04-17,2026-04-17T06:12:12Z,H. Rivera,1561T,3,,atp_daily_snapshot
2026-04-17,2026-04-17T06:12:12Z,I. Stroemberg,1561T,3,,atp_daily_snapshot
2026-04-17,2026-04-17T06:12:12Z,Wissam Abderrahman,1561T,3,22.0,atp_daily_snapshot
2026-04-17,2026-04-17T06:12:12Z,Fantino Alberca De Las Casas,1561T,3,21.0,atp_daily_snapshot
2026-04-17,2026-04-17T06:12:12Z,Weiyi Kong,1561T,3,17.0,atp_daily_snapshot
2026-04-17,2026-04-17T06:12:12Z,Alexander Razeghi,1561T,3,19.0,atp_daily_snapshot
2026-04-17,2026-04-17T06:12:12Z,Hudson Rivera,1561T,3,21.0,atp_daily_snapshot
2026-04-17,2026-04-17T06:12:12Z,Isac Stroemberg,1561T,3,23.0,atp_daily_snapshot
2026-04-17,2026-04-17T06:12:12Z,O. Brown,1567T,3,,atp_daily_snapshot
2026-04-17,2026-04-17T06:12:12Z,A. Witz,1567T,3,,atp_daily_snapshot
2026-04-17,2026-04-17T06:12:12Z,Oscar Brown,1567T,3,23.0,atp_daily_snapshot
2026-04-17,2026-04-17T06:12:12Z,Antonin Witz,1567T,3,17.0,atp_daily_snapshot
2026-04-17,2026-04-17T06:12:12Z,S. Auytayakul,1569T,3,,atp_daily_snapshot
2026-04-17,2026-04-17T06:12:12Z,J. Bothma,1569T,3,,atp_daily_snapshot
2026-04-17,2026-04-17T06:12:12Z,T. Davidov,1569T,3,,atp_daily_snapshot
2026-04-17,2026-04-17T06:12:12Z,J. De Cuyper,1569T,3,,atp_daily_snapshot
2026-04-17,2026-04-17T06:12:12Z,M. Domenc,1569T,3,,atp_daily_snapshot
2026-04-17,2026-04-17T06:12:12Z,A. Lingua Lavallen,1569T,3,,atp_daily_snapshot
2026-04-17,2026-04-17T06:12:12Z,W. Mirarchi,1569T,3,,atp_daily_snapshot
2026-04-17,2026-04-17T06:12:12Z,M. Rajski,1569T,3,,atp_daily_snapshot
2026-04-17,2026-04-17T06:12:12Z,V. Reisach,1569T,3,,atp_daily_snapshot
2026-04-17,2026-04-17T06:12:12Z,T. Stepanov,1569T,3,,atp_daily_snapshot
2026-04-17,2026-04-17T06:12:12Z,N. Stoot,1569T,3,,atp_daily_snapshot
2026-04-17,2026-04-17T06:12:12Z,F. Virgili,1569T,3,,atp_daily_snapshot
2026-04-17,2026-04-17T06:12:12Z,Siwanat Auytayakul,1569T,3,21.0,atp_daily_snapshot
2026-04-17,2026-04-17T06:12:12Z,John Bothma,1569T,3,18.0,atp_daily_snapshot
2026-04-17,2026-04-17T06:12:12Z,Ye Chen,1569T,3,19.0,atp_daily_snapshot
2026-04-17,2026-04-17T06:12:12Z,Teodor Davidov,1569T,3,15.0,atp_daily_snapshot
2026-04-17,2026-04-17T06:12:12Z,Julien De Cuyper,1569T,3,26.0,atp_daily_snapshot
2026-04-17,2026-04-17T06:12:12Z,Mathys Domenc,1569T,3,16.0,atp_daily_snapshot
2026-04-17,2026-04-17T06:12:12Z,Alejo Lorenzo Lingua Lavallen,1569T,3,25.0,atp_daily_snapshot
2026-04-17,2026-04-17T06:12:12Z,William Mirarchi,1569T,3,19.0,atp_daily_snapshot
2026-04-17,2026-04-17T06:12:12Z,Maciej Rajski,1569T,3,34.0,atp_daily_snapshot
2026-04-17,2026-04-17T06:12:12Z,Vincent Jakob Reisach,1569T,3,17.0,atp_daily_snapshot
2026-04-17,2026-04-17T06:12:12Z,Timofey Stepanov,1569T,3,22.0,atp_daily_snapshot
2026-04-17,2026-04-17T06:12:12Z,Nikolas Stoot,1569T,3,18.0,atp_daily_snapshot
2026-04-17,2026-04-17T06:12:12Z,Felipe Virgili,1569T,3,21.0,atp_daily_snapshot
2026-04-17,2026-04-17T06:12:12Z,N. Cox,1582T,3,,atp_daily_snapshot
2026-04-17,2026-04-17T06:12:12Z,I. Fahim,1582T,3,,atp_daily_snapshot
2026-04-17,2026-04-17T06:12:12Z,Y. Lahjomri,1582T,3,,atp_daily_snapshot
2026-04-17,2026-04-17T06:12:12Z,C. Lemire,1582T,3,,atp_daily_snapshot
2026-04-17,2026-04-17T06:12:12Z,Nathan Cox,1582T,3,22.0,atp_daily_snapshot
2026-04-17,2026-04-17T06:12:12Z,Ilyas Milad Fahim,1582T,3,20.0,atp_daily_snapshot
2026-04-17,2026-04-17T06:12:12Z,Yazid Lahjomri,1582T,3,20.0,atp_daily_snapshot
2026-04-17,2026-04-17T06:12:12Z,Clement Lemire,1582T,3,19.0,atp_daily_snapshot
2026-04-17,2026-04-17T06:12:12Z,D. Wassermann,1586,3,,atp_daily_snapshot
2026-04-17,2026-04-17T06:12:12Z,Deney Wassermann,1586,3,25.0,atp_daily_snapshot
2026-04-17,2026-04-17T06:12:12Z,R. Augusto Dos Santos,1587T,3,,atp_daily_snapshot
2026-04-17,2026-04-17T06:12:12Z,A. Kobelt,1587T,3,,atp_daily_snapshot
2026-04-17,2026-04-17T06:12:12Z,M. Rankin,1587T,3,,atp_daily_snapshot
2026-04-17,2026-04-17T06:12:12Z,A. Sabaliauskas,1587T,3,,atp_daily_snapshot
2026-04-17,2026-04-17T06:12:12Z,Ryan Augusto Dos Santos,1587T,3,22.0,atp_daily_snapshot
2026-04-17,2026-04-17T06:12:12Z,Alex Kobelt,1587T,3,28.0,atp_daily_snapshot
2026-04-17,2026-04-17T06:12:12Z,Matthew Rankin,1587T,3,21.0,atp_daily_snapshot
2026-04-17,2026-04-17T06:12:12Z,Ainius Sabaliauskas,1587T,3,22.0,atp_daily_snapshot
2026-04-17,2026-04-17T06:12:12Z,N. Baroni,1591T,3,,atp_daily_snapshot
2026-04-17,2026-04-17T06:12:12Z,F. Dreer,1591T,3,,atp_daily_snapshot
2026-04-17,2026-04-17T06:12:12Z,G. Matijasic,1591T,3,,atp_daily_snapshot
2026-04-17,2026-04-17T06:12:12Z,R. Nakamura,1591T,3,,atp_daily_snapshot
2026-04-17,2026-04-17T06:12:12Z,R. Neimanis,1591T,3,,atp_daily_snapshot
2026-04-17,2026-04-17T06:12:12Z,I. Palavestra,1591T,3,,atp_daily_snapshot
2026-04-17,2026-04-17T06:12:12Z,V. Vanta,1591T,3,,atp_daily_snapshot
2026-04-17,2026-04-17T06:12:12Z,Niccolo Baroni,1591T,3,22.0,atp_daily_snapshot
2026-04-17,2026-04-17T06:12:12Z,Felipe Dreer,1591T,3,19.0,atp_daily_snapshot
2026-04-17,2026-04-17T06:12:12Z,Gasper Matijasic,1591T,3,18.0,atp_daily_snapshot
2026-04-17,2026-04-17T06:12:12Z,Ren Nakamura,1591T,3,31.0,atp_daily_snapshot
2026-04-17,2026-04-17T06:12:12Z,Rihards Neimanis,1591T,3,21.0,atp_daily_snapshot
2026-04-17,2026-04-17T06:12:12Z,Ilija Palavestra,1591T,3,18.0,atp_daily_snapshot
2026-04-17,2026-04-17T06:12:12Z,Valentin Vanta,1591T,3,28.0,atp_daily_snapshot
2026-04-17,2026-04-17T06:12:12Z,A. Bogomolov,1598T,3,,atp_daily_snapshot
2026-04-17,2026-04-17T06:12:12Z,E. Bulut,1598T,3,,atp_daily_snapshot
2026-04-17,2026-04-17T06:12:12Z,J. Dembo,1598T,3,,atp_daily_snapshot
2026-04-17,2026-04-17T06:12:12Z,M. Furlanetto,1598T,3,,atp_daily_snapshot
2026-04-17,2026-04-17T06:12:12Z,J. Gallego,1598T,3,,atp_daily_snapshot
2026-04-17,2026-04-17T06:12:12Z,N. Hollender,1598T,3,,atp_daily_snapshot
2026-04-17,2026-04-17T06:12:12Z,Artem Bogomolov,1598T,3,19.0,atp_daily_snapshot
2026-04-17,2026-04-17T06:12:12Z,Emirhan Bulut,1598T,3,19.0,atp_daily_snapshot
2026-04-17,2026-04-17T06:12:12Z,Jake Dembo,1598T,3,18.0,atp_daily_snapshot
2026-04-17,2026-04-17T06:12:12Z,Marco Furlanetto,1598T,3,25.0,atp_daily_snapshot
2026-04-17,2026-04-17T06:12:12Z,Juan Ignacio Gallego,1598T,3,19.0,atp_daily_snapshot
2026-04-17,2026-04-17T06:12:12Z,Nicolas Hollender,1598T,3,24.0,atp_daily_snapshot
2026-04-17,2026-04-17T06:12:12Z,P. Alam,1604T,3,,atp_daily_snapshot
2026-04-17,2026-04-17T06:12:12Z,A. Canter,1604T,3,,atp_daily_snapshot
2026-04-17,2026-04-17T06:12:12Z,M. Chetouane,1604T,3,,atp_daily_snapshot
2026-04-17,2026-04-17T06:12:12Z,L. Fantini,1604T,3,,atp_daily_snapshot
2026-04-17,2026-04-17T06:12:12Z,V. Garay,1604T,3,,atp_daily_snapshot
2026-04-17,2026-04-17T06:12:12Z,S. Hodkin,1604T,3,,atp_daily_snapshot
2026-04-17,2026-04-17T06:12:12Z,Y. Jang,1604T,3,,atp_daily_snapshot
2026-04-17,2026-04-17T06:12:12Z,V. Jovic,1604T,3,,atp_daily_snapshot
2026-04-17,2026-04-17T06:12:12Z,A. Paparkar,1604T,3,,atp_daily_snapshot
2026-04-17,2026-04-17T06:12:12Z,M. Sakellaridis,1604T,3,,atp_daily_snapshot
2026-04-17,2026-04-17T06:12:12Z,S. Storch,1604T,3,,atp_daily_snapshot
2026-04-17,2026-04-17T06:12:12Z,Peter Alam,1604T,3,23.0,atp_daily_snapshot
2026-04-17,2026-04-17T06:12:12Z,Alexis Canter,1604T,3,27.0,atp_daily_snapshot
2026-04-17,2026-04-17T06:12:12Z,Mahmoud Chetouane,1604T,3,17.0,atp_daily_snapshot
2026-04-17,2026-04-17T06:12:12Z,Luca Fantini,1604T,3,25.0,atp_daily_snapshot
2026-04-17,2026-04-17T06:12:12Z,Valentin Garay,1604T,3,19.0,atp_daily_snapshot
2026-04-17,2026-04-17T06:12:12Z,Sean Hodkin,1604T,3,27.0,atp_daily_snapshot
2026-04-17,2026-04-17T06:12:12Z,Yunseok Jang,1604T,3,22.0,atp_daily_snapshot
2026-04-17,2026-04-17T06:12:12Z,Viktor Jovic,1604T,3,24.0,atp_daily_snapshot
2026-04-17,2026-04-17T06:12:12Z,Arnav Vijay Paparkar,1604T,3,18.0,atp_daily_snapshot
2026-04-17,2026-04-17T06:12:12Z,Stevan Popovic,1604T,3,24.0,atp_daily_snapshot
2026-04-17,2026-04-17T06:12:12Z,Michalis Sakellaridis,1604T,3,25.0,atp_daily_snapshot
2026-04-17,2026-04-17T06:12:12Z,Stefan Storch,1604T,3,24.0,atp_daily_snapshot
2026-04-17,2026-04-17T06:12:12Z,A. Reco,1616T,3,,atp_daily_snapshot
2026-04-17,2026-04-17T06:12:12Z,G. Vulpitta,1616T,3,,atp_daily_snapshot
2026-04-17,2026-04-17T06:12:12Z,Alexandre Reco,1616T,3,26.0,atp_daily_snapshot
2026-04-17,2026-04-17T06:12:12Z,Gabriele Vulpitta,1616T,3,20.0,atp_daily_snapshot
2026-04-17,2026-04-17T06:12:12Z,B. Braga,1618T,3,,atp_daily_snapshot
2026-04-17,2026-04-17T06:12:12Z,E. Ivanisevic,1618T,3,,atp_daily_snapshot
2026-04-17,2026-04-17T06:12:12Z,D. Jovanovski,1618T,3,,atp_daily_snapshot
2026-04-17,2026-04-17T06:12:12Z,T. Kovac,1618T,3,,atp_daily_snapshot
2026-04-17,2026-04-17T06:12:12Z,D. Pop,1618T,3,,atp_daily_snapshot
2026-04-17,2026-04-17T06:12:12Z,E. Zanada,1618T,3,,atp_daily_snapshot
2026-04-17,2026-04-17T06:12:12Z,Breno Braga,1618T,3,21.0,atp_daily_snapshot
2026-04-17,2026-04-17T06:12:12Z,Emanuel Ivanisevic,1618T,3,18.0,atp_daily_snapshot
2026-04-17,2026-04-17T06:12:12Z,Daniel Jovanovski,1618T,3,18.0,atp_daily_snapshot
2026-04-17,2026-04-17T06:12:12Z,Tilen Kovac,1618T,3,23.0,atp_daily_snapshot
2026-04-17,2026-04-17T06:12:12Z,Darius Florin Pop,1618T,3,21.0,atp_daily_snapshot
2026-04-17,2026-04-17T06:12:12Z,Edoardo Zanada,1618T,3,25.0,atp_daily_snapshot
2026-04-17,2026-04-17T06:12:12Z,N. Brownrigg,1624T,3,,atp_daily_snapshot
2026-04-17,2026-04-17T06:12:12Z,J. Eriksson Ziverts,1624T,3,,atp_daily_snapshot
2026-04-17,2026-04-17T06:12:12Z,D. Fix,1624T,3,,atp_daily_snapshot
2026-04-17,2026-04-17T06:12:12Z,A. Laborde,1624T,3,,atp_daily_snapshot
2026-04-17,2026-04-17T06:12:12Z,M. Lavizzari,1624T,3,,atp_daily_snapshot
2026-04-17,2026-04-17T06:12:12Z,A. Mcleod,1624T,3,,atp_daily_snapshot
2026-04-17,2026-04-17T06:12:12Z,J. Paz,1624T,3,,atp_daily_snapshot
2026-04-17,2026-04-17T06:12:12Z,A. Safonov,1624T,3,,atp_daily_snapshot
2026-04-17,2026-04-17T06:12:12Z,B. Torcq,1624T,3,,atp_daily_snapshot
2026-04-17,2026-04-17T06:12:12Z,Noah Brownrigg,1624T,3,19.0,atp_daily_snapshot
2026-04-17,2026-04-17T06:12:12Z,Jonas Eriksson Ziverts,1624T,3,27.0,atp_daily_snapshot
2026-04-17,2026-04-17T06:12:12Z,David Fix,1624T,3,21.0,atp_daily_snapshot
2026-04-17,2026-04-17T06:12:12Z,Arthur Laborde,1624T,3,21.0,atp_daily_snapshot
2026-04-17,2026-04-17T06:12:12Z,Matteo Lavizzari,1624T,3,21.0,atp_daily_snapshot
2026-04-17,2026-04-17T06:12:12Z,Zekai Li,1624T,3,26.0,atp_daily_snapshot
2026-04-17,2026-04-17T06:12:12Z,Ashton Mcleod,1624T,3,18.0,atp_daily_snapshot
2026-04-17,2026-04-17T06:12:12Z,Juan Pablo Paz,1624T,3,31.0,atp_daily_snapshot
2026-04-17,2026-04-17T06:12:12Z,Aristarkh Safonov,1624T,3,23.0,atp_daily_snapshot
2026-04-17,2026-04-17T06:12:12Z,Benoit Torcq,1624T,3,20.0,atp_daily_snapshot
2026-04-17,2026-04-17T06:12:12Z,P. Alvarado,1634T,3,,atp_daily_snapshot
2026-04-17,2026-04-17T06:12:12Z,A. Kunitsyn,1634T,3,,atp_daily_snapshot
2026-04-17,2026-04-17T06:12:12Z,Z. Nurlanuly,1634T,3,,atp_daily_snapshot
2026-04-17,2026-04-17T06:12:12Z,Patricio Alvarado,1634T,3,36.0,atp_daily_snapshot
2026-04-17,2026-04-17T06:12:12Z,Andrei Kunitsyn,1634T,3,21.0,atp_daily_snapshot
2026-04-17,2026-04-17T06:12:12Z,Zangar Nurlanuly,1634T,3,17.0,atp_daily_snapshot
2026-04-17,2026-04-17T06:12:12Z,J. Bianchi,1637T,3,,atp_daily_snapshot
2026-04-17,2026-04-17T06:12:12Z,V. Gurenko,1637T,3,,atp_daily_snapshot
2026-04-17,2026-04-17T06:12:12Z,C. Holder,1637T,3,,atp_daily_snapshot
2026-04-17,2026-04-17T06:12:12Z,C. Hou,1637T,3,,atp_daily_snapshot
2026-04-17,2026-04-17T06:12:12Z,S. Kamendje,1637T,3,,atp_daily_snapshot
2026-04-17,2026-04-17T06:12:12Z,A. M'Chich,1637T,3,,atp_daily_snapshot
2026-04-17,2026-04-17T06:12:12Z,M. Nannelli,1637T,3,,atp_daily_snapshot
2026-04-17,2026-04-17T06:12:12Z,G. Schinteie,1637T,3,,atp_daily_snapshot
2026-04-17,2026-04-17T06:12:12Z,Juan Jose Bianchi,1637T,3,25.0,atp_daily_snapshot
2026-04-17,2026-04-17T06:12:12Z,Volodymyr Gurenko,1637T,3,18.0,atp_daily_snapshot
2026-04-17,2026-04-17T06:12:12Z,Carl Holder,1637T,3,19.0,atp_daily_snapshot
2026-04-17,2026-04-17T06:12:12Z,Chun-Chien Hou,1637T,3,20.0,atp_daily_snapshot
2026-04-17,2026-04-17T06:12:12Z,Stephane Pierre-Jo Kamendje,1637T,3,19.0,atp_daily_snapshot
2026-04-17,2026-04-17T06:12:12Z,Andrea M'Chich,1637T,3,20.0,atp_daily_snapshot
2026-04-17,2026-04-17T06:12:12Z,Mattia Nannelli,1637T,3,21.0,atp_daily_snapshot
2026-04-17,2026-04-17T06:12:12Z,Gheorghe Claudiu Schinteie,1637T,3,24.0,atp_daily_snapshot
2026-04-17,2026-04-17T06:12:12Z,D. Domingos,1645T,3,,atp_daily_snapshot
2026-04-17,2026-04-17T06:12:12Z,M. Kamath,1645T,3,,atp_daily_snapshot
2026-04-17,2026-04-17T06:12:12Z,Daniel Domingos,1645T,3,18.0,atp_daily_snapshot
2026-04-17,2026-04-17T06:12:12Z,Madhwin Kamath,1645T,3,24.0,atp_daily_snapshot
2026-04-17,2026-04-17T06:12:12Z,A. Pisaric,1647T,3,,atp_daily_snapshot
2026-04-17,2026-04-17T06:12:12Z,B. Sengul,1647T,3,,atp_daily_snapshot
2026-04-17,2026-04-17T06:12:12Z,Aleksa Pisaric,1647T,3,20.0,atp_daily_snapshot
2026-04-17,2026-04-17T06:12:12Z,Bora Sengul,1647T,3,24.0,atp_daily_snapshot
2026-04-17,2026-04-17T06:12:12Z,Darrshan Suresh,1647T,3,25.0,atp_daily_snapshot
2026-04-17,2026-04-17T06:12:12Z,G. Gruenig,1650T,3,,atp_daily_snapshot
2026-04-17,2026-04-17T06:12:12Z,J. Gundacker,1650T,3,,atp_daily_snapshot
2026-04-17,2026-04-17T06:12:12Z,N. Karma,1650T,3,,atp_daily_snapshot
2026-04-17,2026-04-17T06:12:12Z,A. Peiro Serrano,1650T,3,,atp_daily_snapshot
2026-04-17,2026-04-17T06:12:12Z,T. Sickenberger,1650T,3,,atp_daily_snapshot
2026-04-17,2026-04-17T06:12:12Z,F. Valle,1650T,3,,atp_daily_snapshot
2026-04-17,2026-04-17T06:12:12Z,Gian Gruenig,1650T,3,26.0,atp_daily_snapshot
2026-04-17,2026-04-17T06:12:12Z,Jonas Gundacker,1650T,3,23.0,atp_daily_snapshot
2026-04-17,2026-04-17T06:12:12Z,Noah Karma,1650T,3,18.0,atp_daily_snapshot
2026-04-17,2026-04-17T06:12:12Z,Alvaro Peiro Serrano,1650T,3,22.0,atp_daily_snapshot
2026-04-17,2026-04-17T06:12:12Z,Tom Sickenberger,1650T,3,19.0,atp_daily_snapshot
2026-04-17,2026-04-17T06:12:12Z,Federico Valle,1650T,3,26.0,atp_daily_snapshot
2026-04-17,2026-04-17T06:12:12Z,B. Gusic - Wan,1656T,3,,atp_daily_snapshot
2026-04-17,2026-04-17T06:12:12Z,D. Van Orderlain,1656T,3,,atp_daily_snapshot
2026-04-17,2026-04-17T06:12:12Z,Benjamin Gusic - Wan,1656T,3,18.0,atp_daily_snapshot
2026-04-17,2026-04-17T06:12:12Z,Drew Van Orderlain,1656T,3,31.0,atp_daily_snapshot
2026-04-17,2026-04-17T06:12:12Z,T. Genier,1658T,3,,atp_daily_snapshot
2026-04-17,2026-04-17T06:12:12Z,B. Hannestad,1658T,3,,atp_daily_snapshot
2026-04-17,2026-04-17T06:12:12Z,H. Huang,1658T,3,,atp_daily_snapshot
2026-04-17,2026-04-17T06:12:12Z,D. Kopilevich,1658T,3,,atp_daily_snapshot
2026-04-17,2026-04-17T06:12:12Z,Z. Sun,1658T,3,,atp_daily_snapshot
2026-04-17,2026-04-17T06:12:12Z,Tanguy Genier,1658T,3,28.0,atp_daily_snapshot
2026-04-17,2026-04-17T06:12:12Z,Benjamin Hannestad,1658T,3,29.0,atp_daily_snapshot
2026-04-17,2026-04-17T06:12:12Z,Haoyuan Huang,1658T,3,23.0,atp_daily_snapshot
2026-04-17,2026-04-17T06:12:12Z,Dmitry Kopilevich,1658T,3,19.0,atp_daily_snapshot
2026-04-17,2026-04-17T06:12:12Z,Zhengyu Sun,1658T,3,19.0,atp_daily_snapshot
2026-04-17,2026-04-17T06:12:12Z,F. Ferrari,1663,3,,atp_daily_snapshot
2026-04-17,2026-04-17T06:12:12Z,Francesco Ferrari,1663,3,28.0,atp_daily_snapshot
2026-04-17,2026-04-17T06:12:12Z,Y. Hongyu,1664T,3,,atp_daily_snapshot
2026-04-17,2026-04-17T06:12:12Z,A. Lopez Escribano,1664T,3,,atp_daily_snapshot
2026-04-17,2026-04-17T06:12:12Z,Ye Hongyu,1664T,3,21.0,atp_daily_snapshot
2026-04-17,2026-04-17T06:12:12Z,Alejandro Lopez Escribano,1664T,3,19.0,atp_daily_snapshot
2026-04-17,2026-04-17T06:12:12Z,P. Tailleu,1666,3,,atp_daily_snapshot
2026-04-17,2026-04-17T06:12:12Z,Pierre Antoine Tailleu,1666,3,22.0,atp_daily_snapshot
2026-04-17,2026-04-17T06:12:12Z,Z. Dong,1667,3,,atp_daily_snapshot
2026-04-17,2026-04-17T06:12:12Z,Zhenxiong Dong,1667,3,27.0,atp_daily_snapshot
2026-04-17,2026-04-17T06:12:12Z,G. Saritas,1668,3,,atp_daily_snapshot
2026-04-17,2026-04-17T06:12:12Z,Gokberk Saritas,1668,3,22.0,atp_daily_snapshot
2026-04-17,2026-04-17T06:12:12Z,L. Bataljin,1669,3,,atp_daily_snapshot
2026-04-17,2026-04-17T06:12:12Z,Lawrence Bataljin,1669,3,29.0,atp_daily_snapshot
2026-04-17,2026-04-17T06:12:12Z,A. Almasi,1670T,2,,atp_daily_snapshot
2026-04-17,2026-04-17T06:12:12Z,D. Bakonyi,1670T,2,,atp_daily_snapshot
2026-04-17,2026-04-17T06:12:12Z,C. Christensen,1670T,2,,atp_daily_snapshot
2026-04-17,2026-04-17T06:12:12Z,V. Conte,1670T,2,,atp_daily_snapshot
2026-04-17,2026-04-17T06:12:12Z,C. Doig,1670T,2,,atp_daily_snapshot
2026-04-17,2026-04-17T06:12:12Z,J. Leach,1670T,2,,atp_daily_snapshot
2026-04-17,2026-04-17T06:12:12Z,I. Liutarevich,1670T,2,,atp_daily_snapshot
2026-04-17,2026-04-17T06:12:12Z,P. Manzano Lapuerta,1670T,2,,atp_daily_snapshot
2026-04-17,2026-04-17T06:12:12Z,M. Milosavljevic,1670T,2,,atp_daily_snapshot
2026-04-17,2026-04-17T06:12:12Z,D. Munoz,1670T,2,,atp_daily_snapshot
2026-04-17,2026-04-17T06:12:12Z,I. Novo,1670T,2,,atp_daily_snapshot
2026-04-17,2026-04-17T06:12:12Z,B. Pujol Navarro,1670T,2,,atp_daily_snapshot
2026-04-17,2026-04-17T06:12:12Z,C. Rodriguez,1670T,2,,atp_daily_snapshot
2026-04-17,2026-04-17T06:12:12Z,O. Solis Encinas,1670T,2,,atp_daily_snapshot
2026-04-17,2026-04-17T06:12:12Z,S. Watanabe,1670T,2,,atp_daily_snapshot
2026-04-17,2026-04-17T06:12:12Z,M. Welte,1670T,2,,atp_daily_snapshot
2026-04-17,2026-04-17T06:12:12Z,T. Zurmendi,1670T,2,,atp_daily_snapshot
2026-04-17,2026-04-17T06:12:12Z,Alfred Almasi,1670T,2,22.0,atp_daily_snapshot
2026-04-17,2026-04-17T06:12:12Z,David Bakonyi,1670T,2,19.0,atp_daily_snapshot
2026-04-17,2026-04-17T06:12:12Z,Casper Christensen,1670T,2,23.0,atp_daily_snapshot
2026-04-17,2026-04-17T06:12:12Z,Valentino Conte,1670T,2,21.0,atp_daily_snapshot
2026-04-17,2026-04-17T06:12:12Z,Connor Doig,1670T,2,18.0,atp_daily_snapshot
2026-04-17,2026-04-17T06:12:12Z,Jagger Leach,1670T,2,18.0,atp_daily_snapshot
2026-04-17,2026-04-17T06:12:12Z,Ivan Liutarevich,1670T,2,30.0,atp_daily_snapshot
2026-04-17,2026-04-17T06:12:12Z,Pablo Manzano Lapuerta,1670T,2,24.0,atp_daily_snapshot
2026-04-17,2026-04-17T06:12:12Z,Marko Milosavljevic,1670T,2,19.0,atp_daily_snapshot
2026-04-17,2026-04-17T06:12:12Z,Diego Munoz,1670T,2,20.0,atp_daily_snapshot
2026-04-17,2026-04-17T06:12:12Z,Ignacio Novo,1670T,2,25.0,atp_daily_snapshot
2026-04-17,2026-04-17T06:12:12Z,Bruno Pujol Navarro,1670T,2,24.0,atp_daily_snapshot
2026-04-17,2026-04-17T06:12:12Z,Cristian Rodriguez,1670T,2,35.0,atp_daily_snapshot
2026-04-17,2026-04-17T06:12:12Z,Oliver Andre Solis Encinas,1670T,2,17.0,atp_daily_snapshot
2026-04-17,2026-04-17T06:12:12Z,Seita Watanabe,1670T,2,25.0,atp_daily_snapshot
2026-04-17,2026-04-17T06:12:12Z,Milan Welte,1670T,2,24.0,atp_daily_snapshot
2026-04-17,2026-04-17T06:12:12Z,Tomas Zurmendi,1670T,2,17.0,atp_daily_snapshot
2026-04-17,2026-04-17T06:12:12Z,B. Blaydes,1687T,2,,atp_daily_snapshot
2026-04-17,2026-04-17T06:12:12Z,N. Filin,1687T,2,,atp_daily_snapshot
2026-04-17,2026-04-17T06:12:12Z,E. Gonzalez,1687T,2,,atp_daily_snapshot
2026-04-17,2026-04-17T06:12:12Z,S. Hernandez Ramirez,1687T,2,,atp_daily_snapshot
2026-04-17,2026-04-17T06:12:12Z,S. Jayaraman,1687T,2,,atp_daily_snapshot
2026-04-17,2026-04-17T06:12:12Z,M. Kalovelonis,1687T,2,,atp_daily_snapshot
2026-04-17,2026-04-17T06:12:12Z,M. Latak,1687T,2,,atp_daily_snapshot
2026-04-17,2026-04-17T06:12:12Z,L. Lestir,1687T,2,,atp_daily_snapshot
2026-04-17,2026-04-17T06:12:12Z,M. Mansilla Diez,1687T,2,,atp_daily_snapshot
2026-04-17,2026-04-17T06:12:12Z,N. Niedner,1687T,2,,atp_daily_snapshot
2026-04-17,2026-04-17T06:12:12Z,H. Ortenblad Nogueira,1687T,2,,atp_daily_snapshot
2026-04-17,2026-04-17T06:12:12Z,J. Satterfield,1687T,2,,atp_daily_snapshot
2026-04-17,2026-04-17T06:12:12Z,M. Sheldon,1687T,2,,atp_daily_snapshot
2026-04-17,2026-04-17T06:12:12Z,V. Tonejc,1687T,2,,atp_daily_snapshot
2026-04-17,2026-04-17T06:12:12Z,B. Wiger Nordas,1687T,2,,atp_daily_snapshot
2026-04-17,2026-04-17T06:12:12Z,Billy Blaydes,1687T,2,22.0,atp_daily_snapshot
2026-04-17,2026-04-17T06:12:12Z,Nikita Samuel Filin,1687T,2,19.0,atp_daily_snapshot
2026-04-17,2026-04-17T06:12:12Z,Eudald Gonzalez,1687T,2,17.0,atp_daily_snapshot
2026-04-17,2026-04-17T06:12:12Z,Sergio Luis Hernandez Ramirez,1687T,2,26.0,atp_daily_snapshot
2026-04-17,2026-04-17T06:12:12Z,Saahith Jayaraman,1687T,2,20.0,atp_daily_snapshot
2026-04-17,2026-04-17T06:12:12Z,Markos Kalovelonis,1687T,2,31.0,atp_daily_snapshot
2026-04-17,2026-04-17T06:12:12Z,Marcel Latak,1687T,2,17.0,atp_daily_snapshot
2026-04-17,2026-04-17T06:12:12Z,Loan Lestir,1687T,2,20.0,atp_daily_snapshot
2026-04-17,2026-04-17T06:12:12Z,Mario Mansilla Diez,1687T,2,23.0,atp_daily_snapshot
2026-04-17,2026-04-17T06:12:12Z,Neo Niedner,1687T,2,22.0,atp_daily_snapshot
2026-04-17,2026-04-17T06:12:12Z,Henrique Ortenblad Nogueira,1687T,2,23.0,atp_daily_snapshot
2026-04-17,2026-04-17T06:12:12Z,Jack Satterfield,1687T,2,18.0,atp_daily_snapshot
2026-04-17,2026-04-17T06:12:12Z,Max Sheldon,1687T,2,22.0,atp_daily_snapshot
2026-04-17,2026-04-17T06:12:12Z,Vito Tonejc,1687T,2,26.0,atp_daily_snapshot
2026-04-17,2026-04-17T06:12:12Z,Baltazar Wiger Nordas,1687T,2,22.0,atp_daily_snapshot
2026-04-17,2026-04-17T06:12:12Z,B. Berenz,1702T,2,,atp_daily_snapshot
2026-04-17,2026-04-17T06:12:12Z,B. Chelía,1702T,2,,atp_daily_snapshot
2026-04-17,2026-04-17T06:12:12Z,I. De Armas,1702T,2,,atp_daily_snapshot
2026-04-17,2026-04-17T06:12:12Z,D. Duran,1702T,2,,atp_daily_snapshot
2026-04-17,2026-04-17T06:12:12Z,P. Jovanovic,1702T,2,,atp_daily_snapshot
2026-04-17,2026-04-17T06:12:12Z,V. Kalina,1702T,2,,atp_daily_snapshot
2026-04-17,2026-04-17T06:12:12Z,M. Ko,1702T,2,,atp_daily_snapshot
2026-04-17,2026-04-17T06:12:12Z,O. Lacides,1702T,2,,atp_daily_snapshot
2026-04-17,2026-04-17T06:12:12Z,I. Marchenko,1702T,2,,atp_daily_snapshot
2026-04-17,2026-04-17T06:12:12Z,Y. Shyla,1702T,2,,atp_daily_snapshot
2026-04-17,2026-04-17T06:12:12Z,L. Sloboda,1702T,2,,atp_daily_snapshot
2026-04-17,2026-04-17T06:12:12Z,B. Vitter,1702T,2,,atp_daily_snapshot
2026-04-17,2026-04-17T06:12:12Z,N. Volonski,1702T,2,,atp_daily_snapshot
2026-04-17,2026-04-17T06:12:12Z,A. Wright,1702T,2,,atp_daily_snapshot
2026-04-17,2026-04-17T06:12:12Z,Bastian Berenz,1702T,2,17.0,atp_daily_snapshot
2026-04-17,2026-04-17T06:12:12Z,Benjamin Chelía,1702T,2,17.0,atp_daily_snapshot
2026-04-17,2026-04-17T06:12:12Z,Ignacio De Armas,1702T,2,17.0,atp_daily_snapshot
2026-04-17,2026-04-17T06:12:12Z,Diego Duran,1702T,2,21.0,atp_daily_snapshot
2026-04-17,2026-04-17T06:12:12Z,Petar Jovanovic,1702T,2,22.0,atp_daily_snapshot
2026-04-17,2026-04-17T06:12:12Z,Vit Kalina,1702T,2,20.0,atp_daily_snapshot
2026-04-17,2026-04-17T06:12:12Z,Min Ho Ko,1702T,2,18.0,atp_daily_snapshot
2026-04-17,2026-04-17T06:12:12Z,Oscar Lacides,1702T,2,21.0,atp_daily_snapshot
2026-04-17,2026-04-17T06:12:12Z,Illya Marchenko,1702T,2,38.0,atp_daily_snapshot
2026-04-17,2026-04-17T06:12:12Z,Yaraslav Shyla,1702T,2,33.0,atp_daily_snapshot
2026-04-17,2026-04-17T06:12:12Z,Leon Sloboda,1702T,2,17.0,atp_daily_snapshot
2026-04-17,2026-04-17T06:12:12Z,Benjamin Vitter,1702T,2,23.0,atp_daily_snapshot
2026-04-17,2026-04-17T06:12:12Z,Nikita Volonski,1702T,2,24.0,atp_daily_snapshot
2026-04-17,2026-04-17T06:12:12Z,Anthony Wright,1702T,2,21.0,atp_daily_snapshot
2026-04-17,2026-04-17T06:12:12Z,K. Bonsach Ganley,1716T,2,,atp_daily_snapshot
2026-04-17,2026-04-17T06:12:12Z,A. Caruso,1716T,2,,atp_daily_snapshot
2026-04-17,2026-04-17T06:12:12Z,O. Horak,1716T,2,,atp_daily_snapshot
2026-04-17,2026-04-17T06:12:12Z,E. Jorquera,1716T,2,,atp_daily_snapshot
2026-04-17,2026-04-17T06:12:12Z,H. Kawanishi,1716T,2,,atp_daily_snapshot
2026-04-17,2026-04-17T06:12:12Z,H. Koay,1716T,2,,atp_daily_snapshot
2026-04-17,2026-04-17T06:12:12Z,L. Lagerbohm,1716T,2,,atp_daily_snapshot
2026-04-17,2026-04-17T06:12:12Z,A. Nordquist,1716T,2,,atp_daily_snapshot
2026-04-17,2026-04-17T06:12:12Z,S. Pesino,1716T,2,,atp_daily_snapshot
2026-04-17,2026-04-17T06:12:12Z,P. Photiades,1716T,2,,atp_daily_snapshot
2026-04-17,2026-04-17T06:12:12Z,E. Stephenson,1716T,2,,atp_daily_snapshot
2026-04-17,2026-04-17T06:12:12Z,Kane Bonsach Ganley,1716T,2,21.0,atp_daily_snapshot
2026-04-17,2026-04-17T06:12:12Z,Antonio Caruso,1716T,2,26.0,atp_daily_snapshot
2026-04-17,2026-04-17T06:12:12Z,Ondrej Horak,1716T,2,23.0,atp_daily_snapshot
2026-04-17,2026-04-17T06:12:12Z,Emiliano Jorquera,1716T,2,22.0,atp_daily_snapshot
2026-04-17,2026-04-17T06:12:12Z,Hyu Kawanishi,1716T,2,17.0,atp_daily_snapshot
2026-04-17,2026-04-17T06:12:12Z,Hao Sheng Koay,1716T,2,27.0,atp_daily_snapshot
2026-04-17,2026-04-17T06:12:12Z,Linus Lagerbohm,1716T,2,18.0,atp_daily_snapshot
2026-04-17,2026-04-17T06:12:12Z,Arvid Nordquist,1716T,2,27.0,atp_daily_snapshot
2026-04-17,2026-04-17T06:12:12Z,Santiago Pesino,1716T,2,19.0,atp_daily_snapshot
2026-04-17,2026-04-17T06:12:12Z,Photos Photiades,1716T,2,22.0,atp_daily_snapshot
2026-04-17,2026-04-17T06:12:12Z,Eli Stephenson,1716T,2,21.0,atp_daily_snapshot
2026-04-17,2026-04-17T06:12:12Z,V. Bazilevskiy,1727T,2,,atp_daily_snapshot
2026-04-17,2026-04-17T06:12:12Z,T. Chavez,1727T,2,,atp_daily_snapshot
2026-04-17,2026-04-17T06:12:12Z,A. Delgadillo,1727T,2,,atp_daily_snapshot
2026-04-17,2026-04-17T06:12:12Z,T. Fancutt,1727T,2,,atp_daily_snapshot
2026-04-17,2026-04-17T06:12:12Z,F. Geschwind,1727T,2,,atp_daily_snapshot
2026-04-17,2026-04-17T06:12:12Z,T. Grandinetti,1727T,2,,atp_daily_snapshot
2026-04-17,2026-04-17T06:12:12Z,F. Guarducci,1727T,2,,atp_daily_snapshot
2026-04-17,2026-04-17T06:12:12Z,Y. Jeong,1727T,2,,atp_daily_snapshot
2026-04-17,2026-04-17T06:12:12Z,B. Kisantal,1727T,2,,atp_daily_snapshot
2026-04-17,2026-04-17T06:12:12Z,N. Koizumi,1727T,2,,atp_daily_snapshot
2026-04-17,2026-04-17T06:12:12Z,B. Kumaran,1727T,2,,atp_daily_snapshot
2026-04-17,2026-04-17T06:12:12Z,E. Lagarde,1727T,2,,atp_daily_snapshot
2026-04-17,2026-04-17T06:12:12Z,L. Lane,1727T,2,,atp_daily_snapshot
2026-04-17,2026-04-17T06:12:12Z,S. Mansouri,1727T,2,,atp_daily_snapshot
2026-04-17,2026-04-17T06:12:12Z,P. Michnev,1727T,2,,atp_daily_snapshot
2026-04-17,2026-04-17T06:12:12Z,D. Morais,1727T,2,,atp_daily_snapshot
2026-04-17,2026-04-17T06:12:12Z,V. Ovchinnikov,1727T,2,,atp_daily_snapshot
2026-04-17,2026-04-17T06:12:12Z,B. Reinhard,1727T,2,,atp_daily_snapshot
2026-04-17,2026-04-17T06:12:12Z,M. Rocens,1727T,2,,atp_daily_snapshot
2026-04-17,2026-04-17T06:12:12Z,N. Senn,1727T,2,,atp_daily_snapshot
2026-04-17,2026-04-17T06:12:12Z,M. Statham,1727T,2,,atp_daily_snapshot
2026-04-17,2026-04-17T06:12:12Z,J. Trainauskas,1727T,2,,atp_daily_snapshot
2026-04-17,2026-04-17T06:12:12Z,I. Urribarrens Ramirez,1727T,2,,atp_daily_snapshot
2026-04-17,2026-04-17T06:12:12Z,C. Wedel,1727T,2,,atp_daily_snapshot
2026-04-17,2026-04-17T06:12:12Z,Vladimir Bazilevskiy,1727T,2,20.0,atp_daily_snapshot
2026-04-17,2026-04-17T06:12:12Z,Tito Chavez,1727T,2,18.0,atp_daily_snapshot
2026-04-17,2026-04-17T06:12:12Z,Andres Delgadillo,1727T,2,19.0,atp_daily_snapshot
2026-04-17,2026-04-17T06:12:12Z,Thomas Fancutt,1727T,2,31.0,atp_daily_snapshot
2026-04-17,2026-04-17T06:12:12Z,Francisco Tomas Geschwind,1727T,2,23.0,atp_daily_snapshot
2026-04-17,2026-04-17T06:12:12Z,Tobia Grandinetti,1727T,2,22.0,atp_daily_snapshot
2026-04-17,2026-04-17T06:12:12Z,Federico Guarducci,1727T,2,22.0,atp_daily_snapshot
2026-04-17,2026-04-17T06:12:12Z,Yeong-Seok Jeong,1727T,2,26.0,atp_daily_snapshot
2026-04-17,2026-04-17T06:12:12Z,Botond Kisantal,1727T,2,20.0,atp_daily_snapshot
2026-04-17,2026-04-17T06:12:12Z,Noritaka Koizumi,1727T,2,22.0,atp_daily_snapshot
2026-04-17,2026-04-17T06:12:12Z,Bharath Nishok Kumaran,1727T,2,28.0,atp_daily_snapshot
2026-04-17,2026-04-17T06:12:12Z,Espen Lagarde,1727T,2,24.0,atp_daily_snapshot
2026-04-17,2026-04-17T06:12:12Z,Lewie Lane,1727T,2,25.0,atp_daily_snapshot
2026-04-17,2026-04-17T06:12:12Z,Skander Mansouri,1727T,2,30.0,atp_daily_snapshot
2026-04-17,2026-04-17T06:12:12Z,Petr Michnev,1727T,2,36.0,atp_daily_snapshot
2026-04-17,2026-04-17T06:12:12Z,Diogo Morais,1727T,2,21.0,atp_daily_snapshot
2026-04-17,2026-04-17T06:12:12Z,Viacheslav Ovchinnikov,1727T,2,23.0,atp_daily_snapshot
2026-04-17,2026-04-17T06:12:12Z,Bengt Johan Reinhard,1727T,2,19.0,atp_daily_snapshot
2026-04-17,2026-04-17T06:12:12Z,Martins Rocens,1727T,2,26.0,atp_daily_snapshot
2026-04-17,2026-04-17T06:12:12Z,Nicola Senn,1727T,2,21.0,atp_daily_snapshot
2026-04-17,2026-04-17T06:12:12Z,Mikal Statham,1727T,2,38.0,atp_daily_snapshot
2026-04-17,2026-04-17T06:12:12Z,Justas Trainauskas,1727T,2,24.0,atp_daily_snapshot
2026-04-17,2026-04-17T06:12:12Z,Iker Urribarrens Ramirez,1727T,2,22.0,atp_daily_snapshot
2026-04-17,2026-04-17T06:12:12Z,Christian Wedel,1727T,2,25.0,atp_daily_snapshot
2026-04-17,2026-04-17T06:12:12Z,L. Berto,1751T,2,,atp_daily_snapshot
2026-04-17,2026-04-17T06:12:12Z,R. Horiuchi,1751T,2,,atp_daily_snapshot
2026-04-17,2026-04-17T06:12:12Z,A. Jones,1751T,2,,atp_daily_snapshot
2026-04-17,2026-04-17T06:12:12Z,Lorenzo Berto,1751T,2,18.0,atp_daily_snapshot
2026-04-17,2026-04-17T06:12:12Z,Ryusuke Horiuchi,1751T,2,27.0,atp_daily_snapshot
2026-04-17,2026-04-17T06:12:12Z,Alex Jones,1751T,2,27.0,atp_daily_snapshot
2026-04-17,2026-04-17T06:12:12Z,Benjamin Perez,1751T,2,16.0,atp_daily_snapshot
2026-04-17,2026-04-17T06:12:12Z,D. Amarandei,1755T,2,,atp_daily_snapshot
2026-04-17,2026-04-17T06:12:12Z,S. Bangoura,1755T,2,,atp_daily_snapshot
2026-04-17,2026-04-17T06:12:12Z,E. Burnett,1755T,2,,atp_daily_snapshot
2026-04-17,2026-04-17T06:12:12Z,H. Cardinaud,1755T,2,,atp_daily_snapshot
2026-04-17,2026-04-17T06:12:12Z,L. Couturier,1755T,2,,atp_daily_snapshot
2026-04-17,2026-04-17T06:12:12Z,M. Dedura-Palomero,1755T,2,,atp_daily_snapshot
2026-04-17,2026-04-17T06:12:12Z,N. Djukic Valera,1755T,2,,atp_daily_snapshot
2026-04-17,2026-04-17T06:12:12Z,H. Escurra Isnardi,1755T,2,,atp_daily_snapshot
2026-04-17,2026-04-17T06:12:12Z,J. Fuentes Vasquez,1755T,2,,atp_daily_snapshot
2026-04-17,2026-04-17T06:12:12Z,O. Jansson,1755T,2,,atp_daily_snapshot
2026-04-17,2026-04-17T06:12:12Z,A. Kalender,1755T,2,,atp_daily_snapshot
2026-04-17,2026-04-17T06:12:12Z,J. Kroslak,1755T,2,,atp_daily_snapshot
2026-04-17,2026-04-17T06:12:12Z,H. Lieberman,1755T,2,,atp_daily_snapshot
2026-04-17,2026-04-17T06:12:12Z,S. Massellani,1755T,2,,atp_daily_snapshot
2026-04-17,2026-04-17T06:12:12Z,C. Meng,1755T,2,,atp_daily_snapshot
2026-04-17,2026-04-17T06:12:12Z,A. Mihailovic,1755T,2,,atp_daily_snapshot
2026-04-17,2026-04-17T06:12:12Z,N. Schlagenhauf,1755T,2,,atp_daily_snapshot
2026-04-17,2026-04-17T06:12:12Z,D. Shirokyi,1755T,2,,atp_daily_snapshot
2026-04-17,2026-04-17T06:12:12Z,Y. Tanaka,1755T,2,,atp_daily_snapshot
2026-04-17,2026-04-17T06:12:12Z,K. Vakili,1755T,2,,atp_daily_snapshot
2026-04-17,2026-04-17T06:12:12Z,I. Zimmermann,1755T,2,,atp_daily_snapshot
2026-04-17,2026-04-17T06:12:12Z,Daniel Aleksandar Amarandei,1755T,2,18.0,atp_daily_snapshot
2026-04-17,2026-04-17T06:12:12Z,Sekou Bangoura,1755T,2,34.0,atp_daily_snapshot
2026-04-17,2026-04-17T06:12:12Z,Evan Burnett,1755T,2,20.0,atp_daily_snapshot
2026-04-17,2026-04-17T06:12:12Z,Hugo Cardinaud,1755T,2,22.0,atp_daily_snapshot
2026-04-17,2026-04-17T06:12:12Z,Lenny Couturier,1755T,2,17.0,atp_daily_snapshot
2026-04-17,2026-04-17T06:12:12Z,Mariano Dedura-Palomero,1755T,2,20.0,atp_daily_snapshot
2026-04-17,2026-04-17T06:12:12Z,Nikola Djukic Valera,1755T,2,23.0,atp_daily_snapshot
2026-04-17,2026-04-17T06:12:12Z,Hernando Jose Escurra Isnardi,1755T,2,28.0,atp_daily_snapshot
2026-04-17,2026-04-17T06:12:12Z,Juan Carlos Fuentes Vasquez,1755T,2,20.0,atp_daily_snapshot
2026-04-17,2026-04-17T06:12:12Z,Oskar Jansson,1755T,2,21.0,atp_daily_snapshot
2026-04-17,2026-04-17T06:12:12Z,Admir Kalender,1755T,2,25.0,atp_daily_snapshot
2026-04-17,2026-04-17T06:12:12Z,Jakub Kroslak,1755T,2,22.0,atp_daily_snapshot
2026-04-17,2026-04-17T06:12:12Z,Henry Lieberman,1755T,2,25.0,atp_daily_snapshot
2026-04-17,2026-04-17T06:12:12Z,Simone Massellani,1755T,2,18.0,atp_daily_snapshot
2026-04-17,2026-04-17T06:12:12Z,Cing-Yang Meng,1755T,2,27.0,atp_daily_snapshot
2026-04-17,2026-04-17T06:12:12Z,Aleksandar Mihailovic,1755T,2,23.0,atp_daily_snapshot
2026-04-17,2026-04-17T06:12:12Z,Noah Schlagenhauf,1755T,2,23.0,atp_daily_snapshot
2026-04-17,2026-04-17T06:12:12Z,Dmytro Shirokyi,1755T,2,19.0,atp_daily_snapshot
2026-04-17,2026-04-17T06:12:12Z,Yu Tanaka,1755T,2,22.0,atp_daily_snapshot
2026-04-17,2026-04-17T06:12:12Z,Kian Vakili,1755T,2,22.0,atp_daily_snapshot
2026-04-17,2026-04-17T06:12:12Z,Ilias Zimmermann,1755T,2,25.0,atp_daily_snapshot
2026-04-17,2026-04-17T06:12:12Z,J. Gaines Jr,1776T,2,,atp_daily_snapshot
2026-04-17,2026-04-17T06:12:12Z,M. Mikovic,1776T,2,,atp_daily_snapshot
2026-04-17,2026-04-17T06:12:12Z,Jerrid Gaines Jr,1776T,2,16.0,atp_daily_snapshot
2026-04-17,2026-04-17T06:12:12Z,Mak Mikovic,1776T,2,19.0,atp_daily_snapshot
2026-04-17,2026-04-17T06:12:12Z,L. Angeloni,1778T,2,,atp_daily_snapshot
2026-04-17,2026-04-17T06:12:12Z,B. Bobrov,1778T,2,,atp_daily_snapshot
2026-04-17,2026-04-17T06:12:12Z,P. De Almeida Santos,1778T,2,,atp_daily_snapshot
2026-04-17,2026-04-17T06:12:12Z,I. Dreycopp,1778T,2,,atp_daily_snapshot
2026-04-17,2026-04-17T06:12:12Z,H. El Amine,1778T,2,,atp_daily_snapshot
2026-04-17,2026-04-17T06:12:12Z,S. Heisnam,1778T,2,,atp_daily_snapshot
2026-04-17,2026-04-17T06:12:12Z,P. Homola,1778T,2,,atp_daily_snapshot
2026-04-17,2026-04-17T06:12:12Z,M. Kleiman,1778T,2,,atp_daily_snapshot
2026-04-17,2026-04-17T06:12:12Z,J. Leroux,1778T,2,,atp_daily_snapshot
2026-04-17,2026-04-17T06:12:12Z,J. Luo,1778T,2,,atp_daily_snapshot
2026-04-17,2026-04-17T06:12:12Z,D. Ortiz Gamonsl,1778T,2,,atp_daily_snapshot
2026-04-17,2026-04-17T06:12:12Z,H. Ouzilou,1778T,2,,atp_daily_snapshot
2026-04-17,2026-04-17T06:12:12Z,M. Park,1778T,2,,atp_daily_snapshot
2026-04-17,2026-04-17T06:12:12Z,J. Penzlin,1778T,2,,atp_daily_snapshot
2026-04-17,2026-04-17T06:12:12Z,S. Petre,1778T,2,,atp_daily_snapshot
2026-04-17,2026-04-17T06:12:12Z,D. Petrovic,1778T,2,,atp_daily_snapshot
2026-04-17,2026-04-17T06:12:12Z,R. Postolka,1778T,2,,atp_daily_snapshot
2026-04-17,2026-04-17T06:12:12Z,Y. Taka,1778T,2,,atp_daily_snapshot
2026-04-17,2026-04-17T06:12:12Z,G. Trismuwantara,1778T,2,,atp_daily_snapshot
2026-04-17,2026-04-17T06:12:12Z,J. Vesely,1778T,2,,atp_daily_snapshot
2026-04-17,2026-04-17T06:12:12Z,Leonardo Angeloni,1778T,2,21.0,atp_daily_snapshot
2026-04-17,2026-04-17T06:12:12Z,Bogdan Bobrov,1778T,2,28.0,atp_daily_snapshot
2026-04-17,2026-04-17T06:12:12Z,Pedro Andre De Almeida Santos,1778T,2,21.0,atp_daily_snapshot
2026-04-17,2026-04-17T06:12:12Z,Ivan Dreycopp,1778T,2,22.0,atp_daily_snapshot
2026-04-17,2026-04-17T06:12:12Z,Hamza El Amine,1778T,2,22.0,atp_daily_snapshot
2026-04-17,2026-04-17T06:12:12Z,Shanker Heisnam,1778T,2,19.0,atp_daily_snapshot
2026-04-17,2026-04-17T06:12:12Z,Patrik Homola,1778T,2,22.0,atp_daily_snapshot
2026-04-17,2026-04-17T06:12:12Z,Matt Kleiman,1778T,2,24.0,atp_daily_snapshot
2026-04-17,2026-04-17T06:12:12Z,Jules Leroux,1778T,2,20.0,atp_daily_snapshot
2026-04-17,2026-04-17T06:12:12Z,Jun Hao Luo,1778T,2,18.0,atp_daily_snapshot
2026-04-17,2026-04-17T06:12:12Z,Diego Ortiz Gamonsl,1778T,2,22.0,atp_daily_snapshot
2026-04-17,2026-04-17T06:12:12Z,Hugo Ouzilou,1778T,2,22.0,atp_daily_snapshot
2026-04-17,2026-04-17T06:12:12Z,Minjong Park,1778T,2,24.0,atp_daily_snapshot
2026-04-17,2026-04-17T06:12:12Z,Julien Penzlin,1778T,2,23.0,atp_daily_snapshot
2026-04-17,2026-04-17T06:12:12Z,Stefan Ilie Bogdan Petre,1778T,2,17.0,atp_daily_snapshot
2026-04-17,2026-04-17T06:12:12Z,David Petrovic,1778T,2,21.0,atp_daily_snapshot
2026-04-17,2026-04-17T06:12:12Z,Roman Postolka,1778T,2,27.0,atp_daily_snapshot
2026-04-17,2026-04-17T06:12:12Z,Yua Taka,1778T,2,22.0,atp_daily_snapshot
2026-04-17,2026-04-17T06:12:12Z,Gunawan Trismuwantara,1778T,2,23.0,atp_daily_snapshot
2026-04-17,2026-04-17T06:12:12Z,Jiri Vesely,1778T,2,32.0,atp_daily_snapshot
2026-04-17,2026-04-17T06:12:12Z,M. Martinez,1798T,2,,atp_daily_snapshot
2026-04-17,2026-04-17T06:12:12Z,J. Molino,1798T,2,,atp_daily_snapshot
2026-04-17,2026-04-17T06:12:12Z,M. Segura,1798T,2,,atp_daily_snapshot
2026-04-17,2026-04-17T06:12:12Z,Mikel Martinez,1798T,2,25.0,atp_daily_snapshot
2026-04-17,2026-04-17T06:12:12Z,Javier Molino,1798T,2,24.0,atp_daily_snapshot
2026-04-17,2026-04-17T06:12:12Z,Matthew Segura,1798T,2,25.0,atp_daily_snapshot
2026-04-17,2026-04-17T06:12:12Z,L. Aerne,1801T,2,,atp_daily_snapshot
2026-04-17,2026-04-17T06:12:12Z,S. Agostini,1801T,2,,atp_daily_snapshot
2026-04-17,2026-04-17T06:12:12Z,M. Clark,1801T,2,,atp_daily_snapshot
2026-04-17,2026-04-17T06:12:12Z,N. Dayal,1801T,2,,atp_daily_snapshot
2026-04-17,2026-04-17T06:12:12Z,D. Dolzhenkov,1801T,2,,atp_daily_snapshot
2026-04-17,2026-04-17T06:12:12Z,A. Elamin,1801T,2,,atp_daily_snapshot
2026-04-17,2026-04-17T06:12:12Z,F. Fumagalli,1801T,2,,atp_daily_snapshot
2026-04-17,2026-04-17T06:12:12Z,G. Gandolfi,1801T,2,,atp_daily_snapshot
2026-04-17,2026-04-17T06:12:12Z,G. Grumet,1801T,2,,atp_daily_snapshot
2026-04-17,2026-04-17T06:12:12Z,N. Ion,1801T,2,,atp_daily_snapshot
2026-04-17,2026-04-17T06:12:12Z,D. Lara Salmeron,1801T,2,,atp_daily_snapshot
2026-04-17,2026-04-17T06:12:12Z,J. Lenders,1801T,2,,atp_daily_snapshot
2026-04-17,2026-04-17T06:12:12Z,W. Nolan,1801T,2,,atp_daily_snapshot
2026-04-17,2026-04-17T06:12:12Z,A. Nuñez Vera,1801T,2,,atp_daily_snapshot
2026-04-17,2026-04-17T06:12:12Z,K. Pantaratorn,1801T,2,,atp_daily_snapshot
2026-04-17,2026-04-17T06:12:12Z,Y. Sborowsky,1801T,2,,atp_daily_snapshot
2026-04-17,2026-04-17T06:12:12Z,R. Serazhetdinov,1801T,2,,atp_daily_snapshot
2026-04-17,2026-04-17T06:12:12Z,L. Simkiss,1801T,2,,atp_daily_snapshot
2026-04-17,2026-04-17T06:12:12Z,M. Spiering,1801T,2,,atp_daily_snapshot
2026-04-17,2026-04-17T06:12:12Z,E. Talavera Cortes,1801T,2,,atp_daily_snapshot
2026-04-17,2026-04-17T06:12:12Z,B. Yin,1801T,2,,atp_daily_snapshot
2026-04-17,2026-04-17T06:12:12Z,Laurin Aerne,1801T,2,27.0,atp_daily_snapshot
2026-04-17,2026-04-17T06:12:12Z,Simone Agostini,1801T,2,29.0,atp_daily_snapshot
2026-04-17,2026-04-17T06:12:12Z,Miles Clark,1801T,2,26.0,atp_daily_snapshot
2026-04-17,2026-04-17T06:12:12Z,Nav Dayal,1801T,2,18.0,atp_daily_snapshot
2026-04-17,2026-04-17T06:12:12Z,Dmitry Dolzhenkov,1801T,2,21.0,atp_daily_snapshot
2026-04-17,2026-04-17T06:12:12Z,Ammar Elamin,1801T,2,23.0,atp_daily_snapshot
2026-04-17,2026-04-17T06:12:12Z,Filiberto Fumagalli,1801T,2,23.0,atp_daily_snapshot
2026-04-17,2026-04-17T06:12:12Z,Giammarco Gandolfi,1801T,2,22.0,atp_daily_snapshot
2026-04-17,2026-04-17T06:12:12Z,Gus Grumet,1801T,2,18.0,atp_daily_snapshot
2026-04-17,2026-04-17T06:12:12Z,Nicola Ion,1801T,2,21.0,atp_daily_snapshot
2026-04-17,2026-04-17T06:12:12Z,Yeonsu Jeong,1801T,2,18.0,atp_daily_snapshot
2026-04-17,2026-04-17T06:12:12Z,Daniel Lara Salmeron,1801T,2,24.0,atp_daily_snapshot
2026-04-17,2026-04-17T06:12:12Z,Justin Lenders,1801T,2,18.0,atp_daily_snapshot
2026-04-17,2026-04-17T06:12:12Z,William Nolan,1801T,2,22.0,atp_daily_snapshot
2026-04-17,2026-04-17T06:12:12Z,Alex Santino Nuñez Vera,1801T,2,18.0,atp_daily_snapshot
2026-04-17,2026-04-17T06:12:12Z,Kunanan Pantaratorn,1801T,2,17.0,atp_daily_snapshot
2026-04-17,2026-04-17T06:12:12Z,Yoshka Sborowsky,1801T,2,19.0,atp_daily_snapshot
2026-04-17,2026-04-17T06:12:12Z,Ruslan Serazhetdinov,1801T,2,21.0,atp_daily_snapshot
2026-04-17,2026-04-17T06:12:12Z,Luke Simkiss,1801T,2,27.0,atp_daily_snapshot
2026-04-17,2026-04-17T06:12:12Z,Marvin Bernardo Spiering,1801T,2,28.0,atp_daily_snapshot
2026-04-17,2026-04-17T06:12:12Z,Esteban Talavera Cortes,1801T,2,21.0,atp_daily_snapshot
2026-04-17,2026-04-17T06:12:12Z,Bang Shuo Yin,1801T,2,27.0,atp_daily_snapshot
2026-04-17,2026-04-17T06:12:12Z,M. De Boes,1823T,2,,atp_daily_snapshot
2026-04-17,2026-04-17T06:12:12Z,S. Dominguez,1823T,2,,atp_daily_snapshot
2026-04-17,2026-04-17T06:12:12Z,S. Liu,1823T,2,,atp_daily_snapshot
2026-04-17,2026-04-17T06:12:12Z,Maikel De Boes,1823T,2,23.0,atp_daily_snapshot
2026-04-17,2026-04-17T06:12:12Z,Sebastian Dominguez,1823T,2,23.0,atp_daily_snapshot
2026-04-17,2026-04-17T06:12:12Z,Shaoyun Liu,1823T,2,24.0,atp_daily_snapshot
2026-04-17,2026-04-17T06:12:12Z,S. Betov,1826T,2,,atp_daily_snapshot
2026-04-17,2026-04-17T06:12:12Z,D. Bobo,1826T,2,,atp_daily_snapshot
2026-04-17,2026-04-17T06:12:12Z,S. Corbinais,1826T,2,,atp_daily_snapshot
2026-04-17,2026-04-17T06:12:12Z,J. De Jager,1826T,2,,atp_daily_snapshot
2026-04-17,2026-04-17T06:12:12Z,A. Finkelstein,1826T,2,,atp_daily_snapshot
2026-04-17,2026-04-17T06:12:12Z,J. Fradkin,1826T,2,,atp_daily_snapshot
2026-04-17,2026-04-17T06:12:12Z,M. Krivoshchekov,1826T,2,,atp_daily_snapshot
2026-04-17,2026-04-17T06:12:12Z,T. Leston,1826T,2,,atp_daily_snapshot
2026-04-17,2026-04-17T06:12:12Z,A. Malik,1826T,2,,atp_daily_snapshot
2026-04-17,2026-04-17T06:12:12Z,N. Regas Luis,1826T,2,,atp_daily_snapshot
2026-04-17,2026-04-17T06:12:12Z,M. Todoran,1826T,2,,atp_daily_snapshot
2026-04-17,2026-04-17T06:12:12Z,H. Vu,1826T,2,,atp_daily_snapshot
2026-04-17,2026-04-17T06:12:12Z,C. Warik,1826T,2,,atp_daily_snapshot
2026-04-17,2026-04-17T06:12:12Z,J. Wygona,1826T,2,,atp_daily_snapshot
2026-04-17,2026-04-17T06:12:12Z,L. Zhang,1826T,2,,atp_daily_snapshot
2026-04-17,2026-04-17T06:12:12Z,Sergey Betov,1826T,2,38.0,atp_daily_snapshot
2026-04-17,2026-04-17T06:12:12Z,Dakotah Bobo,1826T,2,23.0,atp_daily_snapshot
2026-04-17,2026-04-17T06:12:12Z,Sven Corbinais,1826T,2,23.0,atp_daily_snapshot
2026-04-17,2026-04-17T06:12:12Z,Jesse De Jager,1826T,2,24.0,atp_daily_snapshot
2026-04-17,2026-04-17T06:12:12Z,Alex Finkelstein,1826T,2,23.0,atp_daily_snapshot
2026-04-17,2026-04-17T06:12:12Z,Jeffrey Fradkin,1826T,2,24.0,atp_daily_snapshot
2026-04-17,2026-04-17T06:12:12Z,Makar Krivoshchekov,1826T,2,20.0,atp_daily_snapshot
2026-04-17,2026-04-17T06:12:12Z,Tomas Jordi Leston,1826T,2,22.0,atp_daily_snapshot
2026-04-17,2026-04-17T06:12:12Z,Ajay Malik,1826T,2,23.0,atp_daily_snapshot
2026-04-17,2026-04-17T06:12:12Z,Drazen Petrovic,1826T,2,23.0,atp_daily_snapshot
2026-04-17,2026-04-17T06:12:12Z,Noah Regas Luis,1826T,2,21.0,atp_daily_snapshot
2026-04-17,2026-04-17T06:12:12Z,Matei Todoran,1826T,2,18.0,atp_daily_snapshot
2026-04-17,2026-04-17T06:12:12Z,Ha Minh Duc Vu,1826T,2,22.0,atp_daily_snapshot
2026-04-17,2026-04-17T06:12:12Z,Caheer Warik,1826T,2,20.0,atp_daily_snapshot
2026-04-17,2026-04-17T06:12:12Z,Jan Wygona,1826T,2,18.0,atp_daily_snapshot
2026-04-17,2026-04-17T06:12:12Z,Linghao Zhang,1826T,2,23.0,atp_daily_snapshot
2026-04-17,2026-04-17T06:12:12Z,P. Pampanin,1842T,2,,atp_daily_snapshot
2026-04-17,2026-04-17T06:12:12Z,D. Tremblay,1842T,2,,atp_daily_snapshot
2026-04-17,2026-04-17T06:12:12Z,B. Willwerth,1842T,2,,atp_daily_snapshot
2026-04-17,2026-04-17T06:12:12Z,Pietro Pampanin,1842T,2,23.0,atp_daily_snapshot
2026-04-17,2026-04-17T06:12:12Z,Dorian Tremblay,1842T,2,24.0,atp_daily_snapshot
2026-04-17,2026-04-17T06:12:12Z,Benjamin Willwerth,1842T,2,18.0,atp_daily_snapshot
2026-04-17,2026-04-17T06:12:12Z,I. Cervantes Tomas,1845T,2,,atp_daily_snapshot
2026-04-17,2026-04-17T06:12:12Z,A. Jimenez,1845T,2,,atp_daily_snapshot
2026-04-17,2026-04-17T06:12:12Z,S. Rybkin,1845T,2,,atp_daily_snapshot
2026-04-17,2026-04-17T06:12:12Z,A. Sau Franco,1845T,2,,atp_daily_snapshot
2026-04-17,2026-04-17T06:12:12Z,A. Spadola,1845T,2,,atp_daily_snapshot
2026-04-17,2026-04-17T06:12:12Z,Ian Luca Cervantes Tomas,1845T,2,22.0,atp_daily_snapshot
2026-04-17,2026-04-17T06:12:12Z,Alvaro Jimenez,1845T,2,19.0,atp_daily_snapshot
2026-04-17,2026-04-17T06:12:12Z,Savva Rybkin,1845T,2,17.0,atp_daily_snapshot
2026-04-17,2026-04-17T06:12:12Z,Alan Raul Sau Franco,1845T,2,25.0,atp_daily_snapshot
2026-04-17,2026-04-17T06:12:12Z,Alessandro Spadola,1845T,2,23.0,atp_daily_snapshot
2026-04-17,2026-04-17T06:12:12Z,A. Bennour Dit Sahli,1850T,2,,atp_daily_snapshot
2026-04-17,2026-04-17T06:12:12Z,J. Cizek,1850T,2,,atp_daily_snapshot
2026-04-17,2026-04-17T06:12:12Z,S. Markovic,1850T,2,,atp_daily_snapshot
2026-04-17,2026-04-17T06:12:12Z,M. Stanisavljevic,1850T,2,,atp_daily_snapshot
2026-04-17,2026-04-17T06:12:12Z,Anas Bennour Dit Sahli,1850T,2,19.0,atp_daily_snapshot
2026-04-17,2026-04-17T06:12:12Z,Jiri Cizek,1850T,2,20.0,atp_daily_snapshot
2026-04-17,2026-04-17T06:12:12Z,Sasa Markovic,1850T,2,20.0,atp_daily_snapshot
2026-04-17,2026-04-17T06:12:12Z,Mateya Stanisavljevic,1850T,2,19.0,atp_daily_snapshot
2026-04-17,2026-04-17T06:12:12Z,V. Ahti,1854T,2,,atp_daily_snapshot
2026-04-17,2026-04-17T06:12:12Z,I. Biletic,1854T,2,,atp_daily_snapshot
2026-04-17,2026-04-17T06:12:12Z,D. Jade,1854T,2,,atp_daily_snapshot
2026-04-17,2026-04-17T06:12:12Z,K. Kawachi,1854T,2,,atp_daily_snapshot
2026-04-17,2026-04-17T06:12:12Z,L. Namigandet Tenguere,1854T,2,,atp_daily_snapshot
2026-04-17,2026-04-17T06:12:12Z,Vesa Ahti,1854T,2,26.0,atp_daily_snapshot
2026-04-17,2026-04-17T06:12:12Z,Ivan Biletic,1854T,2,19.0,atp_daily_snapshot
2026-04-17,2026-04-17T06:12:12Z,Daniel Jade,1854T,2,17.0,atp_daily_snapshot
2026-04-17,2026-04-17T06:12:12Z,Kazuma Kawachi,1854T,2,31.0,atp_daily_snapshot
2026-04-17,2026-04-17T06:12:12Z,Loic Namigandet Tenguere,1854T,2,27.0,atp_daily_snapshot
2026-04-17,2026-04-17T06:12:12Z,A. Bellifemine,1859,2,,atp_daily_snapshot
2026-04-17,2026-04-17T06:12:12Z,Alessandro Bellifemine,1859,2,24.0,atp_daily_snapshot
2026-04-17,2026-04-17T06:12:12Z,P. Aggarwal,1860T,2,,atp_daily_snapshot
2026-04-17,2026-04-17T06:12:12Z,L. Parenti,1860T,2,,atp_daily_snapshot
2026-04-17,2026-04-17T06:12:12Z,Parth Aggarwal,1860T,2,28.0,atp_daily_snapshot
2026-04-17,2026-04-17T06:12:12Z,Luca Parenti,1860T,2,22.0,atp_daily_snapshot
2026-04-17,2026-04-17T06:12:12Z,I. Forcano Aparicio,1862T,2,,atp_daily_snapshot
2026-04-17,2026-04-17T06:12:12Z,A. Susanto,1862T,2,,atp_daily_snapshot
2026-04-17,2026-04-17T06:12:12Z,S. Tang,1862T,2,,atp_daily_snapshot
2026-04-17,2026-04-17T06:12:12Z,Ignasi Forcano Aparicio,1862T,2,26.0,atp_daily_snapshot
2026-04-17,2026-04-17T06:12:12Z,Anthony Susanto,1862T,2,28.0,atp_daily_snapshot
2026-04-17,2026-04-17T06:12:12Z,Sheng Tang,1862T,2,26.0,atp_daily_snapshot
2026-04-17,2026-04-17T06:12:12Z,L. Garcia Paez,1865,2,,atp_daily_snapshot
2026-04-17,2026-04-17T06:12:12Z,Luis Garcia Paez,1865,2,20.0,atp_daily_snapshot
2026-04-17,2026-04-17T06:12:12Z,M. Abe,1866T,1,,atp_daily_snapshot
2026-04-17,2026-04-17T06:12:12Z,E. Ahren Moonga,1866T,1,,atp_daily_snapshot
2026-04-17,2026-04-17T06:12:12Z,A. Aiukhanov,1866T,1,,atp_daily_snapshot
2026-04-17,2026-04-17T06:12:12Z,J. Arauzo-Martinez,1866T,1,,atp_daily_snapshot
2026-04-17,2026-04-17T06:12:12Z,N. Barki,1866T,1,,atp_daily_snapshot
2026-04-17,2026-04-17T06:12:12Z,J. Barraza,1866T,1,,atp_daily_snapshot
2026-04-17,2026-04-17T06:12:12Z,J. Barton,1866T,1,,atp_daily_snapshot
2026-04-17,2026-04-17T06:12:12Z,A. Berquier,1866T,1,,atp_daily_snapshot
2026-04-17,2026-04-17T06:12:12Z,J. Bienkiewicz,1866T,1,,atp_daily_snapshot
2026-04-17,2026-04-17T06:12:12Z,T. Brunetti,1866T,1,,atp_daily_snapshot
2026-04-17,2026-04-17T06:12:12Z,V. Caripi,1866T,1,,atp_daily_snapshot
2026-04-17,2026-04-17T06:12:12Z,M. Carroll,1866T,1,,atp_daily_snapshot
2026-04-17,2026-04-17T06:12:12Z,H. Carvajal,1866T,1,,atp_daily_snapshot
2026-04-17,2026-04-17T06:12:12Z,M. Castro Fabra,1866T,1,,atp_daily_snapshot
2026-04-17,2026-04-17T06:12:12Z,E. Cham,1866T,1,,atp_daily_snapshot
2026-04-17,2026-04-17T06:12:12Z,S. Dattatray Kurale,1866T,1,,atp_daily_snapshot
2026-04-17,2026-04-17T06:12:12Z,M. Du,1866T,1,,atp_daily_snapshot
2026-04-17,2026-04-17T06:12:12Z,T. Dummer Macedo,1866T,1,,atp_daily_snapshot
2026-04-17,2026-04-17T06:12:12Z,B. Duran,1866T,1,,atp_daily_snapshot
2026-04-17,2026-04-17T06:12:12Z,G. Durrer,1866T,1,,atp_daily_snapshot
2026-04-17,2026-04-17T06:12:12Z,K. El Feky,1866T,1,,atp_daily_snapshot
2026-04-17,2026-04-17T06:12:12Z,S. Elyasi,1866T,1,,atp_daily_snapshot
2026-04-17,2026-04-17T06:12:12Z,F. Emslie-Robson,1866T,1,,atp_daily_snapshot
2026-04-17,2026-04-17T06:12:12Z,R. Ferrer Guimaraes,1866T,1,,atp_daily_snapshot
2026-04-17,2026-04-17T06:12:12Z,X. Ferrer Mateo,1866T,1,,atp_daily_snapshot
2026-04-17,2026-04-17T06:12:12Z,O. Font,1866T,1,,atp_daily_snapshot
2026-04-17,2026-04-17T06:12:12Z,K. Fujisaki,1866T,1,,atp_daily_snapshot
2026-04-17,2026-04-17T06:12:12Z,R. Garcia Finetto,1866T,1,,atp_daily_snapshot
2026-04-17,2026-04-17T06:12:12Z,P. Gava,1866T,1,,atp_daily_snapshot
2026-04-17,2026-04-17T06:12:12Z,C. Gayk,1866T,1,,atp_daily_snapshot
2026-04-17,2026-04-17T06:12:12Z,D. Golubev,1866T,1,,atp_daily_snapshot
2026-04-17,2026-04-17T06:12:12Z,M. Groysman,1866T,1,,atp_daily_snapshot
2026-04-17,2026-04-17T06:12:12Z,K. Halmos,1866T,1,,atp_daily_snapshot
2026-04-17,2026-04-17T06:12:12Z,Z. Hamill,1866T,1,,atp_daily_snapshot
2026-04-17,2026-04-17T06:12:12Z,B. Hernandez Cortes,1866T,1,,atp_daily_snapshot
2026-04-17,2026-04-17T06:12:12Z,D. Jeanne-Grandinot,1866T,1,,atp_daily_snapshot
2026-04-17,2026-04-17T06:12:12Z,J. Joyce,1866T,1,,atp_daily_snapshot
2026-04-17,2026-04-17T06:12:12Z,H. Karmoussi,1866T,1,,atp_daily_snapshot
2026-04-17,2026-04-17T06:12:12Z,P. Karthik,1866T,1,,atp_daily_snapshot
2026-04-17,2026-04-17T06:12:12Z,Y. Khamis,1866T,1,,atp_daily_snapshot
2026-04-17,2026-04-17T06:12:12Z,N. Kobelt,1866T,1,,atp_daily_snapshot
2026-04-17,2026-04-17T06:12:12Z,T. Kostka,1866T,1,,atp_daily_snapshot
2026-04-17,2026-04-17T06:12:12Z,T. Lanik,1866T,1,,atp_daily_snapshot
2026-04-17,2026-04-17T06:12:12Z,W. Lee,1866T,1,,atp_daily_snapshot
2026-04-17,2026-04-17T06:12:12Z,A. Lucarelli,1866T,1,,atp_daily_snapshot
2026-04-17,2026-04-17T06:12:12Z,C. Mahjoob,1866T,1,,atp_daily_snapshot
2026-04-17,2026-04-17T06:12:12Z,N. Martens,1866T,1,,atp_daily_snapshot
2026-04-17,2026-04-17T06:12:12Z,K. Mathes,1866T,1,,atp_daily_snapshot
2026-04-17,2026-04-17T06:12:12Z,J. Meda,1866T,1,,atp_daily_snapshot
2026-04-17,2026-04-17T06:12:12Z,M. Moazam,1866T,1,,atp_daily_snapshot
2026-04-17,2026-04-17T06:12:12Z,A. Moreno,1866T,1,,atp_daily_snapshot
2026-04-17,2026-04-17T06:12:12Z,J. Munoz,1866T,1,,atp_daily_snapshot
2026-04-17,2026-04-17T06:12:12Z,F. Murray,1866T,1,,atp_daily_snapshot
2026-04-17,2026-04-17T06:12:12Z,M. Naumovski,1866T,1,,atp_daily_snapshot
2026-04-17,2026-04-17T06:12:12Z,N. Niggemann,1866T,1,,atp_daily_snapshot
2026-04-17,2026-04-17T06:12:12Z,D. Nima,1866T,1,,atp_daily_snapshot
2026-04-17,2026-04-17T06:12:12Z,R. Novell,1866T,1,,atp_daily_snapshot
2026-04-17,2026-04-17T06:12:12Z,V. Pape,1866T,1,,atp_daily_snapshot
2026-04-17,2026-04-17T06:12:12Z,M. Pecotic,1866T,1,,atp_daily_snapshot
2026-04-17,2026-04-17T06:12:12Z,R. Perez Socas,1866T,1,,atp_daily_snapshot
2026-04-17,2026-04-17T06:12:12Z,P. Privara,1866T,1,,atp_daily_snapshot
2026-04-17,2026-04-17T06:12:12Z,F. Raser,1866T,1,,atp_daily_snapshot
2026-04-17,2026-04-17T06:12:12Z,H. Ren,1866T,1,,atp_daily_snapshot
2026-04-17,2026-04-17T06:12:12Z,T. Rengel Sierra,1866T,1,,atp_daily_snapshot
2026-04-17,2026-04-17T06:12:12Z,R. Reyna,1866T,1,,atp_daily_snapshot
2026-04-17,2026-04-17T06:12:12Z,C. Roothman,1866T,1,,atp_daily_snapshot
2026-04-17,2026-04-17T06:12:12Z,A. Rusher,1866T,1,,atp_daily_snapshot
2026-04-17,2026-04-17T06:12:12Z,L. Saatela,1866T,1,,atp_daily_snapshot
2026-04-17,2026-04-17T06:12:12Z,B. Sapaev,1866T,1,,atp_daily_snapshot
2026-04-17,2026-04-17T06:12:12Z,D. Sapic,1866T,1,,atp_daily_snapshot
2026-04-17,2026-04-17T06:12:12Z,M. Schtulmann Gasca,1866T,1,,atp_daily_snapshot
2026-04-17,2026-04-17T06:12:12Z,J. Sebesta,1866T,1,,atp_daily_snapshot
2026-04-17,2026-04-17T06:12:12Z,J. Secord,1866T,1,,atp_daily_snapshot
2026-04-17,2026-04-17T06:12:12Z,R. Shirur,1866T,1,,atp_daily_snapshot
2026-04-17,2026-04-17T06:12:12Z,M. St-Hilaire,1866T,1,,atp_daily_snapshot
2026-04-17,2026-04-17T06:12:12Z,H. Thursfield,1866T,1,,atp_daily_snapshot
2026-04-17,2026-04-17T06:12:12Z,M. Todorov,1866T,1,,atp_daily_snapshot
2026-04-17,2026-04-17T06:12:12Z,R. Torres,1866T,1,,atp_daily_snapshot
2026-04-17,2026-04-17T06:12:12Z,V. Urankar,1866T,1,,atp_daily_snapshot
2026-04-17,2026-04-17T06:12:12Z,A. Urquiola Montellano,1866T,1,,atp_daily_snapshot
2026-04-17,2026-04-17T06:12:12Z,A. Velazquez Farre,1866T,1,,atp_daily_snapshot
2026-04-17,2026-04-17T06:12:12Z,B. Walkin,1866T,1,,atp_daily_snapshot
2026-04-17,2026-04-17T06:12:12Z,I. Waterbolk,1866T,1,,atp_daily_snapshot
2026-04-17,2026-04-17T06:12:12Z,D. Wisniewski,1866T,1,,atp_daily_snapshot
2026-04-17,2026-04-17T06:12:12Z,Y. Yoshikawa,1866T,1,,atp_daily_snapshot
2026-04-17,2026-04-17T06:12:12Z,W. Zhang,1866T,1,,atp_daily_snapshot
2026-04-17,2026-04-17T06:12:12Z,S. Zhu,1866T,1,,atp_daily_snapshot
2026-04-17,2026-04-17T06:12:12Z,Motoharu Abe,1866T,1,17.0,atp_daily_snapshot
2026-04-17,2026-04-17T06:12:12Z,Eric Ahren Moonga,1866T,1,30.0,atp_daily_snapshot
2026-04-17,2026-04-17T06:12:12Z,Artur Aiukhanov,1866T,1,20.0,atp_daily_snapshot
2026-04-17,2026-04-17T06:12:12Z,Juan-Samuel Arauzo-Martinez,1866T,1,35.0,atp_daily_snapshot
2026-04-17,2026-04-17T06:12:12Z,Nathan Anthony Barki,1866T,1,21.0,atp_daily_snapshot
2026-04-17,2026-04-17T06:12:12Z,Juan Ignacio Barraza,1866T,1,25.0,atp_daily_snapshot
2026-04-17,2026-04-17T06:12:12Z,Jerry Barton,1866T,1,22.0,atp_daily_snapshot
2026-04-17,2026-04-17T06:12:12Z,Alexis Berquier,1866T,1,18.0,atp_daily_snapshot
2026-04-17,2026-04-17T06:12:12Z,Juliusz Bienkiewicz,1866T,1,26.0,atp_daily_snapshot
2026-04-17,2026-04-17T06:12:12Z,Tighe Brunetti,1866T,1,22.0,atp_daily_snapshot
2026-04-17,2026-04-17T06:12:12Z,Vasilios Caripi,1866T,1,34.0,atp_daily_snapshot
2026-04-17,2026-04-17T06:12:12Z,Matthew Carroll,1866T,1,26.0,atp_daily_snapshot
2026-04-17,2026-04-17T06:12:12Z,Hanamichi Carvajal,1866T,1,23.0,atp_daily_snapshot
2026-04-17,2026-04-17T06:12:12Z,Marcos Castro Fabra,1866T,1,19.0,atp_daily_snapshot
2026-04-17,2026-04-17T06:12:12Z,Elijah Cham,1866T,1,22.0,atp_daily_snapshot
2026-04-17,2026-04-17T06:12:12Z,Sandesh Dattatray Kurale,1866T,1,23.0,atp_daily_snapshot
2026-04-17,2026-04-17T06:12:12Z,Malanqi Du,1866T,1,23.0,atp_daily_snapshot
2026-04-17,2026-04-17T06:12:12Z,Tomas Dummer Macedo,1866T,1,17.0,atp_daily_snapshot
2026-04-17,2026-04-17T06:12:12Z,Birtan Duran,1866T,1,21.0,atp_daily_snapshot
2026-04-17,2026-04-17T06:12:12Z,Gian Durrer,1866T,1,21.0,atp_daily_snapshot
2026-04-17,2026-04-17T06:12:12Z,Karim El Feky,1866T,1,24.0,atp_daily_snapshot
2026-04-17,2026-04-17T06:12:12Z,Samyar Elyasi,1866T,1,21.0,atp_daily_snapshot
2026-04-17,2026-04-17T06:12:12Z,Finlay Emslie-Robson,1866T,1,21.0,atp_daily_snapshot
2026-04-17,2026-04-17T06:12:12Z,Roberto Ferrer Guimaraes,1866T,1,21.0,atp_daily_snapshot
2026-04-17,2026-04-17T06:12:12Z,Xavier Ferrer Mateo,1866T,1,20.0,atp_daily_snapshot
2026-04-17,2026-04-17T06:12:12Z,Oriol Font,1866T,1,20.0,atp_daily_snapshot
2026-04-17,2026-04-17T06:12:12Z,Kanta Fujisaki,1866T,1,19.0,atp_daily_snapshot
2026-04-17,2026-04-17T06:12:12Z,Rafael Augusto Garcia Finetto,1866T,1,18.0,atp_daily_snapshot
2026-04-17,2026-04-17T06:12:12Z,Pietro Gava,1866T,1,16.0,atp_daily_snapshot
2026-04-17,2026-04-17T06:12:12Z,Christoph Gayk,1866T,1,20.0,atp_daily_snapshot
2026-04-17,2026-04-17T06:12:12Z,Daniil Golubev,1866T,1,24.0,atp_daily_snapshot
2026-04-17,2026-04-17T06:12:12Z,Maxim Groysman,1866T,1,23.0,atp_daily_snapshot
2026-04-17,2026-04-17T06:12:12Z,Kornel Halmos,1866T,1,20.0,atp_daily_snapshot
2026-04-17,2026-04-17T06:12:12Z,Zac Hamill,1866T,1,20.0,atp_daily_snapshot
2026-04-17,2026-04-17T06:12:12Z,Bryan Hernandez Cortes,1866T,1,19.0,atp_daily_snapshot
2026-04-17,2026-04-17T06:12:12Z,David Jeanne-Grandinot,1866T,1,23.0,atp_daily_snapshot
2026-04-17,2026-04-17T06:12:12Z,Jarrod Joyce,1866T,1,19.0,atp_daily_snapshot
2026-04-17,2026-04-17T06:12:12Z,Hamza Karmoussi,1866T,1,32.0,atp_daily_snapshot
2026-04-17,2026-04-17T06:12:12Z,Pranav Karthik,1866T,1,20.0,atp_daily_snapshot
2026-04-17,2026-04-17T06:12:12Z,Yusuf Khamis,1866T,1,26.0,atp_daily_snapshot
2026-04-17,2026-04-17T06:12:12Z,Nicolas Kobelt,1866T,1,21.0,atp_daily_snapshot
2026-04-17,2026-04-17T06:12:12Z,Thomas Kostka,1866T,1,22.0,atp_daily_snapshot
2026-04-17,2026-04-17T06:12:12Z,Tomas Lanik,1866T,1,23.0,atp_daily_snapshot
2026-04-17,2026-04-17T06:12:12Z,Woong Bi Lee,1866T,1,21.0,atp_daily_snapshot
2026-04-17,2026-04-17T06:12:12Z,Woong Chan Lee,1866T,1,17.0,atp_daily_snapshot
2026-04-17,2026-04-17T06:12:12Z,Liangxuan Liu,1866T,1,15.0,atp_daily_snapshot
2026-04-17,2026-04-17T06:12:12Z,Augusto Mateo Lucarelli,1866T,1,19.0,atp_daily_snapshot
2026-04-17,2026-04-17T06:12:12Z,Cyrus Mahjoob,1866T,1,20.0,atp_daily_snapshot
2026-04-17,2026-04-17T06:12:12Z,Noah Martens,1866T,1,24.0,atp_daily_snapshot
2026-04-17,2026-04-17T06:12:12Z,Kaspar Mathes,1866T,1,18.0,atp_daily_snapshot
2026-04-17,2026-04-17T06:12:12Z,Joel Meda,1866T,1,31.0,atp_daily_snapshot
2026-04-17,2026-04-17T06:12:12Z,Moein Moazam,1866T,1,23.0,atp_daily_snapshot
2026-04-17,2026-04-17T06:12:12Z,Alejandro Moreno,1866T,1,23.0,atp_daily_snapshot
2026-04-17,2026-04-17T06:12:12Z,Juan Francisco Munoz,1866T,1,18.0,atp_daily_snapshot
2026-04-17,2026-04-17T06:12:12Z,Freddy Murray,1866T,1,22.0,atp_daily_snapshot
2026-04-17,2026-04-17T06:12:12Z,Mason Naumovski,1866T,1,25.0,atp_daily_snapshot
2026-04-17,2026-04-17T06:12:12Z,Niklas Niggemann,1866T,1,23.0,atp_daily_snapshot
2026-04-17,2026-04-17T06:12:12Z,Dingzheng Nima,1866T,1,22.0,atp_daily_snapshot
2026-04-17,2026-04-17T06:12:12Z,Ricard Novell,1866T,1,21.0,atp_daily_snapshot
2026-04-17,2026-04-17T06:12:12Z,Valdemar Frederik Pape,1866T,1,22.0,atp_daily_snapshot
2026-04-17,2026-04-17T06:12:12Z,Matija Pecotic,1866T,1,36.0,atp_daily_snapshot
2026-04-17,2026-04-17T06:12:12Z,Roberto Perez Socas,1866T,1,20.0,atp_daily_snapshot
2026-04-17,2026-04-17T06:12:12Z,Peter Benjamin Privara,1866T,1,21.0,atp_daily_snapshot
2026-04-17,2026-04-17T06:12:12Z,Felix Raser,1866T,1,16.0,atp_daily_snapshot
2026-04-17,2026-04-17T06:12:12Z,Henry Ren,1866T,1,22.0,atp_daily_snapshot
2026-04-17,2026-04-17T06:12:12Z,Tomas Rengel Sierra,1866T,1,29.0,atp_daily_snapshot
2026-04-17,2026-04-17T06:12:12Z,Rodrigo Reyna,1866T,1,27.0,atp_daily_snapshot
2026-04-17,2026-04-17T06:12:12Z,Carl Roothman,1866T,1,23.0,atp_daily_snapshot
2026-04-17,2026-04-17T06:12:12Z,Agassi Rusher,1866T,1,17.0,atp_daily_snapshot
2026-04-17,2026-04-17T06:12:12Z,Leevi Saatela,1866T,1,30.0,atp_daily_snapshot
2026-04-17,2026-04-17T06:12:12Z,Agustín Salazar Salazar,1866T,1,22.0,atp_daily_snapshot
2026-04-17,2026-04-17T06:12:12Z,Batyr Sapaev,1866T,1,34.0,atp_daily_snapshot
2026-04-17,2026-04-17T06:12:12Z,Djordje Sapic,1866T,1,16.0,atp_daily_snapshot
2026-04-17,2026-04-17T06:12:12Z,Mauricio Schtulmann Gasca,1866T,1,17.0,atp_daily_snapshot
2026-04-17,2026-04-17T06:12:12Z,Jan Sebesta,1866T,1,23.0,atp_daily_snapshot
2026-04-17,2026-04-17T06:12:12Z,Jack Secord,1866T,1,17.0,atp_daily_snapshot
2026-04-17,2026-04-17T06:12:12Z,Rajat Shirur,1866T,1,18.0,atp_daily_snapshot
2026-04-17,2026-04-17T06:12:12Z,Maxime St-Hilaire,1866T,1,22.0,atp_daily_snapshot
2026-04-17,2026-04-17T06:12:12Z,Harry Thursfield,1866T,1,25.0,atp_daily_snapshot
2026-04-17,2026-04-17T06:12:12Z,Maximilian Todorov,1866T,1,26.0,atp_daily_snapshot
2026-04-17,2026-04-17T06:12:12Z,Ryan Torres,1866T,1,22.0,atp_daily_snapshot
2026-04-17,2026-04-17T06:12:12Z,Vaal Urankar,1866T,1,20.0,atp_daily_snapshot
2026-04-17,2026-04-17T06:12:12Z,Andres Urquiola Montellano,1866T,1,22.0,atp_daily_snapshot
2026-04-17,2026-04-17T06:12:12Z,Adria Velazquez Farre,1866T,1,16.0,atp_daily_snapshot
2026-04-17,2026-04-17T06:12:12Z,Brandon Walkin,1866T,1,31.0,atp_daily_snapshot
2026-04-17,2026-04-17T06:12:12Z,Ids Waterbolk,1866T,1,25.0,atp_daily_snapshot
2026-04-17,2026-04-17T06:12:12Z,Dawid Wisniewski,1866T,1,23.0,atp_daily_snapshot
2026-04-17,2026-04-17T06:12:12Z,Yusuke Yoshikawa,1866T,1,31.0,atp_daily_snapshot
2026-04-17,2026-04-17T06:12:12Z,William Zhang,1866T,1,17.0,atp_daily_snapshot
2026-04-17,2026-04-17T06:12:12Z,Shixun Zhu,1866T,1,19.0,atp_daily_snapshot
2026-04-17,2026-04-17T06:12:12Z,S. Agabigun,1956T,1,,atp_daily_snapshot
2026-04-17,2026-04-17T06:12:12Z,B. Alabdullah,1956T,1,,atp_daily_snapshot
2026-04-17,2026-04-17T06:12:12Z,R. Amarilla,1956T,1,,atp_daily_snapshot
2026-04-17,2026-04-17T06:12:12Z,J. Antonio,1956T,1,,atp_daily_snapshot
2026-04-17,2026-04-17T06:12:12Z,R. Arcuschin,1956T,1,,atp_daily_snapshot
2026-04-17,2026-04-17T06:12:12Z,D. Asenov,1956T,1,,atp_daily_snapshot
2026-04-17,2026-04-17T06:12:12Z,S. Badini,1956T,1,,atp_daily_snapshot
2026-04-17,2026-04-17T06:12:12Z,N. Baena,1956T,1,,atp_daily_snapshot
2026-04-17,2026-04-17T06:12:12Z,L. Balducci,1956T,1,,atp_daily_snapshot
2026-04-17,2026-04-17T06:12:12Z,A. Barbic,1956T,1,,atp_daily_snapshot
2026-04-17,2026-04-17T06:12:12Z,V. Barrere,1956T,1,,atp_daily_snapshot
2026-04-17,2026-04-17T06:12:12Z,L. Bojicic Ono,1956T,1,,atp_daily_snapshot
2026-04-17,2026-04-17T06:12:12Z,M. Borisov,1956T,1,,atp_daily_snapshot
2026-04-17,2026-04-17T06:12:12Z,F. Bove,1956T,1,,atp_daily_snapshot
2026-04-17,2026-04-17T06:12:12Z,T. Bowers,1956T,1,,atp_daily_snapshot
2026-04-17,2026-04-17T06:12:12Z,S. Christodoulou,1956T,1,,atp_daily_snapshot
2026-04-17,2026-04-17T06:12:12Z,D. Ciobotaru,1956T,1,,atp_daily_snapshot
2026-04-17,2026-04-17T06:12:12Z,J. Claro,1956T,1,,atp_daily_snapshot
2026-04-17,2026-04-17T06:12:12Z,E. Collar,1956T,1,,atp_daily_snapshot
2026-04-17,2026-04-17T06:12:12Z,S. Colleu,1956T,1,,atp_daily_snapshot
2026-04-17,2026-04-17T06:12:12Z,M. Doskocil,1956T,1,,atp_daily_snapshot
2026-04-17,2026-04-17T06:12:12Z,A. Dragoni,1956T,1,,atp_daily_snapshot
2026-04-17,2026-04-17T06:12:12Z,M. Dubrouski,1956T,1,,atp_daily_snapshot
2026-04-17,2026-04-17T06:12:12Z,G. Elicha Navas,1956T,1,,atp_daily_snapshot
2026-04-17,2026-04-17T06:12:12Z,E. Etty,1956T,1,,atp_daily_snapshot
2026-04-17,2026-04-17T06:12:12Z,W. Fan,1956T,1,,atp_daily_snapshot
2026-04-17,2026-04-17T06:12:12Z,T. Gadecki,1956T,1,,atp_daily_snapshot
2026-04-17,2026-04-17T06:12:12Z,J. Gamble,1956T,1,,atp_daily_snapshot
2026-04-17,2026-04-17T06:12:12Z,A. Garcia Carbajal,1956T,1,,atp_daily_snapshot
2026-04-17,2026-04-17T06:12:12Z,I. Gaztambide Arrastia,1956T,1,,atp_daily_snapshot
2026-04-17,2026-04-17T06:12:12Z,A. Glomb,1956T,1,,atp_daily_snapshot
2026-04-17,2026-04-17T06:12:12Z,S. Gorzny,1956T,1,,atp_daily_snapshot
2026-04-17,2026-04-17T06:12:12Z,A. Gschiel,1956T,1,,atp_daily_snapshot
2026-04-17,2026-04-17T06:12:12Z,T. Gunzinger,1956T,1,,atp_daily_snapshot
2026-04-17,2026-04-17T06:12:12Z,M. Havlicek,1956T,1,,atp_daily_snapshot
2026-04-17,2026-04-17T06:12:12Z,L. Hellum-Lilleengen,1956T,1,,atp_daily_snapshot
2026-04-17,2026-04-17T06:12:12Z,Y. Hirose,1956T,1,,atp_daily_snapshot
2026-04-17,2026-04-17T06:12:12Z,M. Hribar,1956T,1,,atp_daily_snapshot
2026-04-17,2026-04-17T06:12:12Z,L. Iemmi,1956T,1,,atp_daily_snapshot
2026-04-17,2026-04-17T06:12:12Z,I. Ignatov,1956T,1,,atp_daily_snapshot
2026-04-17,2026-04-17T06:12:12Z,S. Ingles Garre,1956T,1,,atp_daily_snapshot
2026-04-17,2026-04-17T06:12:12Z,R. Jackson,1956T,1,,atp_daily_snapshot
2026-04-17,2026-04-17T06:12:12Z,A. Jacome Jaramillo,1956T,1,,atp_daily_snapshot
2026-04-17,2026-04-17T06:12:12Z,O. Johansson,1956T,1,,atp_daily_snapshot
2026-04-17,2026-04-17T06:12:12Z,V. Krstic,1956T,1,,atp_daily_snapshot
2026-04-17,2026-04-17T06:12:12Z,A. Latifovic,1956T,1,,atp_daily_snapshot
2026-04-17,2026-04-17T06:12:12Z,T. Loosen,1956T,1,,atp_daily_snapshot
2026-04-17,2026-04-17T06:12:12Z,M. Lorens,1956T,1,,atp_daily_snapshot
2026-04-17,2026-04-17T06:12:12Z,M. Maldonado,1956T,1,,atp_daily_snapshot
2026-04-17,2026-04-17T06:12:12Z,T. Marin,1956T,1,,atp_daily_snapshot
2026-04-17,2026-04-17T06:12:12Z,M. Migliorati,1956T,1,,atp_daily_snapshot
2026-04-17,2026-04-17T06:12:12Z,A. Missoum,1956T,1,,atp_daily_snapshot
2026-04-17,2026-04-17T06:12:12Z,L. Nakamine,1956T,1,,atp_daily_snapshot
2026-04-17,2026-04-17T06:12:12Z,S. Nakanishi,1956T,1,,atp_daily_snapshot
2026-04-17,2026-04-17T06:12:12Z,P. Ngijol Carre,1956T,1,,atp_daily_snapshot
2026-04-17,2026-04-17T06:12:12Z,M. Oezcelik,1956T,1,,atp_daily_snapshot
2026-04-17,2026-04-17T06:12:12Z,A. Okonkwo,1956T,1,,atp_daily_snapshot
2026-04-17,2026-04-17T06:12:12Z,Y. Oliel,1956T,1,,atp_daily_snapshot
2026-04-17,2026-04-17T06:12:12Z,S. Park,1956T,1,,atp_daily_snapshot
2026-04-17,2026-04-17T06:12:12Z,B. Pavel,1956T,1,,atp_daily_snapshot
2026-04-17,2026-04-17T06:12:12Z,A. Petrov,1956T,1,,atp_daily_snapshot
2026-04-17,2026-04-17T06:12:12Z,M. Pisanu,1956T,1,,atp_daily_snapshot
2026-04-17,2026-04-17T06:12:12Z,T. Radovanovic,1956T,1,,atp_daily_snapshot
2026-04-17,2026-04-17T06:12:12Z,Y. Rahman,1956T,1,,atp_daily_snapshot
2026-04-17,2026-04-17T06:12:12Z,P. Renard,1956T,1,,atp_daily_snapshot
2026-04-17,2026-04-17T06:12:12Z,F. Ridout,1956T,1,,atp_daily_snapshot
2026-04-17,2026-04-17T06:12:12Z,P. Robledo,1956T,1,,atp_daily_snapshot
2026-04-17,2026-04-17T06:12:12Z,J. Roddick,1956T,1,,atp_daily_snapshot
2026-04-17,2026-04-17T06:12:12Z,T. Ruehl,1956T,1,,atp_daily_snapshot
2026-04-17,2026-04-17T06:12:12Z,J. Sadzik,1956T,1,,atp_daily_snapshot
2026-04-17,2026-04-17T06:12:12Z,F. Salle,1956T,1,,atp_daily_snapshot
2026-04-17,2026-04-17T06:12:12Z,M. Sanchez,1956T,1,,atp_daily_snapshot
2026-04-17,2026-04-17T06:12:12Z,J. Schaer,1956T,1,,atp_daily_snapshot
2026-04-17,2026-04-17T06:12:12Z,R. Segado Esteve,1956T,1,,atp_daily_snapshot
2026-04-17,2026-04-17T06:12:12Z,R. Senthil Kumar,1956T,1,,atp_daily_snapshot
2026-04-17,2026-04-17T06:12:12Z,S. Slocombe,1956T,1,,atp_daily_snapshot
2026-04-17,2026-04-17T06:12:12Z,N. Steiglehner,1956T,1,,atp_daily_snapshot
2026-04-17,2026-04-17T06:12:12Z,G. Strom,1956T,1,,atp_daily_snapshot
2026-04-17,2026-04-17T06:12:12Z,L. Suarez,1956T,1,,atp_daily_snapshot
2026-04-17,2026-04-17T06:12:12Z,E. Sumann,1956T,1,,atp_daily_snapshot
2026-04-17,2026-04-17T06:12:12Z,J. Tang,1956T,1,,atp_daily_snapshot
2026-04-17,2026-04-17T06:12:12Z,D. Tazabekov,1956T,1,,atp_daily_snapshot
2026-04-17,2026-04-17T06:12:12Z,K. Thompson,1956T,1,,atp_daily_snapshot
2026-04-17,2026-04-17T06:12:12Z,A. Tripathi,1956T,1,,atp_daily_snapshot
2026-04-17,2026-04-17T06:12:12Z,N. Trouve,1956T,1,,atp_daily_snapshot
2026-04-17,2026-04-17T06:12:12Z,A. Usmonjonov,1956T,1,,atp_daily_snapshot
2026-04-17,2026-04-17T06:12:12Z,J. Valenzuela,1956T,1,,atp_daily_snapshot
2026-04-17,2026-04-17T06:12:12Z,J. Van Assendelft,1956T,1,,atp_daily_snapshot
2026-04-17,2026-04-17T06:12:12Z,F. Vazquez,1956T,1,,atp_daily_snapshot
2026-04-17,2026-04-17T06:12:12Z,A. Williams,1956T,1,,atp_daily_snapshot
2026-04-17,2026-04-17T06:12:12Z,F. Willman,1956T,1,,atp_daily_snapshot
2026-04-17,2026-04-17T06:12:12Z,M. Wong,1956T,1,,atp_daily_snapshot
2026-04-17,2026-04-17T06:12:12Z,K. Wu,1956T,1,,atp_daily_snapshot
2026-04-17,2026-04-17T06:12:12Z,F. Yamacita,1956T,1,,atp_daily_snapshot
2026-04-17,2026-04-17T06:12:12Z,A. Zagars,1956T,1,,atp_daily_snapshot
2026-04-17,2026-04-17T06:12:12Z,C. Zerega,1956T,1,,atp_daily_snapshot
2026-04-17,2026-04-17T06:12:12Z,Sarp Agabigun,1956T,1,28.0,atp_daily_snapshot
2026-04-17,2026-04-17T06:12:12Z,Bader Alabdullah,1956T,1,24.0,atp_daily_snapshot
2026-04-17,2026-04-17T06:12:12Z,Ramiro Amarilla,1956T,1,24.0,atp_daily_snapshot
2026-04-17,2026-04-17T06:12:12Z,Joao Antonio,1956T,1,26.0,atp_daily_snapshot
2026-04-17,2026-04-17T06:12:12Z,Romeo Arcuschin,1956T,1,18.0,atp_daily_snapshot
2026-04-17,2026-04-17T06:12:12Z,David Asenov,1956T,1,19.0,atp_daily_snapshot
2026-04-17,2026-04-17T06:12:12Z,Sergio Badini,1956T,1,21.0,atp_daily_snapshot
2026-04-17,2026-04-17T06:12:12Z,Nicolas Baena,1956T,1,18.0,atp_daily_snapshot
2026-04-17,2026-04-17T06:12:12Z,Lorenzo Balducci,1956T,1,18.0,atp_daily_snapshot
2026-04-17,2026-04-17T06:12:12Z,Arian Barbic,1956T,1,17.0,atp_daily_snapshot
2026-04-17,2026-04-17T06:12:12Z,Victor Barrere,1956T,1,24.0,atp_daily_snapshot
2026-04-17,2026-04-17T06:12:12Z,Luka Bojicic Ono,1956T,1,21.0,atp_daily_snapshot
2026-04-17,2026-04-17T06:12:12Z,Maximilian Borisov,1956T,1,24.0,atp_daily_snapshot
2026-04-17,2026-04-17T06:12:12Z,Federico Bove,1956T,1,27.0,atp_daily_snapshot
2026-04-17,2026-04-17T06:12:12Z,Tyler Bowers,1956T,1,23.0,atp_daily_snapshot
2026-04-17,2026-04-17T06:12:12Z,Stylianos Christodoulou,1956T,1,21.0,atp_daily_snapshot
2026-04-17,2026-04-17T06:12:12Z,Dario Alexandru Ciobotaru,1956T,1,21.0,atp_daily_snapshot
2026-04-17,2026-04-17T06:12:12Z,Jose Luis Claro,1956T,1,22.0,atp_daily_snapshot
2026-04-17,2026-04-17T06:12:12Z,Enrique Collar,1956T,1,18.0,atp_daily_snapshot
2026-04-17,2026-04-17T06:12:12Z,Sasha Colleu,1956T,1,19.0,atp_daily_snapshot
2026-04-17,2026-04-17T06:12:12Z,Martin Doskocil,1956T,1,19.0,atp_daily_snapshot
2026-04-17,2026-04-17T06:12:12Z,Alessandro Dragoni,1956T,1,28.0,atp_daily_snapshot
2026-04-17,2026-04-17T06:12:12Z,Mikhail Dubrouski,1956T,1,22.0,atp_daily_snapshot
2026-04-17,2026-04-17T06:12:12Z,Gabriel Elicha Navas,1956T,1,23.0,atp_daily_snapshot
2026-04-17,2026-04-17T06:12:12Z,Edward Etty,1956T,1,24.0,atp_daily_snapshot
2026-04-17,2026-04-17T06:12:12Z,Wen Bo Fan,1956T,1,18.0,atp_daily_snapshot
2026-04-17,2026-04-17T06:12:12Z,Thomas Nicholas Gadecki,1956T,1,20.0,atp_daily_snapshot
2026-04-17,2026-04-17T06:12:12Z,Jon Gamble,1956T,1,18.0,atp_daily_snapshot
2026-04-17,2026-04-17T06:12:12Z,Alejandro Garcia Carbajal,1956T,1,24.0,atp_daily_snapshot
2026-04-17,2026-04-17T06:12:12Z,Iker Gaztambide Arrastia,1956T,1,22.0,atp_daily_snapshot
2026-04-17,2026-04-17T06:12:12Z,Alexander Glomb,1956T,1,21.0,atp_daily_snapshot
2026-04-17,2026-04-17T06:12:12Z,Sebastian Gorzny,1956T,1,22.0,atp_daily_snapshot
2026-04-17,2026-04-17T06:12:12Z,Alexander Gschiel,1956T,1,18.0,atp_daily_snapshot
2026-04-17,2026-04-17T06:12:12Z,Thomas Gunzinger,1956T,1,17.0,atp_daily_snapshot
2026-04-17,2026-04-17T06:12:12Z,Mark Havlicek,1956T,1,22.0,atp_daily_snapshot
2026-04-17,2026-04-17T06:12:12Z,Lukas Hellum-Lilleengen,1956T,1,25.0,atp_daily_snapshot
2026-04-17,2026-04-17T06:12:12Z,Yuya Hirose,1956T,1,20.0,atp_daily_snapshot
2026-04-17,2026-04-17T06:12:12Z,Matic Hribar,1956T,1,19.0,atp_daily_snapshot
2026-04-17,2026-04-17T06:12:12Z,Leonardo Iemmi,1956T,1,20.0,atp_daily_snapshot
2026-04-17,2026-04-17T06:12:12Z,Ilya Ignatov,1956T,1,20.0,atp_daily_snapshot
2026-04-17,2026-04-17T06:12:12Z,Sergio Ingles Garre,1956T,1,27.0,atp_daily_snapshot
2026-04-17,2026-04-17T06:12:12Z,Ryder Jackson,1956T,1,20.0,atp_daily_snapshot
2026-04-17,2026-04-17T06:12:12Z,Alejandro Jacome Jaramillo,1956T,1,22.0,atp_daily_snapshot
2026-04-17,2026-04-17T06:12:12Z,Oliver Johansson,1956T,1,25.0,atp_daily_snapshot
2026-04-17,2026-04-17T06:12:12Z,Kaigaoge Kang,1956T,1,17.0,atp_daily_snapshot
2026-04-17,2026-04-17T06:12:12Z,Veljko Krstic,1956T,1,22.0,atp_daily_snapshot
2026-04-17,2026-04-17T06:12:12Z,Anes Latifovic,1956T,1,21.0,atp_daily_snapshot
2026-04-17,2026-04-17T06:12:12Z,Jordan Lee,1956T,1,15.0,atp_daily_snapshot
2026-04-17,2026-04-17T06:12:12Z,Tim Loosen,1956T,1,24.0,atp_daily_snapshot
2026-04-17,2026-04-17T06:12:12Z,Mikolaj Lorens,1956T,1,24.0,atp_daily_snapshot
2026-04-17,2026-04-17T06:12:12Z,Martin Maldonado,1956T,1,25.0,atp_daily_snapshot
2026-04-17,2026-04-17T06:12:12Z,Tomas Marin,1956T,1,19.0,atp_daily_snapshot
2026-04-17,2026-04-17T06:12:12Z,Marco Migliorati,1956T,1,22.0,atp_daily_snapshot
2026-04-17,2026-04-17T06:12:12Z,Milos Mikovic,1956T,1,20.0,atp_daily_snapshot
2026-04-17,2026-04-17T06:12:12Z,Ali Missoum,1956T,1,17.0,atp_daily_snapshot
2026-04-17,2026-04-17T06:12:12Z,Luis Jose Nakamine,1956T,1,20.0,atp_daily_snapshot
2026-04-17,2026-04-17T06:12:12Z,Seiya Nakanishi,1956T,1,29.0,atp_daily_snapshot
2026-04-17,2026-04-17T06:12:12Z,Pierre Ngijol Carre,1956T,1,21.0,atp_daily_snapshot
2026-04-17,2026-04-17T06:12:12Z,Maximilian Oezcelik,1956T,1,26.0,atp_daily_snapshot
2026-04-17,2026-04-17T06:12:12Z,Alexander Ikenna Okonkwo,1956T,1,21.0,atp_daily_snapshot
2026-04-17,2026-04-17T06:12:12Z,Yshai Oliel,1956T,1,26.0,atp_daily_snapshot
2026-04-17,2026-04-17T06:12:12Z,Seungmin Park,1956T,1,20.0,atp_daily_snapshot
2026-04-17,2026-04-17T06:12:12Z,Bogdan Pavel,1956T,1,26.0,atp_daily_snapshot
2026-04-17,2026-04-17T06:12:12Z,Alexander Petrov,1956T,1,24.0,atp_daily_snapshot
2026-04-17,2026-04-17T06:12:12Z,Mattias Pisanu,1956T,1,18.0,atp_daily_snapshot
2026-04-17,2026-04-17T06:12:12Z,Tadija Radovanovic,1956T,1,25.0,atp_daily_snapshot
2026-04-17,2026-04-17T06:12:12Z,Yannik Rahman,1956T,1,21.0,atp_daily_snapshot
2026-04-17,2026-04-17T06:12:12Z,Philippe Renard,1956T,1,22.0,atp_daily_snapshot
2026-04-17,2026-04-17T06:12:12Z,Freddie Ridout,1956T,1,22.0,atp_daily_snapshot
2026-04-17,2026-04-17T06:12:12Z,Pablo Robledo,1956T,1,18.0,atp_daily_snapshot
2026-04-17,2026-04-17T06:12:12Z,Jerry Roddick,1956T,1,23.0,atp_daily_snapshot
2026-04-17,2026-04-17T06:12:12Z,Tim Ruehl,1956T,1,28.0,atp_daily_snapshot
2026-04-17,2026-04-17T06:12:12Z,Jan Sadzik,1956T,1,17.0,atp_daily_snapshot
2026-04-17,2026-04-17T06:12:12Z,Fabien Salle,1956T,1,26.0,atp_daily_snapshot
2026-04-17,2026-04-17T06:12:12Z,Manuel Sanchez,1956T,1,35.0,atp_daily_snapshot
2026-04-17,2026-04-17T06:12:12Z,Jonas Schaer,1956T,1,25.0,atp_daily_snapshot
2026-04-17,2026-04-17T06:12:12Z,Rafael Segado Esteve,1956T,1,20.0,atp_daily_snapshot
2026-04-17,2026-04-17T06:12:12Z,Rethin Pranav Senthil Kumar,1956T,1,18.0,atp_daily_snapshot
2026-04-17,2026-04-17T06:12:12Z,Stephen Slocombe,1956T,1,23.0,atp_daily_snapshot
2026-04-17,2026-04-17T06:12:12Z,Nicholas Steiglehner,1956T,1,21.0,atp_daily_snapshot
2026-04-17,2026-04-17T06:12:12Z,Gustaf Strom,1956T,1,24.0,atp_daily_snapshot
2026-04-17,2026-04-17T06:12:12Z,Leonardo Suarez,1956T,1,17.0,atp_daily_snapshot
2026-04-17,2026-04-17T06:12:12Z,Elias Sumann,1956T,1,20.0,atp_daily_snapshot
2026-04-17,2026-04-17T06:12:12Z,Jin Peng Tang,1956T,1,19.0,atp_daily_snapshot
2026-04-17,2026-04-17T06:12:12Z,Daniel Tazabekov,1956T,1,18.0,atp_daily_snapshot
2026-04-17,2026-04-17T06:12:12Z,Kai Thompson,1956T,1,17.0,atp_daily_snapshot
2026-04-17,2026-04-17T06:12:12Z,Aadarsh Tripathi,1956T,1,22.0,atp_daily_snapshot
2026-04-17,2026-04-17T06:12:12Z,Nathan Trouve,1956T,1,20.0,atp_daily_snapshot
2026-04-17,2026-04-17T06:12:12Z,Abdulaziz Usmonjonov,1956T,1,19.0,atp_daily_snapshot
2026-04-17,2026-04-17T06:12:12Z,Julian Valenzuela,1956T,1,18.0,atp_daily_snapshot
2026-04-17,2026-04-17T06:12:12Z,Jip Van Assendelft,1956T,1,24.0,atp_daily_snapshot
2026-04-17,2026-04-17T06:12:12Z,Franco Ariel Vazquez,1956T,1,25.0,atp_daily_snapshot
2026-04-17,2026-04-17T06:12:12Z,Aaron James Williams,1956T,1,22.0,atp_daily_snapshot
2026-04-17,2026-04-17T06:12:12Z,Finn Willman,1956T,1,18.0,atp_daily_snapshot
2026-04-17,2026-04-17T06:12:12Z,Maximus Zavier Wong,1956T,1,18.0,atp_daily_snapshot
2026-04-17,2026-04-17T06:12:12Z,Kai-An Wu,1956T,1,19.0,atp_daily_snapshot
2026-04-17,2026-04-17T06:12:12Z,Fernando Yamacita,1956T,1,28.0,atp_daily_snapshot
2026-04-17,2026-04-17T06:12:12Z,Arturs Zagars,1956T,1,18.0,atp_daily_snapshot
2026-04-17,2026-04-17T06:12:12Z,Carlos Zerega,1956T,1,30.0,atp_daily_snapshot
2026-04-17,2026-04-17T06:12:12Z,D. Abadia,2055T,1,,atp_daily_snapshot
2026-04-17,2026-04-17T06:12:12Z,D. Abdusamadov,2055T,1,,atp_daily_snapshot
2026-04-17,2026-04-17T06:12:12Z,M. Abibsi,2055T,1,,atp_daily_snapshot
2026-04-17,2026-04-17T06:12:12Z,F. Assuncao Garla,2055T,1,,atp_daily_snapshot
2026-04-17,2026-04-17T06:12:12Z,F. Bocci,2055T,1,,atp_daily_snapshot
2026-04-17,2026-04-17T06:12:12Z,E. Bogo,2055T,1,,atp_daily_snapshot
2026-04-17,2026-04-17T06:12:12Z,T. Boosarawongse,2055T,1,,atp_daily_snapshot
2026-04-17,2026-04-17T06:12:12Z,M. Bourgue,2055T,1,,atp_daily_snapshot
2026-04-17,2026-04-17T06:12:12Z,D. Carteputreda,2055T,1,,atp_daily_snapshot
2026-04-17,2026-04-17T06:12:12Z,A. Ciurletti,2055T,1,,atp_daily_snapshot
2026-04-17,2026-04-17T06:12:12Z,C. Deleersnyder,2055T,1,,atp_daily_snapshot
2026-04-17,2026-04-17T06:12:12Z,J. Didoni Bonini,2055T,1,,atp_daily_snapshot
2026-04-17,2026-04-17T06:12:12Z,T. Drayton,2055T,1,,atp_daily_snapshot
2026-04-17,2026-04-17T06:12:12Z,V. Dullinger,2055T,1,,atp_daily_snapshot
2026-04-17,2026-04-17T06:12:12Z,T. Erlewein,2055T,1,,atp_daily_snapshot
2026-04-17,2026-04-17T06:12:12Z,A. Fernandez Canovas,2055T,1,,atp_daily_snapshot
2026-04-17,2026-04-17T06:12:12Z,B. Fitzpatrick,2055T,1,,atp_daily_snapshot
2026-04-17,2026-04-17T06:12:12Z,L. Flores Avila,2055T,1,,atp_daily_snapshot
2026-04-17,2026-04-17T06:12:12Z,S. Ganta,2055T,1,,atp_daily_snapshot
2026-04-17,2026-04-17T06:12:12Z,F. Garbero,2055T,1,,atp_daily_snapshot
2026-04-17,2026-04-17T06:12:12Z,A. Genov,2055T,1,,atp_daily_snapshot
2026-04-17,2026-04-17T06:12:12Z,N. Goldberg Alviani,2055T,1,,atp_daily_snapshot
2026-04-17,2026-04-17T06:12:12Z,J. Guzman,2055T,1,,atp_daily_snapshot
2026-04-17,2026-04-17T06:12:12Z,J. Haus,2055T,1,,atp_daily_snapshot
2026-04-17,2026-04-17T06:12:12Z,R. Haviland,2055T,1,,atp_daily_snapshot
2026-04-17,2026-04-17T06:12:12Z,I. Hediger,2055T,1,,atp_daily_snapshot
2026-04-17,2026-04-17T06:12:12Z,K. Hernandez Mariona,2055T,1,,atp_daily_snapshot
2026-04-17,2026-04-17T06:12:12Z,S. Hess,2055T,1,,atp_daily_snapshot
2026-04-17,2026-04-17T06:12:12Z,T. Horie,2055T,1,,atp_daily_snapshot
2026-04-17,2026-04-17T06:12:12Z,D. Juszczak,2055T,1,,atp_daily_snapshot
2026-04-17,2026-04-17T06:12:12Z,R. Lawlor,2055T,1,,atp_daily_snapshot
2026-04-17,2026-04-17T06:12:12Z,I. Lhomond,2055T,1,,atp_daily_snapshot
2026-04-17,2026-04-17T06:12:12Z,A. Majchrzak,2055T,1,,atp_daily_snapshot
2026-04-17,2026-04-17T06:12:12Z,A. Major,2055T,1,,atp_daily_snapshot
2026-04-17,2026-04-17T06:12:12Z,F. Marini,2055T,1,,atp_daily_snapshot
2026-04-17,2026-04-17T06:12:12Z,G. Marques,2055T,1,,atp_daily_snapshot
2026-04-17,2026-04-17T06:12:12Z,B. Martin,2055T,1,,atp_daily_snapshot
2026-04-17,2026-04-17T06:12:12Z,J. Mas De Ugarte,2055T,1,,atp_daily_snapshot
2026-04-17,2026-04-17T06:12:12Z,M. Matuszczyk,2055T,1,,atp_daily_snapshot
2026-04-17,2026-04-17T06:12:12Z,S. Menichella,2055T,1,,atp_daily_snapshot
2026-04-17,2026-04-17T06:12:12Z,E. Mohamed Sherif,2055T,1,,atp_daily_snapshot
2026-04-17,2026-04-17T06:12:12Z,V. Monge,2055T,1,,atp_daily_snapshot
2026-04-17,2026-04-17T06:12:12Z,F. Musitelli,2055T,1,,atp_daily_snapshot
2026-04-17,2026-04-17T06:12:12Z,F. Osti,2055T,1,,atp_daily_snapshot
2026-04-17,2026-04-17T06:12:12Z,T. Pinho,2055T,1,,atp_daily_snapshot
2026-04-17,2026-04-17T06:12:12Z,O. Pinto Sansano,2055T,1,,atp_daily_snapshot
2026-04-17,2026-04-17T06:12:12Z,L. Rocha,2055T,1,,atp_daily_snapshot
2026-04-17,2026-04-17T06:12:12Z,K. Schinnerer,2055T,1,,atp_daily_snapshot
2026-04-17,2026-04-17T06:12:12Z,H. Schoenmakers,2055T,1,,atp_daily_snapshot
2026-04-17,2026-04-17T06:12:12Z,J. Silva,2055T,1,,atp_daily_snapshot
2026-04-17,2026-04-17T06:12:12Z,A. Souza,2055T,1,,atp_daily_snapshot
2026-04-17,2026-04-17T06:12:12Z,F. Stidell,2055T,1,,atp_daily_snapshot
2026-04-17,2026-04-17T06:12:12Z,S. Stolarik,2055T,1,,atp_daily_snapshot
2026-04-17,2026-04-17T06:12:12Z,B. Swenson,2055T,1,,atp_daily_snapshot
2026-04-17,2026-04-17T06:12:12Z,A. Szoke,2055T,1,,atp_daily_snapshot
2026-04-17,2026-04-17T06:12:12Z,A. Ushakov,2055T,1,,atp_daily_snapshot
2026-04-17,2026-04-17T06:12:12Z,N. Van Noord,2055T,1,,atp_daily_snapshot
2026-04-17,2026-04-17T06:12:12Z,A. Vikhlyantsev,2055T,1,,atp_daily_snapshot
2026-04-17,2026-04-17T06:12:12Z,H. Villanger,2055T,1,,atp_daily_snapshot
2026-04-17,2026-04-17T06:12:12Z,J. Vrba,2055T,1,,atp_daily_snapshot
2026-04-17,2026-04-17T06:12:12Z,A. Zaki,2055T,1,,atp_daily_snapshot
2026-04-17,2026-04-17T06:12:12Z,V. Zatsepin,2055T,1,,atp_daily_snapshot
2026-04-17,2026-04-17T06:12:12Z,Danielle Abadia,2055T,1,24.0,atp_daily_snapshot
2026-04-17,2026-04-17T06:12:12Z,Damir Abdusamadov,2055T,1,19.0,atp_daily_snapshot
2026-04-17,2026-04-17T06:12:12Z,Mohamed Ali Abibsi,2055T,1,23.0,atp_daily_snapshot
2026-04-17,2026-04-17T06:12:12Z,Felipe Assuncao Garla,2055T,1,31.0,atp_daily_snapshot
2026-04-17,2026-04-17T06:12:12Z,Flavio Bocci,2055T,1,20.0,atp_daily_snapshot
2026-04-17,2026-04-17T06:12:12Z,Enrique Bogo,2055T,1,30.0,atp_daily_snapshot
2026-04-17,2026-04-17T06:12:12Z,Thanaphat Boosarawongse,2055T,1,20.0,atp_daily_snapshot
2026-04-17,2026-04-17T06:12:12Z,Mathias Bourgue,2055T,1,32.0,atp_daily_snapshot
2026-04-17,2026-04-17T06:12:12Z,David Cristian Carteputreda,2055T,1,19.0,atp_daily_snapshot
2026-04-17,2026-04-17T06:12:12Z,Andres Gabriel Ciurletti,2055T,1,28.0,atp_daily_snapshot
2026-04-17,2026-04-17T06:12:12Z,Clement Deleersnyder,2055T,1,24.0,atp_daily_snapshot
2026-04-17,2026-04-17T06:12:12Z,João Pedro Didoni Bonini,2055T,1,18.0,atp_daily_snapshot
2026-04-17,2026-04-17T06:12:12Z,Thomas Drayton,2055T,1,22.0,atp_daily_snapshot
2026-04-17,2026-04-17T06:12:12Z,Vincent Dullinger,2055T,1,19.0,atp_daily_snapshot
2026-04-17,2026-04-17T06:12:12Z,Tarek Erlewein,2055T,1,22.0,atp_daily_snapshot
2026-04-17,2026-04-17T06:12:12Z,Andres Fernandez Canovas,2055T,1,27.0,atp_daily_snapshot
2026-04-17,2026-04-17T06:12:12Z,Barney Fitzpatrick,2055T,1,23.0,atp_daily_snapshot
2026-04-17,2026-04-17T06:12:12Z,Luis Andres Flores Avila,2055T,1,17.0,atp_daily_snapshot
2026-04-17,2026-04-17T06:12:12Z,Sai Karteek Reddy Ganta,2055T,1,25.0,atp_daily_snapshot
2026-04-17,2026-04-17T06:12:12Z,Filippo Francesco Garbero,2055T,1,17.0,atp_daily_snapshot
2026-04-17,2026-04-17T06:12:12Z,Anthony Genov,2055T,1,24.0,atp_daily_snapshot
2026-04-17,2026-04-17T06:12:12Z,Nicolas Rafael Goldberg Alviani,2055T,1,23.0,atp_daily_snapshot
2026-04-17,2026-04-17T06:12:12Z,Javier Guzman,2055T,1,22.0,atp_daily_snapshot
2026-04-17,2026-04-17T06:12:12Z,Julius Maximilian Haus,2055T,1,18.0,atp_daily_snapshot
2026-04-17,2026-04-17T06:12:12Z,Ryan Haviland,2055T,1,45.0,atp_daily_snapshot
2026-04-17,2026-04-17T06:12:12Z,Ilan Zheng-Xiong Hediger,2055T,1,19.0,atp_daily_snapshot
2026-04-17,2026-04-17T06:12:12Z,Kaeri Hernandez Mariona,2055T,1,23.0,atp_daily_snapshot
2026-04-17,2026-04-17T06:12:12Z,Sean Hess,2055T,1,25.0,atp_daily_snapshot
2026-04-17,2026-04-17T06:12:12Z,Toru Horie,2055T,1,26.0,atp_daily_snapshot
2026-04-17,2026-04-17T06:12:12Z,Dorian Juszczak,2055T,1,21.0,atp_daily_snapshot
2026-04-17,2026-04-17T06:12:12Z,Rhys Lawlor,2055T,1,17.0,atp_daily_snapshot
2026-04-17,2026-04-17T06:12:12Z,Isaac Lhomond,2055T,1,19.0,atp_daily_snapshot
2026-04-17,2026-04-17T06:12:12Z,Adam Majchrzak,2055T,1,20.0,atp_daily_snapshot
2026-04-17,2026-04-17T06:12:12Z,Aron Janos Major,2055T,1,19.0,atp_daily_snapshot
2026-04-17,2026-04-17T06:12:12Z,Franco Marini,2055T,1,24.0,atp_daily_snapshot
2026-04-17,2026-04-17T06:12:12Z,Goncalo Marques,2055T,1,20.0,atp_daily_snapshot
2026-04-17,2026-04-17T06:12:12Z,Benjamin Martin,2055T,1,20.0,atp_daily_snapshot
2026-04-17,2026-04-17T06:12:12Z,Jordi Mas De Ugarte,2055T,1,30.0,atp_daily_snapshot
2026-04-17,2026-04-17T06:12:12Z,Maciej Matuszczyk,2055T,1,22.0,atp_daily_snapshot
2026-04-17,2026-04-17T06:12:12Z,Stefan Menichella,2055T,1,31.0,atp_daily_snapshot
2026-04-17,2026-04-17T06:12:12Z,Eyad Reda Ezzat Mohamed Sherif,2055T,1,18.0,atp_daily_snapshot
2026-04-17,2026-04-17T06:12:12Z,Vicente Monge,2055T,1,19.0,atp_daily_snapshot
2026-04-17,2026-04-17T06:12:12Z,François Musitelli,2055T,1,27.0,atp_daily_snapshot
2026-04-17,2026-04-17T06:12:12Z,Fabrizio Karol Pio Osti,2055T,1,20.0,atp_daily_snapshot
2026-04-17,2026-04-17T06:12:12Z,Tomas Pinho,2055T,1,23.0,atp_daily_snapshot
2026-04-17,2026-04-17T06:12:12Z,Oscar Pinto Sansano,2055T,1,22.0,atp_daily_snapshot
2026-04-17,2026-04-17T06:12:12Z,Lautaro Rocha,2055T,1,18.0,atp_daily_snapshot
2026-04-17,2026-04-17T06:12:12Z,Kase Schinnerer,2055T,1,19.0,atp_daily_snapshot
2026-04-17,2026-04-17T06:12:12Z,Hidde Schoenmakers,2055T,1,18.0,atp_daily_snapshot
2026-04-17,2026-04-17T06:12:12Z,Joao Silva,2055T,1,18.0,atp_daily_snapshot
2026-04-17,2026-04-17T06:12:12Z,Andre Souza,2055T,1,23.0,atp_daily_snapshot
2026-04-17,2026-04-17T06:12:12Z,Filip Stidell,2055T,1,20.0,atp_daily_snapshot
2026-04-17,2026-04-17T06:12:12Z,Samuel Stolarik,2055T,1,21.0,atp_daily_snapshot
2026-04-17,2026-04-17T06:12:12Z,Bjorn Swenson,2055T,1,22.0,atp_daily_snapshot
2026-04-17,2026-04-17T06:12:12Z,Adam Gabor Szoke,2055T,1,21.0,atp_daily_snapshot
2026-04-17,2026-04-17T06:12:12Z,Alexander Ushakov,2055T,1,22.0,atp_daily_snapshot
2026-04-17,2026-04-17T06:12:12Z,Niels Peter Van Noord,2055T,1,26.0,atp_daily_snapshot
2026-04-17,2026-04-17T06:12:12Z,Alexander Vikhlyantsev,2055T,1,23.0,atp_daily_snapshot
2026-04-17,2026-04-17T06:12:12Z,Henrik Villanger,2055T,1,22.0,atp_daily_snapshot
2026-04-17,2026-04-17T06:12:12Z,Jakub Vrba,2055T,1,21.0,atp_daily_snapshot
2026-04-17,2026-04-17T06:12:12Z,Ahmed Zaki,2055T,1,21.0,atp_daily_snapshot
2026-04-17,2026-04-17T06:12:12Z,Vitaliy Zatsepin,2055T,1,20.0,atp_daily_snapshot
2026-04-17,2026-04-17T06:12:12Z,M. Alkotop,2117T,1,,atp_daily_snapshot
2026-04-17,2026-04-17T06:12:12Z,M. Andrzejczak,2117T,1,,atp_daily_snapshot
2026-04-17,2026-04-17T06:12:12Z,C. Camus,2117T,1,,atp_daily_snapshot
2026-04-17,2026-04-17T06:12:12Z,P. Charusorn,2117T,1,,atp_daily_snapshot
2026-04-17,2026-04-17T06:12:12Z,J. Freitas,2117T,1,,atp_daily_snapshot
2026-04-17,2026-04-17T06:12:12Z,H. Fu,2117T,1,,atp_daily_snapshot
2026-04-17,2026-04-17T06:12:12Z,S. Giamichelle,2117T,1,,atp_daily_snapshot
2026-04-17,2026-04-17T06:12:12Z,S. Han,2117T,1,,atp_daily_snapshot
2026-04-17,2026-04-17T06:12:12Z,H. Hashimoto,2117T,1,,atp_daily_snapshot
2026-04-17,2026-04-17T06:12:12Z,A. Heinonen,2117T,1,,atp_daily_snapshot
2026-04-17,2026-04-17T06:12:12Z,J. Jermar,2117T,1,,atp_daily_snapshot
2026-04-17,2026-04-17T06:12:12Z,R. Jones,2117T,1,,atp_daily_snapshot
2026-04-17,2026-04-17T06:12:12Z,P. Jozwicki,2117T,1,,atp_daily_snapshot
2026-04-17,2026-04-17T06:12:12Z,R. Koenders,2117T,1,,atp_daily_snapshot
2026-04-17,2026-04-17T06:12:12Z,Y. Kono,2117T,1,,atp_daily_snapshot
2026-04-17,2026-04-17T06:12:12Z,S. Konov,2117T,1,,atp_daily_snapshot
2026-04-17,2026-04-17T06:12:12Z,M. Kriznik,2117T,1,,atp_daily_snapshot
2026-04-17,2026-04-17T06:12:12Z,A. Liaonenka,2117T,1,,atp_daily_snapshot
2026-04-17,2026-04-17T06:12:12Z,N. Marosik,2117T,1,,atp_daily_snapshot
2026-04-17,2026-04-17T06:12:12Z,J. Mcgary,2117T,1,,atp_daily_snapshot
2026-04-17,2026-04-17T06:12:12Z,A. Melero Kretzer,2117T,1,,atp_daily_snapshot
2026-04-17,2026-04-17T06:12:12Z,M. Mesaglio,2117T,1,,atp_daily_snapshot
2026-04-17,2026-04-17T06:12:12Z,D. Minighini,2117T,1,,atp_daily_snapshot
2026-04-17,2026-04-17T06:12:12Z,B. Nagy,2117T,1,,atp_daily_snapshot
2026-04-17,2026-04-17T06:12:12Z,S. Nanobashvili,2117T,1,,atp_daily_snapshot
2026-04-17,2026-04-17T06:12:12Z,N. Noikor,2117T,1,,atp_daily_snapshot
2026-04-17,2026-04-17T06:12:12Z,O. Reyes Tirado,2117T,1,,atp_daily_snapshot
2026-04-17,2026-04-17T06:12:12Z,C. Stanke,2117T,1,,atp_daily_snapshot
2026-04-17,2026-04-17T06:12:12Z,C. Stirbu,2117T,1,,atp_daily_snapshot
2026-04-17,2026-04-17T06:12:12Z,S. Suden,2117T,1,,atp_daily_snapshot
2026-04-17,2026-04-17T06:12:12Z,R. Vaksmann,2117T,1,,atp_daily_snapshot
2026-04-17,2026-04-17T06:12:12Z,M. Varbanciu,2117T,1,,atp_daily_snapshot
2026-04-17,2026-04-17T06:12:12Z,Q. Wang,2117T,1,,atp_daily_snapshot
2026-04-17,2026-04-17T06:12:12Z,W. Xu,2117T,1,,atp_daily_snapshot
2026-04-17,2026-04-17T06:12:12Z,Mohammad Alkotop,2117T,1,21.0,atp_daily_snapshot
2026-04-17,2026-04-17T06:12:12Z,Marcin Andrzejczak,2117T,1,19.0,atp_daily_snapshot
2026-04-17,2026-04-17T06:12:12Z,Charlie Camus,2117T,1,19.0,atp_daily_snapshot
2026-04-17,2026-04-17T06:12:12Z,Penn Charusorn,2117T,1,18.0,atp_daily_snapshot
2026-04-17,2026-04-17T06:12:12Z,Jose Freitas,2117T,1,19.0,atp_daily_snapshot
2026-04-17,2026-04-17T06:12:12Z,Hong-Lin Fu,2117T,1,24.0,atp_daily_snapshot
2026-04-17,2026-04-17T06:12:12Z,Santiago Giamichelle,2117T,1,22.0,atp_daily_snapshot
2026-04-17,2026-04-17T06:12:12Z,Seonyong Han,2117T,1,25.0,atp_daily_snapshot
2026-04-17,2026-04-17T06:12:12Z,Hugo Hashimoto,2117T,1,23.0,atp_daily_snapshot
2026-04-17,2026-04-17T06:12:12Z,Adam Heinonen,2117T,1,23.0,atp_daily_snapshot
2026-04-17,2026-04-17T06:12:12Z,Jan Jermar,2117T,1,26.0,atp_daily_snapshot
2026-04-17,2026-04-17T06:12:12Z,Roan Jones,2117T,1,22.0,atp_daily_snapshot
2026-04-17,2026-04-17T06:12:12Z,Patrick Jozwicki,2117T,1,21.0,atp_daily_snapshot
2026-04-17,2026-04-17T06:12:12Z,Rein Koenders,2117T,1,19.0,atp_daily_snapshot
2026-04-17,2026-04-17T06:12:12Z,Yuhei Kono,2117T,1,30.0,atp_daily_snapshot
2026-04-17,2026-04-17T06:12:12Z,Samuil Konov,2117T,1,23.0,atp_daily_snapshot
2026-04-17,2026-04-17T06:12:12Z,Matic Kriznik,2117T,1,20.0,atp_daily_snapshot
2026-04-17,2026-04-17T06:12:12Z,Aliaksandr Liaonenka,2117T,1,27.0,atp_daily_snapshot
2026-04-17,2026-04-17T06:12:12Z,Norbert Marosik,2117T,1,22.0,atp_daily_snapshot
2026-04-17,2026-04-17T06:12:12Z,Jack Patrick Mcgary,2117T,1,20.0,atp_daily_snapshot
2026-04-17,2026-04-17T06:12:12Z,Alejandro Melero Kretzer,2117T,1,21.0,atp_daily_snapshot
2026-04-17,2026-04-17T06:12:12Z,Matteo Mesaglio,2117T,1,21.0,atp_daily_snapshot
2026-04-17,2026-04-17T06:12:12Z,Daniele Minighini,2117T,1,21.0,atp_daily_snapshot
2026-04-17,2026-04-17T06:12:12Z,Botond Nagy,2117T,1,18.0,atp_daily_snapshot
2026-04-17,2026-04-17T06:12:12Z,Saba George Nanobashvili,2117T,1,21.0,atp_daily_snapshot
2026-04-17,2026-04-17T06:12:12Z,Noppadol Noikor,2117T,1,26.0,atp_daily_snapshot
2026-04-17,2026-04-17T06:12:12Z,Oswaldo Alejandro Reyes Tirado,2117T,1,18.0,atp_daily_snapshot
2026-04-17,2026-04-17T06:12:12Z,Cedric Stanke,2117T,1,27.0,atp_daily_snapshot
2026-04-17,2026-04-17T06:12:12Z,Calin Teodor Stirbu,2117T,1,20.0,atp_daily_snapshot
2026-04-17,2026-04-17T06:12:12Z,Sarthak Suden,2117T,1,24.0,atp_daily_snapshot
2026-04-17,2026-04-17T06:12:12Z,Raphael Vaksmann,2117T,1,19.0,atp_daily_snapshot
2026-04-17,2026-04-17T06:12:12Z,Matei Varbanciu,2117T,1,19.0,atp_daily_snapshot
2026-04-17,2026-04-17T06:12:12Z,Qiulin Wang,2117T,1,23.0,atp_daily_snapshot
2026-04-17,2026-04-17T06:12:12Z,Weitao Xu,2117T,1,20.0,atp_daily_snapshot
2026-04-17,2026-04-17T06:12:12Z,S. Ann,2151T,1,,atp_daily_snapshot
2026-04-17,2026-04-17T06:12:12Z,G. Biondolillo,2151T,1,,atp_daily_snapshot
2026-04-17,2026-04-17T06:12:12Z,J. Braswell,2151T,1,,atp_daily_snapshot
2026-04-17,2026-04-17T06:12:12Z,M. Carrascosa Diaz,2151T,1,,atp_daily_snapshot
2026-04-17,2026-04-17T06:12:12Z,P. Chabalgoity,2151T,1,,atp_daily_snapshot
2026-04-17,2026-04-17T06:12:12Z,E. De Filippo,2151T,1,,atp_daily_snapshot
2026-04-17,2026-04-17T06:12:12Z,L. Fomba,2151T,1,,atp_daily_snapshot
2026-04-17,2026-04-17T06:12:12Z,A. Gadoiu,2151T,1,,atp_daily_snapshot
2026-04-17,2026-04-17T06:12:12Z,M. Gribaldo,2151T,1,,atp_daily_snapshot
2026-04-17,2026-04-17T06:12:12Z,A. Hebhang Balan,2151T,1,,atp_daily_snapshot
2026-04-17,2026-04-17T06:12:12Z,L. Hede,2151T,1,,atp_daily_snapshot
2026-04-17,2026-04-17T06:12:12Z,P. Iamachkine,2151T,1,,atp_daily_snapshot
2026-04-17,2026-04-17T06:12:12Z,R. Jarvis,2151T,1,,atp_daily_snapshot
2026-04-17,2026-04-17T06:12:12Z,R. Kastsiukevich,2151T,1,,atp_daily_snapshot
2026-04-17,2026-04-17T06:12:12Z,R. Kis Balazs,2151T,1,,atp_daily_snapshot
2026-04-17,2026-04-17T06:12:12Z,N. Lehmann,2151T,1,,atp_daily_snapshot
2026-04-17,2026-04-17T06:12:12Z,N. Lootsma,2151T,1,,atp_daily_snapshot
2026-04-17,2026-04-17T06:12:12Z,A. Lynch,2151T,1,,atp_daily_snapshot
2026-04-17,2026-04-17T06:12:12Z,V. Menezes Freda,2151T,1,,atp_daily_snapshot
2026-04-17,2026-04-17T06:12:12Z,S. Monteiro,2151T,1,,atp_daily_snapshot
2026-04-17,2026-04-17T06:12:12Z,R. Oktay,2151T,1,,atp_daily_snapshot
2026-04-17,2026-04-17T06:12:12Z,D. Piatrouski,2151T,1,,atp_daily_snapshot
2026-04-17,2026-04-17T06:12:12Z,G. Pinheiro Da Cruz Junior,2151T,1,,atp_daily_snapshot
2026-04-17,2026-04-17T06:12:12Z,P. Sallay,2151T,1,,atp_daily_snapshot
2026-04-17,2026-04-17T06:12:12Z,E. Sanogo,2151T,1,,atp_daily_snapshot
2026-04-17,2026-04-17T06:12:12Z,M. Sciahbasi,2151T,1,,atp_daily_snapshot
2026-04-17,2026-04-17T06:12:12Z,K. Seelig,2151T,1,,atp_daily_snapshot
2026-04-17,2026-04-17T06:12:12Z,L. Seidman,2151T,1,,atp_daily_snapshot
2026-04-17,2026-04-17T06:12:12Z,D. Vasilev,2151T,1,,atp_daily_snapshot
2026-04-17,2026-04-17T06:12:12Z,Suk Ann,2151T,1,23.0,atp_daily_snapshot
2026-04-17,2026-04-17T06:12:12Z,Gregorio Biondolillo,2151T,1,26.0,atp_daily_snapshot
2026-04-17,2026-04-17T06:12:12Z,Jonah Braswell,2151T,1,22.0,atp_daily_snapshot
2026-04-17,2026-04-17T06:12:12Z,Maxi Carrascosa Diaz,2151T,1,17.0,atp_daily_snapshot
2026-04-17,2026-04-17T06:12:12Z,Pedro Henrique Chabalgoity,2151T,1,17.0,atp_daily_snapshot
2026-04-17,2026-04-17T06:12:12Z,Edoardo De Filippo,2151T,1,21.0,atp_daily_snapshot
2026-04-17,2026-04-17T06:12:12Z,Luc Fomba,2151T,1,27.0,atp_daily_snapshot
2026-04-17,2026-04-17T06:12:12Z,Andrei Corneliu Gadoiu,2151T,1,17.0,atp_daily_snapshot
2026-04-17,2026-04-17T06:12:12Z,Matteo Gribaldo,2151T,1,17.0,atp_daily_snapshot
2026-04-17,2026-04-17T06:12:12Z,Alexandru Toubi Hebhang Balan,2151T,1,17.0,atp_daily_snapshot
2026-04-17,2026-04-17T06:12:12Z,Ludvig Fredrik Hede,2151T,1,19.0,atp_daily_snapshot
2026-04-17,2026-04-17T06:12:12Z,Petr Iamachkine,2151T,1,30.0,atp_daily_snapshot
2026-04-17,2026-04-17T06:12:12Z,Reid Jarvis,2151T,1,25.0,atp_daily_snapshot
2026-04-17,2026-04-17T06:12:12Z,Ruslan Kastsiukevich,2151T,1,18.0,atp_daily_snapshot
2026-04-17,2026-04-17T06:12:12Z,Rafael Kis Balazs,2151T,1,24.0,atp_daily_snapshot
2026-04-17,2026-04-17T06:12:12Z,Karl Kazuma Lee,2151T,1,23.0,atp_daily_snapshot
2026-04-17,2026-04-17T06:12:12Z,Nikos Lehmann,2151T,1,20.0,atp_daily_snapshot
2026-04-17,2026-04-17T06:12:12Z,Niels Lootsma,2151T,1,31.0,atp_daily_snapshot
2026-04-17,2026-04-17T06:12:12Z,Adam Lynch,2151T,1,22.0,atp_daily_snapshot
2026-04-17,2026-04-17T06:12:12Z,Vicente Menezes Freda,2151T,1,18.0,atp_daily_snapshot
2026-04-17,2026-04-17T06:12:12Z,Salvador Monteiro,2151T,1,18.0,atp_daily_snapshot
2026-04-17,2026-04-17T06:12:12Z,Ramazan Kaan Oktay,2151T,1,17.0,atp_daily_snapshot
2026-04-17,2026-04-17T06:12:12Z,Daniil Piatrouski,2151T,1,22.0,atp_daily_snapshot
2026-04-17,2026-04-17T06:12:12Z,Glauco Pinheiro Da Cruz Junior,2151T,1,21.0,atp_daily_snapshot
2026-04-17,2026-04-17T06:12:12Z,Peter Sallay,2151T,1,25.0,atp_daily_snapshot
2026-04-17,2026-04-17T06:12:12Z,Elijah Sanogo,2151T,1,17.0,atp_daily_snapshot
2026-04-17,2026-04-17T06:12:12Z,Matteo Sciahbasi,2151T,1,19.0,atp_daily_snapshot
2026-04-17,2026-04-17T06:12:12Z,Kyle Seelig,2151T,1,28.0,atp_daily_snapshot
2026-04-17,2026-04-17T06:12:12Z,Lev Seidman,2151T,1,18.0,atp_daily_snapshot
2026-04-17,2026-04-17T06:12:12Z,Dmitrii Vasilev,2151T,1,24.0,atp_daily_snapshot
2026-04-17,2026-04-17T06:12:12Z,A. Alvarado Berrospi,2181T,1,,atp_daily_snapshot
2026-04-17,2026-04-17T06:12:12Z,R. Andres,2181T,1,,atp_daily_snapshot
2026-04-17,2026-04-17T06:12:12Z,P. Aunion,2181T,1,,atp_daily_snapshot
2026-04-17,2026-04-17T06:12:12Z,R. Dhokia,2181T,1,,atp_daily_snapshot
2026-04-17,2026-04-17T06:12:12Z,J. Hendrikx,2181T,1,,atp_daily_snapshot
2026-04-17,2026-04-17T06:12:12Z,L. Hignett,2181T,1,,atp_daily_snapshot
2026-04-17,2026-04-17T06:12:12Z,V. Holban,2181T,1,,atp_daily_snapshot
2026-04-17,2026-04-17T06:12:12Z,N. Hurtado Novoa,2181T,1,,atp_daily_snapshot
2026-04-17,2026-04-17T06:12:12Z,J. Karlsson Wistrand,2181T,1,,atp_daily_snapshot
2026-04-17,2026-04-17T06:12:12Z,L. Kurniawan,2181T,1,,atp_daily_snapshot
2026-04-17,2026-04-17T06:12:12Z,C. Maguire,2181T,1,,atp_daily_snapshot
2026-04-17,2026-04-17T06:12:12Z,K. Malirz,2181T,1,,atp_daily_snapshot
2026-04-17,2026-04-17T06:12:12Z,P. Masjuan Ginel,2181T,1,,atp_daily_snapshot
2026-04-17,2026-04-17T06:12:12Z,t. Menzel,2181T,1,,atp_daily_snapshot
2026-04-17,2026-04-17T06:12:12Z,A. Messis,2181T,1,,atp_daily_snapshot
2026-04-17,2026-04-17T06:12:12Z,Z. Mingzhou,2181T,1,,atp_daily_snapshot
2026-04-17,2026-04-17T06:12:12Z,M. Mouilleron Salvo,2181T,1,,atp_daily_snapshot
2026-04-17,2026-04-17T06:12:12Z,N. Muamba,2181T,1,,atp_daily_snapshot
2026-04-17,2026-04-17T06:12:12Z,J. Tyler,2181T,1,,atp_daily_snapshot
2026-04-17,2026-04-17T06:12:12Z,L. Vojinovic,2181T,1,,atp_daily_snapshot
2026-04-17,2026-04-17T06:12:12Z,D. Yoshimura,2181T,1,,atp_daily_snapshot
2026-04-17,2026-04-17T06:12:12Z,Z. Zheng,2181T,1,,atp_daily_snapshot
2026-04-17,2026-04-17T06:12:12Z,Alberto Odiseo Alvarado Berrospi,2181T,1,25.0,atp_daily_snapshot
2026-04-17,2026-04-17T06:12:12Z,Romain Andres,2181T,1,19.0,atp_daily_snapshot
2026-04-17,2026-04-17T06:12:12Z,Pablo Aunion,2181T,1,18.0,atp_daily_snapshot
2026-04-17,2026-04-17T06:12:12Z,Rahul Dhokia,2181T,1,25.0,atp_daily_snapshot
2026-04-17,2026-04-17T06:12:12Z,Jim Hendrikx,2181T,1,24.0,atp_daily_snapshot
2026-04-17,2026-04-17T06:12:12Z,Liam Hignett,2181T,1,26.0,atp_daily_snapshot
2026-04-17,2026-04-17T06:12:12Z,Vladimir Holban,2181T,1,20.0,atp_daily_snapshot
2026-04-17,2026-04-17T06:12:12Z,Nicolas Hurtado Novoa,2181T,1,18.0,atp_daily_snapshot
2026-04-17,2026-04-17T06:12:12Z,Jack Karlsson Wistrand,2181T,1,23.0,atp_daily_snapshot
2026-04-17,2026-04-17T06:12:12Z,Lucky Candra Kurniawan,2181T,1,22.0,atp_daily_snapshot
2026-04-17,2026-04-17T06:12:12Z,Cian Maguire,2181T,1,26.0,atp_daily_snapshot
2026-04-17,2026-04-17T06:12:12Z,Karol Malirz,2181T,1,23.0,atp_daily_snapshot
2026-04-17,2026-04-17T06:12:12Z,Pablo Masjuan Ginel,2181T,1,23.0,atp_daily_snapshot
2026-04-17,2026-04-17T06:12:12Z,thomas Menzel,2181T,1,18.0,atp_daily_snapshot
2026-04-17,2026-04-17T06:12:12Z,Andreas Messis,2181T,1,18.0,atp_daily_snapshot
2026-04-17,2026-04-17T06:12:12Z,Zhou Mingzhou,2181T,1,25.0,atp_daily_snapshot
2026-04-17,2026-04-17T06:12:12Z,Manuel Mouilleron Salvo,2181T,1,23.0,atp_daily_snapshot
2026-04-17,2026-04-17T06:12:12Z,Nicaise Muamba,2181T,1,25.0,atp_daily_snapshot
2026-04-17,2026-04-17T06:12:12Z,Joe Tyler,2181T,1,27.0,atp_daily_snapshot
2026-04-17,2026-04-17T06:12:12Z,Lazar Vojinovic,2181T,1,27.0,atp_daily_snapshot
2026-04-17,2026-04-17T06:12:12Z,Daiki Yoshimura,2181T,1,24.0,atp_daily_snapshot
2026-04-17,2026-04-17T06:12:12Z,Zhan Zheng,2181T,1,23.0,atp_daily_snapshot
2026-04-17,2026-04-17T06:12:12Z,Z. Adam-Gedge,2203T,1,,atp_daily_snapshot
2026-04-17,2026-04-17T06:12:12Z,D. Bogatov,2203T,1,,atp_daily_snapshot
2026-04-17,2026-04-17T06:12:12Z,A. Bueno Gil,2203T,1,,atp_daily_snapshot
2026-04-17,2026-04-17T06:12:12Z,A. Burdet,2203T,1,,atp_daily_snapshot
2026-04-17,2026-04-17T06:12:12Z,X. Han,2203T,1,,atp_daily_snapshot
2026-04-17,2026-04-17T06:12:12Z,G. Hausberger,2203T,1,,atp_daily_snapshot
2026-04-17,2026-04-17T06:12:12Z,K. Koaykul,2203T,1,,atp_daily_snapshot
2026-04-17,2026-04-17T06:12:12Z,R. Matsumura,2203T,1,,atp_daily_snapshot
2026-04-17,2026-04-17T06:12:12Z,K. Overmyer,2203T,1,,atp_daily_snapshot
2026-04-17,2026-04-17T06:12:12Z,C. Tufekci,2203T,1,,atp_daily_snapshot
2026-04-17,2026-04-17T06:12:12Z,Y. Wageh,2203T,1,,atp_daily_snapshot
2026-04-17,2026-04-17T06:12:12Z,M. Zhang,2203T,1,,atp_daily_snapshot
2026-04-17,2026-04-17T06:12:12Z,Zachary Adam-Gedge,2203T,1,23.0,atp_daily_snapshot
2026-04-17,2026-04-17T06:12:12Z,Daniil Bogatov,2203T,1,19.0,atp_daily_snapshot
2026-04-17,2026-04-17T06:12:12Z,Alvaro Bueno Gil,2203T,1,25.0,atp_daily_snapshot
2026-04-17,2026-04-17T06:12:12Z,Adrien Burdet,2203T,1,24.0,atp_daily_snapshot
2026-04-17,2026-04-17T06:12:12Z,Xirui Han,2203T,1,20.0,atp_daily_snapshot
2026-04-17,2026-04-17T06:12:12Z,Gregor Hausberger,2203T,1,22.0,atp_daily_snapshot
2026-04-17,2026-04-17T06:12:12Z,Krittin Koaykul,2203T,1,31.0,atp_daily_snapshot
2026-04-17,2026-04-17T06:12:12Z,Ryotero Matsumura,2203T,1,29.0,atp_daily_snapshot
2026-04-17,2026-04-17T06:12:12Z,Kyle Overmyer,2203T,1,22.0,atp_daily_snapshot
2026-04-17,2026-04-17T06:12:12Z,Cagan Efe Tufekci,2203T,1,22.0,atp_daily_snapshot
2026-04-17,2026-04-17T06:12:12Z,Yassin Ahmed Wageh,2203T,1,18.0,atp_daily_snapshot
2026-04-17,2026-04-17T06:12:12Z,Minghui Zhang,2203T,1,21.0,atp_daily_snapshot
2026-04-17,2026-04-17T06:12:12Z,M. Carballo,2215T,1,,atp_daily_snapshot
2026-04-17,2026-04-17T06:12:12Z,L. Delicata,2215T,1,,atp_daily_snapshot
2026-04-17,2026-04-17T06:12:12Z,L. Ferri,2215T,1,,atp_daily_snapshot
2026-04-17,2026-04-17T06:12:12Z,C. Giraldi,2215T,1,,atp_daily_snapshot
2026-04-17,2026-04-17T06:12:12Z,I. Iutkin,2215T,1,,atp_daily_snapshot
2026-04-17,2026-04-17T06:12:12Z,F. Krolo,2215T,1,,atp_daily_snapshot
2026-04-17,2026-04-17T06:12:12Z,I. Nortey,2215T,1,,atp_daily_snapshot
2026-04-17,2026-04-17T06:12:12Z,Y. Park,2215T,1,,atp_daily_snapshot
2026-04-17,2026-04-17T06:12:12Z,E. Qabazard,2215T,1,,atp_daily_snapshot
2026-04-17,2026-04-17T06:12:12Z,B. Urvaneja,2215T,1,,atp_daily_snapshot
2026-04-17,2026-04-17T06:12:12Z,Mateo Carballo,2215T,1,19.0,atp_daily_snapshot
2026-04-17,2026-04-17T06:12:12Z,Liam Delicata,2215T,1,24.0,atp_daily_snapshot
2026-04-17,2026-04-17T06:12:12Z,Lorenzo Ferri,2215T,1,22.0,atp_daily_snapshot
2026-04-17,2026-04-17T06:12:12Z,Carlos Giraldi,2215T,1,20.0,atp_daily_snapshot
2026-04-17,2026-04-17T06:12:12Z,Ivan Iutkin,2215T,1,19.0,atp_daily_snapshot
2026-04-17,2026-04-17T06:12:12Z,Filip Krolo,2215T,1,24.0,atp_daily_snapshot
2026-04-17,2026-04-17T06:12:12Z,Isaac Nortey,2215T,1,26.0,atp_daily_snapshot
2026-04-17,2026-04-17T06:12:12Z,Yong Joon Park,2215T,1,24.0,atp_daily_snapshot
2026-04-17,2026-04-17T06:12:12Z,Essa Qabazard,2215T,1,24.0,atp_daily_snapshot
2026-04-17,2026-04-17T06:12:12Z,Breno Rossetto Urvaneja,2215T,1,21.0,atp_daily_snapshot
2026-04-17,2026-04-17T06:12:12Z,T. Wong,2225,1,,atp_daily_snapshot
2026-04-17,2026-04-17T06:12:12Z,Tsz Fu Wong,2225,1,20.0,atp_daily_snapshot
2026-04-17,2026-04-17T06:12:12Z,A. Arcon,2226T,1,,atp_daily_snapshot
2026-04-17,2026-04-17T06:12:12Z,M. Dimic,2226T,1,,atp_daily_snapshot
2026-04-17,2026-04-17T06:12:12Z,Adrian Arcon,2226T,1,24.0,atp_daily_snapshot
2026-04-17,2026-04-17T06:12:12Z,Matic Dimic,2226T,1,24.0,atp_daily_snapshot
2026-04-17,2026-04-17T06:12:12Z,K. Arinc,2228,1,,atp_daily_snapshot
2026-04-17,2026-04-17T06:12:12Z,Kaya Arinc,2228,1,26.0,atp_daily_snapshot
2026-04-17,2026-04-17T06:12:12Z,A. Sharma,2229,1,,atp_daily_snapshot
2026-04-17,2026-04-17T06:12:12Z,Atharva Sharma,2229,1,25.0,atp_daily_snapshot
2026-04-17,2026-04-17T06:12:12Z,A. Farag Cao,2230,1,,atp_daily_snapshot
2026-04-17,2026-04-17T06:12:12Z,Adam Farag Cao,2230,1,18.0,atp_daily_snapshot
2026-04-17,2026-04-17T06:12:12Z,B. Seleznev,2231,1,,atp_daily_snapshot
2026-04-17,2026-04-17T06:12:12Z,Bogdan Seleznev,2231,1,23.0,atp_daily_snapshot
