date,year,surface,winner_name,loser_name,winner_odds,loser_odds,odds_source
2022-01-03,2022,hard,kwon s.w.,nishioka y.,1.7,2.26,pinnacle
2022-01-03,2022,hard,monteiro t.,altmaier d.,2.49,1.6,pinnacle
2022-01-03,2022,hard,djere l.,carballes baena r.,1.81,2.1,pinnacle
2022-01-03,2022,hard,johnson s.,vukic a.,2.21,1.74,pinnacle
2022-01-04,2022,hard,moutet c.,rune h.,2.66,1.53,pinnacle
2022-01-04,2022,hard,daniel t.,musetti l.,2.19,1.75,pinnacle
2022-01-04,2022,hard,gerasimov e.,fucsovics m.,2.91,1.46,pinnacle
2022-01-04,2022,hard,ymer m.,bonzi b.,2.15,1.78,pinnacle
2022-01-04,2022,hard,cerundolo j.m.,bolt a.,2.87,1.47,pinnacle
2022-01-04,2022,hard,paul t.,vesely j.,1.35,3.45,pinnacle
2022-01-04,2022,hard,mager g.,cerundolo f.,1.94,1.94,pinnacle
2022-01-04,2022,hard,kokkinakis t.,millman j.,1.8,2.11,pinnacle
2022-01-05,2022,hard,djere l.,moutet c.,2.31,1.69,pinnacle
2022-01-05,2022,hard,cilic m.,monteiro t.,1.34,3.6,pinnacle
2022-01-05,2022,hard,ymer m.,kwon s.w.,2.33,1.68,pinnacle
2022-01-05,2022,hard,kokkinakis t.,tiafoe f.,2.37,1.66,pinnacle
2022-01-06,2022,hard,paul t.,daniel t.,1.3,3.93,pinnacle
2022-01-06,2022,hard,gerasimov e.,mager g.,1.75,2.21,pinnacle
2022-01-06,2022,hard,khachanov k.,johnson s.,1.29,3.99,pinnacle
2022-01-06,2022,hard,monfils g.,cerundolo j.m.,1.2,5.21,pinnacle
2022-01-07,2022,hard,cilic m.,djere l.,1.31,3.85,pinnacle
2022-01-07,2022,hard,monfils g.,paul t.,1.63,2.44,pinnacle
2022-01-07,2022,hard,khachanov k.,gerasimov e.,1.26,4.3,pinnacle
2022-01-07,2022,hard,kokkinakis t.,ymer m.,1.68,2.33,pinnacle
2022-01-08,2022,hard,khachanov k.,cilic m.,2.16,1.78,pinnacle
2022-01-08,2022,hard,monfils g.,kokkinakis t.,1.41,3.17,pinnacle
2022-01-09,2022,hard,monfils g.,khachanov k.,1.63,2.44,pinnacle
2022-01-04,2022,hard,bagnis f.,murray a.,8.72,1.09,pinnacle
2022-01-04,2022,hard,van de zandschulp b.,mannarino a.,1.5,2.77,pinnacle
2022-01-04,2022,hard,mcdonald m.,gojowczyk p.,1.4,3.2,pinnacle
2022-01-04,2022,hard,griekspoor t.,koepfer d.,1.54,2.62,pinnacle
2022-01-05,2022,hard,berankis r.,giron m.,2.35,1.66,pinnacle
2022-01-05,2022,hard,thompson j.,o connell c.,1.99,1.9,pinnacle
2022-01-05,2022,hard,ruusuvuori e.,baez s.,1.52,2.68,pinnacle
2022-01-05,2022,hard,laaksonen h.,paire b.,1.37,3.32,pinnacle
2022-01-05,2022,hard,molcan a.,seppi a.,1.71,2.25,pinnacle
2022-01-05,2022,hard,popyrin a.,travaglia s.,1.58,2.53,pinnacle
2022-01-05,2022,hard,cressy m.,hijikata r.,1.51,2.74,pinnacle
2022-01-05,2022,hard,munar j.,anderson k.,2.88,1.47,pinnacle
2022-01-06,2022,hard,ruusuvuori e.,thompson j.,1.46,2.96,pinnacle
2022-01-06,2022,hard,molcan a.,goffin d.,1.66,2.38,pinnacle
2022-01-06,2022,hard,dimitrov g.,bagnis f.,1.18,5.59,pinnacle
2022-01-06,2022,hard,nadal r.,berankis r.,1.16,6.17,pinnacle
2022-01-06,2022,hard,munar j.,laaksonen h.,2.24,1.73,pinnacle
2022-01-06,2022,hard,griekspoor t.,popyrin a.,1.92,1.99,pinnacle
2022-01-06,2022,hard,cressy m.,opelka r.,2.29,1.7,pinnacle
2022-01-06,2022,hard,van de zandschulp b.,mcdonald m.,2.01,1.9,pinnacle
2022-01-07,2022,hard,ruusuvuori e.,molcan a.,1.67,2.36,pinnacle
2022-01-07,2022,hard,nadal r.,griekspoor t.,1.23,4.66,pinnacle
2022-01-07,2022,hard,cressy m.,munar j.,1.79,2.14,pinnacle
2022-01-07,2022,hard,dimitrov g.,van de zandschulp b.,1.71,2.27,pinnacle
2022-01-08,2022,hard,cressy m.,dimitrov g.,3.38,1.37,pinnacle
2022-01-08,2022,hard,nadal r.,ruusuvuori e.,1.25,4.42,pinnacle
2022-01-09,2022,hard,nadal r.,cressy m.,1.16,6.15,pinnacle
2022-01-10,2022,hard,vukic a.,bublik a.,2.02,1.88,pinnacle
2022-01-10,2022,hard,paul t.,tiafoe f.,2.07,1.83,pinnacle
2022-01-10,2022,hard,rinderknech a.,mcdonald m.,2.41,1.63,pinnacle
2022-01-10,2022,hard,munar j.,millman j.,2.35,1.65,pinnacle
2022-01-11,2022,hard,moutet c.,struff j.l.,2.1,1.81,pinnacle
2022-01-11,2022,hard,kwon s.w.,harris l.,2.41,1.63,pinnacle
2022-01-11,2022,hard,johnson s.,bolt a.,1.32,3.67,pinnacle
2022-01-11,2022,hard,bonzi b.,carballes baena r.,1.68,2.27,pinnacle
2022-01-11,2022,hard,fucsovics m.,van de zandschulp b.,2.19,1.75,pinnacle
2022-01-11,2022,hard,mager g.,gerasimov e.,2.43,1.62,pinnacle
2022-01-11,2022,hard,kokkinakis t.,paire b.,1.31,3.74,pinnacle
2022-01-11,2022,hard,monteiro t.,nishioka y.,1.95,1.93,pinnacle
2022-01-11,2022,hard,rinderknech a.,kwon s.w.,1.95,1.95,pinnacle
2022-01-12,2022,hard,cilic m.,munar j.,1.34,3.57,pinnacle
2022-01-12,2022,hard,paul t.,bonzi b.,1.43,3.09,pinnacle
2022-01-12,2022,hard,khachanov k.,mager g.,1.21,4.98,pinnacle
2022-01-12,2022,hard,vukic a.,johnson s.,1.94,1.96,pinnacle
2022-01-12,2022,hard,kokkinakis t.,isner j.,1.79,2.14,pinnacle
2022-01-12,2022,hard,monteiro t.,monfils g.,5.16,1.2,pinnacle
2022-01-12,2022,hard,moutet c.,fucsovics m.,2.27,1.71,pinnacle
2022-01-13,2022,hard,rinderknech a.,khachanov k.,3.09,1.43,pinnacle
2022-01-13,2022,hard,cilic m.,paul t.,1.67,2.36,pinnacle
2022-01-13,2022,hard,moutet c.,monteiro t.,1.48,2.87,pinnacle
2022-01-13,2022,hard,kokkinakis t.,vukic a.,1.51,2.77,pinnacle
2022-01-14,2022,hard,rinderknech a.,moutet c.,2.23,1.74,pinnacle
2022-01-14,2022,hard,kokkinakis t.,cilic m.,2.45,1.62,pinnacle
2022-01-15,2022,hard,kokkinakis t.,rinderknech a.,1.91,2.0,pinnacle
2022-01-10,2022,hard,goffin d.,bagnis f.,1.68,2.29,pinnacle
2022-01-10,2022,hard,sonego l.,gaston h.,1.51,2.74,pinnacle
2022-01-10,2022,hard,thompson j.,giron m.,2.33,1.67,pinnacle
2022-01-10,2022,hard,fognini f.,altmaier d.,1.44,2.75,bet365
2022-01-11,2022,hard,baez s.,o connell c.,2.19,1.75,pinnacle
2022-01-11,2022,hard,nakashima b.,vesely j.,1.5,2.77,pinnacle
2022-01-11,2022,hard,kudla d.,delbonis f.,1.89,1.98,pinnacle
2022-01-11,2022,hard,kecmanovic m.,travaglia s.,1.73,2.22,pinnacle
2022-01-11,2022,hard,martinez p.,popyrin a.,2.5,1.59,pinnacle
2022-01-11,2022,hard,lajovic d.,davidovich fokina a.,2.67,1.53,pinnacle
2022-01-11,2022,hard,cressy m.,mannarino a.,1.61,2.44,pinnacle
2022-01-11,2022,hard,murray a.,durasovic v.,1.08,9.38,pinnacle
2022-01-12,2022,hard,sonego l.,baez s.,1.53,2.69,pinnacle
2022-01-12,2022,hard,nakashima b.,fognini f.,1.56,2.62,pinnacle
2022-01-12,2022,hard,evans d.,martinez p.,1.3,3.88,pinnacle
2022-01-12,2022,hard,karatsev a.,kecmanovic m.,1.63,2.44,pinnacle
2022-01-12,2022,hard,opelka r.,thompson j.,1.61,2.48,pinnacle
2022-01-12,2022,hard,goffin d.,kudla d.,1.64,2.41,pinnacle
2022-01-12,2022,hard,murray a.,basilashvili n.,1.34,3.61,pinnacle
2022-01-13,2022,hard,cressy m.,lajovic d.,1.44,3.01,pinnacle
2022-01-13,2022,hard,karatsev a.,sonego l.,1.71,2.28,pinnacle
2022-01-13,2022,hard,opelka r.,nakashima b.,2.11,1.82,pinnacle
2022-01-13,2022,hard,murray a.,goffin d.,1.69,2.3,pinnacle
2022-01-13,2022,hard,evans d.,cressy m.,1.56,2.56,pinnacle
2022-01-14,2022,hard,murray a.,opelka r.,1.78,2.17,pinnacle
2022-01-14,2022,hard,karatsev a.,evans d.,2.4,1.65,pinnacle
2022-01-15,2022,hard,karatsev a.,murray a.,1.76,2.2,pinnacle
2022-01-17,2022,hard,shapovalov d.,djere l.,1.07,10.98,pinnacle
2022-01-17,2022,hard,kwon s.w.,rune h.,1.64,2.42,pinnacle
2022-01-17,2022,hard,lajovic d.,fucsovics m.,3.43,1.36,pinnacle
2022-01-17,2022,hard,vukic a.,harris l.,3.47,1.36,pinnacle
2022-01-17,2022,hard,garin c.,bagnis f.,1.52,2.75,pinnacle
2022-01-17,2022,hard,martinez p.,delbonis f.,1.3,3.89,pinnacle
2022-01-17,2022,hard,bonzi b.,gojowczyk p.,1.36,3.47,pinnacle
2022-01-17,2022,hard,albot r.,nishioka y.,1.93,1.97,pinnacle
2022-01-17,2022,hard,alcaraz c.,tabilo a.,1.16,6.3,pinnacle
2022-01-17,2022,hard,kozlov s.,vesely j.,2.66,1.54,pinnacle
2022-01-17,2022,hard,monfils g.,coria f.,1.03,18.65,pinnacle
2022-01-17,2022,hard,berrettini m.,nakashima b.,1.36,3.43,pinnacle
2022-01-17,2022,hard,khachanov k.,kudla d.,1.11,7.95,pinnacle
2022-01-17,2022,hard,mannarino a.,duckworth j.,2.67,1.54,pinnacle
2022-01-17,2022,hard,carreno busta p.,etcheverry t.,1.06,11.95,pinnacle
2022-01-17,2022,hard,bublik a.,escobedo e.,1.69,2.31,pinnacle
2022-01-17,2022,hard,nadal r.,giron m.,1.04,15.56,pinnacle
2022-01-17,2022,hard,korda s.,norrie c.,2.48,1.61,pinnacle
2022-01-17,2022,hard,hurkacz h.,gerasimov e.,1.11,8.2,pinnacle
2022-01-17,2022,hard,koepfer d.,taberner c.,1.36,3.43,pinnacle
2022-01-17,2022,hard,moutet c.,pouille l.,1.31,3.86,pinnacle
2022-01-17,2022,hard,griekspoor t.,fognini f.,2.14,1.8,pinnacle
2022-01-17,2022,hard,mcdonald m.,milojevic n.,1.22,4.93,pinnacle
2022-01-17,2022,hard,kecmanovic m.,caruso s.,1.31,3.86,pinnacle
2022-01-17,2022,hard,sonego l.,querrey s.,1.17,5.91,pinnacle
2022-01-17,2022,hard,hanfmann y.,kokkinakis t.,3.87,1.3,pinnacle
2022-01-17,2022,hard,opelka r.,anderson k.,1.42,3.11,pinnacle
2022-01-17,2022,hard,millman j.,lopez f.,1.41,3.15,pinnacle
2022-01-17,2022,hard,otte o.,tseng c.h.,1.32,3.77,pinnacle
2022-01-17,2022,hard,karatsev a.,munar j.,1.2,5.28,pinnacle
2022-01-17,2022,hard,paul t.,kukushkin m.,1.24,4.55,pinnacle
2022-01-17,2022,hard,zverev a.,altmaier d.,1.02,25.19,pinnacle
2022-01-18,2022,hard,schwartzman d.,krajinovic f.,1.31,3.85,pinnacle
2022-01-18,2022,hard,van de zandschulp b.,struff j.l.,1.53,2.69,pinnacle
2022-01-18,2022,hard,gasquet r.,humbert u.,5.29,1.2,pinnacle
2022-01-18,2022,hard,o connell c.,gaston h.,1.8,2.13,pinnacle
2022-01-18,2022,hard,gombos n.,skatov t.,1.66,2.37,pinnacle
2022-01-18,2022,hard,cilic m.,gomez e.,1.08,10.42,pinnacle
2022-01-18,2022,hard,kohlschreiber p.,cecchinato m.,1.51,2.77,pinnacle
2022-01-18,2022,hard,bautista agut r.,travaglia s.,1.05,14.06,pinnacle
2022-01-18,2022,hard,berankis r.,carballes baena r.,1.41,3.14,pinnacle
2022-01-18,2022,hard,rublev a.,mager g.,1.05,13.8,pinnacle
2022-01-18,2022,hard,dimitrov g.,lehecka j.,1.21,5.08,pinnacle
2022-01-18,2022,hard,johnson s.,thompson j.,2.02,1.89,pinnacle
2022-01-18,2022,hard,sinner j.,sousa j.,1.03,19.17,pinnacle
2022-01-18,2022,hard,paire b.,monteiro t.,3.64,1.33,pinnacle
2022-01-18,2022,hard,cressy m.,isner j.,1.93,1.97,pinnacle
2022-01-18,2022,hard,medvedev d.,laaksonen h.,1.01,29.95,pinnacle
2022-01-18,2022,hard,murray a.,basilashvili n.,1.5,2.8,pinnacle
2022-01-18,2022,hard,auger-aliassime f.,ruusuvuori e.,1.33,3.63,pinnacle
2022-01-18,2022,hard,machac t.,cerundolo j.m.,1.15,6.51,pinnacle
2022-01-18,2022,hard,daniel t.,barrios m.,1.36,3.44,pinnacle
2022-01-18,2022,hard,molcan a.,safiullin r.,1.61,2.3,bet365
2022-01-18,2022,hard,andujar p.,dzumhur d.,2.4,1.65,pinnacle
2022-01-18,2022,hard,evans d.,goffin d.,1.27,4.24,pinnacle
2022-01-18,2022,hard,fritz t.,marterer m.,1.16,6.2,pinnacle
2022-01-18,2022,hard,davidovich fokina a.,bolt a.,1.28,4.14,pinnacle
2022-01-18,2022,hard,baez s.,ramos-vinolas a.,1.58,2.56,pinnacle
2022-01-18,2022,hard,tiafoe f.,trungelliti m.,1.15,6.32,pinnacle
2022-01-18,2022,hard,rinderknech a.,popyrin a.,1.78,2.16,pinnacle
2022-01-18,2022,hard,majchrzak k.,seppi a.,1.65,2.38,pinnacle
2022-01-18,2022,hard,de minaur a.,musetti l.,1.18,5.73,pinnacle
2022-01-18,2022,hard,kyrgios n.,broady l.,1.52,2.68,pinnacle
2022-01-18,2022,hard,tsitsipas s.,ymer m.,1.2,5.16,pinnacle
2022-01-19,2022,hard,sonego l.,otte o.,1.43,3.05,pinnacle
2022-01-19,2022,hard,kecmanovic m.,paul t.,2.84,1.49,pinnacle
2022-01-19,2022,hard,carreno busta p.,griekspoor t.,1.43,3.05,pinnacle
2022-01-19,2022,hard,opelka r.,koepfer d.,1.31,3.82,pinnacle
2022-01-19,2022,hard,korda s.,moutet c.,1.34,3.56,pinnacle
2022-01-19,2022,hard,shapovalov d.,kwon s.w.,1.19,5.35,pinnacle
2022-01-19,2022,hard,nadal r.,hanfmann y.,1.01,26.57,pinnacle
2022-01-19,2022,hard,alcaraz c.,lajovic d.,1.12,7.65,pinnacle
2022-01-19,2022,hard,berrettini m.,kozlov s.,1.12,7.78,pinnacle
2022-01-19,2022,hard,garin c.,martinez p.,1.96,1.85,pinnacle
2022-01-19,2022,hard,albot r.,vukic a.,2.62,1.56,pinnacle
2022-01-19,2022,hard,mannarino a.,hurkacz h.,7.22,1.13,pinnacle
2022-01-19,2022,hard,khachanov k.,bonzi b.,1.24,4.58,pinnacle
2022-01-19,2022,hard,karatsev a.,mcdonald m.,1.51,2.77,pinnacle
2022-01-19,2022,hard,zverev a.,millman j.,1.04,16.99,pinnacle
2022-01-19,2022,hard,monfils g.,bublik a.,1.24,4.63,pinnacle
2022-01-20,2022,hard,cilic m.,gombos n.,1.11,7.87,pinnacle
2022-01-20,2022,hard,o connell c.,schwartzman d.,5.39,1.19,pinnacle
2022-01-20,2022,hard,cressy m.,machac t.,1.78,2.16,pinnacle
2022-01-20,2022,hard,rublev a.,berankis r.,1.06,12.65,pinnacle
2022-01-20,2022,hard,evans d.,rinderknech a.,1.39,3.27,pinnacle
2022-01-20,2022,hard,andujar p.,molcan a.,2.67,1.54,pinnacle
2022-01-20,2022,hard,fritz t.,tiafoe f.,1.33,3.69,pinnacle
2022-01-20,2022,hard,bautista agut r.,kohlschreiber p.,1.12,7.49,pinnacle
2022-01-20,2022,hard,auger-aliassime f.,davidovich fokina a.,1.24,4.56,pinnacle
2022-01-20,2022,hard,de minaur a.,majchrzak k.,1.27,4.25,pinnacle
2022-01-20,2022,hard,tsitsipas s.,baez s.,1.06,11.9,pinnacle
2022-01-20,2022,hard,paire b.,dimitrov g.,6.79,1.14,pinnacle
2022-01-20,2022,hard,daniel t.,murray a.,3.7,1.33,pinnacle
2022-01-20,2022,hard,van de zandschulp b.,gasquet r.,1.27,4.17,pinnacle
2022-01-20,2022,hard,medvedev d.,kyrgios n.,1.17,5.83,pinnacle
2022-01-20,2022,hard,sinner j.,johnson s.,1.05,13.32,pinnacle
2022-01-21,2022,hard,kecmanovic m.,sonego l.,2.61,1.56,pinnacle
2022-01-21,2022,hard,monfils g.,garin c.,1.09,9.18,pinnacle
2022-01-21,2022,hard,berrettini m.,alcaraz c.,2.23,1.74,pinnacle
2022-01-21,2022,hard,shapovalov d.,opelka r.,1.73,2.24,pinnacle
2022-01-21,2022,hard,carreno busta p.,korda s.,1.67,2.35,pinnacle
2022-01-21,2022,hard,zverev a.,albot r.,1.01,28.39,pinnacle
2022-01-21,2022,hard,nadal r.,khachanov k.,1.2,5.15,pinnacle
2022-01-21,2022,hard,mannarino a.,karatsev a.,4.12,1.28,pinnacle
2022-01-22,2022,hard,fritz t.,bautista agut r.,2.17,1.78,pinnacle
2022-01-22,2022,hard,tsitsipas s.,paire b.,1.11,8.3,pinnacle
2022-01-22,2022,hard,cressy m.,o connell c.,1.65,2.39,pinnacle
2022-01-22,2022,hard,medvedev d.,van de zandschulp b.,1.03,18.33,pinnacle
2022-01-22,2022,hard,auger-aliassime f.,evans d.,1.98,1.93,pinnacle
2022-01-22,2022,hard,sinner j.,daniel t.,1.1,8.9,pinnacle
2022-01-22,2022,hard,de minaur a.,andujar p.,1.06,12.12,pinnacle
2022-01-22,2022,hard,cilic m.,rublev a.,3.61,1.34,pinnacle
2022-01-23,2022,hard,nadal r.,mannarino a.,1.04,15.27,pinnacle
2022-01-23,2022,hard,shapovalov d.,zverev a.,4.3,1.26,pinnacle
2022-01-23,2022,hard,monfils g.,kecmanovic m.,1.28,4.14,pinnacle
2022-01-23,2022,hard,berrettini m.,carreno busta p.,1.48,2.85,pinnacle
2022-01-24,2022,hard,auger-aliassime f.,cilic m.,1.76,2.19,pinnacle
2022-01-24,2022,hard,medvedev d.,cressy m.,1.04,15.39,pinnacle
2022-01-24,2022,hard,sinner j.,de minaur a.,1.42,3.14,pinnacle
2022-01-24,2022,hard,tsitsipas s.,fritz t.,1.61,2.49,pinnacle
2022-01-25,2022,hard,nadal r.,shapovalov d.,1.37,3.39,pinnacle
2022-01-25,2022,hard,berrettini m.,monfils g.,1.61,2.47,pinnacle
2022-01-26,2022,hard,tsitsipas s.,sinner j.,2.31,1.69,pinnacle
2022-01-26,2022,hard,medvedev d.,auger-aliassime f.,1.13,6.44,pinnacle
2022-01-28,2022,hard,nadal r.,berrettini m.,1.38,3.34,pinnacle
2022-01-28,2022,hard,medvedev d.,tsitsipas s.,1.36,3.44,pinnacle
2022-01-30,2022,hard,nadal r.,medvedev d.,2.49,1.61,pinnacle
2022-01-31,2022,clay,martinez p.,monteiro t.,1.64,2.36,pinnacle
2022-01-31,2022,clay,varillas j.p.,bagnis f.,1.88,1.99,pinnacle
2022-02-01,2022,clay,munar j.,paire b.,1.44,2.94,pinnacle
2022-02-01,2022,clay,londero j.i.,hanfmann y.,2.23,1.71,pinnacle
2022-02-01,2022,clay,carballes baena r.,rune h.,2.52,1.57,pinnacle
2022-02-01,2022,clay,etcheverry t.,jarry n.,2.2,1.72,pinnacle
2022-02-01,2022,clay,ramos-vinolas a.,martin a.,1.26,4.22,pinnacle
2022-02-01,2022,clay,ficovich j.p.,coria f.,2.57,1.55,pinnacle
2022-02-01,2022,clay,galan d.e.,dellien h.,1.78,2.12,pinnacle
2022-02-01,2022,clay,taberner c.,delbonis f.,2.63,1.53,pinnacle
2022-02-01,2022,clay,tabilo a.,cerundolo f.,1.86,2.01,pinnacle
2022-02-01,2022,clay,baez s.,verdasco f.,1.18,5.31,pinnacle
2022-02-02,2022,clay,galan d.e.,munar j.,2.5,1.6,pinnacle
2022-02-02,2022,clay,londero j.i.,martinez p.,2.62,1.57,pinnacle
2022-02-02,2022,clay,schwartzman d.,ficovich j.p.,1.15,6.32,pinnacle
2022-02-02,2022,clay,milojevic n.,etcheverry t.,2.88,1.48,pinnacle
2022-02-03,2022,clay,ramos-vinolas a.,varillas j.p.,1.84,2.08,pinnacle
2022-02-03,2022,clay,sonego l.,carballes baena r.,1.62,2.45,pinnacle
2022-02-03,2022,clay,baez s.,garin c.,1.97,1.93,pinnacle
2022-02-04,2022,clay,tabilo a.,taberner c.,1.68,2.33,pinnacle
2022-02-04,2022,clay,ramos-vinolas a.,sonego l.,2.46,1.62,pinnacle
2022-02-04,2022,clay,londero j.i.,milojevic n.,1.49,2.82,pinnacle
2022-02-04,2022,clay,schwartzman d.,galan d.e.,1.21,5.02,pinnacle
2022-02-05,2022,clay,tabilo a.,baez s.,2.82,1.49,pinnacle
2022-02-05,2022,clay,tabilo a.,schwartzman d.,3.25,1.4,pinnacle
2022-02-05,2022,clay,ramos-vinolas a.,londero j.i.,1.65,2.38,pinnacle
2022-02-06,2022,clay,ramos-vinolas a.,tabilo a.,1.76,2.19,pinnacle
2022-01-31,2022,hard,goffin d.,bonzi b.,1.92,1.97,pinnacle
2022-01-31,2022,hard,bublik a.,griekspoor t.,2.42,1.63,pinnacle
2022-02-01,2022,hard,krajinovic f.,popyrin a.,1.8,2.09,pinnacle
2022-02-01,2022,hard,herbert p.h.,gojowczyk p.,1.56,2.58,pinnacle
2022-02-01,2022,hard,tsonga j.w.,zuk k.,2.11,1.8,pinnacle
2022-02-01,2022,hard,dzumhur d.,molcan a.,3.03,1.43,pinnacle
2022-02-01,2022,hard,simon g.,pouille l.,1.87,2.02,pinnacle
2022-02-01,2022,hard,kwon s.w.,gaston h.,1.65,2.35,pinnacle
2022-02-01,2022,hard,ymer m.,moutet c.,2.19,1.73,pinnacle
2022-02-02,2022,hard,mcdonald m.,ivashka i.,1.7,2.24,pinnacle
2022-02-02,2022,hard,gasquet r.,humbert u.,2.93,1.44,pinnacle
2022-02-02,2022,hard,mannarino a.,davidovich fokina a.,2.12,1.78,pinnacle
2022-02-02,2022,hard,bublik a.,herbert p.h.,1.56,2.56,pinnacle
2022-02-02,2022,hard,krajinovic f.,tsonga j.w.,1.46,2.94,pinnacle
2022-02-02,2022,hard,bautista agut r.,simon g.,1.22,4.96,pinnacle
2022-02-03,2022,hard,dzumhur d.,basilashvili n.,2.37,1.66,pinnacle
2022-02-03,2022,hard,mannarino a.,goffin d.,1.64,2.41,pinnacle
2022-02-03,2022,hard,gasquet r.,kwon s.w.,2.8,1.5,pinnacle
2022-02-03,2022,hard,zverev a.,mcdonald m.,1.14,6.72,pinnacle
2022-02-03,2022,hard,ymer m.,monfils g.,3.89,1.3,pinnacle
2022-02-04,2022,hard,krajinovic f.,dzumhur d.,1.45,2.97,pinnacle
2022-02-04,2022,hard,bublik a.,bautista agut r.,2.93,1.46,pinnacle
2022-02-04,2022,hard,ymer m.,gasquet r.,1.65,2.38,pinnacle
2022-02-04,2022,hard,zverev a.,mannarino a.,1.19,5.43,pinnacle
2022-02-05,2022,hard,bublik a.,krajinovic f.,1.96,1.94,pinnacle
2022-02-05,2022,hard,zverev a.,ymer m.,1.11,8.3,pinnacle
2022-02-06,2022,hard,bublik a.,zverev a.,6.43,1.15,pinnacle
2022-01-31,2022,hard,albot r.,gaio f.,1.28,3.95,pinnacle
2022-01-31,2022,hard,halys q.,berankis r.,2.3,1.67,pinnacle
2022-01-31,2022,hard,bhambri y.,kovalik j.,1.53,2.67,pinnacle
2022-01-31,2022,hard,altmaier d.,gunneswaran p.,1.34,3.5,pinnacle
2022-02-01,2022,hard,ruusuvuori e.,gerasimov e.,1.47,2.82,pinnacle
2022-02-01,2022,hard,ymer e.,moroni g.m.,1.56,2.56,pinnacle
2022-02-01,2022,hard,majchrzak k.,clarke j.,1.51,2.72,pinnacle
2022-02-01,2022,hard,vukic a.,grenier h.,1.51,2.72,pinnacle
2022-02-01,2022,hard,sousa j.,kadhe a.,1.06,11.05,pinnacle
2022-02-01,2022,hard,zapata miralles b.,novak d.,2.38,1.63,pinnacle
2022-02-01,2022,hard,kopriva v.,ilkel c.,1.7,2.26,pinnacle
2022-02-01,2022,hard,travaglia s.,ramanathan r.,1.66,2.31,pinnacle
2022-02-02,2022,hard,majchrzak k.,halys q.,1.68,2.32,pinnacle
2022-02-02,2022,hard,altmaier d.,albot r.,1.98,1.93,pinnacle
2022-02-02,2022,hard,sousa j.,mager g.,2.25,1.72,pinnacle
2022-02-02,2022,hard,musetti l.,vukic a.,2.28,1.7,pinnacle
2022-02-03,2022,hard,vesely j.,zapata miralles b.,1.56,2.62,pinnacle
2022-02-03,2022,hard,ruusuvuori e.,kopriva v.,1.24,4.54,pinnacle
2022-02-03,2022,hard,ymer e.,karatsev a.,3.54,1.35,pinnacle
2022-02-03,2022,hard,travaglia s.,bhambri y.,1.45,2.97,pinnacle
2022-02-04,2022,hard,majchrzak k.,musetti l.,1.67,2.36,pinnacle
2022-02-04,2022,hard,ruusuvuori e.,vesely j.,1.39,3.28,pinnacle
2022-02-04,2022,hard,sousa j.,altmaier d.,2.41,1.64,pinnacle
2022-02-04,2022,hard,ymer e.,travaglia s.,1.81,2.17,pinnacle
2022-02-05,2022,hard,ruusuvuori e.,majchrzak k.,1.41,3.17,pinnacle
2022-02-05,2022,hard,sousa j.,ymer e.,2.24,1.73,pinnacle
2022-02-06,2022,hard,sousa j.,ruusuvuori e.,5.67,1.18,pinnacle
2022-02-07,2022,clay,lajovic d.,paire b.,1.61,2.46,pinnacle
2022-02-07,2022,clay,kecmanovic m.,djere l.,2.01,1.88,pinnacle
2022-02-07,2022,clay,verdasco f.,dellien h.,3.25,1.39,pinnacle
2022-02-07,2022,clay,cerundolo f.,bagnis f.,1.8,2.11,pinnacle
2022-02-07,2022,clay,coria f.,cuevas p.,1.49,2.78,pinnacle
2022-02-08,2022,clay,munar j.,etcheverry t.,1.76,2.16,pinnacle
2022-02-08,2022,clay,carballes baena r.,jarry n.,1.8,2.11,pinnacle
2022-02-08,2022,clay,monteiro t.,ramos-vinolas a.,2.06,1.83,pinnacle
2022-02-08,2022,clay,baez s.,rune h.,1.58,2.51,pinnacle
2022-02-08,2022,clay,martinez p.,tabilo a.,1.58,2.52,pinnacle
2022-02-08,2022,clay,andujar p.,londero j.i.,1.99,1.89,pinnacle
2022-02-08,2022,clay,delbonis f.,del potro j.m.,1.49,2.79,pinnacle
2022-02-09,2022,clay,coria f.,lajovic d.,1.93,1.97,pinnacle
2022-02-09,2022,clay,verdasco f.,monteiro t.,3.43,1.36,pinnacle
2022-02-09,2022,clay,ruud c.,carballes baena r.,1.25,4.43,pinnacle
2022-02-10,2022,clay,sonego l.,baez s.,1.9,2.0,pinnacle
2022-02-10,2022,clay,fognini f.,martinez p.,2.53,1.59,pinnacle
2022-02-10,2022,clay,delbonis f.,andujar p.,2.09,1.83,pinnacle
2022-02-10,2022,clay,cerundolo f.,kecmanovic m.,2.06,1.85,pinnacle
2022-02-11,2022,clay,schwartzman d.,munar j.,1.34,3.62,pinnacle
2022-02-11,2022,clay,delbonis f.,fognini f.,1.98,1.93,pinnacle
2022-02-11,2022,clay,ruud c.,coria f.,1.25,4.51,pinnacle
2022-02-11,2022,clay,sonego l.,verdasco f.,1.32,3.78,pinnacle
2022-02-12,2022,clay,schwartzman d.,cerundolo f.,1.33,3.69,pinnacle
2022-02-12,2022,clay,ruud c.,delbonis f.,1.25,4.44,pinnacle
2022-02-12,2022,clay,schwartzman d.,sonego l.,1.65,2.36,pinnacle
2022-02-13,2022,clay,ruud c.,schwartzman d.,1.46,2.94,pinnacle
2022-02-07,2022,hard,anderson k.,querrey s.,1.52,2.7,pinnacle
2022-02-08,2022,hard,nakashima b.,millman j.,1.34,3.5,pinnacle
2022-02-08,2022,hard,thompson j.,lopez f.,1.44,2.99,pinnacle
2022-02-08,2022,hard,giron m.,sandgren t.,1.61,2.45,pinnacle
2022-02-08,2022,hard,broady l.,gojowczyk p.,1.49,2.78,pinnacle
2022-02-08,2022,hard,rodionov j.,cressy m.,3.8,1.31,pinnacle
2022-02-08,2022,hard,stebe c.m.,kudla d.,1.91,1.98,pinnacle
2022-02-08,2022,hard,sock j.,otte o.,2.26,1.7,pinnacle
2022-02-09,2022,hard,pospisil v.,chakravarthi c.,1.02,19.65,pinnacle
2022-02-09,2022,hard,nishioka y.,krueger m.,1.61,2.44,pinnacle
2022-02-09,2022,hard,mannarino a.,johnson s.,1.83,2.08,pinnacle
2022-02-09,2022,hard,seppi a.,altmaier d.,2.05,1.85,pinnacle
2022-02-09,2022,hard,giron m.,broady l.,1.67,2.36,pinnacle
2022-02-09,2022,hard,thompson j.,nakashima b.,3.89,1.3,pinnacle
2022-02-10,2022,hard,isner j.,anderson k.,1.71,2.28,pinnacle
2022-02-10,2022,hard,fritz t.,sock j.,1.32,3.72,pinnacle
2022-02-10,2022,hard,pospisil v.,rodionov j.,1.42,3.14,pinnacle
2022-02-10,2022,hard,brooksby j.,seppi a.,1.21,4.99,pinnacle
2022-02-11,2022,hard,opelka r.,stebe c.m.,1.27,4.18,pinnacle
2022-02-11,2022,hard,mannarino a.,nishioka y.,1.55,2.63,pinnacle
2022-02-11,2022,hard,brooksby j.,thompson j.,1.42,3.13,pinnacle
2022-02-11,2022,hard,giron m.,fritz t.,5.08,1.21,pinnacle
2022-02-12,2022,hard,isner j.,pospisil v.,1.67,2.35,pinnacle
2022-02-12,2022,hard,opelka r.,mannarino a.,1.68,2.32,pinnacle
2022-02-12,2022,hard,opelka r.,isner j.,1.71,2.28,pinnacle
2022-02-13,2022,hard,brooksby j.,giron m.,1.42,3.13,pinnacle
2022-02-13,2022,hard,opelka r.,brooksby j.,1.9,2.01,pinnacle
2022-02-07,2022,hard,mcdonald m.,basilashvili n.,1.65,2.37,pinnacle
2022-02-07,2022,hard,de minaur a.,goffin d.,1.36,3.41,pinnacle
2022-02-07,2022,hard,hurkacz h.,tsonga j.w.,1.22,4.83,pinnacle
2022-02-07,2022,hard,norrie c.,humbert u.,1.71,2.25,pinnacle
2022-02-08,2022,hard,griekspoor t.,karatsev a.,2.3,1.68,pinnacle
2022-02-08,2022,hard,khachanov k.,popyrin a.,1.39,3.23,pinnacle
2022-02-08,2022,hard,rublev a.,laaksonen h.,1.2,5.78,pinnacle
2022-02-08,2022,hard,lehecka j.,shapovalov d.,4.7,1.22,pinnacle
2022-02-08,2022,hard,musetti l.,ymer m.,2.74,1.51,pinnacle
2022-02-08,2022,hard,tsitsipas s.,davidovich fokina a.,1.24,4.6,pinnacle
2022-02-08,2022,hard,van de zandschulp b.,zapata miralles b.,1.24,4.53,pinnacle
2022-02-09,2022,hard,fucsovics m.,krajinovic f.,2.11,1.8,pinnacle
2022-02-09,2022,hard,ivashka i.,harris l.,2.2,1.74,pinnacle
2022-02-09,2022,hard,auger-aliassime f.,gerasimov e.,1.26,4.22,pinnacle
2022-02-09,2022,hard,kwon s.w.,gaston h.,1.53,2.66,pinnacle
2022-02-09,2022,hard,murray a.,bublik a.,1.68,2.29,pinnacle
2022-02-09,2022,hard,de minaur a.,mcdonald m.,1.47,2.92,pinnacle
2022-02-09,2022,hard,musetti l.,hurkacz h.,3.79,1.31,pinnacle
2022-02-09,2022,hard,norrie c.,khachanov k.,2.06,1.85,pinnacle
2022-02-10,2022,hard,lehecka j.,van de zandschulp b.,3.01,1.44,pinnacle
2022-02-10,2022,hard,rublev a.,kwon s.w.,1.23,4.78,pinnacle
2022-02-10,2022,hard,tsitsipas s.,ivashka i.,1.28,4.12,pinnacle
2022-02-10,2022,hard,auger-aliassime f.,murray a.,1.38,3.33,pinnacle
2022-02-10,2022,hard,fucsovics m.,griekspoor t.,2.08,1.84,pinnacle
2022-02-11,2022,hard,lehecka j.,musetti l.,2.07,1.85,pinnacle
2022-02-11,2022,hard,tsitsipas s.,de minaur a.,1.27,4.16,pinnacle
2022-02-11,2022,hard,auger-aliassime f.,norrie c.,1.46,2.95,pinnacle
2022-02-11,2022,hard,rublev a.,fucsovics m.,1.24,4.55,pinnacle
2022-02-12,2022,hard,tsitsipas s.,lehecka j.,1.14,6.75,pinnacle
2022-02-12,2022,hard,auger-aliassime f.,rublev a.,2.27,1.71,pinnacle
2022-02-13,2022,hard,auger-aliassime f.,tsitsipas s.,2.06,1.85,pinnacle
2022-02-14,2022,hard,otte o.,nishioka y.,2.07,1.83,pinnacle
2022-02-14,2022,hard,millman j.,cressy m.,2.67,1.53,pinnacle
2022-02-14,2022,hard,seppi a.,gojowczyk p.,1.59,2.49,pinnacle
2022-02-14,2022,hard,nakashima b.,kudla d.,1.26,4.21,pinnacle
2022-02-15,2022,hard,johnson s.,anderson k.,2.24,1.72,pinnacle
2022-02-15,2022,hard,mannarino a.,broady l.,1.51,2.7,pinnacle
2022-02-15,2022,hard,krueger m.,thompson j.,2.46,1.61,pinnacle
2022-02-15,2022,hard,istomin d.,querrey s.,2.45,1.61,pinnacle
2022-02-15,2022,hard,giron m.,sandgren t.,1.39,3.24,pinnacle
2022-02-15,2022,hard,kozlov s.,gomez e.,1.59,2.47,pinnacle
2022-02-15,2022,hard,korda s.,kokkinakis t.,1.57,2.55,pinnacle
2022-02-16,2022,hard,sock j.,altmaier d.,1.74,2.2,pinnacle
2022-02-16,2022,hard,kozlov s.,johnson s.,2.41,1.64,pinnacle
2022-02-16,2022,hard,paul t.,istomin d.,1.18,5.72,pinnacle
2022-02-17,2022,hard,korda s.,seppi a.,1.18,5.63,pinnacle
2022-02-17,2022,hard,norrie c.,otte o.,1.3,3.95,pinnacle
2022-02-17,2022,hard,millman j.,giron m.,2.49,1.61,pinnacle
2022-02-17,2022,hard,opelka r.,sock j.,1.31,3.8,pinnacle
2022-02-17,2022,hard,mannarino a.,nakashima b.,2.32,1.68,pinnacle
2022-02-18,2022,hard,dimitrov g.,krueger m.,1.41,3.19,pinnacle
2022-02-18,2022,hard,paul t.,kozlov s.,1.36,3.46,pinnacle
2022-02-18,2022,hard,norrie c.,korda s.,1.98,1.93,pinnacle
2022-02-18,2022,hard,opelka r.,mannarino a.,1.48,2.86,pinnacle
2022-02-19,2022,hard,millman j.,dimitrov g.,2.64,1.56,pinnacle
2022-02-19,2022,hard,norrie c.,paul t.,1.65,2.39,pinnacle
2022-02-20,2022,hard,opelka r.,millman j.,1.45,2.99,pinnacle
2022-02-20,2022,hard,norrie c.,opelka r.,1.69,2.32,pinnacle
2022-02-14,2022,hard,molcan a.,o connell c.,2.18,1.75,pinnacle
2022-02-14,2022,hard,kwon s.w.,eubanks c.,1.48,2.84,pinnacle
2022-02-14,2022,hard,van de zandschulp b.,fabbiano t.,1.19,5.38,pinnacle
2022-02-14,2022,hard,khachanov k.,mcdonald m.,1.52,2.69,pinnacle
2022-02-14,2022,hard,evans d.,gerasimov e.,1.46,2.91,pinnacle
2022-02-15,2022,hard,ymer e.,sousa j.,5.5,1.14,max
2022-02-15,2022,hard,bublik a.,kovalik j.,1.16,5.93,pinnacle
2022-02-15,2022,hard,rinderknech a.,vesely j.,1.54,2.63,pinnacle
2022-02-15,2022,hard,davidovich fokina a.,jaziri m.,1.06,11.34,pinnacle
2022-02-15,2022,hard,fucsovics m.,harris l.,1.79,2.18,pinnacle
2022-02-15,2022,hard,murray a.,daniel t.,1.46,2.92,pinnacle
2022-02-15,2022,hard,ruusuvuori e.,goffin d.,1.29,3.94,pinnacle
2022-02-16,2022,hard,shapovalov d.,molcan a.,1.25,4.44,pinnacle
2022-02-16,2022,hard,rinderknech a.,bublik a.,2.31,1.69,pinnacle
2022-02-16,2022,hard,fucsovics m.,kwon s.w.,1.56,2.6,pinnacle
2022-02-16,2022,hard,cilic m.,van de zandschulp b.,1.77,2.18,pinnacle
2022-02-16,2022,hard,basilashvili n.,ymer e.,1.67,2.36,pinnacle
2022-02-16,2022,hard,davidovich fokina a.,evans d.,2.34,1.68,pinnacle
2022-02-16,2022,hard,bautista agut r.,murray a.,1.76,2.2,pinnacle
2022-02-16,2022,hard,khachanov k.,ruusuvuori e.,1.62,2.45,pinnacle
2022-02-17,2022,hard,rinderknech a.,shapovalov d.,3.58,1.34,pinnacle
2022-02-17,2022,hard,basilashvili n.,fucsovics m.,2.36,1.67,pinnacle
2022-02-17,2022,hard,bautista agut r.,davidovich fokina a.,1.39,3.27,pinnacle
2022-02-17,2022,hard,khachanov k.,cilic m.,1.71,2.28,pinnacle
2022-02-18,2022,hard,basilashvili n.,rinderknech a.,2.11,1.81,pinnacle
2022-02-18,2022,hard,bautista agut r.,khachanov k.,1.58,2.57,pinnacle
2022-02-19,2022,hard,bautista agut r.,basilashvili n.,1.48,2.88,pinnacle
2022-02-14,2022,hard,travaglia s.,laaksonen h.,2.45,1.61,pinnacle
2022-02-14,2022,hard,gasquet r.,ymer m.,2.23,1.72,pinnacle
2022-02-14,2022,hard,ivashka i.,gombos n.,1.34,3.55,pinnacle
2022-02-15,2022,hard,safiullin r.,popyrin a.,2.24,1.71,pinnacle
2022-02-15,2022,hard,rune h.,bergs z.,1.51,2.73,pinnacle
2022-02-15,2022,hard,machac t.,dzumhur d.,1.54,2.62,pinnacle
2022-02-15,2022,hard,herbert p.h.,kukushkin m.,1.48,2.83,pinnacle
2022-02-15,2022,hard,tsonga j.w.,simon g.,1.63,2.41,pinnacle
2022-02-15,2022,hard,albot r.,novak d.,1.74,2.21,pinnacle
2022-02-15,2022,hard,gaston h.,moutet c.,3.08,1.42,pinnacle
2022-02-16,2022,hard,bonzi b.,majchrzak k.,1.92,1.97,pinnacle
2022-02-16,2022,hard,pouille l.,griekspoor t.,3.97,1.29,pinnacle
2022-02-16,2022,hard,karatsev a.,rune h.,1.47,2.91,pinnacle
2022-02-16,2022,hard,rublev a.,gasquet r.,1.16,6.05,pinnacle
2022-02-16,2022,hard,ivashka i.,travaglia s.,1.36,3.48,pinnacle
2022-02-17,2022,hard,bonzi b.,herbert p.h.,1.81,2.12,pinnacle
2022-02-17,2022,hard,safiullin r.,machac t.,2.63,1.55,pinnacle
2022-02-17,2022,hard,auger-aliassime f.,tsonga j.w.,1.15,6.31,pinnacle
2022-02-17,2022,hard,tsitsipas s.,gaston h.,1.13,7.3,pinnacle
2022-02-17,2022,hard,pouille l.,albot r.,2.08,1.84,pinnacle
2022-02-18,2022,hard,bonzi b.,karatsev a.,2.39,1.65,pinnacle
2022-02-18,2022,hard,rublev a.,pouille l.,1.13,7.18,pinnacle
2022-02-18,2022,hard,safiullin r.,tsitsipas s.,6.45,1.15,pinnacle
2022-02-18,2022,hard,auger-aliassime f.,ivashka i.,1.3,3.91,pinnacle
2022-02-19,2022,hard,rublev a.,bonzi b.,1.36,3.43,pinnacle
2022-02-19,2022,hard,auger-aliassime f.,safiullin r.,1.18,5.6,pinnacle
2022-02-20,2022,hard,rublev a.,auger-aliassime f.,2.46,1.62,pinnacle
2022-02-14,2022,clay,martinez p.,shang j.,1.1,8.3,pinnacle
2022-02-14,2022,clay,andujar p.,cuevas p.,1.48,2.82,pinnacle
2022-02-14,2022,clay,alcaraz c.,munar j.,1.32,3.69,pinnacle
2022-02-15,2022,clay,kecmanovic m.,meligeni rodrigues f,1.23,4.63,pinnacle
2022-02-15,2022,clay,coria f.,garin c.,2.57,1.56,pinnacle
2022-02-15,2022,clay,verdasco f.,lajovic d.,2.34,1.66,pinnacle
2022-02-15,2022,clay,delbonis f.,galan d.e.,1.75,2.18,pinnacle
2022-02-15,2022,clay,ramos-vinolas a.,londero j.i.,1.84,2.05,pinnacle
2022-02-15,2022,clay,fognini f.,bagnis f.,1.55,2.6,pinnacle
2022-02-15,2022,clay,monteiro t.,baez s.,2.23,1.72,pinnacle
2022-02-15,2022,clay,sonego l.,djere l.,1.62,2.42,pinnacle
2022-02-16,2022,clay,cerundolo f.,paire b.,1.43,3.01,pinnacle
2022-02-16,2022,clay,coria f.,verdasco f.,1.5,2.8,pinnacle
2022-02-16,2022,clay,andujar p.,ramos-vinolas a.,2.37,1.66,pinnacle
2022-02-16,2022,clay,fognini f.,carreno busta p.,2.87,1.48,pinnacle
2022-02-17,2022,clay,schwartzman d.,martinez p.,1.46,2.93,pinnacle
2022-02-17,2022,clay,kecmanovic m.,sonego l.,2.75,1.51,pinnacle
2022-02-18,2022,clay,berrettini m.,monteiro t.,1.34,3.57,pinnacle
2022-02-18,2022,clay,alcaraz c.,delbonis f.,1.25,4.41,pinnacle
2022-02-19,2022,clay,cerundolo f.,kecmanovic m.,2.18,1.75,pinnacle
2022-02-19,2022,clay,schwartzman d.,andujar p.,1.23,4.74,pinnacle
2022-02-19,2022,clay,fognini f.,coria f.,1.57,2.57,pinnacle
2022-02-19,2022,clay,alcaraz c.,berrettini m.,1.61,2.47,pinnacle
2022-02-19,2022,clay,schwartzman d.,cerundolo f.,1.46,2.92,pinnacle
2022-02-20,2022,clay,alcaraz c.,fognini f.,1.33,3.64,pinnacle
2022-02-20,2022,clay,alcaraz c.,schwartzman d.,1.39,3.28,pinnacle
2022-02-22,2022,hard,isner j.,verdasco f.,1.3,3.89,pinnacle
2022-02-22,2022,hard,fritz t.,mannarino a.,1.33,3.62,pinnacle
2022-02-22,2022,hard,gojowczyk p.,nakashima b.,7.32,1.12,pinnacle
2022-02-22,2022,hard,lajovic d.,korda s.,5.03,1.2,pinnacle
2022-02-22,2022,hard,kozlov s.,dimitrov g.,3.72,1.31,pinnacle
2022-02-22,2022,hard,carreno busta p.,otte o.,1.37,3.31,pinnacle
2022-02-22,2022,hard,zverev a.,brooksby j.,1.25,4.4,pinnacle
2022-02-23,2022,hard,paul t.,berrettini m.,3.23,1.39,pinnacle
2022-02-23,2022,hard,nishioka y.,lopez f.,1.27,4.09,pinnacle
2022-02-23,2022,hard,medvedev d.,paire b.,1.06,12.12,pinnacle
2022-02-23,2022,hard,giron m.,millman j.,1.88,2.02,pinnacle
2022-02-23,2022,hard,norrie c.,altmaier d.,1.21,4.89,pinnacle
2022-02-23,2022,hard,nadal r.,kudla d.,1.03,16.92,pinnacle
2022-02-23,2022,hard,andujar p.,hernandez a.,1.17,5.73,pinnacle
2022-02-23,2022,hard,wolf j.j.,sonego l.,2.76,1.5,pinnacle
2022-02-23,2022,hard,tsitsipas s.,djere l.,1.1,8.68,pinnacle
2022-02-24,2022,hard,giron m.,carreno busta p.,3.81,1.31,pinnacle
2022-02-24,2022,hard,norrie c.,isner j.,1.46,2.95,pinnacle
2022-02-24,2022,hard,medvedev d.,andujar p.,1.03,18.36,pinnacle
2022-02-24,2022,hard,paul t.,lajovic d.,1.31,3.81,pinnacle
2022-02-24,2022,hard,nadal r.,kozlov s.,1.01,26.77,pinnacle
2022-02-24,2022,hard,nishioka y.,fritz t.,5.22,1.2,pinnacle
2022-02-24,2022,hard,gojowczyk p.,zverev a.,11.96,1.06,pinnacle
2022-02-24,2022,hard,tsitsipas s.,wolf j.j.,1.17,5.92,pinnacle
2022-02-24,2022,hard,medvedev d.,nishioka y.,1.07,11.57,pinnacle
2022-02-25,2022,hard,tsitsipas s.,giron m.,1.2,5.16,pinnacle
2022-02-25,2022,hard,nadal r.,paul t.,1.11,8.13,pinnacle
2022-02-25,2022,hard,norrie c.,gojowczyk p.,1.13,7.29,pinnacle
2022-02-26,2022,hard,norrie c.,tsitsipas s.,2.65,1.55,pinnacle
2022-02-26,2022,hard,nadal r.,medvedev d.,2.18,1.77,pinnacle
2022-02-27,2022,hard,nadal r.,norrie c.,1.21,5.02,pinnacle
2022-02-21,2022,hard,vesely j.,cilic m.,3.68,1.32,pinnacle
2022-02-21,2022,hard,krajinovic f.,jaziri m.,1.06,12.25,pinnacle
2022-02-21,2022,hard,daniel t.,goffin d.,1.93,1.95,pinnacle
2022-02-21,2022,hard,murray a.,o connell c.,1.49,2.79,pinnacle
2022-02-21,2022,hard,djokovic n.,musetti l.,1.06,12.04,pinnacle
2022-02-22,2022,hard,khachanov k.,de minaur a.,1.75,2.18,pinnacle
2022-02-22,2022,hard,mcdonald m.,karatsev a.,2.25,1.71,pinnacle
2022-02-22,2022,hard,molcan a.,harris l.,2.65,1.53,pinnacle
2022-02-22,2022,hard,kwon s.w.,ivashka i.,2.39,1.63,pinnacle
2022-02-22,2022,hard,sinner j.,davidovich fokina a.,1.34,3.56,pinnacle
2022-02-22,2022,hard,berankis r.,struff j.l.,2.13,1.79,pinnacle
2022-02-22,2022,hard,hurkacz h.,bublik a.,1.62,2.43,pinnacle
2022-02-22,2022,hard,popyrin a.,basilashvili n.,2.2,1.74,pinnacle
2022-02-22,2022,hard,rublev a.,evans d.,1.65,2.37,pinnacle
2022-02-22,2022,hard,bautista agut r.,rinderknech a.,1.41,3.14,pinnacle
2022-02-22,2022,hard,shapovalov d.,fucsovics m.,1.63,2.41,pinnacle
2022-02-23,2022,hard,hurkacz h.,molcan a.,1.31,3.83,pinnacle
2022-02-23,2022,hard,sinner j.,murray a.,1.33,3.65,pinnacle
2022-02-23,2022,hard,mcdonald m.,krajinovic f.,1.58,2.54,pinnacle
2022-02-23,2022,hard,rublev a.,kwon s.w.,1.26,4.34,pinnacle
2022-02-23,2022,hard,berankis r.,popyrin a.,2.64,1.55,pinnacle
2022-02-23,2022,hard,djokovic n.,khachanov k.,1.13,7.38,pinnacle
2022-02-23,2022,hard,vesely j.,bautista agut r.,5.45,1.19,pinnacle
2022-02-23,2022,hard,shapovalov d.,daniel t.,1.26,4.33,pinnacle
2022-02-24,2022,hard,rublev a.,mcdonald m.,1.29,3.98,pinnacle
2022-02-24,2022,hard,hurkacz h.,sinner j.,2.59,1.57,pinnacle
2022-02-24,2022,hard,vesely j.,djokovic n.,14.05,1.05,pinnacle
2022-02-24,2022,hard,shapovalov d.,berankis r.,1.22,5.36,pinnacle
2022-02-25,2022,hard,rublev a.,hurkacz h.,2.0,1.9,pinnacle
2022-02-25,2022,hard,vesely j.,shapovalov d.,3.08,1.43,pinnacle
2022-02-26,2022,hard,rublev a.,vesely j.,1.36,3.44,pinnacle
2022-02-21,2022,clay,londero j.i.,etcheverry t.,1.65,2.36,pinnacle
2022-02-21,2022,clay,bagnis f.,zapata miralles b.,1.76,2.17,pinnacle
2022-02-21,2022,clay,seyboth wild t.,kicker n.,1.64,2.39,pinnacle
2022-02-22,2022,clay,monteiro t.,jarry n.,1.87,2.02,pinnacle
2022-02-22,2022,clay,baez s.,varillas j.p.,1.54,2.62,pinnacle
2022-02-22,2022,clay,kecmanovic m.,cecchinato m.,1.22,4.79,pinnacle
2022-02-22,2022,clay,munar j.,galan d.e.,1.69,2.28,pinnacle
2022-02-22,2022,clay,taberner c.,cerundolo j.m.,1.57,2.55,pinnacle
2022-02-22,2022,clay,dellien h.,lama g.,1.43,3.01,pinnacle
2022-02-22,2022,clay,hanfmann y.,coria f.,1.97,1.92,pinnacle
2022-02-22,2022,clay,pucinelli de almeida m.,rune h.,3.06,1.42,pinnacle
2022-02-23,2022,clay,tabilo a.,olivo r.,1.2,5.17,pinnacle
2022-02-23,2022,clay,baez s.,londero j.i.,1.51,2.77,pinnacle
2022-02-23,2022,clay,bagnis f.,dellien h.,1.73,2.24,pinnacle
2022-02-23,2022,clay,monteiro t.,delbonis f.,2.07,1.85,pinnacle
2022-02-24,2022,clay,ramos-vinolas a.,taberner c.,1.52,2.72,pinnacle
2022-02-24,2022,clay,martinez p.,munar j.,2.23,1.74,pinnacle
2022-02-24,2022,clay,hanfmann y.,seyboth wild t.,1.42,3.1,pinnacle
2022-02-24,2022,clay,kecmanovic m.,pucinelli de almeida m.,1.23,4.74,pinnacle
2022-02-25,2022,clay,tabilo a.,garin c.,1.6,2.51,pinnacle
2022-02-25,2022,clay,baez s.,monteiro t.,1.63,2.42,pinnacle
2022-02-25,2022,clay,ramos-vinolas a.,bagnis f.,1.6,2.5,pinnacle
2022-02-25,2022,clay,martinez p.,hanfmann y.,1.93,1.97,pinnacle
2022-02-26,2022,clay,tabilo a.,kecmanovic m.,1.8,2.13,pinnacle
2022-02-26,2022,clay,baez s.,ramos-vinolas a.,1.99,1.92,pinnacle
2022-02-26,2022,clay,martinez p.,tabilo a.,2.37,1.66,pinnacle
2022-02-27,2022,clay,martinez p.,baez s.,2.3,1.69,pinnacle
2022-03-10,2022,hard,bonzi b.,rinderknech a.,2.02,1.89,pinnacle
2022-03-10,2022,hard,fognini f.,andujar p.,1.54,2.68,pinnacle
2022-03-10,2022,hard,krajinovic f.,lajovic d.,1.62,2.45,pinnacle
2022-03-10,2022,hard,mcdonald m.,fucsovics m.,1.79,2.14,pinnacle
2022-03-10,2022,hard,djere l.,kwon s.w.,2.99,1.45,pinnacle
2022-03-10,2022,hard,davidovich fokina a.,coric b.,1.25,4.48,pinnacle
2022-03-10,2022,hard,musetti l.,giron m.,2.36,1.67,pinnacle
2022-03-10,2022,hard,brooksby j.,carballes baena r.,1.14,6.96,pinnacle
2022-03-10,2022,hard,sock j.,cerundolo j.m.,1.33,3.65,pinnacle
2022-03-10,2022,hard,eubanks c.,cressy m.,2.5,1.6,pinnacle
2022-03-10,2022,hard,coria f.,cuevas p.,1.71,2.27,pinnacle
2022-03-11,2022,hard,wolf j.j.,gaston h.,1.58,2.51,pinnacle
2022-03-11,2022,hard,machac t.,popyrin a.,1.68,2.3,pinnacle
2022-03-11,2022,hard,kyrgios n.,baez s.,1.46,2.94,pinnacle
2022-03-11,2022,hard,martinez p.,sousa j.,1.52,2.68,pinnacle
2022-03-11,2022,hard,korda s.,kokkinakis t.,1.6,2.52,pinnacle
2022-03-11,2022,hard,otte o.,gasquet r.,2.35,1.67,pinnacle
2022-03-11,2022,hard,ruusuvuori e.,kohlschreiber p.,1.27,4.23,pinnacle
2022-03-11,2022,hard,murray a.,daniel t.,1.46,2.93,pinnacle
2022-03-11,2022,hard,munar j.,shang j.,1.26,4.38,pinnacle
2022-03-11,2022,hard,thompson j.,goffin d.,2.49,1.6,pinnacle
2022-03-11,2022,hard,koepfer d.,paire b.,2.11,1.81,pinnacle
2022-03-11,2022,hard,kecmanovic m.,broady l.,1.49,2.83,pinnacle
2022-03-11,2022,hard,paul t.,kukushkin m.,1.25,4.41,pinnacle
2022-03-12,2022,hard,rune h.,humbert u.,2.06,1.86,pinnacle
2022-03-12,2022,hard,millman j.,struff j.l.,1.53,2.5,bet365
2022-03-12,2022,hard,bagnis f.,laaksonen h.,2.54,1.58,pinnacle
2022-03-12,2022,hard,johnson s.,altmaier d.,1.9,2.0,pinnacle
2022-03-12,2022,hard,majchrzak k.,bedene a.,1.25,4.42,pinnacle
2022-03-12,2022,hard,van de zandschulp b.,sandgren t.,1.42,3.14,pinnacle
2022-03-12,2022,hard,querrey s.,griekspoor t.,4.51,1.25,pinnacle
2022-03-12,2022,hard,nakashima b.,mannarino a.,1.63,2.44,pinnacle
2022-03-12,2022,hard,alcaraz c.,mcdonald m.,1.26,4.38,pinnacle
2022-03-12,2022,hard,medvedev d.,machac t.,1.06,11.77,pinnacle
2022-03-12,2022,hard,bautista agut r.,wolf j.j.,1.24,4.55,pinnacle
2022-03-12,2022,hard,evans d.,coria f.,1.18,5.65,pinnacle
2022-03-12,2022,hard,nadal r.,korda s.,1.13,7.05,pinnacle
2022-03-12,2022,hard,opelka r.,musetti l.,1.45,2.99,pinnacle
2022-03-12,2022,hard,norrie c.,martinez p.,1.2,5.23,pinnacle
2022-03-12,2022,hard,ruud c.,eubanks c.,1.17,5.94,pinnacle
2022-03-12,2022,hard,monfils g.,krajinovic f.,1.55,2.65,pinnacle
2022-03-12,2022,hard,shapovalov d.,davidovich fokina a.,1.45,2.97,pinnacle
2022-03-12,2022,hard,bonzi b.,sonego l.,1.99,1.92,pinnacle
2022-03-13,2022,hard,sinner j.,djere l.,1.11,8.33,pinnacle
2022-03-13,2022,hard,tsitsipas s.,sock j.,1.19,5.46,pinnacle
2022-03-13,2022,hard,basilashvili n.,fognini f.,1.98,1.93,pinnacle
2022-03-13,2022,hard,brooksby j.,khachanov k.,1.88,2.02,pinnacle
2022-03-13,2022,hard,kyrgios n.,delbonis f.,1.2,5.17,pinnacle
2022-03-13,2022,hard,kecmanovic m.,cilic m.,2.43,1.62,pinnacle
2022-03-13,2022,hard,isner j.,querrey s.,1.36,3.4,pinnacle
2022-03-13,2022,hard,johnson s.,karatsev a.,2.94,1.45,pinnacle
2022-03-13,2022,hard,rublev a.,koepfer d.,1.07,10.18,pinnacle
2022-03-13,2022,hard,bublik a.,murray a.,2.43,1.62,pinnacle
2022-03-13,2022,hard,van de zandschulp b.,auger-aliassime f.,4.42,1.25,pinnacle
2022-03-13,2022,hard,fritz t.,majchrzak k.,1.24,4.44,pinnacle
2022-03-13,2022,hard,hurkacz h.,otte o.,1.24,4.55,pinnacle
2022-03-13,2022,hard,schwartzman d.,ruusuvuori e.,1.69,2.28,pinnacle
2022-03-13,2022,hard,harris l.,bagnis f.,1.64,2.38,pinnacle
2022-03-13,2022,hard,berrettini m.,rune h.,1.33,3.59,pinnacle
2022-03-14,2022,hard,tiafoe f.,nakashima b.,2.59,1.56,pinnacle
2022-03-14,2022,hard,de minaur a.,millman j.,1.37,3.35,pinnacle
2022-03-14,2022,hard,dimitrov g.,thompson j.,1.36,3.4,pinnacle
2022-03-14,2022,hard,munar j.,carreno busta p.,3.0,1.44,pinnacle
2022-03-14,2022,hard,paul t.,zverev a.,3.98,1.29,pinnacle
2022-03-14,2022,hard,alcaraz c.,bautista agut r.,1.46,2.93,pinnacle
2022-03-14,2022,hard,monfils g.,medvedev d.,7.08,1.13,pinnacle
2022-03-14,2022,hard,nadal r.,evans d.,1.11,8.3,pinnacle
2022-03-14,2022,hard,opelka r.,shapovalov d.,2.03,1.88,pinnacle
2022-03-15,2022,hard,sinner j.,bonzi b.,1.25,4.44,pinnacle
2022-03-15,2022,hard,brooksby j.,tsitsipas s.,2.34,1.68,pinnacle
2022-03-15,2022,hard,norrie c.,basilashvili n.,1.24,4.54,pinnacle
2022-03-15,2022,hard,kyrgios n.,ruud c.,2.06,1.85,pinnacle
2022-03-15,2022,hard,kecmanovic m.,van de zandschulp b.,2.31,1.69,pinnacle
2022-03-15,2022,hard,berrettini m.,harris l.,1.3,3.92,pinnacle
2022-03-15,2022,hard,fritz t.,munar j.,1.18,5.76,pinnacle
2022-03-15,2022,hard,de minaur a.,paul t.,2.18,1.77,pinnacle
2022-03-15,2022,hard,isner j.,schwartzman d.,2.08,1.84,pinnacle
2022-03-16,2022,hard,hurkacz h.,johnson s.,1.32,3.76,pinnacle
2022-03-16,2022,hard,dimitrov g.,bublik a.,1.83,2.09,pinnacle
2022-03-16,2022,hard,rublev a.,tiafoe f.,1.43,3.06,pinnacle
2022-03-16,2022,hard,kecmanovic m.,berrettini m.,3.01,1.44,pinnacle
2022-03-16,2022,hard,fritz t.,de minaur a.,1.71,2.26,pinnacle
2022-03-16,2022,hard,kyrgios n.,sinner j.,2.04,1.87,pinnacle
2022-03-16,2022,hard,nadal r.,opelka r.,1.27,4.2,pinnacle
2022-03-16,2022,hard,dimitrov g.,isner j.,2.09,1.83,pinnacle
2022-03-16,2022,hard,rublev a.,hurkacz h.,1.6,2.51,pinnacle
2022-03-17,2022,hard,alcaraz c.,monfils g.,1.41,3.19,pinnacle
2022-03-17,2022,hard,norrie c.,brooksby j.,1.76,2.2,pinnacle
2022-03-17,2022,hard,nadal r.,kyrgios n.,1.41,3.14,pinnacle
2022-03-18,2022,hard,alcaraz c.,norrie c.,1.38,3.34,pinnacle
2022-03-18,2022,hard,rublev a.,dimitrov g.,1.34,3.56,pinnacle
2022-03-18,2022,hard,fritz t.,kecmanovic m.,1.61,2.49,pinnacle
2022-03-19,2022,hard,fritz t.,rublev a.,2.72,1.52,pinnacle
2022-03-19,2022,hard,nadal r.,alcaraz c.,1.66,2.37,pinnacle
2022-03-20,2022,hard,fritz t.,nadal r.,5.17,1.19,pinnacle
2022-03-23,2022,hard,cerundolo f.,griekspoor t.,3.19,1.41,pinnacle
2022-03-23,2022,hard,gaston h.,nava e.,1.68,2.32,pinnacle
2022-03-23,2022,hard,nakashima b.,kwon s.w.,1.56,2.61,pinnacle
2022-03-23,2022,hard,draper j.,simon g.,1.47,2.91,pinnacle
2022-03-23,2022,hard,cerundolo j.m.,lajovic d.,7.26,1.13,pinnacle
2022-03-23,2022,hard,mcdonald m.,koepfer d.,1.39,3.26,pinnacle
2022-03-23,2022,hard,laaksonen h.,paire b.,1.98,1.93,pinnacle
2022-03-23,2022,hard,galan d.e.,millman j.,2.86,1.48,pinnacle
2022-03-23,2022,hard,goffin d.,carballes baena r.,1.44,3.03,pinnacle
2022-03-23,2022,hard,coric b.,verdasco f.,1.76,2.19,pinnacle
2022-03-23,2022,hard,daniel t.,munar j.,2.07,1.84,pinnacle
2022-03-23,2022,hard,kudla d.,shang j.,1.39,3.27,pinnacle
2022-03-23,2022,hard,otte o.,krueger m.,1.79,2.15,pinnacle
2022-03-24,2022,hard,ruusuvuori e.,cressy m.,1.66,2.37,pinnacle
2022-03-24,2022,hard,kyrgios n.,mannarino a.,1.26,4.37,pinnacle
2022-03-24,2022,hard,kokkinakis t.,gasquet r.,1.44,3.03,pinnacle
2022-03-24,2022,hard,humbert u.,bedene a.,1.39,3.26,pinnacle
2022-03-24,2022,hard,nishioka y.,gomez e.,1.3,3.88,pinnacle
2022-03-24,2022,hard,harris l.,bagnis f.,1.32,3.72,pinnacle
2022-03-24,2022,hard,korda s.,davidovich fokina a.,1.49,2.85,pinnacle
2022-03-24,2022,hard,martinez p.,struff j.l.,1.81,2.11,pinnacle
2022-03-24,2022,hard,wolf j.j.,altmaier d.,1.61,2.48,pinnacle
2022-03-24,2022,hard,brooksby j.,coria f.,1.04,15.07,pinnacle
2022-03-24,2022,hard,popyrin a.,musetti l.,2.46,1.62,pinnacle
2022-03-24,2022,hard,thompson j.,tsonga j.w.,1.53,2.7,pinnacle
2022-03-24,2022,hard,majchrzak k.,baez s.,1.69,2.3,pinnacle
2022-03-24,2022,hard,fucsovics m.,giron m.,1.76,2.18,pinnacle
2022-03-24,2022,hard,kukushkin m.,van de zandschulp b.,3.8,1.31,pinnacle
2022-03-24,2022,hard,rinderknech a.,djere l.,1.54,2.67,pinnacle
2022-03-24,2022,hard,paul t.,bonzi b.,1.56,2.61,pinnacle
2022-03-24,2022,hard,murray a.,delbonis f.,1.19,5.47,pinnacle
2022-03-24,2022,hard,kecmanovic m.,sock j.,1.73,2.24,pinnacle
2022-03-25,2022,hard,fognini f.,daniel t.,2.51,1.6,pinnacle
2022-03-25,2022,hard,cerundolo j.m.,anderson k.,6.0,1.29,max
2022-03-25,2022,hard,norrie c.,draper j.,1.17,6.02,pinnacle
2022-03-25,2022,hard,carreno busta p.,goffin d.,1.53,2.7,pinnacle
2022-03-25,2022,hard,zverev a.,coric b.,1.17,5.94,pinnacle
2022-03-25,2022,hard,gaston h.,isner j.,4.39,1.26,pinnacle
2022-03-25,2022,hard,sinner j.,ruusuvuori e.,1.44,3.04,pinnacle
2022-03-25,2022,hard,kokkinakis t.,schwartzman d.,1.94,1.96,pinnacle
2022-03-25,2022,hard,kyrgios n.,rublev a.,2.23,1.74,pinnacle
2022-03-25,2022,hard,kudla d.,sonego l.,2.7,1.53,pinnacle
2022-03-25,2022,hard,cerundolo f.,opelka r.,6.45,1.15,pinnacle
2022-03-25,2022,hard,bublik a.,galan d.e.,1.43,3.05,pinnacle
2022-03-25,2022,hard,monfils g.,otte o.,1.33,3.69,pinnacle
2022-03-25,2022,hard,mcdonald m.,dimitrov g.,2.46,1.62,pinnacle
2022-03-26,2022,hard,ruud c.,laaksonen h.,1.14,6.72,pinnacle
2022-03-26,2022,hard,tiafoe f.,nakashima b.,2.07,1.85,pinnacle
2022-03-26,2022,hard,bautista agut r.,majchrzak k.,1.25,4.48,pinnacle
2022-03-26,2022,hard,de minaur a.,thompson j.,1.22,4.83,pinnacle
2022-03-26,2022,hard,paul t.,khachanov k.,1.98,1.92,pinnacle
2022-03-26,2022,hard,medvedev d.,murray a.,1.14,6.74,pinnacle
2022-03-26,2022,hard,martinez p.,garin c.,1.5,2.79,pinnacle
2022-03-26,2022,hard,hurkacz h.,rinderknech a.,1.31,3.8,pinnacle
2022-03-26,2022,hard,nishioka y.,evans d.,2.48,1.61,pinnacle
2022-03-26,2022,hard,kecmanovic m.,auger-aliassime f.,2.98,1.45,pinnacle
2022-03-26,2022,hard,karatsev a.,humbert u.,1.69,2.3,pinnacle
2022-03-26,2022,hard,fritz t.,kukushkin m.,1.27,4.18,pinnacle
2022-03-26,2022,hard,korda s.,ramos-vinolas a.,1.14,6.77,pinnacle
2022-03-26,2022,hard,brooksby j.,basilashvili n.,1.42,3.12,pinnacle
2022-03-26,2022,hard,harris l.,shapovalov d.,2.96,1.46,pinnacle
2022-03-26,2022,hard,tsitsipas s.,wolf j.j.,1.24,4.62,pinnacle
2022-03-27,2022,hard,cilic m.,popyrin a.,1.49,2.82,pinnacle
2022-03-27,2022,hard,alcaraz c.,fucsovics m.,1.19,5.42,pinnacle
2022-03-27,2022,hard,norrie c.,gaston h.,1.18,5.75,pinnacle
2022-03-27,2022,hard,ruud c.,bublik a.,1.31,3.81,pinnacle
2022-03-27,2022,hard,kyrgios n.,fognini f.,1.17,5.57,pinnacle
2022-03-27,2022,hard,tiafoe f.,cerundolo j.m.,1.15,6.51,pinnacle
2022-03-27,2022,hard,sinner j.,carreno busta p.,1.59,2.53,pinnacle
2022-03-28,2022,hard,cerundolo f.,monfils g.,5.71,1.18,pinnacle
2022-03-28,2022,hard,kokkinakis t.,kudla d.,1.34,3.62,pinnacle
2022-03-28,2022,hard,zverev a.,mcdonald m.,1.22,4.94,pinnacle
2022-03-28,2022,hard,brooksby j.,bautista agut r.,1.75,2.21,pinnacle
2022-03-28,2022,hard,medvedev d.,martinez p.,1.04,15.79,pinnacle
2022-03-28,2022,hard,hurkacz h.,karatsev a.,1.36,3.44,pinnacle
2022-03-28,2022,hard,harris l.,nishioka y.,1.57,2.58,pinnacle
2022-03-28,2022,hard,alcaraz c.,cilic m.,1.23,4.76,pinnacle
2022-03-28,2022,hard,fritz t.,paul t.,1.65,2.4,pinnacle
2022-03-28,2022,hard,kecmanovic m.,korda s.,1.89,2.02,pinnacle
2022-03-29,2022,hard,tsitsipas s.,de minaur a.,1.41,3.18,pinnacle
2022-03-29,2022,hard,ruud c.,norrie c.,1.72,2.26,pinnacle
2022-03-29,2022,hard,zverev a.,kokkinakis t.,1.23,4.66,pinnacle
2022-03-29,2022,hard,sinner j.,kyrgios n.,2.62,1.56,pinnacle
2022-03-29,2022,hard,medvedev d.,brooksby j.,1.22,4.85,pinnacle
2022-03-29,2022,hard,cerundolo f.,tiafoe f.,3.16,1.41,pinnacle
2022-03-29,2022,hard,hurkacz h.,harris l.,1.35,3.53,pinnacle
2022-03-30,2022,hard,alcaraz c.,tsitsipas s.,1.53,2.71,pinnacle
2022-03-30,2022,hard,kecmanovic m.,fritz t.,2.74,1.52,pinnacle
2022-03-30,2022,hard,cerundolo f.,sinner j.,6.24,1.16,pinnacle
2022-03-31,2022,hard,ruud c.,zverev a.,3.4,1.37,pinnacle
2022-03-31,2022,hard,hurkacz h.,medvedev d.,3.82,1.31,pinnacle
2022-04-01,2022,hard,alcaraz c.,kecmanovic m.,1.19,5.38,pinnacle
2022-04-01,2022,hard,ruud c.,cerundolo f.,1.17,6.02,pinnacle
2022-04-02,2022,hard,alcaraz c.,hurkacz h.,1.47,2.89,pinnacle
2022-04-03,2022,hard,alcaraz c.,ruud c.,1.37,3.38,pinnacle
2022-04-05,2022,clay,thompson j.,diez s.,1.5,2.73,pinnacle
2022-04-05,2022,clay,querrey s.,galan d.e.,2.78,1.48,pinnacle
2022-04-05,2022,clay,wolf j.j.,brooksby j.,3.72,1.31,pinnacle
2022-04-05,2022,clay,krueger m.,varillas j. p.,3.27,1.37,pinnacle
2022-04-05,2022,clay,johnson s.,kudla d.,1.65,2.34,pinnacle
2022-04-05,2022,clay,brouwer g.,lopez f.,1.75,2.16,pinnacle
2022-04-05,2022,clay,kyrgios n.,mcdonald m.,1.5,2.72,pinnacle
2022-04-05,2022,clay,paul t.,gojowczyk p.,1.16,5.93,pinnacle
2022-04-06,2022,clay,garin c.,sock j.,2.0,1.88,pinnacle
2022-04-06,2022,clay,cuevas p.,purcell m.,1.52,2.65,pinnacle
2022-04-06,2022,clay,tabilo a.,harrison c.,1.27,4.04,pinnacle
2022-04-06,2022,clay,tiafoe f.,giron m.,1.54,2.61,pinnacle
2022-04-06,2022,clay,mmoh m.,querrey s.,2.86,1.48,pinnacle
2022-04-06,2022,clay,kyrgios n.,paul t.,1.68,2.33,pinnacle
2022-04-07,2022,clay,opelka r.,krueger m.,1.39,3.28,pinnacle
2022-04-07,2022,clay,brouwer g.,wolf j.j.,3.61,1.34,pinnacle
2022-04-07,2022,clay,garin c.,thompson j.,1.43,3.08,pinnacle
2022-04-07,2022,clay,tiafoe f.,cuevas p.,1.56,2.62,pinnacle
2022-04-08,2022,clay,fritz t.,tabilo a.,1.88,2.03,pinnacle
2022-04-08,2022,clay,isner j.,johnson s.,1.78,2.16,pinnacle
2022-04-08,2022,clay,opelka r.,brouwer g.,1.28,4.16,pinnacle
2022-04-08,2022,clay,kyrgios n.,mmoh m.,1.11,7.93,pinnacle
2022-04-08,2022,clay,garin c.,fritz t.,4.02,1.29,pinnacle
2022-04-09,2022,clay,isner j.,tiafoe f.,1.92,1.99,pinnacle
2022-04-09,2022,clay,opelka r.,kyrgios n.,2.68,1.53,pinnacle
2022-04-09,2022,clay,isner j.,garin c.,1.81,2.13,pinnacle
2022-04-10,2022,clay,opelka r.,isner j.,1.61,2.47,pinnacle
2022-04-05,2022,clay,djere l.,lehecka j.,1.54,2.59,pinnacle
2022-04-05,2022,clay,taberner c.,hanfmann y.,1.85,2.04,pinnacle
2022-04-05,2022,clay,jaziri m.,vesely j.,6.93,1.13,pinnacle
2022-04-05,2022,clay,musetti l.,ramos-vinolas a.,2.32,1.67,pinnacle
2022-04-05,2022,clay,sousa j.,delbonis f.,3.19,1.4,pinnacle
2022-04-05,2022,clay,van de zandschulp b.,dellien h.,1.68,2.3,pinnacle
2022-04-05,2022,clay,gasquet r.,laaksonen h.,1.53,2.66,pinnacle
2022-04-05,2022,clay,auger-aliassime f.,benchetrit e.,1.05,12.44,pinnacle
2022-04-05,2022,clay,molcan a.,travaglia s.,1.56,2.57,pinnacle
2022-04-05,2022,clay,coria f.,davidovich fokina a.,2.59,1.56,pinnacle
2022-04-05,2022,clay,andujar p.,evans d.,1.69,2.28,pinnacle
2022-04-05,2022,clay,carballes baena r.,cecchinato m.,1.4,3.19,pinnacle
2022-04-06,2022,clay,basic m.,majchrzak k.,3.99,1.28,pinnacle
2022-04-06,2022,clay,kotov p.,griekspoor t.,2.95,1.45,pinnacle
2022-04-06,2022,clay,kopriva v.,zapata miralles b.,2.05,1.85,pinnacle
2022-04-06,2022,clay,goffin d.,dzumhur d.,1.57,2.55,pinnacle
2022-04-06,2022,clay,musetti l.,taberner c.,1.54,2.67,pinnacle
2022-04-06,2022,clay,djere l.,jaziri m.,1.1,8.83,pinnacle
2022-04-07,2022,clay,coria f.,basic m.,1.29,3.98,pinnacle
2022-04-07,2022,clay,goffin d.,andujar p.,2.31,1.69,pinnacle
2022-04-07,2022,clay,carballes baena r.,sousa j.,1.54,2.66,pinnacle
2022-04-07,2022,clay,gasquet r.,kotov p.,1.44,3.01,pinnacle
2022-04-07,2022,clay,van de zandschulp b.,kopriva v.,1.43,3.09,pinnacle
2022-04-07,2022,clay,molcan a.,auger-aliassime f.,3.92,1.3,pinnacle
2022-04-08,2022,clay,goffin d.,carballes baena r.,1.69,2.31,pinnacle
2022-04-08,2022,clay,coria f.,gasquet r.,1.71,2.28,pinnacle
2022-04-08,2022,clay,djere l.,musetti l.,2.1,1.82,pinnacle
2022-04-08,2022,clay,molcan a.,van de zandschulp b.,2.04,1.87,pinnacle
2022-04-09,2022,clay,goffin d.,coria f.,1.75,2.21,pinnacle
2022-04-09,2022,clay,molcan a.,djere l.,2.48,1.61,pinnacle
2022-04-10,2022,clay,goffin d.,molcan a.,2.05,1.86,pinnacle
2022-04-10,2022,clay,davidovich fokina a.,giron m.,1.53,2.69,pinnacle
2022-04-10,2022,clay,dimitrov g.,basilashvili n.,1.51,2.78,pinnacle
2022-04-10,2022,clay,fucsovics m.,harris l.,1.52,2.72,pinnacle
2022-04-10,2022,clay,lajovic d.,krajinovic f.,2.18,1.77,pinnacle
2022-04-11,2022,clay,korda s.,van de zandschulp b.,1.62,2.45,pinnacle
2022-04-11,2022,clay,ramos-vinolas a.,griekspoor t.,1.53,2.68,pinnacle
2022-04-11,2022,clay,fognini f.,rinderknech a.,1.49,2.84,pinnacle
2022-04-11,2022,clay,schwartzman d.,khachanov k.,1.53,2.71,pinnacle
2022-04-11,2022,clay,delbonis f.,munar j.,3.65,1.33,pinnacle
2022-04-11,2022,clay,de minaur a.,zapata miralles b.,1.36,3.49,pinnacle
2022-04-11,2022,clay,bublik a.,wawrinka s.,1.47,2.92,pinnacle
2022-04-11,2022,clay,sinner j.,coric b.,1.4,3.22,pinnacle
2022-04-11,2022,clay,carreno busta p.,baez s.,1.5,2.81,pinnacle
2022-04-11,2022,clay,hurkacz h.,dellien h.,1.43,2.93,pinnacle
2022-04-11,2022,clay,cilic m.,tsonga j.w.,1.21,5.21,pinnacle
2022-04-12,2022,clay,ruusuvuori e.,otte o.,1.66,2.38,pinnacle
2022-04-12,2022,clay,evans d.,bonzi b.,1.88,2.03,pinnacle
2022-04-12,2022,clay,sonego l.,ivashka i.,1.41,3.18,pinnacle
2022-04-12,2022,clay,martinez p.,humbert u.,1.43,3.08,pinnacle
2022-04-12,2022,clay,djere l.,cressy m.,1.3,3.89,pinnacle
2022-04-12,2022,clay,fritz t.,catarina l.,1.03,18.43,pinnacle
2022-04-12,2022,clay,musetti l.,paire b.,1.42,3.11,pinnacle
2022-04-12,2022,clay,goffin d.,lehecka j.,1.66,2.37,pinnacle
2022-04-12,2022,clay,rune h.,karatsev a.,1.75,2.21,pinnacle
2022-04-12,2022,clay,davidovich fokina a.,djokovic n.,6.43,1.15,pinnacle
2022-04-12,2022,clay,tsitsipas s.,fognini f.,1.32,3.72,pinnacle
2022-04-12,2022,clay,dimitrov g.,lajovic d.,1.56,2.61,pinnacle
2022-04-13,2022,clay,ramos-vinolas a.,norrie c.,2.33,1.68,pinnacle
2022-04-13,2022,clay,korda s.,alcaraz c.,4.6,1.24,pinnacle
2022-04-13,2022,clay,djere l.,sonego l.,2.28,1.71,pinnacle
2022-04-13,2022,clay,hurkacz h.,martinez p.,1.53,2.68,pinnacle
2022-04-13,2022,clay,goffin d.,evans d.,1.72,2.25,pinnacle
2022-04-13,2022,clay,fritz t.,cilic m.,2.46,1.62,pinnacle
2022-04-13,2022,clay,ruud c.,rune h.,1.18,5.74,pinnacle
2022-04-13,2022,clay,carreno busta p.,bublik a.,1.3,3.89,pinnacle
2022-04-13,2022,clay,schwartzman d.,fucsovics m.,1.35,3.5,pinnacle
2022-04-13,2022,clay,sinner j.,ruusuvuori e.,1.36,3.46,pinnacle
2022-04-13,2022,clay,musetti l.,auger-aliassime f.,2.51,1.6,pinnacle
2022-04-13,2022,clay,rublev a.,de minaur a.,1.33,3.68,pinnacle
2022-04-13,2022,clay,zverev a.,delbonis f.,1.14,6.87,pinnacle
2022-04-14,2022,clay,fritz t.,korda s.,2.14,1.8,pinnacle
2022-04-14,2022,clay,dimitrov g.,ruud c.,4.64,1.24,pinnacle
2022-04-14,2022,clay,davidovich fokina a.,goffin d.,2.16,1.78,pinnacle
2022-04-14,2022,clay,schwartzman d.,musetti l.,1.61,2.47,pinnacle
2022-04-14,2022,clay,tsitsipas s.,djere l.,1.14,6.8,pinnacle
2022-04-14,2022,clay,zverev a.,carreno busta p.,1.33,3.69,pinnacle
2022-04-14,2022,clay,hurkacz h.,ramos-vinolas a.,1.65,2.38,pinnacle
2022-04-14,2022,clay,sinner j.,rublev a.,1.86,2.05,pinnacle
2022-04-15,2022,clay,davidovich fokina a.,fritz t.,1.85,2.07,pinnacle
2022-04-15,2022,clay,dimitrov g.,hurkacz h.,2.14,1.79,pinnacle
2022-04-15,2022,clay,zverev a.,sinner j.,1.41,3.09,pinnacle
2022-04-15,2022,clay,tsitsipas s.,schwartzman d.,1.34,3.56,pinnacle
2022-04-16,2022,clay,davidovich fokina a.,dimitrov g.,1.84,2.08,pinnacle
2022-04-16,2022,clay,tsitsipas s.,zverev a.,1.87,2.04,pinnacle
2022-04-17,2022,clay,tsitsipas s.,davidovich fokina a.,1.2,5.2,pinnacle
2022-04-18,2022,clay,kwon s.w.,paire b.,2.18,1.76,pinnacle
2022-04-18,2022,clay,coria f.,giron m.,1.44,3.01,pinnacle
2022-04-18,2022,clay,musetti l.,baez s.,1.94,1.94,pinnacle
2022-04-18,2022,clay,gerasimov e.,mannarino a.,1.61,2.46,pinnacle
2022-04-18,2022,clay,nakashima b.,alvarez varona n.,1.39,3.22,pinnacle
2022-04-18,2022,clay,mcdonald m.,grenier h.,1.27,4.09,pinnacle
2022-04-18,2022,clay,ymer e.,cressy m.,1.5,2.76,pinnacle
2022-04-18,2022,clay,munar j.,moroni g.m.,1.11,7.46,pinnacle
2022-04-18,2022,clay,zapata miralles b.,robredo t.,1.11,7.8,pinnacle
2022-04-19,2022,clay,harris l.,carballes baena r.,2.52,1.58,pinnacle
2022-04-19,2022,clay,taberner c.,korda s.,3.29,1.36,pinnacle
2022-04-19,2022,clay,fucsovics m.,thompson j.,1.28,4.04,pinnacle
2022-04-19,2022,clay,ruusuvuori e.,lopez f.,1.2,5.18,pinnacle
2022-04-19,2022,clay,dellien h.,guinard m.,1.41,3.12,pinnacle
2022-04-19,2022,clay,humbert u.,andujar p.,2.71,1.52,pinnacle
2022-04-19,2022,clay,ivashka i.,martinez p.,3.38,1.36,pinnacle
2022-04-19,2022,clay,ruud c.,nakashima b.,1.1,8.66,pinnacle
2022-04-19,2022,clay,sonego l.,ymer e.,1.53,2.71,pinnacle
2022-04-19,2022,clay,schwartzman d.,mcdonald m.,1.16,6.29,pinnacle
2022-04-19,2022,clay,norrie c.,gerasimov e.,1.13,7.24,pinnacle
2022-04-19,2022,clay,musetti l.,evans d.,1.36,3.47,pinnacle
2022-04-20,2022,clay,fucsovics m.,delbonis f.,1.71,2.27,pinnacle
2022-04-20,2022,clay,carreno busta p.,zapata miralles b.,1.27,4.25,pinnacle
2022-04-20,2022,clay,tiafoe f.,dellien h.,1.86,2.05,pinnacle
2022-04-20,2022,clay,ruusuvuori e.,bublik a.,1.47,2.91,pinnacle
2022-04-20,2022,clay,harris l.,ramos-vinolas a.,2.96,1.46,pinnacle
2022-04-20,2022,clay,auger-aliassime f.,taberner c.,1.51,2.78,pinnacle
2022-04-20,2022,clay,de minaur a.,humbert u.,1.43,3.05,pinnacle
2022-04-20,2022,clay,munar j.,basilashvili n.,1.26,4.31,pinnacle
2022-04-20,2022,clay,alcaraz c.,kwon s.w.,1.06,12.1,pinnacle
2022-04-21,2022,clay,dimitrov g.,coria f.,1.51,2.78,pinnacle
2022-04-21,2022,clay,tsitsipas s.,ivashka i.,1.11,8.2,pinnacle
2022-04-22,2022,clay,ruud c.,ruusuvuori e.,1.18,5.63,pinnacle
2022-04-22,2022,clay,carreno busta p.,sonego l.,1.55,2.63,pinnacle
2022-04-22,2022,clay,schwartzman d.,musetti l.,1.49,2.82,pinnacle
2022-04-22,2022,clay,auger-aliassime f.,tiafoe f.,1.49,2.84,pinnacle
2022-04-22,2022,clay,norrie c.,fucsovics m.,1.69,2.31,pinnacle
2022-04-22,2022,clay,alcaraz c.,munar j.,1.21,5.0,pinnacle
2022-04-22,2022,clay,de minaur a.,harris l.,1.52,2.74,pinnacle
2022-04-22,2022,clay,tsitsipas s.,dimitrov g.,1.28,4.15,pinnacle
2022-04-22,2022,clay,schwartzman d.,auger-aliassime f.,1.59,2.5,pinnacle
2022-04-22,2022,clay,carreno busta p.,ruud c.,3.83,1.3,pinnacle
2022-04-22,2022,clay,de minaur a.,norrie c.,1.57,2.55,pinnacle
2022-04-22,2022,clay,alcaraz c.,tsitsipas s.,1.72,2.22,pinnacle
2022-04-24,2022,clay,carreno busta p.,schwartzman d.,2.32,1.69,pinnacle
2022-04-24,2022,clay,alcaraz c.,de minaur a.,1.09,9.13,pinnacle
2022-04-24,2022,clay,alcaraz c.,carreno busta p.,1.61,2.45,pinnacle
2022-04-18,2022,clay,bedene a.,kukushkin m.,1.74,2.2,pinnacle
2022-04-18,2022,clay,rune h.,garin c.,1.76,2.17,pinnacle
2022-04-18,2022,clay,kecmanovic m.,gasquet r.,1.31,3.73,pinnacle
2022-04-18,2022,clay,fognini f.,cecchinato m.,1.37,3.34,pinnacle
2022-04-19,2022,clay,lehecka j.,laaksonen h.,1.51,2.72,pinnacle
2022-04-19,2022,clay,djere l.,medjedovic h.,1.15,6.22,pinnacle
2022-04-19,2022,clay,safiullin r.,ymer m.,2.22,1.73,pinnacle
2022-04-19,2022,clay,millman j.,thiem d.,2.79,1.49,pinnacle
2022-04-19,2022,clay,monteiro t.,sousa j.,1.53,2.65,pinnacle
2022-04-19,2022,clay,krajinovic f.,goffin d.,2.31,1.68,pinnacle
2022-04-19,2022,clay,otte o.,tabilo a.,2.37,1.65,pinnacle
2022-04-19,2022,clay,daniel t.,lajovic d.,2.01,1.88,pinnacle
2022-04-20,2022,clay,kecmanovic m.,millman j.,1.17,5.91,pinnacle
2022-04-20,2022,clay,khachanov k.,safiullin r.,1.41,3.19,pinnacle
2022-04-20,2022,clay,djokovic n.,djere l.,1.16,6.21,pinnacle
2022-04-20,2022,clay,monteiro t.,krajinovic f.,2.38,1.65,pinnacle
2022-04-21,2022,clay,fognini f.,bedene a.,1.32,3.75,pinnacle
2022-04-21,2022,clay,otte o.,karatsev a.,2.7,1.53,pinnacle
2022-04-21,2022,clay,rublev a.,lehecka j.,1.26,4.36,pinnacle
2022-04-21,2022,clay,daniel t.,rune h.,3.28,1.39,pinnacle
2022-04-21,2022,clay,djokovic n.,kecmanovic m.,1.6,2.5,pinnacle
2022-04-21,2022,clay,khachanov k.,monteiro t.,1.72,2.26,pinnacle
2022-04-22,2022,clay,fognini f.,otte o.,1.55,2.65,pinnacle
2022-04-22,2022,clay,rublev a.,daniel t.,1.31,3.81,pinnacle
2022-04-23,2022,clay,djokovic n.,khachanov k.,1.24,4.62,pinnacle
2022-04-23,2022,clay,rublev a.,fognini f.,1.33,3.7,pinnacle
2022-04-24,2022,clay,rublev a.,djokovic n.,3.16,1.41,pinnacle
2022-04-25,2022,clay,kwon s.w.,paire b.,1.6,2.47,pinnacle
2022-04-25,2022,clay,borges n.,andujar p.,2.13,1.79,pinnacle
2022-04-25,2022,clay,tiafoe f.,lajovic d.,1.55,2.61,pinnacle
2022-04-25,2022,clay,zapata miralles b.,coria f.,2.09,1.81,pinnacle
2022-04-26,2022,clay,cuevas p.,carballes baena r.,2.06,1.83,pinnacle
2022-04-26,2022,clay,taberner c.,harris l.,1.6,2.48,pinnacle
2022-04-26,2022,clay,gasquet r.,paul t.,2.72,1.51,pinnacle
2022-04-26,2022,clay,dellien h.,vesely j.,1.49,2.81,pinnacle
2022-04-26,2022,clay,baez s.,sousa j.,1.29,3.94,pinnacle
2022-04-26,2022,clay,ramos-vinolas a.,thompson j.,1.23,4.57,pinnacle
2022-04-26,2022,clay,bonzi b.,thiem d.,2.7,1.52,pinnacle
2022-04-26,2022,clay,korda s.,herbert p.h.,1.25,4.34,pinnacle
2022-04-27,2022,clay,davidovich fokina a.,zapata miralles b.,1.44,3.04,pinnacle
2022-04-27,2022,clay,tiafoe f.,borges n.,1.68,2.34,pinnacle
2022-04-27,2022,clay,verdasco f.,cuevas p.,2.33,1.68,pinnacle
2022-04-27,2022,clay,ramos-vinolas a.,kwon s.w.,1.44,3.02,pinnacle
2022-04-28,2022,clay,gasquet r.,dellien h.,2.26,1.72,pinnacle
2022-04-28,2022,clay,baez s.,cilic m.,1.83,2.09,pinnacle
2022-04-28,2022,clay,auger-aliassime f.,taberner c.,1.38,3.35,pinnacle
2022-04-28,2022,clay,korda s.,bonzi b.,1.37,3.4,pinnacle
2022-04-29,2022,clay,ramos-vinolas a.,verdasco f.,1.41,3.15,pinnacle
2022-04-29,2022,clay,baez s.,gasquet r.,1.41,3.15,pinnacle
2022-04-29,2022,clay,tiafoe f.,davidovich fokina a.,2.81,1.5,pinnacle
2022-04-29,2022,clay,korda s.,auger-aliassime f.,2.12,1.81,pinnacle
2022-04-30,2022,clay,baez s.,ramos-vinolas a.,1.66,2.37,pinnacle
2022-04-30,2022,clay,tiafoe f.,korda s.,3.17,1.41,pinnacle
2022-05-01,2022,clay,baez s.,tiafoe f.,1.6,2.5,pinnacle
2022-04-25,2022,clay,kecmanovic m.,rehberg m.,1.01,25.09,pinnacle
2022-04-25,2022,clay,molcan a.,gombos n.,1.34,3.5,pinnacle
2022-04-25,2022,clay,altmaier d.,kohlschreiber p.,1.81,2.1,pinnacle
2022-04-25,2022,clay,ruusuvuori e.,nishioka y.,1.58,2.51,pinnacle
2022-04-25,2022,clay,rune h.,lehecka j.,1.54,2.63,pinnacle
2022-04-26,2022,clay,cressy m.,evans d.,4.07,1.32,pinnacle
2022-04-26,2022,clay,ivashka i.,mcdonald m.,1.58,2.51,pinnacle
2022-04-26,2022,clay,gaston h.,giron m.,1.69,2.29,pinnacle
2022-04-26,2022,clay,otte o.,topo m.,1.18,5.47,pinnacle
2022-04-27,2022,clay,van de zandschulp b.,nakashima b.,1.58,2.53,pinnacle
2022-04-27,2022,clay,gerasimov e.,millman j.,1.76,2.17,pinnacle
2022-04-27,2022,clay,tabilo a.,garin c.,2.19,1.75,pinnacle
2022-04-27,2022,clay,kecmanovic m.,altmaier d.,1.25,4.41,pinnacle
2022-04-27,2022,clay,rune h.,zverev a.,5.21,1.2,pinnacle
2022-04-27,2022,clay,basilashvili n.,ivashka i.,2.64,1.55,pinnacle
2022-04-27,2022,clay,ruusuvuori e.,cressy m.,1.32,3.71,pinnacle
2022-04-28,2022,clay,van de zandschulp b.,gerasimov e.,1.52,2.73,pinnacle
2022-04-28,2022,clay,ruud c.,molcan a.,1.24,4.61,pinnacle
2022-04-28,2022,clay,otte o.,opelka r.,2.48,1.6,pinnacle
2022-04-28,2022,clay,tabilo a.,gaston h.,1.73,2.24,pinnacle
2022-04-29,2022,clay,kecmanovic m.,basilashvili n.,1.38,3.31,pinnacle
2022-04-29,2022,clay,van de zandschulp b.,ruud c.,3.71,1.32,pinnacle
2022-04-29,2022,clay,otte o.,tabilo a.,1.81,2.13,pinnacle
2022-04-29,2022,clay,rune h.,ruusuvuori e.,1.59,2.53,pinnacle
2022-04-30,2022,clay,van de zandschulp b.,kecmanovic m.,2.45,1.63,pinnacle
2022-04-30,2022,clay,rune h.,otte o.,1.32,3.75,pinnacle
2022-05-01,2022,clay,rune h.,van de zandschulp b.,1.52,2.72,pinnacle
2022-05-01,2022,clay,draper j.,sonego l.,3.74,1.32,pinnacle
2022-05-01,2022,clay,isner j.,krajinovic f.,1.56,2.6,pinnacle
2022-05-01,2022,clay,evans d.,delbonis f.,1.96,1.94,pinnacle
2022-05-02,2022,clay,davidovich fokina a.,harris l.,1.34,3.58,pinnacle
2022-05-02,2022,clay,de minaur a.,martinez p.,1.53,2.8,pinnacle
2022-05-02,2022,clay,sinner j.,paul t.,1.26,4.31,pinnacle
2022-05-02,2022,clay,lajovic d.,coric b.,1.83,2.09,pinnacle
2022-05-02,2022,clay,musetti l.,ivashka i.,1.41,3.15,pinnacle
2022-05-02,2022,clay,monfils g.,gimeno valero c.,1.25,4.48,pinnacle
2022-05-02,2022,clay,basilashvili n.,fognini f.,2.62,1.56,pinnacle
2022-05-02,2022,clay,schwartzman d.,paire b.,1.22,4.9,pinnacle
2022-05-02,2022,clay,goffin d.,karatsev a.,1.68,2.32,pinnacle
2022-05-02,2022,clay,norrie c.,kwon s.w.,1.36,3.46,pinnacle
2022-05-02,2022,clay,dimitrov g.,cressy m.,1.34,3.61,pinnacle
2022-05-02,2022,clay,murray a.,thiem d.,2.18,1.77,pinnacle
2022-05-02,2022,clay,shapovalov d.,humbert u.,1.71,2.27,pinnacle
2022-05-02,2022,clay,pouille l.,khachanov k.,5.69,1.18,pinnacle
2022-05-03,2022,clay,hurkacz h.,dellien h.,1.37,3.39,pinnacle
2022-05-03,2022,clay,cilic m.,ramos-vinolas a.,1.78,2.17,pinnacle
2022-05-03,2022,clay,bautista agut r.,brooksby j.,1.75,2.21,pinnacle
2022-05-03,2022,clay,kecmanovic m.,bublik a.,1.35,3.53,pinnacle
2022-05-03,2022,clay,garin c.,tiafoe f.,2.19,1.76,pinnacle
2022-05-03,2022,clay,van de zandschulp b.,carreno busta p.,3.15,1.41,pinnacle
2022-05-03,2022,clay,korda s.,opelka r.,1.69,2.31,pinnacle
2022-05-03,2022,clay,rublev a.,draper j.,1.15,6.36,pinnacle
2022-05-03,2022,clay,djokovic n.,monfils g.,1.21,5.01,pinnacle
2022-05-03,2022,clay,murray a.,shapovalov d.,2.87,1.48,pinnacle
2022-05-03,2022,clay,alcaraz c.,basilashvili n.,1.11,8.11,pinnacle
2022-05-04,2022,clay,evans d.,bautista agut r.,3.58,1.34,pinnacle
2022-05-04,2022,clay,lajovic d.,ruud c.,6.04,1.16,pinnacle
2022-05-04,2022,clay,zverev a.,cilic m.,1.2,5.17,pinnacle
2022-05-04,2022,clay,norrie c.,isner j.,1.73,2.24,pinnacle
2022-05-04,2022,clay,nadal r.,kecmanovic m.,1.33,3.64,pinnacle
2022-05-04,2022,clay,hurkacz h.,davidovich fokina a.,2.26,1.72,pinnacle
2022-05-04,2022,clay,goffin d.,van de zandschulp b.,2.09,1.83,pinnacle
2022-05-04,2022,clay,dimitrov g.,schwartzman d.,2.4,1.61,pinnacle
2022-05-04,2022,clay,musetti l.,korda s.,2.55,1.58,pinnacle
2022-05-04,2022,clay,sinner j.,de minaur a.,1.49,2.83,pinnacle
2022-05-04,2022,clay,auger-aliassime f.,garin c.,1.55,2.65,pinnacle
2022-05-04,2022,clay,tsitsipas s.,pouille l.,1.07,11.28,pinnacle
2022-05-05,2022,clay,djokovic n.,murray a.,1.16,6.26,pinnacle
2022-05-05,2022,clay,rublev a.,evans d.,1.21,5.05,pinnacle
2022-05-05,2022,clay,hurkacz h.,lajovic d.,1.32,3.77,pinnacle
2022-05-05,2022,clay,zverev a.,musetti l.,1.29,3.97,pinnacle
2022-05-05,2022,clay,nadal r.,goffin d.,1.11,7.95,pinnacle
2022-05-05,2022,clay,auger-aliassime f.,sinner j.,2.4,1.65,pinnacle
2022-05-05,2022,clay,tsitsipas s.,dimitrov g.,1.33,3.64,pinnacle
2022-05-05,2022,clay,alcaraz c.,norrie c.,1.14,6.66,pinnacle
2022-05-06,2022,clay,djokovic n.,hurkacz h.,1.3,3.96,pinnacle
2022-05-06,2022,clay,alcaraz c.,nadal r.,1.84,2.08,pinnacle
2022-05-06,2022,clay,tsitsipas s.,rublev a.,1.4,3.22,pinnacle
2022-05-06,2022,clay,zverev a.,auger-aliassime f.,1.49,2.85,pinnacle
2022-05-07,2022,clay,alcaraz c.,djokovic n.,2.13,1.8,pinnacle
2022-05-07,2022,clay,zverev a.,tsitsipas s.,2.36,1.64,pinnacle
2022-05-08,2022,clay,alcaraz c.,zverev a.,1.65,2.39,pinnacle
2022-05-08,2022,clay,krajinovic f.,tiafoe f.,2.26,1.71,pinnacle
2022-05-08,2022,clay,garin c.,passaro f.,1.35,3.52,pinnacle
2022-05-08,2022,clay,karatsev a.,harris l.,1.74,2.22,pinnacle
2022-05-08,2022,clay,cilic m.,arnaldi m.,1.18,5.64,pinnacle
2022-05-09,2022,clay,wawrinka s.,opelka r.,3.45,1.36,pinnacle
2022-05-09,2022,clay,davidovich fokina a.,ivashka i.,1.36,3.46,pinnacle
2022-05-09,2022,clay,brooksby j.,cobolli f.,1.56,2.62,pinnacle
2022-05-09,2022,clay,djere l.,coric b.,1.55,2.65,pinnacle
2022-05-09,2022,clay,shapovalov d.,sonego l.,1.97,1.93,pinnacle
2022-05-09,2022,clay,basilashvili n.,evans d.,2.17,1.77,pinnacle
2022-05-09,2022,clay,khachanov k.,zeppieri g.,1.3,3.91,pinnacle
2022-05-09,2022,clay,van de zandschulp b.,korda s.,2.46,1.62,pinnacle
2022-05-09,2022,clay,giron m.,bublik a.,2.25,1.72,pinnacle
2022-05-09,2022,clay,paul t.,ramos-vinolas a.,2.31,1.69,pinnacle
2022-05-09,2022,clay,fognini f.,thiem d.,1.6,2.52,pinnacle
2022-05-09,2022,clay,de minaur a.,lajovic d.,1.68,2.32,pinnacle
2022-05-09,2022,clay,carreno busta p.,delbonis f.,1.23,4.76,pinnacle
2022-05-10,2022,clay,dimitrov g.,nakashima b.,1.3,3.91,pinnacle
2022-05-10,2022,clay,baez s.,griekspoor t.,1.36,3.44,pinnacle
2022-05-10,2022,clay,schwartzman d.,kecmanovic m.,1.66,2.37,pinnacle
2022-05-10,2022,clay,norrie c.,nardi l.,1.15,6.49,pinnacle
2022-05-10,2022,clay,isner j.,cerundolo f.,1.99,1.92,pinnacle
2022-05-10,2022,clay,goffin d.,hurkacz h.,2.23,1.74,pinnacle
2022-05-10,2022,clay,sinner j.,martinez p.,1.19,5.42,pinnacle
2022-05-10,2022,clay,garin c.,ruusuvuori e.,2.2,1.75,pinnacle
2022-05-10,2022,clay,djokovic n.,karatsev a.,1.08,9.84,pinnacle
2022-05-10,2022,clay,shapovalov d.,basilashvili n.,1.68,2.33,pinnacle
2022-05-10,2022,clay,auger-aliassime f.,davidovich fokina a.,1.72,2.25,pinnacle
2022-05-10,2022,clay,krajinovic f.,rublev a.,5.52,1.19,pinnacle
2022-05-10,2022,clay,ruud c.,van de zandschulp b.,1.41,3.17,pinnacle
2022-05-11,2022,clay,zverev a.,baez s.,1.25,4.46,pinnacle
2022-05-11,2022,clay,khachanov k.,carreno busta p.,2.86,1.48,pinnacle
2022-05-11,2022,clay,nadal r.,isner j.,1.08,10.22,pinnacle
2022-05-11,2022,clay,de minaur a.,paul t.,1.66,2.36,pinnacle
2022-05-11,2022,clay,tsitsipas s.,dimitrov g.,1.25,4.51,pinnacle
2022-05-11,2022,clay,giron m.,schwartzman d.,6.78,1.14,pinnacle
2022-05-11,2022,clay,brooksby j.,goffin d.,3.22,1.4,pinnacle
2022-05-11,2022,clay,wawrinka s.,djere l.,3.47,1.36,pinnacle
2022-05-11,2022,clay,sinner j.,fognini f.,1.31,3.82,pinnacle
2022-05-11,2022,clay,cilic m.,norrie c.,2.44,1.63,pinnacle
2022-05-12,2022,clay,zverev a.,de minaur a.,1.25,4.43,pinnacle
2022-05-12,2022,clay,tsitsipas s.,khachanov k.,1.22,4.91,pinnacle
2022-05-12,2022,clay,auger-aliassime f.,giron m.,1.2,5.14,pinnacle
2022-05-12,2022,clay,sinner j.,krajinovic f.,1.24,4.57,pinnacle
2022-05-12,2022,clay,garin c.,cilic m.,2.59,1.56,pinnacle
2022-05-12,2022,clay,djokovic n.,wawrinka s.,1.06,12.75,pinnacle
2022-05-12,2022,clay,ruud c.,brooksby j.,1.26,4.39,pinnacle
2022-05-12,2022,clay,shapovalov d.,nadal r.,6.15,1.16,pinnacle
2022-05-13,2022,clay,zverev a.,garin c.,1.13,7.35,pinnacle
2022-05-13,2022,clay,tsitsipas s.,sinner j.,1.52,2.73,pinnacle
2022-05-13,2022,clay,ruud c.,shapovalov d.,1.44,3.02,pinnacle
2022-05-13,2022,clay,djokovic n.,auger-aliassime f.,1.18,5.59,pinnacle
2022-05-14,2022,clay,tsitsipas s.,zverev a.,1.68,2.34,pinnacle
2022-05-14,2022,clay,djokovic n.,ruud c.,1.28,4.1,pinnacle
2022-05-15,2022,clay,djokovic n.,tsitsipas s.,1.51,2.77,pinnacle
2022-05-15,2022,clay,griekspoor t.,paul t.,2.3,1.68,pinnacle
2022-05-15,2022,clay,majchrzak k.,bublik a.,1.71,2.25,pinnacle
2022-05-16,2022,clay,ivashka i.,giron m.,1.52,2.7,pinnacle
2022-05-16,2022,clay,delbonis f.,berankis r.,1.29,3.9,pinnacle
2022-05-16,2022,clay,gasquet r.,millman j.,1.63,2.41,pinnacle
2022-05-16,2022,clay,cecchinato m.,thiem d.,3.14,1.41,pinnacle
2022-05-16,2022,clay,paire b.,ruusuvuori e.,2.97,1.44,pinnacle
2022-05-17,2022,clay,basilashvili n.,bagnis f.,1.69,2.27,pinnacle
2022-05-17,2022,clay,sousa j.,andujar p.,2.54,1.57,pinnacle
2022-05-17,2022,clay,o connell c.,ramos-vinolas a.,2.23,1.72,pinnacle
2022-05-17,2022,clay,kokkinakis t.,fognini f.,2.34,1.66,pinnacle
2022-05-17,2022,clay,nikles j.,riedi l.,2.34,1.66,pinnacle
2022-05-17,2022,clay,gasquet r.,medvedev d.,3.22,1.4,pinnacle
2022-05-17,2022,clay,majchrzak k.,cecchinato m.,1.7,2.28,pinnacle
2022-05-18,2022,clay,opelka r.,o connell c.,1.74,2.22,pinnacle
2022-05-18,2022,clay,sousa j.,basilashvili n.,2.58,1.57,pinnacle
2022-05-18,2022,clay,kokkinakis t.,delbonis f.,1.61,2.47,pinnacle
2022-05-18,2022,clay,griekspoor t.,nikles j.,1.21,5.05,pinnacle
2022-05-18,2022,clay,ruud c.,paire b.,1.14,6.94,pinnacle
2022-05-18,2022,clay,ivashka i.,shapovalov d.,2.74,1.52,pinnacle
2022-05-19,2022,clay,opelka r.,griekspoor t.,1.54,2.67,pinnacle
2022-05-19,2022,clay,ruud c.,kokkinakis t.,1.19,5.36,pinnacle
2022-05-19,2022,clay,gasquet r.,majchrzak k.,1.77,2.18,pinnacle
2022-05-19,2022,clay,sousa j.,ivashka i.,3.12,1.42,pinnacle
2022-05-20,2022,clay,ruud c.,opelka r.,1.31,3.83,pinnacle
2022-05-20,2022,clay,sousa j.,gasquet r.,3.03,1.44,pinnacle
2022-05-21,2022,clay,ruud c.,sousa j.,1.15,6.53,pinnacle
2022-05-15,2022,clay,cerundolo f.,duckworth j.,1.11,7.56,pinnacle
2022-05-15,2022,clay,mannarino a.,karatsev a.,3.92,1.29,pinnacle
2022-05-15,2022,clay,rune h.,rinderknech a.,1.27,4.16,pinnacle
2022-05-16,2022,clay,humbert u.,barrere g.,1.51,2.74,pinnacle
2022-05-16,2022,clay,kwon s.w.,bedene a.,1.46,2.92,pinnacle
2022-05-16,2022,clay,otte o.,pouille l.,1.55,2.61,pinnacle
2022-05-16,2022,clay,watanuki y.,martinez p.,6.6,1.14,pinnacle
2022-05-16,2022,clay,molcan a.,tsonga j.w.,1.21,4.95,pinnacle
2022-05-16,2022,clay,baez s.,etcheverry t.,1.28,4.07,pinnacle
2022-05-16,2022,clay,khachanov k.,simon g.,1.12,7.44,pinnacle
2022-05-17,2022,clay,coria f.,altmaier d.,2.11,1.81,pinnacle
2022-05-17,2022,clay,guinard m.,gaston h.,2.2,1.74,pinnacle
2022-05-17,2022,clay,watanuki y.,kwon s.w.,3.11,1.42,pinnacle
2022-05-17,2022,clay,baez s.,otte o.,1.41,3.17,pinnacle
2022-05-17,2022,clay,norrie c.,cerundolo f.,1.43,3.05,pinnacle
2022-05-17,2022,clay,de minaur a.,humbert u.,1.49,2.85,pinnacle
2022-05-18,2022,clay,coria f.,carreno busta p.,4.41,1.25,pinnacle
2022-05-18,2022,clay,molcan a.,khachanov k.,2.59,1.56,pinnacle
2022-05-18,2022,clay,rune h.,mannarino a.,1.11,7.84,pinnacle
2022-05-19,2022,clay,molcan a.,coria f.,1.65,2.39,pinnacle
2022-05-19,2022,clay,guinard m.,mmoh m.,1.6,2.51,pinnacle
2022-05-19,2022,clay,de minaur a.,watanuki y.,1.17,5.8,pinnacle
2022-05-19,2022,clay,rune h.,guinard m.,1.15,6.15,pinnacle
2022-05-19,2022,clay,norrie c.,baez s.,2.21,1.75,pinnacle
2022-05-20,2022,clay,molcan a.,de minaur a.,2.2,1.75,pinnacle
2022-05-20,2022,clay,norrie c.,rune h.,1.63,2.37,pinnacle
2022-05-21,2022,clay,norrie c.,molcan a.,1.68,2.33,pinnacle
2022-05-22,2022,clay,dellien h.,thiem d.,1.95,1.95,pinnacle
2022-05-22,2022,clay,munar j.,altmaier d.,1.4,3.21,pinnacle
2022-05-22,2022,clay,coric b.,taberner c.,1.83,2.1,pinnacle
2022-05-22,2022,clay,dimitrov g.,giron m.,1.15,6.39,pinnacle
2022-05-22,2022,clay,bedene a.,o connell c.,4.13,1.28,pinnacle
2022-05-22,2022,clay,schwartzman d.,kuznetsov an.,1.1,8.96,pinnacle
2022-05-22,2022,clay,barrere g.,daniel t.,3.92,1.3,pinnacle
2022-05-22,2022,clay,van de zandschulp b.,kotov p.,1.27,3.79,pinnacle
2022-05-22,2022,clay,isner j.,halys q.,1.55,2.64,pinnacle
2022-05-22,2022,clay,auger-aliassime f.,varillas j. p.,1.15,6.39,pinnacle
2022-05-22,2022,clay,cuevas p.,brooksby j.,3.19,1.41,pinnacle
2022-05-22,2022,clay,griekspoor t.,davidovich fokina a.,4.03,1.29,pinnacle
2022-05-22,2022,clay,fognini f.,popyrin a.,1.65,2.4,pinnacle
2022-05-22,2022,clay,khachanov k.,borges n.,1.25,4.49,pinnacle
2022-05-22,2022,clay,ramos-vinolas a.,kokkinakis t.,2.07,1.85,pinnacle
2022-05-22,2022,clay,ugo carabelli c.,karatsev a.,2.43,1.63,pinnacle
2022-05-22,2022,clay,zverev a.,ofner s.,1.04,15.9,pinnacle
2022-05-22,2022,clay,kubler j.,kudla d.,1.54,2.66,pinnacle
2022-05-22,2022,clay,zapata miralles b.,mmoh m.,1.29,4.01,pinnacle
2022-05-22,2022,clay,alcaraz c.,londero j.i.,1.005,34.86,pinnacle
2022-05-23,2022,clay,gojo b.,giannessi a.,1.79,2.15,pinnacle
2022-05-23,2022,clay,krajinovic f.,opelka r.,2.17,1.78,pinnacle
2022-05-23,2022,clay,fritz t.,rodriguez taverna s.,1.17,5.82,pinnacle
2022-05-23,2022,clay,baez s.,lajovic d.,1.33,3.64,pinnacle
2022-05-23,2022,clay,nakashima b.,majchrzak k.,2.0,1.91,pinnacle
2022-05-23,2022,clay,basilashvili n.,cressy m.,1.34,3.57,pinnacle
2022-05-23,2022,clay,norrie c.,guinard m.,1.12,7.63,pinnacle
2022-05-23,2022,clay,moutet c.,wawrinka s.,2.26,1.71,pinnacle
2022-05-23,2022,clay,evans d.,cerundolo f.,2.12,1.81,pinnacle
2022-05-23,2022,clay,nadal r.,thompson j.,1.02,21.59,pinnacle
2022-05-23,2022,clay,mcdonald m.,agamenone f.,1.64,2.41,pinnacle
2022-05-23,2022,clay,kecmanovic m.,etcheverry t.,1.1,8.39,pinnacle
2022-05-23,2022,clay,cachin p.,gombos n.,1.53,2.68,pinnacle
2022-05-23,2022,clay,fucsovics m.,blancaneaux g.,1.37,3.39,pinnacle
2022-05-23,2022,clay,ymer m.,duckworth j.,1.34,3.6,pinnacle
2022-05-23,2022,clay,cilic m.,balazs a.,1.04,15.77,pinnacle
2022-05-23,2022,clay,djokovic n.,nishioka y.,1.01,33.62,pinnacle
2022-05-24,2022,clay,sousa j.,tseng c. h.,1.9,2.01,pinnacle
2022-05-24,2022,clay,rune h.,shapovalov d.,2.16,1.78,pinnacle
2022-05-24,2022,clay,ruusuvuori e.,humbert u.,1.75,2.2,pinnacle
2022-05-24,2022,clay,medvedev d.,bagnis f.,1.16,6.26,pinnacle
2022-05-24,2022,clay,djere l.,berankis r.,1.1,8.63,pinnacle
2022-05-24,2022,clay,korda s.,millman j.,1.13,7.12,pinnacle
2022-05-24,2022,clay,bublik a.,rinderknech a.,2.78,1.51,pinnacle
2022-05-24,2022,clay,molcan a.,coria f.,1.49,2.85,pinnacle
2022-05-24,2022,clay,gasquet r.,harris l.,1.56,2.57,pinnacle
2022-05-24,2022,clay,garin c.,paul t.,1.67,2.35,pinnacle
2022-05-24,2022,clay,goffin d.,lehecka j.,1.42,3.13,pinnacle
2022-05-24,2022,clay,ruud c.,tsonga j.w.,1.03,18.72,pinnacle
2022-05-24,2022,clay,ivashka i.,paire b.,1.49,2.83,pinnacle
2022-05-24,2022,clay,laaksonen h.,martinez p.,4.37,1.26,pinnacle
2022-05-24,2022,clay,rublev a.,kwon s.w.,1.07,11.06,pinnacle
2022-05-24,2022,clay,sonego l.,gojowczyk p.,1.07,10.74,pinnacle
2022-05-24,2022,clay,delbonis f.,mannarino a.,1.38,3.32,pinnacle
2022-05-24,2022,clay,tiafoe f.,bonzi b.,1.59,2.53,pinnacle
2022-05-24,2022,clay,gaston h.,de minaur a.,4.94,1.22,pinnacle
2022-05-24,2022,clay,carballes baena r.,otte o.,2.24,1.73,pinnacle
2022-05-24,2022,clay,cecchinato m.,andujar p.,2.07,1.85,pinnacle
2022-05-24,2022,clay,hurkacz h.,zeppieri g.,1.19,5.43,pinnacle
2022-05-24,2022,clay,sinner j.,fratangelo b.,1.06,12.84,pinnacle
2022-05-24,2022,clay,kolar z.,pouille l.,1.81,2.11,pinnacle
2022-05-24,2022,clay,johnson s.,vesely j.,2.31,1.69,pinnacle
2022-05-24,2022,clay,tsitsipas s.,musetti l.,1.09,9.54,pinnacle
2022-05-24,2022,clay,simon g.,carreno busta p.,13.88,1.05,pinnacle
2022-05-25,2022,clay,khachanov k.,dellien h.,1.48,2.88,pinnacle
2022-05-25,2022,clay,auger-aliassime f.,ugo carabelli c.,1.12,7.74,pinnacle
2022-05-25,2022,clay,isner j.,barrere g.,1.27,4.23,pinnacle
2022-05-25,2022,clay,bedene a.,cuevas p.,2.64,1.55,pinnacle
2022-05-25,2022,clay,norrie c.,kubler j.,1.09,9.46,pinnacle
2022-05-25,2022,clay,zapata miralles b.,fritz t.,2.76,1.51,pinnacle
2022-05-25,2022,clay,krajinovic f.,gojo b.,1.19,5.42,pinnacle
2022-05-25,2022,clay,zverev a.,baez s.,1.2,5.3,pinnacle
2022-05-25,2022,clay,schwartzman d.,munar j.,1.4,3.23,pinnacle
2022-05-25,2022,clay,alcaraz c.,ramos-vinolas a.,1.04,16.69,pinnacle
2022-05-25,2022,clay,djokovic n.,molcan a.,1.03,18.33,pinnacle
2022-05-25,2022,clay,nakashima b.,griekspoor t.,2.56,1.57,pinnacle
2022-05-25,2022,clay,van de zandschulp b.,fognini f.,1.61,2.49,pinnacle
2022-05-25,2022,clay,dimitrov g.,coric b.,1.29,4.05,pinnacle
2022-05-25,2022,clay,korda s.,gasquet r.,1.47,2.92,pinnacle
2022-05-25,2022,clay,nadal r.,moutet c.,1.04,15.03,pinnacle
2022-05-26,2022,clay,ruud c.,ruusuvuori e.,1.12,7.38,pinnacle
2022-05-26,2022,clay,rune h.,laaksonen h.,1.13,7.01,pinnacle
2022-05-26,2022,clay,medvedev d.,djere l.,1.41,3.17,pinnacle
2022-05-26,2022,clay,kecmanovic m.,bublik a.,1.2,5.28,pinnacle
2022-05-26,2022,clay,goffin d.,tiafoe f.,1.66,2.36,pinnacle
2022-05-26,2022,clay,gaston h.,cachin p.,2.14,1.79,pinnacle
2022-05-26,2022,clay,cilic m.,fucsovics m.,1.51,2.76,pinnacle
2022-05-26,2022,clay,sonego l.,sousa j.,1.4,3.21,pinnacle
2022-05-26,2022,clay,mcdonald m.,basilashvili n.,2.71,1.52,pinnacle
2022-05-26,2022,clay,hurkacz h.,cecchinato m.,1.15,6.57,pinnacle
2022-05-26,2022,clay,garin c.,ivashka i.,1.55,2.65,pinnacle
2022-05-26,2022,clay,ymer m.,evans d.,2.68,1.53,pinnacle
2022-05-26,2022,clay,simon g.,johnson s.,2.86,1.48,pinnacle
2022-05-26,2022,clay,tsitsipas s.,kolar z.,1.02,17.0,bet365
2022-05-26,2022,clay,sinner j.,carballes baena r.,1.06,11.73,pinnacle
2022-05-26,2022,clay,rublev a.,delbonis f.,1.14,6.88,pinnacle
2022-05-27,2022,clay,schwartzman d.,dimitrov g.,2.46,1.62,pinnacle
2022-05-27,2022,clay,auger-aliassime f.,krajinovic f.,1.29,4.01,pinnacle
2022-05-27,2022,clay,djokovic n.,bedene a.,1.01,28.96,pinnacle
2022-05-27,2022,clay,nadal r.,van de zandschulp b.,1.08,10.61,pinnacle
2022-05-27,2022,clay,zapata miralles b.,isner j.,2.37,1.66,pinnacle
2022-05-27,2022,clay,zverev a.,nakashima b.,1.1,8.66,pinnacle
2022-05-27,2022,clay,khachanov k.,norrie c.,2.63,1.55,pinnacle
2022-05-27,2022,clay,alcaraz c.,korda s.,1.19,5.34,pinnacle
2022-05-28,2022,clay,sinner j.,mcdonald m.,1.08,9.97,pinnacle
2022-05-28,2022,clay,rublev a.,garin c.,1.27,4.23,pinnacle
2022-05-28,2022,clay,medvedev d.,kecmanovic m.,1.66,2.37,pinnacle
2022-05-28,2022,clay,cilic m.,simon g.,1.24,4.57,pinnacle
2022-05-28,2022,clay,hurkacz h.,goffin d.,1.72,2.25,pinnacle
2022-05-28,2022,clay,tsitsipas s.,ymer m.,1.04,15.04,pinnacle
2022-05-28,2022,clay,ruud c.,sonego l.,1.16,6.18,pinnacle
2022-05-28,2022,clay,rune h.,gaston h.,1.34,3.56,pinnacle
2022-05-29,2022,clay,djokovic n.,schwartzman d.,1.09,9.64,pinnacle
2022-05-29,2022,clay,zverev a.,zapata miralles b.,1.06,12.16,pinnacle
2022-05-29,2022,clay,nadal r.,auger-aliassime f.,1.15,6.54,pinnacle
2022-05-29,2022,clay,alcaraz c.,khachanov k.,1.11,8.06,pinnacle
2022-05-30,2022,clay,ruud c.,hurkacz h.,1.62,2.45,pinnacle
2022-05-30,2022,clay,rune h.,tsitsipas s.,4.45,1.25,pinnacle
2022-05-30,2022,clay,rublev a.,sinner j.,1.88,2.04,pinnacle
2022-05-30,2022,clay,cilic m.,medvedev d.,3.94,1.3,pinnacle
2022-05-31,2022,clay,zverev a.,alcaraz c.,3.93,1.3,pinnacle
2022-05-31,2022,clay,nadal r.,djokovic n.,2.9,1.47,pinnacle
2022-06-01,2022,clay,cilic m.,rublev a.,2.14,1.79,pinnacle
2022-06-01,2022,clay,ruud c.,rune h.,1.43,3.05,pinnacle
2022-06-03,2022,clay,nadal r.,zverev a.,1.38,3.32,pinnacle
2022-06-03,2022,clay,ruud c.,cilic m.,1.45,2.97,pinnacle
2022-06-05,2022,clay,nadal r.,ruud c.,1.19,5.53,pinnacle
2022-06-06,2022,grass,gaston h.,kwon s.w.,3.92,1.29,pinnacle
2022-06-07,2022,grass,griekspoor t.,bedene a.,1.83,2.08,pinnacle
2022-06-07,2022,grass,ruusuvuori e.,van de zandschulp b.,2.27,1.7,pinnacle
2022-06-07,2022,grass,brooksby j.,de jong j.,1.18,5.58,pinnacle
2022-06-07,2022,grass,nakashima b.,paul t.,1.55,2.6,pinnacle
2022-06-07,2022,grass,khachanov k.,tabilo a.,1.13,6.88,pinnacle
2022-06-07,2022,grass,majchrzak k.,koepfer d.,1.51,2.72,pinnacle
2022-06-07,2022,grass,ivashka i.,mcdonald m.,1.88,2.01,pinnacle
2022-06-07,2022,grass,querrey s.,haase r.,1.5,2.74,pinnacle
2022-06-07,2022,grass,mannarino a.,seppi a.,1.46,2.88,pinnacle
2022-06-07,2022,grass,van rijthoven t.,ebden m.,2.81,1.47,pinnacle
2022-06-09,2022,grass,simon g.,duckworth j.,2.27,1.69,pinnacle
2022-06-09,2022,grass,gaston h.,brooksby j.,3.6,1.34,pinnacle
2022-06-09,2022,grass,van rijthoven t.,fritz t.,4.96,1.22,pinnacle
2022-06-09,2022,grass,nakashima b.,querrey s.,1.51,2.76,pinnacle
2022-06-09,2022,grass,auger-aliassime f.,griekspoor t.,1.21,5.03,pinnacle
2022-06-09,2022,grass,mannarino a.,de minaur a.,3.06,1.43,pinnacle
2022-06-09,2022,grass,ivashka i.,ruusuvuori e.,1.61,2.47,pinnacle
2022-06-09,2022,grass,medvedev d.,simon g.,1.09,9.04,pinnacle
2022-06-09,2022,grass,khachanov k.,majchrzak k.,1.4,3.2,pinnacle
2022-06-10,2022,grass,van rijthoven t.,gaston h.,1.98,1.92,pinnacle
2022-06-10,2022,grass,mannarino a.,nakashima b.,2.05,1.86,pinnacle
2022-06-10,2022,grass,auger-aliassime f.,khachanov k.,1.4,3.24,pinnacle
2022-06-10,2022,grass,medvedev d.,ivashka i.,1.21,5.08,pinnacle
2022-06-11,2022,grass,van rijthoven t.,auger-aliassime f.,6.09,1.16,pinnacle
2022-06-11,2022,grass,medvedev d.,mannarino a.,1.25,4.4,pinnacle
2022-06-12,2022,grass,van rijthoven t.,medvedev d.,6.07,1.16,pinnacle
2022-06-06,2022,grass,bonzi b.,lopez f.,1.37,3.31,pinnacle
2022-06-06,2022,grass,otte o.,altmaier d.,1.38,3.27,pinnacle
2022-06-06,2022,grass,struff j.l.,giron m.,2.73,1.51,pinnacle
2022-06-06,2022,grass,albot r.,sousa j.,1.96,1.9,pinnacle
2022-06-06,2022,grass,sonego l.,paire b.,1.36,3.42,pinnacle
2022-06-07,2022,grass,stricker d.,cressy m.,2.41,1.63,pinnacle
2022-06-07,2022,grass,fucsovics m.,rodionov j.,1.34,3.5,pinnacle
2022-06-07,2022,grass,rinderknech a.,humbert u.,3.31,1.38,pinnacle
2022-06-07,2022,grass,murray a.,o connell c.,1.44,2.98,pinnacle
2022-06-07,2022,grass,kyrgios n.,lehecka j.,1.24,4.52,pinnacle
2022-06-07,2022,grass,bublik a.,kudla d.,1.77,2.16,pinnacle
2022-06-08,2022,grass,basilashvili n.,musetti l.,1.65,2.37,pinnacle
2022-06-08,2022,grass,bonzi b.,rinderknech a.,1.65,2.39,pinnacle
2022-06-08,2022,grass,berrettini m.,albot r.,1.29,4.02,pinnacle
2022-06-09,2022,grass,otte o.,shapovalov d.,3.23,1.4,pinnacle
2022-06-09,2022,grass,sonego l.,struff j.l.,1.49,2.84,pinnacle
2022-06-09,2022,grass,murray a.,bublik a.,1.72,2.25,pinnacle
2022-06-09,2022,grass,fucsovics m.,hurkacz h.,3.02,1.44,pinnacle
2022-06-09,2022,grass,tsitsipas s.,stricker d.,1.27,4.2,pinnacle
2022-06-09,2022,grass,kyrgios n.,basilashvili n.,1.32,3.77,pinnacle
2022-06-10,2022,grass,otte o.,bonzi b.,1.79,2.15,pinnacle
2022-06-10,2022,grass,berrettini m.,sonego l.,1.44,3.04,pinnacle
2022-06-10,2022,grass,murray a.,tsitsipas s.,2.46,1.62,pinnacle
2022-06-10,2022,grass,kyrgios n.,fucsovics m.,1.44,3.01,pinnacle
2022-06-11,2022,grass,berrettini m.,otte o.,1.39,3.28,pinnacle
2022-06-11,2022,grass,murray a.,kyrgios n.,2.32,1.68,pinnacle
2022-06-12,2022,grass,berrettini m.,murray a.,1.97,1.93,pinnacle
2022-06-13,2022,grass,carreno busta p.,rune h.,2.14,1.78,pinnacle
2022-06-13,2022,grass,basilashvili n.,rublev a.,3.72,1.31,pinnacle
2022-06-13,2022,grass,humbert u.,albot r.,1.38,3.26,pinnacle
2022-06-13,2022,grass,djere l.,squire h.,1.53,2.67,pinnacle
2022-06-13,2022,grass,mcdonald m.,huesler m.a.,1.61,2.46,pinnacle
2022-06-13,2022,grass,ivashka i.,struff j.l.,1.38,3.28,pinnacle
2022-06-14,2022,grass,korda s.,garin c.,1.31,3.73,pinnacle
2022-06-14,2022,grass,auger-aliassime f.,giron m.,1.15,6.31,pinnacle
2022-06-14,2022,grass,griekspoor t.,molcan a.,1.52,2.7,pinnacle
2022-06-14,2022,grass,hurkacz h.,cressy m.,1.4,3.17,pinnacle
2022-06-14,2022,grass,kyrgios n.,altmaier d.,1.18,5.6,pinnacle
2022-06-14,2022,grass,tsitsipas s.,bonzi b.,1.3,3.88,pinnacle
2022-06-14,2022,grass,khachanov k.,karatsev a.,1.27,4.13,pinnacle
2022-06-14,2022,grass,otte o.,kecmanovic m.,2.08,1.83,pinnacle
2022-06-14,2022,grass,bautista agut r.,fucsovics m.,2.15,1.78,pinnacle
2022-06-15,2022,grass,medvedev d.,goffin d.,1.25,4.43,pinnacle
2022-06-15,2022,grass,hurkacz h.,humbert u.,1.49,2.83,pinnacle
2022-06-15,2022,grass,carreno busta p.,korda s.,3.2,1.4,pinnacle
2022-06-15,2022,grass,kyrgios n.,tsitsipas s.,1.66,2.36,pinnacle
2022-06-15,2022,grass,auger-aliassime f.,mcdonald m.,1.22,4.94,pinnacle
2022-06-16,2022,grass,khachanov k.,djere l.,1.16,6.16,pinnacle
2022-06-16,2022,grass,otte o.,basilashvili n.,1.93,1.96,pinnacle
2022-06-16,2022,grass,medvedev d.,ivashka i.,1.22,4.82,pinnacle
2022-06-16,2022,grass,bautista agut r.,griekspoor t.,1.65,2.38,pinnacle
2022-06-17,2022,grass,otte o.,khachanov k.,2.43,1.63,pinnacle
2022-06-17,2022,grass,medvedev d.,bautista agut r.,1.33,3.7,pinnacle
2022-06-17,2022,grass,kyrgios n.,carreno busta p.,1.29,4.05,pinnacle
2022-06-17,2022,grass,hurkacz h.,auger-aliassime f.,2.58,1.57,pinnacle
2022-06-18,2022,grass,medvedev d.,otte o.,1.16,6.27,pinnacle
2022-06-18,2022,grass,hurkacz h.,kyrgios n.,2.49,1.61,pinnacle
2022-06-19,2022,grass,hurkacz h.,medvedev d.,2.69,1.53,pinnacle
2022-06-13,2022,grass,de minaur a.,opelka r.,1.74,2.2,pinnacle
2022-06-13,2022,grass,davidovich fokina a.,ramos-vinolas a.,1.41,3.15,pinnacle
2022-06-13,2022,grass,draper j.,fritz t.,2.72,1.51,pinnacle
2022-06-13,2022,grass,dimitrov g.,norrie c.,2.26,1.7,pinnacle
2022-06-13,2022,grass,bublik a.,musetti l.,1.4,3.19,pinnacle
2022-06-13,2022,grass,cilic m.,broady l.,1.2,5.1,pinnacle
2022-06-14,2022,grass,querrey s.,schwartzman d.,1.84,2.06,pinnacle
2022-06-14,2022,grass,ruusuvuori e.,halys q.,1.72,2.23,pinnacle
2022-06-14,2022,grass,van de zandschulp b.,jubb p.,1.62,2.44,pinnacle
2022-06-14,2022,grass,peniston r.,ruud c.,3.53,1.34,pinnacle
2022-06-14,2022,grass,cerundolo f.,martinez p.,2.26,1.7,pinnacle
2022-06-14,2022,grass,krajinovic f.,brooksby j.,3.04,1.43,pinnacle
2022-06-14,2022,grass,berrettini m.,evans d.,1.51,2.72,pinnacle
2022-06-14,2022,grass,kudla d.,sonego l.,2.29,1.69,pinnacle
2022-06-14,2022,grass,wawrinka s.,tiafoe f.,2.88,1.47,pinnacle
2022-06-15,2022,grass,paul t.,shapovalov d.,2.75,1.5,pinnacle
2022-06-15,2022,grass,davidovich fokina a.,de minaur a.,3.15,1.41,pinnacle
2022-06-15,2022,grass,van de zandschulp b.,dimitrov g.,3.74,1.32,pinnacle
2022-06-15,2022,grass,ruusuvuori e.,draper j.,2.51,1.6,pinnacle
2022-06-15,2022,grass,cilic m.,bublik a.,1.56,2.62,pinnacle
2022-06-16,2022,grass,paul t.,wawrinka s.,1.72,2.25,pinnacle
2022-06-16,2022,grass,berrettini m.,kudla d.,1.21,5.08,pinnacle
2022-06-16,2022,grass,peniston r.,cerundolo f.,1.55,2.63,pinnacle
2022-06-16,2022,grass,krajinovic f.,querrey s.,2.77,1.51,pinnacle
2022-06-17,2022,grass,van de zandschulp b.,davidovich fokina a.,1.68,2.34,pinnacle
2022-06-17,2022,grass,berrettini m.,paul t.,1.4,3.2,pinnacle
2022-06-17,2022,grass,krajinovic f.,peniston r.,1.56,2.61,pinnacle
2022-06-17,2022,grass,cilic m.,ruusuvuori e.,1.42,3.13,pinnacle
2022-06-18,2022,grass,berrettini m.,van de zandschulp b.,1.32,3.73,pinnacle
2022-06-18,2022,grass,krajinovic f.,cilic m.,4.75,1.23,pinnacle
2022-06-19,2022,grass,berrettini m.,krajinovic f.,1.19,5.33,pinnacle
2022-06-20,2022,grass,de minaur a.,garin c.,1.21,4.88,pinnacle
2022-06-20,2022,grass,cressy m.,opelka r.,2.08,1.83,pinnacle
2022-06-20,2022,grass,millman j.,korda s.,3.78,1.31,pinnacle
2022-06-20,2022,grass,nakashima b.,clarke j.,1.11,7.57,pinnacle
2022-06-20,2022,grass,bublik a.,tiafoe f.,1.88,2.02,pinnacle
2022-06-20,2022,grass,draper j.,brooksby j.,1.89,2.0,pinnacle
2022-06-21,2022,grass,peniston r.,rune h.,2.62,1.54,pinnacle
2022-06-21,2022,grass,sonego l.,duckworth j.,1.32,3.67,pinnacle
2022-06-21,2022,grass,monteiro t.,humbert u.,4.18,1.27,pinnacle
2022-06-21,2022,grass,paul t.,cerundolo f.,1.31,3.72,pinnacle
2022-06-21,2022,grass,martinez p.,davidovich fokina a.,4.74,1.22,pinnacle
2022-06-21,2022,grass,evans d.,mannarino a.,1.52,2.7,pinnacle
2022-06-22,2022,grass,de minaur a.,sonego l.,1.45,3.0,pinnacle
2022-06-22,2022,grass,norrie c.,nakashima b.,1.64,2.41,pinnacle
2022-06-22,2022,grass,fritz t.,monteiro t.,1.35,3.52,pinnacle
2022-06-22,2022,grass,cressy m.,evans d.,2.53,1.59,pinnacle
2022-06-22,2022,grass,paul t.,sinner j.,2.24,1.73,pinnacle
2022-06-22,2022,grass,bublik a.,millman j.,1.51,2.75,pinnacle
2022-06-22,2022,grass,draper j.,schwartzman d.,1.45,2.97,pinnacle
2022-06-23,2022,grass,peniston r.,martinez p.,1.42,3.11,pinnacle
2022-06-23,2022,grass,cressy m.,norrie c.,2.75,1.49,pinnacle
2022-06-23,2022,grass,fritz t.,bublik a.,2.13,1.8,pinnacle
2022-06-23,2022,grass,draper j.,peniston r.,1.39,3.22,pinnacle
2022-06-23,2022,grass,de minaur a.,paul t.,1.41,3.18,pinnacle
2022-06-24,2022,grass,cressy m.,draper j.,1.76,2.19,pinnacle
2022-06-24,2022,grass,fritz t.,de minaur a.,2.17,1.78,pinnacle
2022-06-25,2022,grass,fritz t.,cressy m.,1.64,2.42,pinnacle
2022-06-19,2022,grass,molcan a.,kecmanovic m.,2.97,1.44,pinnacle
2022-06-19,2022,grass,mcdonald m.,sousa j.,1.47,2.89,pinnacle
2022-06-19,2022,grass,karatsev a.,munar j.,2.0,1.89,pinnacle
2022-06-20,2022,grass,ivashka i.,ruusuvuori e.,1.63,2.41,pinnacle
2022-06-20,2022,grass,bonzi b.,tabilo a.,1.41,3.13,pinnacle
2022-06-20,2022,grass,griekspoor t.,lopez f.,1.3,3.82,pinnacle
2022-06-20,2022,grass,bellier a.,delbonis f.,1.62,2.43,pinnacle
2022-06-20,2022,grass,bautista agut r.,daniel t.,1.16,5.92,pinnacle
2022-06-21,2022,grass,giron m.,van de zandschulp b.,2.88,1.47,pinnacle
2022-06-21,2022,grass,altmaier d.,lajovic d.,1.62,2.43,pinnacle
2022-06-21,2022,grass,kyrgios n.,djere l.,1.12,7.2,pinnacle
2022-06-21,2022,grass,baez s.,thompson j.,4.11,1.27,pinnacle
2022-06-22,2022,grass,griekspoor t.,molcan a.,1.74,2.22,pinnacle
2022-06-22,2022,grass,bellier a.,carreno busta p.,5.11,1.21,pinnacle
2022-06-22,2022,grass,giron m.,mcdonald m.,2.2,1.75,pinnacle
2022-06-22,2022,grass,tsitsipas s.,ivashka i.,1.6,2.5,pinnacle
2022-06-22,2022,grass,altmaier d.,baez s.,2.49,1.61,pinnacle
2022-06-22,2022,grass,bonzi b.,shapovalov d.,2.38,1.65,pinnacle
2022-06-22,2022,grass,medvedev d.,karatsev a.,1.17,5.91,pinnacle
2022-06-22,2022,grass,bautista agut r.,kyrgios n.,2.13,1.8,pinnacle
2022-06-23,2022,grass,bonzi b.,altmaier d.,1.32,3.74,pinnacle
2022-06-23,2022,grass,tsitsipas s.,giron m.,1.21,5.05,pinnacle
2022-06-23,2022,grass,bautista agut r.,medvedev d.,3.44,1.36,pinnacle
2022-06-23,2022,grass,bellier a.,griekspoor t.,3.43,1.36,pinnacle
2022-06-24,2022,grass,tsitsipas s.,bonzi b.,1.53,2.7,pinnacle
2022-06-24,2022,grass,bautista agut r.,bellier a.,1.17,5.98,pinnacle
2022-06-25,2022,grass,tsitsipas s.,bautista agut r.,1.74,2.22,pinnacle
2022-06-27,2022,grass,basilashvili n.,rosol l.,1.33,3.69,pinnacle
2022-06-27,2022,grass,halys q.,paire b.,1.37,3.41,pinnacle
2022-06-27,2022,grass,humbert u.,etcheverry t.,1.16,6.17,pinnacle
2022-06-27,2022,grass,ruud c.,ramos-vinolas a.,1.19,5.39,pinnacle
2022-06-27,2022,grass,marterer m.,bedene a.,2.04,1.87,pinnacle
2022-06-27,2022,grass,norrie c.,andujar p.,1.02,20.54,pinnacle
2022-06-27,2022,grass,munar j.,monteiro t.,2.33,1.68,pinnacle
2022-06-27,2022,grass,davidovich fokina a.,hurkacz h.,7.06,1.13,pinnacle
2022-06-27,2022,grass,mannarino a.,purcell m.,1.32,3.75,pinnacle
2022-06-27,2022,grass,paul t.,verdasco f.,1.22,4.86,pinnacle
2022-06-27,2022,grass,tiafoe f.,vavassori a.,1.12,7.64,pinnacle
2022-06-27,2022,grass,djokovic n.,kwon s.w.,1.01,31.88,pinnacle
2022-06-27,2022,grass,isner j.,couacaud e.,1.24,4.64,pinnacle
2022-06-27,2022,grass,kokkinakis t.,majchrzak k.,2.17,1.78,pinnacle
2022-06-27,2022,grass,alcaraz c.,struff j.l.,1.26,4.32,pinnacle
2022-06-27,2022,grass,tabilo a.,djere l.,2.68,1.53,pinnacle
2022-06-27,2022,grass,vesely j.,coria f.,1.09,9.72,pinnacle
2022-06-27,2022,grass,van rijthoven t.,delbonis f.,1.13,7.13,pinnacle
2022-06-27,2022,grass,sinner j.,wawrinka s.,1.33,3.65,pinnacle
2022-06-27,2022,grass,kecmanovic m.,millman j.,1.42,3.11,pinnacle
2022-06-27,2022,grass,lajovic d.,carreno busta p.,4.0,1.29,pinnacle
2022-06-27,2022,grass,griekspoor t.,fognini f.,1.36,3.47,pinnacle
2022-06-27,2022,grass,murray a.,duckworth j.,1.16,6.22,pinnacle
2022-06-27,2022,grass,bublik a.,fucsovics m.,1.56,2.61,pinnacle
2022-06-27,2022,grass,otte o.,gojowczyk p.,1.16,6.3,pinnacle
2022-06-28,2022,grass,peniston r.,laaksonen h.,1.21,5.11,pinnacle
2022-06-28,2022,grass,grenier h.,huesler m.a.,2.6,1.56,pinnacle
2022-06-28,2022,grass,goffin d.,albot r.,1.54,2.67,pinnacle
2022-06-28,2022,grass,baez s.,daniel t.,1.87,2.04,pinnacle
2022-06-28,2022,grass,johnson s.,dimitrov g.,4.97,1.22,pinnacle
2022-06-28,2022,grass,gasquet r.,sousa j.,1.49,2.84,pinnacle
2022-06-28,2022,grass,opelka r.,taberner c.,1.15,6.41,pinnacle
2022-06-28,2022,grass,kyrgios n.,jubb p.,1.11,8.16,pinnacle
2022-06-28,2022,grass,molcan a.,martinez p.,1.5,2.8,pinnacle
2022-06-28,2022,grass,ymer m.,altmaier d.,1.89,2.02,pinnacle
2022-06-28,2022,grass,de minaur a.,dellien h.,1.04,15.53,pinnacle
2022-06-28,2022,grass,brooksby j.,kukushkin m.,1.49,2.83,pinnacle
2022-06-28,2022,grass,berankis r.,querrey s.,4.88,1.22,pinnacle
2022-06-28,2022,grass,harrison c.,clarke j.,1.71,2.27,pinnacle
2022-06-28,2022,grass,bonzi b.,kolar z.,1.08,10.08,pinnacle
2022-06-28,2022,grass,garin c.,ymer e.,1.52,2.71,pinnacle
2022-06-28,2022,grass,gaston h.,popyrin a.,2.86,1.48,pinnacle
2022-06-28,2022,grass,sock j.,zapata miralles b.,1.37,3.39,pinnacle
2022-06-28,2022,grass,mcdonald m.,borges n.,1.34,3.58,pinnacle
2022-06-28,2022,grass,giron m.,rune h.,1.7,2.29,pinnacle
2022-06-28,2022,grass,sonego l.,kudla d.,1.98,1.93,pinnacle
2022-06-28,2022,grass,krajinovic f.,lehecka j.,1.38,3.34,pinnacle
2022-06-28,2022,grass,draper j.,bergs z.,1.35,3.52,pinnacle
2022-06-28,2022,grass,nadal r.,cerundolo f.,1.03,18.32,pinnacle
2022-06-28,2022,grass,thompson j.,carballes baena r.,1.07,10.85,pinnacle
2022-06-28,2022,grass,cressy m.,auger-aliassime f.,3.81,1.31,pinnacle
2022-06-28,2022,grass,van de zandschulp b.,lopez f.,1.2,5.23,pinnacle
2022-06-28,2022,grass,ruusuvuori e.,nishioka y.,1.15,6.37,pinnacle
2022-06-28,2022,grass,gray a.,tseng c.h.,2.36,1.67,pinnacle
2022-06-28,2022,grass,schwartzman d.,kozlov s.,1.25,4.45,pinnacle
2022-06-28,2022,grass,nakashima b.,kuhn n.,1.07,11.63,pinnacle
2022-06-28,2022,grass,shapovalov d.,rinderknech a.,1.36,3.47,pinnacle
2022-06-28,2022,grass,broady l.,klein l.,1.75,2.21,pinnacle
2022-06-28,2022,grass,tsitsipas s.,ritschard a.,1.03,17.64,pinnacle
2022-06-28,2022,grass,galan d.e.,koepfer d.,2.36,1.67,pinnacle
2022-06-28,2022,grass,bautista agut r.,balazs a.,1.04,16.46,pinnacle
2022-06-28,2022,grass,novak d.,bagnis f.,1.18,5.74,pinnacle
2022-06-28,2022,grass,kubler j.,evans d.,4.75,1.23,pinnacle
2022-06-28,2022,grass,fritz t.,musetti l.,1.16,6.2,pinnacle
2022-06-29,2022,grass,goffin d.,baez s.,1.52,2.73,pinnacle
2022-06-29,2022,grass,johnson s.,peniston r.,2.12,1.81,pinnacle
2022-06-29,2022,grass,kecmanovic m.,tabilo a.,1.25,4.85,pinnacle
2022-06-29,2022,grass,humbert u.,ruud c.,2.41,1.64,pinnacle
2022-06-29,2022,grass,tiafoe f.,marterer m.,1.22,4.87,pinnacle
2022-06-29,2022,grass,djokovic n.,kokkinakis t.,1.03,19.67,pinnacle
2022-06-29,2022,grass,otte o.,harrison c.,1.15,6.39,pinnacle
2022-06-29,2022,grass,bublik a.,lajovic d.,1.21,5.07,pinnacle
2022-06-29,2022,grass,norrie c.,munar j.,1.16,6.22,pinnacle
2022-06-29,2022,grass,basilashvili n.,halys q.,1.7,2.29,pinnacle
2022-06-29,2022,grass,sinner j.,ymer m.,1.21,5.02,pinnacle
2022-06-29,2022,grass,vesely j.,davidovich fokina a.,2.48,1.61,pinnacle
2022-06-29,2022,grass,paul t.,mannarino a.,1.74,2.23,pinnacle
2022-06-29,2022,grass,van rijthoven t.,opelka r.,1.68,2.33,pinnacle
2022-06-29,2022,grass,isner j.,murray a.,3.45,1.36,pinnacle
2022-06-29,2022,grass,alcaraz c.,griekspoor t.,1.29,4.0,pinnacle
2022-06-30,2022,grass,gasquet r.,mcdonald m.,2.43,1.63,pinnacle
2022-06-30,2022,grass,molcan a.,giron m.,2.66,1.54,pinnacle
2022-06-30,2022,grass,van de zandschulp b.,ruusuvuori e.,1.79,2.15,pinnacle
2022-06-30,2022,grass,fritz t.,gray a.,1.05,14.65,pinnacle
2022-06-30,2022,grass,kyrgios n.,krajinovic f.,1.29,4.02,pinnacle
2022-06-30,2022,grass,sonego l.,gaston h.,1.23,4.7,pinnacle
2022-06-30,2022,grass,broady l.,schwartzman d.,3.38,1.37,pinnacle
2022-06-30,2022,grass,tsitsipas s.,thompson j.,1.24,4.63,pinnacle
2022-06-30,2022,grass,garin c.,grenier h.,1.51,2.78,pinnacle
2022-06-30,2022,grass,galan d.e.,bautista agut r.,9.98,1.08,pinnacle
2022-06-30,2022,grass,nakashima b.,shapovalov d.,2.36,1.67,pinnacle
2022-06-30,2022,grass,nadal r.,berankis r.,1.07,11.41,pinnacle
2022-06-30,2022,grass,brooksby j.,bonzi b.,2.43,1.63,pinnacle
2022-06-30,2022,grass,de minaur a.,draper j.,1.53,2.71,pinnacle
2022-07-01,2022,grass,sock j.,cressy m.,2.93,1.46,pinnacle
2022-07-01,2022,grass,kubler j.,novak d.,1.5,2.79,pinnacle
2022-07-01,2022,grass,tiafoe f.,bublik a.,2.12,1.81,pinnacle
2022-07-01,2022,grass,van rijthoven t.,basilashvili n.,1.44,3.03,pinnacle
2022-07-01,2022,grass,goffin d.,humbert u.,1.69,2.31,pinnacle
2022-07-01,2022,grass,paul t.,vesely j.,1.51,2.76,pinnacle
2022-07-01,2022,grass,djokovic n.,kecmanovic m.,1.03,20.34,pinnacle
2022-07-01,2022,grass,sinner j.,isner j.,1.65,2.3,pinnacle
2022-07-01,2022,grass,alcaraz c.,otte o.,1.3,3.89,pinnacle
2022-07-01,2022,grass,norrie c.,johnson s.,1.32,3.71,pinnacle
2022-07-02,2022,grass,garin c.,brooksby j.,3.27,1.39,pinnacle
2022-07-02,2022,grass,kubler j.,sock j.,2.5,1.6,pinnacle
2022-07-02,2022,grass,van de zandschulp b.,gasquet r.,1.41,3.15,pinnacle
2022-07-02,2022,grass,de minaur a.,broady l.,1.13,7.01,pinnacle
2022-07-02,2022,grass,nakashima b.,galan d.e.,1.14,6.74,pinnacle
2022-07-02,2022,grass,fritz t.,molcan a.,1.22,4.82,pinnacle
2022-07-02,2022,grass,kyrgios n.,tsitsipas s.,1.82,2.1,pinnacle
2022-07-02,2022,grass,nadal r.,sonego l.,1.18,5.76,pinnacle
2022-07-03,2022,grass,goffin d.,tiafoe f.,1.79,2.14,pinnacle
2022-07-03,2022,grass,norrie c.,paul t.,1.55,2.63,pinnacle
2022-07-03,2022,grass,sinner j.,alcaraz c.,3.41,1.37,pinnacle
2022-07-03,2022,grass,djokovic n.,van rijthoven t.,1.07,11.47,pinnacle
2022-07-04,2022,grass,garin c.,de minaur a.,6.43,1.15,pinnacle
2022-07-04,2022,grass,kyrgios n.,nakashima b.,1.33,3.64,pinnacle
2022-07-04,2022,grass,fritz t.,kubler j.,1.18,5.63,pinnacle
2022-07-04,2022,grass,nadal r.,van de zandschulp b.,1.17,5.88,pinnacle
2022-07-05,2022,grass,djokovic n.,sinner j.,1.11,7.94,pinnacle
2022-07-05,2022,grass,norrie c.,goffin d.,1.44,3.04,pinnacle
2022-07-06,2022,grass,nadal r.,fritz t.,1.47,2.89,pinnacle
2022-07-06,2022,grass,kyrgios n.,garin c.,1.22,4.95,pinnacle
2022-07-08,2022,grass,djokovic n.,norrie c.,1.05,13.1,pinnacle
2022-07-08,2022,grass,kyrgios n.,nadal r.,1.63,2.41,pinnacle
2022-07-10,2022,grass,djokovic n.,kyrgios n.,1.28,4.11,pinnacle
2022-07-11,2022,clay,ymer e.,altmaier d.,2.12,1.79,pinnacle
2022-07-11,2022,clay,carreno busta p.,wawrinka s.,1.49,2.79,pinnacle
2022-07-11,2022,clay,djere l.,musetti l.,1.85,2.05,pinnacle
2022-07-12,2022,clay,ramos-vinolas a.,etcheverry t.,1.63,2.41,pinnacle
2022-07-12,2022,clay,coria f.,delbonis f.,1.75,2.1,pinnacle
2022-07-12,2022,clay,davidovich fokina a.,sousa j.,1.28,4.0,pinnacle
2022-07-12,2022,clay,karatsev a.,sonego l.,2.79,1.49,pinnacle
2022-07-12,2022,clay,thiem d.,ruusuvuori e.,2.37,1.65,pinnacle
2022-07-12,2022,clay,cerundolo f.,sousa p.,1.32,3.67,pinnacle
2022-07-12,2022,clay,huesler m.a.,rune h.,4.26,1.26,pinnacle
2022-07-12,2022,clay,baez s.,fognini f.,1.35,3.44,pinnacle
2022-07-12,2022,clay,gaston h.,basilashvili n.,1.88,2.02,pinnacle
2022-07-13,2022,clay,carreno busta p.,ramos-vinolas a.,1.44,3.01,pinnacle
2022-07-13,2022,clay,cerundolo f.,ruud c.,5.28,1.2,pinnacle
2022-07-13,2022,clay,schwartzman d.,ymer e.,1.32,3.74,pinnacle
2022-07-13,2022,clay,karatsev a.,gaston h.,1.7,2.29,pinnacle
2022-07-14,2022,clay,djere l.,huesler m.a.,1.49,2.82,pinnacle
2022-07-14,2022,clay,rublev a.,coria f.,1.3,3.95,pinnacle
2022-07-14,2022,clay,thiem d.,bautista agut r.,2.77,1.51,pinnacle
2022-07-14,2022,clay,baez s.,davidovich fokina a.,1.74,2.23,pinnacle
2022-07-15,2022,clay,cerundolo f.,karatsev a.,1.71,2.27,pinnacle
2022-07-15,2022,clay,carreno busta p.,schwartzman d.,1.93,1.97,pinnacle
2022-07-15,2022,clay,baez s.,thiem d.,1.41,3.17,pinnacle
2022-07-15,2022,clay,rublev a.,djere l.,1.49,2.85,pinnacle
2022-07-16,2022,clay,cerundolo f.,carreno busta p.,2.7,1.52,pinnacle
2022-07-16,2022,clay,baez s.,rublev a.,2.12,1.81,pinnacle
2022-07-17,2022,clay,cerundolo f.,baez s.,3.13,1.42,pinnacle
2022-07-11,2022,grass,gojowczyk p.,humbert u.,5.02,1.2,pinnacle
2022-07-11,2022,grass,kubler j.,thompson j.,2.1,1.81,pinnacle
2022-07-11,2022,grass,johnson s.,kozlov s.,1.43,3.04,pinnacle
2022-07-11,2022,grass,sock j.,albot r.,1.33,3.58,pinnacle
2022-07-12,2022,grass,eubanks c.,koepfer d.,1.69,2.29,pinnacle
2022-07-12,2022,grass,bonzi b.,blumberg w.,1.17,5.83,pinnacle
2022-07-12,2022,grass,vesely j.,lopez f.,1.37,3.36,pinnacle
2022-07-12,2022,grass,duckworth j.,broady l.,2.15,1.78,pinnacle
2022-07-12,2022,grass,purcell m.,mannarino a.,2.94,1.45,pinnacle
2022-07-12,2022,grass,halys q.,popyrin a.,1.88,2.01,pinnacle
2022-07-12,2022,grass,krueger m.,van rijthoven t.,6.57,1.14,pinnacle
2022-07-12,2022,grass,murray a.,querrey s.,1.38,3.3,pinnacle
2022-07-13,2022,grass,cressy m.,krueger m.,1.25,4.51,pinnacle
2022-07-13,2022,grass,duckworth j.,halys q.,2.21,1.75,pinnacle
2022-07-13,2022,grass,bublik a.,sock j.,2.0,1.91,pinnacle
2022-07-13,2022,grass,murray a.,purcell m.,1.17,5.91,pinnacle
2022-07-13,2022,grass,bonzi b.,eubanks c.,1.42,3.12,pinnacle
2022-07-13,2022,grass,isner j.,gojowczyk p.,1.27,4.25,pinnacle
2022-07-13,2022,grass,johnson s.,vesely j.,2.0,1.91,pinnacle
2022-07-14,2022,grass,kubler j.,auger-aliassime f.,3.75,1.31,pinnacle
2022-07-14,2022,grass,cressy m.,johnson s.,1.51,2.75,pinnacle
2022-07-14,2022,grass,isner j.,bonzi b.,1.71,2.27,pinnacle
2022-07-15,2022,grass,bublik a.,murray a.,2.33,1.68,pinnacle
2022-07-15,2022,grass,kubler j.,duckworth j.,1.61,2.48,pinnacle
2022-07-16,2022,grass,cressy m.,isner j.,1.85,2.06,pinnacle
2022-07-16,2022,grass,bublik a.,kubler j.,1.57,2.59,pinnacle
2022-07-17,2022,grass,cressy m.,bublik a.,2.05,1.87,pinnacle
2022-07-18,2022,clay,martinez p.,taberner c.,1.71,2.24,pinnacle
2022-07-18,2022,clay,delbonis f.,ymer m.,1.9,1.99,pinnacle
2022-07-18,2022,clay,lehecka j.,etcheverry t.,2.06,1.84,pinnacle
2022-07-18,2022,clay,ritschard a.,sousa j.,2.3,1.68,pinnacle
2022-07-19,2022,clay,munar j.,zapata miralles b.,1.59,2.5,pinnacle
2022-07-19,2022,clay,gasquet r.,carballes baena r.,1.71,2.25,pinnacle
2022-07-19,2022,clay,varillas j.p.,sonego l.,2.57,1.56,pinnacle
2022-07-19,2022,clay,ymer e.,paire b.,1.56,2.57,pinnacle
2022-07-19,2022,clay,hanfmann y.,garin c.,3.5,1.34,pinnacle
2022-07-19,2022,clay,thiem d.,gaston h.,1.47,2.88,pinnacle
2022-07-19,2022,clay,jarry n.,monteiro t.,2.01,1.88,pinnacle
2022-07-19,2022,clay,stricker d.,huesler m.a.,2.72,1.51,pinnacle
2022-07-20,2022,clay,munar j.,ritschard a.,1.3,3.91,pinnacle
2022-07-21,2022,clay,martinez p.,ymer e.,1.7,2.28,pinnacle
2022-07-21,2022,clay,thiem d.,delbonis f.,1.5,2.81,pinnacle
2022-07-21,2022,clay,varillas j.p.,bautista agut r.,3.13,1.42,pinnacle
2022-07-21,2022,clay,ruud c.,lehecka j.,1.23,4.79,pinnacle
2022-07-21,2022,clay,berrettini m.,gasquet r.,1.3,3.89,pinnacle
2022-07-21,2022,clay,ramos-vinolas a.,stricker d.,1.41,3.18,pinnacle
2022-07-21,2022,clay,jarry n.,hanfmann y.,1.59,2.53,pinnacle
2022-07-22,2022,clay,thiem d.,varillas j.p.,1.51,2.75,pinnacle
2022-07-22,2022,clay,berrettini m.,martinez p.,1.19,5.41,pinnacle
2022-07-22,2022,clay,ruud c.,munar j.,1.24,4.64,pinnacle
2022-07-22,2022,clay,ramos-vinolas a.,jarry n.,1.88,2.03,pinnacle
2022-07-23,2022,clay,berrettini m.,thiem d.,1.53,2.68,pinnacle
2022-07-23,2022,clay,ruud c.,ramos-vinolas a.,1.2,5.62,pinnacle
2022-07-24,2022,clay,ruud c.,berrettini m.,1.9,2.0,pinnacle
2022-07-18,2022,clay,davidovich fokina a.,van de zandschulp b.,1.83,2.07,pinnacle
2022-07-18,2022,clay,molcan a.,topo m.,1.13,6.99,pinnacle
2022-07-18,2022,clay,musetti l.,lajovic d.,1.67,2.33,pinnacle
2022-07-18,2022,clay,kovalik j.,rehberg m.,1.13,6.81,pinnacle
2022-07-18,2022,clay,khachanov k.,struff j.l.,1.79,2.13,pinnacle
2022-07-19,2022,clay,ruusuvuori e.,schwartzman d.,3.15,1.4,pinnacle
2022-07-19,2022,clay,griekspoor t.,rune h.,2.28,1.69,pinnacle
2022-07-19,2022,clay,coric b.,djere l.,2.65,1.53,pinnacle
2022-07-19,2022,clay,carreno busta p.,nardi l.,1.19,5.22,pinnacle
2022-07-19,2022,clay,fognini f.,bedene a.,1.43,3.01,pinnacle
2022-07-19,2022,clay,alcaraz c.,kuhn n.,1.03,17.56,pinnacle
2022-07-19,2022,clay,krajinovic f.,baez s.,2.66,1.53,pinnacle
2022-07-19,2022,clay,karatsev a.,basilashvili n.,1.83,2.07,pinnacle
2022-07-19,2022,clay,galan d.e.,coria f.,2.05,1.85,pinnacle
2022-07-19,2022,clay,cerundolo f.,altmaier d.,1.44,3.0,pinnacle
2022-07-20,2022,clay,rublev a.,berankis r.,1.08,9.89,pinnacle
2022-07-20,2022,clay,coric b.,griekspoor t.,2.27,1.71,pinnacle
2022-07-20,2022,clay,molcan a.,carreno busta p.,2.8,1.5,pinnacle
2022-07-20,2022,clay,davidovich fokina a.,kovalik j.,1.17,5.8,pinnacle
2022-07-20,2022,clay,musetti l.,ruusuvuori e.,1.58,2.55,pinnacle
2022-07-21,2022,clay,karatsev a.,galan d.e.,1.56,2.6,pinnacle
2022-07-21,2022,clay,cerundolo f.,rublev a.,2.93,1.43,pinnacle
2022-07-21,2022,clay,khachanov k.,fognini f.,1.47,2.92,pinnacle
2022-07-21,2022,clay,alcaraz c.,krajinovic f.,1.22,4.9,pinnacle
2022-07-22,2022,clay,cerundolo f.,karatsev a.,1.53,2.71,pinnacle
2022-07-22,2022,clay,musetti l.,davidovich fokina a.,2.24,1.73,pinnacle
2022-07-22,2022,clay,alcaraz c.,khachanov k.,1.16,6.12,pinnacle
2022-07-22,2022,clay,molcan a.,coric b.,1.87,2.04,pinnacle
2022-07-23,2022,clay,musetti l.,cerundolo f.,1.79,2.15,pinnacle
2022-07-23,2022,clay,alcaraz c.,molcan a.,1.1,8.73,pinnacle
2022-07-24,2022,clay,musetti l.,alcaraz c.,7.37,1.13,pinnacle
2022-07-25,2022,hard,kwon s.w.,giron m.,2.14,1.78,pinnacle
2022-07-25,2022,hard,daniel t.,korda s.,2.59,1.56,pinnacle
2022-07-25,2022,hard,nakashima b.,thompson j.,1.21,4.92,pinnacle
2022-07-25,2022,hard,millman j.,popyrin a.,1.97,1.92,pinnacle
2022-07-26,2022,hard,brooksby j.,paire b.,1.13,6.81,pinnacle
2022-07-26,2022,hard,ivashka i.,halys q.,1.58,2.52,pinnacle
2022-07-26,2022,hard,paul t.,sock j.,1.61,2.46,pinnacle
2022-07-26,2022,hard,mcdonald m.,kudla d.,1.45,2.94,pinnacle
2022-07-26,2022,hard,shelton b.,ramanathan r.,1.62,2.43,pinnacle
2022-07-27,2022,hard,martin a.,kokkinakis t.,5.88,1.16,pinnacle
2022-07-27,2022,hard,duckworth j.,koepfer d.,1.66,2.34,pinnacle
2022-07-27,2022,hard,paul t.,kwon s.w.,1.36,3.48,pinnacle
2022-07-27,2022,hard,nakashima b.,millman j.,1.3,3.89,pinnacle
2022-07-27,2022,hard,tiafoe f.,daniel t.,1.56,2.62,pinnacle
2022-07-28,2022,hard,ivashka i.,johnson s.,1.37,3.33,pinnacle
2022-07-28,2022,hard,mannarino a.,martin a.,1.29,3.99,pinnacle
2022-07-28,2022,hard,brooksby j.,mcdonald m.,1.57,2.59,pinnacle
2022-07-29,2022,hard,de minaur a.,duckworth j.,1.35,3.52,pinnacle
2022-07-29,2022,hard,isner j.,shelton b.,1.37,3.41,pinnacle
2022-07-29,2022,hard,ivashka i.,paul t.,2.72,1.52,pinnacle
2022-07-29,2022,hard,de minaur a.,mannarino a.,1.32,3.76,pinnacle
2022-07-29,2022,hard,tiafoe f.,nakashima b.,1.81,2.11,pinnacle
2022-07-30,2022,hard,brooksby j.,isner j.,1.54,2.68,pinnacle
2022-07-30,2022,hard,de minaur a.,ivashka i.,1.63,2.44,pinnacle
2022-07-31,2022,hard,brooksby j.,tiafoe f.,2.02,1.88,pinnacle
2022-07-31,2022,hard,de minaur a.,brooksby j.,2.14,1.79,pinnacle
2022-07-25,2022,clay,sousa j.,kopriva v.,2.01,1.88,pinnacle
2022-07-25,2022,clay,varillas j. p.,taberner c.,1.41,3.13,pinnacle
2022-07-25,2022,clay,misolic f.,dutra da silva d.,1.51,2.73,pinnacle
2022-07-25,2022,clay,lehecka j.,monteiro t.,2.24,1.7,pinnacle
2022-07-25,2022,clay,lajovic d.,sachko v.,1.21,4.86,pinnacle
2022-07-25,2022,clay,rodionov j.,casanova h.,1.44,2.97,pinnacle
2022-07-25,2022,clay,coria f.,garin c.,2.34,1.66,pinnacle
2022-07-26,2022,clay,andujar p.,sonego l.,3.08,1.42,pinnacle
2022-07-26,2022,clay,martinez p.,jarry n.,1.93,1.96,pinnacle
2022-07-26,2022,clay,hanfmann y.,melzer g.,1.53,2.66,pinnacle
2022-07-26,2022,clay,ofner s.,gasquet r.,2.46,1.61,pinnacle
2022-07-26,2022,clay,thiem d.,shevchenko a.,1.15,6.28,pinnacle
2022-07-27,2022,clay,martinez p.,coria f.,1.74,2.23,pinnacle
2022-07-27,2022,clay,ramos-vinolas a.,varillas j. p.,1.85,2.07,pinnacle
2022-07-27,2022,clay,bautista agut r.,rodionov j.,1.3,3.91,pinnacle
2022-07-27,2022,clay,hanfmann y.,gakhov i.,1.32,4.33,max
2022-07-27,2022,clay,misolic f.,andujar p.,2.25,1.72,pinnacle
2022-07-27,2022,clay,lehecka j.,sousa j.,1.65,2.39,pinnacle
2022-07-27,2022,clay,thiem d.,ofner s.,1.24,4.56,pinnacle
2022-07-27,2022,clay,lajovic d.,karatsev a.,2.16,1.78,pinnacle
2022-07-28,2022,clay,ramos-vinolas a.,martinez p.,1.95,1.95,pinnacle
2022-07-28,2022,clay,bautista agut r.,lehecka j.,1.4,3.23,pinnacle
2022-07-28,2022,clay,hanfmann y.,thiem d.,3.79,1.31,pinnacle
2022-07-29,2022,clay,misolic f.,lajovic d.,3.11,1.42,pinnacle
2022-07-29,2022,clay,bautista agut r.,ramos-vinolas a.,1.94,1.96,pinnacle
2022-07-30,2022,clay,misolic f.,hanfmann y.,2.8,1.49,pinnacle
2022-07-30,2022,clay,bautista agut r.,misolic f.,1.36,3.37,pinnacle
2022-07-25,2022,clay,zeppieri g.,cachin p.,2.46,1.61,pinnacle
2022-07-25,2022,clay,carballes baena r.,laaksonen h.,1.51,2.73,pinnacle
2022-07-25,2022,clay,galan d.e.,fognini f.,2.23,1.72,pinnacle
2022-07-25,2022,clay,munar j.,ymer m.,1.36,3.38,pinnacle
2022-07-25,2022,clay,cecchinato m.,poljicak m.,1.28,4.04,pinnacle
2022-07-26,2022,clay,bagnis f.,etcheverry t.,1.95,1.93,pinnacle
2022-07-26,2022,clay,zapata miralles b.,prizmic d.,1.09,8.89,pinnacle
2022-07-26,2022,clay,moutet c.,altmaier d.,1.64,2.38,pinnacle
2022-07-26,2022,clay,molcan a.,ajdukovic d.,1.15,6.22,pinnacle
2022-07-26,2022,clay,gombos n.,delbonis f.,2.43,1.61,pinnacle
2022-07-26,2022,clay,agamenone f.,djere l.,4.92,1.21,pinnacle
2022-07-26,2022,clay,musetti l.,bedene a.,1.35,3.5,pinnacle
2022-07-27,2022,clay,zeppieri g.,galan d.e.,2.37,1.65,pinnacle
2022-07-27,2022,clay,carballes baena r.,molcan a.,2.68,1.53,pinnacle
2022-07-27,2022,clay,zapata miralles b.,rune h.,2.73,1.52,pinnacle
2022-07-27,2022,clay,sinner j.,munar j.,1.43,3.06,pinnacle
2022-07-28,2022,clay,cecchinato m.,musetti l.,4.15,1.28,pinnacle
2022-07-28,2022,clay,bagnis f.,moutet c.,2.56,1.58,pinnacle
2022-07-28,2022,clay,agamenone f.,baez s.,5.78,1.17,pinnacle
2022-07-28,2022,clay,alcaraz c.,gombos n.,1.05,14.05,pinnacle
2022-07-29,2022,clay,agamenone f.,cecchinato m.,2.32,1.68,pinnacle
2022-07-29,2022,clay,sinner j.,carballes baena r.,1.14,6.64,pinnacle
2022-07-29,2022,clay,zeppieri g.,zapata miralles b.,2.64,1.55,pinnacle
2022-07-29,2022,clay,alcaraz c.,bagnis f.,1.06,11.87,pinnacle
2022-07-30,2022,clay,alcaraz c.,zeppieri g.,1.06,13.89,pinnacle
2022-07-30,2022,clay,sinner j.,agamenone f.,1.1,8.6,pinnacle
2022-07-31,2022,clay,sinner j.,alcaraz c.,2.51,1.6,pinnacle
2022-08-02,2022,hard,berankis r.,halys q.,2.24,1.71,pinnacle
2022-08-02,2022,hard,hijikata r.,pacheco mendez r.,1.06,11.56,pinnacle
2022-08-02,2022,hard,tseng c. h.,chappell n.,1.18,5.44,pinnacle
2022-08-02,2022,hard,purcell m.,laaksonen h.,1.46,2.92,pinnacle
2022-08-03,2022,hard,kubler j.,etcheverry t.,1.35,3.49,pinnacle
2022-08-03,2022,hard,bagnis f.,escobedo e.,2.1,1.81,pinnacle
2022-08-03,2022,hard,albot r.,lopez f.,1.29,3.9,pinnacle
2022-08-03,2022,hard,johnson s.,villanueva g.,1.12,7.24,pinnacle
2022-08-03,2022,hard,nakashima b.,uchida k.,1.08,9.34,pinnacle
2022-08-03,2022,hard,thompson j.,hanfmann y.,1.54,2.62,pinnacle
2022-08-03,2022,hard,kokkinakis t.,verdasco f.,1.42,3.09,pinnacle
2022-08-04,2022,hard,kecmanovic m.,thompson j.,1.44,3.02,pinnacle
2022-08-04,2022,hard,nakashima b.,purcell m.,1.26,4.36,pinnacle
2022-08-04,2022,hard,auger-aliassime f.,hernandez a.,1.02,24.52,pinnacle
2022-08-04,2022,hard,albot r.,kubler j.,2.87,1.48,pinnacle
2022-08-04,2022,hard,berankis r.,bagnis f.,1.47,2.93,pinnacle
2022-08-04,2022,hard,johnson s.,kokkinakis t.,2.54,1.58,pinnacle
2022-08-04,2022,hard,medvedev d.,hijikata r.,1.05,14.14,pinnacle
2022-08-04,2022,hard,norrie c.,tseng c. h.,1.11,8.09,pinnacle
2022-08-05,2022,hard,kecmanovic m.,nakashima b.,2.09,1.83,pinnacle
2022-08-05,2022,hard,medvedev d.,berankis r.,1.11,8.23,pinnacle
2022-08-05,2022,hard,auger-aliassime f.,johnson s.,1.27,4.18,pinnacle
2022-08-05,2022,hard,norrie c.,albot r.,1.12,7.69,pinnacle
2022-08-06,2022,hard,medvedev d.,kecmanovic m.,1.29,4.04,pinnacle
2022-08-06,2022,hard,norrie c.,auger-aliassime f.,2.03,1.88,pinnacle
2022-08-07,2022,hard,medvedev d.,norrie c.,1.4,3.2,pinnacle
2022-08-01,2022,hard,edmund k.,watanuki y.,2.29,1.67,pinnacle
2022-08-01,2022,hard,koepfer d.,kwon s.w.,2.19,1.74,pinnacle
2022-08-01,2022,hard,kudla d.,mmoh m.,1.66,2.35,pinnacle
2022-08-01,2022,hard,gojo b.,duckworth j.,2.54,1.57,pinnacle
2022-08-01,2022,hard,wolf j.j.,daniel t.,2.94,1.45,pinnacle
2022-08-01,2022,hard,ymer m.,murray a.,3.5,1.34,pinnacle
2022-08-01,2022,hard,popyrin a.,wu t.l.,1.54,2.63,pinnacle
2022-08-01,2022,hard,draper j.,kozlov s.,1.25,4.38,pinnacle
2022-08-01,2022,hard,mannarino a.,klahn b.,1.14,6.45,pinnacle
2022-08-02,2022,hard,paire b.,gojowczyk p.,2.39,1.64,pinnacle
2022-08-02,2022,hard,eubanks c.,bonzi b.,2.5,1.59,pinnacle
2022-08-02,2022,hard,ruusuvuori e.,mcdonald m.,1.64,2.39,pinnacle
2022-08-02,2022,hard,nishioka y.,brooksby j.,3.39,1.36,pinnacle
2022-08-02,2022,hard,korda s.,ivashka i.,1.95,1.93,pinnacle
2022-08-02,2022,hard,sock j.,goffin d.,2.44,1.61,pinnacle
2022-08-03,2022,hard,kyrgios n.,giron m.,1.28,4.03,pinnacle
2022-08-02,2022,hard,evans d.,edmund k.,1.43,3.08,pinnacle
2022-08-02,2022,hard,rublev a.,draper j.,1.37,3.42,pinnacle
2022-08-03,2022,hard,van de zandschulp b.,gojo b.,1.28,4.11,pinnacle
2022-08-03,2022,hard,khachanov k.,koepfer d.,1.35,3.55,pinnacle
2022-08-03,2022,hard,rune h.,paire b.,1.44,3.02,pinnacle
2022-08-03,2022,hard,ruusuvuori e.,hurkacz h.,2.8,1.5,pinnacle
2022-08-03,2022,hard,ymer m.,karatsev a.,2.12,1.81,pinnacle
2022-08-03,2022,hard,nishioka y.,de minaur a.,3.15,1.41,pinnacle
2022-08-03,2022,hard,korda s.,baez s.,1.34,3.57,pinnacle
2022-08-03,2022,hard,fritz t.,popyrin a.,1.18,5.68,pinnacle
2022-08-03,2022,hard,wolf j.j.,shapovalov d.,2.88,1.48,pinnacle
2022-08-03,2022,hard,dimitrov g.,mannarino a.,1.61,2.48,pinnacle
2022-08-03,2022,hard,cressy m.,sock j.,1.63,2.44,pinnacle
2022-08-04,2022,hard,tiafoe f.,eubanks c.,1.38,3.33,pinnacle
2022-08-04,2022,hard,opelka r.,kudla d.,1.46,2.94,pinnacle
2022-08-04,2022,hard,kyrgios n.,paul t.,1.41,3.15,pinnacle
2022-08-04,2022,hard,nishioka y.,khachanov k.,2.93,1.47,pinnacle
2022-08-04,2022,hard,ymer m.,ruusuvuori e.,3.17,1.41,pinnacle
2022-08-04,2022,hard,evans d.,fritz t.,3.81,1.31,pinnacle
2022-08-05,2022,hard,wolf j.j.,rune h.,1.87,2.04,pinnacle
2022-08-05,2022,hard,rublev a.,cressy m.,1.44,3.04,pinnacle
2022-08-05,2022,hard,tiafoe f.,van de zandschulp b.,1.66,2.37,pinnacle
2022-08-05,2022,hard,korda s.,dimitrov g.,1.62,2.46,pinnacle
2022-08-05,2022,hard,kyrgios n.,opelka r.,1.37,3.41,pinnacle
2022-08-05,2022,hard,nishioka y.,evans d.,2.14,1.79,pinnacle
2022-08-06,2022,hard,rublev a.,wolf j.j.,1.19,5.39,pinnacle
2022-08-06,2022,hard,ymer m.,korda s.,3.34,1.37,pinnacle
2022-08-06,2022,hard,kyrgios n.,tiafoe f.,1.37,3.35,pinnacle
2022-08-07,2022,hard,kyrgios n.,ymer m.,1.2,5.17,pinnacle
2022-08-07,2022,hard,nishioka y.,rublev a.,5.73,1.18,pinnacle
2022-08-07,2022,hard,kyrgios n.,nishioka y.,1.23,4.8,pinnacle
2022-08-08,2022,hard,khachanov k.,cerundolo f.,1.47,2.9,pinnacle
2022-08-08,2022,hard,molcan a.,mcdonald m.,2.14,1.79,pinnacle
2022-08-08,2022,hard,ruusuvuori e.,wawrinka s.,1.31,3.84,pinnacle
2022-08-08,2022,hard,brooksby j.,bublik a.,1.59,2.53,pinnacle
2022-08-09,2022,hard,carreno busta p.,berrettini m.,3.38,1.37,pinnacle
2022-08-09,2022,hard,paul t.,pospisil v.,1.27,4.28,pinnacle
2022-08-09,2022,hard,cressy m.,karatsev a.,1.65,2.4,pinnacle
2022-08-09,2022,hard,cilic m.,coric b.,1.49,2.83,pinnacle
2022-08-09,2022,hard,monfils g.,martinez p.,1.67,2.35,pinnacle
2022-08-09,2022,hard,dimitrov g.,galarneau a.,1.16,6.2,pinnacle
2022-08-09,2022,hard,mannarino a.,rinderknech a.,1.75,2.21,pinnacle
2022-08-09,2022,hard,evans d.,krajinovic f.,1.68,2.32,pinnacle
2022-08-09,2022,hard,draper j.,gaston h.,1.34,3.63,pinnacle
2022-08-09,2022,hard,de minaur a.,shapovalov d.,1.65,2.4,pinnacle
2022-08-09,2022,hard,kyrgios n.,baez s.,1.2,5.18,pinnacle
2022-08-09,2022,hard,rune h.,fognini f.,1.68,2.32,pinnacle
2022-08-09,2022,hard,tiafoe f.,bonzi b.,1.43,3.06,pinnacle
2022-08-09,2022,hard,bautista agut r.,giron m.,1.37,3.41,pinnacle
2022-08-09,2022,hard,norrie c.,nakashima b.,1.58,2.55,pinnacle
2022-08-09,2022,hard,nishioka y.,paire b.,1.57,2.57,pinnacle
2022-08-10,2022,hard,fritz t.,murray a.,1.43,3.06,pinnacle
2022-08-10,2022,hard,van de zandschulp b.,kecmanovic m.,2.29,1.7,pinnacle
2022-08-10,2022,hard,schwartzman d.,davidovich fokina a.,1.78,2.16,pinnacle
2022-08-10,2022,hard,ramos-vinolas a.,goffin d.,3.18,1.41,pinnacle
2022-08-10,2022,hard,hurkacz h.,ruusuvuori e.,1.63,2.44,pinnacle
2022-08-10,2022,hard,paul t.,alcaraz c.,4.49,1.25,pinnacle
2022-08-10,2022,hard,ruud c.,molcan a.,1.36,3.47,pinnacle
2022-08-10,2022,hard,bautista agut r.,brooksby j.,1.85,2.07,pinnacle
2022-08-10,2022,hard,carreno busta p.,rune h.,1.47,2.86,pinnacle
2022-08-10,2022,hard,sinner j.,mannarino a.,1.15,6.55,pinnacle
2022-08-10,2022,hard,kyrgios n.,medvedev d.,2.92,1.47,pinnacle
2022-08-10,2022,hard,cilic m.,khachanov k.,2.16,1.83,pinnacle
2022-08-10,2022,hard,de minaur a.,dimitrov g.,1.55,2.64,pinnacle
2022-08-10,2022,hard,monfils g.,cressy m.,2.15,1.79,pinnacle
2022-08-10,2022,hard,fritz t.,tiafoe f.,1.51,2.75,pinnacle
2022-08-10,2022,hard,ramos-vinolas a.,schwartzman d.,3.02,1.44,pinnacle
2022-08-10,2022,hard,norrie c.,van de zandschulp b.,1.46,2.93,pinnacle
2022-08-11,2022,hard,evans d.,rublev a.,3.4,1.37,pinnacle
2022-08-11,2022,hard,auger-aliassime f.,nishioka y.,1.37,3.42,pinnacle
2022-08-11,2022,hard,draper j.,tsitsipas s.,4.03,1.29,pinnacle
2022-08-11,2022,hard,ruud c.,bautista agut r.,1.78,2.16,pinnacle
2022-08-11,2022,hard,hurkacz h.,ramos-vinolas a.,1.18,5.69,pinnacle
2022-08-11,2022,hard,auger-aliassime f.,norrie c.,1.83,2.1,pinnacle
2022-08-11,2022,hard,evans d.,fritz t.,2.87,1.48,pinnacle
2022-08-11,2022,hard,kyrgios n.,de minaur a.,1.43,3.06,pinnacle
2022-08-12,2022,hard,draper j.,monfils g.,2.25,1.72,pinnacle
2022-08-12,2022,hard,paul t.,cilic m.,2.26,1.72,pinnacle
2022-08-12,2022,hard,carreno busta p.,sinner j.,2.59,1.56,pinnacle
2022-08-12,2022,hard,hurkacz h.,kyrgios n.,3.23,1.39,pinnacle
2022-08-12,2022,hard,ruud c.,auger-aliassime f.,2.51,1.6,pinnacle
2022-08-12,2022,hard,evans d.,paul t.,2.32,1.68,pinnacle
2022-08-13,2022,hard,carreno busta p.,draper j.,1.41,3.18,pinnacle
2022-08-13,2022,hard,hurkacz h.,ruud c.,2.03,1.88,pinnacle
2022-08-14,2022,hard,carreno busta p.,evans d.,1.51,2.77,pinnacle
2022-08-14,2022,hard,carreno busta p.,hurkacz h.,2.27,1.71,pinnacle
2022-08-14,2022,hard,van de zandschulp b.,cressy m.,1.99,1.92,pinnacle
2022-08-15,2022,hard,mcdonald m.,basilashvili n.,1.42,3.13,pinnacle
2022-08-15,2022,hard,schwartzman d.,molcan a.,1.67,2.34,pinnacle
2022-08-15,2022,hard,karatsev a.,nakashima b.,2.99,1.45,pinnacle
2022-08-15,2022,hard,bautista agut r.,cerundolo f.,1.38,3.36,pinnacle
2022-08-15,2022,hard,ruusuvuori e.,wolf j.j.,1.6,2.51,pinnacle
2022-08-15,2022,hard,isner j.,bonzi b.,1.67,2.35,pinnacle
2022-08-15,2022,hard,norrie c.,rune h.,1.27,4.2,pinnacle
2022-08-15,2022,hard,murray a.,wawrinka s.,1.52,2.72,pinnacle
2022-08-15,2022,hard,cilic m.,munar j.,1.42,3.13,pinnacle
2022-08-15,2022,hard,giron m.,goffin d.,2.13,1.81,pinnacle
2022-08-16,2022,hard,korda s.,khachanov k.,1.76,2.19,pinnacle
2022-08-16,2022,hard,tiafoe f.,berrettini m.,2.46,1.62,pinnacle
2022-08-16,2022,hard,shapovalov d.,dimitrov g.,2.2,1.76,pinnacle
2022-08-16,2022,hard,coric b.,musetti l.,2.5,1.6,pinnacle
2022-08-16,2022,hard,sinner j.,kokkinakis t.,1.23,4.8,pinnacle
2022-08-16,2022,hard,paul t.,brooksby j.,1.74,2.23,pinnacle
2022-08-16,2022,hard,de minaur a.,laaksonen h.,1.11,7.94,pinnacle
2022-08-16,2022,hard,fognini f.,ramos-vinolas a.,1.98,1.93,pinnacle
2022-08-16,2022,hard,kecmanovic m.,carreno busta p.,2.23,1.74,pinnacle
2022-08-16,2022,hard,kyrgios n.,davidovich fokina a.,1.25,4.4,pinnacle
2022-08-16,2022,hard,fritz t.,baez s.,1.17,5.86,pinnacle
2022-08-16,2022,hard,shelton b.,sonego l.,2.34,1.67,pinnacle
2022-08-17,2022,hard,krajinovic f.,evans d.,2.67,1.54,pinnacle
2022-08-17,2022,hard,alcaraz c.,mcdonald m.,1.13,7.38,pinnacle
2022-08-17,2022,hard,cilic m.,ruusuvuori e.,1.61,2.49,pinnacle
2022-08-17,2022,hard,medvedev d.,van de zandschulp b.,1.14,6.79,pinnacle
2022-08-17,2022,hard,schwartzman d.,karatsev a.,1.92,1.99,pinnacle
2022-08-17,2022,hard,auger-aliassime f.,de minaur a.,1.75,2.2,pinnacle
2022-08-17,2022,hard,norrie c.,murray a.,1.35,3.57,pinnacle
2022-08-17,2022,hard,rublev a.,fognini f.,1.19,5.38,pinnacle
2022-08-17,2022,hard,isner j.,hurkacz h.,2.75,1.51,pinnacle
2022-08-17,2022,hard,shapovalov d.,paul t.,2.67,1.54,pinnacle
2022-08-17,2022,hard,sinner j.,kecmanovic m.,1.39,3.28,pinnacle
2022-08-17,2022,hard,shelton b.,ruud c.,4.89,1.22,pinnacle
2022-08-17,2022,hard,fritz t.,kyrgios n.,2.12,1.81,pinnacle
2022-08-17,2022,hard,tsitsipas s.,krajinovic f.,1.31,3.82,pinnacle
2022-08-17,2022,hard,bautista agut r.,giron m.,1.37,3.38,pinnacle
2022-08-18,2022,hard,coric b.,nadal r.,5.19,1.2,pinnacle
2022-08-18,2022,hard,korda s.,tiafoe f.,2.22,1.74,pinnacle
2022-08-18,2022,hard,fritz t.,rublev a.,1.51,2.76,pinnacle
2022-08-18,2022,hard,medvedev d.,shapovalov d.,1.24,4.58,pinnacle
2022-08-18,2022,hard,tsitsipas s.,schwartzman d.,1.28,4.11,pinnacle
2022-08-18,2022,hard,coric b.,bautista agut r.,2.74,1.52,pinnacle
2022-08-18,2022,hard,isner j.,korda s.,2.75,1.51,pinnacle
2022-08-19,2022,hard,auger-aliassime f.,sinner j.,1.9,2.01,pinnacle
2022-08-19,2022,hard,alcaraz c.,cilic m.,1.28,4.13,pinnacle
2022-08-19,2022,hard,norrie c.,shelton b.,1.37,3.37,pinnacle
2022-08-19,2022,hard,medvedev d.,fritz t.,1.45,2.97,pinnacle
2022-08-19,2022,hard,tsitsipas s.,isner j.,1.32,3.77,pinnacle
2022-08-20,2022,hard,coric b.,auger-aliassime f.,2.57,1.57,pinnacle
2022-08-20,2022,hard,norrie c.,alcaraz c.,3.69,1.33,pinnacle
2022-08-21,2022,hard,coric b.,norrie c.,2.35,1.67,pinnacle
2022-08-21,2022,hard,tsitsipas s.,medvedev d.,3.49,1.36,pinnacle
2022-08-21,2022,hard,coric b.,tsitsipas s.,2.39,1.65,pinnacle
2022-08-21,2022,hard,gasquet r.,majchrzak k.,1.42,3.09,pinnacle
2022-08-21,2022,hard,kwon s.w.,altmaier d.,1.59,2.5,pinnacle
2022-08-21,2022,hard,monteiro t.,kudla d.,2.04,1.85,pinnacle
2022-08-22,2022,hard,djere l.,goffin d.,3.5,1.35,pinnacle
2022-08-22,2022,hard,millman j.,gaston h.,1.56,2.57,pinnacle
2022-08-22,2022,hard,griekspoor t.,daniel t.,2.45,1.53,max
2022-08-22,2022,hard,gojowczyk p.,lehecka j.,2.85,1.47,pinnacle
2022-08-22,2022,hard,duckworth j.,kokkinakis t.,3.14,1.41,pinnacle
2022-08-22,2022,hard,tabilo a.,mochizuki s.,1.39,3.24,pinnacle
2022-08-22,2022,hard,mannarino a.,o connell c.,1.88,2.01,pinnacle
2022-08-22,2022,hard,tseng c.h.,fucsovics m.,2.21,1.75,pinnacle
2022-08-22,2022,hard,johnson s.,nava e.,1.56,2.57,pinnacle
2022-08-22,2022,hard,ymer m.,coria f.,1.17,5.81,pinnacle
2022-08-23,2022,hard,thiem d.,wolf j.j.,1.84,2.06,pinnacle
2022-08-23,2022,hard,edmund k.,pervolarakis m.,1.2,4.5,bet365
2022-08-23,2022,hard,fognini f.,lajovic d.,1.58,2.52,pinnacle
2022-08-23,2022,hard,monteiro t.,basilashvili n.,1.57,2.58,pinnacle
2022-08-23,2022,hard,gasquet r.,musetti l.,2.3,1.7,pinnacle
2022-08-23,2022,hard,ivashka i.,gojowczyk p.,1.22,5.31,pinnacle
2022-08-23,2022,hard,djere l.,sousa j.,1.66,2.37,pinnacle
2022-08-23,2022,hard,kubler j.,kwon s.w.,1.81,2.11,pinnacle
2022-08-23,2022,hard,ramos-vinolas a.,millman j.,2.41,1.64,pinnacle
2022-08-23,2022,hard,cressy m.,duckworth j.,1.5,2.81,pinnacle
2022-08-23,2022,hard,mannarino a.,ruusuvuori e.,3.11,1.42,pinnacle
2022-08-23,2022,hard,johnson s.,martinez p.,1.57,2.57,pinnacle
2022-08-23,2022,hard,bonzi b.,edmund k.,1.36,3.45,pinnacle
2022-08-24,2022,hard,thiem d.,dimitrov g.,2.44,1.63,pinnacle
2022-08-24,2022,hard,draper j.,fognini f.,1.56,2.62,pinnacle
2022-08-24,2022,hard,huesler m.a.,ymer m.,3.15,1.41,pinnacle
2022-08-24,2022,hard,van de zandschulp b.,griekspoor t.,1.55,2.63,pinnacle
2022-08-24,2022,hard,munar j.,tseng c.h.,1.52,2.74,pinnacle
2022-08-24,2022,hard,sonego l.,tabilo a.,1.35,3.55,pinnacle
2022-08-24,2022,hard,gasquet r.,johnson s.,1.98,1.93,pinnacle
2022-08-24,2022,hard,mannarino a.,ramos-vinolas a.,1.83,2.09,pinnacle
2022-08-24,2022,hard,djere l.,kubler j.,2.75,1.51,pinnacle
2022-08-24,2022,hard,cressy m.,sonego l.,1.64,2.41,pinnacle
2022-08-24,2022,hard,van de zandschulp b.,munar j.,1.56,2.61,pinnacle
2022-08-25,2022,hard,bonzi b.,monteiro t.,1.56,2.62,pinnacle
2022-08-25,2022,hard,draper j.,thiem d.,1.52,2.74,pinnacle
2022-08-25,2022,hard,huesler m.a.,ivashka i.,3.49,1.35,pinnacle
2022-08-25,2022,hard,mannarino a.,cressy m.,2.55,1.58,pinnacle
2022-08-25,2022,hard,van de zandschulp b.,bonzi b.,1.52,2.73,pinnacle
2022-08-26,2022,hard,djere l.,gasquet r.,2.11,1.82,pinnacle
2022-08-26,2022,hard,huesler m.a.,draper j.,3.23,1.4,pinnacle
2022-08-27,2022,hard,mannarino a.,van de zandschulp b.,2.69,1.53,pinnacle
2022-08-27,2022,hard,djere l.,huesler m.a.,2.21,1.75,pinnacle
2022-08-27,2022,hard,mannarino a.,djere l.,1.5,2.8,pinnacle
2022-08-29,2022,hard,korda s.,bagnis f.,1.11,8.0,pinnacle
2022-08-29,2022,hard,van rijthoven t.,zhang zh.,2.91,1.47,pinnacle
2022-08-29,2022,hard,wolf j.j.,bautista agut r.,4.58,1.24,pinnacle
2022-08-29,2022,hard,paul t.,zapata miralles b.,1.12,7.41,pinnacle
2022-08-29,2022,hard,nava e.,millman j.,3.31,1.38,pinnacle
2022-08-29,2022,hard,davidovich fokina a.,nishioka y.,1.72,2.26,pinnacle
2022-08-29,2022,hard,rinderknech a.,halys q.,1.52,2.74,pinnacle
2022-08-29,2022,hard,tabilo a.,majchrzak k.,1.68,2.33,pinnacle
2022-08-29,2022,hard,murray a.,cerundolo f.,1.73,2.24,pinnacle
2022-08-29,2022,hard,medvedev d.,kozlov s.,1.005,35.59,pinnacle
2022-08-29,2022,hard,fucsovics m.,cressy m.,3.89,1.31,pinnacle
2022-08-29,2022,hard,berrettini m.,jarry n.,1.15,6.32,pinnacle
2022-08-29,2022,hard,ruud c.,edmund k.,1.06,12.06,pinnacle
2022-08-29,2022,hard,wu y.,basilashvili n.,1.29,4.02,pinnacle
2022-08-29,2022,hard,grenier h.,etcheverry t.,1.44,2.75,bet365
2022-08-29,2022,hard,moutet c.,wawrinka s.,1.88,2.02,pinnacle
2022-08-29,2022,hard,borges n.,shelton b.,3.15,1.41,pinnacle
2022-08-29,2022,hard,khachanov k.,kudla d.,1.16,6.2,pinnacle
2022-08-29,2022,hard,carreno busta p.,thiem d.,1.25,4.43,pinnacle
2022-08-29,2022,hard,de minaur a.,krajinovic f.,1.29,3.99,pinnacle
2022-08-29,2022,hard,auger-aliassime f.,ritschard a.,1.04,15.07,pinnacle
2022-08-29,2022,hard,garin c.,lehecka j.,2.11,1.81,pinnacle
2022-08-29,2022,hard,monteiro t.,molcan a.,2.5,1.6,pinnacle
2022-08-29,2022,hard,van de zandschulp b.,machac t.,1.51,2.77,pinnacle
2022-08-29,2022,hard,bublik a.,gaston h.,1.38,3.32,pinnacle
2022-08-29,2022,hard,thompson j.,sonego l.,2.73,1.52,pinnacle
2022-08-29,2022,hard,draper j.,ruusuvuori e.,2.21,1.75,pinnacle
2022-08-29,2022,hard,holt b.,fritz t.,15.34,1.04,pinnacle
2022-08-30,2022,hard,cachin p.,bedene a.,1.71,2.27,pinnacle
2022-08-30,2022,hard,galan d.e.,tsitsipas s.,13.41,1.05,pinnacle
2022-08-30,2022,hard,bonzi b.,humbert u.,1.73,2.24,pinnacle
2022-08-30,2022,hard,kyrgios n.,kokkinakis t.,1.22,4.87,pinnacle
2022-08-30,2022,hard,gasquet r.,daniel t.,1.73,2.24,pinnacle
2022-08-30,2022,hard,nakashima b.,kotov p.,1.32,3.78,pinnacle
2022-08-30,2022,hard,dimitrov g.,johnson s.,1.49,2.83,pinnacle
2022-08-30,2022,hard,norrie c.,paire b.,1.06,12.51,pinnacle
2022-08-30,2022,hard,sousa j.,mcdonald m.,3.1,1.43,pinnacle
2022-08-30,2022,hard,alcaraz c.,baez s.,1.02,23.16,pinnacle
2022-08-30,2022,hard,isner j.,delbonis f.,1.12,7.64,pinnacle
2022-08-30,2022,hard,evans d.,vesely j.,1.36,3.45,pinnacle
2022-08-30,2022,hard,duckworth j.,o connell c.,2.54,1.58,pinnacle
2022-08-30,2022,hard,kwon s.w.,verdasco f.,1.38,3.32,pinnacle
2022-08-30,2022,hard,rune h.,gojowczyk p.,1.31,3.83,pinnacle
2022-08-30,2022,hard,rublev a.,djere l.,1.16,6.27,pinnacle
2022-08-30,2022,hard,kecmanovic m.,tien l.,1.01,30.12,pinnacle
2022-08-30,2022,hard,coria f.,griekspoor t.,8.17,1.11,pinnacle
2022-08-30,2022,hard,cilic m.,marterer m.,1.11,7.98,pinnacle
2022-08-30,2022,hard,eubanks c.,martinez p.,1.88,2.02,pinnacle
2022-08-30,2022,hard,coric b.,couacaud e.,1.14,6.67,pinnacle
2022-08-30,2022,hard,sinner j.,altmaier d.,1.03,17.68,pinnacle
2022-08-30,2022,hard,musetti l.,goffin d.,2.05,1.86,pinnacle
2022-08-30,2022,hard,ramos-vinolas a.,gombos n.,1.7,2.28,pinnacle
2022-08-30,2022,hard,brooksby j.,lajovic d.,1.16,6.1,pinnacle
2022-08-30,2022,hard,brouwer g.,mannarino a.,4.06,1.28,pinnacle
2022-08-30,2022,hard,ivashka i.,querrey s.,1.12,7.76,pinnacle
2022-08-30,2022,hard,hurkacz h.,otte o.,1.18,5.63,pinnacle
2022-08-30,2022,hard,fognini f.,karatsev a.,2.22,1.74,pinnacle
2022-08-30,2022,hard,popyrin a.,tseng c.h.,2.09,1.83,pinnacle
2022-08-30,2022,hard,tiafoe f.,giron m.,1.38,3.33,pinnacle
2022-08-30,2022,hard,shapovalov d.,huesler m.a.,1.29,4.05,pinnacle
2022-08-31,2022,hard,nadal r.,hijikata r.,1.01,29.41,pinnacle
2022-08-31,2022,hard,schwartzman d.,sock j.,1.47,2.91,pinnacle
2022-08-31,2022,hard,carballes baena r.,munar j.,4.47,1.25,pinnacle
2022-08-31,2022,hard,kubler j.,ymer m.,2.25,1.72,pinnacle
2022-08-31,2022,hard,carreno busta p.,bublik a.,1.29,3.94,pinnacle
2022-08-31,2022,hard,moutet c.,van de zandschulp b.,2.66,1.54,pinnacle
2022-08-31,2022,hard,cachin p.,holt b.,2.59,1.58,pinnacle
2022-08-31,2022,hard,de minaur a.,garin c.,1.15,6.31,pinnacle
2022-08-31,2022,hard,murray a.,nava e.,1.2,5.27,pinnacle
2022-08-31,2022,hard,berrettini m.,grenier h.,1.12,7.58,pinnacle
2022-08-31,2022,hard,wolf j.j.,tabilo a.,1.38,3.35,pinnacle
2022-08-31,2022,hard,galan d.e.,thompson j.,1.76,2.18,pinnacle
2022-08-31,2022,hard,ruud c.,van rijthoven t.,1.15,6.61,pinnacle
2022-08-31,2022,hard,davidovich fokina a.,fucsovics m.,1.41,3.18,pinnacle
2022-08-31,2022,hard,paul t.,korda s.,2.16,1.78,pinnacle
2022-08-31,2022,hard,kyrgios n.,bonzi b.,1.15,6.38,pinnacle
2022-08-31,2022,hard,wu y.,borges n.,1.29,4.05,pinnacle
2022-09-01,2022,hard,khachanov k.,monteiro t.,1.24,4.65,pinnacle
2022-09-01,2022,hard,draper j.,auger-aliassime f.,2.86,1.48,pinnacle
2022-09-01,2022,hard,medvedev d.,rinderknech a.,1.04,16.54,pinnacle
2022-09-01,2022,hard,cilic m.,ramos-vinolas a.,1.18,5.65,pinnacle
2022-09-01,2022,hard,evans d.,duckworth j.,1.24,4.54,pinnacle
2022-09-01,2022,hard,brooksby j.,coric b.,1.99,1.92,pinnacle
2022-09-01,2022,hard,sinner j.,eubanks c.,1.13,7.16,pinnacle
2022-09-01,2022,hard,alcaraz c.,coria f.,1.03,19.86,pinnacle
2022-09-01,2022,hard,norrie c.,sousa j.,1.08,10.01,pinnacle
2022-09-01,2022,hard,musetti l.,brouwer g.,1.52,2.73,pinnacle
2022-09-01,2022,hard,rublev a.,kwon s.w.,1.23,4.8,pinnacle
2022-09-01,2022,hard,nakashima b.,dimitrov g.,2.18,1.77,pinnacle
2022-09-01,2022,hard,schwartzman d.,popyrin a.,1.31,3.85,pinnacle
2022-09-01,2022,hard,gasquet r.,kecmanovic m.,3.37,1.37,pinnacle
2022-09-01,2022,hard,shapovalov d.,carballes baena r.,1.23,4.8,pinnacle
2022-09-02,2022,hard,ivashka i.,hurkacz h.,3.49,1.35,pinnacle
2022-09-02,2022,hard,tiafoe f.,kubler j.,1.39,3.29,pinnacle
2022-09-02,2022,hard,nadal r.,fognini f.,1.12,7.68,pinnacle
2022-09-02,2022,hard,davidovich fokina a.,galan d.e.,1.41,3.19,pinnacle
2022-09-02,2022,hard,berrettini m.,murray a.,1.51,2.77,pinnacle
2022-09-02,2022,hard,ruud c.,paul t.,1.55,2.64,pinnacle
2022-09-02,2022,hard,khachanov k.,draper j.,2.28,1.7,pinnacle
2022-09-02,2022,hard,moutet c.,cachin p.,1.35,3.55,pinnacle
2022-09-02,2022,hard,carreno busta p.,de minaur a.,1.63,2.45,pinnacle
2022-09-03,2022,hard,kyrgios n.,wolf j.j.,1.16,6.13,pinnacle
2022-09-03,2022,hard,medvedev d.,wu y.,1.04,15.5,pinnacle
2022-09-03,2022,hard,norrie c.,rune h.,1.25,4.45,pinnacle
2022-09-03,2022,hard,rublev a.,shapovalov d.,1.55,2.64,pinnacle
2022-09-03,2022,hard,alcaraz c.,brooksby j.,1.23,4.63,pinnacle
2022-09-03,2022,hard,tiafoe f.,schwartzman d.,1.48,2.87,pinnacle
2022-09-03,2022,hard,ivashka i.,musetti l.,1.51,2.77,pinnacle
2022-09-03,2022,hard,cilic m.,evans d.,1.63,2.43,pinnacle
2022-09-04,2022,hard,nadal r.,gasquet r.,1.04,16.23,pinnacle
2022-09-04,2022,hard,sinner j.,nakashima b.,1.33,3.7,pinnacle
2022-09-04,2022,hard,berrettini m.,davidovich fokina a.,1.31,3.82,pinnacle
2022-09-04,2022,hard,ruud c.,moutet c.,1.18,5.72,pinnacle
2022-09-04,2022,hard,khachanov k.,carreno busta p.,2.71,1.51,pinnacle
2022-09-05,2022,hard,kyrgios n.,medvedev d.,2.6,1.56,pinnacle
2022-09-05,2022,hard,rublev a.,norrie c.,2.27,1.71,pinnacle
2022-09-05,2022,hard,tiafoe f.,nadal r.,4.38,1.26,pinnacle
2022-09-06,2022,hard,sinner j.,ivashka i.,1.21,5.01,pinnacle
2022-09-06,2022,hard,alcaraz c.,cilic m.,1.2,5.22,pinnacle
2022-09-06,2022,hard,ruud c.,berrettini m.,2.02,1.88,pinnacle
2022-09-07,2022,hard,khachanov k.,kyrgios n.,4.18,1.27,pinnacle
2022-09-07,2022,hard,tiafoe f.,rublev a.,1.98,1.93,pinnacle
2022-09-08,2022,hard,alcaraz c.,sinner j.,1.56,2.65,pinnacle
2022-09-09,2022,hard,ruud c.,khachanov k.,1.48,2.86,pinnacle
2022-09-10,2022,hard,alcaraz c.,tiafoe f.,1.47,2.9,pinnacle
2022-09-11,2022,hard,alcaraz c.,ruud c.,1.48,2.86,pinnacle
2022-09-19,2022,hard,korda s.,gaston h.,1.27,4.13,pinnacle
2022-09-19,2022,hard,sonego l.,karatsev a.,2.11,1.8,pinnacle
2022-09-20,2022,hard,ruusuvuori e.,lehecka j.,1.36,3.4,pinnacle
2022-09-20,2022,hard,basilashvili n.,bergs z.,2.58,1.56,pinnacle
2022-09-20,2022,hard,rinderknech a.,munar j.,1.51,2.74,pinnacle
2022-09-20,2022,hard,simon g.,goffin d.,4.11,1.27,pinnacle
2022-09-21,2022,hard,ymer m.,mannarino a.,2.39,1.64,pinnacle
2022-09-21,2022,hard,wawrinka s.,sousa j.,1.6,2.48,pinnacle
2022-09-21,2022,hard,bublik a.,furness e.,1.15,6.18,pinnacle
2022-09-21,2022,hard,bonzi b.,humbert u.,2.09,1.81,pinnacle
2022-09-21,2022,hard,barrere g.,otte o.,1.9,1.99,pinnacle
2022-09-21,2022,hard,thiem d.,gasquet r.,2.09,1.82,pinnacle
2022-09-21,2022,hard,korda s.,musetti l.,1.5,2.82,pinnacle
2022-09-22,2022,hard,rinderknech a.,basilashvili n.,1.43,3.1,pinnacle
2022-09-22,2022,hard,bublik a.,ruusuvuori e.,2.15,1.79,pinnacle
2022-09-22,2022,hard,sonego l.,simon g.,1.43,3.09,pinnacle
2022-09-22,2022,hard,ymer m.,barrere g.,1.52,2.72,pinnacle
2022-09-22,2022,hard,hurkacz h.,thiem d.,1.43,3.07,pinnacle
2022-09-22,2022,hard,wawrinka s.,medvedev d.,7.02,1.14,pinnacle
2022-09-22,2022,hard,rune h.,bonzi b.,2.55,1.58,pinnacle
2022-09-23,2022,hard,sonego l.,korda s.,2.85,1.48,pinnacle
2022-09-23,2022,hard,hurkacz h.,rinderknech a.,1.26,4.37,pinnacle
2022-09-23,2022,hard,wawrinka s.,ymer m.,2.11,1.81,pinnacle
2022-09-23,2022,hard,bublik a.,rune h.,1.89,2.02,pinnacle
2022-09-24,2022,hard,sonego l.,hurkacz h.,3.24,1.4,pinnacle
2022-09-24,2022,hard,bublik a.,wawrinka s.,1.67,2.35,pinnacle
2022-09-25,2022,hard,sonego l.,bublik a.,2.0,1.9,pinnacle
2022-09-19,2022,hard,duckworth j.,popyrin a.,1.81,2.09,pinnacle
2022-09-19,2022,hard,etcheverry t.,mena f.,1.73,2.22,pinnacle
2022-09-20,2022,hard,wolf j.j.,kozlov s.,1.23,4.65,pinnacle
2022-09-20,2022,hard,lestienne c.,holt b.,1.69,2.28,pinnacle
2022-09-20,2022,hard,krueger m.,eubanks c.,3.43,1.36,pinnacle
2022-09-20,2022,hard,daniel t.,nava e.,1.73,2.22,pinnacle
2022-09-21,2022,hard,kudla d.,verdasco f.,1.64,2.39,pinnacle
2022-09-21,2022,hard,nakashima b.,svajda z.,1.13,7.08,pinnacle
2022-09-21,2022,hard,galan d.e.,huesler m.a.,1.91,1.97,pinnacle
2022-09-21,2022,hard,mcdonald m.,laaksonen h.,1.27,4.16,pinnacle
2022-09-21,2022,hard,o connell c.,kubler j.,2.13,1.79,pinnacle
2022-09-22,2022,hard,tabilo a.,johnson s.,2.36,1.65,pinnacle
2022-09-22,2022,hard,duckworth j.,krueger m.,1.44,3.05,pinnacle
2022-09-22,2022,hard,giron m.,etcheverry t.,1.28,4.14,pinnacle
2022-09-22,2022,hard,galan d.e.,martinez p.,1.5,2.79,pinnacle
2022-09-22,2022,hard,o connell c.,wolf j.j.,2.44,1.63,pinnacle
2022-09-22,2022,hard,brooksby j.,mcdonald m.,1.43,3.1,pinnacle
2022-09-22,2022,hard,lestienne c.,tabilo a.,2.3,1.69,pinnacle
2022-09-23,2022,hard,evans d.,daniel t.,1.47,2.93,pinnacle
2022-09-23,2022,hard,nakashima b.,kudla d.,1.28,4.11,pinnacle
2022-09-23,2022,hard,giron m.,duckworth j.,1.63,2.43,pinnacle
2022-09-23,2022,hard,evans d.,lestienne c.,1.37,3.39,pinnacle
2022-09-24,2022,hard,o connell c.,brooksby j.,3.59,1.34,pinnacle
2022-09-24,2022,hard,nakashima b.,galan d.e.,1.32,3.77,pinnacle
2022-09-24,2022,hard,giron m.,evans d.,2.95,1.46,pinnacle
2022-09-25,2022,hard,nakashima b.,o connell c.,1.38,3.31,pinnacle
2022-09-26,2022,hard,nakashima b.,giron m.,1.47,2.91,pinnacle
2022-09-26,2022,hard,munar j.,watanuki y.,1.58,2.51,pinnacle
2022-09-26,2022,hard,kovacevic a.,kecmanovic m.,6.06,1.16,pinnacle
2022-09-26,2022,hard,albot r.,moriya h.,1.24,5.4,max
2022-09-26,2022,hard,uchida k.,hong s.,1.65,2.37,pinnacle
2022-09-27,2022,hard,jarry n.,peniston r.,1.51,2.74,pinnacle
2022-09-27,2022,hard,johnson s.,nam j.s.,1.25,4.42,pinnacle
2022-09-27,2022,hard,mcdonald m.,martinez p.,1.47,2.89,pinnacle
2022-09-27,2022,hard,brooksby j.,wu t.l.,1.21,4.98,pinnacle
2022-09-27,2022,hard,tseng c. h.,o connell c.,2.39,1.64,pinnacle
2022-09-27,2022,hard,nishioka y.,evans d.,2.09,1.82,pinnacle
2022-09-27,2022,hard,kwon s.w.,chung y.,1.18,5.52,pinnacle
2022-09-28,2022,hard,daniel t.,gomez e.,1.39,3.23,pinnacle
2022-09-28,2022,hard,shapovalov d.,munar j.,1.43,3.09,pinnacle
2022-09-28,2022,hard,albot r.,johnson s.,1.76,2.19,pinnacle
2022-09-29,2022,hard,norrie c.,uchida k.,1.1,8.84,pinnacle
2022-09-29,2022,hard,brooksby j.,kwon s.w.,1.59,2.53,pinnacle
2022-09-29,2022,hard,kovacevic a.,tseng c. h.,2.19,1.76,pinnacle
2022-09-29,2022,hard,mcdonald m.,mochizuki s.,1.07,9.0,bet365
2022-09-29,2022,hard,nishioka y.,daniel t.,1.69,2.32,pinnacle
2022-09-29,2022,hard,ruud c.,jarry n.,1.19,5.39,pinnacle
2022-09-30,2022,hard,shapovalov d.,albot r.,1.34,3.62,pinnacle
2022-09-30,2022,hard,brooksby j.,norrie c.,2.73,1.52,pinnacle
2022-09-30,2022,hard,nishioka y.,ruud c.,3.7,1.33,pinnacle
2022-09-30,2022,hard,kovacevic a.,mcdonald m.,3.64,1.33,pinnacle
2022-10-01,2022,hard,shapovalov d.,brooksby j.,1.67,2.35,pinnacle
2022-10-01,2022,hard,nishioka y.,kovacevic a.,1.27,3.9,pinnacle
2022-10-02,2022,hard,nishioka y.,shapovalov d.,2.47,1.61,pinnacle
2022-09-26,2022,hard,majchrzak k.,berankis r.,2.11,1.8,pinnacle
2022-09-26,2022,hard,lazarov a.,lehecka j.,3.53,1.34,pinnacle
2022-09-26,2022,hard,ivashka i.,ymer m.,1.78,2.14,pinnacle
2022-09-27,2022,hard,rune h.,van rijthoven t.,1.53,2.66,pinnacle
2022-09-27,2022,hard,otte o.,madaras d.,1.1,8.36,pinnacle
2022-09-27,2022,hard,borges n.,basic m.,1.31,3.75,pinnacle
2022-09-27,2022,hard,humbert u.,kuzmanov d.,1.24,4.47,pinnacle
2022-09-27,2022,hard,vukic a.,fognini f.,2.66,1.53,pinnacle
2022-09-28,2022,hard,sonego l.,zapata miralles b.,1.39,3.28,pinnacle
2022-09-28,2022,hard,huesler m.a.,blancaneaux g.,1.49,2.81,pinnacle
2022-09-28,2022,hard,struff j.l.,lajovic d.,1.49,2.79,pinnacle
2022-09-28,2022,hard,verdasco f.,basilashvili n.,2.33,1.67,pinnacle
2022-09-28,2022,hard,ivashka i.,dimitrov g.,1.96,1.94,pinnacle
2022-09-28,2022,hard,musetti l.,lazarov a.,1.27,4.27,pinnacle
2022-09-29,2022,hard,struff j.l.,humbert u.,2.24,1.74,pinnacle
2022-09-29,2022,hard,majchrzak k.,otte o.,2.37,1.66,pinnacle
2022-09-29,2022,hard,rune h.,sonego l.,2.13,1.81,pinnacle
2022-09-29,2022,hard,huesler m.a.,carreno busta p.,3.91,1.3,pinnacle
2022-09-29,2022,hard,sinner j.,borges n.,1.08,10.23,pinnacle
2022-09-29,2022,hard,vukic a.,verdasco f.,1.68,2.33,pinnacle
2022-09-30,2022,hard,huesler m.a.,majchrzak k.,1.58,2.56,pinnacle
2022-09-30,2022,hard,musetti l.,struff j.l.,2.26,1.72,pinnacle
2022-09-30,2022,hard,sinner j.,vukic a.,1.12,7.51,pinnacle
2022-09-30,2022,hard,rune h.,ivashka i.,2.07,1.85,pinnacle
2022-10-01,2022,hard,huesler m.a.,musetti l.,2.52,1.65,pinnacle
2022-10-01,2022,hard,rune h.,sinner j.,3.75,1.32,pinnacle
2022-10-02,2022,hard,huesler m.a.,rune h.,2.68,1.53,pinnacle
2022-09-26,2022,hard,safiullin r.,grenier h.,1.89,2.0,pinnacle
2022-09-26,2022,hard,thiem d.,djere l.,1.49,2.78,pinnacle
2022-09-27,2022,hard,broady l.,medjedovic h.,1.35,3.49,pinnacle
2022-09-27,2022,hard,van de zandschulp b.,sousa j.,1.29,3.98,pinnacle
2022-09-27,2022,hard,etcheverry t.,karatsev a.,3.73,1.31,pinnacle
2022-09-27,2022,hard,rinderknech a.,copil m.,1.41,3.12,pinnacle
2022-09-27,2022,hard,ruusuvuori e.,wolf j.j.,1.52,2.71,pinnacle
2022-09-27,2022,hard,korda s.,ilkel c.,1.11,8.18,pinnacle
2022-09-27,2022,hard,pospisil v.,griekspoor t.,2.72,1.51,pinnacle
2022-09-27,2022,hard,leshem e.,oliel y.,1.74,2.2,pinnacle
2022-09-28,2022,hard,andujar p.,monteiro t.,2.76,1.5,pinnacle
2022-09-28,2022,hard,lestienne c.,mannarino a.,2.53,1.57,pinnacle
2022-09-28,2022,hard,safiullin r.,etcheverry t.,1.34,3.56,pinnacle
2022-09-28,2022,hard,cressy m.,korda s.,2.71,1.53,pinnacle
2022-09-28,2022,hard,cilic m.,thiem d.,1.6,2.51,pinnacle
2022-09-29,2022,hard,lestienne c.,ruusuvuori e.,3.02,1.44,pinnacle
2022-09-29,2022,hard,broady l.,van de zandschulp b.,4.95,1.22,pinnacle
2022-09-29,2022,hard,rinderknech a.,schwartzman d.,2.14,1.79,pinnacle
2022-09-29,2022,hard,pospisil v.,leshem e.,1.38,3.35,pinnacle
2022-09-29,2022,hard,djokovic n.,andujar p.,1.04,18.79,pinnacle
2022-09-30,2022,hard,cilic m.,broady l.,1.2,5.28,pinnacle
2022-09-30,2022,hard,lestienne c.,cressy m.,2.54,1.58,pinnacle
2022-09-30,2022,hard,safiullin r.,rinderknech a.,1.94,1.96,pinnacle
2022-09-30,2022,hard,djokovic n.,pospisil v.,1.06,12.74,pinnacle
2022-10-01,2022,hard,djokovic n.,safiullin r.,1.08,10.13,pinnacle
2022-10-01,2022,hard,cilic m.,lestienne c.,1.29,3.96,pinnacle
2022-10-02,2022,hard,djokovic n.,cilic m.,1.2,5.23,pinnacle
2022-10-03,2022,hard,van de zandschulp b.,zhukayev b.,1.1,8.8,pinnacle
2022-10-03,2022,hard,mannarino a.,wawrinka s.,2.05,1.85,pinnacle
2022-10-03,2022,hard,zhang zh.,karatsev a.,2.09,1.81,pinnacle
2022-10-03,2022,hard,hurkacz h.,cerundolo f.,1.23,4.65,pinnacle
2022-10-03,2022,hard,bautista agut r.,auger-aliassime f.,2.94,1.44,pinnacle
2022-10-03,2022,hard,rublev a.,djere l.,1.3,3.85,pinnacle
2022-10-04,2022,hard,khachanov k.,cressy m.,1.73,2.22,pinnacle
2022-10-04,2022,hard,kotov p.,davidovich fokina a.,3.18,1.4,pinnacle
2022-10-04,2022,hard,tsitsipas s.,kukushkin m.,1.09,8.94,pinnacle
2022-10-04,2022,hard,nardi l.,shevchenko a.,1.65,2.36,pinnacle
2022-10-04,2022,hard,goffin d.,alcaraz c.,7.15,1.13,pinnacle
2022-10-04,2022,hard,bublik a.,griekspoor t.,1.45,2.94,pinnacle
2022-10-04,2022,hard,medvedev d.,ramos-vinolas a.,1.08,10.1,pinnacle
2022-10-05,2022,hard,cilic m.,otte o.,1.29,3.93,pinnacle
2022-10-05,2022,hard,ruusuvuori e.,huesler m.a.,1.58,2.52,pinnacle
2022-10-05,2022,hard,djokovic n.,garin c.,1.05,14.79,pinnacle
2022-10-05,2022,hard,rublev a.,zhang zh.,1.16,6.08,pinnacle
2022-10-05,2022,hard,mannarino a.,goffin d.,2.25,1.72,pinnacle
2022-10-05,2022,hard,bautista agut r.,kotov p.,1.25,4.49,pinnacle
2022-10-05,2022,hard,tsitsipas s.,nardi l.,1.18,5.66,pinnacle
2022-10-06,2022,hard,khachanov k.,cilic m.,1.84,2.08,pinnacle
2022-10-06,2022,hard,hurkacz h.,bublik a.,1.6,2.52,pinnacle
2022-10-06,2022,hard,djokovic n.,van de zandschulp b.,1.11,8.17,pinnacle
2022-10-06,2022,hard,medvedev d.,ruusuvuori e.,1.25,4.41,pinnacle
2022-10-07,2022,hard,rublev a.,mannarino a.,1.28,4.1,pinnacle
2022-10-07,2022,hard,tsitsipas s.,hurkacz h.,1.8,2.13,pinnacle
2022-10-07,2022,hard,djokovic n.,khachanov k.,1.14,6.79,pinnacle
2022-10-07,2022,hard,medvedev d.,bautista agut r.,1.42,3.11,pinnacle
2022-10-08,2022,hard,tsitsipas s.,rublev a.,1.89,2.02,pinnacle
2022-10-08,2022,hard,djokovic n.,medvedev d.,1.54,2.68,pinnacle
2022-10-09,2022,hard,djokovic n.,tsitsipas s.,1.26,4.33,pinnacle
2022-10-03,2022,hard,martinez p.,popyrin a.,2.16,1.77,pinnacle
2022-10-03,2022,hard,nakashima b.,mochizuki s.,1.09,9.01,pinnacle
2022-10-03,2022,hard,zapata miralles b.,daniel t.,2.54,1.57,pinnacle
2022-10-03,2022,hard,tiafoe f.,uchiyama y.,1.1,8.83,pinnacle
2022-10-04,2022,hard,mcdonald m.,uchida k.,1.2,5.04,pinnacle
2022-10-04,2022,hard,kwon s.w.,de minaur a.,4.24,1.26,pinnacle
2022-10-04,2022,hard,coric b.,kokkinakis t.,1.46,2.91,pinnacle
2022-10-04,2022,hard,evans d.,albot r.,1.34,3.53,pinnacle
2022-10-04,2022,hard,munar j.,ruud c.,5.77,1.17,pinnacle
2022-10-04,2022,hard,noguchi r.,ramanathan r.,1.94,1.94,pinnacle
2022-10-04,2022,hard,kyrgios n.,tseng c. h.,1.1,8.64,pinnacle
2022-10-04,2022,hard,majchrzak k.,shimabukuro s.,1.44,2.97,pinnacle
2022-10-04,2022,hard,moriya h.,shimizu y.,2.19,1.73,pinnacle
2022-10-05,2022,hard,kecmanovic m.,nishioka y.,2.03,1.87,pinnacle
2022-10-05,2022,hard,shapovalov d.,johnson s.,1.25,4.34,pinnacle
2022-10-05,2022,hard,fritz t.,duckworth j.,1.29,3.94,pinnacle
2022-10-05,2022,hard,kwon s.w.,mcdonald m.,1.72,2.26,pinnacle
2022-10-05,2022,hard,martinez p.,munar j.,2.46,1.62,pinnacle
2022-10-06,2022,hard,tiafoe f.,zapata miralles b.,1.26,4.29,pinnacle
2022-10-06,2022,hard,kecmanovic m.,evans d.,2.11,1.81,pinnacle
2022-10-06,2022,hard,kyrgios n.,majchrzak k.,1.09,9.39,pinnacle
2022-10-06,2022,hard,coric b.,nakashima b.,1.93,1.97,pinnacle
2022-10-06,2022,hard,shapovalov d.,noguchi r.,1.08,11.09,pinnacle
2022-10-06,2022,hard,fritz t.,moriya h.,1.09,9.58,pinnacle
2022-10-07,2022,hard,tiafoe f.,kecmanovic m.,1.59,2.52,pinnacle
2022-10-07,2022,hard,kwon s.w.,martinez p.,1.45,2.97,pinnacle
2022-10-07,2022,hard,fritz t.,kyrgios n.,2.67,1.54,pinnacle
2022-10-07,2022,hard,shapovalov d.,coric b.,2.32,1.68,pinnacle
2022-10-08,2022,hard,tiafoe f.,kwon s.w.,1.37,3.39,pinnacle
2022-10-08,2022,hard,fritz t.,shapovalov d.,2.1,1.82,pinnacle
2022-10-09,2022,hard,fritz t.,tiafoe f.,1.74,2.22,pinnacle
2022-10-10,2022,hard,karatsev a.,griekspoor t.,2.35,1.66,pinnacle
2022-10-10,2022,hard,carballes baena r.,galan d.e.,2.55,1.57,pinnacle
2022-10-10,2022,hard,wolf j.j.,maestrelli f.,1.39,3.23,pinnacle
2022-10-10,2022,hard,celikbilek a.,zeppieri g.,1.7,2.27,pinnacle
2022-10-10,2022,hard,moutet c.,cobolli f.,1.43,3.01,pinnacle
2022-10-11,2022,hard,ymer m.,van rijthoven t.,1.7,2.27,pinnacle
2022-10-11,2022,hard,bublik a.,garin c.,1.29,3.94,pinnacle
2022-10-11,2022,hard,otte o.,fucsovics m.,1.81,2.12,pinnacle
2022-10-11,2022,hard,zapata miralles b.,sonego l.,4.3,1.26,pinnacle
2022-10-11,2022,hard,nakashima b.,gasquet r.,1.51,2.72,pinnacle
2022-10-11,2022,hard,passaro f.,zhang zh.,2.87,1.47,pinnacle
2022-10-12,2022,hard,mcdonald m.,brooksby j.,3.0,1.44,pinnacle
2022-10-12,2022,hard,ymer m.,karatsev a.,1.55,2.64,pinnacle
2022-10-12,2022,hard,wolf j.j.,cressy m.,2.3,1.69,pinnacle
2022-10-12,2022,hard,carballes baena r.,berrettini m.,8.46,1.11,pinnacle
2022-10-12,2022,hard,bublik a.,moutet c.,1.44,3.02,pinnacle
2022-10-13,2022,hard,mcdonald m.,passaro f.,1.32,3.72,pinnacle
2022-10-13,2022,hard,nakashima b.,celikbilek a.,1.14,6.78,pinnacle
2022-10-13,2022,hard,musetti l.,zapata miralles b.,1.53,2.71,pinnacle
2022-10-13,2022,hard,auger-aliassime f.,otte o.,1.23,4.79,pinnacle
2022-10-14,2022,hard,ymer m.,carballes baena r.,1.45,2.94,pinnacle
2022-10-14,2022,hard,wolf j.j.,bublik a.,2.69,1.53,pinnacle
2022-10-14,2022,hard,musetti l.,mcdonald m.,1.52,2.72,pinnacle
2022-10-14,2022,hard,auger-aliassime f.,nakashima b.,1.63,2.44,pinnacle
2022-10-15,2022,hard,wolf j.j.,ymer m.,2.33,1.63,pinnacle
2022-10-15,2022,hard,auger-aliassime f.,musetti l.,1.52,2.74,pinnacle
2022-10-16,2022,hard,auger-aliassime f.,wolf j.j.,1.25,4.43,pinnacle
2022-10-10,2022,hard,monteiro t.,bonzi b.,3.53,1.34,pinnacle
2022-10-10,2022,hard,lestienne c.,baez s.,1.63,2.42,pinnacle
2022-10-10,2022,hard,rinderknech a.,taberner c.,1.28,4.05,pinnacle
2022-10-10,2022,hard,thiem d.,sousa j.,1.27,4.15,pinnacle
2022-10-10,2022,hard,paul t.,landaluce m.,1.06,12.01,pinnacle
2022-10-11,2022,hard,guinard m.,fognini f.,2.87,1.47,pinnacle
2022-10-11,2022,hard,alvarez varona n.,trungelliti m.,2.3,1.68,pinnacle
2022-10-11,2022,hard,giron m.,ramos-vinolas a.,1.58,2.52,pinnacle
2022-10-11,2022,hard,murray a.,davidovich fokina a.,1.73,2.22,pinnacle
2022-10-11,2022,hard,ivashka i.,lopez f.,1.12,7.69,pinnacle
2022-10-12,2022,hard,cachin p.,vatutin a.,1.7,2.26,pinnacle
2022-10-12,2022,hard,korda s.,munar j.,1.42,3.06,pinnacle
2022-10-12,2022,hard,rinderknech a.,lestienne c.,1.97,1.93,pinnacle
2022-10-12,2022,hard,paul t.,alvarez varona n.,1.1,8.89,pinnacle
2022-10-12,2022,hard,carreno busta p.,monteiro t.,1.19,5.18,pinnacle
2022-10-12,2022,hard,thiem d.,giron m.,1.53,2.7,pinnacle
2022-10-13,2022,hard,cerundolo f.,guinard m.,1.48,2.87,pinnacle
2022-10-13,2022,hard,murray a.,cachin p.,1.23,4.78,pinnacle
2022-10-13,2022,hard,rublev a.,ivashka i.,1.33,3.65,pinnacle
2022-10-13,2022,hard,korda s.,bautista agut r.,2.02,1.9,pinnacle
2022-10-14,2022,hard,thiem d.,cerundolo f.,1.41,3.18,pinnacle
2022-10-14,2022,hard,rublev a.,paul t.,1.42,3.11,pinnacle
2022-10-14,2022,hard,rinderknech a.,carreno busta p.,3.48,1.36,pinnacle
2022-10-14,2022,hard,korda s.,murray a.,1.55,2.63,pinnacle
2022-10-15,2022,hard,rublev a.,thiem d.,1.32,3.73,pinnacle
2022-10-15,2022,hard,korda s.,rinderknech a.,1.45,2.98,pinnacle
2022-10-16,2022,hard,rublev a.,korda s.,1.46,2.94,pinnacle
2022-10-17,2022,hard,draper j.,brooksby j.,2.16,1.77,pinnacle
2022-10-17,2022,hard,evans d.,griekspoor t.,1.33,3.61,pinnacle
2022-10-17,2022,hard,gasquet r.,wawrinka s.,2.59,1.56,pinnacle
2022-10-18,2022,hard,lestienne c.,de jong j.,1.43,3.01,pinnacle
2022-10-18,2022,hard,munar j.,van rijthoven t.,2.28,1.69,pinnacle
2022-10-18,2022,hard,nishioka y.,van assche l.,1.22,4.82,pinnacle
2022-10-18,2022,hard,stricker d.,van de zandschulp b.,3.68,1.32,pinnacle
2022-10-18,2022,hard,cerundolo f.,huesler m.a.,2.29,1.69,pinnacle
2022-10-18,2022,hard,goffin d.,bailly g.,1.06,12.38,pinnacle
2022-10-19,2022,hard,guinard m.,blancaneaux g.,1.68,2.3,pinnacle
2022-10-19,2022,hard,korda s.,giron m.,1.52,2.69,pinnacle
2022-10-19,2022,hard,thiem d.,geerts m.,1.11,8.23,pinnacle
2022-10-19,2022,hard,evans d.,lestienne c.,1.36,3.46,pinnacle
2022-10-19,2022,hard,gasquet r.,stricker d.,2.0,1.91,pinnacle
2022-10-19,2022,hard,nishioka y.,munar j.,1.56,2.6,pinnacle
2022-10-19,2022,hard,hurkacz h.,draper j.,1.78,2.17,pinnacle
2022-10-20,2022,hard,korda s.,khachanov k.,2.14,1.79,pinnacle
2022-10-20,2022,hard,thiem d.,cerundolo f.,1.37,3.42,pinnacle
2022-10-20,2022,hard,goffin d.,schwartzman d.,1.91,2.0,pinnacle
2022-10-20,2022,hard,auger-aliassime f.,guinard m.,1.09,9.65,pinnacle
2022-10-21,2022,hard,korda s.,nishioka y.,1.44,3.02,pinnacle
2022-10-21,2022,hard,thiem d.,hurkacz h.,2.88,1.45,pinnacle
2022-10-21,2022,hard,gasquet r.,goffin d.,2.42,1.64,pinnacle
2022-10-21,2022,hard,auger-aliassime f.,evans d.,1.4,3.24,pinnacle
2022-10-22,2022,hard,korda s.,thiem d.,1.53,2.69,pinnacle
2022-10-22,2022,hard,auger-aliassime f.,gasquet r.,1.2,5.29,pinnacle
2022-10-23,2022,hard,auger-aliassime f.,korda s.,1.56,2.61,pinnacle
2022-10-18,2022,hard,daniel t.,martinez p.,1.74,2.21,pinnacle
2022-10-18,2022,hard,cachin p.,mannarino a.,3.03,1.43,pinnacle
2022-10-18,2022,hard,galan d.e.,zapata miralles b.,2.13,1.79,pinnacle
2022-10-18,2022,hard,borges n.,ramos-vinolas a.,1.93,1.96,pinnacle
2022-10-18,2022,hard,kecmanovic m.,cobolli f.,1.22,4.77,pinnacle
2022-10-19,2022,hard,carballes baena r.,jarry n.,1.95,1.93,pinnacle
2022-10-19,2022,hard,baez s.,sonego l.,3.86,1.32,pinnacle
2022-10-19,2022,hard,moutet c.,nardi l.,1.91,1.98,pinnacle
2022-10-20,2022,hard,mcdonald m.,passaro f.,1.35,3.46,pinnacle
2022-10-20,2022,hard,zhang zh.,fucsovics m.,1.96,1.93,pinnacle
2022-10-20,2022,hard,fognini f.,grenier h.,1.98,1.91,pinnacle
2022-10-20,2022,hard,djere l.,gojo b.,1.78,2.14,pinnacle
2022-10-20,2022,hard,daniel t.,cachin p.,1.79,2.14,pinnacle
2022-10-20,2022,hard,zhang zh.,baez s.,2.1,1.81,pinnacle
2022-10-20,2022,hard,berrettini m.,carballes baena r.,1.19,5.5,pinnacle
2022-10-20,2022,hard,mcdonald m.,bautista agut r.,3.24,1.39,pinnacle
2022-10-20,2022,hard,galan d.e.,borges n.,2.05,1.86,pinnacle
2022-10-20,2022,hard,musetti l.,djere l.,1.51,2.74,pinnacle
2022-10-20,2022,hard,kecmanovic m.,moutet c.,1.38,3.31,pinnacle
2022-10-21,2022,hard,carreno busta p.,fognini f.,1.25,4.35,pinnacle
2022-10-21,2022,hard,berrettini m.,daniel t.,1.14,6.91,pinnacle
2022-10-21,2022,hard,musetti l.,galan d.e.,1.29,4.02,pinnacle
2022-10-21,2022,hard,mcdonald m.,zhang zh.,1.56,2.62,pinnacle
2022-10-21,2022,hard,kecmanovic m.,carreno busta p.,2.48,1.6,pinnacle
2022-10-22,2022,hard,berrettini m.,mcdonald m.,1.2,5.23,pinnacle
2022-10-22,2022,hard,musetti l.,kecmanovic m.,1.91,2.0,pinnacle
2022-10-23,2022,hard,musetti l.,berrettini m.,1.79,2.15,pinnacle
2022-10-17,2022,hard,cressy m.,ivashka i.,2.43,1.62,pinnacle
2022-10-17,2022,hard,garin c.,kubler j.,2.37,1.65,pinnacle
2022-10-17,2022,hard,rune h.,monteiro t.,1.23,4.62,pinnacle
2022-10-17,2022,hard,karatsev a.,rosol l.,1.53,2.67,pinnacle
2022-10-18,2022,hard,bellier a.,shevchenko a.,2.5,1.59,pinnacle
2022-10-18,2022,hard,de minaur a.,bonzi b.,1.4,3.18,pinnacle
2022-10-18,2022,hard,ruusuvuori e.,sousa j.,1.24,4.48,pinnacle
2022-10-18,2022,hard,lehecka j.,dimitrov g.,3.94,1.29,pinnacle
2022-10-18,2022,hard,ymer m.,halys q.,1.42,3.09,pinnacle
2022-10-18,2022,hard,paul t.,borg l.,1.02,28.25,pinnacle
2022-10-19,2022,hard,wolf j.j.,molcan a.,1.54,2.64,pinnacle
2022-10-19,2022,hard,ymer e.,otte o.,2.46,1.61,pinnacle
2022-10-19,2022,hard,norrie c.,karatsev a.,1.46,2.93,pinnacle
2022-10-19,2022,hard,shapovalov d.,bellier a.,1.15,6.76,pinnacle
2022-10-19,2022,hard,rune h.,garin c.,1.29,3.98,pinnacle
2022-10-19,2022,hard,tsitsipas s.,cressy m.,1.28,4.07,pinnacle
2022-10-20,2022,hard,de minaur a.,wolf j.j.,1.49,2.85,pinnacle
2022-10-20,2022,hard,ruusuvuori e.,lehecka j.,1.39,3.29,pinnacle
2022-10-20,2022,hard,ymer m.,paul t.,1.94,1.96,pinnacle
2022-10-20,2022,hard,tiafoe f.,ymer e.,1.2,5.28,pinnacle
2022-10-21,2022,hard,de minaur a.,shapovalov d.,1.93,1.97,pinnacle
2022-10-21,2022,hard,rune h.,norrie c.,2.28,1.7,pinnacle
2022-10-21,2022,hard,tsitsipas s.,ymer m.,1.26,4.3,pinnacle
2022-10-21,2022,hard,ruusuvuori e.,tiafoe f.,2.06,1.85,pinnacle
2022-10-22,2022,hard,rune h.,de minaur a.,2.42,1.64,pinnacle
2022-10-22,2022,hard,tsitsipas s.,ruusuvuori e.,1.39,3.3,pinnacle
2022-10-23,2022,hard,rune h.,tsitsipas s.,3.35,1.38,pinnacle
2022-10-24,2022,hard,nakashima b.,goffin d.,1.49,2.8,pinnacle
2022-10-24,2022,hard,bublik a.,karatsev a.,1.47,2.87,pinnacle
2022-10-24,2022,hard,alcaraz c.,draper j.,1.34,3.55,pinnacle
2022-10-24,2022,hard,rinderknech a.,cilic m.,3.56,1.34,pinnacle
2022-10-25,2022,hard,carreno busta p.,baez s.,1.23,4.59,pinnacle
2022-10-25,2022,hard,molcan a.,mcdonald m.,2.18,1.74,pinnacle
2022-10-25,2022,hard,murray a.,safiullin r.,1.82,2.09,pinnacle
2022-10-25,2022,hard,van de zandschulp b.,mannarino a.,1.71,2.24,pinnacle
2022-10-25,2022,hard,stricker d.,cressy m.,2.42,1.62,pinnacle
2022-10-25,2022,hard,wawrinka s.,ruud c.,2.71,1.54,pinnacle
2022-10-25,2022,hard,bautista agut r.,djere l.,1.32,3.7,pinnacle
2022-10-25,2022,hard,kecmanovic m.,davidovich fokina a.,1.53,2.67,pinnacle
2022-10-26,2022,hard,humbert u.,brooksby j.,1.91,1.98,pinnacle
2022-10-26,2022,hard,rune h.,de minaur a.,2.19,1.75,pinnacle
2022-10-26,2022,hard,ramos-vinolas a.,musetti l.,4.93,1.21,pinnacle
2022-10-26,2022,hard,auger-aliassime f.,huesler m.a.,1.2,4.97,pinnacle
2022-10-26,2022,hard,rinderknech a.,molcan a.,1.6,2.5,pinnacle
2022-10-26,2022,hard,alcaraz c.,van de zandschulp b.,1.21,5.03,pinnacle
2022-10-26,2022,hard,carreno busta p.,stricker d.,1.32,3.79,pinnacle
2022-10-27,2022,hard,bublik a.,ramos-vinolas a.,1.3,3.89,pinnacle
2022-10-27,2022,hard,bautista agut r.,murray a.,1.62,2.46,pinnacle
2022-10-27,2022,hard,auger-aliassime f.,kecmanovic m.,1.36,3.47,pinnacle
2022-10-27,2022,hard,wawrinka s.,nakashima b.,2.08,1.84,pinnacle
2022-10-27,2022,hard,rune h.,humbert u.,1.45,2.97,pinnacle
2022-10-28,2022,hard,auger-aliassime f.,bublik a.,1.28,4.09,pinnacle
2022-10-28,2022,hard,alcaraz c.,carreno busta p.,1.31,3.87,pinnacle
2022-10-28,2022,hard,bautista agut r.,wawrinka s.,1.7,2.3,pinnacle
2022-10-28,2022,hard,rune h.,rinderknech a.,1.35,3.51,pinnacle
2022-10-29,2022,hard,auger-aliassime f.,alcaraz c.,1.94,1.96,pinnacle
2022-10-29,2022,hard,rune h.,bautista agut r.,1.62,2.46,pinnacle
2022-10-30,2022,hard,auger-aliassime f.,rune h.,1.34,3.58,pinnacle
2022-10-24,2022,hard,khachanov k.,wolf j.j.,1.51,2.73,pinnacle
2022-10-24,2022,hard,coric b.,halys q.,1.4,3.16,pinnacle
2022-10-24,2022,hard,fritz t.,nishioka y.,1.35,3.44,pinnacle
2022-10-24,2022,hard,cerundolo f.,misolic f.,1.41,3.12,pinnacle
2022-10-24,2022,hard,rublev a.,schwartzman d.,1.12,7.56,pinnacle
2022-10-25,2022,hard,evans d.,otte o.,1.45,2.93,pinnacle
2022-10-25,2022,hard,dimitrov g.,monteiro t.,1.4,3.15,pinnacle
2022-10-25,2022,hard,ruusuvuori e.,sonego l.,1.65,2.37,pinnacle
2022-10-25,2022,hard,shapovalov d.,rodionov j.,1.23,4.65,pinnacle
2022-10-25,2022,hard,thiem d.,paul t.,1.59,2.5,pinnacle
2022-10-25,2022,hard,norrie c.,cachin p.,1.18,5.47,pinnacle
2022-10-25,2022,hard,hurkacz h.,tiafoe f.,1.63,2.41,pinnacle
2022-10-26,2022,hard,giron m.,griekspoor t.,1.64,2.38,pinnacle
2022-10-26,2022,hard,sinner j.,garin c.,1.14,6.28,pinnacle
2022-10-26,2022,hard,tsitsipas s.,novak d.,1.09,9.33,pinnacle
2022-10-26,2022,hard,medvedev d.,basilashvili n.,1.04,15.98,pinnacle
2022-10-26,2022,hard,evans d.,khachanov k.,2.17,1.78,pinnacle
2022-10-26,2022,hard,shapovalov d.,fritz t.,2.29,1.7,pinnacle
2022-10-27,2022,hard,giron m.,norrie c.,3.04,1.44,pinnacle
2022-10-27,2022,hard,dimitrov g.,rublev a.,4.38,1.26,pinnacle
2022-10-27,2022,hard,hurkacz h.,ruusuvuori e.,1.53,2.69,pinnacle
2022-10-27,2022,hard,medvedev d.,thiem d.,1.31,3.83,pinnacle
2022-10-27,2022,hard,sinner j.,cerundolo f.,1.14,7.03,pinnacle
2022-10-27,2022,hard,coric b.,tsitsipas s.,2.76,1.51,pinnacle
2022-10-28,2022,hard,dimitrov g.,giron m.,1.46,2.93,pinnacle
2022-10-28,2022,hard,medvedev d.,sinner j.,1.4,3.25,pinnacle
2022-10-28,2022,hard,coric b.,hurkacz h.,2.33,1.68,pinnacle
2022-10-28,2022,hard,shapovalov d.,evans d.,1.8,2.13,pinnacle
2022-10-29,2022,hard,medvedev d.,dimitrov g.,1.17,5.88,pinnacle
2022-10-29,2022,hard,shapovalov d.,coric b.,1.68,2.32,pinnacle
2022-10-30,2022,hard,medvedev d.,shapovalov d.,1.27,4.18,pinnacle
2022-10-31,2022,hard,isner j.,otte o.,2.28,1.69,pinnacle
2022-10-31,2022,hard,norrie c.,kecmanovic m.,1.62,2.44,pinnacle
2022-10-31,2022,hard,nishioka y.,karatsev a.,1.49,2.81,pinnacle
2022-10-31,2022,hard,fritz t.,davidovich fokina a.,1.23,4.64,pinnacle
2022-10-31,2022,hard,basilashvili n.,halys q.,3.98,1.28,pinnacle
2022-10-31,2022,hard,khachanov k.,baez s.,1.17,5.84,pinnacle
2022-10-31,2022,hard,musetti l.,cilic m.,2.57,1.55,pinnacle
2022-10-31,2022,hard,gasquet r.,molcan a.,1.54,2.63,pinnacle
2022-10-31,2022,hard,cressy m.,schwartzman d.,1.72,2.23,pinnacle
2022-10-31,2022,hard,huesler m.a.,sinner j.,4.91,1.21,pinnacle
2022-10-31,2022,hard,tiafoe f.,sonego l.,1.48,2.83,pinnacle
2022-10-31,2022,hard,ymer m.,bublik a.,2.16,1.76,pinnacle
2022-10-31,2022,hard,simon g.,murray a.,4.2,1.26,pinnacle
2022-10-31,2022,hard,de minaur a.,korda s.,2.13,1.79,pinnacle
2022-11-01,2022,hard,evans d.,nakashima b.,1.89,2.0,pinnacle
2022-11-01,2022,hard,moutet c.,coric b.,3.28,1.38,pinnacle
2022-11-01,2022,hard,draper j.,rinderknech a.,1.55,2.6,pinnacle
2022-11-01,2022,hard,carreno busta p.,ramos-vinolas a.,1.24,4.5,pinnacle
2022-11-01,2022,hard,fognini f.,fils a.,1.74,2.2,pinnacle
2022-11-01,2022,hard,hurkacz h.,mannarino a.,1.25,4.4,pinnacle
2022-11-01,2022,hard,paul t.,bautista agut r.,2.41,1.63,pinnacle
2022-11-01,2022,hard,dimitrov g.,van de zandschulp b.,1.58,2.53,pinnacle
2022-11-01,2022,hard,shapovalov d.,cerundolo f.,1.22,4.71,pinnacle
2022-11-01,2022,hard,rune h.,wawrinka s.,1.52,2.69,pinnacle
2022-11-01,2022,hard,rublev a.,isner j.,1.35,3.52,pinnacle
2022-11-01,2022,hard,djokovic n.,cressy m.,1.07,11.57,pinnacle
2022-11-01,2022,hard,ruud c.,gasquet r.,1.52,2.72,pinnacle
2022-11-01,2022,hard,khachanov k.,huesler m.a.,1.56,2.6,pinnacle
2022-11-02,2022,hard,musetti l.,basilashvili n.,1.26,4.39,pinnacle
2022-11-02,2022,hard,tsitsipas s.,evans d.,1.33,3.7,pinnacle
2022-11-02,2022,hard,tiafoe f.,draper j.,2.1,1.82,pinnacle
2022-11-02,2022,hard,de minaur a.,medvedev d.,5.33,1.2,pinnacle
2022-11-02,2022,hard,auger-aliassime f.,ymer m.,1.21,5.08,pinnacle
2022-11-02,2022,hard,alcaraz c.,nishioka y.,1.24,4.61,pinnacle
2022-11-02,2022,hard,dimitrov g.,fognini f.,1.25,4.45,pinnacle
2022-11-02,2022,hard,simon g.,fritz t.,8.82,1.11,pinnacle
2022-11-02,2022,hard,rune h.,hurkacz h.,2.62,1.56,pinnacle
2022-11-02,2022,hard,carreno busta p.,shapovalov d.,2.11,1.82,pinnacle
2022-11-02,2022,hard,paul t.,nadal r.,2.71,1.53,pinnacle
2022-11-02,2022,hard,moutet c.,norrie c.,3.34,1.38,pinnacle
2022-11-03,2022,hard,musetti l.,ruud c.,2.37,1.66,pinnacle
2022-11-03,2022,hard,tiafoe f.,de minaur a.,2.22,1.75,pinnacle
2022-11-03,2022,hard,alcaraz c.,dimitrov g.,1.32,3.73,pinnacle
2022-11-03,2022,hard,rune h.,rublev a.,2.72,1.52,pinnacle
2022-11-03,2022,hard,auger-aliassime f.,simon g.,1.12,7.89,pinnacle
2022-11-03,2022,hard,djokovic n.,khachanov k.,1.11,8.37,pinnacle
2022-11-03,2022,hard,tsitsipas s.,moutet c.,1.19,5.36,pinnacle
2022-11-03,2022,hard,paul t.,carreno busta p.,2.27,1.71,pinnacle
2022-11-04,2022,hard,auger-aliassime f.,tiafoe f.,1.41,3.15,pinnacle
2022-11-04,2022,hard,rune h.,alcaraz c.,3.24,1.4,pinnacle
2022-11-04,2022,hard,djokovic n.,musetti l.,1.14,6.95,pinnacle
2022-11-04,2022,hard,tsitsipas s.,paul t.,1.45,2.97,pinnacle
2022-11-05,2022,hard,rune h.,auger-aliassime f.,2.81,1.5,pinnacle
2022-11-05,2022,hard,djokovic n.,tsitsipas s.,1.24,4.62,pinnacle
2022-11-06,2022,hard,rune h.,djokovic n.,4.3,1.26,pinnacle
2022-11-13,2022,hard,ruud c.,auger-aliassime f.,3.12,1.42,pinnacle
2022-11-13,2022,hard,fritz t.,nadal r.,2.46,1.62,pinnacle
2022-11-14,2022,hard,rublev a.,medvedev d.,3.55,1.35,pinnacle
2022-11-14,2022,hard,djokovic n.,tsitsipas s.,1.35,3.54,pinnacle
2022-11-15,2022,hard,auger-aliassime f.,nadal r.,1.6,2.52,pinnacle
2022-11-15,2022,hard,ruud c.,fritz t.,2.11,1.81,pinnacle
2022-11-16,2022,hard,djokovic n.,rublev a.,1.37,3.41,pinnacle
2022-11-16,2022,hard,tsitsipas s.,medvedev d.,2.51,1.6,pinnacle
2022-11-17,2022,hard,nadal r.,ruud c.,2.41,1.64,pinnacle
2022-11-17,2022,hard,fritz t.,auger-aliassime f.,2.52,1.6,pinnacle
2022-11-18,2022,hard,djokovic n.,medvedev d.,1.37,3.36,pinnacle
2022-11-18,2022,hard,rublev a.,tsitsipas s.,2.63,1.55,pinnacle
2022-11-19,2022,hard,djokovic n.,fritz t.,1.24,4.53,pinnacle
2022-11-19,2022,hard,ruud c.,rublev a.,2.35,1.67,pinnacle
2022-11-20,2022,hard,djokovic n.,ruud c.,1.22,4.9,pinnacle
2023-01-01,2023,hard,giron m.,gasquet r.,1.93,1.95,pinnacle
2023-01-01,2023,hard,mcdonald m.,galan d.e.,1.39,3.25,pinnacle
2023-01-02,2023,hard,kecmanovic m.,o connell c.,1.58,2.53,pinnacle
2023-01-02,2023,hard,nishioka y.,rune h.,4.0,1.28,pinnacle
2023-01-02,2023,hard,popyrin a.,auger-aliassime f.,6.2,1.15,pinnacle
2023-01-02,2023,hard,halys q.,thompson j.,2.14,1.78,pinnacle
2023-01-02,2023,hard,safiullin r.,ymer m.,2.27,1.7,pinnacle
2023-01-02,2023,hard,draper j.,kwon s.w.,1.69,2.29,pinnacle
2023-01-02,2023,hard,kokkinakis t.,cressy m.,1.97,1.92,pinnacle
2023-01-03,2023,hard,medvedev d.,sonego l.,1.13,7.18,pinnacle
2023-01-03,2023,hard,khachanov k.,cachin p.,1.18,5.52,pinnacle
2023-01-03,2023,hard,djokovic n.,lestienne c.,1.02,18.89,pinnacle
2023-01-03,2023,hard,sinner j.,edmund k.,1.13,7.01,pinnacle
2023-01-03,2023,hard,shapovalov d.,hijikata r.,1.29,3.96,pinnacle
2023-01-03,2023,hard,bautista agut r.,rublev a.,2.72,1.5,pinnacle
2023-01-03,2023,hard,korda s.,murray a.,1.62,2.44,pinnacle
2023-01-04,2023,hard,khachanov k.,draper j.,2.43,1.63,pinnacle
2023-01-04,2023,hard,nishioka y.,mcdonald m.,1.69,2.31,pinnacle
2023-01-04,2023,hard,medvedev d.,kecmanovic m.,1.18,5.66,pinnacle
2023-01-04,2023,hard,popyrin a.,giron m.,1.78,2.17,pinnacle
2023-01-05,2023,hard,shapovalov d.,safiullin r.,1.51,2.78,pinnacle
2023-01-05,2023,hard,djokovic n.,halys q.,1.04,19.16,pinnacle
2023-01-05,2023,hard,korda s.,bautista agut r.,1.85,2.06,pinnacle
2023-01-05,2023,hard,sinner j.,kokkinakis t.,1.27,4.25,pinnacle
2023-01-06,2023,hard,nishioka y.,popyrin a.,1.76,2.18,pinnacle
2023-01-06,2023,hard,korda s.,sinner j.,2.51,1.6,pinnacle
2023-01-06,2023,hard,medvedev d.,khachanov k.,1.26,4.31,pinnacle
2023-01-06,2023,hard,djokovic n.,shapovalov d.,1.17,5.96,pinnacle
2023-01-07,2023,hard,korda s.,nishioka y.,1.37,3.39,pinnacle
2023-01-07,2023,hard,djokovic n.,medvedev d.,1.62,2.47,pinnacle
2023-01-08,2023,hard,djokovic n.,korda s.,1.16,6.14,pinnacle
2023-01-02,2023,hard,bonzi b.,tseng c.h.,1.43,3.04,pinnacle
2023-01-02,2023,hard,carballes baena r.,zapata miralles b.,2.08,1.83,pinnacle
2023-01-02,2023,hard,mmoh m.,dhamne m.,1.01,38.66,pinnacle
2023-01-02,2023,hard,griekspoor t.,munar j.,1.88,2.01,pinnacle
2023-01-02,2023,hard,djere l.,molcan a.,1.89,2.0,pinnacle
2023-01-02,2023,hard,cecchinato m.,basilashvili n.,2.87,1.47,pinnacle
2023-01-02,2023,hard,krajinovic f.,nagal s.,1.28,3.99,pinnacle
2023-01-03,2023,hard,van rijthoven t.,albot r.,1.83,2.08,pinnacle
2023-01-03,2023,hard,marterer m.,ymer e.,2.06,1.83,pinnacle
2023-01-03,2023,hard,martinez p.,ramanathan r.,1.66,2.34,pinnacle
2023-01-03,2023,hard,karatsev a.,andujar p.,1.31,3.79,pinnacle
2023-01-03,2023,hard,cobolli f.,mukund s.,1.37,3.37,pinnacle
2023-01-04,2023,hard,marterer m.,djere l.,2.36,1.67,pinnacle
2023-01-04,2023,hard,karatsev a.,van rijthoven t.,1.74,2.23,pinnacle
2023-01-04,2023,hard,martinez p.,baez s.,1.97,1.93,pinnacle
2023-01-04,2023,hard,griekspoor t.,cecchinato m.,1.31,3.85,pinnacle
2023-01-04,2023,hard,van de zandschulp b.,cobolli f.,1.29,3.97,pinnacle
2023-01-04,2023,hard,bonzi b.,ruusuvuori e.,2.3,1.69,pinnacle
2023-01-04,2023,hard,krajinovic f.,mmoh m.,1.86,2.05,pinnacle
2023-01-04,2023,hard,cilic m.,carballes baena r.,1.23,4.68,pinnacle
2023-01-05,2023,hard,karatsev a.,martinez p.,1.5,2.81,pinnacle
2023-01-05,2023,hard,griekspoor t.,cilic m.,3.07,1.43,pinnacle
2023-01-05,2023,hard,van de zandschulp b.,marterer m.,1.4,3.23,pinnacle
2023-01-05,2023,hard,bonzi b.,krajinovic f.,1.6,2.52,pinnacle
2023-01-06,2023,hard,griekspoor t.,karatsev a.,2.53,1.59,pinnacle
2023-01-06,2023,hard,bonzi b.,van de zandschulp b.,2.25,1.72,pinnacle
2023-01-07,2023,hard,griekspoor t.,bonzi b.,2.31,1.69,pinnacle
2023-01-09,2023,hard,mcdonald m.,evans d.,2.57,1.56,pinnacle
2023-01-09,2023,hard,draper j.,sonego l.,1.48,2.83,pinnacle
2023-01-09,2023,hard,kecmanovic m.,edmund k.,1.23,4.67,pinnacle
2023-01-09,2023,hard,davidovich fokina a.,nakashima b.,2.88,1.47,pinnacle
2023-01-09,2023,hard,kokkinakis t.,popyrin a.,1.75,2.18,pinnacle
2023-01-10,2023,hard,paul t.,o connell c.,1.51,2.73,pinnacle
2023-01-10,2023,hard,millman j.,ramos-vinolas a.,1.6,2.48,pinnacle
2023-01-10,2023,hard,huesler m.a.,rinderknech a.,2.16,1.77,pinnacle
2023-01-10,2023,hard,kwon s.w.,machac t.,1.93,1.96,pinnacle
2023-01-10,2023,hard,ymer m.,ruusuvuori e.,1.74,2.21,pinnacle
2023-01-10,2023,hard,kubler j.,etcheverry t.,1.44,2.97,pinnacle
2023-01-11,2023,hard,davidovich fokina a.,millman j.,1.5,2.89,pinnacle
2023-01-11,2023,hard,draper j.,paul t.,1.88,2.04,pinnacle
2023-01-11,2023,hard,khachanov k.,huesler m.a.,1.38,3.36,pinnacle
2023-01-11,2023,hard,ymer m.,mcdonald m.,1.68,2.33,pinnacle
2023-01-11,2023,hard,kwon s.w.,carreno busta p.,2.58,1.57,pinnacle
2023-01-11,2023,hard,bautista agut r.,haase r.,1.1,8.83,pinnacle
2023-01-11,2023,hard,kecmanovic m.,kubler j.,1.54,2.66,pinnacle
2023-01-11,2023,hard,kokkinakis t.,rublev a.,3.4,1.37,pinnacle
2023-01-12,2023,hard,draper j.,khachanov k.,1.9,1.99,pinnacle
2023-01-12,2023,hard,kwon s.w.,ymer m.,2.21,1.75,pinnacle
2023-01-12,2023,hard,bautista agut r.,davidovich fokina a.,1.72,2.26,pinnacle
2023-01-12,2023,hard,kokkinakis t.,kecmanovic m.,1.72,2.26,pinnacle
2023-01-13,2023,hard,kwon s.w.,draper j.,3.27,1.39,pinnacle
2023-01-13,2023,hard,bautista agut r.,kokkinakis t.,1.9,2.01,pinnacle
2023-01-14,2023,hard,kwon s.w.,bautista agut r.,2.49,1.61,pinnacle
2023-01-08,2023,hard,lestienne c.,cachin p.,1.65,2.38,pinnacle
2023-01-09,2023,hard,goffin d.,bublik a.,2.28,1.69,pinnacle
2023-01-09,2023,hard,brooksby j.,fognini f.,1.41,3.13,pinnacle
2023-01-09,2023,hard,gasquet r.,pannu k.,1.06,12.25,pinnacle
2023-01-09,2023,hard,wolf j.j.,mannarino a.,2.12,1.79,pinnacle
2023-01-09,2023,hard,barrere g.,isner j.,2.39,1.64,pinnacle
2023-01-09,2023,hard,giron m.,coria f.,1.23,4.66,pinnacle
2023-01-10,2023,hard,eubanks c.,humbert u.,2.14,1.78,pinnacle
2023-01-10,2023,hard,halys q.,molcan a.,1.44,2.99,pinnacle
2023-01-10,2023,hard,lehecka j.,monteiro t.,1.57,2.54,pinnacle
2023-01-10,2023,hard,shelton b.,baez s.,1.47,2.86,pinnacle
2023-01-10,2023,hard,djere l.,munar j.,1.78,2.15,pinnacle
2023-01-10,2023,hard,giron m.,wolf j.j.,2.34,1.68,pinnacle
2023-01-10,2023,hard,brooksby j.,schwartzman d.,1.54,2.67,pinnacle
2023-01-11,2023,hard,norrie c.,lehecka j.,1.32,3.72,pinnacle
2023-01-11,2023,hard,gasquet r.,sousa j.,1.48,2.87,pinnacle
2023-01-11,2023,hard,halys q.,shelton b.,1.71,2.27,pinnacle
2023-01-11,2023,hard,goffin d.,eubanks c.,1.62,2.46,pinnacle
2023-01-11,2023,hard,lestienne c.,barrere g.,1.91,2.0,pinnacle
2023-01-11,2023,hard,djere l.,ruud c.,5.03,1.21,pinnacle
2023-01-12,2023,hard,norrie c.,giron m.,1.34,3.61,pinnacle
2023-01-12,2023,hard,brooksby j.,halys q.,1.93,1.97,pinnacle
2023-01-12,2023,hard,gasquet r.,goffin d.,2.39,1.65,pinnacle
2023-01-12,2023,hard,lestienne c.,djere l.,2.27,1.71,pinnacle
2023-01-13,2023,hard,norrie c.,brooksby j.,1.39,3.29,pinnacle
2023-01-13,2023,hard,gasquet r.,lestienne c.,1.48,2.88,pinnacle
2023-01-14,2023,hard,gasquet r.,norrie c.,4.18,1.27,pinnacle
2023-01-16,2023,hard,moutet c.,wu y.,2.4,1.65,pinnacle
2023-01-16,2023,hard,watanuki y.,rinderknech a.,2.18,1.77,pinnacle
2023-01-16,2023,hard,van de zandschulp b.,ivashka i.,1.47,2.91,pinnacle
2023-01-16,2023,hard,etcheverry t.,barrere g.,2.43,1.63,pinnacle
2023-01-16,2023,hard,sinner j.,edmund k.,1.05,15.72,pinnacle
2023-01-16,2023,hard,cerundolo f.,pella g.,1.17,6.06,pinnacle
2023-01-16,2023,hard,shang j.,otte o.,2.86,1.48,pinnacle
2023-01-16,2023,hard,hurkacz h.,martinez p.,1.06,13.22,pinnacle
2023-01-16,2023,hard,korda s.,garin c.,1.1,9.05,pinnacle
2023-01-16,2023,hard,nishioka y.,ymer m.,2.02,1.88,pinnacle
2023-01-16,2023,hard,shapovalov d.,lajovic d.,1.09,9.82,pinnacle
2023-01-16,2023,hard,griekspoor t.,kotov p.,1.42,3.1,pinnacle
2023-01-16,2023,hard,mcdonald m.,nakashima b.,2.59,1.56,pinnacle
2023-01-16,2023,hard,khachanov k.,zapata miralles b.,1.06,13.0,pinnacle
2023-01-16,2023,hard,tiafoe f.,altmaier d.,1.1,8.65,pinnacle
2023-01-16,2023,hard,nadal r.,draper j.,1.44,3.02,pinnacle
2023-01-16,2023,hard,daniel t.,escobedo e.,1.57,2.57,pinnacle
2023-01-16,2023,hard,sonego l.,borges n.,1.37,3.37,pinnacle
2023-01-16,2023,hard,lehecka j.,coric b.,3.34,1.38,pinnacle
2023-01-16,2023,hard,kubler j.,baez s.,1.36,3.48,pinnacle
2023-01-16,2023,hard,svrcina d.,munar j.,2.74,1.52,pinnacle
2023-01-16,2023,hard,millman j.,huesler m.a.,2.25,1.72,pinnacle
2023-01-16,2023,hard,eubanks c.,kwon s.w.,2.65,1.55,pinnacle
2023-01-16,2023,hard,fucsovics m.,coria f.,1.17,5.96,pinnacle
2023-01-16,2023,hard,molcan a.,wawrinka s.,3.89,1.3,pinnacle
2023-01-16,2023,hard,hijikata r.,hanfmann y.,1.98,1.93,pinnacle
2023-01-16,2023,hard,norrie c.,van assche l.,1.07,11.47,pinnacle
2023-01-16,2023,hard,auger-aliassime f.,pospisil v.,1.08,10.82,pinnacle
2023-01-16,2023,hard,tsitsipas s.,halys q.,1.14,6.96,pinnacle
2023-01-16,2023,hard,lestienne c.,monteiro t.,2.19,1.76,pinnacle
2023-01-16,2023,hard,harris l.,musetti l.,3.61,1.34,pinnacle
2023-01-16,2023,hard,medvedev d.,giron m.,1.04,18.34,pinnacle
2023-01-17,2023,hard,rublev a.,thiem d.,1.28,4.13,pinnacle
2023-01-17,2023,hard,chardy j.,galan d.e.,3.32,1.38,pinnacle
2023-01-17,2023,hard,evans d.,bagnis f.,1.14,7.05,pinnacle
2023-01-17,2023,hard,bonzi b.,bellucci m.,1.4,3.23,pinnacle
2023-01-17,2023,hard,dimitrov g.,karatsev a.,1.41,3.17,pinnacle
2023-01-17,2023,hard,djere l.,bergs z.,1.51,2.75,pinnacle
2023-01-17,2023,hard,schwartzman d.,krutykh o.,1.58,2.52,pinnacle
2023-01-17,2023,hard,jarry n.,kecmanovic m.,3.87,1.31,pinnacle
2023-01-17,2023,hard,davidovich fokina a.,bublik a.,1.76,2.2,pinnacle
2023-01-17,2023,hard,carreno busta p.,cachin p.,1.09,9.27,pinnacle
2023-01-17,2023,hard,wolf j.j.,thompson j.,1.65,2.39,pinnacle
2023-01-17,2023,hard,fritz t.,basilashvili n.,1.04,16.86,pinnacle
2023-01-17,2023,hard,rune h.,krajinovic f.,1.18,5.65,pinnacle
2023-01-17,2023,hard,shelton b.,zhang zh.,1.46,2.95,pinnacle
2023-01-17,2023,hard,murray a.,berrettini m.,4.62,1.24,pinnacle
2023-01-17,2023,hard,zverev a.,varillas j. p.,1.1,8.9,pinnacle
2023-01-17,2023,hard,paul t.,struff j.l.,1.4,3.24,pinnacle
2023-01-17,2023,hard,brooksby j.,o connell c.,1.49,2.84,pinnacle
2023-01-17,2023,hard,de minaur a.,hsu y.,1.06,13.57,pinnacle
2023-01-17,2023,hard,popyrin a.,tseng c. h.,1.16,6.33,pinnacle
2023-01-17,2023,hard,ruud c.,machac t.,1.19,5.52,pinnacle
2023-01-17,2023,hard,djokovic n.,carballes baena r.,1.02,30.3,pinnacle
2023-01-18,2023,hard,ruusuvuori e.,purcell m.,1.41,3.18,pinnacle
2023-01-18,2023,hard,humbert u.,gasquet r.,2.05,1.86,pinnacle
2023-01-18,2023,hard,kudla d.,safiullin r.,3.47,1.35,pinnacle
2023-01-18,2023,hard,mmoh m.,lokoli l.,1.53,2.5,bet365
2023-01-18,2023,hard,mannarino a.,isner j.,2.01,1.9,pinnacle
2023-01-18,2023,hard,holt b.,vukic a.,2.38,1.65,pinnacle
2023-01-18,2023,hard,bautista agut r.,sousa j.,1.09,9.27,pinnacle
2023-01-18,2023,hard,couacaud e.,dellien h.,1.13,7.08,pinnacle
2023-01-18,2023,hard,cressy m.,ramos-vinolas a.,1.41,3.17,pinnacle
2023-01-18,2023,hard,kokkinakis t.,fognini f.,1.19,5.56,pinnacle
2023-01-18,2023,hard,sinner j.,etcheverry t.,1.04,17.66,pinnacle
2023-01-18,2023,hard,auger-aliassime f.,molcan a.,1.08,11.09,pinnacle
2023-01-18,2023,hard,mcdonald m.,nadal r.,9.06,1.09,pinnacle
2023-01-18,2023,hard,tiafoe f.,shang j.,1.1,8.34,pinnacle
2023-01-18,2023,hard,fucsovics m.,harris l.,1.91,1.98,pinnacle
2023-01-18,2023,hard,khachanov k.,kubler j.,1.29,3.93,pinnacle
2023-01-18,2023,hard,medvedev d.,millman j.,1.02,27.6,pinnacle
2023-01-18,2023,hard,nishioka y.,svrcina d.,1.27,4.24,pinnacle
2023-01-18,2023,hard,cerundolo f.,moutet c.,2.05,1.85,pinnacle
2023-01-18,2023,hard,shapovalov d.,daniel t.,1.19,5.48,pinnacle
2023-01-18,2023,hard,hurkacz h.,sonego l.,1.29,4.05,pinnacle
2023-01-18,2023,hard,tsitsipas s.,hijikata r.,1.03,19.14,pinnacle
2023-01-18,2023,hard,korda s.,watanuki y.,1.21,5.01,pinnacle
2023-01-18,2023,hard,griekspoor t.,van de zandschulp b.,2.17,1.78,pinnacle
2023-01-18,2023,hard,lehecka j.,eubanks c.,1.46,2.9,pinnacle
2023-01-18,2023,hard,norrie c.,lestienne c.,1.11,8.07,pinnacle
2023-01-19,2023,hard,evans d.,chardy j.,1.13,7.49,pinnacle
2023-01-19,2023,hard,paul t.,davidovich fokina a.,1.49,2.84,pinnacle
2023-01-19,2023,hard,brooksby j.,ruud c.,3.61,1.34,pinnacle
2023-01-19,2023,hard,rublev a.,ruusuvuori e.,1.23,4.69,pinnacle
2023-01-19,2023,hard,shelton b.,jarry n.,1.85,2.06,pinnacle
2023-01-19,2023,hard,wolf j.j.,schwartzman d.,1.49,2.83,pinnacle
2023-01-19,2023,hard,popyrin a.,fritz t.,8.3,1.11,pinnacle
2023-01-19,2023,hard,humbert u.,kudla d.,1.45,2.97,pinnacle
2023-01-19,2023,hard,mmoh m.,zverev a.,5.26,1.2,pinnacle
2023-01-19,2023,hard,dimitrov g.,djere l.,1.27,4.16,pinnacle
2023-01-19,2023,hard,rune h.,cressy m.,1.2,5.21,pinnacle
2023-01-19,2023,hard,bautista agut r.,holt b.,1.1,8.84,pinnacle
2023-01-19,2023,hard,bonzi b.,carreno busta p.,3.41,1.37,pinnacle
2023-01-19,2023,hard,de minaur a.,mannarino a.,1.18,5.68,pinnacle
2023-01-19,2023,hard,djokovic n.,couacaud e.,1.01,42.0,pinnacle
2023-01-19,2023,hard,murray a.,kokkinakis t.,2.56,1.58,pinnacle
2023-01-20,2023,hard,sinner j.,fucsovics m.,1.13,7.22,pinnacle
2023-01-20,2023,hard,tsitsipas s.,griekspoor t.,1.09,9.21,pinnacle
2023-01-20,2023,hard,nishioka y.,mcdonald m.,1.61,2.49,pinnacle
2023-01-20,2023,hard,auger-aliassime f.,cerundolo f.,1.1,8.61,pinnacle
2023-01-20,2023,hard,lehecka j.,norrie c.,4.04,1.29,pinnacle
2023-01-20,2023,hard,hurkacz h.,shapovalov d.,1.91,2.0,pinnacle
2023-01-20,2023,hard,khachanov k.,tiafoe f.,2.06,1.86,pinnacle
2023-01-20,2023,hard,korda s.,medvedev d.,4.83,1.22,pinnacle
2023-01-21,2023,hard,rublev a.,evans d.,1.36,3.46,pinnacle
2023-01-21,2023,hard,rune h.,humbert u.,1.22,4.93,pinnacle
2023-01-21,2023,hard,de minaur a.,bonzi b.,1.23,4.78,pinnacle
2023-01-21,2023,hard,paul t.,brooksby j.,1.71,2.27,pinnacle
2023-01-21,2023,hard,wolf j.j.,mmoh m.,1.35,3.52,pinnacle
2023-01-21,2023,hard,shelton b.,popyrin a.,2.4,1.65,pinnacle
2023-01-21,2023,hard,bautista agut r.,murray a.,1.37,3.41,pinnacle
2023-01-21,2023,hard,djokovic n.,dimitrov g.,1.25,4.52,pinnacle
2023-01-22,2023,hard,korda s.,hurkacz h.,1.64,2.41,pinnacle
2023-01-22,2023,hard,khachanov k.,nishioka y.,1.47,2.95,pinnacle
2023-01-22,2023,hard,lehecka j.,auger-aliassime f.,4.72,1.23,pinnacle
2023-01-22,2023,hard,tsitsipas s.,sinner j.,1.51,2.77,pinnacle
2023-01-23,2023,hard,shelton b.,wolf j.j.,2.0,1.9,pinnacle
2023-01-23,2023,hard,rublev a.,rune h.,2.17,1.78,pinnacle
2023-01-23,2023,hard,paul t.,bautista agut r.,1.77,2.18,pinnacle
2023-01-23,2023,hard,djokovic n.,de minaur a.,1.25,4.51,pinnacle
2023-01-24,2023,hard,khachanov k.,korda s.,2.13,1.8,pinnacle
2023-01-24,2023,hard,tsitsipas s.,lehecka j.,1.18,5.79,pinnacle
2023-01-25,2023,hard,paul t.,shelton b.,1.33,3.67,pinnacle
2023-01-25,2023,hard,djokovic n.,rublev a.,1.15,6.53,pinnacle
2023-01-27,2023,hard,tsitsipas s.,khachanov k.,1.3,3.95,pinnacle
2023-01-27,2023,hard,djokovic n.,paul t.,1.08,10.57,pinnacle
2023-01-29,2023,hard,djokovic n.,tsitsipas s.,1.22,4.85,pinnacle
2023-02-06,2023,clay,zapata miralles b.,carballes baena r.,2.58,1.56,pinnacle
2023-02-06,2023,clay,lajovic d.,varillas j. p.,2.19,1.75,pinnacle
2023-02-07,2023,clay,cerundolo j.m.,andujar p.,1.22,4.76,pinnacle
2023-02-07,2023,clay,darderi l.,gaston h.,1.76,2.17,pinnacle
2023-02-07,2023,clay,coria f.,monteiro t.,1.63,2.4,pinnacle
2023-02-07,2023,clay,barrios m.,galan d.e.,1.85,2.05,pinnacle
2023-02-07,2023,clay,garin c.,martinez p.,1.77,2.16,pinnacle
2023-02-07,2023,clay,delbonis f.,tabilo a.,2.0,1.89,pinnacle
2023-02-08,2023,clay,pella g.,vavassori a.,2.64,1.54,pinnacle
2023-02-08,2023,clay,sousa j.,etcheverry t.,3.9,1.29,pinnacle
2023-02-08,2023,clay,cecchinato m.,bagnis f.,2.14,1.78,pinnacle
2023-02-08,2023,clay,dellien h.,cachin p.,1.63,2.42,pinnacle
2023-02-08,2023,clay,barrios m.,zapata miralles b.,2.22,1.74,pinnacle
2023-02-09,2023,clay,baez s.,darderi l.,1.52,2.73,pinnacle
2023-02-09,2023,clay,sousa j.,garin c.,4.24,1.27,pinnacle
2023-02-09,2023,clay,coria f.,cecchinato m.,1.55,2.64,pinnacle
2023-02-09,2023,clay,dellien h.,pella g.,1.47,2.91,pinnacle
2023-02-09,2023,clay,ramos-vinolas a.,lajovic d.,1.85,2.07,pinnacle
2023-02-09,2023,clay,cerundolo f.,delbonis f.,1.6,2.52,pinnacle
2023-02-10,2023,clay,cerundolo j.m.,schwartzman d.,2.05,1.87,pinnacle
2023-02-10,2023,clay,ramos-vinolas a.,sousa j.,1.4,3.2,pinnacle
2023-02-10,2023,clay,coria f.,cerundolo f.,1.7,2.29,pinnacle
2023-02-10,2023,clay,baez s.,barrios m.,1.4,3.22,pinnacle
2023-02-10,2023,clay,dellien h.,cerundolo j.m.,2.3,1.69,pinnacle
2023-02-11,2023,clay,coria f.,ramos-vinolas a.,1.82,2.1,pinnacle
2023-02-11,2023,clay,baez s.,dellien h.,1.52,2.72,pinnacle
2023-02-12,2023,clay,baez s.,coria f.,1.67,2.35,pinnacle
2023-02-07,2023,hard,sock j.,ivashka i.,2.88,1.47,pinnacle
2023-02-07,2023,hard,giron m.,rybakov a.,1.18,5.61,pinnacle
2023-02-07,2023,hard,mcdonald m.,verdasco f.,1.26,4.64,pinnacle
2023-02-07,2023,hard,thompson j.,kudla d.,1.74,2.2,pinnacle
2023-02-07,2023,hard,mannarino a.,johnson s.,1.58,2.51,pinnacle
2023-02-07,2023,hard,wolf j.j.,holt b.,1.33,3.6,pinnacle
2023-02-08,2023,hard,albot r.,krall l.,1.07,11.44,pinnacle
2023-02-08,2023,hard,wu y.,mmoh m.,1.71,2.25,pinnacle
2023-02-08,2023,hard,isner j.,tseng c. h.,1.32,3.7,pinnacle
2023-02-08,2023,hard,gomez e.,diallo g.,1.87,2.05,pinnacle
2023-02-08,2023,hard,altmaier d.,svajda z.,1.98,1.91,pinnacle
2023-02-08,2023,hard,otte o.,eubanks c.,2.61,1.55,pinnacle
2023-02-08,2023,hard,wolf j.j.,albot r.,1.17,5.85,pinnacle
2023-02-09,2023,hard,tiafoe f.,mcdonald m.,1.56,2.61,pinnacle
2023-02-09,2023,hard,wu y.,shapovalov d.,3.04,1.44,pinnacle
2023-02-09,2023,hard,gomez e.,kecmanovic m.,3.89,1.3,pinnacle
2023-02-09,2023,hard,mannarino a.,thompson j.,1.59,2.53,pinnacle
2023-02-09,2023,hard,isner j.,altmaier d.,1.46,2.94,pinnacle
2023-02-10,2023,hard,fritz t.,sock j.,1.14,6.68,pinnacle
2023-02-10,2023,hard,giron m.,otte o.,1.54,2.66,pinnacle
2023-02-10,2023,hard,wolf j.j.,tiafoe f.,2.91,1.47,pinnacle
2023-02-10,2023,hard,isner j.,gomez e.,1.27,4.17,pinnacle
2023-02-11,2023,hard,fritz t.,giron m.,1.26,4.31,pinnacle
2023-02-11,2023,hard,wu y.,mannarino a.,2.09,1.83,pinnacle
2023-02-11,2023,hard,isner j.,wolf j.j.,2.22,1.74,pinnacle
2023-02-11,2023,hard,wu y.,fritz t.,3.88,1.3,pinnacle
2023-02-12,2023,hard,wu y.,isner j.,1.87,2.04,pinnacle
2023-02-06,2023,hard,fils a.,gasquet r.,2.68,1.52,pinnacle
2023-02-06,2023,hard,basilashvili n.,lestienne c.,3.01,1.43,pinnacle
2023-02-07,2023,hard,krajinovic f.,karatsev a.,1.83,2.06,pinnacle
2023-02-07,2023,hard,halys q.,chidekh c.,1.35,3.5,pinnacle
2023-02-07,2023,hard,cressy m.,bellier a.,1.23,4.67,pinnacle
2023-02-07,2023,hard,fucsovics m.,blancaneaux g.,1.34,3.55,pinnacle
2023-02-07,2023,hard,huesler m.a.,van assche l.,1.46,2.9,pinnacle
2023-02-07,2023,hard,sonego l.,bonzi b.,2.0,1.89,pinnacle
2023-02-07,2023,hard,rinderknech a.,nardi l.,1.66,2.34,pinnacle
2023-02-08,2023,hard,ruusuvuori e.,ymer m.,1.95,1.93,pinnacle
2023-02-08,2023,hard,davidovich fokina a.,humbert u.,2.22,1.73,pinnacle
2023-02-08,2023,hard,barrere g.,bublik a.,1.89,2.0,pinnacle
2023-02-08,2023,hard,sinner j.,fucsovics m.,1.18,5.57,pinnacle
2023-02-08,2023,hard,fils a.,bautista agut r.,3.99,1.29,pinnacle
2023-02-09,2023,hard,cressy m.,ruusuvuori e.,2.82,1.5,pinnacle
2023-02-09,2023,hard,halys q.,davidovich fokina a.,2.08,1.84,pinnacle
2023-02-09,2023,hard,sonego l.,krajinovic f.,1.61,2.47,pinnacle
2023-02-09,2023,hard,coric b.,rinderknech a.,1.46,2.95,pinnacle
2023-02-09,2023,hard,rune h.,huesler m.a.,1.33,3.67,pinnacle
2023-02-09,2023,hard,barrere g.,basilashvili n.,1.63,2.45,pinnacle
2023-02-10,2023,hard,fils a.,halys q.,2.08,1.84,pinnacle
2023-02-10,2023,hard,sinner j.,sonego l.,1.34,3.57,pinnacle
2023-02-10,2023,hard,rune h.,barrere g.,1.19,5.36,pinnacle
2023-02-10,2023,hard,cressy m.,coric b.,3.26,1.39,pinnacle
2023-02-11,2023,hard,sinner j.,fils a.,1.25,4.5,pinnacle
2023-02-11,2023,hard,cressy m.,rune h.,4.37,1.26,pinnacle
2023-02-12,2023,hard,sinner j.,cressy m.,1.33,3.69,pinnacle
2023-02-13,2023,clay,zapata miralles b.,martinez p.,1.83,2.07,pinnacle
2023-02-13,2023,clay,cachin p.,monteiro t.,2.17,1.76,pinnacle
2023-02-13,2023,clay,djere l.,fognini f.,1.32,3.72,pinnacle
2023-02-14,2023,clay,munar j.,pella g.,1.59,2.49,pinnacle
2023-02-14,2023,clay,carballes baena r.,ramos-vinolas a.,2.31,1.68,pinnacle
2023-02-14,2023,clay,etcheverry t.,dellien h.,2.11,1.81,pinnacle
2023-02-14,2023,clay,ugo carabelli c.,galan d.e.,1.71,2.25,pinnacle
2023-02-14,2023,clay,cerundolo f.,hanfmann y.,1.63,2.41,pinnacle
2023-02-14,2023,clay,diaz acosta f.,coria f.,2.56,1.56,pinnacle
2023-02-14,2023,clay,lajovic d.,baez s.,3.01,1.43,pinnacle
2023-02-14,2023,clay,varillas j. p.,sousa j.,1.49,2.79,pinnacle
2023-02-15,2023,clay,thiem d.,molcan a.,1.69,2.29,pinnacle
2023-02-15,2023,clay,etcheverry t.,carballes baena r.,1.83,2.09,pinnacle
2023-02-15,2023,clay,norrie c.,diaz acosta f.,1.31,3.84,pinnacle
2023-02-15,2023,clay,lajovic d.,ugo carabelli c.,1.57,2.57,pinnacle
2023-02-16,2023,clay,alcaraz c.,djere l.,1.28,4.07,pinnacle
2023-02-16,2023,clay,varillas j. p.,thiem d.,3.16,1.41,pinnacle
2023-02-16,2023,clay,cerundolo f.,munar j.,1.56,2.6,pinnacle
2023-02-16,2023,clay,musetti l.,cachin p.,1.34,3.59,pinnacle
2023-02-16,2023,clay,zapata miralles b.,schwartzman d.,2.37,1.66,pinnacle
2023-02-17,2023,clay,norrie c.,etcheverry t.,1.66,2.38,pinnacle
2023-02-17,2023,clay,varillas j. p.,musetti l.,3.8,1.31,pinnacle
2023-02-17,2023,clay,alcaraz c.,lajovic d.,1.17,6.2,pinnacle
2023-02-18,2023,clay,zapata miralles b.,cerundolo f.,2.72,1.52,pinnacle
2023-02-18,2023,clay,norrie c.,varillas j. p.,1.57,2.58,pinnacle
2023-02-18,2023,clay,alcaraz c.,zapata miralles b.,1.12,7.96,pinnacle
2023-02-19,2023,clay,alcaraz c.,norrie c.,1.21,5.13,pinnacle
2023-02-13,2023,hard,kudla d.,thompson j.,1.62,2.43,pinnacle
2023-02-13,2023,hard,gomez e.,wu t.l.,1.97,1.92,pinnacle
2023-02-13,2023,hard,borges n.,johnson s.,1.38,3.29,pinnacle
2023-02-13,2023,hard,nishioka y.,otte o.,1.35,3.46,pinnacle
2023-02-14,2023,hard,mmoh m.,kovacevic a.,1.7,2.26,pinnacle
2023-02-14,2023,hard,mannarino a.,altmaier d.,1.42,3.07,pinnacle
2023-02-14,2023,hard,wolf j.j.,ivashka i.,1.43,3.04,pinnacle
2023-02-14,2023,hard,mcdonald m.,daniel t.,1.39,3.24,pinnacle
2023-02-14,2023,hard,vukic a.,eubanks c.,2.3,1.68,pinnacle
2023-02-14,2023,hard,albot r.,verdasco f.,1.53,2.67,pinnacle
2023-02-14,2023,hard,pecotic m.,sock j.,4.25,1.26,pinnacle
2023-02-15,2023,hard,giron m.,shelton b.,2.16,1.77,pinnacle
2023-02-15,2023,hard,kecmanovic m.,borges n.,1.53,2.71,pinnacle
2023-02-15,2023,hard,mcdonald m.,nishioka y.,1.99,1.92,pinnacle
2023-02-15,2023,hard,giron m.,pecotic m.,1.19,5.46,pinnacle
2023-02-16,2023,hard,mmoh m.,shapovalov d.,4.01,1.29,pinnacle
2023-02-16,2023,hard,albot r.,vukic a.,2.21,1.75,pinnacle
2023-02-16,2023,hard,paul t.,kudla d.,1.17,6.05,pinnacle
2023-02-16,2023,hard,mannarino a.,wolf j.j.,2.46,1.62,pinnacle
2023-02-17,2023,hard,fritz t.,gomez e.,1.1,9.0,pinnacle
2023-02-17,2023,hard,kecmanovic m.,giron m.,2.11,1.82,pinnacle
2023-02-17,2023,hard,albot r.,paul t.,6.61,1.15,pinnacle
2023-02-18,2023,hard,mcdonald m.,mmoh m.,1.55,2.65,pinnacle
2023-02-18,2023,hard,fritz t.,mannarino a.,1.28,4.07,pinnacle
2023-02-18,2023,hard,kecmanovic m.,albot r.,1.38,3.31,pinnacle
2023-02-19,2023,hard,fritz t.,mcdonald m.,1.33,3.7,pinnacle
2023-02-19,2023,hard,fritz t.,kecmanovic m.,1.31,3.85,pinnacle
2023-02-13,2023,hard,gasquet r.,carreno busta p.,2.83,1.48,pinnacle
2023-02-13,2023,hard,dimitrov g.,karatsev a.,1.41,3.12,pinnacle
2023-02-13,2023,hard,wawrinka s.,bublik a.,1.77,2.16,pinnacle
2023-02-13,2023,hard,barrere g.,goffin d.,2.3,1.68,pinnacle
2023-02-14,2023,hard,brouwer g.,huesler m.a.,3.71,1.32,pinnacle
2023-02-14,2023,hard,hurkacz h.,bautista agut r.,1.68,2.31,pinnacle
2023-02-14,2023,hard,griekspoor t.,ymer m.,1.9,1.98,pinnacle
2023-02-14,2023,hard,zverev a.,kwon s.w.,1.57,2.54,pinnacle
2023-02-14,2023,hard,auger-aliassime f.,sonego l.,1.34,3.5,pinnacle
2023-02-14,2023,hard,tsitsipas s.,ruusuvuori e.,1.17,5.88,pinnacle
2023-02-14,2023,hard,medvedev d.,davidovich fokina a.,1.17,5.85,pinnacle
2023-02-15,2023,hard,cressy m.,van rijthoven t.,1.48,2.85,pinnacle
2023-02-15,2023,hard,sinner j.,bonzi b.,1.15,6.33,pinnacle
2023-02-15,2023,hard,rune h.,lestienne c.,1.15,6.47,pinnacle
2023-02-15,2023,hard,van de zandschulp b.,halys q.,1.78,2.14,pinnacle
2023-02-15,2023,hard,de minaur a.,rublev a.,2.8,1.49,pinnacle
2023-02-15,2023,hard,wawrinka s.,gasquet r.,1.68,2.34,pinnacle
2023-02-15,2023,hard,dimitrov g.,hurkacz h.,2.02,1.89,pinnacle
2023-02-15,2023,hard,griekspoor t.,zverev a.,2.85,1.49,pinnacle
2023-02-16,2023,hard,auger-aliassime f.,barrere g.,1.23,5.02,pinnacle
2023-02-16,2023,hard,medvedev d.,van de zandschulp b.,1.14,6.96,pinnacle
2023-02-16,2023,hard,de minaur a.,cressy m.,1.4,3.22,pinnacle
2023-02-16,2023,hard,sinner j.,tsitsipas s.,2.13,1.8,pinnacle
2023-02-16,2023,hard,brouwer g.,rune h.,8.75,1.1,pinnacle
2023-02-17,2023,hard,dimitrov g.,de minaur a.,2.01,1.9,pinnacle
2023-02-17,2023,hard,medvedev d.,auger-aliassime f.,1.64,2.42,pinnacle
2023-02-17,2023,hard,sinner j.,wawrinka s.,1.2,5.29,pinnacle
2023-02-17,2023,hard,griekspoor t.,brouwer g.,1.38,3.36,pinnacle
2023-02-18,2023,hard,medvedev d.,dimitrov g.,1.28,4.08,pinnacle
2023-02-18,2023,hard,sinner j.,griekspoor t.,1.17,5.84,pinnacle
2023-02-19,2023,hard,medvedev d.,sinner j.,1.67,2.35,pinnacle
2023-02-20,2023,hard,kubler j.,karatsev a.,1.84,2.06,pinnacle
2023-02-20,2023,hard,o connell c.,verdasco f.,1.36,3.39,pinnacle
2023-02-20,2023,hard,broady l.,krutykh o.,1.38,3.31,pinnacle
2023-02-20,2023,hard,murray a.,sonego l.,1.74,2.2,pinnacle
2023-02-20,2023,hard,davidovich fokina a.,lestienne c.,1.53,2.65,pinnacle
2023-02-21,2023,hard,griekspoor t.,halys q.,1.71,2.24,pinnacle
2023-02-21,2023,hard,van de zandschulp b.,ivashka i.,1.67,2.32,pinnacle
2023-02-21,2023,hard,ruusuvuori e.,evans d.,1.91,1.98,pinnacle
2023-02-21,2023,hard,muller a.,basilashvili n.,2.23,1.72,pinnacle
2023-02-21,2023,hard,kwon s.w.,shelbayh a.,1.24,4.45,pinnacle
2023-02-21,2023,hard,lehecka j.,dzumhur d.,1.2,5.42,pinnacle
2023-02-21,2023,hard,bautista agut r.,fucsovics m.,1.32,3.6,pinnacle
2023-02-22,2023,hard,auger-aliassime f.,kubler j.,1.21,5.12,pinnacle
2023-02-22,2023,hard,lehecka j.,ruusuvuori e.,1.9,2.01,pinnacle
2023-02-22,2023,hard,muller a.,van de zandschulp b.,3.41,1.37,pinnacle
2023-02-22,2023,hard,rublev a.,griekspoor t.,1.28,4.11,pinnacle
2023-02-22,2023,hard,davidovich fokina a.,kwon s.w.,1.74,2.23,pinnacle
2023-02-22,2023,hard,murray a.,zverev a.,2.36,1.67,pinnacle
2023-02-22,2023,hard,o connell c.,bautista agut r.,4.38,1.26,pinnacle
2023-02-22,2023,hard,medvedev d.,broady l.,1.08,10.14,pinnacle
2023-02-23,2023,hard,lehecka j.,rublev a.,2.68,1.53,pinnacle
2023-02-23,2023,hard,murray a.,muller a.,1.39,3.29,pinnacle
2023-02-23,2023,hard,medvedev d.,o connell c.,1.06,13.58,pinnacle
2023-02-23,2023,hard,auger-aliassime f.,davidovich fokina a.,1.34,3.63,pinnacle
2023-02-24,2023,hard,murray a.,lehecka j.,2.65,1.55,pinnacle
2023-02-24,2023,hard,medvedev d.,auger-aliassime f.,1.37,3.38,pinnacle
2023-02-25,2023,hard,medvedev d.,murray a.,1.14,6.76,pinnacle
2023-02-20,2023,hard,bublik a.,krajinovic f.,1.59,2.5,pinnacle
2023-02-20,2023,hard,bonzi b.,van assche l.,1.5,2.75,pinnacle
2023-02-20,2023,hard,wawrinka s.,bergs z.,1.31,3.75,pinnacle
2023-02-21,2023,hard,brouwer g.,ymer e.,1.58,2.52,pinnacle
2023-02-21,2023,hard,barrere g.,huesler m.a.,1.67,2.32,pinnacle
2023-02-21,2023,hard,cressy m.,blancaneaux g.,1.23,4.76,pinnacle
2023-02-21,2023,hard,gasquet r.,lokoli l.,1.31,3.72,pinnacle
2023-02-21,2023,hard,goffin d.,klein l.,1.44,2.96,pinnacle
2023-02-21,2023,hard,ritschard a.,andujar p.,1.26,4.24,pinnacle
2023-02-21,2023,hard,riedi l.,rinderknech a.,2.24,1.72,pinnacle
2023-02-22,2023,hard,ymer m.,albot r.,1.32,3.69,pinnacle
2023-02-22,2023,hard,fils a.,safiullin r.,1.74,2.21,pinnacle
2023-02-22,2023,hard,bonzi b.,cressy m.,2.29,1.7,pinnacle
2023-02-22,2023,hard,bublik a.,barrere g.,2.11,1.82,pinnacle
2023-02-22,2023,hard,wawrinka s.,gasquet r.,1.5,2.81,pinnacle
2023-02-23,2023,hard,ymer m.,goffin d.,2.01,1.9,pinnacle
2023-02-23,2023,hard,hurkacz h.,riedi l.,1.27,4.18,pinnacle
2023-02-23,2023,hard,dimitrov g.,brouwer g.,1.2,5.34,pinnacle
2023-02-23,2023,hard,fils a.,sinner j.,4.91,1.22,pinnacle
2023-02-23,2023,hard,de minaur a.,ritschard a.,1.08,10.48,pinnacle
2023-02-24,2023,hard,hurkacz h.,ymer m.,1.38,3.34,pinnacle
2023-02-24,2023,hard,bublik a.,dimitrov g.,2.88,1.48,pinnacle
2023-02-24,2023,hard,fils a.,wawrinka s.,1.79,2.14,pinnacle
2023-02-24,2023,hard,bonzi b.,de minaur a.,3.54,1.35,pinnacle
2023-02-25,2023,hard,hurkacz h.,bublik a.,1.56,2.61,pinnacle
2023-02-25,2023,hard,bonzi b.,fils a.,2.15,1.79,pinnacle
2023-02-26,2023,hard,hurkacz h.,bonzi b.,1.5,2.81,pinnacle
2023-02-20,2023,clay,dellien h.,sousa j.,1.45,2.93,pinnacle
2023-02-20,2023,clay,molcan a.,fonseca j.,1.1,8.66,pinnacle
2023-02-20,2023,clay,martinez p.,garin c.,2.51,1.58,pinnacle
2023-02-20,2023,clay,monteiro t.,thiem d.,2.74,1.51,pinnacle
2023-02-20,2023,clay,djere l.,bagnis f.,1.44,2.98,pinnacle
2023-02-21,2023,clay,jarry n.,musetti l.,2.44,1.61,pinnacle
2023-02-21,2023,clay,cerundolo f.,carballes baena r.,1.48,2.83,pinnacle
2023-02-21,2023,clay,galan d.e.,cachin p.,2.38,1.64,pinnacle
2023-02-21,2023,clay,varillas j.p.,gaston h.,1.56,2.58,pinnacle
2023-02-21,2023,clay,norrie c.,cerundolo j.m.,1.36,3.4,pinnacle
2023-02-22,2023,clay,zapata miralles b.,munar j.,1.71,2.24,pinnacle
2023-02-22,2023,clay,lajovic d.,schwartzman d.,1.65,2.37,pinnacle
2023-02-22,2023,clay,ramos-vinolas a.,etcheverry t.,1.93,1.95,pinnacle
2023-02-22,2023,clay,fognini f.,barrios m.,2.25,1.71,pinnacle
2023-02-22,2023,clay,alcaraz c.,alves m.,1.01,22.82,pinnacle
2023-02-22,2023,clay,baez s.,bellucci t.,1.05,15.23,pinnacle
2023-02-22,2023,clay,dellien h.,molcan a.,1.78,2.17,pinnacle
2023-02-23,2023,clay,norrie c.,monteiro t.,1.36,3.44,pinnacle
2023-02-23,2023,clay,zapata miralles b.,cerundolo f.,2.42,1.64,pinnacle
2023-02-23,2023,clay,ramos-vinolas a.,galan d.e.,1.61,2.49,pinnacle
2023-02-23,2023,clay,jarry n.,martinez p.,1.37,3.4,pinnacle
2023-02-23,2023,clay,baez s.,varillas j.p.,1.56,2.6,pinnacle
2023-02-23,2023,clay,alcaraz c.,fognini f.,1.08,10.23,pinnacle
2023-02-24,2023,clay,lajovic d.,djere l.,2.48,1.61,pinnacle
2023-02-24,2023,clay,zapata miralles b.,ramos-vinolas a.,1.79,2.14,pinnacle
2023-02-24,2023,clay,norrie c.,dellien h.,1.42,3.11,pinnacle
2023-02-24,2023,clay,alcaraz c.,lajovic d.,1.15,6.61,pinnacle
2023-02-25,2023,clay,jarry n.,baez s.,1.82,2.1,pinnacle
2023-02-25,2023,clay,norrie c.,zapata miralles b.,1.45,2.99,pinnacle
2023-02-25,2023,clay,alcaraz c.,jarry n.,1.26,4.38,pinnacle
2023-02-26,2023,clay,norrie c.,alcaraz c.,4.81,1.23,pinnacle
2023-02-28,2023,hard,mmoh m.,giron m.,2.4,1.63,pinnacle
2023-02-28,2023,hard,fritz t.,isner j.,1.29,3.97,pinnacle
2023-02-28,2023,hard,shapovalov d.,kecmanovic m.,1.7,2.27,pinnacle
2023-02-28,2023,hard,rune h.,shelton b.,1.38,3.28,pinnacle
2023-02-28,2023,hard,lopez f.,eubanks c.,5.56,1.18,pinnacle
2023-02-28,2023,hard,tiafoe f.,nishioka y.,1.52,2.71,pinnacle
2023-02-28,2023,hard,daniel t.,wolf j.j.,3.39,1.36,pinnacle
2023-02-28,2023,hard,paul t.,gomez e.,1.17,5.89,pinnacle
2023-02-28,2023,hard,ruud c.,andreozzi g.,1.09,9.58,pinnacle
2023-03-01,2023,hard,berrettini m.,molcan a.,1.22,4.82,pinnacle
2023-03-01,2023,hard,borges n.,chappell n.,1.12,7.65,pinnacle
2023-03-01,2023,hard,ymer e.,mannarino a.,3.0,1.4,bet365
2023-03-01,2023,hard,nakashima b.,altmaier d.,1.51,2.74,pinnacle
2023-03-01,2023,hard,berrettini j.,otte o.,5.73,1.17,pinnacle
2023-03-01,2023,hard,mcdonald m.,darderi l.,1.17,5.64,pinnacle
2023-03-01,2023,hard,de minaur a.,pacheco mendez r.,1.02,35.33,pinnacle
2023-03-02,2023,hard,mcdonald m.,nakashima b.,1.9,2.01,pinnacle
2023-03-02,2023,hard,tiafoe f.,lopez f.,1.09,9.56,pinnacle
2023-03-02,2023,hard,daniel t.,ruud c.,3.52,1.35,pinnacle
2023-03-02,2023,hard,paul t.,mmoh m.,1.37,3.42,pinnacle
2023-03-02,2023,hard,de minaur a.,berrettini j.,1.04,20.18,pinnacle
2023-03-02,2023,hard,berrettini m.,ymer e.,1.09,9.37,pinnacle
2023-03-02,2023,hard,fritz t.,shapovalov d.,1.62,2.46,pinnacle
2023-03-02,2023,hard,rune h.,borges n.,1.23,4.71,pinnacle
2023-03-02,2023,hard,paul t.,mcdonald m.,1.62,2.45,pinnacle
2023-03-03,2023,hard,de minaur a.,daniel t.,1.28,4.15,pinnacle
2023-03-03,2023,hard,fritz t.,tiafoe f.,1.56,2.54,pinnacle
2023-03-03,2023,hard,rune h.,berrettini m.,1.86,2.06,pinnacle
2023-03-04,2023,hard,paul t.,fritz t.,2.6,1.58,pinnacle
2023-03-04,2023,hard,de minaur a.,rune h.,2.69,1.53,pinnacle
2023-03-05,2023,hard,de minaur a.,paul t.,1.67,2.35,pinnacle
2023-02-27,2023,hard,kokkinakis t.,halys q.,1.7,2.27,pinnacle
2023-02-27,2023,hard,sonego l.,huesler m.a.,1.47,2.88,pinnacle
2023-02-27,2023,hard,griekspoor t.,lestienne c.,1.37,3.33,pinnacle
2023-02-27,2023,hard,davidovich fokina a.,jaziri m.,1.02,26.68,pinnacle
2023-02-27,2023,hard,kotov p.,popyrin a.,2.57,1.56,pinnacle
2023-02-27,2023,hard,rublev a.,krajinovic f.,1.2,5.06,pinnacle
2023-02-27,2023,hard,zverev a.,lehecka j.,1.81,2.11,pinnacle
2023-02-28,2023,hard,o connell c.,ruusuvuori e.,2.63,1.54,pinnacle
2023-02-28,2023,hard,auger-aliassime f.,cressy m.,1.34,3.52,pinnacle
2023-02-28,2023,hard,van de zandschulp b.,khachanov k.,3.13,1.41,pinnacle
2023-02-28,2023,hard,coric b.,evans d.,1.56,2.58,pinnacle
2023-02-28,2023,hard,ymer m.,passaro f.,1.22,4.83,pinnacle
2023-02-28,2023,hard,bublik a.,lazarov a.,1.25,4.34,pinnacle
2023-02-28,2023,hard,medvedev d.,arnaldi m.,1.02,25.83,pinnacle
2023-02-28,2023,hard,djokovic n.,machac t.,1.04,15.85,pinnacle
2023-02-28,2023,hard,hurkacz h.,shevchenko a.,1.1,8.9,pinnacle
2023-03-01,2023,hard,rublev a.,davidovich fokina a.,1.35,3.55,pinnacle
2023-03-01,2023,hard,van de zandschulp b.,ymer m.,1.89,2.02,pinnacle
2023-03-01,2023,hard,sonego l.,auger-aliassime f.,3.6,1.34,pinnacle
2023-03-01,2023,hard,zverev a.,o connell c.,1.29,4.04,pinnacle
2023-03-01,2023,hard,coric b.,kokkinakis t.,1.79,2.15,pinnacle
2023-03-01,2023,hard,djokovic n.,griekspoor t.,1.08,10.49,pinnacle
2023-03-01,2023,hard,medvedev d.,bublik a.,1.16,6.37,pinnacle
2023-03-01,2023,hard,hurkacz h.,kotov p.,1.25,4.52,pinnacle
2023-03-02,2023,hard,zverev a.,sonego l.,1.51,2.76,pinnacle
2023-03-02,2023,hard,rublev a.,van de zandschulp b.,1.38,3.31,pinnacle
2023-03-02,2023,hard,djokovic n.,hurkacz h.,1.12,7.59,pinnacle
2023-03-02,2023,hard,medvedev d.,coric b.,1.19,5.37,pinnacle
2023-03-03,2023,hard,rublev a.,zverev a.,2.23,1.74,pinnacle
2023-03-03,2023,hard,medvedev d.,djokovic n.,2.89,1.47,pinnacle
2023-03-04,2023,hard,medvedev d.,rublev a.,1.25,4.46,pinnacle
2023-02-27,2023,clay,hanfmann y.,martinez p.,1.63,2.41,pinnacle
2023-02-27,2023,clay,cerundolo j.m.,cachin p.,1.56,2.39,pinnacle
2023-02-27,2023,clay,bonadio r.,galan d.e.,2.5,1.59,pinnacle
2023-02-27,2023,clay,munar j.,tabilo a.,2.26,1.7,pinnacle
2023-02-28,2023,clay,etcheverry t.,fognini f.,1.7,2.26,pinnacle
2023-02-28,2023,clay,monteiro t.,ramos-vinolas a.,2.25,1.71,pinnacle
2023-02-28,2023,clay,lajovic d.,ugo carabelli c.,1.36,3.37,pinnacle
2023-02-28,2023,clay,carballes baena r.,taberner c.,1.41,3.12,pinnacle
2023-02-28,2023,clay,djere l.,sousa j.,1.23,4.57,pinnacle
2023-02-28,2023,clay,cecchinato m.,bagnis f.,2.24,1.71,pinnacle
2023-02-28,2023,clay,jarry n.,varillas j.p.,1.57,2.55,pinnacle
2023-02-28,2023,clay,garin c.,thiem d.,2.25,1.71,pinnacle
2023-03-01,2023,clay,hanfmann y.,carballes baena r.,1.57,2.58,pinnacle
2023-03-01,2023,clay,munar j.,musetti l.,3.08,1.43,pinnacle
2023-03-01,2023,clay,monteiro t.,cecchinato m.,1.61,2.47,pinnacle
2023-03-01,2023,clay,jarry n.,schwartzman d.,1.38,3.28,pinnacle
2023-03-02,2023,clay,lajovic d.,cerundolo j.m.,1.58,2.55,pinnacle
2023-03-02,2023,clay,djere l.,bonadio r.,1.18,5.7,pinnacle
2023-03-02,2023,clay,etcheverry t.,cerundolo f.,2.28,1.71,pinnacle
2023-03-02,2023,clay,baez s.,garin c.,1.65,2.4,pinnacle
2023-03-03,2023,clay,etcheverry t.,lajovic d.,1.98,1.93,pinnacle
2023-03-03,2023,clay,baez s.,djere l.,1.63,2.44,pinnacle
2023-03-03,2023,clay,munar j.,monteiro t.,1.69,2.31,pinnacle
2023-03-04,2023,clay,jarry n.,hanfmann y.,1.6,2.52,pinnacle
2023-03-04,2023,clay,etcheverry t.,baez s.,2.61,1.56,pinnacle
2023-03-04,2023,clay,jarry n.,munar j.,1.47,2.91,pinnacle
2023-03-05,2023,clay,jarry n.,etcheverry t.,1.97,1.93,pinnacle
2023-03-08,2023,hard,humbert u.,zapata miralles b.,1.48,2.85,pinnacle
2023-03-08,2023,hard,giron m.,kovacevic a.,1.74,2.21,pinnacle
2023-03-08,2023,hard,ivashka i.,safiullin r.,2.04,1.85,pinnacle
2023-03-08,2023,hard,otte o.,djere l.,2.51,1.58,pinnacle
2023-03-08,2023,hard,kubler j.,sonego l.,2.74,1.51,pinnacle
2023-03-08,2023,hard,nakashima b.,isner j.,2.03,1.86,pinnacle
2023-03-08,2023,hard,cachin p.,basilashvili n.,2.19,1.75,pinnacle
2023-03-08,2023,hard,ruusuvuori e.,lestienne c.,1.49,2.81,pinnacle
2023-03-08,2023,hard,daniel t.,carballes baena r.,1.46,2.91,pinnacle
2023-03-08,2023,hard,garin c.,galan d.e.,1.46,2.89,pinnacle
2023-03-08,2023,hard,wu y.,munar j.,1.4,3.11,pinnacle
2023-03-08,2023,hard,lehecka j.,rinderknech a.,1.29,3.87,pinnacle
2023-03-09,2023,hard,schwartzman d.,coria f.,1.61,2.46,pinnacle
2023-03-09,2023,hard,thompson j.,monfils g.,1.68,2.32,pinnacle
2023-03-09,2023,hard,tabilo a.,marterer m.,1.91,1.98,pinnacle
2023-03-09,2023,hard,wu t.l.,bublik a.,4.04,1.28,pinnacle
2023-03-09,2023,hard,mcdonald m.,krajinovic f.,1.42,3.08,pinnacle
2023-03-09,2023,hard,struff j.l.,halys q.,1.8,2.11,pinnacle
2023-03-09,2023,hard,draper j.,riedi l.,1.6,2.48,pinnacle
2023-03-09,2023,hard,wawrinka s.,vukic a.,1.46,2.89,pinnacle
2023-03-09,2023,hard,pella g.,monteiro t.,2.62,1.54,pinnacle
2023-03-09,2023,hard,kokkinakis t.,holt b.,1.25,4.39,pinnacle
2023-03-09,2023,hard,shelton b.,fognini f.,1.27,4.1,pinnacle
2023-03-09,2023,hard,fucsovics m.,wolf j.j.,2.38,1.64,pinnacle
2023-03-09,2023,hard,molcan a.,ramos-vinolas a.,2.26,1.7,pinnacle
2023-03-09,2023,hard,murray a.,etcheverry t.,1.32,3.69,pinnacle
2023-03-09,2023,hard,martinez p.,huesler m.a.,2.61,1.55,pinnacle
2023-03-10,2023,hard,hijikata r.,ymer m.,3.82,1.3,pinnacle
2023-03-10,2023,hard,gasquet r.,gojo b.,2.42,1.63,pinnacle
2023-03-10,2023,hard,mannarino a.,thiem d.,1.82,2.09,pinnacle
2023-03-10,2023,hard,sock j.,barrere g.,2.44,1.62,pinnacle
2023-03-10,2023,hard,popyrin a.,zhang zh.,1.52,2.69,pinnacle
2023-03-10,2023,hard,norrie c.,wu t.l.,1.1,8.46,pinnacle
2023-03-10,2023,hard,garin c.,nishioka y.,2.58,1.56,pinnacle
2023-03-10,2023,hard,ruud c.,schwartzman d.,1.29,3.96,pinnacle
2023-03-10,2023,hard,ivashka i.,van de zandschulp b.,2.48,1.6,pinnacle
2023-03-10,2023,hard,ruusuvuori e.,bautista agut r.,2.4,1.63,pinnacle
2023-03-10,2023,hard,thompson j.,tsitsipas s.,5.25,1.19,pinnacle
2023-03-10,2023,hard,kubler j.,dimitrov g.,3.33,1.37,pinnacle
2023-03-10,2023,hard,tabilo a.,cressy m.,2.71,1.52,pinnacle
2023-03-10,2023,hard,davidovich fokina a.,wu y.,1.82,2.09,pinnacle
2023-03-10,2023,hard,zverev a.,cachin p.,1.08,10.54,pinnacle
2023-03-10,2023,hard,humbert u.,shapovalov d.,2.49,1.59,pinnacle
2023-03-11,2023,hard,daniel t.,berrettini m.,3.36,1.37,pinnacle
2023-03-11,2023,hard,khachanov k.,otte o.,1.3,3.85,pinnacle
2023-03-11,2023,hard,medvedev d.,nakashima b.,1.1,8.72,pinnacle
2023-03-11,2023,hard,tiafoe f.,giron m.,1.41,3.12,pinnacle
2023-03-11,2023,hard,rublev a.,lehecka j.,1.49,2.81,pinnacle
2023-03-11,2023,hard,draper j.,evans d.,1.41,3.12,pinnacle
2023-03-11,2023,hard,sinner j.,gasquet r.,1.09,9.41,pinnacle
2023-03-11,2023,hard,auger-aliassime f.,martinez p.,1.1,8.69,pinnacle
2023-03-11,2023,hard,wawrinka s.,kecmanovic m.,2.12,1.79,pinnacle
2023-03-11,2023,hard,molcan a.,coric b.,3.62,1.33,pinnacle
2023-03-11,2023,hard,paul t.,struff j.l.,1.29,3.98,pinnacle
2023-03-11,2023,hard,fucsovics m.,de minaur a.,3.71,1.32,pinnacle
2023-03-11,2023,hard,murray a.,albot r.,1.25,4.35,pinnacle
2023-03-11,2023,hard,cerundolo f.,sock j.,2.04,1.85,pinnacle
2023-03-11,2023,hard,griekspoor t.,pella g.,1.23,4.66,pinnacle
2023-03-11,2023,hard,fritz t.,shelton b.,1.25,4.37,pinnacle
2023-03-11,2023,hard,mannarino a.,musetti l.,1.96,1.93,pinnacle
2023-03-12,2023,hard,hurkacz h.,popyrin a.,1.22,4.82,pinnacle
2023-03-12,2023,hard,baez s.,hijikata r.,1.95,1.93,pinnacle
2023-03-12,2023,hard,rune h.,mcdonald m.,1.36,3.39,pinnacle
2023-03-12,2023,hard,alcaraz c.,kokkinakis t.,1.39,3.25,pinnacle
2023-03-12,2023,hard,garin c.,ruud c.,4.04,1.29,pinnacle
2023-03-12,2023,hard,norrie c.,daniel t.,1.2,5.24,pinnacle
2023-03-12,2023,hard,zverev a.,ruusuvuori e.,1.38,3.33,pinnacle
2023-03-12,2023,hard,davidovich fokina a.,khachanov k.,2.29,1.7,pinnacle
2023-03-12,2023,hard,tiafoe f.,kubler j.,1.29,4.02,pinnacle
2023-03-12,2023,hard,rublev a.,humbert u.,1.25,4.48,pinnacle
2023-03-13,2023,hard,medvedev d.,ivashka i.,1.04,17.03,pinnacle
2023-03-13,2023,hard,tabilo a.,thompson j.,2.12,1.81,pinnacle
2023-03-13,2023,hard,paul t.,hurkacz h.,2.11,1.82,pinnacle
2023-03-13,2023,hard,auger-aliassime f.,cerundolo f.,1.21,5.07,pinnacle
2023-03-13,2023,hard,wawrinka s.,rune h.,4.26,1.27,pinnacle
2023-03-13,2023,hard,fucsovics m.,molcan a.,1.63,2.43,pinnacle
2023-03-13,2023,hard,fritz t.,baez s.,1.13,7.23,pinnacle
2023-03-13,2023,hard,sinner j.,mannarino a.,1.12,7.65,pinnacle
2023-03-14,2023,hard,draper j.,murray a.,1.67,2.36,pinnacle
2023-03-14,2023,hard,alcaraz c.,griekspoor t.,1.14,6.99,pinnacle
2023-03-14,2023,hard,davidovich fokina a.,garin c.,1.51,2.77,pinnacle
2023-03-14,2023,hard,medvedev d.,zverev a.,1.25,4.42,pinnacle
2023-03-14,2023,hard,norrie c.,rublev a.,2.22,1.74,pinnacle
2023-03-14,2023,hard,fritz t.,fucsovics m.,1.27,4.18,pinnacle
2023-03-14,2023,hard,tiafoe f.,tabilo a.,1.2,5.25,pinnacle
2023-03-15,2023,hard,alcaraz c.,draper j.,1.32,3.76,pinnacle
2023-03-15,2023,hard,sinner j.,wawrinka s.,1.2,5.25,pinnacle
2023-03-15,2023,hard,auger-aliassime f.,paul t.,1.88,2.03,pinnacle
2023-03-15,2023,hard,tiafoe f.,norrie c.,2.64,1.55,pinnacle
2023-03-15,2023,hard,medvedev d.,davidovich fokina a.,1.26,4.32,pinnacle
2023-03-16,2023,hard,sinner j.,fritz t.,1.69,2.3,pinnacle
2023-03-17,2023,hard,alcaraz c.,auger-aliassime f.,1.43,3.02,pinnacle
2023-03-18,2023,hard,medvedev d.,tiafoe f.,1.25,4.46,pinnacle
2023-03-18,2023,hard,alcaraz c.,sinner j.,1.63,2.42,pinnacle
2023-03-19,2023,hard,alcaraz c.,medvedev d.,1.82,2.11,pinnacle
2023-03-22,2023,hard,daniel t.,rinderknech a.,1.5,2.77,pinnacle
2023-03-22,2023,hard,nakashima b.,otte o.,1.34,3.55,pinnacle
2023-03-22,2023,hard,huesler m.a.,ramos-vinolas a.,1.78,2.15,pinnacle
2023-03-22,2023,hard,bagnis f.,meligeni alves f.,1.68,2.31,pinnacle
2023-03-22,2023,hard,fucsovics m.,cachin p.,1.22,4.8,pinnacle
2023-03-22,2023,hard,pella g.,varillas j.p.,1.84,2.06,pinnacle
2023-03-22,2023,hard,djere l.,vukic a.,2.21,1.74,pinnacle
2023-03-22,2023,hard,popyrin a.,ymer m.,1.78,2.14,pinnacle
2023-03-22,2023,hard,wolf j.j.,bublik a.,1.78,2.14,pinnacle
2023-03-22,2023,hard,ivashka i.,altmaier d.,1.56,2.56,pinnacle
2023-03-22,2023,hard,lajovic d.,murray a.,4.41,1.25,pinnacle
2023-03-22,2023,hard,ruusuvuori e.,borges n.,1.39,3.25,pinnacle
2023-03-22,2023,hard,wu y.,edmund k.,1.14,6.74,pinnacle
2023-03-22,2023,hard,struff j.l.,fognini f.,1.34,3.57,pinnacle
2023-03-22,2023,hard,humbert u.,monfils g.,1.29,3.89,pinnacle
2023-03-23,2023,hard,nava e.,isner j.,4.37,1.25,pinnacle
2023-03-23,2023,hard,kovacevic a.,munar j.,1.61,2.45,pinnacle
2023-03-23,2023,hard,lehecka j.,coria f.,1.13,6.86,pinnacle
2023-03-23,2023,hard,halys q.,martinez p.,1.36,3.42,pinnacle
2023-03-23,2023,hard,garin c.,giron m.,1.81,2.09,pinnacle
2023-03-23,2023,hard,mannarino a.,shang j.,1.35,3.44,pinnacle
2023-03-23,2023,hard,molcan a.,thompson j.,2.28,1.69,pinnacle
2023-03-23,2023,hard,carballes baena r.,zapata miralles b.,2.06,1.84,pinnacle
2023-03-23,2023,hard,eubanks c.,kudla d.,1.75,2.19,pinnacle
2023-03-23,2023,hard,mcdonald m.,galan d.e.,1.14,6.54,pinnacle
2023-03-23,2023,hard,watanuki y.,paire b.,1.59,2.5,pinnacle
2023-03-23,2023,hard,gasquet r.,o connell c.,1.8,2.11,pinnacle
2023-03-23,2023,hard,monteiro t.,kubler j.,3.19,1.4,pinnacle
2023-03-23,2023,hard,barrere g.,safiullin r.,2.33,1.67,pinnacle
2023-03-23,2023,hard,etcheverry t.,kotov p.,1.83,2.07,pinnacle
2023-03-23,2023,hard,sonego l.,thiem d.,1.61,2.45,pinnacle
2023-03-24,2023,hard,kokkinakis t.,bergs z.,1.16,6.16,pinnacle
2023-03-24,2023,hard,ruusuvuori e.,bautista agut r.,1.86,2.03,pinnacle
2023-03-24,2023,hard,shapovalov d.,pella g.,1.26,4.29,pinnacle
2023-03-24,2023,hard,rublev a.,wolf j.j.,1.26,4.29,pinnacle
2023-03-24,2023,hard,sinner j.,djere l.,1.08,10.17,pinnacle
2023-03-24,2023,hard,schwartzman d.,wu y.,2.72,1.51,pinnacle
2023-03-24,2023,hard,van de zandschulp b.,popyrin a.,1.9,1.99,pinnacle
2023-03-24,2023,hard,paul t.,huesler m.a.,1.17,5.77,pinnacle
2023-03-24,2023,hard,fritz t.,nava e.,1.07,11.85,pinnacle
2023-03-24,2023,hard,kecmanovic m.,humbert u.,2.07,1.83,pinnacle
2023-03-24,2023,hard,dimitrov g.,struff j.l.,1.54,2.63,pinnacle
2023-03-24,2023,hard,alcaraz c.,bagnis f.,1.02,31.56,pinnacle
2023-03-24,2023,hard,davidovich fokina a.,nakashima b.,1.61,2.46,pinnacle
2023-03-24,2023,hard,lajovic d.,cressy m.,2.3,1.68,pinnacle
2023-03-24,2023,hard,ruud c.,ivashka i.,1.45,2.96,pinnacle
2023-03-24,2023,hard,rune h.,fucsovics m.,1.32,3.69,pinnacle
2023-03-25,2023,hard,daniel t.,zverev a.,5.1,1.2,pinnacle
2023-03-25,2023,hard,cerundolo f.,kovacevic a.,1.79,2.13,pinnacle
2023-03-25,2023,hard,eubanks c.,coric b.,3.3,1.38,pinnacle
2023-03-25,2023,hard,tsitsipas s.,gasquet r.,1.23,4.69,pinnacle
2023-03-25,2023,hard,lehecka j.,musetti l.,1.46,2.9,pinnacle
2023-03-25,2023,hard,garin c.,baez s.,1.6,2.48,pinnacle
2023-03-25,2023,hard,mcdonald m.,berrettini m.,2.93,1.45,pinnacle
2023-03-25,2023,hard,molcan a.,nishioka y.,2.15,1.77,pinnacle
2023-03-25,2023,hard,halys q.,de minaur a.,3.7,1.32,pinnacle
2023-03-25,2023,hard,auger-aliassime f.,monteiro t.,1.08,9.95,pinnacle
2023-03-25,2023,hard,sonego l.,evans d.,1.48,2.83,pinnacle
2023-03-25,2023,hard,hurkacz h.,kokkinakis t.,1.35,3.44,pinnacle
2023-03-25,2023,hard,khachanov k.,etcheverry t.,1.3,3.81,pinnacle
2023-03-25,2023,hard,medvedev d.,carballes baena r.,1.03,22.22,pinnacle
2023-03-26,2023,hard,tiafoe f.,watanuki y.,1.16,5.99,pinnacle
2023-03-26,2023,hard,barrere g.,norrie c.,5.91,1.16,pinnacle
2023-03-26,2023,hard,mannarino a.,shelton b.,2.31,1.68,pinnacle
2023-03-26,2023,hard,paul t.,davidovich fokina a.,1.58,2.56,pinnacle
2023-03-26,2023,hard,rune h.,schwartzman d.,1.19,5.36,pinnacle
2023-03-26,2023,hard,fritz t.,shapovalov d.,1.39,3.27,pinnacle
2023-03-26,2023,hard,rublev a.,kecmanovic m.,1.23,4.69,pinnacle
2023-03-26,2023,hard,ruusuvuori e.,daniel t.,1.62,2.46,pinnacle
2023-03-26,2023,hard,alcaraz c.,lajovic d.,1.03,24.76,pinnacle
2023-03-27,2023,hard,sinner j.,dimitrov g.,1.25,4.44,pinnacle
2023-03-27,2023,hard,van de zandschulp b.,ruud c.,3.54,1.35,pinnacle
2023-03-27,2023,hard,medvedev d.,molcan a.,1.06,13.8,pinnacle
2023-03-27,2023,hard,khachanov k.,lehecka j.,1.83,2.09,pinnacle
2023-03-27,2023,hard,tsitsipas s.,garin c.,1.3,3.91,pinnacle
2023-03-27,2023,hard,halys q.,mcdonald m.,2.34,1.68,pinnacle
2023-03-27,2023,hard,cerundolo f.,auger-aliassime f.,4.61,1.24,pinnacle
2023-03-27,2023,hard,mannarino a.,hurkacz h.,3.68,1.33,pinnacle
2023-03-27,2023,hard,eubanks c.,barrere g.,2.18,1.77,pinnacle
2023-03-28,2023,hard,sonego l.,tiafoe f.,3.28,1.39,pinnacle
2023-03-28,2023,hard,sinner j.,rublev a.,1.56,2.6,pinnacle
2023-03-28,2023,hard,fritz t.,rune h.,1.74,2.24,pinnacle
2023-03-28,2023,hard,ruusuvuori e.,van de zandschulp b.,1.63,2.44,pinnacle
2023-03-28,2023,hard,alcaraz c.,paul t.,1.17,6.02,pinnacle
2023-03-28,2023,hard,khachanov k.,tsitsipas s.,1.87,2.02,pinnacle
2023-03-28,2023,hard,eubanks c.,mannarino a.,2.66,1.54,pinnacle
2023-03-29,2023,hard,cerundolo f.,sonego l.,2.37,1.66,pinnacle
2023-03-29,2023,hard,medvedev d.,halys q.,1.09,9.1,pinnacle
2023-03-29,2023,hard,sinner j.,ruusuvuori e.,1.14,7.04,pinnacle
2023-03-30,2023,hard,medvedev d.,eubanks c.,1.05,15.04,pinnacle
2023-03-30,2023,hard,khachanov k.,cerundolo f.,1.41,3.18,pinnacle
2023-03-31,2023,hard,alcaraz c.,fritz t.,1.26,4.28,pinnacle
2023-03-31,2023,hard,medvedev d.,khachanov k.,1.23,4.77,pinnacle
2023-04-01,2023,hard,sinner j.,alcaraz c.,3.05,1.44,pinnacle
2023-04-02,2023,hard,medvedev d.,sinner j.,1.93,1.98,pinnacle
2023-04-03,2023,clay,cachin p.,tseng c.h.,1.7,2.26,pinnacle
2023-04-03,2023,clay,baez s.,albot r.,1.14,6.54,pinnacle
2023-04-03,2023,clay,cecchinato m.,schwartzman d.,3.17,1.4,pinnacle
2023-04-03,2023,clay,fognini f.,giannessi a.,1.52,2.7,pinnacle
2023-04-04,2023,clay,kecmanovic m.,nardi l.,1.32,3.64,pinnacle
2023-04-04,2023,clay,zapata miralles b.,rocha h.,1.24,4.46,pinnacle
2023-04-04,2023,clay,shelton b.,lestienne c.,1.62,2.44,pinnacle
2023-04-04,2023,clay,van assche l.,sousa p.,1.41,3.14,pinnacle
2023-04-04,2023,clay,thiem d.,ofner s.,1.56,2.57,pinnacle
2023-04-04,2023,clay,rodionov j.,ramos-vinolas a.,3.22,1.39,pinnacle
2023-04-04,2023,clay,sousa j.,zeppieri g.,2.42,1.63,pinnacle
2023-04-04,2023,clay,halys q.,borges n.,2.46,1.61,pinnacle
2023-04-05,2023,clay,cecchinato m.,fognini f.,2.67,1.54,pinnacle
2023-04-05,2023,clay,baez s.,cachin p.,1.41,3.15,pinnacle
2023-04-05,2023,clay,ruud c.,sousa j.,1.12,7.69,pinnacle
2023-04-05,2023,clay,davidovich fokina a.,van assche l.,1.38,3.35,pinnacle
2023-04-06,2023,clay,kecmanovic m.,rodionov j.,1.36,3.46,pinnacle
2023-04-06,2023,clay,thiem d.,shelton b.,1.74,2.22,pinnacle
2023-04-06,2023,clay,zapata miralles b.,hurkacz h.,3.08,1.43,pinnacle
2023-04-06,2023,clay,halys q.,bautista agut r.,2.33,1.68,pinnacle
2023-04-07,2023,clay,cecchinato m.,davidovich fokina a.,4.67,1.23,pinnacle
2023-04-07,2023,clay,kecmanovic m.,zapata miralles b.,1.71,2.28,pinnacle
2023-04-07,2023,clay,halys q.,thiem d.,2.14,1.79,pinnacle
2023-04-07,2023,clay,ruud c.,baez s.,1.44,3.02,pinnacle
2023-04-08,2023,clay,kecmanovic m.,cecchinato m.,1.37,3.4,pinnacle
2023-04-08,2023,clay,ruud c.,halys q.,1.28,4.11,pinnacle
2023-04-09,2023,clay,ruud c.,kecmanovic m.,1.43,3.05,pinnacle
2023-04-03,2023,clay,galan d.e.,zhang zh.,2.2,1.74,pinnacle
2023-04-03,2023,clay,kudla d.,vukic a.,3.21,1.39,pinnacle
2023-04-03,2023,clay,brouwer g.,kovacevic a.,1.8,2.11,pinnacle
2023-04-04,2023,clay,kubler j.,verdasco f.,1.24,4.44,pinnacle
2023-04-04,2023,clay,johnson s.,bagnis f.,2.72,1.51,pinnacle
2023-04-04,2023,clay,hanfmann y.,watanuki y.,1.44,3.0,pinnacle
2023-04-04,2023,clay,wolf j.j.,thompson j.,1.78,2.13,pinnacle
2023-04-04,2023,clay,garin c.,dellien h.,1.6,2.48,pinnacle
2023-04-04,2023,clay,etcheverry t.,cerundolo j.m.,1.48,2.82,pinnacle
2023-04-04,2023,clay,giron m.,gomez e.,1.39,3.23,pinnacle
2023-04-05,2023,clay,machac t.,sock j.,1.45,2.95,pinnacle
2023-04-07,2023,clay,purcell m.,altmaier d.,3.56,1.34,pinnacle
2023-04-08,2023,clay,brouwer g.,isner j.,2.65,1.55,pinnacle
2023-04-08,2023,clay,wolf j.j.,kudla d.,1.42,3.11,pinnacle
2023-04-08,2023,clay,kubler j.,galan d.e.,1.83,2.08,pinnacle
2023-04-08,2023,clay,tiafoe f.,johnson s.,1.21,5.05,pinnacle
2023-04-08,2023,clay,garin c.,bergs z.,1.22,4.86,pinnacle
2023-04-08,2023,clay,etcheverry t.,purcell m.,1.32,3.82,pinnacle
2023-04-08,2023,clay,hanfmann y.,paul t.,2.87,1.48,pinnacle
2023-04-08,2023,clay,machac t.,giron m.,1.65,2.39,pinnacle
2023-04-08,2023,clay,tiafoe f.,kubler j.,1.35,3.45,pinnacle
2023-04-08,2023,clay,brouwer g.,wolf j.j.,2.67,1.53,pinnacle
2023-04-08,2023,clay,etcheverry t.,garin c.,2.14,1.78,pinnacle
2023-04-09,2023,clay,hanfmann y.,machac t.,1.91,1.98,pinnacle
2023-04-09,2023,clay,tiafoe f.,brouwer g.,1.3,3.92,pinnacle
2023-04-09,2023,clay,etcheverry t.,hanfmann y.,1.87,2.04,pinnacle
2023-04-09,2023,clay,tiafoe f.,etcheverry t.,1.43,3.03,pinnacle
2023-04-03,2023,clay,gaston h.,struff j.l.,2.79,1.49,pinnacle
2023-04-03,2023,clay,passaro f.,karatsev a.,2.21,1.74,pinnacle
2023-04-03,2023,clay,munar j.,benchetrit e.,1.16,6.05,pinnacle
2023-04-03,2023,clay,popyrin a.,lalami laaroussi y.,1.04,17.65,pinnacle
2023-04-04,2023,clay,vavassori a.,jarry n.,3.37,1.36,pinnacle
2023-04-04,2023,clay,carballes baena r.,cressy m.,1.52,2.69,pinnacle
2023-04-04,2023,clay,kotov p.,martinez p.,2.01,1.88,pinnacle
2023-04-04,2023,clay,kuzmanov d.,grenier h.,1.6,2.45,pinnacle
2023-04-04,2023,clay,ymer e.,moundir a.,1.13,6.88,pinnacle
2023-04-04,2023,clay,o connell c.,bonadio r.,1.78,2.15,pinnacle
2023-04-04,2023,clay,muller a.,gasquet r.,2.18,1.76,pinnacle
2023-04-05,2023,clay,bonzi b.,vatutin a.,1.39,3.16,pinnacle
2023-04-06,2023,clay,griekspoor t.,ymer e.,1.27,4.1,pinnacle
2023-04-06,2023,clay,o connell c.,van de zandschulp b.,2.65,1.53,pinnacle
2023-04-06,2023,clay,kuzmanov d.,carballes baena r.,3.01,1.43,pinnacle
2023-04-06,2023,clay,vavassori a.,munar j.,2.59,1.56,pinnacle
2023-04-06,2023,clay,evans d.,popyrin a.,2.29,1.68,pinnacle
2023-04-06,2023,clay,musetti l.,gaston h.,1.5,2.71,pinnacle
2023-04-06,2023,clay,kotov p.,bonzi b.,2.5,1.59,pinnacle
2023-04-06,2023,clay,muller a.,passaro f.,1.51,2.74,pinnacle
2023-04-07,2023,clay,evans d.,vavassori a.,1.74,2.23,pinnacle
2023-04-07,2023,clay,carballes baena r.,griekspoor t.,2.63,1.55,pinnacle
2023-04-07,2023,clay,muller a.,musetti l.,3.13,1.42,pinnacle
2023-04-07,2023,clay,kotov p.,o connell c.,2.09,1.83,pinnacle
2023-04-08,2023,clay,carballes baena r.,evans d.,1.78,2.17,pinnacle
2023-04-08,2023,clay,muller a.,kotov p.,1.56,2.59,pinnacle
2023-04-09,2023,clay,carballes baena r.,muller a.,1.78,2.17,pinnacle
2023-04-09,2023,clay,jarry n.,coric b.,2.01,1.88,pinnacle
2023-04-09,2023,clay,munar j.,huesler m.a.,1.55,2.6,pinnacle
2023-04-09,2023,clay,hurkacz h.,djere l.,1.56,2.56,pinnacle
2023-04-10,2023,clay,van de zandschulp b.,fucsovics m.,2.18,1.75,pinnacle
2023-04-10,2023,clay,wawrinka s.,griekspoor t.,1.88,2.0,pinnacle
2023-04-10,2023,clay,bonzi b.,zapata miralles b.,2.77,1.5,pinnacle
2023-04-10,2023,clay,cerundolo f.,norrie c.,2.46,1.61,pinnacle
2023-04-10,2023,clay,draper j.,baez s.,2.78,1.49,pinnacle
2023-04-10,2023,clay,popyrin a.,lajovic d.,3.03,1.43,pinnacle
2023-04-10,2023,clay,struff j.l.,ramos-vinolas a.,1.63,2.42,pinnacle
2023-04-10,2023,clay,berrettini m.,cressy m.,1.22,4.72,pinnacle
2023-04-10,2023,clay,gakhov i.,mcdonald m.,2.8,1.49,pinnacle
2023-04-10,2023,clay,schwartzman d.,goffin d.,1.7,2.27,pinnacle
2023-04-10,2023,clay,de minaur a.,murray a.,1.53,2.67,pinnacle
2023-04-10,2023,clay,bautista agut r.,krajinovic f.,1.5,2.77,pinnacle
2023-04-10,2023,clay,thiem d.,gasquet r.,1.58,2.52,pinnacle
2023-04-11,2023,clay,lehecka j.,ruusuvuori e.,1.57,2.54,pinnacle
2023-04-11,2023,clay,dimitrov g.,shelton b.,1.22,4.75,pinnacle
2023-04-11,2023,clay,sonego l.,humbert u.,1.5,2.78,pinnacle
2023-04-11,2023,clay,zverev a.,bublik a.,1.16,5.99,pinnacle
2023-04-11,2023,clay,khachanov k.,davidovich fokina a.,1.82,2.09,pinnacle
2023-04-11,2023,clay,nardi l.,vacherot v.,1.27,4.12,pinnacle
2023-04-11,2023,clay,musetti l.,kecmanovic m.,1.85,2.04,pinnacle
2023-04-11,2023,clay,ivashka i.,evans d.,1.63,2.41,pinnacle
2023-04-11,2023,clay,rublev a.,munar j.,1.2,5.31,pinnacle
2023-04-11,2023,clay,djokovic n.,gakhov i.,1.02,26.9,pinnacle
2023-04-11,2023,clay,hurkacz h.,draper j.,1.61,2.49,pinnacle
2023-04-11,2023,clay,tsitsipas s.,bonzi b.,1.14,6.9,pinnacle
2023-04-12,2023,clay,zverev a.,bautista agut r.,1.42,3.13,pinnacle
2023-04-12,2023,clay,jarry n.,popyrin a.,1.41,3.18,pinnacle
2023-04-12,2023,clay,ruud c.,van de zandschulp b.,1.23,4.55,pinnacle
2023-04-12,2023,clay,struff j.l.,de minaur a.,2.55,1.58,pinnacle
2023-04-12,2023,clay,musetti l.,nardi l.,1.22,4.92,pinnacle
2023-04-12,2023,clay,lehecka j.,dimitrov g.,2.18,1.76,pinnacle
2023-04-12,2023,clay,sinner j.,schwartzman d.,1.14,7.54,pinnacle
2023-04-12,2023,clay,khachanov k.,ivashka i.,1.24,4.53,pinnacle
2023-04-12,2023,clay,medvedev d.,sonego l.,1.34,3.62,pinnacle
2023-04-12,2023,clay,fritz t.,wawrinka s.,1.53,2.69,pinnacle
2023-04-12,2023,clay,rune h.,thiem d.,1.51,2.75,pinnacle
2023-04-12,2023,clay,berrettini m.,cerundolo f.,1.88,2.04,pinnacle
2023-04-13,2023,clay,sinner j.,hurkacz h.,1.24,4.64,pinnacle
2023-04-13,2023,clay,struff j.l.,ruud c.,3.62,1.34,pinnacle
2023-04-13,2023,clay,rublev a.,khachanov k.,1.86,2.05,pinnacle
2023-04-13,2023,clay,tsitsipas s.,jarry n.,1.29,4.0,pinnacle
2023-04-13,2023,clay,fritz t.,lehecka j.,1.68,2.33,pinnacle
2023-04-13,2023,clay,musetti l.,djokovic n.,5.72,1.18,pinnacle
2023-04-13,2023,clay,rune h.,berrettini m.,1.46,2.9,pinnacle
2023-04-13,2023,clay,medvedev d.,zverev a.,1.63,2.42,pinnacle
2023-04-14,2023,clay,rublev a.,struff j.l.,1.46,2.95,pinnacle
2023-04-14,2023,clay,fritz t.,tsitsipas s.,3.49,1.35,pinnacle
2023-04-14,2023,clay,rune h.,medvedev d.,1.78,2.17,pinnacle
2023-04-14,2023,clay,sinner j.,musetti l.,1.3,3.89,pinnacle
2023-04-15,2023,clay,rublev a.,fritz t.,1.94,1.96,pinnacle
2023-04-15,2023,clay,rune h.,sinner j.,2.5,1.6,pinnacle
2023-04-16,2023,clay,rublev a.,rune h.,2.55,1.58,pinnacle
2023-04-17,2023,clay,shelton b.,mcdonald m.,2.28,1.69,pinnacle
2023-04-17,2023,clay,zapata miralles b.,balazs a.,1.04,15.68,pinnacle
2023-04-17,2023,clay,ruusuvuori e.,bublik a.,1.46,2.9,pinnacle
2023-04-17,2023,clay,borges n.,ivashka i.,2.42,1.63,pinnacle
2023-04-17,2023,clay,etcheverry t.,andujar p.,1.14,6.62,pinnacle
2023-04-17,2023,clay,jarry n.,trungelliti m.,1.22,4.78,pinnacle
2023-04-17,2023,clay,kotov p.,krutykh o.,1.55,2.62,pinnacle
2023-04-17,2023,clay,kovalik j.,martinez p.,2.43,1.62,pinnacle
2023-04-18,2023,clay,shevchenko a.,giustino l.,1.3,3.87,pinnacle
2023-04-18,2023,clay,passaro f.,verdasco f.,1.35,3.45,pinnacle
2023-04-18,2023,clay,schwartzman d.,wu y.,1.54,2.63,pinnacle
2023-04-18,2023,clay,arnaldi m.,munar j.,2.62,1.54,pinnacle
2023-04-18,2023,clay,gomez e.,ramos-vinolas a.,5.67,1.17,pinnacle
2023-04-18,2023,clay,goffin d.,lopez f.,1.19,5.34,pinnacle
2023-04-18,2023,clay,cachin p.,brouwer g.,1.56,2.57,pinnacle
2023-04-18,2023,clay,kubler j.,rincon d.,1.32,3.68,pinnacle
2023-04-18,2023,clay,ruud c.,shelton b.,1.15,6.31,pinnacle
2023-04-18,2023,clay,davidovich fokina a.,etcheverry t.,1.69,2.29,pinnacle
2023-04-18,2023,clay,ruusuvuori e.,tiafoe f.,2.61,1.55,pinnacle
2023-04-18,2023,clay,alcaraz c.,borges n.,1.04,17.63,pinnacle
2023-04-18,2023,clay,bautista agut r.,zapata miralles b.,1.68,2.32,pinnacle
2023-04-19,2023,clay,shapovalov d.,kovalik j.,1.31,3.74,pinnacle
2023-04-19,2023,clay,dimitrov g.,gomez e.,1.09,9.68,pinnacle
2023-04-19,2023,clay,sinner j.,schwartzman d.,1.09,9.13,pinnacle
2023-04-19,2023,clay,nishioka y.,goffin d.,2.47,1.6,pinnacle
2023-04-19,2023,clay,de minaur a.,shevchenko a.,1.51,2.72,pinnacle
2023-04-19,2023,clay,norrie c.,kotov p.,1.26,4.26,pinnacle
2023-04-19,2023,clay,cerundolo f.,passaro f.,1.35,3.49,pinnacle
2023-04-19,2023,clay,khachanov k.,jarry n.,1.5,2.76,pinnacle
2023-04-19,2023,clay,tsitsipas s.,cachin p.,1.11,7.91,pinnacle
2023-04-19,2023,clay,evans d.,arnaldi m.,2.11,1.8,pinnacle
2023-04-19,2023,clay,musetti l.,kubler j.,1.27,4.13,pinnacle
2023-04-20,2023,clay,de minaur a.,dimitrov g.,2.18,1.77,pinnacle
2023-04-20,2023,clay,sinner j.,nishioka y.,1.06,14.0,pinnacle
2023-04-20,2023,clay,davidovich fokina a.,ruusuvuori e.,1.46,2.96,pinnacle
2023-04-20,2023,clay,tsitsipas s.,shapovalov d.,1.24,4.56,pinnacle
2023-04-20,2023,clay,musetti l.,norrie c.,2.0,1.9,pinnacle
2023-04-20,2023,clay,alcaraz c.,bautista agut r.,1.07,11.88,pinnacle
2023-04-20,2023,clay,evans d.,khachanov k.,4.21,1.27,pinnacle
2023-04-20,2023,clay,cerundolo f.,ruud c.,2.89,1.47,pinnacle
2023-04-21,2023,clay,musetti l.,sinner j.,3.3,1.39,pinnacle
2023-04-21,2023,clay,tsitsipas s.,de minaur a.,1.27,4.26,pinnacle
2023-04-21,2023,clay,alcaraz c.,davidovich fokina a.,1.11,8.38,pinnacle
2023-04-21,2023,clay,evans d.,cerundolo f.,3.2,1.4,pinnacle
2023-04-22,2023,clay,tsitsipas s.,musetti l.,1.41,3.17,pinnacle
2023-04-22,2023,clay,alcaraz c.,evans d.,1.06,12.62,pinnacle
2023-04-23,2023,clay,alcaraz c.,tsitsipas s.,1.22,4.9,pinnacle
2023-04-17,2023,clay,popyrin a.,griekspoor t.,2.48,1.6,pinnacle
2023-04-17,2023,clay,van assche l.,wawrinka s.,2.2,1.74,pinnacle
2023-04-17,2023,clay,molcan a.,daniel t.,2.11,1.8,pinnacle
2023-04-18,2023,clay,shelbayh a.,ymer e.,2.53,1.58,pinnacle
2023-04-18,2023,clay,djere l.,safiullin r.,1.32,3.68,pinnacle
2023-04-18,2023,clay,albot r.,coria f.,2.0,1.89,pinnacle
2023-04-18,2023,clay,gasquet r.,prizmic d.,1.79,2.13,pinnacle
2023-04-18,2023,clay,lajovic d.,krajinovic f.,1.75,2.19,pinnacle
2023-04-19,2023,clay,dzumhur d.,broady l.,2.2,1.74,pinnacle
2023-04-19,2023,clay,barrere g.,medjedovic h.,2.25,1.71,pinnacle
2023-04-19,2023,clay,varillas j. p.,gaston h.,1.68,2.32,pinnacle
2023-04-19,2023,clay,lehecka j.,monfils g.,1.18,5.6,pinnacle
2023-04-19,2023,clay,djere l.,coric b.,1.68,2.32,pinnacle
2023-04-19,2023,clay,djokovic n.,van assche l.,1.07,11.48,pinnacle
2023-04-19,2023,clay,molcan a.,popyrin a.,1.83,2.1,pinnacle
2023-04-20,2023,clay,lajovic d.,barrere g.,1.34,3.56,pinnacle
2023-04-20,2023,clay,kecmanovic m.,shelbayh a.,1.22,4.87,pinnacle
2023-04-20,2023,clay,dzumhur d.,gasquet r.,3.06,1.43,pinnacle
2023-04-20,2023,clay,rublev a.,varillas j. p.,1.22,4.84,pinnacle
2023-04-20,2023,clay,lehecka j.,albot r.,1.25,4.46,pinnacle
2023-04-21,2023,clay,molcan a.,djere l.,2.36,1.67,pinnacle
2023-04-21,2023,clay,rublev a.,dzumhur d.,1.07,11.71,pinnacle
2023-04-21,2023,clay,lajovic d.,djokovic n.,8.11,1.11,pinnacle
2023-04-21,2023,clay,kecmanovic m.,lehecka j.,3.09,1.43,pinnacle
2023-04-22,2023,clay,rublev a.,molcan a.,1.23,4.67,pinnacle
2023-04-22,2023,clay,lajovic d.,kecmanovic m.,2.2,1.75,pinnacle
2023-04-23,2023,clay,lajovic d.,rublev a.,4.19,1.27,pinnacle
2023-04-17,2023,clay,giron m.,carballes baena r.,2.79,1.49,pinnacle
2023-04-17,2023,clay,cobolli f.,thompson j.,1.73,2.22,pinnacle
2023-04-17,2023,clay,hanfmann y.,monteiro t.,1.58,2.53,pinnacle
2023-04-18,2023,clay,otte o.,baez s.,2.97,1.44,pinnacle
2023-04-18,2023,clay,fucsovics m.,rehberg m.,1.09,9.47,pinnacle
2023-04-18,2023,clay,huesler m.a.,edmund k.,1.4,3.17,pinnacle
2023-04-18,2023,clay,o connell c.,humbert u.,1.93,1.96,pinnacle
2023-04-18,2023,clay,ritschard a.,struff j.l.,6.97,1.13,pinnacle
2023-04-18,2023,clay,sonego l.,halys q.,1.78,2.14,pinnacle
2023-04-18,2023,clay,thiem d.,lestienne c.,1.22,4.71,pinnacle
2023-04-18,2023,clay,garin c.,topo m.,1.14,6.77,pinnacle
2023-04-20,2023,clay,karatsev a.,altmaier d.,2.17,1.76,pinnacle
2023-04-20,2023,clay,cobolli f.,otte o.,2.56,1.58,pinnacle
2023-04-20,2023,clay,giron m.,ritschard a.,1.53,2.68,pinnacle
2023-04-20,2023,clay,rune h.,hanfmann y.,1.32,3.76,pinnacle
2023-04-20,2023,clay,garin c.,sonego l.,1.85,2.07,pinnacle
2023-04-20,2023,clay,o connell c.,zverev a.,5.57,1.18,pinnacle
2023-04-20,2023,clay,van de zandschulp b.,karatsev a.,1.48,2.84,pinnacle
2023-04-20,2023,clay,fritz t.,fucsovics m.,1.36,3.49,pinnacle
2023-04-21,2023,clay,thiem d.,huesler m.a.,1.39,3.3,pinnacle
2023-04-21,2023,clay,o connell c.,cobolli f.,1.52,2.73,pinnacle
2023-04-21,2023,clay,rune h.,garin c.,1.29,4.05,pinnacle
2023-04-21,2023,clay,fritz t.,thiem d.,1.45,2.96,pinnacle
2023-04-21,2023,clay,van de zandschulp b.,giron m.,1.42,3.11,pinnacle
2023-04-22,2023,clay,rune h.,o connell c.,1.18,5.62,pinnacle
2023-04-22,2023,clay,van de zandschulp b.,fritz t.,2.79,1.5,pinnacle
2023-04-23,2023,clay,rune h.,van de zandschulp b.,1.26,4.48,pinnacle
2023-04-26,2023,clay,ramos-vinolas a.,ivashka i.,2.36,1.65,pinnacle
2023-04-26,2023,clay,gaston h.,chardy j.,1.36,3.43,pinnacle
2023-04-26,2023,clay,barrere g.,nava e.,1.56,2.57,pinnacle
2023-04-26,2023,clay,molcan a.,wu y.,1.44,2.99,pinnacle
2023-04-26,2023,clay,halys q.,popyrin a.,1.74,2.2,pinnacle
2023-04-26,2023,clay,bublik a.,galan d.e.,1.93,1.95,pinnacle
2023-04-26,2023,clay,carballes baena r.,goffin d.,1.6,2.49,pinnacle
2023-04-26,2023,clay,hanfmann y.,varillas j. p.,1.46,2.9,pinnacle
2023-04-26,2023,clay,wawrinka s.,cressy m.,1.45,2.94,pinnacle
2023-04-26,2023,clay,grenier h.,schwartzman d.,3.96,1.29,pinnacle
2023-04-26,2023,clay,otte o.,kotov p.,1.79,2.09,pinnacle
2023-04-26,2023,clay,arnaldi m.,paire b.,1.57,2.55,pinnacle
2023-04-26,2023,clay,ruusuvuori e.,humbert u.,1.53,2.66,pinnacle
2023-04-26,2023,clay,munar j.,kokkinakis t.,1.81,2.1,pinnacle
2023-04-26,2023,clay,monteiro t.,gojo b.,2.0,1.89,pinnacle
2023-04-26,2023,clay,gasquet r.,landaluce m.,1.16,6.07,pinnacle
2023-04-27,2023,clay,etcheverry t.,mannarino a.,1.27,4.13,pinnacle
2023-04-27,2023,clay,shevchenko a.,wolf j.j.,1.68,2.31,pinnacle
2023-04-27,2023,clay,safiullin r.,jarry n.,3.19,1.4,pinnacle
2023-04-27,2023,clay,thiem d.,edmund k.,1.18,5.49,pinnacle
2023-04-27,2023,clay,zhang zh.,rodionov j.,2.21,1.74,pinnacle
2023-04-27,2023,clay,watanuki y.,moutet c.,1.53,2.65,pinnacle
2023-04-27,2023,clay,garin c.,huesler m.a.,1.39,3.25,pinnacle
2023-04-27,2023,clay,cachin p.,shelbayh a.,1.52,2.69,pinnacle
2023-04-27,2023,clay,struff j.l.,sonego l.,2.09,1.82,pinnacle
2023-04-27,2023,clay,giron m.,borges n.,2.1,1.81,pinnacle
2023-04-27,2023,clay,cecchinato m.,fucsovics m.,2.59,1.56,pinnacle
2023-04-27,2023,clay,o connell c.,krajinovic f.,1.81,2.11,pinnacle
2023-04-27,2023,clay,vavassori a.,murray a.,2.3,1.68,pinnacle
2023-04-27,2023,clay,lajovic d.,kubler j.,1.57,2.54,pinnacle
2023-04-27,2023,clay,zapata miralles b.,mcdonald m.,1.63,2.42,pinnacle
2023-04-27,2023,clay,karatsev a.,djere l.,2.33,1.67,pinnacle
2023-04-28,2023,clay,arnaldi m.,ruud c.,5.21,1.2,pinnacle
2023-04-28,2023,clay,munar j.,griekspoor t.,2.05,1.87,pinnacle
2023-04-28,2023,clay,altmaier d.,otte o.,2.04,1.87,pinnacle
2023-04-28,2023,clay,nishioka y.,molcan a.,2.58,1.57,pinnacle
2023-04-28,2023,clay,hanfmann y.,musetti l.,2.98,1.45,pinnacle
2023-04-28,2023,clay,rublev a.,wawrinka s.,1.32,3.75,pinnacle
2023-04-28,2023,clay,dimitrov g.,barrere g.,1.23,4.72,pinnacle
2023-04-28,2023,clay,khachanov k.,monteiro t.,1.27,4.31,pinnacle
2023-04-28,2023,clay,alcaraz c.,ruusuvuori e.,1.04,16.71,pinnacle
2023-04-28,2023,clay,bautista agut r.,halys q.,1.84,2.08,pinnacle
2023-04-28,2023,clay,coric b.,gaston h.,1.48,2.86,pinnacle
2023-04-28,2023,clay,grenier h.,korda s.,3.46,1.34,pinnacle
2023-04-28,2023,clay,hurkacz h.,gasquet r.,1.27,4.24,pinnacle
2023-04-28,2023,clay,rune h.,bublik a.,1.17,5.98,pinnacle
2023-04-28,2023,clay,davidovich fokina a.,ramos-vinolas a.,1.19,5.5,pinnacle
2023-04-28,2023,clay,zverev a.,carballes baena r.,1.3,3.87,pinnacle
2023-04-29,2023,clay,shevchenko a.,lehecka j.,3.0,1.45,pinnacle
2023-04-29,2023,clay,struff j.l.,shelton b.,1.4,3.21,pinnacle
2023-04-29,2023,clay,medvedev d.,vavassori a.,1.12,7.57,pinnacle
2023-04-29,2023,clay,safiullin r.,paul t.,2.74,1.52,pinnacle
2023-04-29,2023,clay,karatsev a.,van de zandschulp b.,2.67,1.54,pinnacle
2023-04-29,2023,clay,lajovic d.,auger-aliassime f.,2.11,1.81,pinnacle
2023-04-29,2023,clay,zapata miralles b.,evans d.,2.15,1.79,pinnacle
2023-04-29,2023,clay,de minaur a.,cecchinato m.,1.47,2.89,pinnacle
2023-04-29,2023,clay,baez s.,giron m.,1.63,2.44,pinnacle
2023-04-29,2023,clay,fritz t.,o connell c.,1.29,4.01,pinnacle
2023-04-29,2023,clay,tiafoe f.,etcheverry t.,1.61,2.48,pinnacle
2023-04-29,2023,clay,garin c.,kecmanovic m.,1.88,2.04,pinnacle
2023-04-29,2023,clay,cachin p.,cerundolo f.,3.44,1.36,pinnacle
2023-04-29,2023,clay,norrie c.,watanuki y.,1.24,4.57,pinnacle
2023-04-29,2023,clay,zhang zh.,shapovalov d.,2.9,1.47,pinnacle
2023-04-29,2023,clay,tsitsipas s.,thiem d.,1.23,4.81,pinnacle
2023-04-30,2023,clay,khachanov k.,bautista agut r.,1.61,2.48,pinnacle
2023-04-30,2023,clay,munar j.,arnaldi m.,2.12,1.81,pinnacle
2023-04-30,2023,clay,rublev a.,nishioka y.,1.21,5.14,pinnacle
2023-04-30,2023,clay,zverev a.,grenier h.,1.13,7.48,pinnacle
2023-04-30,2023,clay,coric b.,hurkacz h.,2.83,1.49,pinnacle
2023-04-30,2023,clay,alcaraz c.,dimitrov g.,1.09,9.42,pinnacle
2023-04-30,2023,clay,altmaier d.,hanfmann y.,2.88,1.48,pinnacle
2023-04-30,2023,clay,davidovich fokina a.,rune h.,2.91,1.47,pinnacle
2023-05-01,2023,clay,medvedev d.,shevchenko a.,1.16,6.27,pinnacle
2023-05-01,2023,clay,struff j.l.,lajovic d.,2.25,1.72,pinnacle
2023-05-01,2023,clay,karatsev a.,de minaur a.,2.46,1.62,pinnacle
2023-05-01,2023,clay,cachin p.,tiafoe f.,3.91,1.3,pinnacle
2023-05-01,2023,clay,zapata miralles b.,safiullin r.,1.68,2.34,pinnacle
2023-05-01,2023,clay,fritz t.,garin c.,1.51,2.75,pinnacle
2023-05-01,2023,clay,tsitsipas s.,baez s.,1.17,5.79,pinnacle
2023-05-01,2023,clay,zhang zh.,norrie c.,4.23,1.27,pinnacle
2023-05-02,2023,clay,altmaier d.,munar j.,2.4,1.65,pinnacle
2023-05-02,2023,clay,khachanov k.,rublev a.,2.71,1.53,pinnacle
2023-05-02,2023,clay,karatsev a.,medvedev d.,3.81,1.31,pinnacle
2023-05-02,2023,clay,coric b.,davidovich fokina a.,2.57,1.57,pinnacle
2023-05-02,2023,clay,alcaraz c.,zverev a.,1.24,4.59,pinnacle
2023-05-02,2023,clay,zhang zh.,fritz t.,6.44,1.15,pinnacle
2023-05-02,2023,clay,struff j.l.,cachin p.,1.68,2.32,pinnacle
2023-05-02,2023,clay,tsitsipas s.,zapata miralles b.,1.17,5.91,pinnacle
2023-05-03,2023,clay,alcaraz c.,khachanov k.,1.11,8.15,pinnacle
2023-05-03,2023,clay,coric b.,altmaier d.,1.52,2.73,pinnacle
2023-05-04,2023,clay,karatsev a.,zhang zh.,1.67,2.35,pinnacle
2023-05-04,2023,clay,struff j.l.,tsitsipas s.,4.93,1.2,pinnacle
2023-05-05,2023,clay,alcaraz c.,coric b.,1.08,10.65,pinnacle
2023-05-05,2023,clay,struff j.l.,karatsev a.,2.11,1.82,pinnacle
2023-05-07,2023,clay,alcaraz c.,struff j.l.,1.08,11.06,pinnacle
2023-05-10,2023,clay,wawrinka s.,ivashka i.,1.52,2.71,pinnacle
2023-05-10,2023,clay,fucsovics m.,krajinovic f.,1.9,1.99,pinnacle
2023-05-10,2023,clay,etcheverry t.,van assche l.,1.7,2.27,pinnacle
2023-05-10,2023,clay,baez s.,varillas j.p.,1.47,2.86,pinnacle
2023-05-10,2023,clay,djere l.,lestienne c.,1.15,6.47,pinnacle
2023-05-10,2023,clay,garin c.,cachin p.,1.75,2.19,pinnacle
2023-05-10,2023,clay,wu y.,gasquet r.,3.11,1.41,pinnacle
2023-05-10,2023,clay,muller a.,edmund k.,1.26,4.21,pinnacle
2023-05-10,2023,clay,bublik a.,martinez p.,2.22,1.73,pinnacle
2023-05-10,2023,clay,fils a.,cerundolo j.m.,1.91,1.98,pinnacle
2023-05-10,2023,clay,kokkinakis t.,munar j.,1.77,2.16,pinnacle
2023-05-10,2023,clay,popyrin a.,o connell c.,1.89,2.0,pinnacle
2023-05-10,2023,clay,safiullin r.,giron m.,1.63,2.4,pinnacle
2023-05-10,2023,clay,fognini f.,murray a.,2.51,1.59,pinnacle
2023-05-10,2023,clay,rinderknech a.,cobolli f.,2.99,1.44,pinnacle
2023-05-10,2023,clay,barrere g.,nakashima b.,2.15,1.78,pinnacle
2023-05-11,2023,clay,altmaier d.,zeppieri g.,1.52,2.7,pinnacle
2023-05-11,2023,clay,carballes baena r.,dellien h.,1.47,2.88,pinnacle
2023-05-11,2023,clay,kubler j.,huesler m.a.,1.94,1.94,pinnacle
2023-05-11,2023,clay,monteiro t.,mannarino a.,1.52,2.71,pinnacle
2023-05-11,2023,clay,goffin d.,nardi l.,1.55,2.6,pinnacle
2023-05-11,2023,clay,ruusuvuori e.,humbert u.,1.7,2.26,pinnacle
2023-05-11,2023,clay,cecchinato m.,mcdonald m.,1.69,2.28,pinnacle
2023-05-11,2023,clay,pella g.,cressy m.,2.01,1.88,pinnacle
2023-05-11,2023,clay,ramos-vinolas a.,passaro f.,1.86,2.03,pinnacle
2023-05-11,2023,clay,sonego l.,chardy j.,1.12,7.47,pinnacle
2023-05-11,2023,clay,borges n.,lajovic d.,3.26,1.38,pinnacle
2023-05-11,2023,clay,marozsan f.,moutet c.,1.64,2.38,pinnacle
2023-05-11,2023,clay,hanfmann y.,jarry n.,1.94,1.94,pinnacle
2023-05-11,2023,clay,wolf j.j.,grenier h.,1.76,2.17,pinnacle
2023-05-11,2023,clay,molcan a.,napolitano s.,1.19,5.23,pinnacle
2023-05-11,2023,clay,arnaldi m.,schwartzman d.,1.65,2.37,pinnacle
2023-05-12,2023,clay,popyrin a.,auger-aliassime f.,2.71,1.53,pinnacle
2023-05-12,2023,clay,norrie c.,muller a.,1.35,3.49,pinnacle
2023-05-12,2023,clay,cerundolo f.,wu y.,1.42,3.13,pinnacle
2023-05-12,2023,clay,sinner j.,kokkinakis t.,1.14,7.03,pinnacle
2023-05-12,2023,clay,fucsovics m.,de minaur a.,2.49,1.61,pinnacle
2023-05-12,2023,clay,shevchenko a.,baez s.,3.29,1.39,pinnacle
2023-05-12,2023,clay,dimitrov g.,wawrinka s.,1.78,2.17,pinnacle
2023-05-12,2023,clay,safiullin r.,korda s.,1.7,2.29,pinnacle
2023-05-12,2023,clay,djere l.,van de zandschulp b.,1.87,2.04,pinnacle
2023-05-12,2023,clay,barrere g.,khachanov k.,5.72,1.18,pinnacle
2023-05-12,2023,clay,fognini f.,kecmanovic m.,2.6,1.56,pinnacle
2023-05-12,2023,clay,garin c.,paul t.,1.88,2.02,pinnacle
2023-05-12,2023,clay,bublik a.,shelton b.,2.36,1.67,pinnacle
2023-05-12,2023,clay,djokovic n.,etcheverry t.,1.13,7.11,pinnacle
2023-05-12,2023,clay,rune h.,fils a.,1.21,5.14,pinnacle
2023-05-12,2023,clay,ruud c.,rinderknech a.,1.17,5.9,pinnacle
2023-05-13,2023,clay,rublev a.,molcan a.,1.2,5.25,pinnacle
2023-05-13,2023,clay,coric b.,monteiro t.,1.43,3.09,pinnacle
2023-05-13,2023,clay,carballes baena r.,evans d.,1.67,2.36,pinnacle
2023-05-13,2023,clay,zapata miralles b.,kubler j.,1.65,2.39,pinnacle
2023-05-13,2023,clay,alcaraz c.,ramos-vinolas a.,1.03,21.0,pinnacle
2023-05-13,2023,clay,wolf j.j.,hurkacz h.,4.28,1.26,pinnacle
2023-05-13,2023,clay,sonego l.,nishioka y.,1.45,2.98,pinnacle
2023-05-13,2023,clay,davidovich fokina a.,pella g.,1.19,5.74,pinnacle
2023-05-14,2023,clay,cecchinato m.,bautista agut r.,2.47,1.61,pinnacle
2023-05-14,2023,clay,medvedev d.,ruusuvuori e.,1.42,3.13,pinnacle
2023-05-14,2023,clay,hanfmann y.,fritz t.,2.95,1.46,pinnacle
2023-05-14,2023,clay,tsitsipas s.,borges n.,1.12,7.92,pinnacle
2023-05-14,2023,clay,musetti l.,arnaldi m.,1.39,3.26,pinnacle
2023-05-14,2023,clay,marozsan f.,lehecka j.,2.88,1.47,pinnacle
2023-05-14,2023,clay,tiafoe f.,altmaier d.,1.56,2.62,pinnacle
2023-05-14,2023,clay,zverev a.,goffin d.,1.24,4.6,pinnacle
2023-05-14,2023,clay,popyrin a.,safiullin r.,1.84,2.08,pinnacle
2023-05-14,2023,clay,cerundolo f.,barrere g.,1.36,3.43,pinnacle
2023-05-14,2023,clay,rune h.,fognini f.,1.2,5.28,pinnacle
2023-05-14,2023,clay,djere l.,garin c.,1.81,2.13,pinnacle
2023-05-14,2023,clay,djokovic n.,dimitrov g.,1.15,6.4,pinnacle
2023-05-14,2023,clay,ruud c.,bublik a.,1.18,5.7,pinnacle
2023-05-14,2023,clay,norrie c.,fucsovics m.,1.47,2.91,pinnacle
2023-05-14,2023,clay,sinner j.,shevchenko a.,1.09,9.61,pinnacle
2023-05-15,2023,clay,coric b.,carballes baena r.,1.49,2.83,pinnacle
2023-05-15,2023,clay,hanfmann y.,cecchinato m.,1.73,2.24,pinnacle
2023-05-15,2023,clay,marozsan f.,alcaraz c.,30.5,1.02,pinnacle
2023-05-15,2023,clay,rublev a.,davidovich fokina a.,1.53,2.7,pinnacle
2023-05-15,2023,clay,medvedev d.,zapata miralles b.,1.22,4.92,pinnacle
2023-05-16,2023,clay,zverev a.,wolf j.j.,1.29,4.05,pinnacle
2023-05-16,2023,clay,tsitsipas s.,sonego l.,1.22,4.91,pinnacle
2023-05-16,2023,clay,musetti l.,tiafoe f.,1.5,2.8,pinnacle
2023-05-16,2023,clay,rune h.,popyrin a.,1.2,5.31,pinnacle
2023-05-16,2023,clay,djokovic n.,norrie c.,1.15,6.51,pinnacle
2023-05-16,2023,clay,ruud c.,djere l.,1.44,3.03,pinnacle
2023-05-16,2023,clay,cerundolo f.,sinner j.,5.75,1.18,pinnacle
2023-05-16,2023,clay,hanfmann y.,rublev a.,3.43,1.36,pinnacle
2023-05-16,2023,clay,medvedev d.,zverev a.,1.74,2.2,pinnacle
2023-05-16,2023,clay,coric b.,marozsan f.,1.55,2.64,pinnacle
2023-05-16,2023,clay,tsitsipas s.,musetti l.,1.37,3.39,pinnacle
2023-05-17,2023,clay,rune h.,djokovic n.,3.54,1.35,pinnacle
2023-05-17,2023,clay,ruud c.,cerundolo f.,1.6,2.51,pinnacle
2023-05-18,2023,clay,medvedev d.,hanfmann y.,1.43,3.06,pinnacle
2023-05-18,2023,clay,tsitsipas s.,coric b.,1.32,3.76,pinnacle
2023-05-20,2023,clay,rune h.,ruud c.,1.65,2.4,pinnacle
2023-05-20,2023,clay,medvedev d.,tsitsipas s.,2.38,1.65,pinnacle
2023-05-21,2023,clay,medvedev d.,rune h.,1.99,1.92,pinnacle
2023-05-21,2023,clay,cecchinato m.,shelton b.,1.88,2.01,pinnacle
2023-05-21,2023,clay,eubanks c.,paire b.,2.5,1.59,pinnacle
2023-05-22,2023,clay,jarry n.,lajovic d.,1.89,2.0,pinnacle
2023-05-22,2023,clay,zapata miralles b.,sachko v.,1.3,3.87,pinnacle
2023-05-22,2023,clay,mannarino a.,krajinovic f.,3.1,1.41,pinnacle
2023-05-22,2023,clay,carballes baena r.,rincon d.,1.23,4.59,pinnacle
2023-05-22,2023,clay,wu y.,huesler m.a.,2.29,1.69,pinnacle
2023-05-22,2023,clay,giron m.,bublik a.,2.1,1.81,pinnacle
2023-05-23,2023,clay,o connell c.,serdarusic n.,1.4,3.19,pinnacle
2023-05-23,2023,clay,ivashka i.,pella g.,1.65,2.36,pinnacle
2023-05-23,2023,clay,griekspoor t.,travaglia s.,1.54,2.63,pinnacle
2023-05-23,2023,clay,wolf j.j.,dellien h.,1.78,2.15,pinnacle
2023-05-23,2023,clay,zverev a.,eubanks c.,1.13,7.09,pinnacle
2023-05-23,2023,clay,wu y.,cecchinato m.,2.44,1.63,pinnacle
2023-05-24,2023,clay,ivashka i.,mannarino a.,1.49,2.84,pinnacle
2023-05-24,2023,clay,o connell c.,zapata miralles b.,2.3,1.69,pinnacle
2023-05-24,2023,clay,fritz t.,giron m.,1.32,3.77,pinnacle
2023-05-24,2023,clay,dimitrov g.,carballes baena r.,1.42,3.11,pinnacle
2023-05-24,2023,clay,ruud c.,wolf j.j.,1.22,4.94,pinnacle
2023-05-24,2023,clay,jarry n.,griekspoor t.,1.61,2.49,pinnacle
2023-05-25,2023,clay,fritz t.,ivashka i.,1.24,4.65,pinnacle
2023-05-25,2023,clay,dimitrov g.,o connell c.,1.39,3.3,pinnacle
2023-05-25,2023,clay,zverev a.,wu y.,1.22,4.96,pinnacle
2023-05-25,2023,clay,jarry n.,ruud c.,3.54,1.35,pinnacle
2023-05-26,2023,clay,dimitrov g.,fritz t.,2.41,1.64,pinnacle
2023-05-26,2023,clay,jarry n.,zverev a.,2.68,1.53,pinnacle
2023-05-27,2023,clay,jarry n.,dimitrov g.,1.78,2.17,pinnacle
2023-05-21,2023,clay,varillas j. p.,ramos-vinolas a.,1.82,2.09,pinnacle
2023-05-21,2023,clay,barrere g.,moutet c.,1.6,2.48,pinnacle
2023-05-21,2023,clay,draper j.,muller a.,1.82,2.08,pinnacle
2023-05-22,2023,clay,nakashima b.,schwartzman d.,2.27,1.7,pinnacle
2023-05-22,2023,clay,kecmanovic m.,roca batalla o.,1.11,7.19,pinnacle
2023-05-22,2023,clay,rinderknech a.,harris l.,1.8,2.12,pinnacle
2023-05-22,2023,clay,fils a.,zhang zh.,1.73,2.21,pinnacle
2023-05-22,2023,clay,ymer m.,gasquet r.,1.93,1.96,pinnacle
2023-05-22,2023,clay,goffin d.,lopez san martin a.,1.28,4.06,pinnacle
2023-05-23,2023,clay,baez s.,fucsovics m.,1.62,2.43,pinnacle
2023-05-23,2023,clay,llamas ruiz p.,purcell m.,1.65,2.37,pinnacle
2023-05-23,2023,clay,cachin p.,monfils g.,1.32,3.65,pinnacle
2023-05-23,2023,clay,cerundolo f.,varillas j. p.,1.38,3.33,pinnacle
2023-05-23,2023,clay,draper j.,kecmanovic m.,2.08,1.84,pinnacle
2023-05-23,2023,clay,nakashima b.,rinderknech a.,1.95,1.95,pinnacle
2023-05-24,2023,clay,baez s.,cachin p.,1.45,2.97,pinnacle
2023-05-24,2023,clay,paul t.,barrere g.,1.5,2.79,pinnacle
2023-05-24,2023,clay,norrie c.,goffin d.,1.4,3.22,pinnacle
2023-05-24,2023,clay,fils a.,ymer m.,1.72,2.25,pinnacle
2023-05-24,2023,clay,auger-aliassime f.,llamas ruiz p.,1.22,4.95,pinnacle
2023-05-25,2023,clay,cerundolo f.,draper j.,1.56,2.6,pinnacle
2023-05-25,2023,clay,norrie c.,baez s.,1.5,2.8,pinnacle
2023-05-25,2023,clay,nakashima b.,paul t.,2.73,1.52,pinnacle
2023-05-25,2023,clay,fils a.,auger-aliassime f.,2.62,1.56,pinnacle
2023-05-26,2023,clay,cerundolo f.,norrie c.,2.25,1.72,pinnacle
2023-05-26,2023,clay,fils a.,nakashima b.,1.76,2.19,pinnacle
2023-05-27,2023,clay,fils a.,cerundolo f.,3.78,1.32,pinnacle
2023-05-28,2023,clay,khachanov k.,lestienne c.,1.04,19.52,pinnacle
2023-05-28,2023,clay,hurkacz h.,goffin d.,1.37,3.4,pinnacle
2023-05-28,2023,clay,ofner s.,cressy m.,1.31,3.8,pinnacle
2023-05-28,2023,clay,griekspoor t.,martinez p.,2.15,1.79,pinnacle
2023-05-28,2023,clay,albot r.,kypson p.,1.42,3.12,pinnacle
2023-05-28,2023,clay,kokkinakis t.,evans d.,2.02,1.88,pinnacle
2023-05-28,2023,clay,fucsovics m.,grenier h.,1.21,5.04,pinnacle
2023-05-28,2023,clay,tsitsipas s.,vesely j.,1.02,22.09,pinnacle
2023-05-28,2023,clay,kubler j.,diaz acosta f.,2.44,1.63,pinnacle
2023-05-28,2023,clay,borges n.,isner j.,1.41,3.15,pinnacle
2023-05-28,2023,clay,korda s.,mcdonald m.,1.55,2.65,pinnacle
2023-05-28,2023,clay,arnaldi m.,galan d.e.,1.55,2.63,pinnacle
2023-05-28,2023,clay,carballes baena r.,nava e.,1.28,4.1,pinnacle
2023-05-28,2023,clay,musetti l.,ymer m.,1.21,5.02,pinnacle
2023-05-28,2023,clay,rublev a.,djere l.,1.24,4.6,pinnacle
2023-05-28,2023,clay,moutet c.,cazaux a.,1.98,1.93,pinnacle
2023-05-28,2023,clay,sonego l.,shelton b.,1.47,2.92,pinnacle
2023-05-28,2023,clay,shevchenko a.,otte o.,1.46,2.94,pinnacle
2023-05-28,2023,clay,humbert u.,mannarino a.,1.31,3.85,pinnacle
2023-05-28,2023,clay,pouille l.,rodionov j.,1.75,2.21,pinnacle
2023-05-29,2023,clay,shapovalov d.,nakashima b.,2.15,1.79,pinnacle
2023-05-29,2023,clay,norrie c.,paire b.,1.13,7.45,pinnacle
2023-05-29,2023,clay,schwartzman d.,zapata miralles b.,2.24,1.73,pinnacle
2023-05-29,2023,clay,varillas j.p.,shang j.,1.57,2.57,pinnacle
2023-05-29,2023,clay,de minaur a.,ivashka i.,1.31,3.84,pinnacle
2023-05-29,2023,clay,etcheverry t.,draper j.,1.75,2.21,pinnacle
2023-05-29,2023,clay,karatsev a.,popyrin a.,1.72,2.26,pinnacle
2023-05-29,2023,clay,bautista agut r.,wu y.,1.41,3.19,pinnacle
2023-05-29,2023,clay,fognini f.,auger-aliassime f.,3.49,1.35,pinnacle
2023-05-29,2023,clay,wawrinka s.,ramos-vinolas a.,1.43,3.07,pinnacle
2023-05-29,2023,clay,daniel t.,o connell c.,2.23,1.74,pinnacle
2023-05-29,2023,clay,djokovic n.,kovacevic a.,1.02,37.53,pinnacle
2023-05-29,2023,clay,tirante t.a.,van de zandschulp b.,4.67,1.23,pinnacle
2023-05-29,2023,clay,coric b.,coria f.,1.12,7.64,pinnacle
2023-05-29,2023,clay,cachin p.,thiem d.,2.22,1.74,pinnacle
2023-05-29,2023,clay,giron m.,medjedovic h.,2.13,1.8,pinnacle
2023-05-29,2023,clay,lehecka j.,struff j.l.,2.24,1.73,pinnacle
2023-05-29,2023,clay,davidovich fokina a.,fils a.,1.37,3.37,pinnacle
2023-05-29,2023,clay,alcaraz c.,cobolli f.,1.03,25.73,pinnacle
2023-05-29,2023,clay,altmaier d.,huesler m.a.,1.45,2.99,pinnacle
2023-05-29,2023,clay,tiafoe f.,krajinovic f.,1.28,4.13,pinnacle
2023-05-29,2023,clay,zhang zh.,lajovic d.,2.78,1.51,pinnacle
2023-05-29,2023,clay,van assche l.,cecchinato m.,1.84,2.08,pinnacle
2023-05-29,2023,clay,sinner j.,muller a.,1.05,15.4,pinnacle
2023-05-30,2023,clay,paul t.,stricker d.,1.42,3.14,pinnacle
2023-05-30,2023,clay,jarry n.,dellien h.,1.24,4.61,pinnacle
2023-05-30,2023,clay,ruud c.,ymer e.,1.07,12.36,pinnacle
2023-05-30,2023,clay,nishioka y.,wolf j.j.,2.21,1.75,pinnacle
2023-05-30,2023,clay,olivieri g.,mpetshi g.,1.74,2.23,pinnacle
2023-05-30,2023,clay,vavassori a.,kecmanovic m.,2.86,1.48,pinnacle
2023-05-30,2023,clay,purcell m.,thompson j.,2.23,1.74,pinnacle
2023-05-30,2023,clay,molcan a.,gaston h.,1.65,2.38,pinnacle
2023-05-30,2023,clay,zverev a.,harris l.,1.06,12.71,pinnacle
2023-05-30,2023,clay,zeppieri g.,bublik a.,1.83,2.09,pinnacle
2023-05-30,2023,clay,seyboth wild t.,medvedev d.,10.69,1.08,pinnacle
2023-05-30,2023,clay,ruusuvuori e.,barrere g.,1.63,2.39,pinnacle
2023-05-30,2023,clay,cerundolo f.,munar j.,1.26,4.38,pinnacle
2023-05-30,2023,clay,rune h.,eubanks c.,1.04,18.32,pinnacle
2023-05-30,2023,clay,pella g.,halys q.,3.4,1.37,pinnacle
2023-05-30,2023,clay,rinderknech a.,gasquet r.,2.27,1.71,pinnacle
2023-05-30,2023,clay,fritz t.,mmoh m.,1.04,16.94,pinnacle
2023-05-30,2023,clay,dimitrov g.,skatov t.,1.14,7.0,pinnacle
2023-05-30,2023,clay,hanfmann y.,monteiro t.,1.37,3.39,pinnacle
2023-05-30,2023,clay,monfils g.,baez s.,3.31,1.38,pinnacle
2023-05-31,2023,clay,fognini f.,kubler j.,1.58,2.55,pinnacle
2023-05-31,2023,clay,ofner s.,korda s.,2.7,1.53,pinnacle
2023-05-31,2023,clay,tsitsipas s.,carballes baena r.,1.09,9.81,pinnacle
2023-05-31,2023,clay,sonego l.,humbert u.,2.23,1.74,pinnacle
2023-05-31,2023,clay,kokkinakis t.,wawrinka s.,2.19,1.76,pinnacle
2023-05-31,2023,clay,schwartzman d.,borges n.,1.73,2.24,pinnacle
2023-05-31,2023,clay,shapovalov d.,arnaldi m.,2.12,1.81,pinnacle
2023-05-31,2023,clay,varillas j.p.,bautista agut r.,3.18,1.41,pinnacle
2023-05-31,2023,clay,alcaraz c.,daniel t.,1.03,25.16,pinnacle
2023-05-31,2023,clay,khachanov k.,albot r.,1.15,6.36,pinnacle
2023-05-31,2023,clay,hurkacz h.,griekspoor t.,1.39,3.28,pinnacle
2023-05-31,2023,clay,davidovich fokina a.,van assche l.,1.4,3.15,pinnacle
2023-05-31,2023,clay,norrie c.,pouille l.,1.28,4.07,pinnacle
2023-05-31,2023,clay,rublev a.,moutet c.,1.07,11.26,pinnacle
2023-05-31,2023,clay,musetti l.,shevchenko a.,1.25,4.45,pinnacle
2023-05-31,2023,clay,djokovic n.,fucsovics m.,1.04,17.69,pinnacle
2023-06-01,2023,clay,coric b.,cachin p.,1.42,3.13,pinnacle
2023-06-01,2023,clay,etcheverry t.,de minaur a.,1.99,1.92,pinnacle
2023-06-01,2023,clay,ruud c.,zeppieri g.,1.09,9.44,pinnacle
2023-06-01,2023,clay,altmaier d.,sinner j.,8.93,1.1,pinnacle
2023-06-01,2023,clay,nishioka y.,purcell m.,1.37,3.37,pinnacle
2023-06-01,2023,clay,dimitrov g.,ruusuvuori e.,1.41,3.16,pinnacle
2023-06-01,2023,clay,seyboth wild t.,pella g.,1.44,3.05,pinnacle
2023-06-01,2023,clay,zhang zh.,tirante t.a.,1.63,2.43,pinnacle
2023-06-01,2023,clay,tiafoe f.,karatsev a.,1.95,1.95,pinnacle
2023-06-01,2023,clay,olivieri g.,vavassori a.,3.43,1.36,pinnacle
2023-06-01,2023,clay,jarry n.,paul t.,1.6,2.52,pinnacle
2023-06-01,2023,clay,giron m.,lehecka j.,2.86,1.48,pinnacle
2023-06-01,2023,clay,cerundolo f.,hanfmann y.,1.47,3.0,pinnacle
2023-06-01,2023,clay,rune h.,monfils g.,1.07,11.53,pinnacle
2023-06-01,2023,clay,fritz t.,rinderknech a.,1.13,7.12,pinnacle
2023-06-01,2023,clay,zverev a.,molcan a.,1.26,4.32,pinnacle
2023-06-02,2023,clay,khachanov k.,kokkinakis t.,1.26,4.39,pinnacle
2023-06-02,2023,clay,sonego l.,rublev a.,3.89,1.3,pinnacle
2023-06-02,2023,clay,ofner s.,fognini f.,2.28,1.71,pinnacle
2023-06-02,2023,clay,djokovic n.,davidovich fokina a.,1.14,6.57,pinnacle
2023-06-02,2023,clay,musetti l.,norrie c.,1.54,2.65,pinnacle
2023-06-02,2023,clay,tsitsipas s.,schwartzman d.,1.09,9.41,pinnacle
2023-06-02,2023,clay,varillas j.p.,hurkacz h.,3.08,1.43,pinnacle
2023-06-02,2023,clay,alcaraz c.,shapovalov d.,1.07,11.9,pinnacle
2023-06-03,2023,clay,ruud c.,zhang zh.,1.13,7.13,pinnacle
2023-06-03,2023,clay,nishioka y.,seyboth wild t.,2.64,1.55,pinnacle
2023-06-03,2023,clay,etcheverry t.,coric b.,1.7,2.28,pinnacle
2023-06-03,2023,clay,jarry n.,giron m.,1.34,3.59,pinnacle
2023-06-03,2023,clay,rune h.,olivieri g.,1.04,17.13,pinnacle
2023-06-03,2023,clay,cerundolo f.,fritz t.,2.02,1.88,pinnacle
2023-06-03,2023,clay,dimitrov g.,altmaier d.,1.41,3.19,pinnacle
2023-06-03,2023,clay,zverev a.,tiafoe f.,1.39,3.28,pinnacle
2023-06-04,2023,clay,khachanov k.,sonego l.,1.49,2.84,pinnacle
2023-06-04,2023,clay,djokovic n.,varillas j.p.,1.04,18.34,pinnacle
2023-06-04,2023,clay,alcaraz c.,musetti l.,1.18,5.65,pinnacle
2023-06-04,2023,clay,tsitsipas s.,ofner s.,1.08,10.39,pinnacle
2023-06-05,2023,clay,ruud c.,jarry n.,1.48,2.87,pinnacle
2023-06-05,2023,clay,rune h.,cerundolo f.,1.37,3.38,pinnacle
2023-06-05,2023,clay,zverev a.,dimitrov g.,1.42,3.1,pinnacle
2023-06-05,2023,clay,etcheverry t.,nishioka y.,1.23,4.7,pinnacle
2023-06-06,2023,clay,djokovic n.,khachanov k.,1.12,7.89,pinnacle
2023-06-06,2023,clay,alcaraz c.,tsitsipas s.,1.22,4.93,pinnacle
2023-06-07,2023,clay,zverev a.,etcheverry t.,1.33,3.63,pinnacle
2023-06-07,2023,clay,ruud c.,rune h.,1.86,2.06,pinnacle
2023-06-09,2023,clay,djokovic n.,alcaraz c.,2.59,1.57,pinnacle
2023-06-09,2023,clay,ruud c.,zverev a.,1.95,1.95,pinnacle
2023-06-11,2023,clay,djokovic n.,ruud c.,1.22,4.92,pinnacle
2023-06-12,2023,grass,huesler m.a.,cressy m.,2.9,1.46,pinnacle
2023-06-12,2023,grass,humbert u.,kubler j.,1.63,2.41,pinnacle
2023-06-12,2023,grass,raonic m.,kecmanovic m.,2.5,1.59,pinnacle
2023-06-12,2023,grass,hijikata r.,brouwer g.,1.85,2.05,pinnacle
2023-06-13,2023,grass,thompson j.,mpetshi g.,1.23,4.68,pinnacle
2023-06-13,2023,grass,bublik a.,goffin d.,1.83,2.07,pinnacle
2023-06-13,2023,grass,ruusuvuori e.,nakashima b.,2.21,1.74,pinnacle
2023-06-13,2023,grass,griekspoor t.,ymer m.,1.67,2.32,pinnacle
2023-06-13,2023,grass,popyrin a.,rinderknech a.,1.81,2.11,pinnacle
2023-06-13,2023,grass,mcdonald m.,ivashka i.,2.39,1.64,pinnacle
2023-06-13,2023,grass,mannarino a.,fils a.,1.68,2.31,pinnacle
2023-06-13,2023,grass,djere l.,berankis r.,2.15,1.78,pinnacle
2023-06-14,2023,grass,ruusuvuori e.,humbert u.,2.35,1.67,pinnacle
2023-06-14,2023,grass,hijikata r.,huesler m.a.,2.17,1.78,pinnacle
2023-06-14,2023,grass,sinner j.,bublik a.,1.37,3.4,pinnacle
2023-06-14,2023,grass,mcdonald m.,coric b.,2.2,1.75,pinnacle
2023-06-15,2023,grass,griekspoor t.,popyrin a.,1.81,2.12,pinnacle
2023-06-15,2023,grass,mannarino a.,medvedev d.,4.89,1.22,pinnacle
2023-06-15,2023,grass,de minaur a.,djere l.,1.24,4.62,pinnacle
2023-06-15,2023,grass,thompson j.,raonic m.,2.32,1.68,pinnacle
2023-06-16,2023,grass,hijikata r.,mcdonald m.,2.98,1.45,pinnacle
2023-06-16,2023,grass,thompson j.,mannarino a.,2.38,1.65,pinnacle
2023-06-16,2023,grass,griekspoor t.,de minaur a.,2.25,1.72,pinnacle
2023-06-16,2023,grass,ruusuvuori e.,sinner j.,4.24,1.27,pinnacle
2023-06-17,2023,grass,thompson j.,hijikata r.,1.41,3.18,pinnacle
2023-06-17,2023,grass,griekspoor t.,ruusuvuori e.,2.58,1.57,pinnacle
2023-06-18,2023,grass,griekspoor t.,thompson j.,1.66,2.37,pinnacle
2023-06-12,2023,grass,lehecka j.,giron m.,2.61,1.55,pinnacle
2023-06-12,2023,grass,musetti l.,gojo b.,1.71,2.26,pinnacle
2023-06-12,2023,grass,sonego l.,berrettini m.,2.47,1.61,pinnacle
2023-06-12,2023,grass,gasquet r.,eubanks c.,1.81,2.09,pinnacle
2023-06-12,2023,grass,watanuki y.,lopez f.,1.35,3.47,pinnacle
2023-06-13,2023,grass,barrere g.,otte o.,2.19,1.75,pinnacle
2023-06-13,2023,grass,karatsev a.,moutet c.,1.78,2.14,pinnacle
2023-06-13,2023,grass,o connell c.,altmaier d.,1.75,2.19,pinnacle
2023-06-13,2023,grass,struff j.l.,zhang zh.,1.46,2.89,pinnacle
2023-06-13,2023,grass,fucsovics m.,shapovalov d.,2.13,1.79,pinnacle
2023-06-13,2023,grass,wu y.,kyrgios n.,3.42,1.36,pinnacle
2023-06-13,2023,grass,paul t.,bonzi b.,1.39,3.23,pinnacle
2023-06-14,2023,grass,o connell c.,sonego l.,2.91,1.48,pinnacle
2023-06-14,2023,grass,hurkacz h.,watanuki y.,1.33,3.64,pinnacle
2023-06-14,2023,grass,musetti l.,barrere g.,1.88,2.03,pinnacle
2023-06-14,2023,grass,tiafoe f.,lehecka j.,1.48,2.87,pinnacle
2023-06-15,2023,grass,fucsovics m.,wu y.,1.57,2.59,pinnacle
2023-06-15,2023,grass,fritz t.,karatsev a.,1.19,5.42,pinnacle
2023-06-15,2023,grass,struff j.l.,paul t.,2.55,1.58,pinnacle
2023-06-15,2023,grass,gasquet r.,tsitsipas s.,3.87,1.31,pinnacle
2023-06-16,2023,grass,tiafoe f.,musetti l.,1.5,2.81,pinnacle
2023-06-16,2023,grass,fucsovics m.,fritz t.,3.83,1.31,pinnacle
2023-06-16,2023,grass,hurkacz h.,o connell c.,1.42,3.12,pinnacle
2023-06-16,2023,grass,struff j.l.,gasquet r.,1.47,2.89,pinnacle
2023-06-17,2023,grass,tiafoe f.,fucsovics m.,1.69,2.31,pinnacle
2023-06-17,2023,grass,struff j.l.,hurkacz h.,2.32,1.68,pinnacle
2023-06-18,2023,grass,tiafoe f.,struff j.l.,1.77,2.18,pinnacle
2023-06-19,2023,grass,djere l.,otte o.,2.1,1.81,pinnacle
2023-06-19,2023,grass,nakashima b.,ymer m.,1.38,3.3,pinnacle
2023-06-19,2023,grass,shapovalov d.,harris l.,1.41,3.14,pinnacle
2023-06-19,2023,grass,jarry n.,moutet c.,1.6,2.47,pinnacle
2023-06-19,2023,grass,tsitsipas s.,barrere g.,1.21,4.92,pinnacle
2023-06-19,2023,grass,medvedev d.,giron m.,1.18,5.56,pinnacle
2023-06-20,2023,grass,bautista agut r.,vavassori a.,1.21,4.87,pinnacle
2023-06-20,2023,grass,sonego l.,karatsev a.,1.48,2.83,pinnacle
2023-06-20,2023,grass,sinner j.,gasquet r.,1.21,4.87,pinnacle
2023-06-20,2023,grass,hanfmann y.,wessels l.,1.23,4.7,pinnacle
2023-06-20,2023,grass,rublev a.,wu y.,1.34,3.53,pinnacle
2023-06-20,2023,grass,griekspoor t.,carballes baena r.,1.24,4.5,pinnacle
2023-06-20,2023,grass,zverev a.,thiem d.,1.15,6.2,pinnacle
2023-06-20,2023,grass,bublik a.,coric b.,1.86,2.03,pinnacle
2023-06-20,2023,grass,hurkacz h.,eubanks c.,1.33,3.62,pinnacle
2023-06-21,2023,grass,struff j.l.,safiullin r.,1.5,2.76,pinnacle
2023-06-21,2023,grass,bautista agut r.,nakashima b.,1.78,2.17,pinnacle
2023-06-21,2023,grass,medvedev d.,djere l.,1.11,8.55,pinnacle
2023-06-21,2023,grass,jarry n.,tsitsipas s.,3.22,1.4,pinnacle
2023-06-21,2023,grass,zverev a.,shapovalov d.,1.45,2.99,pinnacle
2023-06-22,2023,grass,sinner j.,sonego l.,1.3,3.95,pinnacle
2023-06-22,2023,grass,bublik a.,struff j.l.,2.47,1.61,pinnacle
2023-06-22,2023,grass,rublev a.,hanfmann y.,1.22,4.92,pinnacle
2023-06-22,2023,grass,griekspoor t.,hurkacz h.,2.54,1.58,pinnacle
2023-06-23,2023,grass,bublik a.,sinner j.,3.39,1.37,pinnacle
2023-06-23,2023,grass,zverev a.,jarry n.,1.4,3.21,pinnacle
2023-06-23,2023,grass,bautista agut r.,medvedev d.,3.38,1.37,pinnacle
2023-06-23,2023,grass,rublev a.,griekspoor t.,1.54,2.67,pinnacle
2023-06-24,2023,grass,bublik a.,zverev a.,2.88,1.48,pinnacle
2023-06-24,2023,grass,rublev a.,bautista agut r.,1.88,2.02,pinnacle
2023-06-25,2023,grass,bublik a.,rublev a.,2.38,1.65,pinnacle
2023-06-19,2023,grass,peniston r.,humbert u.,4.55,1.24,pinnacle
2023-06-19,2023,grass,norrie c.,kecmanovic m.,1.32,3.68,pinnacle
2023-06-19,2023,grass,shelton b.,wolf j.j.,2.04,1.85,pinnacle
2023-06-19,2023,grass,korda s.,evans d.,2.0,1.89,pinnacle
2023-06-19,2023,grass,schwartzman d.,mcdonald m.,3.86,1.3,pinnacle
2023-06-19,2023,grass,musetti l.,choinski j.,1.13,6.91,pinnacle
2023-06-19,2023,grass,cerundolo f.,paul t.,3.38,1.36,pinnacle
2023-06-20,2023,grass,rune h.,cressy m.,1.53,2.68,pinnacle
2023-06-20,2023,grass,mannarino a.,broady l.,1.41,3.27,pinnacle
2023-06-20,2023,grass,lehecka j.,davidovich fokina a.,2.22,1.73,pinnacle
2023-06-20,2023,grass,alcaraz c.,rinderknech a.,1.13,6.69,pinnacle
2023-06-20,2023,grass,thompson j.,popyrin a.,1.54,2.61,pinnacle
2023-06-20,2023,grass,tiafoe f.,van de zandschulp b.,1.51,2.72,pinnacle
2023-06-20,2023,grass,dimitrov g.,ruusuvuori e.,1.61,2.44,pinnacle
2023-06-20,2023,grass,de minaur a.,murray a.,2.35,1.66,pinnacle
2023-06-20,2023,grass,fritz t.,zapata miralles b.,1.09,9.64,pinnacle
2023-06-21,2023,grass,musetti l.,shelton b.,1.67,2.33,pinnacle
2023-06-21,2023,grass,norrie c.,thompson j.,1.54,2.67,pinnacle
2023-06-21,2023,grass,rune h.,peniston r.,1.33,3.64,pinnacle
2023-06-21,2023,grass,korda s.,tiafoe f.,2.55,1.58,pinnacle
2023-06-22,2023,grass,de minaur a.,schwartzman d.,1.17,5.95,pinnacle
2023-06-22,2023,grass,mannarino a.,fritz t.,3.68,1.31,pinnacle
2023-06-22,2023,grass,alcaraz c.,lehecka j.,1.23,4.71,pinnacle
2023-06-22,2023,grass,dimitrov g.,cerundolo f.,1.35,3.5,pinnacle
2023-06-23,2023,grass,de minaur a.,mannarino a.,1.48,2.88,pinnacle
2023-06-23,2023,grass,rune h.,musetti l.,1.61,2.47,pinnacle
2023-06-23,2023,grass,korda s.,norrie c.,1.96,1.94,pinnacle
2023-06-23,2023,grass,alcaraz c.,dimitrov g.,1.38,3.31,pinnacle
2023-06-24,2023,grass,de minaur a.,rune h.,1.85,2.07,pinnacle
2023-06-24,2023,grass,alcaraz c.,korda s.,1.35,3.49,pinnacle
2023-06-25,2023,grass,alcaraz c.,de minaur a.,1.33,3.64,pinnacle
2023-06-26,2023,grass,barrere g.,ruusuvuori e.,2.94,1.45,pinnacle
2023-06-26,2023,grass,baez s.,borges n.,2.67,1.53,pinnacle
2023-06-26,2023,grass,wolf j.j.,etcheverry t.,1.68,2.31,pinnacle
2023-06-26,2023,grass,kecmanovic m.,wu y.,2.03,1.87,pinnacle
2023-06-26,2023,grass,van assche l.,loffhagen g.,1.5,2.76,pinnacle
2023-06-26,2023,grass,vukic a.,nakashima b.,3.27,1.38,pinnacle
2023-06-26,2023,grass,huesler m.a.,peniston r.,1.93,1.96,pinnacle
2023-06-27,2023,grass,mcdonald m.,cecchinato m.,1.17,5.65,pinnacle
2023-06-27,2023,grass,broady l.,choinski j.,1.35,3.49,pinnacle
2023-06-27,2023,grass,ymer m.,van de zandschulp b.,2.11,1.8,pinnacle
2023-06-27,2023,grass,cressy m.,galan d.e.,1.44,3.0,pinnacle
2023-06-27,2023,grass,zhang zh.,sonego l.,4.74,1.21,pinnacle
2023-06-28,2023,grass,kecmanovic m.,vukic a.,1.74,2.22,pinnacle
2023-06-28,2023,grass,barrere g.,jarry n.,2.57,1.57,pinnacle
2023-06-28,2023,grass,mcdonald m.,fritz t.,3.97,1.29,pinnacle
2023-06-28,2023,grass,ymer m.,broady l.,1.68,2.34,pinnacle
2023-06-28,2023,grass,wolf j.j.,van assche l.,1.37,3.39,pinnacle
2023-06-28,2023,grass,zhang zh.,cressy m.,2.58,1.57,pinnacle
2023-06-28,2023,grass,cerundolo f.,huesler m.a.,1.85,2.06,pinnacle
2023-06-28,2023,grass,paul t.,baez s.,1.21,4.98,pinnacle
2023-06-29,2023,grass,cerundolo f.,zhang zh.,1.71,2.27,pinnacle
2023-06-29,2023,grass,mcdonald m.,ymer m.,1.6,2.5,pinnacle
2023-06-29,2023,grass,paul t.,wolf j.j.,1.51,2.76,pinnacle
2023-06-29,2023,grass,barrere g.,kecmanovic m.,2.01,1.9,pinnacle
2023-07-01,2023,grass,cerundolo f.,mcdonald m.,1.82,2.11,pinnacle
2023-07-01,2023,grass,paul t.,barrere g.,1.45,2.97,pinnacle
2023-07-01,2023,grass,cerundolo f.,paul t.,2.21,1.74,pinnacle
2023-06-25,2023,grass,moutet c.,o connell c.,2.74,1.51,pinnacle
2023-06-25,2023,grass,pella g.,giron m.,5.04,1.2,pinnacle
2023-06-26,2023,grass,kotov p.,tu l.,1.7,2.27,pinnacle
2023-06-26,2023,grass,safiullin r.,shelbayh a.,1.45,2.95,pinnacle
2023-06-26,2023,grass,carballes baena r.,ivashka i.,3.99,1.28,pinnacle
2023-06-26,2023,grass,eubanks c.,michelsen a.,1.55,2.62,pinnacle
2023-06-26,2023,grass,harris l.,zapata miralles b.,1.51,2.72,pinnacle
2023-06-26,2023,grass,hanfmann y.,cachin p.,1.52,2.7,pinnacle
2023-06-26,2023,grass,thompson j.,gasquet r.,1.56,2.57,pinnacle
2023-06-27,2023,grass,lestienne c.,kubler j.,3.61,1.33,pinnacle
2023-06-27,2023,grass,rinderknech a.,ramos-vinolas a.,1.36,3.42,pinnacle
2023-06-27,2023,grass,lopez f.,purcell m.,2.42,1.63,pinnacle
2023-06-27,2023,grass,mannarino a.,pella g.,1.27,4.22,pinnacle
2023-06-27,2023,grass,harris l.,safiullin r.,2.04,1.87,pinnacle
2023-06-27,2023,grass,moutet c.,carballes baena r.,1.45,2.97,pinnacle
2023-06-27,2023,grass,kotov p.,davidovich fokina a.,4.06,1.28,pinnacle
2023-06-28,2023,grass,rinderknech a.,lestienne c.,1.6,2.51,pinnacle
2023-06-28,2023,grass,eubanks c.,shelton b.,2.27,1.71,pinnacle
2023-06-28,2023,grass,hanfmann y.,tsitsipas s.,3.76,1.32,pinnacle
2023-06-28,2023,grass,lopez f.,thompson j.,4.92,1.22,pinnacle
2023-06-29,2023,grass,harris l.,kotov p.,1.43,3.1,pinnacle
2023-06-29,2023,grass,eubanks c.,rinderknech a.,2.16,1.78,pinnacle
2023-06-29,2023,grass,hanfmann y.,lopez f.,1.56,2.72,pinnacle
2023-06-29,2023,grass,mannarino a.,moutet c.,1.5,2.8,pinnacle
2023-06-30,2023,grass,eubanks c.,harris l.,2.13,1.8,pinnacle
2023-06-30,2023,grass,mannarino a.,hanfmann y.,1.85,2.06,pinnacle
2023-07-01,2023,grass,eubanks c.,mannarino a.,2.88,1.53,pinnacle
2023-07-03,2023,grass,barrios m.,baez s.,1.99,1.92,pinnacle
2023-07-03,2023,grass,musetti l.,varillas j.p.,1.07,11.93,pinnacle
2023-07-03,2023,grass,karatsev a.,van assche l.,1.63,2.45,pinnacle
2023-07-03,2023,grass,thompson j.,nakashima b.,1.88,2.04,pinnacle
2023-07-03,2023,grass,rublev a.,purcell m.,1.08,10.52,pinnacle
2023-07-03,2023,grass,marterer m.,gojo b.,2.26,1.71,pinnacle
2023-07-03,2023,grass,hurkacz h.,ramos-vinolas a.,1.06,12.53,pinnacle
2023-07-03,2023,grass,djokovic n.,cachin p.,1.01,28.03,pinnacle
2023-07-03,2023,grass,mmoh m.,auger-aliassime f.,6.24,1.16,pinnacle
2023-07-03,2023,grass,moutet c.,gasquet r.,2.49,1.61,pinnacle
2023-07-03,2023,grass,goffin d.,marozsan f.,1.54,2.64,pinnacle
2023-07-03,2023,grass,broady l.,lestienne c.,1.51,2.75,pinnacle
2023-07-03,2023,grass,wolf j.j.,couacaud e.,1.25,4.49,pinnacle
2023-07-03,2023,grass,munar j.,isner j.,3.05,1.44,pinnacle
2023-07-03,2023,grass,ruud c.,lokoli l.,1.17,5.9,pinnacle
2023-07-03,2023,grass,choinski j.,lajovic d.,2.66,1.54,pinnacle
2023-07-03,2023,grass,ymer m.,molcan a.,1.43,3.1,pinnacle
2023-07-03,2023,grass,otte o.,koepfer d.,1.73,2.24,pinnacle
2023-07-03,2023,grass,bublik a.,mcdonald m.,1.51,2.78,pinnacle
2023-07-03,2023,grass,vukic a.,altmaier d.,1.44,3.03,pinnacle
2023-07-03,2023,grass,schwartzman d.,kecmanovic m.,2.75,1.52,pinnacle
2023-07-03,2023,grass,wawrinka s.,ruusuvuori e.,3.47,1.36,pinnacle
2023-07-03,2023,grass,galan d.e.,nishioka y.,2.25,1.72,pinnacle
2023-07-03,2023,grass,sinner j.,cerundolo j.m.,1.03,21.56,pinnacle
2023-07-04,2023,grass,alcaraz c.,chardy j.,1.02,34.08,pinnacle
2023-07-04,2023,grass,murray a.,peniston r.,1.11,8.4,pinnacle
2023-07-04,2023,grass,norrie c.,machac t.,1.22,4.94,pinnacle
2023-07-04,2023,grass,halys q.,evans d.,1.97,1.93,pinnacle
2023-07-04,2023,grass,etcheverry t.,zapata miralles b.,1.4,3.22,pinnacle
2023-07-05,2023,grass,stricker d.,popyrin a.,1.69,2.31,pinnacle
2023-07-05,2023,grass,cerundolo f.,borges n.,1.28,4.12,pinnacle
2023-07-05,2023,grass,raonic m.,novak d.,2.0,1.91,pinnacle
2023-07-05,2023,grass,lehecka j.,ofner s.,1.68,2.32,pinnacle
2023-07-05,2023,grass,tiafoe f.,wu y.,1.21,5.09,pinnacle
2023-07-05,2023,grass,dimitrov g.,shimabukuro s.,1.07,11.25,pinnacle
2023-07-05,2023,grass,barrere g.,harris l.,2.11,1.82,pinnacle
2023-07-05,2023,grass,medvedev d.,fery a.,1.02,39.1,pinnacle
2023-07-05,2023,grass,pella g.,coric b.,3.15,1.41,pinnacle
2023-07-05,2023,grass,muller a.,rinderknech a.,4.38,1.26,pinnacle
2023-07-05,2023,grass,safiullin r.,bautista agut r.,3.82,1.31,pinnacle
2023-07-05,2023,grass,mayot h.,bonzi b.,1.66,2.39,pinnacle
2023-07-05,2023,grass,paul t.,mochizuki s.,1.16,6.32,pinnacle
2023-07-05,2023,grass,fritz t.,hanfmann y.,1.29,3.99,pinnacle
2023-07-05,2023,grass,shapovalov d.,albot r.,1.25,4.43,pinnacle
2023-07-05,2023,grass,tsitsipas s.,thiem d.,1.19,5.45,pinnacle
2023-07-05,2023,grass,rune h.,loffhagen g.,1.06,12.49,pinnacle
2023-07-05,2023,grass,vesely j.,korda s.,7.98,1.12,pinnacle
2023-07-05,2023,grass,eubanks c.,monteiro t.,1.28,4.09,pinnacle
2023-07-05,2023,grass,giron m.,dellien h.,1.04,17.68,pinnacle
2023-07-05,2023,grass,ivashka i.,coria f.,1.11,7.76,pinnacle
2023-07-05,2023,grass,shelton b.,daniel t.,1.41,3.18,pinnacle
2023-07-05,2023,grass,mannarino a.,shevchenko a.,1.24,4.6,pinnacle
2023-07-05,2023,grass,djere l.,cressy m.,2.34,1.67,pinnacle
2023-07-05,2023,grass,fucsovics m.,griekspoor t.,2.11,1.81,pinnacle
2023-07-06,2023,grass,davidovich fokina a.,fils a.,1.72,2.26,pinnacle
2023-07-06,2023,grass,van de zandschulp b.,zhang zh.,1.69,2.31,pinnacle
2023-07-06,2023,grass,carballes baena r.,arnaldi m.,2.77,1.51,pinnacle
2023-07-06,2023,grass,watanuki y.,huesler m.a.,1.81,2.12,pinnacle
2023-07-06,2023,grass,zverev a.,brouwer g.,1.09,9.28,pinnacle
2023-07-06,2023,grass,o connell c.,medjedovic h.,1.6,2.51,pinnacle
2023-07-06,2023,grass,de minaur a.,coppejans k.,1.04,17.4,pinnacle
2023-07-06,2023,grass,kubler j.,humbert u.,2.45,1.62,pinnacle
2023-07-06,2023,grass,jarry n.,cecchinato m.,1.06,13.12,pinnacle
2023-07-06,2023,grass,berrettini m.,sonego l.,2.58,1.57,pinnacle
2023-07-05,2023,grass,djokovic n.,thompson j.,1.03,21.62,pinnacle
2023-07-05,2023,grass,sinner j.,schwartzman d.,1.06,13.38,pinnacle
2023-07-06,2023,grass,wawrinka s.,etcheverry t.,1.54,2.66,pinnacle
2023-07-06,2023,grass,halys q.,vukic a.,1.69,2.3,pinnacle
2023-07-06,2023,grass,musetti l.,munar j.,1.16,6.32,pinnacle
2023-07-06,2023,grass,hurkacz h.,choinski j.,1.07,12.26,pinnacle
2023-07-06,2023,grass,marterer m.,mmoh m.,1.92,1.99,pinnacle
2023-07-06,2023,grass,bublik a.,wolf j.j.,1.5,2.79,pinnacle
2023-07-06,2023,grass,shapovalov d.,barrere g.,1.55,2.64,pinnacle
2023-07-06,2023,grass,rublev a.,karatsev a.,1.2,5.27,pinnacle
2023-07-06,2023,grass,broady l.,ruud c.,4.58,1.24,pinnacle
2023-07-06,2023,grass,galan d.e.,otte o.,2.58,1.57,pinnacle
2023-07-06,2023,grass,safiullin r.,moutet c.,1.64,2.42,pinnacle
2023-07-06,2023,grass,paul t.,raonic m.,1.52,2.73,pinnacle
2023-07-06,2023,grass,goffin d.,barrios m.,1.41,3.18,pinnacle
2023-07-06,2023,grass,lehecka j.,cerundolo f.,2.01,1.9,pinnacle
2023-07-06,2023,grass,pella g.,mayot h.,2.37,1.66,pinnacle
2023-07-06,2023,grass,ymer m.,fritz t.,4.46,1.25,pinnacle
2023-07-06,2023,grass,tiafoe f.,stricker d.,1.2,5.33,pinnacle
2023-07-06,2023,grass,djere l.,shelton b.,2.5,1.6,pinnacle
2023-07-06,2023,grass,dimitrov g.,ivashka i.,1.16,6.16,pinnacle
2023-07-07,2023,grass,rune h.,carballes baena r.,1.08,10.39,pinnacle
2023-07-07,2023,grass,o connell c.,vesely j.,1.85,2.07,pinnacle
2023-07-07,2023,grass,berrettini m.,de minaur a.,2.48,1.61,pinnacle
2023-07-07,2023,grass,fucsovics m.,giron m.,1.46,2.95,pinnacle
2023-07-07,2023,grass,medvedev d.,mannarino a.,1.3,3.94,pinnacle
2023-07-07,2023,grass,davidovich fokina a.,van de zandschulp b.,1.52,2.73,pinnacle
2023-07-07,2023,grass,zverev a.,watanuki y.,1.15,6.36,pinnacle
2023-07-07,2023,grass,alcaraz c.,muller a.,1.02,28.92,pinnacle
2023-07-07,2023,grass,jarry n.,kubler j.,1.71,2.28,pinnacle
2023-07-07,2023,grass,eubanks c.,norrie c.,3.9,1.3,pinnacle
2023-07-07,2023,grass,tsitsipas s.,murray a.,2.11,1.82,pinnacle
2023-07-07,2023,grass,hurkacz h.,musetti l.,1.58,2.54,pinnacle
2023-07-07,2023,grass,sinner j.,halys q.,1.17,5.82,pinnacle
2023-07-07,2023,grass,bublik a.,marterer m.,1.16,6.33,pinnacle
2023-07-07,2023,grass,galan d.e.,ymer m.,3.59,1.34,pinnacle
2023-07-07,2023,grass,shapovalov d.,broady l.,1.31,3.8,pinnacle
2023-07-07,2023,grass,safiullin r.,pella g.,1.45,3.0,pinnacle
2023-07-07,2023,grass,rublev a.,goffin d.,1.2,5.24,pinnacle
2023-07-07,2023,grass,djokovic n.,wawrinka s.,1.05,16.39,pinnacle
2023-07-08,2023,grass,lehecka j.,paul t.,2.17,1.77,pinnacle
2023-07-08,2023,grass,eubanks c.,o connell c.,1.59,2.53,pinnacle
2023-07-08,2023,grass,medvedev d.,fucsovics m.,1.21,5.0,pinnacle
2023-07-08,2023,grass,alcaraz c.,jarry n.,1.1,9.02,pinnacle
2023-07-08,2023,grass,rune h.,davidovich fokina a.,1.49,2.83,pinnacle
2023-07-08,2023,grass,tsitsipas s.,djere l.,1.19,5.42,pinnacle
2023-07-08,2023,grass,berrettini m.,zverev a.,2.08,1.84,pinnacle
2023-07-09,2023,grass,dimitrov g.,tiafoe f.,2.0,1.91,pinnacle
2023-07-09,2023,grass,rublev a.,bublik a.,1.89,2.01,pinnacle
2023-07-09,2023,grass,safiullin r.,shapovalov d.,2.48,1.61,pinnacle
2023-07-09,2023,grass,sinner j.,galan d.e.,1.04,16.79,pinnacle
2023-07-10,2023,grass,medvedev d.,lehecka j.,1.27,4.19,pinnacle
2023-07-10,2023,grass,eubanks c.,tsitsipas s.,3.46,1.36,pinnacle
2023-07-10,2023,grass,djokovic n.,hurkacz h.,1.07,12.09,pinnacle
2023-07-10,2023,grass,rune h.,dimitrov g.,2.62,1.56,pinnacle
2023-07-10,2023,grass,alcaraz c.,berrettini m.,1.39,3.27,pinnacle
2023-07-11,2023,grass,sinner j.,safiullin r.,1.17,6.0,pinnacle
2023-07-11,2023,grass,djokovic n.,rublev a.,1.08,10.23,pinnacle
2023-07-12,2023,grass,medvedev d.,eubanks c.,1.16,6.35,pinnacle
2023-07-12,2023,grass,alcaraz c.,rune h.,1.23,4.7,pinnacle
2023-07-14,2023,grass,djokovic n.,sinner j.,1.25,4.44,pinnacle
2023-07-14,2023,grass,alcaraz c.,medvedev d.,1.42,3.12,pinnacle
2023-07-16,2023,grass,alcaraz c.,djokovic n.,2.6,1.56,pinnacle
2023-07-17,2023,clay,van assche l.,madaras d.,1.35,3.43,pinnacle
2023-07-17,2023,clay,monteiro t.,galan d.e.,2.16,1.77,pinnacle
2023-07-18,2023,clay,misolic f.,lajovic d.,2.37,1.65,pinnacle
2023-07-18,2023,clay,kovalik j.,davidovich fokina a.,5.97,1.16,pinnacle
2023-07-18,2023,clay,borg l.,ymer e.,7.98,1.11,pinnacle
2023-07-18,2023,clay,coria f.,baez s.,3.3,1.38,pinnacle
2023-07-18,2023,clay,kotov p.,cecchinato m.,2.34,1.66,pinnacle
2023-07-18,2023,clay,zapata miralles b.,dellien h.,1.67,2.33,pinnacle
2023-07-18,2023,clay,zverev a.,molcan a.,1.17,5.89,pinnacle
2023-07-18,2023,clay,shevchenko a.,cerundolo j.m.,2.08,1.82,pinnacle
2023-07-18,2023,clay,ofner s.,etcheverry t.,2.92,1.45,pinnacle
2023-07-18,2023,clay,arnaldi m.,ruusuvuori e.,1.93,1.95,pinnacle
2023-07-19,2023,clay,misolic f.,kovalik j.,1.93,1.98,pinnacle
2023-07-19,2023,clay,cerundolo f.,van assche l.,1.42,3.11,pinnacle
2023-07-19,2023,clay,musetti l.,arnaldi m.,1.38,3.31,pinnacle
2023-07-19,2023,clay,coria f.,borg l.,1.19,5.47,pinnacle
2023-07-20,2023,clay,ofner s.,zapata miralles b.,1.68,2.34,pinnacle
2023-07-20,2023,clay,ruud c.,shevchenko a.,1.15,6.35,pinnacle
2023-07-20,2023,clay,zverev a.,monteiro t.,1.19,5.35,pinnacle
2023-07-20,2023,clay,rublev a.,kotov p.,1.18,5.79,pinnacle
2023-07-21,2023,clay,musetti l.,misolic f.,1.15,6.53,pinnacle
2023-07-21,2023,clay,ruud c.,ofner s.,1.19,5.54,pinnacle
2023-07-21,2023,clay,rublev a.,zverev a.,2.23,1.74,pinnacle
2023-07-21,2023,clay,cerundolo f.,coria f.,1.3,3.99,pinnacle
2023-07-22,2023,clay,ruud c.,musetti l.,1.54,2.68,pinnacle
2023-07-22,2023,clay,rublev a.,cerundolo f.,1.63,2.45,pinnacle
2023-07-23,2023,clay,rublev a.,ruud c.,2.39,1.65,pinnacle
2023-07-17,2023,clay,altmaier d.,bonzi b.,1.42,3.09,pinnacle
2023-07-17,2023,clay,bergs z.,djere l.,3.5,1.34,pinnacle
2023-07-17,2023,clay,munar j.,ritschard a.,1.48,2.84,pinnacle
2023-07-17,2023,clay,medjedovic h.,zhang zh.,1.75,2.19,pinnacle
2023-07-17,2023,clay,thiem d.,muller a.,1.87,2.02,pinnacle
2023-07-17,2023,clay,rodionov j.,huesler m.a.,2.38,1.65,pinnacle
2023-07-18,2023,clay,bagnis f.,rinderknech a.,2.48,1.6,pinnacle
2023-07-18,2023,clay,cachin p.,daniel t.,1.72,2.22,pinnacle
2023-07-18,2023,clay,varillas j.p.,virtanen o.,1.32,3.58,pinnacle
2023-07-18,2023,clay,stricker d.,fils a.,2.28,1.69,pinnacle
2023-07-18,2023,clay,ramos-vinolas a.,fognini f.,1.85,2.05,pinnacle
2023-07-18,2023,clay,wawrinka s.,carballes baena r.,1.52,2.71,pinnacle
2023-07-19,2023,clay,bergs z.,rodionov j.,1.72,2.26,pinnacle
2023-07-19,2023,clay,medjedovic h.,thiem d.,2.31,1.69,pinnacle
2023-07-19,2023,clay,hanfmann y.,altmaier d.,1.72,2.25,pinnacle
2023-07-19,2023,clay,kecmanovic m.,stricker d.,2.17,1.78,pinnacle
2023-07-20,2023,clay,varillas j.p.,bagnis f.,1.56,2.62,pinnacle
2023-07-20,2023,clay,ramos-vinolas a.,sonego l.,3.03,1.44,pinnacle
2023-07-20,2023,clay,cachin p.,bautista agut r.,2.18,1.77,pinnacle
2023-07-20,2023,clay,munar j.,wawrinka s.,2.82,1.49,pinnacle
2023-07-21,2023,clay,kecmanovic m.,bergs z.,1.49,2.84,pinnacle
2023-07-21,2023,clay,ramos-vinolas a.,varillas j.p.,2.45,1.62,pinnacle
2023-07-21,2023,clay,cachin p.,munar j.,2.02,1.88,pinnacle
2023-07-21,2023,clay,medjedovic h.,hanfmann y.,2.61,1.56,pinnacle
2023-07-22,2023,clay,ramos-vinolas a.,kecmanovic m.,2.3,1.7,pinnacle
2023-07-22,2023,clay,cachin p.,medjedovic h.,1.81,2.13,pinnacle
2023-07-23,2023,clay,cachin p.,ramos-vinolas a.,1.67,2.36,pinnacle
2023-07-17,2023,grass,broady l.,mochizuki s.,1.45,2.93,pinnacle
2023-07-17,2023,grass,thompson j.,kovacevic a.,1.33,3.59,pinnacle
2023-07-17,2023,grass,hijikata r.,shelbayh a.,1.52,2.7,pinnacle
2023-07-17,2023,grass,moutet c.,spizzirri e.,1.12,7.31,pinnacle
2023-07-18,2023,grass,michelsen a.,cressy m.,2.69,1.52,pinnacle
2023-07-18,2023,grass,isner j.,bolt a.,1.59,2.5,pinnacle
2023-07-18,2023,grass,brouwer g.,purcell m.,2.01,1.88,pinnacle
2023-07-18,2023,grass,duckworth j.,lestienne c.,1.79,2.13,pinnacle
2023-07-18,2023,grass,quinn e.,mukund s.,1.97,1.92,pinnacle
2023-07-18,2023,grass,anderson k.,diallo g.,2.43,1.62,pinnacle
2023-07-18,2023,grass,tu l.,vukic a.,3.53,1.34,pinnacle
2023-07-18,2023,grass,johnson s.,chung y.,1.48,2.83,pinnacle
2023-07-19,2023,grass,thompson j.,broady l.,1.51,2.77,pinnacle
2023-07-19,2023,grass,mannarino a.,hijikata r.,1.54,2.67,pinnacle
2023-07-19,2023,grass,anderson k.,brouwer g.,1.79,2.14,pinnacle
2023-07-19,2023,grass,paul t.,quinn e.,1.08,10.58,pinnacle
2023-07-19,2023,grass,michelsen a.,duckworth j.,1.6,2.51,pinnacle
2023-07-19,2023,grass,mcdonald m.,tu l.,1.23,4.73,pinnacle
2023-07-19,2023,grass,humbert u.,johnson s.,1.41,3.17,pinnacle
2023-07-19,2023,grass,isner j.,moutet c.,1.88,2.03,pinnacle
2023-07-20,2023,grass,mannarino a.,thompson j.,2.34,1.68,pinnacle
2023-07-20,2023,grass,humbert u.,anderson k.,1.63,2.44,pinnacle
2023-07-21,2023,grass,michelsen a.,mcdonald m.,2.74,1.52,pinnacle
2023-07-21,2023,grass,isner j.,paul t.,2.89,1.47,pinnacle
2023-07-22,2023,grass,mannarino a.,humbert u.,1.81,2.15,pinnacle
2023-07-22,2023,grass,michelsen a.,isner j.,2.03,1.88,pinnacle
2023-07-23,2023,grass,mannarino a.,michelsen a.,1.67,2.36,pinnacle
2023-07-24,2023,hard,vukic a.,quinn e.,1.33,3.58,pinnacle
2023-07-24,2023,hard,harris l.,duckworth j.,1.42,3.06,pinnacle
2023-07-25,2023,hard,kokkinakis t.,monfils g.,1.61,2.45,pinnacle
2023-07-25,2023,hard,wolf j.j.,jung j.,1.17,5.88,pinnacle
2023-07-25,2023,hard,nakashima b.,purcell m.,1.29,3.9,pinnacle
2023-07-25,2023,hard,nishikori k.,thompson j.,1.91,1.98,pinnacle
2023-07-25,2023,hard,humbert u.,lestienne c.,1.41,3.11,pinnacle
2023-07-25,2023,hard,wu y.,moutet c.,1.49,2.81,pinnacle
2023-07-25,2023,hard,koepfer d.,isner j.,2.58,1.56,pinnacle
2023-07-25,2023,hard,cressy m.,michelsen a.,1.87,2.02,pinnacle
2023-07-26,2023,hard,eubanks c.,martin a.,1.08,9.6,pinnacle
2023-07-26,2023,hard,shang j.,shelton b.,2.9,1.46,pinnacle
2023-07-26,2023,hard,humbert u.,harris l.,2.29,1.7,pinnacle
2023-07-26,2023,hard,vukic a.,nishioka y.,2.09,1.83,pinnacle
2023-07-27,2023,hard,de minaur a.,kokkinakis t.,1.4,3.22,pinnacle
2023-07-27,2023,hard,eubanks c.,nakashima b.,2.19,1.76,pinnacle
2023-07-27,2023,hard,koepfer d.,evans d.,1.93,1.98,pinnacle
2023-07-27,2023,hard,wolf j.j.,cressy m.,1.57,2.58,pinnacle
2023-07-28,2023,hard,fritz t.,wu y.,1.33,3.63,pinnacle
2023-07-28,2023,hard,nishikori k.,shang j.,1.55,2.63,pinnacle
2023-07-28,2023,hard,wolf j.j.,koepfer d.,1.41,3.18,pinnacle
2023-07-28,2023,hard,fritz t.,nishikori k.,1.41,3.19,pinnacle
2023-07-29,2023,hard,vukic a.,eubanks c.,2.62,1.56,pinnacle
2023-07-29,2023,hard,humbert u.,de minaur a.,3.2,1.4,pinnacle
2023-07-29,2023,hard,fritz t.,wolf j.j.,1.38,3.32,pinnacle
2023-07-30,2023,hard,vukic a.,humbert u.,2.85,1.47,pinnacle
2023-07-30,2023,hard,fritz t.,vukic a.,1.21,5.15,pinnacle
2023-07-24,2023,clay,van assche l.,muller a.,1.77,2.15,pinnacle
2023-07-24,2023,clay,djere l.,etcheverry t.,2.25,1.71,pinnacle
2023-07-24,2023,clay,pella g.,monteiro t.,2.07,1.83,pinnacle
2023-07-24,2023,clay,altmaier d.,gasquet r.,1.61,2.45,pinnacle
2023-07-25,2023,clay,musetti l.,ymer e.,1.14,6.66,pinnacle
2023-07-25,2023,clay,marterer m.,molleker r.,1.62,2.43,pinnacle
2023-07-25,2023,clay,garin c.,dellien h.,1.38,3.26,pinnacle
2023-07-25,2023,clay,kovalik j.,seyboth wild t.,3.52,1.33,pinnacle
2023-07-25,2023,clay,zverev a.,molcan a.,1.19,5.28,pinnacle
2023-07-25,2023,clay,fils a.,galan d.e.,1.54,2.63,pinnacle
2023-07-25,2023,clay,davidovich fokina a.,cachin p.,1.53,2.67,pinnacle
2023-07-25,2023,clay,zhang zh.,choinski j.,1.65,2.37,pinnacle
2023-07-25,2023,clay,hanfmann y.,cerundolo f.,2.8,1.49,pinnacle
2023-07-25,2023,clay,lajovic d.,kecmanovic m.,2.46,1.61,pinnacle
2023-07-26,2023,clay,rublev a.,zapata miralles b.,1.13,7.19,pinnacle
2023-07-26,2023,clay,ruud c.,baez s.,1.19,5.34,pinnacle
2023-07-26,2023,clay,djere l.,pella g.,1.38,3.32,pinnacle
2023-07-26,2023,clay,van assche l.,davidovich fokina a.,3.15,1.41,pinnacle
2023-07-26,2023,clay,zverev a.,marterer m.,1.11,8.42,pinnacle
2023-07-27,2023,clay,fils a.,lajovic d.,1.85,2.06,pinnacle
2023-07-27,2023,clay,musetti l.,kovalik j.,1.09,9.74,pinnacle
2023-07-27,2023,clay,ruud c.,garin c.,1.24,4.56,pinnacle
2023-07-27,2023,clay,altmaier d.,rublev a.,4.66,1.24,pinnacle
2023-07-27,2023,clay,zhang zh.,hanfmann y.,2.97,1.45,pinnacle
2023-07-28,2023,clay,djere l.,musetti l.,2.82,1.5,pinnacle
2023-07-28,2023,clay,zhang zh.,altmaier d.,2.82,1.49,pinnacle
2023-07-28,2023,clay,zverev a.,van assche l.,1.2,5.33,pinnacle
2023-07-28,2023,clay,fils a.,ruud c.,4.28,1.27,pinnacle
2023-07-29,2023,clay,djere l.,zhang zh.,1.61,2.49,pinnacle
2023-07-29,2023,clay,zverev a.,fils a.,1.36,3.44,pinnacle
2023-07-30,2023,clay,zverev a.,djere l.,1.24,4.58,pinnacle
2023-07-24,2023,clay,prizmic d.,ajdukovic d.,1.5,2.78,pinnacle
2023-07-24,2023,clay,popyrin a.,bonzi b.,1.65,2.37,pinnacle
2023-07-24,2023,clay,thiem d.,bagnis f.,1.47,2.88,pinnacle
2023-07-24,2023,clay,daniel t.,landaluce m.,1.24,4.49,pinnacle
2023-07-24,2023,clay,cobolli f.,cilic m.,1.66,2.34,pinnacle
2023-07-25,2023,clay,piros z.,o connell c.,2.07,1.83,pinnacle
2023-07-25,2023,clay,arnaldi m.,de jong j.,1.56,2.57,pinnacle
2023-07-26,2023,clay,cecchinato m.,shevchenko a.,2.63,1.54,pinnacle
2023-07-26,2023,clay,marozsan f.,cerundolo j.m.,1.62,2.43,pinnacle
2023-07-26,2023,clay,munar j.,ramos-vinolas a.,1.7,2.27,pinnacle
2023-07-26,2023,clay,wawrinka s.,misolic f.,1.51,2.73,pinnacle
2023-07-26,2023,clay,coria f.,huesler m.a.,1.74,2.2,pinnacle
2023-07-26,2023,clay,popyrin a.,ofner s.,2.25,1.72,pinnacle
2023-07-26,2023,clay,arnaldi m.,cobolli f.,1.54,2.67,pinnacle
2023-07-26,2023,clay,prizmic d.,piros z.,1.84,2.08,pinnacle
2023-07-27,2023,clay,carballes baena r.,daniel t.,1.94,1.96,pinnacle
2023-07-27,2023,clay,lehecka j.,thiem d.,1.82,2.1,pinnacle
2023-07-27,2023,clay,wawrinka s.,coria f.,1.47,2.91,pinnacle
2023-07-27,2023,clay,munar j.,marozsan f.,1.88,2.03,pinnacle
2023-07-27,2023,clay,sonego l.,cecchinato m.,1.4,3.22,pinnacle
2023-07-28,2023,clay,arnaldi m.,lehecka j.,2.31,1.69,pinnacle
2023-07-28,2023,clay,popyrin a.,prizmic d.,1.78,2.17,pinnacle
2023-07-28,2023,clay,sonego l.,munar j.,1.85,2.07,pinnacle
2023-07-28,2023,clay,wawrinka s.,carballes baena r.,1.47,2.96,pinnacle
2023-07-29,2023,clay,popyrin a.,arnaldi m.,2.26,1.72,pinnacle
2023-07-29,2023,clay,wawrinka s.,sonego l.,1.85,2.07,pinnacle
2023-07-30,2023,clay,popyrin a.,wawrinka s.,2.8,1.5,pinnacle
2023-07-31,2023,clay,molcan a.,van assche l.,2.2,1.74,pinnacle
2023-07-31,2023,clay,galan d.e.,cecchinato m.,1.64,2.39,pinnacle
2023-07-31,2023,clay,ramos-vinolas a.,varillas j.p.,1.87,2.02,pinnacle
2023-07-31,2023,clay,andreozzi g.,misolic f.,2.47,1.6,pinnacle
2023-07-31,2023,clay,baez s.,medjedovic h.,1.68,2.3,pinnacle
2023-07-31,2023,clay,carballes baena r.,pella g.,1.75,2.19,pinnacle
2023-08-01,2023,clay,altmaier d.,huesler m.a.,1.39,3.25,pinnacle
2023-08-01,2023,clay,djere l.,o connell c.,1.48,2.84,pinnacle
2023-08-01,2023,clay,seyboth wild t.,novak d.,1.57,2.56,pinnacle
2023-08-01,2023,clay,rinderknech a.,cerundolo j.m.,1.5,2.74,pinnacle
2023-08-01,2023,clay,thiem d.,bagnis f.,1.33,3.58,pinnacle
2023-08-01,2023,clay,zhang zh.,lajovic d.,1.79,2.13,pinnacle
2023-08-02,2023,clay,baez s.,carballes baena r.,1.6,2.5,pinnacle
2023-08-02,2023,clay,etcheverry t.,andreozzi g.,1.39,3.29,pinnacle
2023-08-02,2023,clay,molcan a.,ofner s.,2.15,1.79,pinnacle
2023-08-02,2023,clay,galan d.e.,altmaier d.,2.74,1.52,pinnacle
2023-08-02,2023,clay,cachin p.,ramos-vinolas a.,1.69,2.31,pinnacle
2023-08-02,2023,clay,djere l.,seyboth wild t.,1.66,2.37,pinnacle
2023-08-02,2023,clay,rinderknech a.,hanfmann y.,2.51,1.6,pinnacle
2023-08-02,2023,clay,thiem d.,zhang zh.,1.87,2.04,pinnacle
2023-08-03,2023,clay,baez s.,molcan a.,1.55,2.64,pinnacle
2023-08-03,2023,clay,etcheverry t.,galan d.e.,1.42,3.13,pinnacle
2023-08-03,2023,clay,djere l.,cachin p.,1.77,2.18,pinnacle
2023-08-03,2023,clay,thiem d.,rinderknech a.,1.74,2.22,pinnacle
2023-08-04,2023,clay,baez s.,etcheverry t.,2.02,1.89,pinnacle
2023-08-04,2023,clay,thiem d.,djere l.,2.49,1.61,pinnacle
2023-08-05,2023,clay,baez s.,thiem d.,1.84,2.08,pinnacle
2023-08-01,2023,hard,meligeni alves f.,tabilo a.,2.9,1.46,pinnacle
2023-08-01,2023,hard,brouwer g.,diallo g.,2.04,1.86,pinnacle
2023-08-01,2023,hard,isner j.,hijikata r.,1.56,2.59,pinnacle
2023-08-01,2023,hard,tirante t.a.,lama g.,1.18,5.52,pinnacle
2023-08-01,2023,hard,kovacevic a.,kumar o.,1.29,3.96,pinnacle
2023-08-02,2023,hard,koepfer d.,barrios m.,1.45,2.93,pinnacle
2023-08-02,2023,hard,jung j.,escobedo e.,2.06,1.84,pinnacle
2023-08-02,2023,hard,de minaur a.,mansouri s.,1.05,14.53,pinnacle
2023-08-02,2023,hard,duckworth j.,virtanen o.,1.72,2.23,pinnacle
2023-08-02,2023,hard,jarry n.,pacheco mendez r.,1.05,14.57,pinnacle
2023-08-02,2023,hard,ivashka i.,zhukayev b.,1.27,4.18,pinnacle
2023-08-02,2023,hard,gojo b.,garin c.,2.45,1.61,pinnacle
2023-08-03,2023,hard,koepfer d.,duckworth j.,1.6,2.51,pinnacle
2023-08-03,2023,hard,de minaur a.,tirante t.a.,1.1,9.02,pinnacle
2023-08-03,2023,hard,paul t.,meligeni alves f.,1.13,7.35,pinnacle
2023-08-03,2023,hard,coric b.,jung j.,1.14,6.92,pinnacle
2023-08-03,2023,hard,ivashka i.,gojo b.,2.08,1.84,pinnacle
2023-08-03,2023,hard,jarry n.,brouwer g.,1.31,3.84,pinnacle
2023-08-03,2023,hard,kovacevic a.,norrie c.,5.26,1.2,pinnacle
2023-08-03,2023,hard,tsitsipas s.,isner j.,1.25,4.46,pinnacle
2023-08-04,2023,hard,koepfer d.,kovacevic a.,1.51,2.77,pinnacle
2023-08-04,2023,hard,de minaur a.,paul t.,1.65,2.4,pinnacle
2023-08-04,2023,hard,tsitsipas s.,jarry n.,1.33,3.68,pinnacle
2023-08-04,2023,hard,coric b.,ivashka i.,1.3,3.88,pinnacle
2023-08-05,2023,hard,de minaur a.,koepfer d.,1.3,3.92,pinnacle
2023-08-05,2023,hard,tsitsipas s.,coric b.,1.41,3.15,pinnacle
2023-08-06,2023,hard,tsitsipas s.,de minaur a.,1.39,3.28,pinnacle
2023-07-31,2023,hard,shang j.,gomez e.,1.24,4.56,pinnacle
2023-07-31,2023,hard,ruusuvuori e.,lestienne c.,1.37,3.34,pinnacle
2023-07-31,2023,hard,shevchenko a.,cressy m.,2.93,1.45,pinnacle
2023-07-31,2023,hard,watanuki y.,wu y.,2.42,1.63,pinnacle
2023-07-31,2023,hard,mmoh m.,klahn b.,1.31,3.68,pinnacle
2023-07-31,2023,hard,karatsev a.,pannu k.,1.08,10.23,pinnacle
2023-07-31,2023,hard,broady l.,moutet c.,1.83,2.08,pinnacle
2023-07-31,2023,hard,mcdonald m.,schwartzman d.,1.54,2.64,pinnacle
2023-07-31,2023,hard,barrere g.,mochizuki s.,1.47,2.88,pinnacle
2023-07-31,2023,hard,albot r.,giron m.,3.05,1.43,pinnacle
2023-08-01,2023,hard,monfils g.,fratangelo b.,1.34,3.52,pinnacle
2023-08-01,2023,hard,kokkinakis t.,daniel t.,1.7,2.27,pinnacle
2023-08-01,2023,hard,shimabukuro s.,harris l.,3.45,1.34,pinnacle
2023-08-01,2023,hard,svajda z.,purcell m.,1.98,1.91,pinnacle
2023-08-01,2023,hard,nakashima b.,vukic a.,1.41,3.12,pinnacle
2023-08-01,2023,hard,thompson j.,anderson k.,1.51,2.64,pinnacle
2023-08-01,2023,hard,shang j.,shelton b.,2.47,1.61,pinnacle
2023-08-01,2023,hard,dimitrov g.,mcdonald m.,1.6,2.5,pinnacle
2023-08-01,2023,hard,mmoh m.,hurkacz h.,4.43,1.25,pinnacle
2023-08-01,2023,hard,ruusuvuori e.,nishioka y.,1.5,2.8,pinnacle
2023-08-02,2023,hard,tiafoe f.,karatsev a.,1.29,3.98,pinnacle
2023-08-02,2023,hard,shevchenko a.,korda s.,4.47,1.25,pinnacle
2023-08-02,2023,hard,wolf j.j.,albot r.,1.31,3.71,pinnacle
2023-08-02,2023,hard,humbert u.,kokkinakis t.,1.64,2.42,pinnacle
2023-08-02,2023,hard,eubanks c.,shimabukuro s.,1.24,4.64,pinnacle
2023-08-02,2023,hard,thompson j.,mannarino a.,1.98,1.93,pinnacle
2023-08-02,2023,hard,evans d.,barrere g.,1.88,2.02,pinnacle
2023-08-02,2023,hard,watanuki y.,auger-aliassime f.,2.57,1.57,pinnacle
2023-08-02,2023,hard,murray a.,nakashima b.,2.11,1.82,pinnacle
2023-08-02,2023,hard,griekspoor t.,broady l.,1.65,2.38,pinnacle
2023-08-03,2023,hard,monfils g.,bublik a.,2.31,1.69,pinnacle
2023-08-03,2023,hard,fritz t.,svajda z.,1.09,9.94,pinnacle
2023-08-03,2023,hard,dimitrov g.,ruusuvuori e.,1.44,3.04,pinnacle
2023-08-03,2023,hard,wolf j.j.,mmoh m.,1.35,3.51,pinnacle
2023-08-03,2023,hard,humbert u.,watanuki y.,1.5,2.81,pinnacle
2023-08-04,2023,hard,thompson j.,eubanks c.,1.88,2.03,pinnacle
2023-08-04,2023,hard,griekspoor t.,monfils g.,1.78,2.16,pinnacle
2023-08-04,2023,hard,fritz t.,murray a.,1.38,3.36,pinnacle
2023-08-04,2023,hard,evans d.,shevchenko a.,1.59,2.52,pinnacle
2023-08-04,2023,hard,tiafoe f.,shang j.,1.25,4.41,pinnacle
2023-08-04,2023,hard,dimitrov g.,humbert u.,1.51,2.78,pinnacle
2023-08-04,2023,hard,griekspoor t.,wolf j.j.,2.22,1.72,pinnacle
2023-08-05,2023,hard,fritz t.,thompson j.,1.51,2.75,pinnacle
2023-08-05,2023,hard,evans d.,tiafoe f.,4.08,1.27,pinnacle
2023-08-06,2023,hard,griekspoor t.,fritz t.,3.8,1.31,pinnacle
2023-08-06,2023,hard,evans d.,dimitrov g.,3.41,1.37,pinnacle
2023-08-06,2023,hard,evans d.,griekspoor t.,2.17,1.78,pinnacle
2023-08-07,2023,hard,cerundolo f.,galarneau a.,1.31,3.74,pinnacle
2023-08-07,2023,hard,musetti l.,nishioka y.,1.59,2.5,pinnacle
2023-08-07,2023,hard,lehecka j.,nakashima b.,2.18,1.75,pinnacle
2023-08-07,2023,hard,davidovich fokina a.,wolf j.j.,2.23,1.72,pinnacle
2023-08-07,2023,hard,berrettini m.,barrere g.,1.37,3.37,pinnacle
2023-08-07,2023,hard,hurkacz h.,bublik a.,1.49,2.79,pinnacle
2023-08-07,2023,hard,kokkinakis t.,zhang zh.,1.51,2.72,pinnacle
2023-08-07,2023,hard,monfils g.,eubanks c.,1.78,2.15,pinnacle
2023-08-07,2023,hard,daniel t.,mannarino a.,2.19,1.75,pinnacle
2023-08-08,2023,hard,raonic m.,tiafoe f.,3.3,1.37,pinnacle
2023-08-08,2023,hard,kecmanovic m.,garin c.,2.08,1.83,pinnacle
2023-08-08,2023,hard,paul t.,schwartzman d.,1.35,3.49,pinnacle
2023-08-08,2023,hard,arnaldi m.,pospisil v.,1.34,3.5,pinnacle
2023-08-08,2023,hard,giron m.,ruusuvuori e.,2.53,1.58,pinnacle
2023-08-08,2023,hard,korda s.,etcheverry t.,1.44,2.97,pinnacle
2023-08-08,2023,hard,murray a.,sonego l.,1.62,2.43,pinnacle
2023-08-08,2023,hard,humbert u.,jarry n.,2.05,1.85,pinnacle
2023-08-08,2023,hard,mcdonald m.,karatsev a.,1.84,2.06,pinnacle
2023-08-08,2023,hard,zverev a.,griekspoor t.,1.36,3.38,pinnacle
2023-08-08,2023,hard,vukic a.,coric b.,2.69,1.52,pinnacle
2023-08-08,2023,hard,de minaur a.,norrie c.,1.79,2.13,pinnacle
2023-08-08,2023,hard,diallo g.,evans d.,3.07,1.42,pinnacle
2023-08-09,2023,hard,purcell m.,auger-aliassime f.,3.17,1.4,pinnacle
2023-08-09,2023,hard,shelton b.,zapata miralles b.,1.39,3.22,pinnacle
2023-08-09,2023,hard,ruud c.,lehecka j.,1.51,2.78,pinnacle
2023-08-09,2023,hard,mcdonald m.,rublev a.,4.53,1.24,pinnacle
2023-08-09,2023,hard,fritz t.,humbert u.,1.35,3.55,pinnacle
2023-08-09,2023,hard,raonic m.,daniel t.,1.6,2.51,pinnacle
2023-08-09,2023,hard,hurkacz h.,kecmanovic m.,1.37,3.4,pinnacle
2023-08-09,2023,hard,musetti l.,kokkinakis t.,1.67,2.36,pinnacle
2023-08-09,2023,hard,medvedev d.,arnaldi m.,1.1,9.26,pinnacle
2023-08-09,2023,hard,monfils g.,tsitsipas s.,4.15,1.28,pinnacle
2023-08-09,2023,hard,de minaur a.,diallo g.,1.22,4.84,pinnacle
2023-08-09,2023,hard,davidovich fokina a.,zverev a.,3.75,1.32,pinnacle
2023-08-09,2023,hard,murray a.,purcell m.,1.32,3.76,pinnacle
2023-08-09,2023,hard,sinner j.,berrettini m.,1.43,3.07,pinnacle
2023-08-10,2023,hard,alcaraz c.,shelton b.,1.08,10.7,pinnacle
2023-08-10,2023,hard,paul t.,cerundolo f.,1.51,2.75,pinnacle
2023-08-10,2023,hard,vukic a.,korda s.,3.03,1.44,pinnacle
2023-08-10,2023,hard,giron m.,rune h.,3.14,1.42,pinnacle
2023-08-10,2023,hard,davidovich fokina a.,ruud c.,2.1,1.83,pinnacle
2023-08-10,2023,hard,mcdonald m.,raonic m.,1.9,2.01,pinnacle
2023-08-10,2023,hard,medvedev d.,musetti l.,1.21,5.01,pinnacle
2023-08-10,2023,hard,de minaur a.,fritz t.,2.15,1.79,pinnacle
2023-08-11,2023,hard,monfils g.,vukic a.,1.61,2.47,pinnacle
2023-08-11,2023,hard,alcaraz c.,hurkacz h.,1.22,4.87,pinnacle
2023-08-11,2023,hard,paul t.,giron m.,1.54,2.67,pinnacle
2023-08-11,2023,hard,sinner j.,murray a.,1.23,4.84,pinnacle
2023-08-11,2023,hard,davidovich fokina a.,mcdonald m.,1.68,2.34,pinnacle
2023-08-11,2023,hard,de minaur a.,medvedev d.,3.56,1.34,pinnacle
2023-08-12,2023,hard,paul t.,alcaraz c.,5.28,1.2,pinnacle
2023-08-12,2023,hard,sinner j.,monfils g.,1.25,4.41,pinnacle
2023-08-12,2023,hard,de minaur a.,davidovich fokina a.,1.71,2.27,pinnacle
2023-08-13,2023,hard,sinner j.,paul t.,1.41,3.17,pinnacle
2023-08-13,2023,hard,sinner j.,de minaur a.,1.39,3.27,pinnacle
2023-08-13,2023,hard,shelton b.,eubanks c.,1.81,2.09,pinnacle
2023-08-13,2023,hard,mannarino a.,gasquet r.,1.67,2.32,pinnacle
2023-08-13,2023,hard,nishioka y.,barrere g.,1.76,2.17,pinnacle
2023-08-14,2023,hard,tiafoe f.,griekspoor t.,1.55,2.61,pinnacle
2023-08-14,2023,hard,auger-aliassime f.,berrettini m.,2.79,1.49,pinnacle
2023-08-14,2023,hard,jarry n.,safiullin r.,1.82,2.09,pinnacle
2023-08-14,2023,hard,ruusuvuori e.,moutet c.,1.47,2.85,pinnacle
2023-08-14,2023,hard,lajovic d.,cerundolo f.,2.59,1.56,pinnacle
2023-08-14,2023,hard,thompson j.,isner j.,1.7,2.27,pinnacle
2023-08-15,2023,hard,humbert u.,fils a.,1.72,2.23,pinnacle
2023-08-15,2023,hard,paul t.,kecmanovic m.,1.47,2.87,pinnacle
2023-08-15,2023,hard,fritz t.,lehecka j.,1.35,3.48,pinnacle
2023-08-15,2023,hard,popyrin a.,altmaier d.,1.91,1.91,bet365
2023-08-15,2023,hard,coric b.,korda s.,2.29,1.69,pinnacle
2023-08-15,2023,hard,wawrinka s.,nakashima b.,2.04,1.85,pinnacle
2023-08-15,2023,hard,zverev a.,dimitrov g.,1.65,2.36,pinnacle
2023-08-15,2023,hard,davidovich fokina a.,etcheverry t.,1.29,3.9,pinnacle
2023-08-15,2023,hard,musetti l.,evans d.,1.74,2.21,pinnacle
2023-08-15,2023,hard,monfils g.,norrie c.,2.11,1.8,pinnacle
2023-08-15,2023,hard,sonego l.,shevchenko a.,1.59,2.5,pinnacle
2023-08-15,2023,hard,hurkacz h.,kokkinakis t.,1.41,3.13,pinnacle
2023-08-15,2023,hard,purcell m.,harris l.,2.03,1.86,pinnacle
2023-08-16,2023,hard,de minaur a.,wolf j.j.,1.55,2.6,pinnacle
2023-08-16,2023,hard,mcdonald m.,hanfmann y.,1.39,3.22,pinnacle
2023-08-15,2023,hard,ruusuvuori e.,rublev a.,3.71,1.32,pinnacle
2023-08-16,2023,hard,mannarino a.,auger-aliassime f.,2.59,1.57,pinnacle
2023-08-16,2023,hard,alcaraz c.,thompson j.,1.11,8.33,pinnacle
2023-08-16,2023,hard,paul t.,humbert u.,1.51,2.76,pinnacle
2023-08-16,2023,hard,zverev a.,nishioka y.,1.18,5.65,pinnacle
2023-08-16,2023,hard,medvedev d.,musetti l.,1.23,4.7,pinnacle
2023-08-16,2023,hard,lajovic d.,sinner j.,8.36,1.11,pinnacle
2023-08-16,2023,hard,fritz t.,sonego l.,1.27,4.26,pinnacle
2023-08-16,2023,hard,purcell m.,ruud c.,3.6,1.34,pinnacle
2023-08-16,2023,hard,hurkacz h.,coric b.,1.69,2.3,pinnacle
2023-08-16,2023,hard,tsitsipas s.,shelton b.,1.29,3.97,pinnacle
2023-08-16,2023,hard,monfils g.,de minaur a.,2.7,1.53,pinnacle
2023-08-16,2023,hard,mcdonald m.,rune h.,2.56,1.58,pinnacle
2023-08-17,2023,hard,djokovic n.,davidovich fokina a.,1.17,6.02,pinnacle
2023-08-17,2023,hard,wawrinka s.,tiafoe f.,2.6,1.56,pinnacle
2023-08-17,2023,hard,popyrin a.,jarry n.,2.05,1.85,pinnacle
2023-08-17,2023,hard,popyrin a.,ruusuvuori e.,2.62,1.56,pinnacle
2023-08-17,2023,hard,zverev a.,medvedev d.,2.63,1.55,pinnacle
2023-08-17,2023,hard,hurkacz h.,tsitsipas s.,2.66,1.54,pinnacle
2023-08-17,2023,hard,mannarino a.,mcdonald m.,2.28,1.71,pinnacle
2023-08-17,2023,hard,alcaraz c.,paul t.,1.27,4.26,pinnacle
2023-08-17,2023,hard,purcell m.,wawrinka s.,3.12,1.42,pinnacle
2023-08-18,2023,hard,fritz t.,lajovic d.,1.25,4.49,pinnacle
2023-08-18,2023,hard,djokovic n.,monfils g.,1.14,6.75,pinnacle
2023-08-18,2023,hard,hurkacz h.,popyrin a.,1.34,3.63,pinnacle
2023-08-18,2023,hard,alcaraz c.,purcell m.,1.08,10.57,pinnacle
2023-08-19,2023,hard,zverev a.,mannarino a.,1.27,4.24,pinnacle
2023-08-19,2023,hard,djokovic n.,fritz t.,1.26,4.37,pinnacle
2023-08-19,2023,hard,alcaraz c.,hurkacz h.,1.32,3.72,pinnacle
2023-08-20,2023,hard,djokovic n.,zverev a.,1.34,3.57,pinnacle
2023-08-20,2023,hard,djokovic n.,alcaraz c.,1.69,2.3,pinnacle
2023-08-20,2023,hard,huesler m.a.,shevchenko a.,2.09,1.81,pinnacle
2023-08-20,2023,hard,zhang zh.,ivashka i.,1.85,2.04,pinnacle
2023-08-20,2023,hard,cerundolo j.m.,safiullin r.,6.28,1.15,pinnacle
2023-08-20,2023,hard,bonzi b.,muller a.,2.12,1.79,pinnacle
2023-08-20,2023,hard,galan d.e.,albot r.,1.79,2.13,pinnacle
2023-08-20,2023,hard,michelsen a.,varillas j.p.,1.48,2.83,pinnacle
2023-08-21,2023,hard,nakashima b.,kubler j.,1.45,2.96,pinnacle
2023-08-21,2023,hard,diaz acosta f.,halys q.,3.94,1.29,pinnacle
2023-08-21,2023,hard,purcell m.,cecchinato m.,1.16,6.06,pinnacle
2023-08-21,2023,hard,draper j.,borges n.,1.38,3.27,pinnacle
2023-08-21,2023,hard,hijikata r.,marchenko i.,1.69,2.28,pinnacle
2023-08-21,2023,hard,krueger m.,kotov p.,2.38,1.65,pinnacle
2023-08-21,2023,hard,koepfer d.,lestienne c.,1.61,2.46,pinnacle
2023-08-21,2023,hard,mmoh m.,king d.,1.3,3.86,pinnacle
2023-08-21,2023,hard,kumar o.,rinderknech a.,5.5,1.14,bet365
2023-08-22,2023,hard,van assche l.,kwiatkowski t.s.,1.48,2.83,pinnacle
2023-08-21,2023,hard,fucsovics m.,zhang zh.,1.65,2.37,pinnacle
2023-08-22,2023,hard,gasquet r.,huesler m.a.,1.86,2.03,pinnacle
2023-08-22,2023,hard,baez s.,galan d.e.,2.1,1.81,pinnacle
2023-08-22,2023,hard,nakashima b.,fils a.,1.8,2.12,pinnacle
2023-08-22,2023,hard,michelsen a.,ofner s.,1.77,2.15,pinnacle
2023-08-22,2023,hard,djere l.,diaz acosta f.,1.46,2.9,pinnacle
2023-08-22,2023,hard,koepfer d.,kirchheimer s.,1.11,8.05,pinnacle
2023-08-22,2023,hard,cerundolo j.m.,hanfmann y.,3.16,1.4,pinnacle
2023-08-22,2023,hard,griekspoor t.,draper j.,2.0,1.89,pinnacle
2023-08-22,2023,hard,korda s.,bonzi b.,1.29,3.96,pinnacle
2023-08-22,2023,hard,vukic a.,van assche l.,1.6,2.49,pinnacle
2023-08-22,2023,hard,lehecka j.,krueger m.,1.26,4.24,pinnacle
2023-08-22,2023,hard,coric b.,hijikata r.,1.27,4.12,pinnacle
2023-08-23,2023,hard,kumar o.,van de zandschulp b.,4.75,1.22,pinnacle
2023-08-23,2023,hard,mmoh m.,giron m.,2.63,1.54,pinnacle
2023-08-23,2023,hard,korda s.,fucsovics m.,1.45,3.0,pinnacle
2023-08-23,2023,hard,purcell m.,griekspoor t.,2.49,1.61,pinnacle
2023-08-23,2023,hard,baez s.,vukic a.,2.21,1.75,pinnacle
2023-08-23,2023,hard,gasquet r.,nakashima b.,3.37,1.37,pinnacle
2023-08-23,2023,hard,lehecka j.,koepfer d.,1.66,2.38,pinnacle
2023-08-23,2023,hard,cerundolo j.m.,kumar o.,1.7,2.29,pinnacle
2023-08-23,2023,hard,coric b.,mmoh m.,1.55,2.65,pinnacle
2023-08-24,2023,hard,djere l.,michelsen a.,1.74,2.24,pinnacle
2023-08-24,2023,hard,korda s.,gasquet r.,1.34,3.58,pinnacle
2023-08-24,2023,hard,lehecka j.,purcell m.,1.81,2.12,pinnacle
2023-08-25,2023,hard,coric b.,cerundolo j.m.,1.25,4.45,pinnacle
2023-08-25,2023,hard,baez s.,djere l.,2.25,1.72,pinnacle
2023-08-25,2023,hard,lehecka j.,korda s.,2.5,1.53,bet365
2023-08-25,2023,hard,baez s.,coric b.,3.02,1.44,pinnacle
2023-08-26,2023,hard,baez s.,lehecka j.,1.4,1.65,pinnacle
2023-08-28,2023,hard,shelton b.,cachin p.,1.23,4.69,pinnacle
2023-08-28,2023,hard,ofner s.,borges n.,1.83,2.1,pinnacle
2023-08-28,2023,hard,zhang zh.,wolf j.j.,3.39,1.37,pinnacle
2023-08-28,2023,hard,cerundolo j.m.,ivashka i.,3.22,1.4,pinnacle
2023-08-28,2023,hard,marozsan f.,gasquet r.,2.9,1.47,pinnacle
2023-08-28,2023,hard,mannarino a.,watanuki y.,1.56,2.59,pinnacle
2023-08-28,2023,hard,thiem d.,bublik a.,2.41,1.65,pinnacle
2023-08-28,2023,hard,davidovich fokina a.,giron m.,1.49,2.84,pinnacle
2023-08-28,2023,hard,carballes baena r.,rune h.,8.09,1.11,pinnacle
2023-08-28,2023,hard,ruud c.,nava e.,1.17,5.85,pinnacle
2023-08-28,2023,hard,tiafoe f.,tien l.,1.03,25.44,pinnacle
2023-08-28,2023,hard,mensik j.,barrere g.,2.13,1.8,pinnacle
2023-08-28,2023,hard,djere l.,nakashima b.,3.11,1.42,pinnacle
2023-08-28,2023,hard,hijikata r.,kotov p.,1.86,2.05,pinnacle
2023-08-28,2023,hard,fucsovics m.,korda s.,3.1,1.42,pinnacle
2023-08-28,2023,hard,cerundolo f.,svajda z.,1.37,3.38,pinnacle
2023-08-28,2023,hard,varillas j.p.,kecmanovic m.,4.97,1.22,pinnacle
2023-08-28,2023,hard,vesely j.,couacaud e.,2.58,1.57,pinnacle
2023-08-28,2023,hard,droguet t.,musetti l.,7.81,1.12,pinnacle
2023-08-28,2023,hard,fritz t.,johnson s.,1.05,14.7,pinnacle
2023-08-28,2023,hard,zapata miralles b.,quinn e.,1.45,2.99,pinnacle
2023-08-28,2023,hard,karatsev a.,lehecka j.,2.67,1.54,pinnacle
2023-08-28,2023,hard,paul t.,travaglia s.,1.06,12.9,pinnacle
2023-08-28,2023,hard,eubanks c.,kwon s.w.,1.3,3.9,pinnacle
2023-08-28,2023,hard,mcdonald m.,auger-aliassime f.,2.19,1.76,pinnacle
2023-08-28,2023,hard,safiullin r.,cecchinato m.,1.09,9.79,pinnacle
2023-08-28,2023,hard,bonzi b.,halys q.,2.74,1.52,pinnacle
2023-08-28,2023,hard,stricker d.,popyrin a.,2.55,1.58,pinnacle
2023-08-28,2023,hard,gaston h.,shimabukuro s.,1.79,2.14,pinnacle
2023-08-29,2023,hard,tsitsipas s.,raonic m.,1.31,3.87,pinnacle
2023-08-29,2023,hard,gojo b.,dellien h.,1.14,6.76,pinnacle
2023-08-29,2023,hard,djokovic n.,muller a.,1.01,53.65,pinnacle
2023-08-29,2023,hard,berrettini m.,humbert u.,1.52,2.72,pinnacle
2023-08-29,2023,hard,meligeni alves f.,duckworth j.,1.78,2.17,pinnacle
2023-08-29,2023,hard,arnaldi m.,kubler j.,2.01,1.89,pinnacle
2023-08-29,2023,hard,o connell c.,purcell m.,2.66,1.54,pinnacle
2023-08-29,2023,hard,fils a.,griekspoor t.,2.44,1.63,pinnacle
2023-08-29,2023,hard,jarry n.,van assche l.,1.46,2.95,pinnacle
2023-08-29,2023,hard,rinderknech a.,schwartzman d.,2.23,1.74,pinnacle
2023-08-29,2023,hard,zverev a.,vukic a.,1.11,8.25,pinnacle
2023-08-29,2023,hard,medvedev d.,balazs a.,1.01,64.19,pinnacle
2023-08-29,2023,hard,mmoh m.,khachanov k.,2.63,1.55,pinnacle
2023-08-29,2023,hard,michelsen a.,ramos-vinolas a.,1.35,3.51,pinnacle
2023-08-29,2023,hard,altmaier d.,lestienne c.,1.91,1.99,pinnacle
2023-08-29,2023,hard,norrie c.,shevchenko a.,1.23,4.77,pinnacle
2023-08-29,2023,hard,dimitrov g.,molcan a.,1.17,5.92,pinnacle
2023-08-29,2023,hard,hsu y.,kokkinakis t.,5.64,1.18,pinnacle
2023-08-29,2023,hard,murray a.,moutet c.,1.32,3.78,pinnacle
2023-08-29,2023,hard,baez s.,coric b.,2.79,1.5,pinnacle
2023-08-29,2023,hard,rublev a.,cazaux a.,1.14,6.55,pinnacle
2023-08-29,2023,hard,isner j.,diaz acosta f.,1.39,3.29,pinnacle
2023-08-29,2023,hard,draper j.,albot r.,1.24,4.56,pinnacle
2023-08-29,2023,hard,van de zandschulp b.,thompson j.,2.98,1.45,pinnacle
2023-08-29,2023,hard,de minaur a.,skatov t.,1.05,14.37,pinnacle
2023-08-29,2023,hard,evans d.,galan d.e.,1.39,3.3,pinnacle
2023-08-29,2023,hard,sonego l.,moreno de alboran n.,1.35,3.54,pinnacle
2023-08-29,2023,hard,wu y.,lajovic d.,1.98,1.93,pinnacle
2023-08-29,2023,hard,wawrinka s.,nishioka y.,1.45,2.97,pinnacle
2023-08-29,2023,hard,hurkacz h.,huesler m.a.,1.08,10.98,pinnacle
2023-08-29,2023,hard,monfils g.,daniel t.,1.35,3.49,pinnacle
2023-08-29,2023,hard,etcheverry t.,virtanen o.,1.6,2.5,pinnacle
2023-08-29,2023,hard,harris l.,pella g.,1.4,3.21,pinnacle
2023-08-30,2023,hard,sinner j.,hanfmann y.,1.04,18.84,pinnacle
2023-08-30,2023,hard,alcaraz c.,koepfer d.,1.02,28.61,pinnacle
2023-08-30,2023,hard,gojo b.,mcdonald m.,2.86,1.48,pinnacle
2023-08-30,2023,hard,stricker d.,tsitsipas s.,6.63,1.15,pinnacle
2023-08-30,2023,hard,djere l.,gaston h.,1.52,2.71,pinnacle
2023-08-30,2023,hard,karatsev a.,carballes baena r.,1.37,3.38,pinnacle
2023-08-30,2023,hard,bonzi b.,eubanks c.,2.67,1.54,pinnacle
2023-08-30,2023,hard,djokovic n.,zapata miralles b.,1.01,29.09,pinnacle
2023-08-30,2023,hard,vesely j.,cerundolo f.,4.54,1.24,pinnacle
2023-08-30,2023,hard,mannarino a.,marozsan f.,1.36,3.48,pinnacle
2023-08-30,2023,hard,shelton b.,thiem d.,1.86,2.05,pinnacle
2023-08-30,2023,hard,hijikata r.,fucsovics m.,3.49,1.36,pinnacle
2023-08-30,2023,hard,paul t.,safiullin r.,1.28,4.12,pinnacle
2023-08-30,2023,hard,davidovich fokina a.,cerundolo j.m.,1.09,9.8,pinnacle
2023-08-30,2023,hard,mensik j.,droguet t.,1.78,2.17,pinnacle
2023-08-30,2023,hard,zhang zh.,ruud c.,4.97,1.22,pinnacle
2023-08-31,2023,hard,tiafoe f.,ofner s.,1.15,6.54,pinnacle
2023-08-31,2023,hard,fritz t.,varillas j.p.,1.03,20.4,pinnacle
2023-08-31,2023,hard,sinner j.,sonego l.,1.11,8.19,pinnacle
2023-08-31,2023,hard,mmoh m.,isner j.,1.83,2.09,pinnacle
2023-08-31,2023,hard,draper j.,hurkacz h.,2.82,1.5,pinnacle
2023-08-31,2023,hard,zverev a.,altmaier d.,1.09,9.9,pinnacle
2023-08-31,2023,hard,dimitrov g.,murray a.,1.73,2.24,pinnacle
2023-08-31,2023,hard,rinderknech a.,berrettini m.,5.25,1.2,pinnacle
2023-08-31,2023,hard,arnaldi m.,fils a.,2.54,1.58,pinnacle
2023-08-31,2023,hard,de minaur a.,wu y.,1.22,4.87,pinnacle
2023-08-31,2023,hard,wawrinka s.,etcheverry t.,1.31,3.8,pinnacle
2023-08-31,2023,hard,norrie c.,hsu y.,1.1,8.84,pinnacle
2023-08-31,2023,hard,jarry n.,michelsen a.,1.6,2.51,pinnacle
2023-08-31,2023,hard,rublev a.,monfils g.,1.41,3.15,pinnacle
2023-08-31,2023,hard,evans d.,van de zandschulp b.,1.56,2.62,pinnacle
2023-09-01,2023,hard,baez s.,meligeni alves f.,1.27,4.2,pinnacle
2023-09-01,2023,hard,alcaraz c.,harris l.,1.02,26.53,pinnacle
2023-09-01,2023,hard,medvedev d.,o connell c.,1.04,19.21,pinnacle
2023-09-01,2023,hard,paul t.,davidovich fokina a.,1.67,2.35,pinnacle
2023-09-01,2023,hard,shelton b.,karatsev a.,1.65,2.4,pinnacle
2023-09-01,2023,hard,tiafoe f.,mannarino a.,1.3,3.9,pinnacle
2023-09-01,2023,hard,hijikata r.,zhang zh.,2.45,1.62,pinnacle
2023-09-01,2023,hard,stricker d.,bonzi b.,1.66,2.38,pinnacle
2023-09-02,2023,hard,fritz t.,mensik j.,1.08,10.81,pinnacle
2023-09-02,2023,hard,gojo b.,vesely j.,1.34,3.61,pinnacle
2023-09-02,2023,hard,djokovic n.,djere l.,1.02,30.68,pinnacle
2023-09-02,2023,hard,draper j.,mmoh m.,1.34,3.6,pinnacle
2023-09-02,2023,hard,alcaraz c.,evans d.,1.04,17.77,pinnacle
2023-09-02,2023,hard,arnaldi m.,norrie c.,3.94,1.3,pinnacle
2023-09-02,2023,hard,rublev a.,rinderknech a.,1.15,6.41,pinnacle
2023-09-02,2023,hard,sinner j.,wawrinka s.,1.12,7.73,pinnacle
2023-09-02,2023,hard,de minaur a.,jarry n.,1.22,4.83,pinnacle
2023-09-03,2023,hard,zverev a.,dimitrov g.,1.49,2.84,pinnacle
2023-09-03,2023,hard,medvedev d.,baez s.,1.09,9.28,pinnacle
2023-09-03,2023,hard,shelton b.,paul t.,3.55,1.35,pinnacle
2023-09-03,2023,hard,tiafoe f.,hijikata r.,1.21,5.13,pinnacle
2023-09-03,2023,hard,fritz t.,stricker d.,1.15,6.37,pinnacle
2023-09-04,2023,hard,djokovic n.,gojo b.,1.03,23.38,pinnacle
2023-09-04,2023,hard,alcaraz c.,arnaldi m.,1.03,24.65,pinnacle
2023-09-04,2023,hard,rublev a.,draper j.,1.39,3.27,pinnacle
2023-09-04,2023,hard,medvedev d.,de minaur a.,1.38,3.35,pinnacle
2023-09-05,2023,hard,zverev a.,sinner j.,2.69,1.53,pinnacle
2023-09-05,2023,hard,djokovic n.,fritz t.,1.14,6.8,pinnacle
2023-09-06,2023,hard,shelton b.,tiafoe f.,3.01,1.44,pinnacle
2023-09-06,2023,hard,medvedev d.,rublev a.,1.39,3.3,pinnacle
2023-09-07,2023,hard,alcaraz c.,zverev a.,1.22,4.9,pinnacle
2023-09-08,2023,hard,djokovic n.,shelton b.,1.09,9.76,pinnacle
2023-09-09,2023,hard,medvedev d.,alcaraz c.,4.13,1.28,pinnacle
2023-09-10,2023,hard,djokovic n.,medvedev d.,1.46,2.95,pinnacle
2023-09-20,2023,hard,daniel t.,vukic a.,2.0,1.87,pinnacle
2023-09-20,2023,hard,safiullin r.,nakashima b.,1.91,1.96,pinnacle
2023-09-20,2023,hard,moutet c.,mu t.,1.06,11.41,pinnacle
2023-09-21,2023,hard,lajovic d.,bergs z.,1.79,2.1,pinnacle
2023-09-21,2023,hard,o connell c.,kachmazov a.,1.19,5.25,pinnacle
2023-09-21,2023,hard,varillas j.p.,cui j.,1.2,5.03,pinnacle
2023-09-21,2023,hard,sekulic p.,borges n.,4.93,1.2,pinnacle
2023-09-21,2023,hard,thompson j.,purcell m.,1.98,1.88,pinnacle
2023-09-21,2023,hard,giron m.,bublik a.,2.2,1.67,bet365
2023-09-21,2023,hard,kotov p.,galan d.e.,1.77,2.14,pinnacle
2023-09-21,2023,hard,kecmanovic m.,lock b.,1.1,8.11,pinnacle
2023-09-22,2023,hard,o connell c.,daniel t.,1.86,2.03,pinnacle
2023-09-22,2023,hard,thompson j.,lajovic d.,1.48,2.82,pinnacle
2023-09-22,2023,hard,safiullin r.,evans d.,1.85,2.05,pinnacle
2023-09-23,2023,hard,rinderknech a.,giron m.,2.09,1.82,pinnacle
2023-09-23,2023,hard,dimitrov g.,varillas j.p.,1.15,6.37,pinnacle
2023-09-23,2023,hard,musetti l.,sekulic p.,1.09,9.08,pinnacle
2023-09-23,2023,hard,kecmanovic m.,moutet c.,1.66,2.35,pinnacle
2023-09-23,2023,hard,zverev a.,kotov p.,1.13,7.18,pinnacle
2023-09-24,2023,hard,safiullin r.,thompson j.,1.84,2.08,pinnacle
2023-09-24,2023,hard,musetti l.,rinderknech a.,1.78,2.17,pinnacle
2023-09-24,2023,hard,zverev a.,kecmanovic m.,1.19,5.51,pinnacle
2023-09-24,2023,hard,dimitrov g.,o connell c.,1.35,3.55,pinnacle
2023-09-25,2023,hard,safiullin r.,musetti l.,1.81,2.12,pinnacle
2023-09-25,2023,hard,zverev a.,dimitrov g.,1.54,2.68,pinnacle
2023-09-26,2023,hard,zverev a.,safiullin r.,1.36,3.46,pinnacle
2023-09-20,2023,hard,harris l.,vesely j.,1.51,2.68,pinnacle
2023-09-20,2023,hard,nishioka y.,atmane t.,1.5,2.73,pinnacle
2023-09-20,2023,hard,svrcina d.,li zh.,1.39,3.16,pinnacle
2023-09-21,2023,hard,polmans m.,sweeny d.,1.41,3.08,pinnacle
2023-09-21,2023,hard,karatsev a.,arnaldi m.,2.1,1.73,bet365
2023-09-21,2023,hard,coppejans k.,kovacevic a.,2.41,1.62,pinnacle
2023-09-21,2023,hard,bolt a.,schwartzman d.,3.03,1.42,pinnacle
2023-09-21,2023,hard,etcheverry t.,saville l.,1.21,4.83,pinnacle
2023-09-21,2023,hard,garin c.,zhou y.,1.06,11.33,pinnacle
2023-09-21,2023,hard,murray a.,mo y.,1.04,17.67,pinnacle
2023-09-21,2023,hard,muller a.,hijikata r.,1.94,1.93,pinnacle
2023-09-21,2023,hard,mcdonald m.,shang j.,1.61,2.42,pinnacle
2023-09-22,2023,hard,nishioka y.,harris l.,2.05,1.85,pinnacle
2023-09-22,2023,hard,struff j.l.,garin c.,1.93,1.96,pinnacle
2023-09-22,2023,hard,mcdonald m.,coppejans k.,1.25,4.4,pinnacle
2023-09-22,2023,hard,khachanov k.,bolt a.,1.26,4.21,pinnacle
2023-09-23,2023,hard,korda s.,muller a.,1.33,3.59,pinnacle
2023-09-23,2023,hard,etcheverry t.,svrcina d.,1.36,3.38,pinnacle
2023-09-23,2023,hard,karatsev a.,murray a.,2.17,1.76,pinnacle
2023-09-23,2023,hard,norrie c.,polmans m.,1.21,4.93,pinnacle
2023-09-24,2023,hard,khachanov k.,mcdonald m.,1.95,1.95,pinnacle
2023-09-24,2023,hard,korda s.,etcheverry t.,1.32,3.77,pinnacle
2023-09-24,2023,hard,karatsev a.,norrie c.,3.08,1.43,pinnacle
2023-09-24,2023,hard,nishioka y.,struff j.l.,1.7,2.29,pinnacle
2023-09-25,2023,hard,khachanov k.,korda s.,2.42,1.64,pinnacle
2023-09-25,2023,hard,nishioka y.,karatsev a.,2.18,1.77,pinnacle
2023-09-26,2023,hard,khachanov k.,nishioka y.,1.58,2.56,pinnacle
2023-09-28,2023,hard,humbert u.,sonego l.,1.87,2.02,pinnacle
2023-09-28,2023,hard,arnaldi m.,wolf j.j.,2.33,1.67,pinnacle
2023-09-28,2023,hard,etcheverry t.,harris l.,3.01,1.43,pinnacle
2023-09-28,2023,hard,davidovich fokina a.,zhou y.,1.04,16.52,pinnacle
2023-09-28,2023,hard,de minaur a.,murray a.,1.34,3.55,pinnacle
2023-09-29,2023,hard,dimitrov g.,mcdonald m.,1.54,2.64,pinnacle
2023-09-29,2023,hard,sinner j.,evans d.,1.21,4.85,pinnacle
2023-09-29,2023,hard,medvedev d.,paul t.,1.22,4.85,pinnacle
2023-09-29,2023,hard,rune h.,auger-aliassime f.,2.26,1.7,pinnacle
2023-09-29,2023,hard,rublev a.,norrie c.,1.48,2.82,pinnacle
2023-09-29,2023,hard,jarry n.,tsitsipas s.,2.75,1.5,pinnacle
2023-09-29,2023,hard,zverev a.,schwartzman d.,1.12,7.61,pinnacle
2023-09-29,2023,hard,musetti l.,khachanov k.,2.46,1.61,pinnacle
2023-09-29,2023,hard,nishioka y.,shang j.,1.66,2.34,pinnacle
2023-09-29,2023,hard,alcaraz c.,hanfmann y.,1.06,13.06,pinnacle
2023-09-29,2023,hard,ruud c.,struff j.l.,1.49,2.79,pinnacle
2023-09-30,2023,hard,jarry n.,arnaldi m.,1.79,2.15,pinnacle
2023-09-30,2023,hard,medvedev d.,de minaur a.,1.28,4.13,pinnacle
2023-09-30,2023,hard,humbert u.,rublev a.,3.47,1.36,pinnacle
2023-09-30,2023,hard,zverev a.,davidovich fokina a.,1.54,2.66,pinnacle
2023-10-01,2023,hard,ruud c.,etcheverry t.,1.26,4.39,pinnacle
2023-10-01,2023,hard,alcaraz c.,musetti l.,1.15,6.6,pinnacle
2023-10-01,2023,hard,sinner j.,nishioka y.,1.23,4.74,pinnacle
2023-10-01,2023,hard,dimitrov g.,rune h.,1.82,2.11,pinnacle
2023-10-02,2023,hard,medvedev d.,humbert u.,1.19,5.47,pinnacle
2023-10-02,2023,hard,zverev a.,jarry n.,1.35,3.49,pinnacle
2023-10-02,2023,hard,alcaraz c.,ruud c.,1.15,6.57,pinnacle
2023-10-02,2023,hard,sinner j.,dimitrov g.,1.36,3.45,pinnacle
2023-10-03,2023,hard,medvedev d.,zverev a.,1.49,2.85,pinnacle
2023-10-03,2023,hard,sinner j.,alcaraz c.,3.77,1.32,pinnacle
2023-10-04,2023,hard,sinner j.,medvedev d.,2.45,1.63,pinnacle
2023-09-27,2023,hard,medjedovic h.,djere l.,3.18,1.4,pinnacle
2023-09-27,2023,hard,shevchenko a.,van de zandschulp b.,3.32,1.37,pinnacle
2023-09-27,2023,hard,borges n.,kukushkin m.,1.66,2.34,pinnacle
2023-09-28,2023,hard,mannarino a.,rinderknech a.,1.6,2.47,pinnacle
2023-09-28,2023,hard,gerasimov e.,zapata miralles b.,1.94,1.94,pinnacle
2023-09-28,2023,hard,rodionov j.,barrere g.,2.35,1.66,pinnacle
2023-09-28,2023,hard,kachmazov a.,moutet c.,2.17,1.76,pinnacle
2023-09-28,2023,hard,giron m.,wawrinka s.,2.59,1.56,pinnacle
2023-09-28,2023,hard,shimabukuro s.,carballes baena r.,2.31,1.68,pinnacle
2023-09-28,2023,hard,thiem d.,varillas j.p.,1.43,3.03,pinnacle
2023-09-29,2023,hard,korda s.,popyrin a.,1.34,3.53,pinnacle
2023-09-29,2023,hard,ofner s.,fucsovics m.,2.68,1.52,pinnacle
2023-09-29,2023,hard,mannarino a.,kachmazov a.,1.28,4.15,pinnacle
2023-09-29,2023,hard,lehecka j.,gerasimov e.,1.31,3.85,pinnacle
2023-09-29,2023,hard,medjedovic h.,shevchenko a.,1.78,2.16,pinnacle
2023-09-29,2023,hard,rodionov j.,baez s.,2.66,1.54,pinnacle
2023-09-30,2023,hard,griekspoor t.,shimabukuro s.,1.23,4.8,pinnacle
2023-09-30,2023,hard,korda s.,borges n.,1.21,5.05,pinnacle
2023-09-30,2023,hard,thiem d.,giron m.,2.1,1.82,pinnacle
2023-09-30,2023,hard,ofner s.,bublik a.,2.74,1.52,pinnacle
2023-10-01,2023,hard,medjedovic h.,lehecka j.,2.74,1.52,pinnacle
2023-10-01,2023,hard,korda s.,griekspoor t.,1.67,2.36,pinnacle
2023-10-01,2023,hard,mannarino a.,rodionov j.,1.54,2.68,pinnacle
2023-10-01,2023,hard,ofner s.,thiem d.,2.12,1.81,pinnacle
2023-10-02,2023,hard,korda s.,medjedovic h.,1.45,3.0,pinnacle
2023-10-02,2023,hard,mannarino a.,ofner s.,1.61,2.49,pinnacle
2023-10-03,2023,hard,mannarino a.,korda s.,2.37,1.66,pinnacle
2023-10-04,2023,hard,kecmanovic m.,bu y.,1.27,4.16,pinnacle
2023-10-04,2023,hard,nakashima b.,zapata miralles b.,1.39,3.22,pinnacle
2023-10-04,2023,hard,nishioka y.,altmaier d.,1.56,2.58,pinnacle
2023-10-04,2023,hard,lajovic d.,wawrinka s.,3.21,1.39,pinnacle
2023-10-04,2023,hard,sweeny d.,daniel t.,4.19,1.27,pinnacle
2023-10-04,2023,hard,kokkinakis t.,fognini f.,1.27,4.16,pinnacle
2023-10-04,2023,hard,munar j.,te r.,1.22,4.79,pinnacle
2023-10-04,2023,hard,marozsan f.,rinderknech a.,2.63,1.54,pinnacle
2023-10-04,2023,hard,hanfmann y.,duckworth j.,1.5,2.76,pinnacle
2023-10-04,2023,hard,mcdonald m.,moutet c.,1.38,3.29,pinnacle
2023-10-04,2023,hard,fucsovics m.,yevseyev d.,1.26,4.26,pinnacle
2023-10-04,2023,hard,zhang zh.,gasquet r.,1.66,2.34,pinnacle
2023-10-04,2023,hard,giron m.,galan d.e.,1.41,3.1,pinnacle
2023-10-04,2023,hard,hsu y.,purcell m.,2.72,1.51,pinnacle
2023-10-04,2023,hard,garin c.,kovacevic a.,1.68,2.3,pinnacle
2023-10-04,2023,hard,safiullin r.,murray a.,1.86,2.04,pinnacle
2023-10-05,2023,hard,tseng c.h.,shevchenko a.,2.54,1.57,pinnacle
2023-10-05,2023,hard,kukushkin m.,muller a.,2.11,1.8,pinnacle
2023-10-05,2023,hard,sonego l.,sekulic p.,1.16,5.96,pinnacle
2023-10-05,2023,hard,barrere g.,borges n.,1.8,2.11,pinnacle
2023-10-05,2023,hard,vukic a.,carballes baena r.,1.42,3.06,pinnacle
2023-10-05,2023,hard,fils a.,kotov p.,1.59,2.5,pinnacle
2023-10-05,2023,hard,hijikata r.,djere l.,2.21,1.74,pinnacle
2023-10-05,2023,hard,zhukayev b.,napolitano s.,2.27,1.7,pinnacle
2023-10-05,2023,hard,atmane t.,thompson j.,2.61,1.55,pinnacle
2023-10-05,2023,hard,arnaldi m.,popyrin a.,1.72,2.24,pinnacle
2023-10-05,2023,hard,halys q.,karatsev a.,2.5,1.59,pinnacle
2023-10-05,2023,hard,van de zandschulp b.,o connell c.,2.13,1.79,pinnacle
2023-10-05,2023,hard,schwartzman d.,van assche l.,1.97,1.91,pinnacle
2023-10-05,2023,hard,wolf j.j.,cachin p.,1.29,3.93,pinnacle
2023-10-05,2023,hard,ofner s.,varillas j.p.,1.54,2.64,pinnacle
2023-10-05,2023,hard,watanuki y.,shang j.,1.65,2.37,pinnacle
2023-10-06,2023,hard,eubanks c.,hanfmann y.,2.28,1.69,pinnacle
2023-10-06,2023,hard,ruud c.,nishioka y.,1.48,2.84,pinnacle
2023-10-06,2023,hard,marozsan f.,de minaur a.,6.25,1.15,pinnacle
2023-10-06,2023,hard,lajovic d.,griekspoor t.,2.72,1.51,pinnacle
2023-10-06,2023,hard,cerundolo f.,mcdonald m.,1.95,1.93,pinnacle
2023-10-06,2023,hard,fucsovics m.,auger-aliassime f.,2.36,1.65,pinnacle
2023-10-06,2023,hard,nakashima b.,rune h.,2.56,1.56,pinnacle
2023-10-06,2023,hard,hsu y.,musetti l.,4.71,1.22,pinnacle
2023-10-06,2023,hard,shelton b.,munar j.,1.26,4.59,pinnacle
2023-10-06,2023,hard,hurkacz h.,kokkinakis t.,1.56,2.59,pinnacle
2023-10-06,2023,hard,zhang zh.,etcheverry t.,1.73,2.22,pinnacle
2023-10-06,2023,hard,baez s.,sweeny d.,1.31,3.77,pinnacle
2023-10-06,2023,hard,korda s.,bu y.,1.19,5.34,pinnacle
2023-10-06,2023,hard,safiullin r.,zverev a.,3.04,1.43,pinnacle
2023-10-07,2023,hard,tsitsipas s.,hijikata r.,1.24,4.51,pinnacle
2023-10-07,2023,hard,paul t.,ofner s.,1.3,3.8,pinnacle
2023-10-07,2023,hard,arnaldi m.,struff j.l.,1.66,2.35,pinnacle
2023-10-07,2023,hard,jarry n.,atmane t.,1.38,3.28,pinnacle
2023-10-07,2023,hard,medvedev d.,garin c.,1.07,11.38,pinnacle
2023-10-07,2023,hard,sinner j.,giron m.,1.13,7.09,pinnacle
2023-10-07,2023,hard,alcaraz c.,barrere g.,1.05,15.62,pinnacle
2023-10-07,2023,hard,fritz t.,watanuki y.,1.22,4.75,pinnacle
2023-10-08,2023,hard,humbert u.,van de zandschulp b.,1.56,2.59,pinnacle
2023-10-08,2023,hard,fils a.,davidovich fokina a.,2.5,1.59,pinnacle
2023-10-08,2023,hard,wolf j.j.,norrie c.,2.5,1.59,pinnacle
2023-10-08,2023,hard,sonego l.,tiafoe f.,2.58,1.56,pinnacle
2023-10-08,2023,hard,dimitrov g.,vukic a.,1.24,4.52,pinnacle
2023-10-08,2023,hard,evans d.,kukushkin m.,1.3,3.82,pinnacle
2023-10-08,2023,hard,khachanov k.,zhukayev b.,1.09,9.48,pinnacle
2023-10-08,2023,hard,schwartzman d.,lehecka j.,3.14,1.41,pinnacle
2023-10-08,2023,hard,rublev a.,halys q.,1.2,5.03,pinnacle
2023-10-08,2023,hard,mannarino a.,tseng c.h.,1.25,4.37,pinnacle
2023-10-08,2023,hard,ruud c.,eubanks c.,1.32,3.74,pinnacle
2023-10-08,2023,hard,korda s.,medvedev d.,4.67,1.23,pinnacle
2023-10-08,2023,hard,hurkacz h.,hsu y.,1.16,6.34,pinnacle
2023-10-08,2023,hard,shelton b.,safiullin r.,2.24,1.74,pinnacle
2023-10-08,2023,hard,marozsan f.,lajovic d.,1.77,2.18,pinnacle
2023-10-08,2023,hard,cerundolo f.,fucsovics m.,1.65,2.37,pinnacle
2023-10-08,2023,hard,sinner j.,baez s.,1.11,8.36,pinnacle
2023-10-08,2023,hard,zhang zh.,nakashima b.,2.23,1.74,pinnacle
2023-10-09,2023,hard,dimitrov g.,khachanov k.,1.63,2.43,pinnacle
2023-10-09,2023,hard,paul t.,fils a.,1.52,2.72,pinnacle
2023-10-09,2023,hard,schwartzman d.,fritz t.,6.2,1.16,pinnacle
2023-10-09,2023,hard,rublev a.,mannarino a.,1.27,4.22,pinnacle
2023-10-09,2023,hard,jarry n.,sonego l.,1.76,2.19,pinnacle
2023-10-09,2023,hard,alcaraz c.,evans d.,1.09,9.93,pinnacle
2023-10-09,2023,hard,wolf j.j.,arnaldi m.,2.08,1.84,pinnacle
2023-10-09,2023,hard,humbert u.,tsitsipas s.,2.57,1.57,pinnacle
2023-10-10,2023,hard,marozsan f.,ruud c.,3.47,1.36,pinnacle
2023-10-10,2023,hard,korda s.,cerundolo f.,1.42,3.11,pinnacle
2023-10-10,2023,hard,shelton b.,sinner j.,4.0,1.29,pinnacle
2023-10-10,2023,hard,hurkacz h.,zhang zh.,1.42,3.12,pinnacle
2023-10-11,2023,hard,jarry n.,schwartzman d.,1.51,2.75,pinnacle
2023-10-11,2023,hard,humbert u.,wolf j.j.,1.68,2.34,pinnacle
2023-10-11,2023,hard,dimitrov g.,alcaraz c.,4.86,1.22,pinnacle
2023-10-11,2023,hard,rublev a.,paul t.,1.46,2.95,pinnacle
2023-10-12,2023,hard,hurkacz h.,marozsan f.,1.39,3.27,pinnacle
2023-10-12,2023,hard,korda s.,shelton b.,1.87,2.04,pinnacle
2023-10-13,2023,hard,dimitrov g.,jarry n.,1.48,2.86,pinnacle
2023-10-13,2023,hard,rublev a.,humbert u.,1.45,2.97,pinnacle
2023-10-14,2023,hard,hurkacz h.,korda s.,1.88,2.03,pinnacle
2023-10-14,2023,hard,rublev a.,dimitrov g.,1.65,2.39,pinnacle
2023-10-15,2023,hard,hurkacz h.,rublev a.,2.6,1.56,pinnacle
2023-10-16,2023,hard,barrere g.,galan d.e.,1.36,3.38,pinnacle
2023-10-16,2023,hard,lajal m.,munar j.,2.24,1.71,pinnacle
2023-10-16,2023,hard,gaston h.,rinderknech a.,2.22,1.72,pinnacle
2023-10-16,2023,hard,goffin d.,halys q.,2.04,1.85,pinnacle
2023-10-17,2023,hard,mpetshi g.,carballes baena r.,1.74,2.21,pinnacle
2023-10-17,2023,hard,shevchenko a.,bonzi b.,3.0,1.44,pinnacle
2023-10-17,2023,hard,varillas j.p.,marozsan f.,3.83,1.3,pinnacle
2023-10-17,2023,hard,marterer m.,gasquet r.,1.9,1.99,pinnacle
2023-10-17,2023,hard,hanfmann y.,blockx a.,1.28,4.05,pinnacle
2023-10-17,2023,hard,thiem d.,nardi l.,1.71,2.25,pinnacle
2023-10-18,2023,hard,borges n.,koepfer d.,1.85,2.04,pinnacle
2023-10-18,2023,hard,van de zandschulp b.,stricker d.,1.95,1.93,pinnacle
2023-10-18,2023,hard,varillas j.p.,shevchenko a.,2.55,1.58,pinnacle
2023-10-18,2023,hard,fils a.,lajal m.,1.29,4.01,pinnacle
2023-10-18,2023,hard,mpetshi g.,goffin d.,3.27,1.39,pinnacle
2023-10-18,2023,hard,bublik a.,barrere g.,1.98,1.93,pinnacle
2023-10-19,2023,hard,marterer m.,borges n.,1.76,2.19,pinnacle
2023-10-19,2023,hard,gaston h.,struff j.l.,2.16,1.78,pinnacle
2023-10-19,2023,hard,tsitsipas s.,van de zandschulp b.,1.38,3.35,pinnacle
2023-10-19,2023,hard,hanfmann y.,thiem d.,1.85,2.06,pinnacle
2023-10-20,2023,hard,bublik a.,mpetshi g.,1.42,3.11,pinnacle
2023-10-20,2023,hard,marterer m.,gaston h.,1.65,2.41,pinnacle
2023-10-20,2023,hard,tsitsipas s.,hanfmann y.,1.26,4.39,pinnacle
2023-10-20,2023,hard,fils a.,varillas j.p.,1.25,4.44,pinnacle
2023-10-21,2023,hard,bublik a.,marterer m.,1.7,2.28,pinnacle
2023-10-21,2023,hard,fils a.,tsitsipas s.,2.99,1.45,pinnacle
2023-10-22,2023,hard,bublik a.,fils a.,2.12,1.81,pinnacle
2023-10-16,2023,hard,sonego l.,lajovic d.,1.37,3.32,pinnacle
2023-10-16,2023,hard,prizmic d.,lehecka j.,2.3,1.68,pinnacle
2023-10-16,2023,hard,kecmanovic m.,friberg k.,1.14,6.62,pinnacle
2023-10-16,2023,hard,ymer e.,bautista agut r.,2.62,1.55,pinnacle
2023-10-17,2023,hard,wolf j.j.,baez s.,1.7,2.27,pinnacle
2023-10-17,2023,hard,kotov p.,eubanks c.,1.81,2.1,pinnacle
2023-10-17,2023,hard,ruusuvuori e.,hassan b.,1.19,5.4,pinnacle
2023-10-17,2023,hard,misolic f.,evans d.,4.43,1.24,pinnacle
2023-10-17,2023,hard,djere l.,borg l.,1.16,5.95,pinnacle
2023-10-17,2023,hard,wawrinka s.,gojo b.,1.75,2.19,pinnacle
2023-10-18,2023,hard,safiullin r.,seyboth wild t.,1.2,5.05,pinnacle
2023-10-18,2023,hard,monfils g.,fucsovics m.,1.96,1.93,pinnacle
2023-10-18,2023,hard,griekspoor t.,ruusuvuori e.,2.33,1.68,pinnacle
2023-10-18,2023,hard,kotov p.,sonego l.,2.81,1.5,pinnacle
2023-10-18,2023,hard,djere l.,wolf j.j.,2.42,1.64,pinnacle
2023-10-18,2023,hard,kecmanovic m.,rune h.,2.26,1.72,pinnacle
2023-10-19,2023,hard,mannarino a.,safiullin r.,2.48,1.61,pinnacle
2023-10-19,2023,hard,monfils g.,misolic f.,1.42,3.13,pinnacle
2023-10-19,2023,hard,machac t.,wawrinka s.,2.02,1.88,pinnacle
2023-10-19,2023,hard,ymer e.,prizmic d.,2.63,1.55,pinnacle
2023-10-20,2023,hard,kotov p.,griekspoor t.,2.76,1.51,pinnacle
2023-10-20,2023,hard,kecmanovic m.,ymer e.,1.62,2.45,pinnacle
2023-10-20,2023,hard,monfils g.,mannarino a.,1.94,1.96,pinnacle
2023-10-20,2023,hard,djere l.,machac t.,2.36,1.67,pinnacle
2023-10-21,2023,hard,kotov p.,kecmanovic m.,2.34,1.68,pinnacle
2023-10-21,2023,hard,monfils g.,djere l.,1.48,2.86,pinnacle
2023-10-22,2023,hard,monfils g.,kotov p.,1.48,2.87,pinnacle
2023-10-16,2023,hard,ofner s.,o connell c.,1.99,1.9,pinnacle
2023-10-16,2023,hard,mcdonald m.,purcell m.,1.47,2.89,pinnacle
2023-10-16,2023,hard,thompson j.,zverev a.,4.4,1.25,pinnacle
2023-10-16,2023,hard,auger-aliassime f.,vukic a.,1.46,2.91,pinnacle
2023-10-16,2023,hard,giron m.,nishioka y.,2.09,1.82,pinnacle
2023-10-16,2023,hard,paul t.,altmaier d.,1.24,4.53,pinnacle
2023-10-17,2023,hard,de minaur a.,draper j.,1.87,2.02,pinnacle
2023-10-17,2023,hard,garin c.,shimabukuro s.,1.45,2.94,pinnacle
2023-10-17,2023,hard,popyrin a.,khachanov k.,3.6,1.33,pinnacle
2023-10-17,2023,hard,fritz t.,norrie c.,1.43,3.02,pinnacle
2023-10-17,2023,hard,schwartzman d.,cerundolo f.,2.44,1.61,pinnacle
2023-10-17,2023,hard,shelton b.,daniel t.,1.42,3.08,pinnacle
2023-10-17,2023,hard,mochizuki s.,etcheverry t.,3.81,1.3,pinnacle
2023-10-17,2023,hard,ruud c.,watanuki y.,1.44,2.99,pinnacle
2023-10-17,2023,hard,karatsev a.,tiafoe f.,2.67,1.53,pinnacle
2023-10-18,2023,hard,zhang zh.,hurkacz h.,2.86,1.47,pinnacle
2023-10-18,2023,hard,auger-aliassime f.,ofner s.,1.4,3.22,pinnacle
2023-10-18,2023,hard,paul t.,mcdonald m.,1.43,3.07,pinnacle
2023-10-18,2023,hard,giron m.,ruud c.,3.18,1.41,pinnacle
2023-10-18,2023,hard,shelton b.,thompson j.,1.75,2.21,pinnacle
2023-10-19,2023,hard,popyrin a.,garin c.,1.64,2.41,pinnacle
2023-10-19,2023,hard,de minaur a.,schwartzman d.,1.27,4.18,pinnacle
2023-10-19,2023,hard,mochizuki s.,fritz t.,11.2,1.07,pinnacle
2023-10-19,2023,hard,karatsev a.,zhang zh.,1.92,1.99,pinnacle
2023-10-20,2023,hard,shelton b.,paul t.,2.39,1.65,pinnacle
2023-10-20,2023,hard,giron m.,auger-aliassime f.,2.47,1.61,pinnacle
2023-10-20,2023,hard,karatsev a.,de minaur a.,2.91,1.47,pinnacle
2023-10-20,2023,hard,mochizuki s.,popyrin a.,3.64,1.33,pinnacle
2023-10-21,2023,hard,shelton b.,giron m.,1.56,2.61,pinnacle
2023-10-21,2023,hard,karatsev a.,mochizuki s.,1.27,4.26,pinnacle
2023-10-22,2023,hard,shelton b.,karatsev a.,1.83,2.08,pinnacle
2023-10-23,2023,hard,baez s.,o connell c.,2.44,1.61,pinnacle
2023-10-23,2023,hard,struff j.l.,eubanks c.,1.79,2.12,pinnacle
2023-10-23,2023,hard,murray a.,hanfmann y.,1.56,2.56,pinnacle
2023-10-23,2023,hard,van de zandschulp b.,bautista agut r.,1.49,2.79,pinnacle
2023-10-23,2023,hard,etcheverry t.,korda s.,4.52,1.24,pinnacle
2023-10-24,2023,hard,griekspoor t.,seyboth wild t.,1.43,3.04,pinnacle
2023-10-24,2023,hard,stricker d.,hassan b.,1.35,3.49,pinnacle
2023-10-24,2023,hard,hurkacz h.,lajovic d.,1.19,5.4,pinnacle
2023-10-24,2023,hard,de minaur a.,schwartzman d.,1.19,5.34,pinnacle
2023-10-24,2023,hard,rune h.,kecmanovic m.,1.76,2.17,pinnacle
2023-10-24,2023,hard,jarry n.,mannarino a.,2.01,1.88,pinnacle
2023-10-24,2023,hard,shevchenko a.,wawrinka s.,3.04,1.43,pinnacle
2023-10-25,2023,hard,humbert u.,giron m.,1.56,2.57,pinnacle
2023-10-25,2023,hard,fritz t.,purcell m.,1.19,5.33,pinnacle
2023-10-25,2023,hard,ruud c.,bublik a.,1.62,2.43,pinnacle
2023-10-25,2023,hard,auger-aliassime f.,riedi l.,1.35,3.44,pinnacle
2023-10-25,2023,hard,hurkacz h.,struff j.l.,1.39,3.26,pinnacle
2023-10-25,2023,hard,etcheverry t.,murray a.,2.84,1.49,pinnacle
2023-10-26,2023,hard,griekspoor t.,de minaur a.,3.0,1.45,pinnacle
2023-10-26,2023,hard,shevchenko a.,fritz t.,5.02,1.21,pinnacle
2023-10-26,2023,hard,humbert u.,jarry n.,1.63,2.44,pinnacle
2023-10-26,2023,hard,stricker d.,ruud c.,2.98,1.45,pinnacle
2023-10-26,2023,hard,rune h.,baez s.,1.54,2.67,pinnacle
2023-10-26,2023,hard,auger-aliassime f.,van de zandschulp b.,1.57,2.58,pinnacle
2023-10-27,2023,hard,hurkacz h.,griekspoor t.,1.51,2.77,pinnacle
2023-10-27,2023,hard,humbert u.,stricker d.,1.57,2.59,pinnacle
2023-10-27,2023,hard,rune h.,etcheverry t.,1.46,2.95,pinnacle
2023-10-27,2023,hard,auger-aliassime f.,shevchenko a.,1.31,3.81,pinnacle
2023-10-28,2023,hard,hurkacz h.,humbert u.,1.65,2.39,pinnacle
2023-10-28,2023,hard,auger-aliassime f.,rune h.,2.17,1.78,pinnacle
2023-10-29,2023,hard,auger-aliassime f.,hurkacz h.,2.33,1.68,pinnacle
2023-10-23,2023,hard,lehecka j.,wolf j.j.,1.89,1.99,pinnacle
2023-10-23,2023,hard,arnaldi m.,ramos-vinolas a.,1.46,2.9,pinnacle
2023-10-23,2023,hard,khachanov k.,safiullin r.,1.74,2.21,pinnacle
2023-10-23,2023,hard,zverev a.,ofner s.,1.17,5.64,pinnacle
2023-10-23,2023,hard,norrie c.,misolic f.,1.41,3.12,pinnacle
2023-10-24,2023,hard,paul t.,muller a.,1.25,4.39,pinnacle
2023-10-24,2023,hard,rublev a.,popyrin a.,1.18,5.49,pinnacle
2023-10-24,2023,hard,machac t.,vukic a.,1.39,3.21,pinnacle
2023-10-24,2023,hard,tiafoe f.,evans d.,1.75,2.18,pinnacle
2023-10-24,2023,hard,tsitsipas s.,thiem d.,1.33,3.62,pinnacle
2023-10-24,2023,hard,sonego l.,cerundolo f.,1.73,2.22,pinnacle
2023-10-24,2023,hard,dimitrov g.,musetti l.,1.33,3.6,pinnacle
2023-10-25,2023,hard,monfils g.,altmaier d.,1.38,3.26,pinnacle
2023-10-25,2023,hard,gojo b.,karatsev a.,2.03,1.87,pinnacle
2023-10-25,2023,hard,medvedev d.,fils a.,1.18,5.53,pinnacle
2023-10-25,2023,hard,sinner j.,shelton b.,1.28,4.04,pinnacle
2023-10-25,2023,hard,khachanov k.,lehecka j.,1.54,2.66,pinnacle
2023-10-25,2023,hard,zverev a.,norrie c.,1.25,4.48,pinnacle
2023-10-26,2023,hard,rublev a.,arnaldi m.,1.17,5.89,pinnacle
2023-10-26,2023,hard,gojo b.,paul t.,3.39,1.37,pinnacle
2023-10-26,2023,hard,medvedev d.,dimitrov g.,1.29,4.0,pinnacle
2023-10-26,2023,hard,tsitsipas s.,machac t.,1.52,2.74,pinnacle
2023-10-26,2023,hard,sinner j.,sonego l.,1.15,6.59,pinnacle
2023-10-26,2023,hard,tiafoe f.,monfils g.,1.98,1.93,pinnacle
2023-10-27,2023,hard,medvedev d.,khachanov k.,1.25,4.5,pinnacle
2023-10-27,2023,hard,tsitsipas s.,gojo b.,1.43,3.06,pinnacle
2023-10-27,2023,hard,rublev a.,zverev a.,1.96,1.94,pinnacle
2023-10-27,2023,hard,sinner j.,tiafoe f.,1.2,5.16,pinnacle
2023-10-28,2023,hard,medvedev d.,tsitsipas s.,1.39,3.3,pinnacle
2023-10-28,2023,hard,sinner j.,rublev a.,1.53,2.68,pinnacle
2023-10-29,2023,hard,sinner j.,medvedev d.,2.0,1.91,pinnacle
2023-10-30,2023,hard,jarry n.,popyrin a.,1.7,2.26,pinnacle
2023-10-30,2023,hard,bautista agut r.,lehecka j.,2.39,1.64,pinnacle
2023-10-30,2023,hard,davidovich fokina a.,shelton b.,3.02,1.43,pinnacle
2023-10-30,2023,hard,griekspoor t.,eubanks c.,1.5,2.78,pinnacle
2023-10-30,2023,hard,bublik a.,tiafoe f.,2.04,1.85,pinnacle
2023-10-30,2023,hard,de minaur a.,murray a.,1.38,3.28,pinnacle
2023-10-30,2023,hard,safiullin r.,muller a.,1.28,4.01,pinnacle
2023-10-30,2023,hard,khachanov k.,purcell m.,1.25,4.43,pinnacle
2023-10-30,2023,hard,djere l.,van assche l.,1.75,2.18,pinnacle
2023-10-30,2023,hard,van de zandschulp b.,mannarino a.,1.99,1.9,pinnacle
2023-10-30,2023,hard,nishioka y.,thompson j.,2.17,1.76,pinnacle
2023-10-30,2023,hard,fritz t.,baez s.,1.17,5.73,pinnacle
2023-10-30,2023,hard,dimitrov g.,musetti l.,1.28,4.07,pinnacle
2023-10-30,2023,hard,paul t.,gasquet r.,1.18,5.56,pinnacle
2023-10-30,2023,hard,thiem d.,wawrinka s.,1.88,2.01,pinnacle
2023-10-31,2023,hard,etcheverry t.,kecmanovic m.,2.07,1.83,pinnacle
2023-10-31,2023,hard,lajovic d.,bonzi b.,2.09,1.82,pinnacle
2023-10-31,2023,hard,zverev a.,fucsovics m.,1.27,4.13,pinnacle
2023-10-31,2023,hard,hurkacz h.,korda s.,2.02,1.88,pinnacle
2023-10-31,2023,hard,altmaier d.,fils a.,3.53,1.34,pinnacle
2023-10-31,2023,hard,mcdonald m.,wolf j.j.,2.24,1.71,pinnacle
2023-10-31,2023,hard,auger-aliassime f.,struff j.l.,1.42,3.06,pinnacle
2023-10-31,2023,hard,humbert u.,giron m.,1.51,2.74,pinnacle
2023-10-31,2023,hard,cerundolo f.,monfils g.,3.08,1.42,pinnacle
2023-10-31,2023,hard,griekspoor t.,davidovich fokina a.,1.88,2.02,pinnacle
2023-10-31,2023,hard,khachanov k.,djere l.,1.24,4.56,pinnacle
2023-10-31,2023,hard,bublik a.,jarry n.,1.97,1.93,pinnacle
2023-10-31,2023,hard,safiullin r.,alcaraz c.,5.8,1.17,pinnacle
2023-10-31,2023,hard,rublev a.,nishioka y.,1.17,6.02,pinnacle
2023-11-01,2023,hard,van de zandschulp b.,paul t.,2.27,1.71,pinnacle
2023-11-01,2023,hard,dimitrov g.,medvedev d.,2.95,1.46,pinnacle
2023-11-01,2023,hard,hurkacz h.,bautista agut r.,1.41,3.19,pinnacle
2023-11-01,2023,hard,tsitsipas s.,auger-aliassime f.,1.88,2.03,pinnacle
2023-11-01,2023,hard,de minaur a.,lajovic d.,1.26,4.33,pinnacle
2023-11-01,2023,hard,djokovic n.,etcheverry t.,1.07,11.55,pinnacle
2023-11-01,2023,hard,cerundolo f.,ruud c.,2.9,1.47,pinnacle
2023-11-01,2023,hard,zverev a.,humbert u.,1.57,2.59,pinnacle
2023-11-01,2023,hard,rune h.,thiem d.,1.56,2.6,pinnacle
2023-11-01,2023,hard,sinner j.,mcdonald m.,1.11,8.4,pinnacle
2023-11-02,2023,hard,dimitrov g.,bublik a.,1.49,2.82,pinnacle
2023-11-02,2023,hard,rublev a.,van de zandschulp b.,1.24,4.6,pinnacle
2023-11-02,2023,hard,khachanov k.,safiullin r.,1.68,2.32,pinnacle
2023-11-02,2023,hard,tsitsipas s.,zverev a.,1.98,1.93,pinnacle
2023-11-02,2023,hard,hurkacz h.,cerundolo f.,1.31,3.86,pinnacle
2023-11-02,2023,hard,de minaur a.,sinner j.,3.48,1.36,pinnacle
2023-11-02,2023,hard,djokovic n.,griekspoor t.,1.1,8.85,pinnacle
2023-11-02,2023,hard,rune h.,altmaier d.,1.3,3.89,pinnacle
2023-11-03,2023,hard,dimitrov g.,hurkacz h.,1.67,2.35,pinnacle
2023-11-03,2023,hard,tsitsipas s.,khachanov k.,1.55,2.64,pinnacle
2023-11-03,2023,hard,djokovic n.,rune h.,1.31,3.81,pinnacle
2023-11-03,2023,hard,rublev a.,de minaur a.,1.43,3.06,pinnacle
2023-11-04,2023,hard,dimitrov g.,tsitsipas s.,2.16,1.78,pinnacle
2023-11-04,2023,hard,djokovic n.,rublev a.,1.4,3.23,pinnacle
2023-11-05,2023,hard,djokovic n.,dimitrov g.,1.35,3.54,pinnacle
2023-11-05,2023,hard,herbert p.h.,cazaux a.,2.44,1.62,pinnacle
2023-11-05,2023,hard,barrere g.,hanfmann y.,1.55,2.61,pinnacle
2023-11-06,2023,hard,shevchenko a.,bourgue m.,1.43,3.03,pinnacle
2023-11-06,2023,hard,sonego l.,giron m.,1.92,1.96,pinnacle
2023-11-06,2023,hard,lestienne c.,hemery c.,1.41,3.11,pinnacle
2023-11-06,2023,hard,thiem d.,martineau m.,1.25,4.24,pinnacle
2023-11-06,2023,hard,mayot h.,watanuki y.,2.97,1.44,pinnacle
2023-11-06,2023,hard,wawrinka s.,zapata miralles b.,1.18,5.5,pinnacle
2023-11-06,2023,hard,van assche l.,van de zandschulp b.,2.91,1.46,pinnacle
2023-11-07,2023,hard,fognini f.,seyboth wild t.,2.18,1.75,pinnacle
2023-11-07,2023,hard,valkusz m.,altmaier d.,3.85,1.3,pinnacle
2023-11-07,2023,hard,shelbayh a.,gaston h.,2.9,1.46,pinnacle
2023-11-07,2023,hard,mayot h.,barrere g.,3.13,1.42,pinnacle
2023-11-07,2023,hard,humbert u.,thiem d.,1.45,2.97,pinnacle
2023-11-07,2023,hard,khachanov k.,lestienne c.,1.31,3.82,pinnacle
2023-11-08,2023,hard,shevchenko a.,valkusz m.,1.31,3.83,pinnacle
2023-11-08,2023,hard,herbert p.h.,brouwer g.,1.91,1.91,bet365
2023-11-08,2023,hard,fognini f.,bublik a.,4.01,1.29,pinnacle
2023-11-08,2023,hard,van assche l.,wawrinka s.,2.67,1.54,pinnacle
2023-11-08,2023,hard,sonego l.,shelbayh a.,1.29,4.06,pinnacle
2023-11-09,2023,hard,shevchenko a.,khachanov k.,4.13,1.28,pinnacle
2023-11-09,2023,hard,herbert p.h.,van assche l.,2.61,1.56,pinnacle
2023-11-09,2023,hard,humbert u.,mayot h.,1.18,5.71,pinnacle
2023-11-09,2023,hard,fognini f.,sonego l.,4.14,1.28,pinnacle
2023-11-10,2023,hard,shevchenko a.,herbert p.h.,1.52,2.73,pinnacle
2023-11-10,2023,hard,humbert u.,fognini f.,1.23,4.67,pinnacle
2023-11-11,2023,hard,humbert u.,shevchenko a.,1.34,3.56,pinnacle
2023-11-07,2023,hard,marozsan f.,piros z.,1.54,2.62,pinnacle
2023-11-07,2023,hard,o connell c.,medjedovic h.,1.89,2.0,pinnacle
2023-11-07,2023,hard,ramos-vinolas a.,carballes baena r.,2.2,1.74,pinnacle
2023-11-07,2023,hard,ofner s.,sachko v.,1.45,2.95,pinnacle
2023-11-07,2023,hard,bautista agut r.,kecmanovic m.,1.87,2.02,pinnacle
2023-11-07,2023,hard,purcell m.,hijikata r.,1.46,2.92,pinnacle
2023-11-07,2023,hard,harris b.,huesler m.a.,2.4,1.63,pinnacle
2023-11-07,2023,hard,kotov p.,lazarov a.,1.25,4.37,pinnacle
2023-11-07,2023,hard,rodionov j.,moreno de alboran n.,1.52,2.69,pinnacle
2023-11-07,2023,hard,ilkel c.,kuzmanov d.,2.05,1.85,pinnacle
2023-11-07,2023,hard,fucsovics m.,atmane t.,1.36,3.16,pinnacle
2023-11-07,2023,hard,draper j.,marterer m.,1.34,3.51,pinnacle
2023-11-08,2023,hard,ofner s.,o connell c.,2.23,1.74,pinnacle
2023-11-08,2023,hard,mannarino a.,ramos-vinolas a.,1.29,4.06,pinnacle
2023-11-08,2023,hard,marozsan f.,bautista agut r.,1.82,2.11,pinnacle
2023-11-08,2023,hard,struff j.l.,harris b.,1.39,3.28,pinnacle
2023-11-08,2023,hard,ilkel c.,purcell m.,4.11,1.28,pinnacle
2023-11-08,2023,hard,fucsovics m.,rodionov j.,1.34,3.62,pinnacle
2023-11-08,2023,hard,draper j.,musetti l.,1.56,2.6,pinnacle
2023-11-08,2023,hard,kotov p.,baez s.,1.79,2.15,pinnacle
2023-11-09,2023,hard,struff j.l.,marozsan f.,2.01,1.9,pinnacle
2023-11-09,2023,hard,draper j.,ilkel c.,1.08,10.42,pinnacle
2023-11-09,2023,hard,mannarino a.,ofner s.,1.52,2.72,pinnacle
2023-11-09,2023,hard,kotov p.,fucsovics m.,2.62,1.56,pinnacle
2023-11-10,2023,hard,draper j.,struff j.l.,1.36,3.46,pinnacle
2023-11-10,2023,hard,mannarino a.,kotov p.,1.71,2.27,pinnacle
2023-11-11,2023,hard,mannarino a.,draper j.,2.84,1.49,pinnacle
2023-11-12,2023,hard,sinner j.,tsitsipas s.,1.39,3.26,pinnacle
2023-11-12,2023,hard,djokovic n.,rune h.,1.2,5.16,pinnacle
2023-11-13,2023,hard,zverev a.,alcaraz c.,2.87,1.48,pinnacle
2023-11-13,2023,hard,medvedev d.,rublev a.,1.57,2.58,pinnacle
2023-11-14,2023,hard,rune h.,tsitsipas s.,1.59,2.52,pinnacle
2023-11-14,2023,hard,sinner j.,djokovic n.,2.29,1.7,pinnacle
2023-11-15,2023,hard,alcaraz c.,rublev a.,1.6,2.5,pinnacle
2023-11-15,2023,hard,medvedev d.,zverev a.,1.47,2.9,pinnacle
2023-11-16,2023,hard,djokovic n.,hurkacz h.,1.23,4.7,pinnacle
2023-11-16,2023,hard,sinner j.,rune h.,1.42,3.12,pinnacle
2023-11-17,2023,hard,alcaraz c.,medvedev d.,1.78,2.16,pinnacle
2023-11-17,2023,hard,zverev a.,rublev a.,1.74,2.23,pinnacle
2023-11-18,2023,hard,sinner j.,medvedev d.,1.69,2.31,pinnacle
2023-11-18,2023,hard,djokovic n.,alcaraz c.,1.67,2.36,pinnacle
2023-11-19,2023,hard,djokovic n.,sinner j.,1.62,2.45,pinnacle
2023-12-31,2023,hard,popyrin a.,o connell c.,1.72,2.23,pinnacle
2023-12-31,2023,hard,shevchenko a.,van assche l.,1.78,2.14,pinnacle
2024-01-01,2024,hard,safiullin r.,shelton b.,2.31,1.68,pinnacle
2024-01-01,2024,hard,rune h.,purcell m.,1.32,3.68,pinnacle
2024-01-01,2024,hard,dimitrov g.,murray a.,1.35,3.47,pinnacle
2024-01-02,2024,hard,hanfmann y.,korda s.,4.54,1.25,pinnacle
2024-01-02,2024,hard,klein l.,baez s.,2.02,1.88,pinnacle
2024-01-02,2024,hard,duckworth j.,wolf j.j.,2.21,1.74,pinnacle
2024-01-02,2024,hard,altmaier d.,tu l.,1.64,2.39,pinnacle
2024-01-02,2024,hard,machac t.,etcheverry t.,1.4,3.17,pinnacle
2024-01-02,2024,hard,thompson j.,vukic a.,1.56,2.58,pinnacle
2024-01-02,2024,hard,kubler j.,karatsev a.,2.6,1.55,pinnacle
2024-01-02,2024,hard,arnaldi m.,fucsovics m.,2.05,1.85,pinnacle
2024-01-02,2024,hard,nadal r.,thiem d.,1.6,2.48,pinnacle
2024-01-02,2024,hard,hijikata r.,kokkinakis t.,2.71,1.52,pinnacle
2024-01-03,2024,hard,humbert u.,michelsen a.,1.44,2.97,pinnacle
2024-01-03,2024,hard,duckworth j.,hanfmann y.,1.93,1.98,pinnacle
2024-01-03,2024,hard,arnaldi m.,klein l.,1.61,2.49,pinnacle
2024-01-03,2024,hard,safiullin r.,popyrin a.,1.53,2.68,pinnacle
2024-01-03,2024,hard,rune h.,shevchenko a.,1.33,3.68,pinnacle
2024-01-04,2024,hard,hijikata r.,machac t.,2.66,1.54,pinnacle
2024-01-04,2024,hard,thompson j.,humbert u.,2.59,1.56,pinnacle
2024-01-04,2024,hard,dimitrov g.,altmaier d.,1.13,7.16,pinnacle
2024-01-04,2024,hard,nadal r.,kubler j.,1.17,5.93,pinnacle
2024-01-05,2024,hard,safiullin r.,arnaldi m.,1.42,3.13,pinnacle
2024-01-05,2024,hard,rune h.,duckworth j.,1.18,5.7,pinnacle
2024-01-05,2024,hard,dimitrov g.,hijikata r.,1.13,7.11,pinnacle
2024-01-05,2024,hard,thompson j.,nadal r.,6.62,1.18,pinnacle
2024-01-06,2024,hard,rune h.,safiullin r.,1.63,2.43,pinnacle
2024-01-06,2024,hard,dimitrov g.,thompson j.,1.26,4.34,pinnacle
2024-01-07,2024,hard,dimitrov g.,rune h.,2.03,1.88,pinnacle
2024-01-01,2024,hard,shang j.,djere l.,2.07,1.83,pinnacle
2024-01-01,2024,hard,kotov p.,borges n.,2.01,1.88,pinnacle
2024-01-01,2024,hard,ruusuvuori e.,bonzi b.,1.58,2.53,pinnacle
2024-01-01,2024,hard,van de zandschulp b.,mochizuki s.,1.28,4.06,pinnacle
2024-01-02,2024,hard,kecmanovic m.,daniel t.,1.56,2.57,pinnacle
2024-01-02,2024,hard,broady l.,cachin p.,1.42,3.06,pinnacle
2024-01-02,2024,hard,ofner s.,mcdonald m.,2.72,1.51,pinnacle
2024-01-02,2024,hard,struff j.l.,cilic m.,1.6,2.47,pinnacle
2024-01-02,2024,hard,bautista agut r.,marozsan f.,1.64,2.39,pinnacle
2024-01-02,2024,hard,huesler m.a.,sachko v.,1.53,2.67,pinnacle
2024-01-02,2024,hard,fils a.,gojo b.,1.6,2.47,pinnacle
2024-01-02,2024,hard,musetti l.,wong c.,1.24,4.45,pinnacle
2024-01-03,2024,hard,shang j.,van de zandschulp b.,2.6,1.55,pinnacle
2024-01-03,2024,hard,tiafoe f.,kecmanovic m.,1.82,2.08,pinnacle
2024-01-03,2024,hard,ruusuvuori e.,khachanov k.,2.32,1.68,pinnacle
2024-01-03,2024,hard,kotov p.,musetti l.,2.37,1.65,pinnacle
2024-01-04,2024,hard,ofner s.,struff j.l.,2.14,1.79,pinnacle
2024-01-04,2024,hard,bautista agut r.,cerundolo f.,1.47,2.9,pinnacle
2024-01-04,2024,hard,fils a.,huesler m.a.,1.44,3.02,pinnacle
2024-01-04,2024,hard,rublev a.,broady l.,1.11,7.85,pinnacle
2024-01-05,2024,hard,ruusuvuori e.,kotov p.,1.64,2.42,pinnacle
2024-01-05,2024,hard,ofner s.,bautista agut r.,2.85,1.48,pinnacle
2024-01-05,2024,hard,shang j.,tiafoe f.,3.7,1.33,pinnacle
2024-01-05,2024,hard,rublev a.,fils a.,1.32,3.71,pinnacle
2024-01-06,2024,hard,ruusuvuori e.,ofner s.,1.67,2.35,pinnacle
2024-01-06,2024,hard,rublev a.,shang j.,1.18,5.78,pinnacle
2024-01-07,2024,hard,rublev a.,ruusuvuori e.,1.34,3.56,pinnacle
2024-01-08,2024,hard,draper j.,baez s.,1.2,5.07,pinnacle
2024-01-08,2024,hard,shevchenko a.,etcheverry t.,1.75,2.19,pinnacle
2024-01-08,2024,hard,kecmanovic m.,mcdonald m.,1.57,2.53,pinnacle
2024-01-08,2024,hard,lajovic d.,kokkinakis t.,2.69,1.52,pinnacle
2024-01-08,2024,hard,arnaldi m.,zapata miralles b.,1.17,5.65,pinnacle
2024-01-09,2024,hard,o connell c.,rinderknech a.,2.1,1.81,pinnacle
2024-01-09,2024,hard,bolt a.,seyboth wild t.,1.93,1.96,pinnacle
2024-01-09,2024,hard,thompson j.,diaz acosta f.,1.22,4.76,pinnacle
2024-01-09,2024,hard,sonego l.,hanfmann y.,1.5,2.75,pinnacle
2024-01-09,2024,hard,lehecka j.,walton a.,1.35,3.43,pinnacle
2024-01-09,2024,hard,bublik a.,mccabe j.,1.29,3.97,pinnacle
2024-01-09,2024,hard,evans d.,hijikata r.,1.83,2.07,pinnacle
2024-01-10,2024,hard,o connell c.,shevchenko a.,2.13,1.8,pinnacle
2024-01-10,2024,hard,jarry n.,arnaldi m.,1.81,2.13,pinnacle
2024-01-10,2024,hard,draper j.,kecmanovic m.,1.48,2.86,pinnacle
2024-01-10,2024,hard,korda s.,sonego l.,1.6,2.5,pinnacle
2024-01-10,2024,hard,paul t.,bolt a.,1.3,3.94,pinnacle
2024-01-10,2024,hard,lehecka j.,lajovic d.,1.47,2.9,pinnacle
2024-01-10,2024,hard,bublik a.,evans d.,1.95,1.95,pinnacle
2024-01-10,2024,hard,musetti l.,thompson j.,2.49,1.61,pinnacle
2024-01-11,2024,hard,korda s.,o connell c.,1.47,2.92,pinnacle
2024-01-11,2024,hard,lehecka j.,jarry n.,2.05,1.87,pinnacle
2024-01-11,2024,hard,bublik a.,musetti l.,1.99,1.92,pinnacle
2024-01-11,2024,hard,draper j.,paul t.,2.09,1.83,pinnacle
2024-01-12,2024,hard,lehecka j.,korda s.,2.48,1.61,pinnacle
2024-01-12,2024,hard,draper j.,bublik a.,1.46,2.96,pinnacle
2024-01-13,2024,hard,lehecka j.,draper j.,2.45,1.63,pinnacle
2024-01-07,2024,hard,altmaier d.,giron m.,2.46,1.61,pinnacle
2024-01-07,2024,hard,daniel t.,vukic a.,1.74,2.21,pinnacle
2024-01-08,2024,hard,van assche l.,wolf j.j.,2.21,1.74,pinnacle
2024-01-08,2024,hard,tabilo a.,gojo b.,2.52,1.58,pinnacle
2024-01-08,2024,hard,van de zandschulp b.,eubanks c.,1.44,2.98,pinnacle
2024-01-08,2024,hard,muller a.,bonzi b.,2.02,1.88,pinnacle
2024-01-08,2024,hard,borges n.,michelsen a.,2.74,1.51,pinnacle
2024-01-08,2024,hard,marozsan f.,monfils g.,2.59,1.56,pinnacle
2024-01-08,2024,hard,carballes baena r.,bautista agut r.,6.1,1.16,pinnacle
2024-01-09,2024,hard,ofner s.,shapovalov d.,1.94,1.94,pinnacle
2024-01-09,2024,hard,purcell m.,pannu k.,1.06,12.27,pinnacle
2024-01-09,2024,hard,fils a.,gasquet r.,1.35,3.48,pinnacle
2024-01-09,2024,hard,muller a.,cerundolo f.,2.24,1.74,pinnacle
2024-01-09,2024,hard,altmaier d.,auger-aliassime f.,3.2,1.41,pinnacle
2024-01-10,2024,hard,daniel t.,purcell m.,2.22,1.74,pinnacle
2024-01-10,2024,hard,shelton b.,marozsan f.,1.5,2.79,pinnacle
2024-01-10,2024,hard,carballes baena r.,ofner s.,3.35,1.38,pinnacle
2024-01-10,2024,hard,fils a.,borges n.,1.27,4.23,pinnacle
2024-01-10,2024,hard,tabilo a.,van de zandschulp b.,2.8,1.5,pinnacle
2024-01-10,2024,hard,norrie c.,van assche l.,1.41,3.15,pinnacle
2024-01-10,2024,hard,daniel t.,muller a.,1.91,2.0,pinnacle
2024-01-11,2024,hard,shelton b.,carballes baena r.,1.18,5.69,pinnacle
2024-01-11,2024,hard,tabilo a.,norrie c.,3.27,1.39,pinnacle
2024-01-11,2024,hard,fils a.,altmaier d.,1.31,3.83,pinnacle
2024-01-12,2024,hard,daniel t.,shelton b.,4.39,1.26,pinnacle
2024-01-12,2024,hard,tabilo a.,fils a.,4.22,1.27,pinnacle
2024-01-13,2024,hard,tabilo a.,daniel t.,2.08,1.84,pinnacle
2024-01-14,2024,hard,arnaldi m.,walton a.,1.22,4.84,pinnacle
2024-01-14,2024,hard,munar j.,shevchenko a.,3.06,1.43,pinnacle
2024-01-14,2024,hard,sinner j.,van de zandschulp b.,1.06,13.9,pinnacle
2024-01-14,2024,hard,kotov p.,rinderknech a.,1.69,2.3,pinnacle
2024-01-14,2024,hard,cerundolo f.,sweeny d.,1.4,3.21,pinnacle
2024-01-14,2024,hard,marozsan f.,cilic m.,1.76,2.19,pinnacle
2024-01-14,2024,hard,rublev a.,seyboth wild t.,1.03,25.21,pinnacle
2024-01-14,2024,hard,machac t.,mochizuki s.,1.3,3.92,pinnacle
2024-01-14,2024,hard,o connell c.,garin c.,1.43,3.08,pinnacle
2024-01-14,2024,hard,de jong j.,cachin p.,1.35,3.55,pinnacle
2024-01-14,2024,hard,baez s.,wolf j.j.,2.45,1.62,pinnacle
2024-01-14,2024,hard,fritz t.,diaz acosta f.,1.04,17.97,pinnacle
2024-01-14,2024,hard,galan d.e.,kubler j.,2.49,1.61,pinnacle
2024-01-14,2024,hard,halys q.,harris l.,3.59,1.34,pinnacle
2024-01-14,2024,hard,djokovic n.,prizmic d.,1.02,31.46,pinnacle
2024-01-14,2024,hard,tiafoe f.,coric b.,1.56,2.6,pinnacle
2024-01-15,2024,hard,korda s.,kopriva v.,1.08,10.76,pinnacle
2024-01-15,2024,hard,ruusuvuori e.,kypson p.,1.12,7.85,pinnacle
2024-01-15,2024,hard,musetti l.,bonzi b.,1.32,3.73,pinnacle
2024-01-15,2024,hard,cobolli f.,jarry n.,4.46,1.25,pinnacle
2024-01-15,2024,hard,gaston h.,carballes baena r.,2.41,1.64,pinnacle
2024-01-15,2024,hard,medvedev d.,atmane t.,1.02,29.45,pinnacle
2024-01-15,2024,hard,shelton b.,bautista agut r.,1.45,2.98,pinnacle
2024-01-15,2024,hard,davidovich fokina a.,lestienne c.,1.25,4.46,pinnacle
2024-01-15,2024,hard,popyrin a.,polmans m.,1.2,5.18,pinnacle
2024-01-15,2024,hard,mannarino a.,wawrinka s.,1.49,2.84,pinnacle
2024-01-15,2024,hard,van assche l.,duckworth j.,1.93,1.98,pinnacle
2024-01-15,2024,hard,tsitsipas s.,bergs z.,1.12,7.79,pinnacle
2024-01-15,2024,hard,mensik j.,shapovalov d.,1.74,2.22,pinnacle
2024-01-15,2024,hard,khachanov k.,altmaier d.,1.22,4.95,pinnacle
2024-01-15,2024,hard,thompson j.,vukic a.,1.35,3.54,pinnacle
2024-01-15,2024,hard,kovacevic a.,tabilo a.,2.5,1.6,pinnacle
2024-01-15,2024,hard,zhang zh.,coria f.,1.08,10.71,pinnacle
2024-01-15,2024,hard,eubanks c.,daniel t.,2.53,1.59,pinnacle
2024-01-15,2024,hard,etcheverry t.,murray a.,2.42,1.64,pinnacle
2024-01-15,2024,hard,monfils g.,hanfmann y.,1.53,2.7,pinnacle
2024-01-15,2024,hard,humbert u.,goffin d.,1.42,3.12,pinnacle
2024-01-15,2024,hard,borges n.,marterer m.,2.24,1.73,pinnacle
2024-01-15,2024,hard,grenier h.,muller a.,3.19,1.41,pinnacle
2024-01-15,2024,hard,de minaur a.,raonic m.,1.1,8.66,pinnacle
2024-01-15,2024,hard,hurkacz h.,jasika o.,1.03,20.95,pinnacle
2024-01-15,2024,hard,kecmanovic m.,watanuki y.,1.33,3.67,pinnacle
2024-01-15,2024,hard,auger-aliassime f.,thiem d.,1.45,2.97,pinnacle
2024-01-15,2024,hard,struff j.l.,hijikata r.,1.68,2.34,pinnacle
2024-01-16,2024,hard,michelsen a.,mccabe j.,1.19,5.48,pinnacle
2024-01-16,2024,hard,lehecka j.,zapata miralles b.,1.06,13.84,pinnacle
2024-01-16,2024,hard,norrie c.,varillas j. p.,1.13,7.18,pinnacle
2024-01-16,2024,hard,cazaux a.,djere l.,2.0,1.91,pinnacle
2024-01-16,2024,hard,fils a.,vesely j.,1.11,8.44,pinnacle
2024-01-16,2024,hard,griekspoor t.,safiullin r.,2.73,1.52,pinnacle
2024-01-16,2024,hard,zeppieri g.,lajovic d.,1.98,1.93,pinnacle
2024-01-16,2024,hard,ruud c.,ramos-vinolas a.,1.05,16.05,pinnacle
2024-01-16,2024,hard,dimitrov g.,fucsovics m.,1.15,6.57,pinnacle
2024-01-16,2024,hard,purcell m.,valkusz m.,1.35,3.51,pinnacle
2024-01-16,2024,hard,klein l.,kwon s.w.,1.36,3.45,pinnacle
2024-01-16,2024,hard,draper j.,giron m.,1.25,4.51,pinnacle
2024-01-16,2024,hard,rune h.,nishioka y.,1.14,7.03,pinnacle
2024-01-16,2024,hard,nagal s.,bublik a.,5.18,1.2,pinnacle
2024-01-16,2024,hard,shang j.,mcdonald m.,1.77,2.18,pinnacle
2024-01-16,2024,hard,paul t.,barrere g.,1.16,6.31,pinnacle
2024-01-16,2024,hard,kokkinakis t.,ofner s.,2.04,1.87,pinnacle
2024-01-16,2024,hard,sonego l.,evans d.,1.85,2.07,pinnacle
2024-01-16,2024,hard,zverev a.,koepfer d.,1.07,11.89,pinnacle
2024-01-16,2024,hard,alcaraz c.,gasquet r.,1.01,40.62,pinnacle
2024-01-17,2024,hard,sinner j.,de jong j.,1.02,27.16,pinnacle
2024-01-17,2024,hard,de minaur a.,arnaldi m.,1.2,5.24,pinnacle
2024-01-17,2024,hard,baez s.,galan d.e.,1.44,2.97,pinnacle
2024-01-17,2024,hard,cobolli f.,kotov p.,2.52,1.6,pinnacle
2024-01-17,2024,hard,van assche l.,musetti l.,2.75,1.51,pinnacle
2024-01-17,2024,hard,khachanov k.,kovacevic a.,1.17,6.02,pinnacle
2024-01-17,2024,hard,fritz t.,gaston h.,1.14,6.86,pinnacle
2024-01-17,2024,hard,marozsan f.,cerundolo f.,1.54,2.66,pinnacle
2024-01-17,2024,hard,shelton b.,o connell c.,1.28,4.16,pinnacle
2024-01-17,2024,hard,mannarino a.,munar j.,1.34,3.56,pinnacle
2024-01-17,2024,hard,machac t.,tiafoe f.,2.78,1.51,pinnacle
2024-01-17,2024,hard,etcheverry t.,monfils g.,2.64,1.55,pinnacle
2024-01-17,2024,hard,tsitsipas s.,thompson j.,1.25,4.4,pinnacle
2024-01-17,2024,hard,korda s.,halys q.,1.31,3.85,pinnacle
2024-01-17,2024,hard,rublev a.,eubanks c.,1.09,9.56,pinnacle
2024-01-17,2024,hard,djokovic n.,popyrin a.,1.04,19.56,pinnacle
2024-01-18,2024,hard,norrie c.,zeppieri g.,1.41,3.19,pinnacle
2024-01-18,2024,hard,michelsen a.,lehecka j.,4.11,1.28,pinnacle
2024-01-18,2024,hard,zverev a.,klein l.,1.07,12.1,pinnacle
2024-01-18,2024,hard,ruud c.,purcell m.,1.18,5.62,pinnacle
2024-01-18,2024,hard,paul t.,draper j.,2.04,1.87,pinnacle
2024-01-18,2024,hard,kecmanovic m.,struff j.l.,1.55,2.64,pinnacle
2024-01-18,2024,hard,alcaraz c.,sonego l.,1.05,15.2,pinnacle
2024-01-18,2024,hard,borges n.,davidovich fokina a.,4.48,1.25,pinnacle
2024-01-18,2024,hard,shang j.,nagal s.,1.48,2.86,pinnacle
2024-01-18,2024,hard,griekspoor t.,fils a.,2.4,1.65,pinnacle
2024-01-18,2024,hard,humbert u.,zhang zh.,1.41,3.15,pinnacle
2024-01-18,2024,hard,dimitrov g.,kokkinakis t.,1.15,6.58,pinnacle
2024-01-18,2024,hard,cazaux a.,rune h.,5.66,1.18,pinnacle
2024-01-18,2024,hard,auger-aliassime f.,grenier h.,1.11,8.12,pinnacle
2024-01-18,2024,hard,hurkacz h.,mensik j.,1.26,4.38,pinnacle
2024-01-18,2024,hard,medvedev d.,ruusuvuori e.,1.13,7.3,pinnacle
2024-01-19,2024,hard,khachanov k.,machac t.,1.68,2.34,pinnacle
2024-01-19,2024,hard,sinner j.,baez s.,1.02,27.15,pinnacle
2024-01-19,2024,hard,fritz t.,marozsan f.,1.32,3.68,pinnacle
2024-01-19,2024,hard,tsitsipas s.,van assche l.,1.21,5.03,pinnacle
2024-01-19,2024,hard,mannarino a.,shelton b.,3.23,1.4,pinnacle
2024-01-19,2024,hard,djokovic n.,etcheverry t.,1.06,13.85,pinnacle
2024-01-19,2024,hard,de minaur a.,cobolli f.,1.06,13.01,pinnacle
2024-01-19,2024,hard,rublev a.,korda s.,1.39,3.26,pinnacle
2024-01-20,2024,hard,kecmanovic m.,paul t.,3.38,1.37,pinnacle
2024-01-20,2024,hard,hurkacz h.,humbert u.,1.68,2.34,pinnacle
2024-01-20,2024,hard,cazaux a.,griekspoor t.,2.22,1.74,pinnacle
2024-01-20,2024,hard,alcaraz c.,shang j.,1.03,20.85,pinnacle
2024-01-20,2024,hard,norrie c.,ruud c.,3.05,1.43,pinnacle
2024-01-20,2024,hard,borges n.,dimitrov g.,9.79,1.09,pinnacle
2024-01-20,2024,hard,medvedev d.,auger-aliassime f.,1.22,4.86,pinnacle
2024-01-20,2024,hard,zverev a.,michelsen a.,1.18,5.96,pinnacle
2024-01-21,2024,hard,djokovic n.,mannarino a.,1.05,15.74,pinnacle
2024-01-21,2024,hard,fritz t.,tsitsipas s.,2.22,1.74,pinnacle
2024-01-21,2024,hard,sinner j.,khachanov k.,1.13,7.23,pinnacle
2024-01-21,2024,hard,rublev a.,de minaur a.,1.85,2.06,pinnacle
2024-01-22,2024,hard,medvedev d.,borges n.,1.07,10.92,pinnacle
2024-01-22,2024,hard,hurkacz h.,cazaux a.,1.41,3.17,pinnacle
2024-01-22,2024,hard,zverev a.,norrie c.,1.25,4.46,pinnacle
2024-01-22,2024,hard,alcaraz c.,kecmanovic m.,1.06,13.28,pinnacle
2024-01-23,2024,hard,djokovic n.,fritz t.,1.11,8.55,pinnacle
2024-01-23,2024,hard,sinner j.,rublev a.,1.22,4.85,pinnacle
2024-01-24,2024,hard,medvedev d.,hurkacz h.,1.42,3.14,pinnacle
2024-01-24,2024,hard,zverev a.,alcaraz c.,4.35,1.26,pinnacle
2024-01-26,2024,hard,sinner j.,djokovic n.,2.66,1.54,pinnacle
2024-01-26,2024,hard,medvedev d.,zverev a.,1.75,2.21,pinnacle
2024-01-28,2024,hard,sinner j.,medvedev d.,1.33,3.67,pinnacle
2024-01-29,2024,hard,mmoh m.,bonzi b.,2.2,1.74,pinnacle
2024-01-29,2024,hard,paire b.,murray a.,3.05,1.43,pinnacle
2024-01-29,2024,hard,martinez p.,munar j.,1.94,1.94,pinnacle
2024-01-30,2024,hard,muller a.,escoffier a.,1.49,2.79,pinnacle
2024-01-30,2024,hard,barrere g.,blanchet u.,1.63,2.41,pinnacle
2024-01-30,2024,hard,mayot h.,pouille l.,1.99,1.89,pinnacle
2024-01-30,2024,hard,shapovalov d.,gaston h.,1.92,1.97,pinnacle
2024-01-30,2024,hard,cazaux a.,marterer m.,1.4,3.18,pinnacle
2024-01-30,2024,hard,llamas ruiz p.,gasquet r.,2.44,1.61,pinnacle
2024-01-31,2024,hard,shevchenko a.,svrcina d.,1.43,3.02,pinnacle
2024-01-31,2024,hard,lestienne c.,zapata miralles b.,1.33,3.6,pinnacle
2024-01-31,2024,hard,cobolli f.,monfils g.,3.6,1.33,pinnacle
2024-01-31,2024,hard,mmoh m.,muller a.,2.19,1.76,pinnacle
2024-01-31,2024,hard,mayot h.,paire b.,1.5,2.78,pinnacle
2024-01-31,2024,hard,bublik a.,shapovalov d.,1.8,2.13,pinnacle
2024-02-01,2024,hard,shevchenko a.,barrere g.,1.93,1.98,pinnacle
2024-02-01,2024,hard,coric b.,martinez p.,1.43,3.07,pinnacle
2024-02-01,2024,hard,cobolli f.,lestienne c.,1.69,2.3,pinnacle
2024-02-01,2024,hard,auger-aliassime f.,cazaux a.,2.1,1.83,pinnacle
2024-02-01,2024,hard,rune h.,llamas ruiz p.,1.16,6.15,pinnacle
2024-02-02,2024,hard,bublik a.,shevchenko a.,1.52,2.72,pinnacle
2024-02-02,2024,hard,auger-aliassime f.,mayot h.,1.26,4.29,pinnacle
2024-02-02,2024,hard,rune h.,mmoh m.,1.24,4.59,pinnacle
2024-02-02,2024,hard,coric b.,cobolli f.,1.49,2.85,pinnacle
2024-02-03,2024,hard,bublik a.,auger-aliassime f.,2.62,1.56,pinnacle
2024-02-03,2024,hard,coric b.,rune h.,2.75,1.52,pinnacle
2024-02-04,2024,hard,bublik a.,coric b.,2.06,1.85,pinnacle
2024-02-05,2024,clay,munar j.,galan d.e.,1.74,2.21,pinnacle
2024-02-05,2024,clay,bagnis f.,cerundolo j.m.,1.74,2.2,pinnacle
2024-02-05,2024,clay,dellien h.,seyboth wild t.,2.64,1.54,pinnacle
2024-02-05,2024,clay,ramos-vinolas a.,cachin p.,2.22,1.73,pinnacle
2024-02-06,2024,clay,diaz acosta f.,gomez f.,1.3,3.87,pinnacle
2024-02-06,2024,clay,coria f.,altmaier d.,2.7,1.52,pinnacle
2024-02-06,2024,clay,darderi l.,barrios m.,1.43,3.05,pinnacle
2024-02-06,2024,clay,carballes baena r.,navone m.,1.91,1.98,pinnacle
2024-02-06,2024,clay,zapata miralles b.,garin c.,2.13,1.79,pinnacle
2024-02-06,2024,clay,burruchaga r.,schwartzman d.,1.97,1.92,pinnacle
2024-02-06,2024,clay,hanfmann y.,varillas j.p.,1.54,2.64,pinnacle
2024-02-07,2024,clay,tirante t.a.,comesana f.,2.14,1.78,pinnacle
2024-02-07,2024,clay,coria f.,ramos-vinolas a.,1.82,2.11,pinnacle
2024-02-07,2024,clay,bagnis f.,carballes baena r.,2.21,1.75,pinnacle
2024-02-07,2024,clay,munar j.,cerundolo f.,2.29,1.7,pinnacle
2024-02-08,2024,clay,etcheverry t.,zapata miralles b.,1.32,3.73,pinnacle
2024-02-08,2024,clay,darderi l.,ofner s.,2.06,1.85,pinnacle
2024-02-09,2024,clay,hanfmann y.,burruchaga r.,1.52,2.74,pinnacle
2024-02-09,2024,clay,baez s.,dellien h.,1.2,5.19,pinnacle
2024-02-09,2024,clay,diaz acosta f.,tirante t.a.,1.61,2.47,pinnacle
2024-02-09,2024,clay,coria f.,etcheverry t.,3.28,1.39,pinnacle
2024-02-09,2024,clay,bagnis f.,munar j.,2.42,1.63,pinnacle
2024-02-09,2024,clay,darderi l.,hanfmann y.,1.75,2.18,pinnacle
2024-02-09,2024,clay,baez s.,diaz acosta f.,1.35,3.45,pinnacle
2024-02-10,2024,clay,bagnis f.,coria f.,2.33,1.68,pinnacle
2024-02-10,2024,clay,darderi l.,baez s.,2.93,1.47,pinnacle
2024-02-11,2024,clay,darderi l.,bagnis f.,1.6,2.52,pinnacle
2024-02-05,2024,hard,daniel t.,lestienne c.,1.6,2.47,pinnacle
2024-02-06,2024,hard,purcell m.,krueger m.,1.41,3.1,pinnacle
2024-02-06,2024,hard,michelsen a.,sandgren t.,1.46,2.92,pinnacle
2024-02-06,2024,hard,duckworth j.,svajda z.,1.86,2.03,pinnacle
2024-02-06,2024,hard,giron m.,moreno de alboran n.,1.32,3.7,pinnacle
2024-02-06,2024,hard,eubanks c.,johnson s.,1.51,2.71,pinnacle
2024-02-06,2024,hard,mmoh m.,nava e.,1.71,2.25,pinnacle
2024-02-06,2024,hard,nishioka y.,atmane t.,1.71,2.25,pinnacle
2024-02-07,2024,hard,thompson j.,neff a.,1.03,24.17,pinnacle
2024-02-07,2024,hard,koepfer d.,kovacevic a.,1.43,3.05,pinnacle
2024-02-07,2024,hard,kudla d.,albot r.,1.79,2.12,pinnacle
2024-02-07,2024,hard,hijikata r.,quinn e.,1.7,2.27,pinnacle
2024-02-07,2024,hard,giron m.,purcell m.,1.54,2.66,pinnacle
2024-02-07,2024,hard,duckworth j.,eubanks c.,2.41,1.64,pinnacle
2024-02-08,2024,hard,shelton b.,mmoh m.,1.36,3.49,pinnacle
2024-02-08,2024,hard,paul t.,daniel t.,1.27,4.18,pinnacle
2024-02-08,2024,hard,koepfer d.,hijikata r.,1.46,2.95,pinnacle
2024-02-08,2024,hard,thompson j.,kudla d.,1.29,4.0,pinnacle
2024-02-09,2024,hard,tiafoe f.,michelsen a.,1.62,2.46,pinnacle
2024-02-09,2024,hard,mannarino a.,nishioka y.,1.61,2.49,pinnacle
2024-02-09,2024,hard,paul t.,koepfer d.,1.41,3.18,pinnacle
2024-02-09,2024,hard,shelton b.,thompson j.,1.46,2.94,pinnacle
2024-02-10,2024,hard,giron m.,tiafoe f.,2.22,1.74,pinnacle
2024-02-10,2024,hard,mannarino a.,duckworth j.,1.51,2.77,pinnacle
2024-02-10,2024,hard,paul t.,shelton b.,2.0,1.91,pinnacle
2024-02-10,2024,hard,giron m.,mannarino a.,1.91,2.0,pinnacle
2024-02-11,2024,hard,paul t.,giron m.,1.57,2.58,pinnacle
2024-02-05,2024,hard,musetti l.,marterer m.,1.58,2.51,pinnacle
2024-02-05,2024,hard,bautista agut r.,gasquet r.,1.52,2.69,pinnacle
2024-02-05,2024,hard,shevchenko a.,bonzi b.,1.83,2.07,pinnacle
2024-02-06,2024,hard,davidovich fokina a.,barrere g.,1.58,2.53,pinnacle
2024-02-06,2024,hard,machac t.,murray a.,1.5,2.77,pinnacle
2024-02-06,2024,hard,rinderknech a.,cressy m.,1.89,2.0,pinnacle
2024-02-06,2024,hard,gaston h.,shapovalov d.,2.87,1.47,pinnacle
2024-02-06,2024,hard,korda s.,grenier h.,1.21,4.99,pinnacle
2024-02-06,2024,hard,lehecka j.,goffin d.,1.53,2.68,pinnacle
2024-02-07,2024,hard,ruusuvuori e.,van assche l.,1.41,3.11,pinnacle
2024-02-07,2024,hard,auger-aliassime f.,halys q.,1.26,4.23,pinnacle
2024-02-07,2024,hard,machac t.,musetti l.,1.64,2.41,pinnacle
2024-02-07,2024,hard,khachanov k.,bautista agut r.,1.48,2.86,pinnacle
2024-02-07,2024,hard,humbert u.,gaston h.,1.23,4.67,pinnacle
2024-02-08,2024,hard,davidovich fokina a.,ruusuvuori e.,2.58,1.57,pinnacle
2024-02-08,2024,hard,zhang zh.,auger-aliassime f.,4.37,1.27,pinnacle
2024-02-08,2024,hard,dimitrov g.,korda s.,1.49,2.84,pinnacle
2024-02-08,2024,hard,hurkacz h.,shevchenko a.,1.3,3.95,pinnacle
2024-02-08,2024,hard,rinderknech a.,lehecka j.,2.82,1.51,pinnacle
2024-02-09,2024,hard,humbert u.,davidovich fokina a.,1.59,2.54,pinnacle
2024-02-09,2024,hard,hurkacz h.,machac t.,1.38,3.34,pinnacle
2024-02-09,2024,hard,khachanov k.,zhang zh.,1.37,3.38,pinnacle
2024-02-09,2024,hard,dimitrov g.,rinderknech a.,1.21,5.05,pinnacle
2024-02-10,2024,hard,humbert u.,hurkacz h.,2.64,1.55,pinnacle
2024-02-10,2024,hard,dimitrov g.,khachanov k.,1.52,2.74,pinnacle
2024-02-11,2024,hard,humbert u.,dimitrov g.,2.41,1.65,pinnacle
2024-02-12,2024,clay,diaz acosta f.,altmaier d.,2.18,1.75,pinnacle
2024-02-12,2024,clay,djere l.,cilic m.,1.46,2.9,pinnacle
2024-02-12,2024,clay,wawrinka s.,cachin p.,1.68,2.3,pinnacle
2024-02-13,2024,clay,etcheverry t.,carballes baena r.,1.36,3.4,pinnacle
2024-02-13,2024,clay,tabilo a.,hanfmann y.,1.99,1.9,pinnacle
2024-02-13,2024,clay,coria f.,ofner s.,1.88,2.02,pinnacle
2024-02-13,2024,clay,vavassori a.,seyboth wild t.,1.88,2.02,pinnacle
2024-02-13,2024,clay,ugo carabelli c.,varillas j.p.,1.68,2.3,pinnacle
2024-02-13,2024,clay,galan d.e.,schwartzman d.,1.91,1.98,pinnacle
2024-02-13,2024,clay,darderi l.,navone m.,1.8,2.11,pinnacle
2024-02-13,2024,clay,lajovic d.,fils a.,2.82,1.37,pinnacle
2024-02-14,2024,clay,baez s.,zapata miralles b.,1.27,4.11,pinnacle
2024-02-14,2024,clay,etcheverry t.,galan d.e.,1.34,3.58,pinnacle
2024-02-14,2024,clay,lajovic d.,tabilo a.,2.25,1.72,pinnacle
2024-02-14,2024,clay,diaz acosta f.,cerundolo f.,2.34,1.68,pinnacle
2024-02-14,2024,clay,jarry n.,wawrinka s.,1.6,2.5,pinnacle
2024-02-15,2024,clay,vavassori a.,djere l.,2.26,1.72,pinnacle
2024-02-15,2024,clay,coria f.,norrie c.,2.6,1.56,pinnacle
2024-02-15,2024,clay,alcaraz c.,ugo carabelli c.,1.08,10.39,pinnacle
2024-02-15,2024,clay,baez s.,darderi l.,1.62,2.47,pinnacle
2024-02-16,2024,clay,diaz acosta f.,lajovic d.,2.07,1.85,pinnacle
2024-02-16,2024,clay,coria f.,baez s.,3.73,1.32,pinnacle
2024-02-16,2024,clay,alcaraz c.,vavassori a.,1.07,12.31,pinnacle
2024-02-16,2024,clay,jarry n.,etcheverry t.,2.25,1.72,pinnacle
2024-02-17,2024,clay,diaz acosta f.,coria f.,1.86,2.05,pinnacle
2024-02-17,2024,clay,jarry n.,alcaraz c.,6.39,1.15,pinnacle
2024-02-18,2024,clay,diaz acosta f.,jarry n.,2.94,1.46,pinnacle
2024-02-12,2024,hard,lestienne c.,vukic a.,2.25,1.71,pinnacle
2024-02-12,2024,hard,arnaldi m.,nishioka y.,1.72,2.22,pinnacle
2024-02-12,2024,hard,borges n.,diallo g.,1.83,2.06,pinnacle
2024-02-13,2024,hard,kypson p.,kecmanovic m.,3.61,1.33,pinnacle
2024-02-13,2024,hard,hijikata r.,broady l.,1.59,2.5,pinnacle
2024-02-13,2024,hard,thompson j.,evans d.,1.62,2.43,pinnacle
2024-02-13,2024,hard,svajda z.,purcell m.,1.9,1.99,pinnacle
2024-02-13,2024,hard,moreno de alboran n.,kovacevic a.,2.13,1.79,pinnacle
2024-02-13,2024,hard,cobolli f.,daniel t.,1.93,1.93,pinnacle
2024-02-13,2024,hard,albot r.,shang j.,2.08,1.83,pinnacle
2024-02-13,2024,hard,giron m.,nava e.,1.33,3.58,pinnacle
2024-02-14,2024,hard,michelsen a.,kokkinakis t.,1.96,1.93,pinnacle
2024-02-14,2024,hard,kypson p.,lestienne c.,1.68,2.32,pinnacle
2024-02-14,2024,hard,hijikata r.,arnaldi m.,2.72,1.52,pinnacle
2024-02-14,2024,hard,giron m.,mannarino a.,1.76,2.19,pinnacle
2024-02-15,2024,hard,fritz t.,borges n.,1.23,4.7,pinnacle
2024-02-15,2024,hard,thompson j.,moreno de alboran n.,1.25,4.44,pinnacle
2024-02-15,2024,hard,paul t.,michelsen a.,1.39,3.26,pinnacle
2024-02-15,2024,hard,cobolli f.,svajda z.,1.94,1.96,pinnacle
2024-02-16,2024,hard,tiafoe f.,albot r.,1.3,3.93,pinnacle
2024-02-16,2024,hard,paul t.,thompson j.,1.65,2.39,pinnacle
2024-02-16,2024,hard,tiafoe f.,cobolli f.,1.4,3.21,pinnacle
2024-02-16,2024,hard,giron m.,kypson p.,1.29,3.97,pinnacle
2024-02-17,2024,hard,fritz t.,hijikata r.,1.15,6.36,pinnacle
2024-02-17,2024,hard,paul t.,tiafoe f.,1.57,2.57,pinnacle
2024-02-18,2024,hard,fritz t.,giron m.,1.43,3.08,pinnacle
2024-02-19,2024,hard,fritz t.,paul t.,1.62,2.45,pinnacle
2024-02-12,2024,hard,goffin d.,prizmic d.,1.74,2.21,pinnacle
2024-02-12,2024,hard,raonic m.,de jong j.,1.68,2.31,pinnacle
2024-02-12,2024,hard,griekspoor t.,musetti l.,1.44,2.81,pinnacle
2024-02-12,2024,hard,auger-aliassime f.,cressy m.,1.29,3.9,pinnacle
2024-02-13,2024,hard,bublik a.,coric b.,1.96,1.93,pinnacle
2024-02-13,2024,hard,shevchenko a.,zhang zh.,1.95,1.93,pinnacle
2024-02-13,2024,hard,fucsovics m.,marozsan f.,1.68,2.31,pinnacle
2024-02-13,2024,hard,de minaur a.,korda s.,1.51,2.72,pinnacle
2024-02-13,2024,hard,struff j.l.,davidovich fokina a.,2.33,1.67,pinnacle
2024-02-13,2024,hard,rublev a.,bergs z.,1.18,5.48,pinnacle
2024-02-13,2024,hard,hurkacz h.,lehecka j.,1.37,3.35,pinnacle
2024-02-14,2024,hard,ruusuvuori e.,humbert u.,2.37,1.65,pinnacle
2024-02-14,2024,hard,monfils g.,shapovalov d.,2.44,1.62,pinnacle
2024-02-14,2024,hard,dimitrov g.,sonego l.,1.22,4.77,pinnacle
2024-02-14,2024,hard,rune h.,safiullin r.,1.81,2.09,pinnacle
2024-02-14,2024,hard,sinner j.,van de zandschulp b.,1.12,7.56,pinnacle
2024-02-14,2024,hard,raonic m.,bublik a.,2.59,1.56,pinnacle
2024-02-14,2024,hard,de minaur a.,goffin d.,1.2,5.21,pinnacle
2024-02-14,2024,hard,rublev a.,auger-aliassime f.,1.48,2.86,pinnacle
2024-02-15,2024,hard,dimitrov g.,fucsovics m.,1.28,4.11,pinnacle
2024-02-15,2024,hard,shevchenko a.,rune h.,3.38,1.37,pinnacle
2024-02-15,2024,hard,griekspoor t.,hurkacz h.,3.09,1.43,pinnacle
2024-02-15,2024,hard,sinner j.,monfils g.,1.1,9.2,pinnacle
2024-02-15,2024,hard,ruusuvuori e.,struff j.l.,1.58,2.54,pinnacle
2024-02-16,2024,hard,dimitrov g.,shevchenko a.,1.19,5.48,pinnacle
2024-02-16,2024,hard,de minaur a.,rublev a.,2.27,1.71,pinnacle
2024-02-16,2024,hard,griekspoor t.,ruusuvuori e.,2.04,1.87,pinnacle
2024-02-16,2024,hard,sinner j.,raonic m.,1.12,7.84,pinnacle
2024-02-17,2024,hard,de minaur a.,dimitrov g.,1.84,2.08,pinnacle
2024-02-17,2024,hard,sinner j.,griekspoor t.,1.14,6.88,pinnacle
2024-02-18,2024,hard,sinner j.,de minaur a.,1.28,4.15,pinnacle
2024-02-19,2024,hard,kotov p.,sonego l.,2.22,1.73,pinnacle
2024-02-19,2024,hard,zhang zh.,musetti l.,2.23,1.72,pinnacle
2024-02-19,2024,hard,fucsovics m.,bautista agut r.,1.81,2.1,pinnacle
2024-02-19,2024,hard,marozsan f.,kopriva v.,1.55,2.61,pinnacle
2024-02-19,2024,hard,popyrin a.,shelbayh a.,1.47,2.86,pinnacle
2024-02-20,2024,hard,ruusuvuori e.,zeppieri g.,1.41,3.12,pinnacle
2024-02-20,2024,hard,mensik j.,davidovich fokina a.,2.68,1.52,pinnacle
2024-02-20,2024,hard,o connell c.,struff j.l.,2.43,1.62,pinnacle
2024-02-20,2024,hard,gasquet r.,shevchenko a.,2.81,1.49,pinnacle
2024-02-20,2024,hard,grenier h.,marterer m.,1.94,1.91,pinnacle
2024-02-20,2024,hard,murray a.,muller a.,1.89,2.0,pinnacle
2024-02-20,2024,hard,monfils g.,van de zandschulp b.,1.7,2.27,pinnacle
2024-02-21,2024,hard,ruusuvuori e.,o connell c.,1.37,3.4,pinnacle
2024-02-21,2024,hard,khachanov k.,marozsan f.,1.32,3.72,pinnacle
2024-02-21,2024,hard,bublik a.,fucsovics m.,2.16,1.78,pinnacle
2024-02-21,2024,hard,mensik j.,murray a.,1.81,2.12,pinnacle
2024-02-21,2024,hard,popyrin a.,grenier h.,1.44,3.01,pinnacle
2024-02-21,2024,hard,humbert u.,kotov p.,1.32,3.73,pinnacle
2024-02-21,2024,hard,rublev a.,gasquet r.,1.11,8.54,pinnacle
2024-02-21,2024,hard,monfils g.,zhang zh.,1.79,2.15,pinnacle
2024-02-22,2024,hard,popyrin a.,bublik a.,2.23,1.74,pinnacle
2024-02-22,2024,hard,khachanov k.,ruusuvuori e.,1.68,2.32,pinnacle
2024-02-22,2024,hard,mensik j.,rublev a.,6.68,1.14,pinnacle
2024-02-22,2024,hard,monfils g.,humbert u.,3.61,1.34,pinnacle
2024-02-23,2024,hard,khachanov k.,popyrin a.,1.45,2.97,pinnacle
2024-02-23,2024,hard,mensik j.,monfils g.,2.31,1.69,pinnacle
2024-02-24,2024,hard,khachanov k.,mensik j.,1.44,3.04,pinnacle
2024-02-19,2024,hard,evans d.,safiullin r.,3.02,1.43,pinnacle
2024-02-19,2024,hard,michelsen a.,lestienne c.,1.36,3.41,pinnacle
2024-02-20,2024,hard,purcell m.,arnaldi m.,2.58,1.56,pinnacle
2024-02-20,2024,hard,kovacevic a.,holt b.,1.67,2.32,pinnacle
2024-02-20,2024,hard,kokkinakis t.,draper j.,4.0,1.28,pinnacle
2024-02-20,2024,hard,borges n.,koepfer d.,2.09,1.81,pinnacle
2024-02-20,2024,hard,hijikata r.,kecmanovic m.,3.02,1.43,pinnacle
2024-02-20,2024,hard,thompson j.,escobedo e.,1.15,6.26,pinnacle
2024-02-21,2024,hard,nishioka y.,cobolli f.,1.93,1.96,pinnacle
2024-02-21,2024,hard,nava e.,schwartzman d.,1.85,2.05,pinnacle
2024-02-21,2024,hard,giron m.,daniel t.,1.45,2.94,pinnacle
2024-02-21,2024,hard,vukic a.,pacheco mendez r.,1.25,4.31,pinnacle
2024-02-21,2024,hard,kovacevic a.,hijikata r.,1.97,1.93,pinnacle
2024-02-21,2024,hard,michelsen a.,de minaur a.,3.84,1.31,pinnacle
2024-02-22,2024,hard,thompson j.,nava e.,1.28,4.13,pinnacle
2024-02-22,2024,hard,borges n.,purcell m.,1.63,2.44,pinnacle
2024-02-22,2024,hard,tsitsipas s.,vukic a.,1.13,7.13,pinnacle
2024-02-22,2024,hard,ruud c.,giron m.,1.74,2.23,pinnacle
2024-02-22,2024,hard,kokkinakis t.,evans d.,2.09,1.83,pinnacle
2024-02-22,2024,hard,zverev a.,nishioka y.,1.2,5.27,pinnacle
2024-02-22,2024,hard,ruud c.,borges n.,1.38,3.31,pinnacle
2024-02-22,2024,hard,thompson j.,michelsen a.,1.7,2.29,pinnacle
2024-02-23,2024,hard,tsitsipas s.,kovacevic a.,1.14,6.95,pinnacle
2024-02-23,2024,hard,zverev a.,kokkinakis t.,1.17,5.88,pinnacle
2024-02-24,2024,hard,ruud c.,tsitsipas s.,1.93,1.97,pinnacle
2024-02-24,2024,hard,thompson j.,zverev a.,4.67,1.23,pinnacle
2024-02-25,2024,hard,thompson j.,ruud c.,3.29,1.37,pinnacle
2024-02-19,2024,clay,ramos-vinolas a.,varillas j.p.,2.3,1.68,pinnacle
2024-02-19,2024,clay,barrios m.,heide g.,1.77,2.16,pinnacle
2024-02-19,2024,clay,cerundolo f.,comesana f.,1.67,2.33,pinnacle
2024-02-19,2024,clay,norrie c.,dellien h.,1.36,3.43,pinnacle
2024-02-20,2024,clay,seyboth wild t.,tabilo a.,2.17,1.76,pinnacle
2024-02-20,2024,clay,djere l.,zapata miralles b.,1.48,2.83,pinnacle
2024-02-20,2024,clay,munar j.,ofner s.,1.81,2.1,pinnacle
2024-02-20,2024,clay,lajovic d.,galan d.e.,1.6,2.48,pinnacle
2024-02-20,2024,clay,baez s.,moutet c.,1.3,3.88,pinnacle
2024-02-20,2024,clay,meligeni alves f.,cachin p.,1.62,2.44,pinnacle
2024-02-20,2024,clay,diaz acosta f.,wawrinka s.,2.17,1.76,pinnacle
2024-02-21,2024,clay,garin c.,carballes baena r.,2.25,1.71,pinnacle
2024-02-21,2024,clay,hanfmann y.,jarry n.,2.69,1.52,pinnacle
2024-02-21,2024,clay,monteiro t.,alcaraz c.,10.81,1.07,pinnacle
2024-02-21,2024,clay,navone m.,coria f.,1.75,2.18,pinnacle
2024-02-21,2024,clay,fonseca j.,fils a.,4.47,1.24,pinnacle
2024-02-21,2024,clay,cerundolo f.,ramos-vinolas a.,1.4,3.2,pinnacle
2024-02-22,2024,clay,lajovic d.,djere l.,2.3,1.69,pinnacle
2024-02-22,2024,clay,seyboth wild t.,munar j.,2.25,1.72,pinnacle
2024-02-22,2024,clay,norrie c.,barrios m.,1.19,5.51,pinnacle
2024-02-22,2024,clay,baez s.,diaz acosta f.,1.53,2.58,pinnacle
2024-02-22,2024,clay,monteiro t.,meligeni alves f.,1.76,2.19,pinnacle
2024-02-22,2024,clay,navone m.,hanfmann y.,2.2,1.75,pinnacle
2024-02-23,2024,clay,fonseca j.,garin c.,2.07,1.85,pinnacle
2024-02-23,2024,clay,cerundolo f.,lajovic d.,1.67,2.35,pinnacle
2024-02-23,2024,clay,baez s.,monteiro t.,1.4,3.23,pinnacle
2024-02-23,2024,clay,norrie c.,seyboth wild t.,1.38,3.31,pinnacle
2024-02-24,2024,clay,navone m.,fonseca j.,2.02,1.89,pinnacle
2024-02-24,2024,clay,baez s.,cerundolo f.,1.62,2.46,pinnacle
2024-02-24,2024,clay,navone m.,norrie c.,3.5,1.36,pinnacle
2024-02-25,2024,clay,baez s.,navone m.,1.42,3.14,pinnacle
2024-02-27,2024,hard,shelton b.,evans d.,1.39,3.22,pinnacle
2024-02-27,2024,hard,kecmanovic m.,schwartzman d.,1.44,2.98,pinnacle
2024-02-27,2024,hard,draper j.,paul t.,2.15,1.78,pinnacle
2024-02-27,2024,hard,ofner s.,escobedo e.,1.36,3.43,pinnacle
2024-02-27,2024,hard,nishioka y.,borges n.,2.41,1.63,pinnacle
2024-02-27,2024,hard,de minaur a.,daniel t.,1.12,7.6,pinnacle
2024-02-27,2024,hard,arnaldi m.,fritz t.,5.28,1.19,pinnacle
2024-02-27,2024,hard,cobolli f.,auger-aliassime f.,3.32,1.37,pinnacle
2024-02-28,2024,hard,tiafoe f.,purcell m.,1.39,3.22,pinnacle
2024-02-28,2024,hard,koepfer d.,atmane t.,1.51,2.74,pinnacle
2024-02-28,2024,hard,tsitsipas s.,safiullin r.,1.4,3.18,pinnacle
2024-02-28,2024,hard,rune h.,mmoh m.,1.35,3.5,pinnacle
2024-02-28,2024,hard,ruud c.,eubanks c.,1.2,5.1,pinnacle
2024-02-28,2024,hard,kovacevic a.,thompson j.,2.55,1.57,pinnacle
2024-02-28,2024,hard,altmaier d.,zverev a.,8.37,1.1,pinnacle
2024-02-28,2024,hard,lajovic d.,pacheco mendez r.,1.25,4.39,pinnacle
2024-02-29,2024,hard,de minaur a.,ofner s.,1.12,7.88,pinnacle
2024-02-29,2024,hard,draper j.,nishioka y.,1.25,4.45,pinnacle
2024-02-29,2024,hard,koepfer d.,tiafoe f.,2.58,1.57,pinnacle
2024-02-29,2024,hard,kecmanovic m.,altmaier d.,1.64,2.41,pinnacle
2024-02-29,2024,hard,tsitsipas s.,cobolli f.,1.18,5.67,pinnacle
2024-02-29,2024,hard,shelton b.,arnaldi m.,1.51,2.78,pinnacle
2024-02-29,2024,hard,rune h.,kovacevic a.,1.22,4.9,pinnacle
2024-02-29,2024,hard,ruud c.,lajovic d.,1.24,4.65,pinnacle
2024-03-01,2024,hard,draper j.,kecmanovic m.,1.38,3.35,pinnacle
2024-03-01,2024,hard,de minaur a.,tsitsipas s.,1.93,1.98,pinnacle
2024-03-01,2024,hard,rune h.,koepfer d.,1.39,3.3,pinnacle
2024-03-01,2024,hard,ruud c.,shelton b.,1.71,2.28,pinnacle
2024-03-02,2024,hard,de minaur a.,draper j.,1.68,2.33,pinnacle
2024-03-02,2024,hard,ruud c.,rune h.,1.66,2.37,pinnacle
2024-03-03,2024,hard,de minaur a.,ruud c.,1.6,2.5,pinnacle
2024-02-26,2024,hard,van de zandschulp b.,mannarino a.,1.92,1.97,pinnacle
2024-02-26,2024,hard,korda s.,kotov p.,1.43,3.01,pinnacle
2024-02-26,2024,hard,murray a.,shapovalov d.,2.11,1.81,pinnacle
2024-02-26,2024,hard,bublik a.,machac t.,2.28,1.69,pinnacle
2024-02-26,2024,hard,griekspoor t.,shelbayh a.,1.3,3.88,pinnacle
2024-02-26,2024,hard,rublev a.,zhang zh.,1.19,5.33,pinnacle
2024-02-26,2024,hard,hurkacz h.,struff j.l.,1.23,4.64,pinnacle
2024-02-27,2024,hard,lehecka j.,fucsovics m.,1.74,2.2,pinnacle
2024-02-27,2024,hard,davidovich fokina a.,marozsan f.,1.63,2.4,pinnacle
2024-02-27,2024,hard,humbert u.,monfils g.,1.51,2.72,pinnacle
2024-02-27,2024,hard,cazaux a.,musetti l.,1.5,2.78,pinnacle
2024-02-27,2024,hard,o connell c.,marterer m.,1.67,2.33,pinnacle
2024-02-27,2024,hard,khachanov k.,van assche l.,1.2,5.05,pinnacle
2024-02-27,2024,hard,mensik j.,coric b.,1.99,1.9,pinnacle
2024-02-27,2024,hard,medvedev d.,shevchenko a.,1.14,6.71,pinnacle
2024-02-27,2024,hard,sonego l.,nagal s.,1.52,2.67,pinnacle
2024-02-28,2024,hard,bublik a.,griekspoor t.,1.99,1.92,pinnacle
2024-02-28,2024,hard,rublev a.,cazaux a.,1.33,3.64,pinnacle
2024-02-28,2024,hard,humbert u.,murray a.,1.37,3.42,pinnacle
2024-02-28,2024,hard,lehecka j.,khachanov k.,3.03,1.44,pinnacle
2024-02-28,2024,hard,medvedev d.,sonego l.,1.12,7.77,pinnacle
2024-02-28,2024,hard,korda s.,van de zandschulp b.,1.55,2.64,pinnacle
2024-02-28,2024,hard,davidovich fokina a.,mensik j.,1.75,2.21,pinnacle
2024-02-28,2024,hard,hurkacz h.,o connell c.,1.19,5.36,pinnacle
2024-02-29,2024,hard,bublik a.,lehecka j.,2.17,1.78,pinnacle
2024-02-29,2024,hard,rublev a.,korda s.,1.43,3.08,pinnacle
2024-02-29,2024,hard,medvedev d.,davidovich fokina a.,1.22,4.93,pinnacle
2024-02-29,2024,hard,humbert u.,hurkacz h.,2.23,1.74,pinnacle
2024-03-01,2024,hard,bublik a.,rublev a.,4.09,1.3,pinnacle
2024-03-01,2024,hard,humbert u.,medvedev d.,3.05,1.43,pinnacle
2024-03-02,2024,hard,humbert u.,bublik a.,1.43,3.08,pinnacle
2024-02-26,2024,clay,martinez p.,passaro f.,1.45,2.95,pinnacle
2024-02-26,2024,clay,coria f.,molcan a.,2.13,1.79,pinnacle
2024-02-26,2024,clay,diaz acosta f.,cachin p.,1.46,2.9,pinnacle
2024-02-27,2024,clay,moutet c.,carballes baena r.,2.06,1.84,pinnacle
2024-02-27,2024,clay,seyboth wild t.,burruchaga r.,1.61,2.44,pinnacle
2024-02-27,2024,clay,cerundolo j.m.,hanfmann y.,2.44,1.62,pinnacle
2024-02-27,2024,clay,munar j.,zapata miralles b.,1.49,2.78,pinnacle
2024-02-27,2024,clay,ramos-vinolas a.,dellien h.,2.14,1.78,pinnacle
2024-02-27,2024,clay,tirante t.a.,fonseca j.,2.25,1.71,pinnacle
2024-02-27,2024,clay,varillas j.p.,comesana f.,1.8,2.11,pinnacle
2024-02-27,2024,clay,barrios m.,garin c.,3.04,1.43,pinnacle
2024-02-28,2024,clay,darderi l.,bagnis f.,1.54,2.62,pinnacle
2024-02-28,2024,clay,martinez p.,diaz acosta f.,2.44,1.63,pinnacle
2024-02-28,2024,clay,moutet c.,tirante t.a.,1.61,2.49,pinnacle
2024-02-28,2024,clay,fils a.,seyboth wild t.,1.78,2.16,pinnacle
2024-02-28,2024,clay,jarry n.,coria f.,1.34,3.58,pinnacle
2024-02-29,2024,clay,darderi l.,cerundolo j.m.,1.46,2.94,pinnacle
2024-02-29,2024,clay,munar j.,ramos-vinolas a.,1.4,3.22,pinnacle
2024-02-29,2024,clay,baez s.,varillas j.p.,1.28,4.07,pinnacle
2024-02-29,2024,clay,tabilo a.,barrios m.,1.47,2.91,pinnacle
2024-03-01,2024,clay,baez s.,munar j.,1.54,2.67,pinnacle
2024-03-01,2024,clay,martinez p.,fils a.,2.68,1.54,pinnacle
2024-03-01,2024,clay,tabilo a.,darderi l.,1.75,2.22,pinnacle
2024-03-01,2024,clay,moutet c.,jarry n.,4.78,1.23,pinnacle
2024-03-02,2024,clay,tabilo a.,moutet c.,1.57,2.58,pinnacle
2024-03-03,2024,clay,baez s.,martinez p.,1.43,3.07,pinnacle
2024-03-03,2024,clay,baez s.,tabilo a.,1.57,2.59,pinnacle
2024-03-06,2024,hard,o connell c.,draper j.,4.78,1.22,pinnacle
2024-03-06,2024,hard,kokkinakis t.,giron m.,2.84,1.48,pinnacle
2024-03-06,2024,hard,hanfmann y.,cachin p.,1.43,3.01,pinnacle
2024-03-06,2024,hard,shevchenko a.,koepfer d.,2.31,1.68,pinnacle
2024-03-06,2024,hard,nakashima b.,eubanks c.,1.48,2.82,pinnacle
2024-03-06,2024,hard,arnaldi m.,van assche l.,1.56,2.56,pinnacle
2024-03-06,2024,hard,marozsan f.,rodionov j.,1.47,2.81,pinnacle
2024-03-06,2024,hard,murray a.,goffin d.,1.71,2.25,pinnacle
2024-03-06,2024,hard,daniel t.,galan d.e.,1.46,2.9,pinnacle
2024-03-07,2024,hard,vukic a.,mochizuki s.,2.0,1.89,pinnacle
2024-03-07,2024,hard,machac t.,wawrinka s.,1.55,2.6,pinnacle
2024-03-07,2024,hard,sonego l.,kecmanovic m.,2.31,1.68,pinnacle
2024-03-07,2024,hard,lestienne c.,kudla d.,1.87,2.02,pinnacle
2024-03-07,2024,hard,pouille l.,altmaier d.,2.17,1.76,pinnacle
2024-03-07,2024,hard,lajovic d.,ruusuvuori e.,2.76,1.5,pinnacle
2024-03-07,2024,hard,safiullin r.,evans d.,1.74,2.2,pinnacle
2024-03-07,2024,hard,monfils g.,purcell m.,1.34,3.51,pinnacle
2024-03-07,2024,hard,mensik j.,hong s.,1.25,4.38,pinnacle
2024-03-07,2024,hard,coric b.,ofner s.,1.36,3.42,pinnacle
2024-03-07,2024,hard,michelsen a.,munar j.,1.41,3.1,pinnacle
2024-03-07,2024,hard,seyboth wild t.,wolf j.j.,1.64,2.39,pinnacle
2024-03-08,2024,hard,shang j.,thompson j.,2.8,1.49,pinnacle
2024-03-08,2024,hard,fils a.,borges n.,1.77,2.16,pinnacle
2024-03-08,2024,hard,fognini f.,zapata miralles b.,1.56,2.59,pinnacle
2024-03-08,2024,hard,kypson p.,quinn e.,1.68,2.31,pinnacle
2024-03-08,2024,hard,raonic m.,nagal s.,1.39,3.25,pinnacle
2024-03-08,2024,hard,zhang zh.,kovacevic a.,1.61,2.46,pinnacle
2024-03-08,2024,hard,muller a.,grenier h.,1.89,2.0,pinnacle
2024-03-08,2024,hard,tabilo a.,kotov p.,1.66,2.34,pinnacle
2024-03-08,2024,hard,shapovalov d.,van de zandschulp b.,1.68,2.3,pinnacle
2024-03-08,2024,hard,carballes baena r.,cobolli f.,3.1,1.41,pinnacle
2024-03-08,2024,hard,klein l.,moreno de alboran n.,1.57,2.54,pinnacle
2024-03-08,2024,hard,de minaur a.,daniel t.,1.09,9.35,pinnacle
2024-03-08,2024,hard,sinner j.,kokkinakis t.,1.07,11.05,pinnacle
2024-03-08,2024,hard,cerundolo f.,shevchenko a.,2.35,1.66,pinnacle
2024-03-08,2024,hard,auger-aliassime f.,lestienne c.,1.24,4.45,pinnacle
2024-03-08,2024,hard,zverev a.,o connell c.,1.19,5.44,pinnacle
2024-03-08,2024,hard,rublev a.,murray a.,1.18,5.66,pinnacle
2024-03-08,2024,hard,tsitsipas s.,pouille l.,1.16,5.92,pinnacle
2024-03-08,2024,hard,marozsan f.,jarry n.,2.23,1.72,pinnacle
2024-03-09,2024,hard,shelton b.,mensik j.,1.5,2.77,pinnacle
2024-03-09,2024,hard,griekspoor t.,hanfmann y.,1.45,2.96,pinnacle
2024-03-09,2024,hard,lehecka j.,nakashima b.,1.87,2.03,pinnacle
2024-03-09,2024,hard,alcaraz c.,arnaldi m.,1.14,6.75,pinnacle
2024-03-09,2024,hard,bublik a.,shang j.,1.68,2.31,pinnacle
2024-03-09,2024,hard,struff j.l.,coric b.,2.28,1.69,pinnacle
2024-03-09,2024,hard,seyboth wild t.,khachanov k.,3.97,1.29,pinnacle
2024-03-09,2024,hard,tiafoe f.,lajovic d.,1.54,2.64,pinnacle
2024-03-09,2024,hard,rune h.,raonic m.,1.42,3.06,pinnacle
2024-03-09,2024,hard,norrie c.,sonego l.,1.66,2.35,pinnacle
2024-03-09,2024,hard,mannarino a.,machac t.,2.66,1.53,pinnacle
2024-03-09,2024,hard,humbert u.,kypson p.,1.19,5.41,pinnacle
2024-03-09,2024,hard,nardi l.,zhang zh.,3.14,1.4,pinnacle
2024-03-09,2024,hard,fils a.,davidovich fokina a.,2.22,1.73,pinnacle
2024-03-09,2024,hard,dimitrov g.,muller a.,1.16,5.75,pinnacle
2024-03-09,2024,hard,fritz t.,tabilo a.,1.2,5.04,pinnacle
2024-03-09,2024,hard,baez s.,fognini f.,1.38,3.26,pinnacle
2024-03-09,2024,hard,musetti l.,shapovalov d.,2.64,1.53,pinnacle
2024-03-09,2024,hard,djokovic n.,vukic a.,1.02,26.38,pinnacle
2024-03-10,2024,hard,korda s.,safiullin r.,1.67,2.33,pinnacle
2024-03-10,2024,hard,ruud c.,klein l.,1.23,4.54,pinnacle
2024-03-10,2024,hard,paul t.,michelsen a.,1.49,2.81,pinnacle
2024-03-10,2024,hard,monfils g.,hurkacz h.,2.68,1.52,pinnacle
2024-03-10,2024,hard,medvedev d.,carballes baena r.,1.03,15.84,pinnacle
2024-03-10,2024,hard,marozsan f.,seyboth wild t.,2.25,1.72,pinnacle
2024-03-10,2024,hard,tsitsipas s.,tiafoe f.,1.43,3.1,pinnacle
2024-03-10,2024,hard,de minaur a.,bublik a.,1.25,4.46,pinnacle
2024-03-10,2024,hard,alcaraz c.,auger-aliassime f.,1.22,4.96,pinnacle
2024-03-10,2024,hard,sinner j.,struff j.l.,1.07,12.24,pinnacle
2024-03-10,2024,hard,lehecka j.,rublev a.,4.21,1.27,pinnacle
2024-03-11,2024,hard,zverev a.,griekspoor t.,1.32,3.77,pinnacle
2024-03-11,2024,hard,shelton b.,cerundolo f.,1.31,3.8,pinnacle
2024-03-11,2024,hard,rune h.,musetti l.,1.36,3.46,pinnacle
2024-03-11,2024,hard,monfils g.,norrie c.,1.85,2.05,pinnacle
2024-03-11,2024,hard,paul t.,humbert u.,1.95,1.95,pinnacle
2024-03-11,2024,hard,ruud c.,fils a.,1.44,3.01,pinnacle
2024-03-11,2024,hard,fritz t.,baez s.,1.17,5.87,pinnacle
2024-03-11,2024,hard,dimitrov g.,mannarino a.,1.26,4.38,pinnacle
2024-03-12,2024,hard,nardi l.,djokovic n.,25.37,1.02,pinnacle
2024-03-12,2024,hard,medvedev d.,korda s.,1.42,3.07,pinnacle
2024-03-12,2024,hard,lehecka j.,tsitsipas s.,2.67,1.54,pinnacle
2024-03-12,2024,hard,alcaraz c.,marozsan f.,1.11,8.25,pinnacle
2024-03-12,2024,hard,zverev a.,de minaur a.,2.02,1.89,pinnacle
2024-03-13,2024,hard,sinner j.,shelton b.,1.16,6.18,pinnacle
2024-03-13,2024,hard,ruud c.,monfils g.,1.4,3.22,pinnacle
2024-03-13,2024,hard,paul t.,nardi l.,1.2,5.24,pinnacle
2024-03-13,2024,hard,medvedev d.,dimitrov g.,1.61,2.48,pinnacle
2024-03-14,2024,hard,rune h.,fritz t.,2.51,1.6,pinnacle
2024-03-14,2024,hard,sinner j.,lehecka j.,1.16,5.8,pinnacle
2024-03-14,2024,hard,paul t.,ruud c.,1.95,1.95,pinnacle
2024-03-14,2024,hard,alcaraz c.,zverev a.,1.4,3.18,pinnacle
2024-03-15,2024,hard,medvedev d.,rune h.,1.45,3.0,pinnacle
2024-03-16,2024,hard,alcaraz c.,sinner j.,2.13,1.8,pinnacle
2024-03-17,2024,hard,medvedev d.,paul t.,1.38,3.33,pinnacle
2024-03-17,2024,hard,alcaraz c.,medvedev d.,1.38,3.31,pinnacle
2024-03-20,2024,hard,van assche l.,kotov p.,1.67,2.31,pinnacle
2024-03-20,2024,hard,van de zandschulp b.,hijikata r.,1.65,2.37,pinnacle
2024-03-20,2024,hard,shapovalov d.,darderi l.,1.25,4.37,pinnacle
2024-03-20,2024,hard,draper j.,daniel t.,1.19,5.36,pinnacle
2024-03-20,2024,hard,o connell c.,kopriva v.,1.34,3.54,pinnacle
2024-03-20,2024,hard,cobolli f.,nishioka y.,2.36,1.65,pinnacle
2024-03-20,2024,hard,machac t.,blanch d.,1.02,25.36,pinnacle
2024-03-20,2024,hard,fucsovics m.,purcell m.,1.45,2.94,pinnacle
2024-03-20,2024,hard,vavassori a.,cachin p.,1.5,2.75,pinnacle
2024-03-20,2024,hard,murray a.,berrettini m.,2.1,1.81,pinnacle
2024-03-20,2024,hard,seyboth wild t.,borges n.,2.0,1.89,pinnacle
2024-03-20,2024,hard,shang j.,kecmanovic m.,2.27,1.7,pinnacle
2024-03-20,2024,hard,damm m.,zhang zh.,3.7,1.32,pinnacle
2024-03-20,2024,hard,arnaldi m.,fils a.,2.11,1.8,pinnacle
2024-03-21,2024,hard,michelsen a.,klein l.,1.76,2.17,pinnacle
2024-03-21,2024,hard,koepfer d.,giron m.,2.43,1.62,pinnacle
2024-03-21,2024,hard,altmaier d.,mayot h.,1.81,2.1,pinnacle
2024-03-21,2024,hard,djere l.,wong c.,1.62,2.43,pinnacle
2024-03-21,2024,hard,auger-aliassime f.,walton a.,1.25,4.32,pinnacle
2024-03-21,2024,hard,ofner s.,nishikori k.,1.87,2.03,pinnacle
2024-03-21,2024,hard,tabilo a.,nakashima b.,2.48,1.6,pinnacle
2024-03-21,2024,hard,evans d.,sonego l.,2.34,1.66,pinnacle
2024-03-21,2024,hard,kwon s.w.,muller a.,2.7,1.52,pinnacle
2024-03-21,2024,hard,marozsan f.,kovacevic a.,1.67,2.33,pinnacle
2024-03-21,2024,hard,hanfmann y.,ruusuvuori e.,3.99,1.28,pinnacle
2024-03-21,2024,hard,landaluce m.,munar j.,2.84,1.48,pinnacle
2024-03-21,2024,hard,carballes baena r.,vukic a.,3.5,1.35,pinnacle
2024-03-21,2024,hard,bautista agut r.,nava e.,1.75,2.18,pinnacle
2024-03-21,2024,hard,popyrin a.,diaz acosta f.,1.57,2.5,pinnacle
2024-03-21,2024,hard,shevchenko a.,galan d.e.,1.5,2.72,pinnacle
2024-03-21,2024,hard,monfils g.,lajovic d.,1.34,3.51,pinnacle
2024-03-22,2024,hard,safiullin r.,schwartzman d.,1.4,3.19,pinnacle
2024-03-22,2024,hard,humbert u.,van de zandschulp b.,1.24,4.5,pinnacle
2024-03-22,2024,hard,machac t.,rublev a.,4.12,1.27,pinnacle
2024-03-23,2024,hard,damm m.,paul t.,8.79,1.1,pinnacle
2024-03-23,2024,hard,o connell c.,tiafoe f.,2.7,1.52,pinnacle
2024-03-23,2024,hard,jarry n.,draper j.,3.18,1.4,pinnacle
2024-03-23,2024,hard,griekspoor t.,michelsen a.,1.88,2.01,pinnacle
2024-03-23,2024,hard,koepfer d.,baez s.,1.65,2.35,pinnacle
2024-03-23,2024,hard,seyboth wild t.,fritz t.,5.61,1.18,pinnacle
2024-03-23,2024,hard,shapovalov d.,tsitsipas s.,2.93,1.45,pinnacle
2024-03-23,2024,hard,davidovich fokina a.,shang j.,1.61,2.45,pinnacle
2024-03-23,2024,hard,murray a.,etcheverry t.,1.59,2.49,pinnacle
2024-03-23,2024,hard,sinner j.,vavassori a.,1.03,21.25,pinnacle
2024-03-23,2024,hard,ruud c.,van assche l.,1.22,4.85,pinnacle
2024-03-23,2024,hard,arnaldi m.,bublik a.,2.06,1.83,pinnacle
2024-03-23,2024,hard,medvedev d.,fucsovics m.,1.16,6.03,pinnacle
2024-03-23,2024,hard,norrie c.,cobolli f.,1.32,3.82,pinnacle
2024-03-23,2024,hard,hurkacz h.,shevchenko a.,1.17,5.43,pinnacle
2024-03-23,2024,hard,korda s.,bautista agut r.,1.3,3.87,pinnacle
2024-03-23,2024,hard,zverev a.,auger-aliassime f.,1.42,3.07,pinnacle
2024-03-23,2024,hard,eubanks c.,evans d.,2.31,1.68,pinnacle
2024-03-23,2024,hard,alcaraz c.,carballes baena r.,1.01,21.29,pinnacle
2024-03-24,2024,hard,cerundolo f.,ofner s.,1.74,2.2,pinnacle
2024-03-24,2024,hard,khachanov k.,djere l.,1.21,4.94,pinnacle
2024-03-24,2024,hard,monfils g.,thompson j.,1.58,2.52,pinnacle
2024-03-24,2024,hard,hanfmann y.,mannarino a.,2.68,1.53,pinnacle
2024-03-24,2024,hard,struff j.l.,altmaier d.,1.65,2.37,pinnacle
2024-03-24,2024,hard,shelton b.,landaluce m.,1.14,6.79,pinnacle
2024-03-24,2024,hard,musetti l.,safiullin r.,2.63,1.54,pinnacle
2024-03-24,2024,hard,popyrin a.,lehecka j.,2.74,1.51,pinnacle
2024-03-24,2024,hard,dimitrov g.,tabilo a.,1.2,5.09,pinnacle
2024-03-24,2024,hard,de minaur a.,kwon s.w.,1.06,11.94,pinnacle
2024-03-24,2024,hard,marozsan f.,rune h.,3.3,1.38,pinnacle
2024-03-24,2024,hard,sinner j.,griekspoor t.,1.08,11.06,pinnacle
2024-03-24,2024,hard,machac t.,murray a.,1.6,2.51,pinnacle
2024-03-24,2024,hard,arnaldi m.,shapovalov d.,2.09,1.83,pinnacle
2024-03-24,2024,hard,o connell c.,damm m.,1.43,3.08,pinnacle
2024-03-24,2024,hard,jarry n.,seyboth wild t.,1.89,2.02,pinnacle
2024-03-24,2024,hard,ruud c.,davidovich fokina a.,1.56,2.61,pinnacle
2024-03-25,2024,hard,koepfer d.,humbert u.,3.51,1.35,pinnacle
2024-03-25,2024,hard,medvedev d.,norrie c.,1.19,5.35,pinnacle
2024-03-25,2024,hard,marozsan f.,popyrin a.,1.75,2.22,pinnacle
2024-03-25,2024,hard,khachanov k.,cerundolo f.,1.3,3.96,pinnacle
2024-03-25,2024,hard,zverev a.,eubanks c.,1.11,8.13,pinnacle
2024-03-25,2024,hard,de minaur a.,struff j.l.,1.23,4.91,pinnacle
2024-03-25,2024,hard,hurkacz h.,korda s.,1.6,2.51,pinnacle
2024-03-25,2024,hard,alcaraz c.,monfils g.,1.09,9.62,pinnacle
2024-03-25,2024,hard,dimitrov g.,hanfmann y.,1.15,6.51,pinnacle
2024-03-25,2024,hard,musetti l.,shelton b.,3.39,1.37,pinnacle
2024-03-26,2024,hard,machac t.,arnaldi m.,1.75,2.21,pinnacle
2024-03-26,2024,hard,medvedev d.,koepfer d.,1.13,7.57,pinnacle
2024-03-26,2024,hard,jarry n.,ruud c.,2.77,1.51,pinnacle
2024-03-26,2024,hard,sinner j.,o connell c.,1.06,13.39,pinnacle
2024-03-26,2024,hard,dimitrov g.,hurkacz h.,1.69,2.3,pinnacle
2024-03-26,2024,hard,alcaraz c.,musetti l.,1.07,11.88,pinnacle
2024-03-27,2024,hard,marozsan f.,de minaur a.,3.63,1.34,pinnacle
2024-03-27,2024,hard,zverev a.,khachanov k.,1.46,2.96,pinnacle
2024-03-27,2024,hard,sinner j.,machac t.,1.09,9.34,pinnacle
2024-03-28,2024,hard,medvedev d.,jarry n.,1.18,5.69,pinnacle
2024-03-28,2024,hard,zverev a.,marozsan f.,1.28,4.1,pinnacle
2024-03-28,2024,hard,dimitrov g.,alcaraz c.,5.3,1.2,pinnacle
2024-03-29,2024,hard,sinner j.,medvedev d.,1.56,2.6,pinnacle
2024-03-29,2024,hard,dimitrov g.,zverev a.,2.36,1.65,pinnacle
2024-03-31,2024,hard,sinner j.,dimitrov g.,1.25,4.5,pinnacle
2024-04-01,2024,clay,bautista agut r.,kecmanovic m.,2.44,1.61,pinnacle
2024-04-01,2024,clay,thiem d.,marterer m.,1.69,2.26,pinnacle
2024-04-01,2024,clay,borges n.,pouille l.,1.45,2.93,pinnacle
2024-04-03,2024,clay,fucsovics m.,cachin p.,1.46,2.92,pinnacle
2024-04-03,2024,clay,martinez p.,altmaier d.,1.72,2.23,pinnacle
2024-04-03,2024,clay,choinski j.,fonseca j.,2.2,1.74,pinnacle
2024-04-03,2024,clay,llamas ruiz p.,koepfer d.,2.61,1.55,pinnacle
2024-04-03,2024,clay,jorda sanchis d.,faria j.,3.01,1.43,pinnacle
2024-04-03,2024,clay,garin c.,rodionov j.,1.43,3.05,pinnacle
2024-04-03,2024,clay,fils a.,sousa j.,1.26,4.28,pinnacle
2024-04-03,2024,clay,monfils g.,rocha h.,1.4,3.2,pinnacle
2024-04-03,2024,clay,van de zandschulp b.,coria f.,2.06,1.83,pinnacle
2024-04-04,2024,clay,gasquet r.,thiem d.,2.46,1.62,pinnacle
2024-04-04,2024,clay,hurkacz h.,choinski j.,1.15,6.51,pinnacle
2024-04-04,2024,clay,llamas ruiz p.,jorda sanchis d.,1.19,5.5,pinnacle
2024-04-04,2024,clay,borges n.,musetti l.,2.58,1.57,pinnacle
2024-04-04,2024,clay,garin c.,fils a.,2.4,1.65,pinnacle
2024-04-04,2024,clay,martinez p.,bautista agut r.,1.71,2.23,pinnacle
2024-04-04,2024,clay,ruud c.,van de zandschulp b.,1.23,4.72,pinnacle
2024-04-04,2024,clay,fucsovics m.,monfils g.,2.09,1.83,pinnacle
2024-04-05,2024,clay,hurkacz h.,llamas ruiz p.,1.33,3.69,pinnacle
2024-04-05,2024,clay,garin c.,borges n.,2.77,1.51,pinnacle
2024-04-05,2024,clay,martinez p.,gasquet r.,1.42,3.14,pinnacle
2024-04-05,2024,clay,ruud c.,fucsovics m.,1.24,4.66,pinnacle
2024-04-06,2024,clay,hurkacz h.,garin c.,1.44,3.03,pinnacle
2024-04-06,2024,clay,martinez p.,ruud c.,5.99,1.18,pinnacle
2024-04-07,2024,clay,hurkacz h.,martinez p.,1.54,2.66,pinnacle
2024-04-01,2024,clay,nakashima b.,ajdukovic d.,1.47,2.89,pinnacle
2024-04-01,2024,clay,bergs z.,kypson p.,1.96,1.93,pinnacle
2024-04-02,2024,clay,hijikata r.,eubanks c.,2.32,1.68,pinnacle
2024-04-02,2024,clay,wolf j.j.,ritschard a.,1.79,2.13,pinnacle
2024-04-02,2024,clay,darderi l.,kudla d.,1.33,3.57,pinnacle
2024-04-02,2024,clay,galan d.e.,paire b.,1.49,2.8,pinnacle
2024-04-02,2024,clay,duckworth j.,brouwer g.,2.7,1.52,pinnacle
2024-04-02,2024,clay,purcell m.,michelsen a.,3.35,1.37,pinnacle
2024-04-02,2024,clay,mmoh m.,varillas j.p.,2.63,1.54,pinnacle
2024-04-02,2024,clay,kovacevic a.,kokkinakis t.,2.76,1.5,pinnacle
2024-04-03,2024,clay,giron m.,shapovalov d.,2.28,1.69,pinnacle
2024-04-03,2024,clay,thompson j.,wu y.,1.88,1.97,pinnacle
2024-04-03,2024,clay,darderi l.,cerundolo f.,2.49,1.61,pinnacle
2024-04-03,2024,clay,nakashima b.,hijikata r.,1.33,3.64,pinnacle
2024-04-04,2024,clay,shelton b.,bergs z.,1.46,2.96,pinnacle
2024-04-04,2024,clay,giron m.,wolf j.j.,1.35,3.49,pinnacle
2024-04-04,2024,clay,mmoh m.,purcell m.,1.7,2.29,pinnacle
2024-04-04,2024,clay,etcheverry t.,galan d.e.,1.32,3.71,pinnacle
2024-04-05,2024,clay,tiafoe f.,duckworth j.,1.27,4.22,pinnacle
2024-04-05,2024,clay,thompson j.,kovacevic a.,1.63,2.45,pinnacle
2024-04-05,2024,clay,etcheverry t.,mmoh m.,1.35,3.5,pinnacle
2024-04-05,2024,clay,shelton b.,nakashima b.,1.83,2.1,pinnacle
2024-04-05,2024,clay,darderi l.,giron m.,2.15,1.79,pinnacle
2024-04-06,2024,clay,tiafoe f.,thompson j.,1.46,2.95,pinnacle
2024-04-06,2024,clay,shelton b.,etcheverry t.,2.34,1.68,pinnacle
2024-04-06,2024,clay,tiafoe f.,darderi l.,2.0,1.91,pinnacle
2024-04-07,2024,clay,shelton b.,tiafoe f.,1.85,2.07,pinnacle
2024-04-01,2024,clay,munar j.,van assche l.,2.04,1.83,pinnacle
2024-04-01,2024,clay,kotov p.,benchetrit e.,1.26,4.24,pinnacle
2024-04-01,2024,clay,navone m.,dougaz a.,1.26,4.25,pinnacle
2024-04-02,2024,clay,vukic a.,muller a.,2.36,1.65,pinnacle
2024-04-02,2024,clay,nagal s.,moutet c.,2.33,1.67,pinnacle
2024-04-02,2024,clay,cobolli f.,shelbayh a.,1.33,3.63,pinnacle
2024-04-02,2024,clay,berrettini m.,shevchenko a.,1.61,2.46,pinnacle
2024-04-02,2024,clay,fognini f.,gaston h.,1.8,2.11,pinnacle
2024-04-02,2024,clay,moreno de alboran n.,diaz acosta f.,2.86,1.47,pinnacle
2024-04-02,2024,clay,wawrinka s.,ramos-vinolas a.,1.43,3.05,pinnacle
2024-04-02,2024,clay,carballes baena r.,gigante m.,1.44,2.97,pinnacle
2024-04-02,2024,clay,goffin d.,rinderknech a.,1.76,2.18,pinnacle
2024-04-03,2024,clay,sonego l.,nagal s.,1.58,2.5,pinnacle
2024-04-03,2024,clay,kotov p.,cobolli f.,2.66,1.52,pinnacle
2024-04-03,2024,clay,berrettini m.,munar j.,1.46,2.86,pinnacle
2024-04-03,2024,clay,fognini f.,djere l.,2.66,1.52,pinnacle
2024-04-04,2024,clay,carballes baena r.,evans d.,1.49,2.79,pinnacle
2024-04-04,2024,clay,moreno de alboran n.,goffin d.,2.62,1.54,pinnacle
2024-04-04,2024,clay,navone m.,wawrinka s.,1.99,1.89,pinnacle
2024-04-04,2024,clay,vukic a.,ofner s.,2.27,1.7,pinnacle
2024-04-05,2024,clay,carballes baena r.,moreno de alboran n.,1.58,2.56,pinnacle
2024-04-05,2024,clay,kotov p.,fognini f.,1.77,2.18,pinnacle
2024-04-05,2024,clay,berrettini m.,sonego l.,1.51,2.75,pinnacle
2024-04-05,2024,clay,navone m.,vukic a.,1.48,2.88,pinnacle
2024-04-06,2024,clay,carballes baena r.,kotov p.,1.83,2.09,pinnacle
2024-04-06,2024,clay,berrettini m.,navone m.,1.42,3.11,pinnacle
2024-04-07,2024,clay,berrettini m.,carballes baena r.,1.38,3.35,pinnacle
2024-04-07,2024,clay,struff j.l.,baez s.,2.9,1.46,pinnacle
2024-04-07,2024,clay,griekspoor t.,koepfer d.,1.77,2.15,pinnacle
2024-04-07,2024,clay,coric b.,bublik a.,1.59,2.5,pinnacle
2024-04-07,2024,clay,musetti l.,fritz t.,1.9,1.99,pinnacle
2024-04-08,2024,clay,ofner s.,evans d.,1.81,2.1,pinnacle
2024-04-08,2024,clay,auger-aliassime f.,nardi l.,1.68,2.31,pinnacle
2024-04-08,2024,clay,popyrin a.,moutet c.,2.09,1.81,pinnacle
2024-04-08,2024,clay,nagal s.,arnaldi m.,2.97,1.44,pinnacle
2024-04-08,2024,clay,cerundolo f.,altmaier d.,1.68,2.3,pinnacle
2024-04-08,2024,clay,dimitrov g.,vacherot v.,1.08,10.26,pinnacle
2024-04-08,2024,clay,tsitsipas s.,djere l.,1.34,3.5,pinnacle
2024-04-08,2024,clay,tabilo a.,o connell c.,1.58,2.52,pinnacle
2024-04-08,2024,clay,fils a.,hanfmann y.,1.44,2.93,pinnacle
2024-04-08,2024,clay,khachanov k.,norrie c.,1.7,2.26,pinnacle
2024-04-08,2024,clay,safiullin r.,munar j.,2.43,1.62,pinnacle
2024-04-08,2024,clay,humbert u.,coria f.,1.45,2.95,pinnacle
2024-04-09,2024,clay,zhang zh.,giron m.,1.72,2.23,pinnacle
2024-04-09,2024,clay,de minaur a.,wawrinka s.,1.44,2.99,pinnacle
2024-04-09,2024,clay,bautista agut r.,diaz acosta f.,1.91,1.98,pinnacle
2024-04-09,2024,clay,korda s.,davidovich fokina a.,2.09,1.82,pinnacle
2024-04-09,2024,clay,hurkacz h.,draper j.,1.66,2.34,pinnacle
2024-04-09,2024,clay,kecmanovic m.,berrettini m.,3.25,1.39,pinnacle
2024-04-09,2024,clay,etcheverry t.,jarry n.,2.33,1.67,pinnacle
2024-04-09,2024,clay,monfils g.,vukic a.,1.11,8.31,pinnacle
2024-04-09,2024,clay,djokovic n.,safiullin r.,1.17,5.81,pinnacle
2024-04-09,2024,clay,zverev a.,ofner s.,1.11,8.31,pinnacle
2024-04-09,2024,clay,struff j.l.,coric b.,1.95,1.95,pinnacle
2024-04-09,2024,clay,musetti l.,fils a.,1.45,2.97,pinnacle
2024-04-10,2024,clay,popyrin a.,rublev a.,4.18,1.27,pinnacle
2024-04-10,2024,clay,sonego l.,auger-aliassime f.,2.7,1.53,pinnacle
2024-04-10,2024,clay,de minaur a.,griekspoor t.,1.51,2.75,pinnacle
2024-04-10,2024,clay,khachanov k.,cerundolo f.,1.69,2.31,pinnacle
2024-04-10,2024,clay,sinner j.,korda s.,1.14,6.71,pinnacle
2024-04-10,2024,clay,humbert u.,zhang zh.,1.5,2.79,pinnacle
2024-04-10,2024,clay,tsitsipas s.,etcheverry t.,1.4,3.2,pinnacle
2024-04-10,2024,clay,hurkacz h.,bautista agut r.,1.49,2.84,pinnacle
2024-04-10,2024,clay,medvedev d.,monfils g.,1.36,3.48,pinnacle
2024-04-10,2024,clay,ruud c.,tabilo a.,1.27,4.22,pinnacle
2024-04-11,2024,clay,dimitrov g.,kecmanovic m.,1.3,3.95,pinnacle
2024-04-11,2024,clay,rune h.,nagal s.,1.26,4.3,pinnacle
2024-04-11,2024,clay,de minaur a.,popyrin a.,1.55,2.65,pinnacle
2024-04-11,2024,clay,khachanov k.,medvedev d.,3.08,1.43,pinnacle
2024-04-11,2024,clay,tsitsipas s.,zverev a.,2.2,1.76,pinnacle
2024-04-11,2024,clay,djokovic n.,musetti l.,1.22,4.88,pinnacle
2024-04-11,2024,clay,rune h.,dimitrov g.,2.36,1.65,pinnacle
2024-04-11,2024,clay,sinner j.,struff j.l.,1.07,11.34,pinnacle
2024-04-11,2024,clay,ruud c.,hurkacz h.,1.48,2.88,pinnacle
2024-04-11,2024,clay,humbert u.,sonego l.,1.52,2.53,pinnacle
2024-04-12,2024,clay,tsitsipas s.,khachanov k.,1.45,2.97,pinnacle
2024-04-12,2024,clay,sinner j.,rune h.,1.15,6.48,pinnacle
2024-04-12,2024,clay,djokovic n.,de minaur a.,1.27,4.2,pinnacle
2024-04-12,2024,clay,ruud c.,humbert u.,1.33,3.64,pinnacle
2024-04-13,2024,clay,tsitsipas s.,sinner j.,3.99,1.29,pinnacle
2024-04-13,2024,clay,ruud c.,djokovic n.,3.1,1.43,pinnacle
2024-04-14,2024,clay,tsitsipas s.,ruud c.,1.76,2.2,pinnacle
2024-04-15,2024,clay,nakashima b.,evans d.,1.51,2.75,pinnacle
2024-04-15,2024,clay,diaz acosta f.,rincon d.,1.35,3.49,pinnacle
2024-04-15,2024,clay,bautista agut r.,safiullin r.,1.76,2.17,pinnacle
2024-04-15,2024,clay,arnaldi m.,cazaux a.,1.34,3.54,pinnacle
2024-04-15,2024,clay,trungelliti m.,ajdukovic d.,1.87,2.02,pinnacle
2024-04-15,2024,clay,mayot h.,cachin p.,1.66,2.34,pinnacle
2024-04-15,2024,clay,hardt n.,landaluce m.,1.87,2.02,pinnacle
2024-04-15,2024,clay,ofner s.,kotov p.,2.02,1.87,pinnacle
2024-04-15,2024,clay,muller a.,ramos-vinolas a.,1.65,2.37,pinnacle
2024-04-16,2024,clay,van assche l.,zhang zh.,1.93,1.96,pinnacle
2024-04-16,2024,clay,lajovic d.,schwartzman d.,1.78,2.14,pinnacle
2024-04-16,2024,clay,carballes baena r.,grenier h.,1.18,5.43,pinnacle
2024-04-16,2024,clay,munar j.,nishioka y.,1.3,3.85,pinnacle
2024-04-16,2024,clay,machac t.,shang j.,1.65,2.36,pinnacle
2024-04-16,2024,clay,altmaier d.,popyrin a.,2.48,1.6,pinnacle
2024-04-16,2024,clay,nadal r.,cobolli f.,1.26,4.24,pinnacle
2024-04-16,2024,clay,diaz acosta f.,coric b.,2.18,1.76,pinnacle
2024-04-16,2024,clay,nakashima b.,rublev a.,3.94,1.29,pinnacle
2024-04-16,2024,clay,arnaldi m.,baez s.,2.29,1.69,pinnacle
2024-04-16,2024,clay,etcheverry t.,hardt n.,1.19,5.39,pinnacle
2024-04-16,2024,clay,norrie c.,mayot h.,1.24,4.47,pinnacle
2024-04-17,2024,clay,davidovich fokina a.,machac t.,1.72,2.23,pinnacle
2024-04-17,2024,clay,bautista agut r.,vavassori a.,1.41,3.13,pinnacle
2024-04-17,2024,clay,trungelliti m.,jarry n.,4.39,1.25,pinnacle
2024-04-17,2024,clay,thompson j.,munar j.,3.66,1.32,pinnacle
2024-04-17,2024,clay,ruud c.,muller a.,1.12,7.37,pinnacle
2024-04-17,2024,clay,lajovic d.,humbert u.,2.68,1.53,pinnacle
2024-04-17,2024,clay,de minaur a.,nadal r.,2.04,1.86,pinnacle
2024-04-17,2024,clay,marozsan f.,van assche l.,1.68,2.3,pinnacle
2024-04-17,2024,clay,carballes baena r.,musetti l.,3.31,1.37,pinnacle
2024-04-17,2024,clay,tsitsipas s.,ofner s.,1.09,9.31,pinnacle
2024-04-17,2024,clay,fils a.,altmaier d.,1.68,2.3,pinnacle
2024-04-18,2024,clay,norrie c.,bautista agut r.,1.75,2.21,pinnacle
2024-04-18,2024,clay,etcheverry t.,nakashima b.,1.71,2.27,pinnacle
2024-04-18,2024,clay,lajovic d.,davidovich fokina a.,2.38,1.65,pinnacle
2024-04-18,2024,clay,arnaldi m.,trungelliti m.,1.27,4.2,pinnacle
2024-04-18,2024,clay,ruud c.,thompson j.,1.12,7.5,pinnacle
2024-04-18,2024,clay,diaz acosta f.,marozsan f.,2.38,1.66,pinnacle
2024-04-18,2024,clay,tsitsipas s.,carballes baena r.,1.17,5.91,pinnacle
2024-04-18,2024,clay,fils a.,de minaur a.,3.64,1.33,pinnacle
2024-04-19,2024,clay,etcheverry t.,norrie c.,2.11,1.82,pinnacle
2024-04-19,2024,clay,ruud c.,arnaldi m.,1.28,4.06,pinnacle
2024-04-19,2024,clay,tsitsipas s.,diaz acosta f.,1.18,5.69,pinnacle
2024-04-19,2024,clay,lajovic d.,fils a.,2.35,1.67,pinnacle
2024-04-20,2024,clay,ruud c.,etcheverry t.,1.25,4.41,pinnacle
2024-04-20,2024,clay,tsitsipas s.,lajovic d.,1.23,4.69,pinnacle
2024-04-21,2024,clay,ruud c.,tsitsipas s.,1.79,2.14,pinnacle
2024-04-15,2024,clay,seyboth wild t.,nardi l.,1.65,2.35,pinnacle
2024-04-15,2024,clay,navone m.,darderi l.,2.14,1.78,pinnacle
2024-04-15,2024,clay,rinderknech a.,gaston h.,1.65,2.37,pinnacle
2024-04-15,2024,clay,coria f.,bonzi b.,1.43,2.98,pinnacle
2024-04-16,2024,clay,fonseca j.,sonego l.,3.06,1.42,pinnacle
2024-04-16,2024,clay,fucsovics m.,vacherot v.,1.32,3.67,pinnacle
2024-04-16,2024,clay,albot r.,kovacevic a.,1.6,2.49,pinnacle
2024-04-16,2024,clay,moutet c.,shapovalov d.,1.85,2.05,pinnacle
2024-04-16,2024,clay,martinez p.,taberner c.,1.26,4.21,pinnacle
2024-04-16,2024,clay,borges n.,wawrinka s.,1.58,2.53,pinnacle
2024-04-16,2024,clay,kecmanovic m.,goffin d.,1.58,2.52,pinnacle
2024-04-17,2024,clay,barrere g.,kokkinakis t.,1.89,2.0,pinnacle
2024-04-17,2024,clay,tabilo a.,rinderknech a.,1.56,2.62,pinnacle
2024-04-18,2024,clay,fonseca j.,albot r.,1.69,2.29,pinnacle
2024-04-18,2024,clay,moutet c.,borges n.,1.92,1.99,pinnacle
2024-04-18,2024,clay,fucsovics m.,griekspoor t.,2.21,1.75,pinnacle
2024-04-19,2024,clay,barrere g.,korda s.,4.55,1.25,pinnacle
2024-04-19,2024,clay,martinez p.,kecmanovic m.,1.89,2.02,pinnacle
2024-04-19,2024,clay,navone m.,seyboth wild t.,1.79,2.14,pinnacle
2024-04-19,2024,clay,cerundolo f.,coria f.,1.58,2.54,pinnacle
2024-04-19,2024,clay,fucsovics m.,moutet c.,1.81,2.12,pinnacle
2024-04-19,2024,clay,barrere g.,martinez p.,2.7,1.52,pinnacle
2024-04-19,2024,clay,tabilo a.,fonseca j.,1.53,2.69,pinnacle
2024-04-20,2024,clay,navone m.,cerundolo f.,2.4,1.63,pinnacle
2024-04-20,2024,clay,fucsovics m.,tabilo a.,1.83,2.09,pinnacle
2024-04-20,2024,clay,navone m.,barrere g.,1.55,2.6,pinnacle
2024-04-21,2024,clay,fucsovics m.,navone m.,1.68,2.32,pinnacle
2024-04-15,2024,clay,michelsen a.,rehberg m.,1.43,3.03,pinnacle
2024-04-15,2024,clay,draper j.,kopriva v.,1.22,4.72,pinnacle
2024-04-15,2024,clay,moro canas a.,thiem d.,2.63,1.54,pinnacle
2024-04-15,2024,clay,molleker r.,passaro f.,2.1,1.81,pinnacle
2024-04-16,2024,clay,rodionov j.,vukic a.,2.23,1.72,pinnacle
2024-04-16,2024,clay,daniel t.,o connell c.,2.59,1.55,pinnacle
2024-04-16,2024,clay,garin c.,koepfer d.,2.04,1.85,pinnacle
2024-04-16,2024,clay,galan d.e.,ugo carabelli c.,2.0,1.89,pinnacle
2024-04-16,2024,clay,auger-aliassime f.,marterer m.,1.23,4.59,pinnacle
2024-04-16,2024,clay,van de zandschulp b.,gakhov i.,1.31,3.79,pinnacle
2024-04-16,2024,clay,hanfmann y.,shevchenko a.,1.73,2.22,pinnacle
2024-04-16,2024,clay,huesler m.a.,topo m.,1.36,3.37,pinnacle
2024-04-17,2024,clay,draper j.,molleker r.,1.25,4.46,pinnacle
2024-04-17,2024,clay,zverev a.,rodionov j.,1.08,10.41,pinnacle
2024-04-18,2024,clay,garin c.,michelsen a.,1.37,3.39,pinnacle
2024-04-18,2024,clay,fritz t.,moro canas a.,1.22,4.93,pinnacle
2024-04-18,2024,clay,rune h.,galan d.e.,1.15,6.41,pinnacle
2024-04-18,2024,clay,huesler m.a.,hanfmann y.,2.26,1.72,pinnacle
2024-04-18,2024,clay,struff j.l.,van de zandschulp b.,1.53,2.69,pinnacle
2024-04-18,2024,clay,auger-aliassime f.,daniel t.,1.32,3.72,pinnacle
2024-04-19,2024,clay,fritz t.,draper j.,1.72,2.26,pinnacle
2024-04-19,2024,clay,garin c.,zverev a.,5.44,1.19,pinnacle
2024-04-19,2024,clay,rune h.,huesler m.a.,1.21,5.08,pinnacle
2024-04-20,2024,clay,struff j.l.,auger-aliassime f.,2.05,1.86,pinnacle
2024-04-20,2024,clay,fritz t.,garin c.,1.56,2.62,pinnacle
2024-04-20,2024,clay,struff j.l.,rune h.,2.68,1.53,pinnacle
2024-04-21,2024,clay,struff j.l.,fritz t.,2.14,1.79,pinnacle
2024-04-24,2024,clay,munar j.,borges n.,1.71,2.24,pinnacle
2024-04-24,2024,clay,navone m.,popyrin a.,2.2,1.74,pinnacle
2024-04-24,2024,clay,daniel t.,vukic a.,1.97,1.92,pinnacle
2024-04-24,2024,clay,seyboth wild t.,safiullin r.,1.85,2.05,pinnacle
2024-04-24,2024,clay,altmaier d.,landaluce m.,1.36,3.41,pinnacle
2024-04-24,2024,clay,shevchenko a.,rinderknech a.,2.04,1.85,pinnacle
2024-04-24,2024,clay,van assche l.,bergs z.,1.71,2.25,pinnacle
2024-04-24,2024,clay,darderi l.,monfils g.,2.24,1.72,pinnacle
2024-04-24,2024,clay,marozsan f.,karatsev a.,1.22,4.84,pinnacle
2024-04-24,2024,clay,coric b.,hassan b.,1.32,3.66,pinnacle
2024-04-24,2024,clay,draper j.,kokkinakis t.,1.56,2.59,pinnacle
2024-04-24,2024,clay,bagnis f.,nakashima b.,2.87,1.47,pinnacle
2024-04-24,2024,clay,van de zandschulp b.,eubanks c.,1.34,3.56,pinnacle
2024-04-24,2024,clay,klein l.,llamas ruiz p.,1.93,1.96,pinnacle
2024-04-24,2024,clay,shang j.,moutet c.,2.42,1.63,pinnacle
2024-04-24,2024,clay,shapovalov d.,diaz acosta f.,2.35,1.65,pinnacle
2024-04-25,2024,clay,cachin p.,ofner s.,2.65,1.53,pinnacle
2024-04-25,2024,clay,cobolli f.,tabilo a.,2.33,1.67,pinnacle
2024-04-25,2024,clay,auger-aliassime f.,nishioka y.,1.25,4.32,pinnacle
2024-04-25,2024,clay,machac t.,ruusuvuori e.,1.53,2.65,pinnacle
2024-04-25,2024,clay,purcell m.,giron m.,3.73,1.31,pinnacle
2024-04-25,2024,clay,sonego l.,gasquet r.,1.49,2.81,pinnacle
2024-04-25,2024,clay,monteiro t.,lajovic d.,2.55,1.57,pinnacle
2024-04-25,2024,clay,arnaldi m.,o connell c.,1.35,3.46,pinnacle
2024-04-25,2024,clay,bautista agut r.,galan d.e.,1.4,3.16,pinnacle
2024-04-25,2024,clay,mensik j.,hanfmann y.,1.81,2.1,pinnacle
2024-04-25,2024,clay,kecmanovic m.,zhang zh.,1.74,2.2,pinnacle
2024-04-25,2024,clay,kotov p.,ramos-vinolas a.,1.69,2.29,pinnacle
2024-04-25,2024,clay,medjedovic h.,kovacevic a.,1.5,2.76,pinnacle
2024-04-25,2024,clay,nadal r.,blanch d.,1.05,15.34,pinnacle
2024-04-25,2024,clay,fonseca j.,michelsen a.,1.57,2.56,pinnacle
2024-04-25,2024,clay,carballes baena r.,koepfer d.,1.63,2.4,pinnacle
2024-04-26,2024,clay,paul t.,klein l.,1.76,2.19,pinnacle
2024-04-26,2024,clay,seyboth wild t.,musetti l.,2.43,1.63,pinnacle
2024-04-26,2024,clay,cerundolo f.,marozsan f.,2.24,1.73,pinnacle
2024-04-26,2024,clay,rublev a.,bagnis f.,1.23,4.66,pinnacle
2024-04-26,2024,clay,altmaier d.,fils a.,2.38,1.65,pinnacle
2024-04-26,2024,clay,davidovich fokina a.,shang j.,1.49,2.85,pinnacle
2024-04-26,2024,clay,shapovalov d.,etcheverry t.,2.51,1.6,pinnacle
2024-04-26,2024,clay,baez s.,van assche l.,1.46,2.95,pinnacle
2024-04-26,2024,clay,hurkacz h.,draper j.,1.75,2.21,pinnacle
2024-04-26,2024,clay,alcaraz c.,shevchenko a.,1.05,14.46,pinnacle
2024-04-26,2024,clay,fritz t.,darderi l.,1.45,3.0,pinnacle
2024-04-26,2024,clay,humbert u.,van de zandschulp b.,1.43,3.09,pinnacle
2024-04-26,2024,clay,rune h.,navone m.,1.39,3.28,pinnacle
2024-04-26,2024,clay,struff j.l.,munar j.,1.53,2.71,pinnacle
2024-04-26,2024,clay,griekspoor t.,daniel t.,1.42,3.1,pinnacle
2024-04-26,2024,clay,zverev a.,coric b.,1.22,4.93,pinnacle
2024-04-27,2024,clay,monteiro t.,tsitsipas s.,6.33,1.16,pinnacle
2024-04-27,2024,clay,korda s.,purcell m.,1.17,5.98,pinnacle
2024-04-27,2024,clay,lehecka j.,medjedovic h.,1.77,2.18,pinnacle
2024-04-27,2024,clay,sinner j.,sonego l.,1.05,15.37,pinnacle
2024-04-27,2024,clay,cachin p.,tiafoe f.,2.68,1.54,pinnacle
2024-04-27,2024,clay,kotov p.,thompson j.,1.74,2.23,pinnacle
2024-04-27,2024,clay,nadal r.,de minaur a.,2.42,1.63,pinnacle
2024-04-27,2024,clay,medvedev d.,arnaldi m.,1.51,2.78,pinnacle
2024-04-27,2024,clay,bublik a.,carballes baena r.,3.08,1.43,pinnacle
2024-04-27,2024,clay,mensik j.,dimitrov g.,3.43,1.36,pinnacle
2024-04-27,2024,clay,khachanov k.,bautista agut r.,1.47,2.91,pinnacle
2024-04-27,2024,clay,auger-aliassime f.,mannarino a.,1.15,6.42,pinnacle
2024-04-27,2024,clay,cobolli f.,jarry n.,2.64,1.55,pinnacle
2024-04-27,2024,clay,shelton b.,machac t.,1.73,2.24,pinnacle
2024-04-27,2024,clay,norrie c.,fonseca j.,1.56,2.6,pinnacle
2024-04-27,2024,clay,ruud c.,kecmanovic m.,1.17,5.91,pinnacle
2024-04-28,2024,clay,struff j.l.,humbert u.,1.64,2.42,pinnacle
2024-04-28,2024,clay,griekspoor t.,rune h.,2.96,1.46,pinnacle
2024-04-28,2024,clay,rublev a.,davidovich fokina a.,1.51,2.75,pinnacle
2024-04-28,2024,clay,hurkacz h.,altmaier d.,1.32,3.74,pinnacle
2024-04-28,2024,clay,alcaraz c.,seyboth wild t.,1.1,9.04,pinnacle
2024-04-28,2024,clay,fritz t.,baez s.,1.54,2.67,pinnacle
2024-04-28,2024,clay,cerundolo f.,paul t.,1.75,2.21,pinnacle
2024-04-28,2024,clay,zverev a.,shapovalov d.,1.19,5.53,pinnacle
2024-04-29,2024,clay,bublik a.,shelton b.,3.28,1.39,pinnacle
2024-04-29,2024,clay,lehecka j.,monteiro t.,1.6,2.52,pinnacle
2024-04-29,2024,clay,medvedev d.,korda s.,1.54,2.67,pinnacle
2024-04-29,2024,clay,nadal r.,cachin p.,1.16,6.24,pinnacle
2024-04-29,2024,clay,auger-aliassime f.,mensik j.,1.96,1.94,pinnacle
2024-04-29,2024,clay,ruud c.,norrie c.,1.2,5.16,pinnacle
2024-04-29,2024,clay,sinner j.,kotov p.,1.02,28.31,pinnacle
2024-04-29,2024,clay,khachanov k.,cobolli f.,1.35,3.52,pinnacle
2024-04-30,2024,clay,medvedev d.,bublik a.,1.2,5.34,pinnacle
2024-04-30,2024,clay,rublev a.,griekspoor t.,1.47,2.92,pinnacle
2024-04-30,2024,clay,fritz t.,hurkacz h.,1.95,1.95,pinnacle
2024-04-30,2024,clay,cerundolo f.,zverev a.,4.96,1.22,pinnacle
2024-04-30,2024,clay,alcaraz c.,struff j.l.,1.19,5.59,pinnacle
2024-04-30,2024,clay,sinner j.,khachanov k.,1.29,4.01,pinnacle
2024-04-30,2024,clay,auger-aliassime f.,ruud c.,4.1,1.28,pinnacle
2024-04-30,2024,clay,lehecka j.,nadal r.,1.91,2.0,pinnacle
2024-05-01,2024,clay,rublev a.,alcaraz c.,4.48,1.25,pinnacle
2024-05-01,2024,clay,fritz t.,cerundolo f.,1.55,2.64,pinnacle
2024-05-02,2024,clay,auger-aliassime f.,sinner j.,3.54,1.35,pinnacle
2024-05-02,2024,clay,lehecka j.,medvedev d.,2.53,1.59,pinnacle
2024-05-03,2024,clay,rublev a.,fritz t.,1.7,2.28,pinnacle
2024-05-03,2024,clay,auger-aliassime f.,lehecka j.,2.17,1.78,pinnacle
2024-05-05,2024,clay,rublev a.,auger-aliassime f.,1.35,3.52,pinnacle
2024-05-08,2024,clay,zhang zh.,galan d.e.,1.79,2.12,pinnacle
2024-05-08,2024,clay,hanfmann y.,mensik j.,2.45,1.61,pinnacle
2024-05-08,2024,clay,nishioka y.,ofner s.,2.29,1.69,pinnacle
2024-05-08,2024,clay,borges n.,martinez p.,1.97,1.92,pinnacle
2024-05-08,2024,clay,darderi l.,shapovalov d.,1.69,2.28,pinnacle
2024-05-08,2024,clay,kotov p.,michelsen a.,1.46,2.92,pinnacle
2024-05-08,2024,clay,cobolli f.,marterer m.,1.43,3.01,pinnacle
2024-05-08,2024,clay,monteiro t.,monfils g.,1.73,2.21,pinnacle
2024-05-08,2024,clay,shevchenko a.,marozsan f.,2.84,1.48,pinnacle
2024-05-08,2024,clay,atmane t.,eubanks c.,1.55,2.6,pinnacle
2024-05-08,2024,clay,vukic a.,schwartzman d.,2.52,1.58,pinnacle
2024-05-09,2024,clay,koepfer d.,vavassori a.,1.75,2.2,pinnacle
2024-05-09,2024,clay,munar j.,hijikata r.,1.11,7.89,pinnacle
2024-05-09,2024,clay,seyboth wild t.,barrere g.,1.47,2.89,pinnacle
2024-05-09,2024,clay,medjedovic h.,popyrin a.,1.83,2.02,pinnacle
2024-05-09,2024,clay,passaro f.,rinderknech a.,2.33,1.67,pinnacle
2024-05-09,2024,clay,nadal r.,bergs z.,1.17,5.85,pinnacle
2024-05-09,2024,clay,napolitano s.,wolf j.j.,1.48,2.83,pinnacle
2024-05-09,2024,clay,gigante m.,zeppieri g.,2.43,1.61,pinnacle
2024-05-09,2024,clay,moutet c.,safiullin r.,1.81,2.1,pinnacle
2024-05-09,2024,clay,kecmanovic m.,nakashima b.,1.81,2.09,pinnacle
2024-05-09,2024,clay,arnaldi m.,mayot h.,1.19,5.25,pinnacle
2024-05-09,2024,clay,draper j.,coric b.,1.81,2.1,pinnacle
2024-05-09,2024,clay,carballes baena r.,o connell c.,1.43,3.01,pinnacle
2024-05-09,2024,clay,giron m.,ruusuvuori e.,2.24,1.72,pinnacle
2024-05-09,2024,clay,struff j.l.,cachin p.,1.24,4.44,pinnacle
2024-05-09,2024,clay,van de zandschulp b.,moreno de alboran n.,1.53,2.67,pinnacle
2024-05-09,2024,clay,fognini f.,evans d.,1.64,2.38,pinnacle
2024-05-09,2024,clay,muller a.,fucsovics m.,2.48,1.6,pinnacle
2024-05-09,2024,clay,karatsev a.,mcdonald m.,1.29,3.9,pinnacle
2024-05-09,2024,clay,lajovic d.,sonego l.,2.1,1.81,pinnacle
2024-05-09,2024,clay,nardi l.,altmaier d.,2.25,1.71,pinnacle
2024-05-10,2024,clay,borges n.,bublik a.,1.71,2.28,pinnacle
2024-05-10,2024,clay,atmane t.,musetti l.,5.67,1.19,pinnacle
2024-05-10,2024,clay,dimitrov g.,nishioka y.,1.16,6.06,pinnacle
2024-05-10,2024,clay,darderi l.,navone m.,2.29,1.7,pinnacle
2024-05-10,2024,clay,shelton b.,kotov p.,1.58,2.56,pinnacle
2024-05-10,2024,clay,zhang zh.,mannarino a.,1.19,5.42,pinnacle
2024-05-10,2024,clay,monteiro t.,thompson j.,1.41,3.19,pinnacle
2024-05-10,2024,clay,korda s.,cobolli f.,1.65,2.4,pinnacle
2024-05-10,2024,clay,zverev a.,vukic a.,1.06,12.76,pinnacle
2024-05-10,2024,clay,passaro f.,griekspoor t.,3.56,1.34,pinnacle
2024-05-10,2024,clay,khachanov k.,shevchenko a.,1.35,3.52,pinnacle
2024-05-10,2024,clay,tabilo a.,hanfmann y.,1.54,2.66,pinnacle
2024-05-10,2024,clay,fritz t.,fognini f.,1.22,4.82,pinnacle
2024-05-10,2024,clay,kecmanovic m.,ruud c.,5.11,1.21,pinnacle
2024-05-10,2024,clay,cerundolo f.,gigante m.,1.29,3.99,pinnacle
2024-05-10,2024,clay,djokovic n.,moutet c.,1.11,8.9,pinnacle
2024-05-11,2024,clay,etcheverry t.,seyboth wild t.,1.87,2.04,pinnacle
2024-05-11,2024,clay,medjedovic h.,davidovich fokina a.,2.2,1.76,pinnacle
2024-05-11,2024,clay,jarry n.,arnaldi m.,2.23,1.74,pinnacle
2024-05-11,2024,clay,hurkacz h.,nadal r.,2.4,1.65,pinnacle
2024-05-11,2024,clay,paul t.,karatsev a.,1.5,2.59,pinnacle
2024-05-11,2024,clay,napolitano s.,shang j.,2.03,1.88,pinnacle
2024-05-11,2024,clay,koepfer d.,tiafoe f.,1.89,2.01,pinnacle
2024-05-11,2024,clay,de minaur a.,carballes baena r.,1.39,3.27,pinnacle
2024-05-11,2024,clay,muller a.,fils a.,2.3,1.69,pinnacle
2024-05-11,2024,clay,medvedev d.,draper j.,1.75,2.21,pinnacle
2024-05-11,2024,clay,baez s.,lajovic d.,1.69,2.3,pinnacle
2024-05-11,2024,clay,norrie c.,munar j.,1.68,2.33,pinnacle
2024-05-11,2024,clay,tsitsipas s.,struff j.l.,1.58,2.55,pinnacle
2024-05-11,2024,clay,auger-aliassime f.,van de zandschulp b.,1.44,3.03,pinnacle
2024-05-11,2024,clay,rune h.,nardi l.,1.36,3.49,pinnacle
2024-05-11,2024,clay,rublev a.,giron m.,1.12,7.98,pinnacle
2024-05-12,2024,clay,monteiro t.,kecmanovic m.,2.02,1.88,pinnacle
2024-05-12,2024,clay,borges n.,passaro f.,1.54,2.67,pinnacle
2024-05-12,2024,clay,khachanov k.,cerundolo f.,1.78,2.16,pinnacle
2024-05-12,2024,clay,dimitrov g.,atmane t.,1.15,6.41,pinnacle
2024-05-12,2024,clay,tabilo a.,djokovic n.,8.97,1.1,pinnacle
2024-05-12,2024,clay,fritz t.,korda s.,1.55,2.65,pinnacle
2024-05-12,2024,clay,zverev a.,darderi l.,1.25,4.51,pinnacle
2024-05-12,2024,clay,zhang zh.,shelton b.,2.54,1.58,pinnacle
2024-05-13,2024,clay,de minaur a.,auger-aliassime f.,1.66,2.37,pinnacle
2024-05-13,2024,clay,tsitsipas s.,norrie c.,1.26,4.29,pinnacle
2024-05-13,2024,clay,muller a.,rublev a.,4.95,1.22,pinnacle
2024-05-13,2024,clay,paul t.,koepfer d.,1.69,2.31,pinnacle
2024-05-13,2024,clay,jarry n.,napolitano s.,1.38,3.31,pinnacle
2024-05-13,2024,clay,hurkacz h.,etcheverry t.,1.56,2.6,pinnacle
2024-05-13,2024,clay,medvedev d.,medjedovic h.,1.45,2.98,pinnacle
2024-05-13,2024,clay,baez s.,rune h.,2.59,1.57,pinnacle
2024-05-14,2024,clay,tabilo a.,khachanov k.,3.03,1.44,pinnacle
2024-05-14,2024,clay,fritz t.,dimitrov g.,1.72,2.26,pinnacle
2024-05-14,2024,clay,zhang zh.,monteiro t.,2.12,1.81,pinnacle
2024-05-14,2024,clay,zverev a.,borges n.,1.15,6.63,pinnacle
2024-05-14,2024,clay,jarry n.,muller a.,1.52,2.73,pinnacle
2024-05-14,2024,clay,hurkacz h.,baez s.,1.52,2.73,pinnacle
2024-05-14,2024,clay,paul t.,medvedev d.,2.88,1.48,pinnacle
2024-05-14,2024,clay,tsitsipas s.,de minaur a.,1.36,3.47,pinnacle
2024-05-15,2024,clay,tabilo a.,zhang zh.,1.68,2.33,pinnacle
2024-05-15,2024,clay,zverev a.,fritz t.,1.52,2.73,pinnacle
2024-05-16,2024,clay,paul t.,hurkacz h.,2.36,1.67,pinnacle
2024-05-16,2024,clay,jarry n.,tsitsipas s.,4.2,1.27,pinnacle
2024-05-17,2024,clay,zverev a.,tabilo a.,1.26,4.31,pinnacle
2024-05-17,2024,clay,jarry n.,paul t.,2.15,1.79,pinnacle
2024-05-19,2024,clay,zverev a.,jarry n.,1.35,3.5,pinnacle
2024-05-19,2024,clay,baez s.,nagal s.,1.23,4.43,pinnacle
2024-05-19,2024,clay,carballes baena r.,altmaier d.,1.98,1.88,pinnacle
2024-05-20,2024,clay,shevchenko a.,marozsan f.,2.33,1.67,pinnacle
2024-05-20,2024,clay,ofner s.,hijikata r.,1.27,4.12,pinnacle
2024-05-20,2024,clay,ruusuvuori e.,giron m.,1.69,2.29,pinnacle
2024-05-20,2024,clay,cobolli f.,karatsev a.,1.57,2.55,pinnacle
2024-05-21,2024,clay,michelsen a.,kovacevic a.,2.26,1.71,pinnacle
2024-05-21,2024,clay,moreno de alboran n.,goffin d.,2.5,1.59,pinnacle
2024-05-21,2024,clay,hanfmann y.,murray a.,1.7,2.26,pinnacle
2024-05-21,2024,clay,griekspoor t.,eubanks c.,1.2,5.04,pinnacle
2024-05-21,2024,clay,machac t.,draper j.,2.69,1.52,pinnacle
2024-05-21,2024,clay,shapovalov d.,coria f.,1.61,2.44,pinnacle
2024-05-21,2024,clay,cobolli f.,shelton b.,2.18,1.77,pinnacle
2024-05-21,2024,clay,shevchenko a.,ruusuvuori e.,2.25,1.72,pinnacle
2024-05-22,2024,clay,baez s.,carballes baena r.,1.38,3.33,pinnacle
2024-05-22,2024,clay,machac t.,moreno de alboran n.,1.63,2.44,pinnacle
2024-05-22,2024,clay,michelsen a.,fritz t.,7.5,1.12,pinnacle
2024-05-22,2024,clay,ruud c.,ofner s.,1.13,7.26,pinnacle
2024-05-22,2024,clay,djokovic n.,hanfmann y.,1.12,7.9,pinnacle
2024-05-23,2024,clay,griekspoor t.,shapovalov d.,1.76,2.19,pinnacle
2024-05-23,2024,clay,machac t.,michelsen a.,1.46,2.95,pinnacle
2024-05-23,2024,clay,djokovic n.,griekspoor t.,1.18,5.62,pinnacle
2024-05-23,2024,clay,cobolli f.,shevchenko a.,1.61,2.49,pinnacle
2024-05-23,2024,clay,ruud c.,baez s.,1.31,3.81,pinnacle
2024-05-24,2024,clay,machac t.,djokovic n.,5.65,1.18,pinnacle
2024-05-25,2024,clay,ruud c.,cobolli f.,1.26,4.3,pinnacle
2024-05-25,2024,clay,ruud c.,machac t.,1.57,2.56,pinnacle
2024-05-19,2024,clay,vukic a.,mcdonald m.,1.65,2.31,pinnacle
2024-05-19,2024,clay,muller a.,gasquet r.,1.44,2.9,pinnacle
2024-05-20,2024,clay,etcheverry t.,sanchez izquierdo n.,1.1,8.73,pinnacle
2024-05-20,2024,clay,kotov p.,cachin p.,1.67,2.3,pinnacle
2024-05-20,2024,clay,rinderknech a.,evans d.,1.68,2.3,pinnacle
2024-05-20,2024,clay,koepfer d.,barranco cosano j.,1.28,3.99,pinnacle
2024-05-21,2024,clay,seyboth wild t.,martinez p.,1.83,2.08,pinnacle
2024-05-21,2024,clay,mpetshi g.,sonego l.,2.62,1.54,pinnacle
2024-05-21,2024,clay,gaston h.,galan d.e.,1.88,2.0,pinnacle
2024-05-21,2024,clay,tiafoe f.,munar j.,2.66,1.53,pinnacle
2024-05-21,2024,clay,darderi l.,daniel t.,1.5,2.76,pinnacle
2024-05-21,2024,clay,nishioka y.,fanselow s.,1.34,3.51,pinnacle
2024-05-21,2024,clay,kotov p.,muller a.,2.01,1.89,pinnacle
2024-05-21,2024,clay,bublik a.,vukic a.,1.86,2.05,pinnacle
2024-05-22,2024,clay,darderi l.,mannarino a.,1.15,6.64,pinnacle
2024-05-22,2024,clay,etcheverry t.,seyboth wild t.,1.7,2.28,pinnacle
2024-05-22,2024,clay,koepfer d.,humbert u.,2.57,1.57,pinnacle
2024-05-22,2024,clay,mpetshi g.,nishioka y.,1.83,2.09,pinnacle
2024-05-22,2024,clay,rinderknech a.,tiafoe f.,2.28,1.7,pinnacle
2024-05-22,2024,clay,gaston h.,cerundolo f.,3.32,1.38,pinnacle
2024-05-23,2024,clay,darderi l.,rinderknech a.,1.61,2.49,pinnacle
2024-05-23,2024,clay,etcheverry t.,koepfer d.,1.52,2.73,pinnacle
2024-05-23,2024,clay,bublik a.,kotov p.,2.22,1.74,pinnacle
2024-05-23,2024,clay,mpetshi g.,gaston h.,1.76,2.19,pinnacle
2024-05-24,2024,clay,etcheverry t.,darderi l.,1.71,2.27,pinnacle
2024-05-24,2024,clay,mpetshi g.,bublik a.,2.41,1.64,pinnacle
2024-05-25,2024,clay,mpetshi g.,etcheverry t.,3.31,1.38,pinnacle
2024-05-26,2024,clay,nakashima b.,moreno de alboran n.,1.54,2.66,pinnacle
2024-05-26,2024,clay,rublev a.,daniel t.,1.06,14.08,pinnacle
2024-05-26,2024,clay,martinez p.,tirante t.a.,1.31,3.91,pinnacle
2024-05-26,2024,clay,sonego l.,humbert u.,2.75,1.52,pinnacle
2024-05-26,2024,clay,zhang zh.,vukic a.,1.39,3.3,pinnacle
2024-05-26,2024,clay,de jong j.,draper j.,4.22,1.27,pinnacle
2024-05-26,2024,clay,hurkacz h.,mochizuki s.,1.05,15.11,pinnacle
2024-05-26,2024,clay,dimitrov g.,kovacevic a.,1.1,8.78,pinnacle
2024-05-26,2024,clay,marterer m.,thompson j.,2.51,1.6,pinnacle
2024-05-26,2024,clay,alcaraz c.,wolf j.j.,1.01,41.77,pinnacle
2024-05-26,2024,clay,gasquet r.,coric b.,3.23,1.4,pinnacle
2024-05-26,2024,clay,muller a.,nardi l.,1.6,2.52,pinnacle
2024-05-26,2024,clay,bergs z.,tabilo a.,3.3,1.39,pinnacle
2024-05-26,2024,clay,nishikori k.,diallo g.,2.54,1.58,pinnacle
2024-05-26,2024,clay,marozsan f.,kukushkin m.,1.27,4.26,pinnacle
2024-05-26,2024,clay,korda s.,mayot h.,1.21,4.99,pinnacle
2024-05-26,2024,clay,altmaier d.,djere l.,1.61,2.49,pinnacle
2024-05-26,2024,clay,moutet c.,jarry n.,2.88,1.48,pinnacle
2024-05-26,2024,clay,ofner s.,atmane t.,1.56,2.62,pinnacle
2024-05-26,2024,clay,wawrinka s.,murray a.,1.58,2.54,pinnacle
2024-05-27,2024,clay,kwon s.w.,ruusuvuori e.,6.2,1.16,pinnacle
2024-05-27,2024,clay,shevchenko a.,karatsev a.,1.62,2.47,pinnacle
2024-05-27,2024,clay,sinner j.,eubanks c.,1.02,27.95,pinnacle
2024-05-27,2024,clay,squire h.,purcell m.,1.51,2.75,pinnacle
2024-05-27,2024,clay,shelton b.,gaston h.,1.41,3.19,pinnacle
2024-05-27,2024,clay,auger-aliassime f.,nishioka y.,1.2,5.32,pinnacle
2024-05-27,2024,clay,baez s.,heide g.,1.17,5.84,pinnacle
2024-05-27,2024,clay,arnaldi m.,fils a.,2.04,1.87,pinnacle
2024-05-27,2024,clay,tsitsipas s.,fucsovics m.,1.12,7.63,pinnacle
2024-05-27,2024,clay,kovalik j.,giron m.,2.12,1.81,pinnacle
2024-05-27,2024,clay,khachanov k.,nagal s.,1.15,6.53,pinnacle
2024-05-27,2024,clay,zverev a.,nadal r.,1.31,3.81,pinnacle
2024-05-27,2024,clay,kotov p.,norrie c.,2.99,1.45,pinnacle
2024-05-27,2024,clay,cerundolo f.,hanfmann y.,1.34,3.56,pinnacle
2024-05-27,2024,clay,misolic f.,virtanen o.,1.59,2.54,pinnacle
2024-05-27,2024,clay,tiafoe f.,bellucci m.,1.31,3.8,pinnacle
2024-05-27,2024,clay,musetti l.,galan d.e.,1.16,6.07,pinnacle
2024-05-27,2024,clay,paul t.,cachin p.,1.12,7.82,pinnacle
2024-05-27,2024,clay,shapovalov d.,van assche l.,1.63,2.45,pinnacle
2024-05-27,2024,clay,kecmanovic m.,monteiro t.,1.88,2.03,pinnacle
2024-05-27,2024,clay,lajovic d.,safiullin r.,1.67,2.35,pinnacle
2024-05-27,2024,clay,monfils g.,seyboth wild t.,2.34,1.68,pinnacle
2024-05-27,2024,clay,fognini f.,van de zandschulp b.,2.72,1.52,pinnacle
2024-05-27,2024,clay,medvedev d.,koepfer d.,1.22,4.9,pinnacle
2024-05-28,2024,clay,etcheverry t.,cazaux a.,1.22,4.85,pinnacle
2024-05-28,2024,clay,ruud c.,meligeni alves f.,1.06,13.63,pinnacle
2024-05-28,2024,clay,machac t.,borges n.,1.63,2.43,pinnacle
2024-05-28,2024,clay,davidovich fokina a.,vacherot v.,1.25,4.41,pinnacle
2024-05-28,2024,clay,munar j.,bautista agut r.,1.69,2.3,pinnacle
2024-05-28,2024,clay,de minaur a.,michelsen a.,1.11,8.0,pinnacle
2024-05-28,2024,clay,navone m.,carreno busta p.,1.19,5.43,pinnacle
2024-05-28,2024,clay,rinderknech a.,walton a.,1.19,5.48,pinnacle
2024-05-28,2024,clay,fritz t.,coria f.,1.14,6.86,pinnacle
2024-05-28,2024,clay,goffin d.,mpetshi g.,2.23,1.74,pinnacle
2024-05-28,2024,clay,cobolli f.,medjedovic h.,2.64,1.55,pinnacle
2024-05-28,2024,clay,struff j.l.,burruchaga r.,1.13,7.41,pinnacle
2024-05-28,2024,clay,rune h.,evans d.,1.09,9.41,pinnacle
2024-05-28,2024,clay,zeppieri g.,mannarino a.,1.23,4.71,pinnacle
2024-05-28,2024,clay,darderi l.,hijikata r.,1.1,9.24,pinnacle
2024-05-28,2024,clay,kokkinakis t.,popyrin a.,2.04,1.87,pinnacle
2024-05-28,2024,clay,carballes baena r.,lestienne c.,1.17,6.01,pinnacle
2024-05-28,2024,clay,griekspoor t.,mcdonald m.,1.13,7.48,pinnacle
2024-05-28,2024,clay,djokovic n.,herbert p.h.,1.02,28.68,pinnacle
2024-05-28,2024,clay,bublik a.,barrere g.,2.08,1.84,pinnacle
2024-05-29,2024,clay,tsitsipas s.,altmaier d.,1.07,12.24,pinnacle
2024-05-29,2024,clay,alcaraz c.,de jong j.,1.01,43.94,pinnacle
2024-05-29,2024,clay,rublev a.,martinez p.,1.13,7.12,pinnacle
2024-05-29,2024,clay,kotov p.,wawrinka s.,1.56,2.61,pinnacle
2024-05-29,2024,clay,sinner j.,gasquet r.,1.03,23.35,pinnacle
2024-05-30,2024,clay,arnaldi m.,muller a.,1.56,2.61,pinnacle
2024-05-30,2024,clay,korda s.,kwon s.w.,1.18,5.74,pinnacle
2024-05-30,2024,clay,shapovalov d.,tiafoe f.,1.55,2.63,pinnacle
2024-05-30,2024,clay,ofner s.,baez s.,4.54,1.24,pinnacle
2024-05-30,2024,clay,bergs z.,marterer m.,1.45,2.98,pinnacle
2024-05-30,2024,clay,hurkacz h.,nakashima b.,1.35,3.55,pinnacle
2024-05-30,2024,clay,dimitrov g.,marozsan f.,1.37,3.41,pinnacle
2024-05-30,2024,clay,medvedev d.,kecmanovic m.,1.29,3.99,pinnacle
2024-05-30,2024,clay,auger-aliassime f.,squire h.,1.09,9.62,pinnacle
2024-05-30,2024,clay,griekspoor t.,darderi l.,2.34,1.68,pinnacle
2024-05-30,2024,clay,zhang zh.,sonego l.,1.97,1.93,pinnacle
2024-05-30,2024,clay,zverev a.,goffin d.,1.05,15.36,pinnacle
2024-05-30,2024,clay,djokovic n.,carballes baena r.,1.04,16.93,pinnacle
2024-05-30,2024,clay,moutet c.,shevchenko a.,1.5,2.81,pinnacle
2024-05-30,2024,clay,de minaur a.,munar j.,1.32,3.76,pinnacle
2024-05-30,2024,clay,shelton b.,nishikori k.,1.17,6.01,pinnacle
2024-05-30,2024,clay,paul t.,fognini f.,1.2,5.15,pinnacle
2024-05-30,2024,clay,rune h.,cobolli f.,1.48,2.86,pinnacle
2024-05-30,2024,clay,machac t.,navone m.,1.73,2.24,pinnacle
2024-05-30,2024,clay,kokkinakis t.,zeppieri g.,1.69,2.3,pinnacle
2024-05-30,2024,clay,kovalik j.,khachanov k.,10.78,1.08,pinnacle
2024-05-30,2024,clay,struff j.l.,bublik a.,1.29,4.05,pinnacle
2024-05-30,2024,clay,cerundolo f.,misolic f.,1.14,7.27,pinnacle
2024-05-30,2024,clay,ruud c.,davidovich fokina a.,1.18,5.71,pinnacle
2024-05-30,2024,clay,fritz t.,lajovic d.,1.21,5.06,pinnacle
2024-05-30,2024,clay,musetti l.,monfils g.,1.44,3.01,pinnacle
2024-05-30,2024,clay,etcheverry t.,rinderknech a.,1.28,4.07,pinnacle
2024-05-31,2024,clay,arnaldi m.,rublev a.,4.79,1.23,pinnacle
2024-05-31,2024,clay,sinner j.,kotov p.,1.04,18.76,pinnacle
2024-05-31,2024,clay,tsitsipas s.,zhang zh.,1.1,8.79,pinnacle
2024-05-31,2024,clay,moutet c.,ofner s.,1.38,3.35,pinnacle
2024-05-31,2024,clay,alcaraz c.,korda s.,1.11,8.29,pinnacle
2024-06-01,2024,clay,de minaur a.,struff j.l.,1.92,1.99,pinnacle
2024-06-01,2024,clay,auger-aliassime f.,shelton b.,1.57,2.58,pinnacle
2024-06-01,2024,clay,medvedev d.,machac t.,1.36,3.44,pinnacle
2024-06-01,2024,clay,zverev a.,griekspoor t.,1.12,7.89,pinnacle
2024-06-01,2024,clay,hurkacz h.,shapovalov d.,1.43,3.05,pinnacle
2024-06-01,2024,clay,rune h.,kovalik j.,1.13,7.19,pinnacle
2024-06-01,2024,clay,cerundolo f.,paul t.,2.36,1.67,pinnacle
2024-06-01,2024,clay,fritz t.,kokkinakis t.,1.14,6.59,pinnacle
2024-06-01,2024,clay,dimitrov g.,bergs z.,1.2,5.28,pinnacle
2024-06-01,2024,clay,ruud c.,etcheverry t.,1.23,4.65,pinnacle
2024-06-01,2024,clay,djokovic n.,musetti l.,1.22,4.86,pinnacle
2024-06-02,2024,clay,tsitsipas s.,arnaldi m.,1.22,4.97,pinnacle
2024-06-02,2024,clay,alcaraz c.,auger-aliassime f.,1.12,7.55,pinnacle
2024-06-02,2024,clay,dimitrov g.,hurkacz h.,1.59,2.53,pinnacle
2024-06-02,2024,clay,sinner j.,moutet c.,1.05,14.36,pinnacle
2024-06-03,2024,clay,de minaur a.,medvedev d.,2.39,1.65,pinnacle
2024-06-03,2024,clay,djokovic n.,cerundolo f.,1.19,5.55,pinnacle
2024-06-03,2024,clay,ruud c.,fritz t.,1.33,3.69,pinnacle
2024-06-03,2024,clay,zverev a.,rune h.,1.38,3.35,pinnacle
2024-06-04,2024,clay,sinner j.,dimitrov g.,1.21,5.08,pinnacle
2024-06-04,2024,clay,alcaraz c.,tsitsipas s.,1.25,4.4,pinnacle
2024-06-05,2024,clay,ruud c.,djokovic n.,1.74,2.18,pinnacle
2024-06-05,2024,clay,zverev a.,de minaur a.,1.4,3.23,pinnacle
2024-06-07,2024,clay,alcaraz c.,sinner j.,1.68,2.28,pinnacle
2024-06-07,2024,clay,zverev a.,ruud c.,1.81,2.08,pinnacle
2024-06-09,2024,clay,alcaraz c.,zverev a.,1.36,3.32,pinnacle
2024-06-10,2024,grass,draper j.,ofner s.,1.26,4.08,pinnacle
2024-06-10,2024,grass,koepfer d.,zhang zh.,1.79,2.08,pinnacle
2024-06-10,2024,grass,hanfmann y.,squire h.,1.71,2.21,pinnacle
2024-06-10,2024,grass,medjedovic h.,marozsan f.,1.65,2.31,pinnacle
2024-06-11,2024,grass,musetti l.,mpetshi g.,1.78,2.09,pinnacle
2024-06-11,2024,grass,duckworth j.,herbert p.h.,1.82,2.05,pinnacle
2024-06-11,2024,grass,nakashima b.,eubanks c.,1.62,2.38,pinnacle
2024-06-11,2024,grass,berrettini m.,safiullin r.,1.57,2.5,pinnacle
2024-06-11,2024,grass,rinderknech a.,michelsen a.,2.52,1.56,pinnacle
2024-06-11,2024,grass,shapovalov d.,martineau m.,1.22,4.68,pinnacle
2024-06-11,2024,grass,giron m.,murray a.,2.37,1.66,pinnacle
2024-06-11,2024,grass,struff j.l.,cobolli f.,1.18,5.35,pinnacle
2024-06-12,2024,grass,musetti l.,koepfer d.,1.64,2.35,pinnacle
2024-06-12,2024,grass,tiafoe f.,hanfmann y.,1.49,2.76,pinnacle
2024-06-12,2024,grass,bublik a.,medjedovic h.,1.6,2.45,pinnacle
2024-06-12,2024,grass,draper j.,giron m.,1.3,3.77,pinnacle
2024-06-13,2024,grass,nakashima b.,gasquet r.,1.34,3.6,pinnacle
2024-06-13,2024,grass,struff j.l.,rinderknech a.,1.27,4.24,pinnacle
2024-06-13,2024,grass,berrettini m.,shapovalov d.,1.62,2.45,pinnacle
2024-06-13,2024,grass,duckworth j.,shelton b.,3.0,1.45,pinnacle
2024-06-14,2024,grass,draper j.,tiafoe f.,1.53,2.65,pinnacle
2024-06-14,2024,grass,nakashima b.,struff j.l.,2.8,1.5,pinnacle
2024-06-14,2024,grass,berrettini m.,duckworth j.,1.26,4.39,pinnacle
2024-06-14,2024,grass,musetti l.,bublik a.,3.05,1.43,pinnacle
2024-06-15,2024,grass,draper j.,nakashima b.,1.55,2.64,pinnacle
2024-06-15,2024,grass,berrettini m.,musetti l.,1.44,3.04,pinnacle
2024-06-16,2024,grass,draper j.,berrettini m.,2.25,1.72,pinnacle
2024-06-10,2024,grass,nardi l.,goffin d.,2.82,1.47,pinnacle
2024-06-11,2024,grass,mannarino a.,napolitano s.,1.35,3.4,pinnacle
2024-06-11,2024,grass,brouwer g.,mensik j.,1.68,2.25,pinnacle
2024-06-11,2024,grass,mcdonald m.,van de zandschulp b.,1.96,1.89,pinnacle
2024-06-11,2024,grass,fils a.,cazaux a.,1.72,2.19,pinnacle
2024-06-11,2024,grass,raonic m.,thompson j.,2.53,1.56,pinnacle
2024-06-11,2024,grass,vukic a.,purcell m.,1.65,2.32,pinnacle
2024-06-11,2024,grass,griekspoor t.,kecmanovic m.,1.35,3.37,pinnacle
2024-06-11,2024,grass,bautista agut r.,huesler m.a.,1.72,2.18,pinnacle
2024-06-11,2024,grass,popyrin a.,hijikata r.,1.63,2.4,pinnacle
2024-06-11,2024,grass,korda s.,schoolkate t.,1.26,4.14,pinnacle
2024-06-11,2024,grass,bergs z.,van rijthoven t.,1.43,2.94,pinnacle
2024-06-12,2024,grass,brouwer g.,mannarino a.,2.68,1.51,pinnacle
2024-06-12,2024,grass,griekspoor t.,mcdonald m.,1.39,3.2,pinnacle
2024-06-12,2024,grass,humbert u.,fils a.,1.68,2.28,pinnacle
2024-06-13,2024,grass,korda s.,nardi l.,1.23,4.72,pinnacle
2024-06-13,2024,grass,paul t.,popyrin a.,1.41,3.19,pinnacle
2024-06-13,2024,grass,vukic a.,khachanov k.,3.23,1.38,pinnacle
2024-06-13,2024,grass,de minaur a.,bergs z.,1.16,6.17,pinnacle
2024-06-13,2024,grass,raonic m.,bautista agut r.,1.61,2.48,pinnacle
2024-06-14,2024,grass,korda s.,paul t.,2.32,1.68,pinnacle
2024-06-14,2024,grass,griekspoor t.,vukic a.,1.32,3.77,pinnacle
2024-06-14,2024,grass,de minaur a.,raonic m.,1.32,3.73,pinnacle
2024-06-15,2024,grass,humbert u.,brouwer g.,1.29,3.95,pinnacle
2024-06-15,2024,grass,korda s.,griekspoor t.,1.68,2.33,pinnacle
2024-06-15,2024,grass,de minaur a.,humbert u.,1.35,3.44,pinnacle
2024-06-16,2024,grass,de minaur a.,korda s.,1.52,2.74,pinnacle
2024-06-17,2024,grass,koepfer d.,auger-aliassime f.,3.19,1.4,pinnacle
2024-06-17,2024,grass,sonego l.,kecmanovic m.,2.05,1.85,pinnacle
2024-06-17,2024,grass,zhang zh.,ofner s.,1.97,1.92,pinnacle
2024-06-17,2024,grass,marozsan f.,safiullin r.,2.71,1.52,pinnacle
2024-06-17,2024,grass,medvedev d.,borges n.,1.14,6.66,pinnacle
2024-06-17,2024,grass,hurkacz h.,cobolli f.,1.16,6.09,pinnacle
2024-06-18,2024,grass,fils a.,machac t.,1.99,1.89,pinnacle
2024-06-18,2024,grass,duckworth j.,fonseca j.,1.46,2.92,pinnacle
2024-06-18,2024,grass,giron m.,rublev a.,4.05,1.28,pinnacle
2024-06-18,2024,grass,eubanks c.,martinez p.,1.42,3.09,pinnacle
2024-06-18,2024,grass,bublik a.,purcell m.,1.45,2.96,pinnacle
2024-06-18,2024,grass,sinner j.,griekspoor t.,1.14,6.61,pinnacle
2024-06-18,2024,grass,zverev a.,otte o.,1.15,6.32,pinnacle
2024-06-18,2024,grass,tsitsipas s.,squire h.,1.21,4.94,pinnacle
2024-06-19,2024,grass,berrettini m.,michelsen a.,1.28,4.03,pinnacle
2024-06-19,2024,grass,struff j.l.,darderi l.,1.21,5.04,pinnacle
2024-06-19,2024,grass,fils a.,koepfer d.,1.74,2.23,pinnacle
2024-06-19,2024,grass,eubanks c.,bublik a.,3.03,1.44,pinnacle
2024-06-19,2024,grass,zhang zh.,medvedev d.,5.87,1.17,pinnacle
2024-06-19,2024,grass,zverev a.,sonego l.,1.2,5.31,pinnacle
2024-06-20,2024,grass,hurkacz h.,duckworth j.,1.23,4.78,pinnacle
2024-06-20,2024,grass,sinner j.,marozsan f.,1.06,12.52,pinnacle
2024-06-20,2024,grass,giron m.,berrettini m.,3.61,1.34,pinnacle
2024-06-20,2024,grass,struff j.l.,tsitsipas s.,2.0,1.91,pinnacle
2024-06-21,2024,grass,hurkacz h.,giron m.,1.33,3.69,pinnacle
2024-06-21,2024,grass,zverev a.,fils a.,1.25,4.5,pinnacle
2024-06-21,2024,grass,sinner j.,struff j.l.,1.3,3.89,pinnacle
2024-06-21,2024,grass,zhang zh.,eubanks c.,1.9,2.0,pinnacle
2024-06-22,2024,grass,hurkacz h.,zverev a.,2.34,1.68,pinnacle
2024-06-22,2024,grass,sinner j.,zhang zh.,1.1,9.08,pinnacle
2024-06-23,2024,grass,sinner j.,hurkacz h.,1.39,3.26,pinnacle
2024-06-17,2024,grass,dimitrov g.,mannarino a.,1.21,4.93,pinnacle
2024-06-17,2024,grass,hijikata r.,tiafoe f.,3.24,1.39,pinnacle
2024-06-17,2024,grass,thompson j.,rune h.,2.78,1.5,pinnacle
2024-06-17,2024,grass,raonic m.,norrie c.,1.63,2.42,pinnacle
2024-06-18,2024,grass,fritz t.,daniel t.,1.16,5.9,pinnacle
2024-06-18,2024,grass,musetti l.,de minaur a.,5.13,1.2,pinnacle
2024-06-18,2024,grass,arnaldi m.,humbert u.,3.46,1.35,pinnacle
2024-06-18,2024,grass,korda s.,khachanov k.,1.72,2.23,pinnacle
2024-06-18,2024,grass,tabilo a.,davidovich fokina a.,2.48,1.6,pinnacle
2024-06-18,2024,grass,paul t.,baez s.,1.16,6.06,pinnacle
2024-06-18,2024,grass,alcaraz c.,cerundolo f.,1.11,7.87,pinnacle
2024-06-18,2024,grass,harris b.,etcheverry t.,1.88,2.01,pinnacle
2024-06-18,2024,grass,nakashima b.,evans d.,1.61,2.45,pinnacle
2024-06-18,2024,grass,mpetshi g.,shelton b.,2.75,1.5,pinnacle
2024-06-18,2024,grass,murray a.,popyrin a.,2.0,1.89,pinnacle
2024-06-18,2024,grass,draper j.,navone m.,1.09,9.38,pinnacle
2024-06-19,2024,grass,hijikata r.,arnaldi m.,2.21,1.75,pinnacle
2024-06-19,2024,grass,korda s.,dimitrov g.,2.72,1.52,pinnacle
2024-06-19,2024,grass,thompson j.,murray a.,1.61,2.49,pinnacle
2024-06-19,2024,grass,fritz t.,raonic m.,1.67,2.36,pinnacle
2024-06-20,2024,grass,paul t.,tabilo a.,1.32,3.73,pinnacle
2024-06-20,2024,grass,draper j.,alcaraz c.,3.61,1.34,pinnacle
2024-06-20,2024,grass,harris b.,mpetshi g.,2.23,1.74,pinnacle
2024-06-20,2024,grass,musetti l.,nakashima b.,2.05,1.86,pinnacle
2024-06-21,2024,grass,thompson j.,fritz t.,2.83,1.49,pinnacle
2024-06-21,2024,grass,musetti l.,harris b.,1.49,2.82,pinnacle
2024-06-21,2024,grass,paul t.,draper j.,2.53,1.59,pinnacle
2024-06-21,2024,grass,korda s.,hijikata r.,1.18,5.67,pinnacle
2024-06-22,2024,grass,musetti l.,thompson j.,2.1,1.82,pinnacle
2024-06-22,2024,grass,paul t.,korda s.,1.85,2.07,pinnacle
2024-06-23,2024,grass,paul t.,musetti l.,1.39,3.27,pinnacle
2024-06-24,2024,grass,harris b.,fearnley j.,2.23,1.72,pinnacle
2024-06-24,2024,grass,vukic a.,marozsan f.,2.35,1.65,pinnacle
2024-06-24,2024,grass,purcell m.,djere l.,1.59,2.5,pinnacle
2024-06-24,2024,grass,shang j.,etcheverry t.,1.65,2.36,pinnacle
2024-06-24,2024,grass,giron m.,cerundolo f.,1.76,2.17,pinnacle
2024-06-25,2024,grass,ruusuvuori e.,norrie c.,2.82,1.48,pinnacle
2024-06-25,2024,grass,seyboth wild t.,mccabe j.,1.63,2.42,pinnacle
2024-06-25,2024,grass,nishioka y.,broady l.,1.52,2.69,pinnacle
2024-06-25,2024,grass,kecmanovic m.,zhang zh.,1.95,1.93,pinnacle
2024-06-25,2024,grass,hussey g.,navone m.,2.3,1.67,pinnacle
2024-06-25,2024,grass,cobolli f.,rinderknech a.,2.25,1.71,pinnacle
2024-06-25,2024,grass,sonego l.,searle h.,1.36,3.34,pinnacle
2024-06-26,2024,grass,harris b.,broom c.,1.65,2.4,pinnacle
2024-06-26,2024,grass,nishioka y.,giron m.,2.96,1.46,pinnacle
2024-06-26,2024,grass,kecmanovic m.,baez s.,1.56,2.6,pinnacle
2024-06-26,2024,grass,shang j.,ruusuvuori e.,2.38,1.66,pinnacle
2024-06-26,2024,grass,purcell m.,sonego l.,2.38,1.65,pinnacle
2024-06-26,2024,grass,cobolli f.,hussey g.,1.3,3.89,pinnacle
2024-06-26,2024,grass,vukic a.,bublik a.,2.46,1.62,pinnacle
2024-06-26,2024,grass,fritz t.,seyboth wild t.,1.17,5.88,pinnacle
2024-06-27,2024,grass,harris b.,cobolli f.,1.91,1.99,pinnacle
2024-06-27,2024,grass,purcell m.,kecmanovic m.,2.4,1.65,pinnacle
2024-06-27,2024,grass,vukic a.,nishioka y.,1.87,2.04,pinnacle
2024-06-27,2024,grass,fritz t.,shang j.,1.22,4.83,pinnacle
2024-06-28,2024,grass,purcell m.,harris b.,1.76,2.19,pinnacle
2024-06-28,2024,grass,fritz t.,vukic a.,1.23,4.81,pinnacle
2024-06-29,2024,grass,fritz t.,purcell m.,1.22,4.97,pinnacle
2024-06-23,2024,grass,michelsen a.,borges n.,1.81,2.1,pinnacle
2024-06-23,2024,grass,bautista agut r.,daniel t.,1.42,3.06,pinnacle
2024-06-23,2024,grass,carballes baena r.,carreno busta p.,2.17,1.76,pinnacle
2024-06-24,2024,grass,hijikata r.,nardi l.,1.78,2.15,pinnacle
2024-06-24,2024,grass,fognini f.,brouwer g.,2.98,1.44,pinnacle
2024-06-24,2024,grass,shevchenko a.,lestienne c.,2.16,1.77,pinnacle
2024-06-24,2024,grass,darderi l.,martinez p.,1.54,2.62,pinnacle
2024-06-24,2024,grass,ofner s.,munar j.,1.5,2.76,pinnacle
2024-06-24,2024,grass,monfils g.,thiem d.,1.38,3.26,pinnacle
2024-06-25,2024,grass,jubb p.,marterer m.,1.93,1.95,pinnacle
2024-06-25,2024,grass,walton a.,hanfmann y.,2.21,1.74,pinnacle
2024-06-25,2024,grass,mensik j.,eubanks c.,2.55,1.57,pinnacle
2024-06-25,2024,grass,michelsen a.,mannarino a.,1.7,2.3,pinnacle
2024-06-25,2024,grass,bautista agut r.,humbert u.,2.43,1.63,pinnacle
2024-06-25,2024,grass,ofner s.,darderi l.,1.85,2.07,pinnacle
2024-06-25,2024,grass,monfils g.,carballes baena r.,1.36,3.48,pinnacle
2024-06-26,2024,grass,tabilo a.,shevchenko a.,1.58,2.56,pinnacle
2024-06-26,2024,grass,mensik j.,fognini f.,1.47,2.92,pinnacle
2024-06-26,2024,grass,jubb p.,walton a.,1.74,2.22,pinnacle
2024-06-26,2024,grass,shelton b.,hijikata r.,1.54,2.66,pinnacle
2024-06-27,2024,grass,tabilo a.,mensik j.,1.66,2.36,pinnacle
2024-06-27,2024,grass,monfils g.,bautista agut r.,2.0,1.91,pinnacle
2024-06-27,2024,grass,ofner s.,michelsen a.,2.23,1.74,pinnacle
2024-06-27,2024,grass,jubb p.,shelton b.,3.27,1.39,pinnacle
2024-06-28,2024,grass,tabilo a.,monfils g.,1.93,1.97,pinnacle
2024-06-28,2024,grass,ofner s.,jubb p.,1.73,2.24,pinnacle
2024-06-29,2024,grass,tabilo a.,ofner s.,1.75,2.21,pinnacle
2024-07-01,2024,grass,fognini f.,van assche l.,2.2,1.75,pinnacle
2024-07-01,2024,grass,shang j.,garin c.,1.9,2.01,pinnacle
2024-07-01,2024,grass,ruud c.,bolt a.,1.45,3.0,pinnacle
2024-07-01,2024,grass,coric b.,meligeni alves f.,1.61,2.49,pinnacle
2024-07-01,2024,grass,struff j.l.,marozsan f.,1.23,4.8,pinnacle
2024-07-01,2024,grass,dimitrov g.,lajovic d.,1.05,14.72,pinnacle
2024-07-01,2024,grass,shapovalov d.,jarry n.,1.58,2.56,pinnacle
2024-07-01,2024,grass,tiafoe f.,arnaldi m.,1.76,2.19,pinnacle
2024-07-01,2024,grass,thompson j.,kotov p.,1.24,4.62,pinnacle
2024-07-01,2024,grass,zhang zh.,janvier m.,1.22,4.82,pinnacle
2024-07-01,2024,grass,berrettini m.,fucsovics m.,1.21,5.11,pinnacle
2024-07-01,2024,grass,nakashima b.,baez s.,1.17,5.92,pinnacle
2024-07-01,2024,grass,monfils g.,mannarino a.,1.6,2.51,pinnacle
2024-07-01,2024,grass,medvedev d.,kovacevic a.,1.04,19.96,pinnacle
2024-07-01,2024,grass,wawrinka s.,broom c.,1.67,2.35,pinnacle
2024-07-01,2024,grass,muller a.,gaston h.,2.31,1.69,pinnacle
2024-07-01,2024,grass,altmaier d.,fery a.,2.06,1.86,pinnacle
2024-07-01,2024,grass,alcaraz c.,lajal m.,1.01,43.46,pinnacle
2024-07-01,2024,grass,harris l.,michelsen a.,1.82,2.11,pinnacle
2024-07-01,2024,grass,cazaux a.,bergs z.,2.98,1.45,pinnacle
2024-07-01,2024,grass,humbert u.,shevchenko a.,1.13,7.37,pinnacle
2024-07-01,2024,grass,vukic a.,ofner s.,1.79,2.14,pinnacle
2024-07-01,2024,grass,bublik a.,mensik j.,1.44,3.03,pinnacle
2024-07-01,2024,grass,van de zandschulp b.,broady l.,1.64,2.47,pinnacle
2024-07-01,2024,grass,bautista agut r.,marterer m.,1.28,4.22,pinnacle
2024-07-01,2024,grass,sonego l.,navone m.,1.09,9.33,pinnacle
2024-07-01,2024,grass,griekspoor t.,galan d.e.,1.13,7.19,pinnacle
2024-07-01,2024,grass,sinner j.,hanfmann y.,1.01,43.93,pinnacle
2024-07-01,2024,grass,virtanen o.,purcell m.,2.33,1.68,pinnacle
2024-07-01,2024,grass,paul t.,martinez p.,1.05,15.23,pinnacle
2024-07-01,2024,grass,kecmanovic m.,nagal s.,1.12,7.73,pinnacle
2024-07-02,2024,grass,nishioka y.,borges n.,1.84,2.08,pinnacle
2024-07-02,2024,grass,seyboth wild t.,jubb p.,2.3,1.7,pinnacle
2024-07-02,2024,grass,mpetshi g.,korda s.,4.78,1.23,pinnacle
2024-07-02,2024,grass,musetti l.,lestienne c.,1.11,8.12,pinnacle
2024-07-02,2024,grass,darderi l.,choinski j.,1.38,3.31,pinnacle
2024-07-02,2024,grass,hurkacz h.,albot r.,1.05,14.36,pinnacle
2024-07-02,2024,grass,de minaur a.,duckworth j.,1.06,13.99,pinnacle
2024-07-02,2024,grass,munar j.,harris b.,2.45,1.63,pinnacle
2024-07-02,2024,grass,popyrin a.,monteiro t.,1.33,3.65,pinnacle
2024-07-02,2024,grass,etcheverry t.,nardi l.,1.6,2.5,pinnacle
2024-07-02,2024,grass,comesana f.,rublev a.,24.44,1.03,pinnacle
2024-07-02,2024,grass,shelton b.,bellucci m.,1.34,3.63,pinnacle
2024-07-02,2024,grass,fearnley j.,moro canas a.,1.49,2.84,pinnacle
2024-07-02,2024,grass,walton a.,coria f.,1.26,4.29,pinnacle
2024-07-02,2024,grass,zverev a.,carballes baena r.,1.03,25.24,pinnacle
2024-07-02,2024,grass,djokovic n.,kopriva v.,1.03,22.53,pinnacle
2024-07-02,2024,grass,fils a.,stricker d.,1.43,3.1,pinnacle
2024-07-02,2024,grass,tsitsipas s.,daniel t.,1.07,12.14,pinnacle
2024-07-02,2024,grass,rune h.,kwon s.w.,1.15,6.49,pinnacle
2024-07-02,2024,grass,giron m.,searle h.,1.19,5.52,pinnacle
2024-07-02,2024,grass,draper j.,ymer e.,1.04,17.24,pinnacle
2024-07-02,2024,grass,cobolli f.,hijikata r.,2.25,1.72,pinnacle
2024-07-02,2024,grass,norrie c.,diaz acosta f.,1.08,11.01,pinnacle
2024-07-02,2024,grass,fritz t.,o connell c.,1.07,12.2,pinnacle
2024-07-03,2024,grass,halys q.,eubanks c.,1.87,2.05,pinnacle
2024-07-03,2024,grass,khachanov k.,karatsev a.,1.18,5.74,pinnacle
2024-07-03,2024,grass,safiullin r.,cerundolo f.,1.76,2.19,pinnacle
2024-07-03,2024,grass,ruusuvuori e.,mcdonald m.,1.63,2.45,pinnacle
2024-07-03,2024,grass,pouille l.,djere l.,1.55,2.59,pinnacle
2024-07-03,2024,grass,rinderknech a.,nishikori k.,1.39,3.26,pinnacle
2024-07-03,2024,grass,machac t.,goffin d.,1.74,2.22,pinnacle
2024-07-03,2024,grass,tabilo a.,evans d.,1.39,3.26,pinnacle
2024-07-03,2024,grass,kokkinakis t.,auger-aliassime f.,3.29,1.39,pinnacle
2024-07-03,2024,grass,fognini f.,ruud c.,5.15,1.21,pinnacle
2024-07-03,2024,grass,tiafoe f.,coric b.,1.49,2.84,pinnacle
2024-07-03,2024,grass,nakashima b.,thompson j.,1.74,2.22,pinnacle
2024-07-03,2024,grass,humbert u.,van de zandschulp b.,1.27,4.24,pinnacle
2024-07-03,2024,grass,medvedev d.,muller a.,1.03,20.98,pinnacle
2024-07-03,2024,grass,alcaraz c.,vukic a.,1.03,25.77,pinnacle
2024-07-03,2024,grass,bautista agut r.,sonego l.,1.6,2.52,pinnacle
2024-07-03,2024,grass,bublik a.,cazaux a.,1.37,3.39,pinnacle
2024-07-03,2024,grass,paul t.,virtanen o.,1.1,9.25,pinnacle
2024-07-03,2024,grass,kecmanovic m.,griekspoor t.,2.42,1.64,pinnacle
2024-07-03,2024,grass,struff j.l.,zhang zh.,1.25,4.45,pinnacle
2024-07-03,2024,grass,sinner j.,berrettini m.,1.18,5.63,pinnacle
2024-07-04,2024,grass,de minaur a.,munar j.,1.05,15.58,pinnacle
2024-07-04,2024,grass,fils a.,hurkacz h.,4.37,1.26,pinnacle
2024-07-04,2024,grass,comesana f.,walton a.,2.93,1.47,pinnacle
2024-07-04,2024,grass,shelton b.,harris l.,1.74,2.22,pinnacle
2024-07-04,2024,grass,dimitrov g.,shang j.,1.15,6.52,pinnacle
2024-07-04,2024,grass,shapovalov d.,altmaier d.,1.15,6.36,pinnacle
2024-07-04,2024,grass,popyrin a.,etcheverry t.,1.69,2.31,pinnacle
2024-07-04,2024,grass,musetti l.,darderi l.,1.25,4.44,pinnacle
2024-07-04,2024,grass,safiullin r.,machac t.,1.72,2.26,pinnacle
2024-07-04,2024,grass,djokovic n.,fearnley j.,1.02,31.64,pinnacle
2024-07-04,2024,grass,tabilo a.,cobolli f.,1.34,3.6,pinnacle
2024-07-04,2024,grass,monfils g.,wawrinka s.,1.4,3.22,pinnacle
2024-07-04,2024,grass,halys q.,khachanov k.,2.8,1.5,pinnacle
2024-07-04,2024,grass,rune h.,seyboth wild t.,1.13,7.4,pinnacle
2024-07-04,2024,grass,fritz t.,rinderknech a.,1.08,10.68,pinnacle
2024-07-04,2024,grass,pouille l.,kokkinakis t.,2.68,1.53,pinnacle
2024-07-04,2024,grass,norrie c.,draper j.,3.47,1.36,pinnacle
2024-07-04,2024,grass,ruusuvuori e.,tsitsipas s.,4.56,1.24,pinnacle
2024-07-04,2024,grass,mpetshi g.,nishioka y.,1.61,2.47,pinnacle
2024-07-04,2024,grass,zverev a.,giron m.,1.11,8.05,pinnacle
2024-07-05,2024,grass,paul t.,bublik a.,1.51,2.78,pinnacle
2024-07-05,2024,grass,alcaraz c.,tiafoe f.,1.05,14.26,pinnacle
2024-07-05,2024,grass,dimitrov g.,monfils g.,1.32,3.76,pinnacle
2024-07-05,2024,grass,sinner j.,kecmanovic m.,1.03,21.6,pinnacle
2024-07-06,2024,grass,de minaur a.,pouille l.,1.05,14.27,pinnacle
2024-07-06,2024,grass,shelton b.,shapovalov d.,1.95,1.95,pinnacle
2024-07-06,2024,grass,humbert u.,nakashima b.,1.78,2.17,pinnacle
2024-07-06,2024,grass,zverev a.,norrie c.,1.14,6.71,pinnacle
2024-07-06,2024,grass,fils a.,safiullin r.,1.85,2.07,pinnacle
2024-07-06,2024,grass,mpetshi g.,ruusuvuori e.,1.81,2.12,pinnacle
2024-07-06,2024,grass,bautista agut r.,fognini f.,1.43,3.05,pinnacle
2024-07-06,2024,grass,musetti l.,comesana f.,1.17,5.8,pinnacle
2024-07-06,2024,grass,rune h.,halys q.,1.33,3.68,pinnacle
2024-07-06,2024,grass,medvedev d.,struff j.l.,1.5,2.79,pinnacle
2024-07-06,2024,grass,djokovic n.,popyrin a.,1.13,7.14,pinnacle
2024-07-06,2024,grass,fritz t.,tabilo a.,1.19,5.42,pinnacle
2024-07-07,2024,grass,alcaraz c.,humbert u.,1.13,7.12,pinnacle
2024-07-07,2024,grass,sinner j.,shelton b.,1.06,14.32,pinnacle
2024-07-07,2024,grass,medvedev d.,dimitrov g.,1.74,2.23,pinnacle
2024-07-07,2024,grass,paul t.,bautista agut r.,1.16,6.13,pinnacle
2024-07-08,2024,grass,musetti l.,mpetshi g.,1.88,2.02,pinnacle
2024-07-08,2024,grass,de minaur a.,fils a.,1.18,5.63,pinnacle
2024-07-08,2024,grass,fritz t.,zverev a.,2.35,1.67,pinnacle
2024-07-08,2024,grass,djokovic n.,rune h.,1.33,3.66,pinnacle
2024-07-09,2024,grass,medvedev d.,sinner j.,4.78,1.23,pinnacle
2024-07-09,2024,grass,alcaraz c.,paul t.,1.3,3.97,pinnacle
2024-07-10,2024,grass,djokovic n.,de minaur a.,1.31,3.85,pinnacle
2024-07-10,2024,grass,musetti l.,fritz t.,4.69,1.23,pinnacle
2024-07-12,2024,grass,alcaraz c.,medvedev d.,1.3,3.9,pinnacle
2024-07-12,2024,grass,djokovic n.,musetti l.,1.14,6.75,pinnacle
2024-07-14,2024,grass,alcaraz c.,djokovic n.,1.81,2.12,pinnacle
2024-07-15,2024,clay,kotov p.,garin c.,1.85,2.05,pinnacle
2024-07-15,2024,clay,norrie c.,kovalik j.,1.59,2.51,pinnacle
2024-07-16,2024,clay,carballes baena r.,safiullin r.,1.61,2.46,pinnacle
2024-07-16,2024,clay,tirante t.a.,faria j.,2.11,1.81,pinnacle
2024-07-16,2024,clay,monteiro t.,coria f.,1.79,2.13,pinnacle
2024-07-16,2024,clay,skatov t.,daniel t.,1.68,2.29,pinnacle
2024-07-16,2024,clay,yevseyev d.,muller a.,5.58,1.18,pinnacle
2024-07-16,2024,clay,ajdukovic d.,van assche l.,2.13,1.79,pinnacle
2024-07-16,2024,clay,nagal s.,ymer e.,1.62,2.42,pinnacle
2024-07-16,2024,clay,rocha h.,ugo carabelli c.,2.38,1.64,pinnacle
2024-07-16,2024,clay,nadal r.,borg l.,1.02,29.16,pinnacle
2024-07-16,2024,clay,borges n.,pellegrino a.,1.3,3.82,pinnacle
2024-07-17,2024,clay,monteiro t.,ruud c.,5.24,1.2,pinnacle
2024-07-17,2024,clay,carballes baena r.,yevseyev d.,1.16,6.2,pinnacle
2024-07-17,2024,clay,ajdukovic d.,kotov p.,2.8,1.5,pinnacle
2024-07-17,2024,clay,tirante t.a.,rublev a.,5.75,1.18,pinnacle
2024-07-18,2024,clay,navone m.,nagal s.,1.62,2.46,pinnacle
2024-07-18,2024,clay,skatov t.,griekspoor t.,3.39,1.37,pinnacle
2024-07-18,2024,clay,nadal r.,norrie c.,1.57,2.57,pinnacle
2024-07-18,2024,clay,borges n.,rocha h.,1.51,2.75,pinnacle
2024-07-19,2024,clay,ajdukovic d.,monteiro t.,3.9,1.3,pinnacle
2024-07-19,2024,clay,nadal r.,navone m.,1.41,3.17,pinnacle
2024-07-19,2024,clay,tirante t.a.,carballes baena r.,2.9,1.47,pinnacle
2024-07-19,2024,clay,borges n.,skatov t.,1.59,2.54,pinnacle
2024-07-20,2024,clay,nadal r.,ajdukovic d.,1.34,3.63,pinnacle
2024-07-20,2024,clay,borges n.,tirante t.a.,1.56,2.6,pinnacle
2024-07-21,2024,clay,borges n.,nadal r.,2.74,1.52,pinnacle
2024-07-15,2024,clay,riedi l.,barrere g.,1.66,2.34,pinnacle
2024-07-15,2024,clay,struff j.l.,ramos-vinolas a.,1.16,5.96,pinnacle
2024-07-15,2024,clay,fognini f.,droguet t.,1.76,2.17,pinnacle
2024-07-15,2024,clay,varillas j.p.,thiem d.,1.62,2.43,pinnacle
2024-07-15,2024,clay,galan d.e.,kopriva v.,1.78,2.15,pinnacle
2024-07-16,2024,clay,hanfmann y.,moreno de alboran n.,1.35,3.38,max
2024-07-16,2024,clay,halys q.,gasquet r.,1.64,2.39,pinnacle
2024-07-16,2024,clay,medjedovic h.,huesler m.a.,1.48,2.84,pinnacle
2024-07-16,2024,clay,heide g.,napolitano s.,1.91,1.98,pinnacle
2024-07-16,2024,clay,berrettini m.,cachin p.,1.18,5.62,pinnacle
2024-07-16,2024,clay,van de zandschulp b.,stricker d.,1.63,2.41,pinnacle
2024-07-16,2024,clay,klein l.,wawrinka s.,2.24,1.71,pinnacle
2024-07-17,2024,clay,fognini f.,varillas j.p.,1.76,2.2,pinnacle
2024-07-17,2024,clay,etcheverry t.,van de zandschulp b.,1.56,2.61,pinnacle
2024-07-17,2024,clay,tsitsipas s.,medjedovic h.,1.39,3.29,pinnacle
2024-07-17,2024,clay,struff j.l.,riedi l.,1.37,3.4,pinnacle
2024-07-18,2024,clay,halys q.,klein l.,1.94,1.96,pinnacle
2024-07-18,2024,clay,heide g.,humbert u.,3.61,1.34,pinnacle
2024-07-18,2024,clay,berrettini m.,galan d.e.,1.17,5.84,pinnacle
2024-07-18,2024,clay,auger-aliassime f.,hanfmann y.,1.48,2.87,pinnacle
2024-07-19,2024,clay,halys q.,heide g.,1.69,2.31,pinnacle
2024-07-19,2024,clay,struff j.l.,etcheverry t.,1.65,2.4,pinnacle
2024-07-19,2024,clay,tsitsipas s.,fognini f.,1.15,6.48,pinnacle
2024-07-19,2024,clay,berrettini m.,auger-aliassime f.,1.65,2.4,pinnacle
2024-07-20,2024,clay,halys q.,struff j.l.,3.11,1.42,pinnacle
2024-07-20,2024,clay,berrettini m.,tsitsipas s.,2.31,1.69,pinnacle
2024-07-21,2024,clay,berrettini m.,halys q.,1.29,4.01,pinnacle
2024-07-15,2024,clay,cobolli f.,altmaier d.,1.71,2.24,pinnacle
2024-07-15,2024,clay,blanchet u.,popyrin a.,3.46,1.35,pinnacle
2024-07-15,2024,clay,marterer m.,kwon s.w.,1.66,2.35,pinnacle
2024-07-15,2024,clay,djere l.,bergs z.,1.89,2.0,pinnacle
2024-07-15,2024,clay,shevchenko a.,molleker r.,1.58,2.53,pinnacle
2024-07-15,2024,clay,cerundolo f.,comesana f.,1.25,4.0,bet365
2024-07-15,2024,clay,martinez p.,arnaldi m.,3.42,1.36,pinnacle
2024-07-16,2024,clay,fils a.,munar j.,1.66,2.35,pinnacle
2024-07-16,2024,clay,lajovic d.,meligeni alves f.,1.74,2.2,pinnacle
2024-07-16,2024,clay,zhang zh.,seyboth wild t.,1.75,2.18,pinnacle
2024-07-16,2024,clay,trungelliti m.,ofner s.,2.32,1.68,pinnacle
2024-07-16,2024,clay,baez s.,koepfer d.,1.47,2.87,pinnacle
2024-07-16,2024,clay,rune h.,marozsan f.,1.37,3.33,pinnacle
2024-07-16,2024,clay,gaston h.,diaz acosta f.,2.4,1.64,pinnacle
2024-07-17,2024,clay,zverev a.,de jong j.,1.11,8.08,pinnacle
2024-07-17,2024,clay,darderi l.,shevchenko a.,1.43,3.06,pinnacle
2024-07-17,2024,clay,martinez p.,blanchet u.,1.37,3.37,pinnacle
2024-07-17,2024,clay,cerundolo f.,marterer m.,1.24,4.59,pinnacle
2024-07-17,2024,clay,baez s.,lajovic d.,1.38,3.31,pinnacle
2024-07-18,2024,clay,fils a.,djere l.,1.57,2.57,pinnacle
2024-07-18,2024,clay,zhang zh.,cobolli f.,2.14,1.79,pinnacle
2024-07-18,2024,clay,rune h.,trungelliti m.,1.15,6.38,pinnacle
2024-07-18,2024,clay,zverev a.,gaston h.,1.08,10.25,pinnacle
2024-07-19,2024,clay,baez s.,darderi l.,1.58,2.55,pinnacle
2024-07-19,2024,clay,fils a.,rune h.,2.37,1.66,pinnacle
2024-07-19,2024,clay,martinez p.,cerundolo f.,3.93,1.3,pinnacle
2024-07-19,2024,clay,zverev a.,zhang zh.,1.31,3.83,pinnacle
2024-07-20,2024,clay,fils a.,baez s.,1.83,2.09,pinnacle
2024-07-20,2024,clay,zverev a.,martinez p.,1.11,8.3,pinnacle
2024-07-21,2024,clay,fils a.,zverev a.,3.56,1.34,pinnacle
2024-07-15,2024,grass,kovacevic a.,mayot h.,2.51,1.58,pinnacle
2024-07-15,2024,grass,cressy m.,albot r.,1.59,2.49,pinnacle
2024-07-15,2024,grass,vukic a.,wong c.,1.19,5.3,pinnacle
2024-07-15,2024,grass,opelka r.,lestienne c.,2.01,1.88,pinnacle
2024-07-16,2024,grass,rinderknech a.,mochizuki s.,1.46,2.91,pinnacle
2024-07-16,2024,grass,mcdonald m.,hijikata r.,1.73,2.22,pinnacle
2024-07-16,2024,grass,harris b.,diallo g.,1.68,2.29,pinnacle
2024-07-16,2024,grass,paire b.,svajda z.,5.51,1.18,pinnacle
2024-07-16,2024,grass,quinn e.,polmans m.,2.18,1.75,pinnacle
2024-07-16,2024,grass,bolt a.,mensik j.,2.25,1.71,pinnacle
2024-07-16,2024,grass,spizzirri e.,tu l.,2.73,1.51,pinnacle
2024-07-16,2024,grass,nakashima b.,nava e.,1.18,5.49,pinnacle
2024-07-17,2024,grass,kovacevic a.,rinderknech a.,2.35,1.67,pinnacle
2024-07-17,2024,grass,michelsen a.,cressy m.,1.61,2.47,pinnacle
2024-07-17,2024,grass,opelka r.,mannarino a.,2.33,1.68,pinnacle
2024-07-17,2024,grass,mcdonald m.,harris b.,1.64,2.42,pinnacle
2024-07-17,2024,grass,eubanks c.,quinn e.,1.5,2.8,pinnacle
2024-07-17,2024,grass,vukic a.,spizzirri e.,1.38,3.36,pinnacle
2024-07-17,2024,grass,bolt a.,nakashima b.,3.76,1.32,pinnacle
2024-07-18,2024,grass,giron m.,paire b.,1.19,5.52,pinnacle
2024-07-18,2024,grass,michelsen a.,kovacevic a.,1.46,2.93,pinnacle
2024-07-18,2024,grass,opelka r.,mcdonald m.,2.34,1.68,pinnacle
2024-07-19,2024,grass,eubanks c.,vukic a.,2.63,1.55,pinnacle
2024-07-19,2024,grass,giron m.,bolt a.,1.54,2.66,pinnacle
2024-07-20,2024,grass,michelsen a.,opelka r.,1.63,2.43,pinnacle
2024-07-20,2024,grass,giron m.,eubanks c.,1.56,2.6,pinnacle
2024-07-21,2024,grass,giron m.,michelsen a.,2.53,1.59,pinnacle
2024-07-22,2024,hard,davidovich fokina a.,cazaux a.,1.94,1.94,pinnacle
2024-07-22,2024,hard,nishioka y.,svajda z.,1.87,2.03,pinnacle
2024-07-22,2024,hard,goffin d.,shapovalov d.,2.85,1.47,pinnacle
2024-07-23,2024,hard,karatsev a.,harris b.,2.17,1.76,pinnacle
2024-07-23,2024,hard,rinderknech a.,wolf j.j.,1.7,2.27,pinnacle
2024-07-23,2024,hard,walton a.,kecmanovic m.,2.88,1.47,pinnacle
2024-07-23,2024,hard,mcdonald m.,nakashima b.,2.63,1.54,pinnacle
2024-07-23,2024,hard,bellucci m.,vukic a.,2.09,1.81,pinnacle
2024-07-23,2024,hard,mayot h.,coric b.,2.73,1.5,pinnacle
2024-07-24,2024,hard,purcell m.,o connell c.,1.66,2.35,pinnacle
2024-07-24,2024,hard,opelka r.,kovacevic a.,1.65,2.37,pinnacle
2024-07-24,2024,hard,shang j.,martin a.,1.15,6.42,pinnacle
2024-07-24,2024,hard,rinderknech a.,walton a.,1.71,2.27,pinnacle
2024-07-24,2024,hard,bellucci m.,mannarino a.,1.76,2.2,pinnacle
2024-07-25,2024,hard,nishioka y.,mcdonald m.,2.3,1.69,pinnacle
2024-07-25,2024,hard,thompson j.,mayot h.,1.67,2.35,pinnacle
2024-07-25,2024,hard,tiafoe f.,karatsev a.,1.48,2.86,pinnacle
2024-07-25,2024,hard,davidovich fokina a.,opelka r.,1.94,1.96,pinnacle
2024-07-25,2024,hard,purcell m.,goffin d.,2.31,1.69,pinnacle
2024-07-26,2024,hard,shang j.,shelton b.,2.65,1.55,pinnacle
2024-07-26,2024,hard,thompson j.,davidovich fokina a.,2.25,1.72,pinnacle
2024-07-26,2024,hard,shang j.,purcell m.,1.46,2.96,pinnacle
2024-07-27,2024,hard,nishioka y.,tiafoe f.,2.72,1.52,pinnacle
2024-07-27,2024,hard,rinderknech a.,bellucci m.,1.67,2.35,pinnacle
2024-07-27,2024,hard,thompson j.,shang j.,2.61,1.56,pinnacle
2024-07-28,2024,hard,nishioka y.,rinderknech a.,1.75,2.2,pinnacle
2024-07-28,2024,hard,nishioka y.,thompson j.,1.95,1.95,pinnacle
2024-07-22,2024,clay,hanfmann y.,munar j.,2.38,1.64,pinnacle
2024-07-22,2024,clay,moreno de alboran n.,collarini a.,1.55,2.61,pinnacle
2024-07-22,2024,clay,seyboth wild t.,schwaerzler j.,1.42,3.08,pinnacle
2024-07-22,2024,clay,nagal s.,klein l.,2.3,1.68,pinnacle
2024-07-22,2024,clay,djere l.,kopriva v.,1.55,2.61,pinnacle
2024-07-23,2024,clay,galan d.e.,medjedovic h.,2.95,1.45,pinnacle
2024-07-23,2024,clay,gaston h.,altmaier d.,2.23,1.72,pinnacle
2024-07-23,2024,clay,diaz acosta f.,coria f.,1.68,2.3,pinnacle
2024-07-23,2024,clay,neumayer l.,ofner s.,2.91,1.46,pinnacle
2024-07-23,2024,clay,carballes baena r.,fucsovics m.,1.99,1.9,pinnacle
2024-07-23,2024,clay,berrettini m.,kotov p.,1.27,4.09,pinnacle
2024-07-23,2024,clay,tirante t.a.,thiem d.,1.92,1.97,pinnacle
2024-07-24,2024,clay,seyboth wild t.,djere l.,2.26,1.72,pinnacle
2024-07-24,2024,clay,moreno de alboran n.,neumayer l.,1.67,2.36,pinnacle
2024-07-24,2024,clay,martinez p.,nagal s.,1.64,2.42,pinnacle
2024-07-24,2024,clay,berrettini m.,tabilo a.,1.47,2.92,pinnacle
2024-07-24,2024,clay,diaz acosta f.,galan d.e.,1.65,2.4,pinnacle
2024-07-24,2024,clay,baez s.,tirante t.a.,1.3,3.89,pinnacle
2024-07-24,2024,clay,gaston h.,carballes baena r.,2.3,1.69,pinnacle
2024-07-25,2024,clay,hanfmann y.,seyboth wild t.,1.93,1.98,pinnacle
2024-07-25,2024,clay,berrettini m.,moreno de alboran n.,1.13,7.14,pinnacle
2024-07-25,2024,clay,diaz acosta f.,martinez p.,1.77,2.18,pinnacle
2024-07-25,2024,clay,gaston h.,baez s.,3.09,1.43,pinnacle
2024-07-26,2024,clay,berrettini m.,hanfmann y.,1.26,4.38,pinnacle
2024-07-26,2024,clay,gaston h.,diaz acosta f.,2.29,1.7,pinnacle
2024-07-27,2024,clay,berrettini m.,gaston h.,1.23,4.74,pinnacle
2024-07-21,2024,clay,muller a.,arnaldi m.,2.9,1.46,pinnacle
2024-07-21,2024,clay,marozsan f.,shevchenko a.,1.67,2.34,pinnacle
2024-07-21,2024,clay,ugo carabelli c.,mikrut l.,1.4,3.17,pinnacle
2024-07-22,2024,clay,monteiro t.,machac t.,2.14,1.78,pinnacle
2024-07-22,2024,clay,mensik j.,popyrin a.,2.2,1.74,pinnacle
2024-07-22,2024,clay,trungelliti m.,andreozzi g.,1.3,3.81,pinnacle
2024-07-22,2024,clay,cobolli f.,navone m.,1.82,2.08,pinnacle
2024-07-22,2024,clay,lajovic d.,misolic f.,1.55,2.61,pinnacle
2024-07-22,2024,clay,sonego l.,poljicak m.,1.2,5.11,pinnacle
2024-07-22,2024,clay,dodig m.,couacaud e.,2.73,1.51,pinnacle
2024-07-23,2024,clay,fognini f.,van assche l.,1.79,2.13,pinnacle
2024-07-23,2024,clay,darderi l.,ajdukovic d.,1.43,3.05,pinnacle
2024-07-23,2024,clay,rublev a.,ugo carabelli c.,1.21,5.04,pinnacle
2024-07-23,2024,clay,marozsan f.,monteiro t.,2.1,1.83,pinnacle
2024-07-24,2024,clay,sonego l.,muller a.,2.19,1.76,pinnacle
2024-07-24,2024,clay,cerundolo f.,dodig m.,1.19,5.41,pinnacle
2024-07-24,2024,clay,musetti l.,trungelliti m.,1.25,4.52,pinnacle
2024-07-24,2024,clay,lajovic d.,cobolli f.,2.82,1.49,pinnacle
2024-07-24,2024,clay,mensik j.,darderi l.,2.71,1.53,pinnacle
2024-07-24,2024,clay,tseng c. h.,fognini f.,2.95,1.46,pinnacle
2024-07-25,2024,clay,cerundolo f.,sonego l.,1.51,2.76,pinnacle
2024-07-25,2024,clay,mensik j.,tseng c. h.,1.4,3.2,pinnacle
2024-07-25,2024,clay,rublev a.,marozsan f.,1.49,2.84,pinnacle
2024-07-25,2024,clay,musetti l.,lajovic d.,1.36,3.44,pinnacle
2024-07-26,2024,clay,cerundolo f.,rublev a.,2.44,1.59,pinnacle
2024-07-26,2024,clay,musetti l.,mensik j.,1.52,2.74,pinnacle
2024-07-27,2024,clay,cerundolo f.,musetti l.,2.62,1.56,pinnacle
2024-07-29,2024,hard,wolf j.j.,svajda z.,1.91,1.91,bet365
2024-07-29,2024,hard,o connell c.,mayot h.,1.94,1.94,pinnacle
2024-07-29,2024,hard,garin c.,karatsev a.,2.48,1.6,pinnacle
2024-07-29,2024,hard,galan d.e.,cressy m.,2.8,1.49,pinnacle
2024-07-29,2024,hard,ruusuvuori e.,coric b.,1.76,2.18,pinnacle
2024-07-29,2024,hard,bellucci m.,mcdonald m.,2.14,1.78,pinnacle
2024-07-29,2024,hard,hong s.,walton a.,2.84,1.48,pinnacle
2024-07-29,2024,hard,shapovalov d.,bautista agut r.,1.52,2.69,pinnacle
2024-07-29,2024,hard,goffin d.,ugo carabelli c.,1.24,4.46,pinnacle
2024-07-30,2024,hard,opelka r.,duckworth j.,1.5,2.76,pinnacle
2024-07-30,2024,hard,van assche l.,cazaux a.,2.42,1.63,pinnacle
2024-07-30,2024,hard,krueger m.,nardi l.,1.74,2.2,pinnacle
2024-07-30,2024,hard,kokkinakis t.,purcell m.,1.76,2.17,pinnacle
2024-07-30,2024,hard,kovacevic a.,nishioka y.,2.37,1.65,pinnacle
2024-07-30,2024,hard,shang j.,ymer e.,1.27,4.1,pinnacle
2024-07-30,2024,hard,albot r.,diaz acosta f.,1.52,2.71,pinnacle
2024-07-30,2024,hard,kecmanovic m.,wolf j.j.,1.56,2.6,pinnacle
2024-07-30,2024,hard,korda s.,garin c.,1.21,5.11,pinnacle
2024-07-30,2024,hard,nakashima b.,o connell c.,1.38,3.35,pinnacle
2024-07-30,2024,hard,tiafoe f.,galan d.e.,1.25,4.48,pinnacle
2024-07-30,2024,hard,shapovalov d.,mannarino a.,1.3,3.92,pinnacle
2024-07-31,2024,hard,davidovich fokina a.,krueger m.,1.44,3.05,pinnacle
2024-07-31,2024,hard,kokkinakis t.,vukic a.,1.58,2.55,pinnacle
2024-07-31,2024,hard,rinderknech a.,shang j.,2.61,1.56,pinnacle
2024-07-31,2024,hard,kovacevic a.,carballes baena r.,1.57,2.58,pinnacle
2024-07-31,2024,hard,cobolli f.,goffin d.,1.92,1.99,pinnacle
2024-07-31,2024,hard,mpetshi g.,ruusuvuori e.,2.19,1.76,pinnacle
2024-07-31,2024,hard,michelsen a.,bellucci m.,1.7,2.3,pinnacle
2024-07-31,2024,hard,hong s.,khachanov k.,5.66,1.18,pinnacle
2024-07-31,2024,hard,rublev a.,van assche l.,1.19,5.36,pinnacle
2024-08-01,2024,hard,thompson j.,opelka r.,2.06,1.86,pinnacle
2024-08-01,2024,hard,shelton b.,albot r.,1.19,5.26,pinnacle
2024-08-01,2024,hard,shapovalov d.,kecmanovic m.,1.68,2.34,pinnacle
2024-08-01,2024,hard,cobolli f.,davidovich fokina a.,2.11,1.82,pinnacle
2024-08-01,2024,hard,michelsen a.,hong s.,1.3,3.9,pinnacle
2024-08-01,2024,hard,korda s.,kokkinakis t.,1.37,3.37,pinnacle
2024-08-01,2024,hard,thompson j.,mpetshi g.,1.81,2.11,pinnacle
2024-08-01,2024,hard,shelton b.,nakashima b.,1.84,2.08,pinnacle
2024-08-01,2024,hard,tiafoe f.,kovacevic a.,1.45,2.99,pinnacle
2024-08-02,2024,hard,rublev a.,rinderknech a.,1.28,4.11,pinnacle
2024-08-02,2024,hard,cobolli f.,michelsen a.,2.7,1.53,pinnacle
2024-08-02,2024,hard,shelton b.,shapovalov d.,1.62,2.46,pinnacle
2024-08-02,2024,hard,korda s.,thompson j.,1.49,2.83,pinnacle
2024-08-03,2024,hard,tiafoe f.,rublev a.,2.83,1.49,pinnacle
2024-08-04,2024,hard,cobolli f.,shelton b.,3.14,1.41,pinnacle
2024-08-04,2024,hard,korda s.,tiafoe f.,1.63,2.44,pinnacle
2024-08-05,2024,hard,korda s.,cobolli f.,1.28,4.18,pinnacle
2024-08-06,2024,hard,sonego l.,griekspoor t.,2.35,1.66,pinnacle
2024-08-06,2024,hard,nishikori k.,michelsen a.,3.55,1.34,pinnacle
2024-08-06,2024,hard,etcheverry t.,jarry n.,1.77,2.15,pinnacle
2024-08-06,2024,hard,borges n.,kecmanovic m.,2.31,1.68,pinnacle
2024-08-06,2024,hard,khachanov k.,diallo g.,1.5,2.78,pinnacle
2024-08-07,2024,hard,carreno busta p.,marozsan f.,3.55,1.34,pinnacle
2024-08-07,2024,hard,tabilo a.,tiafoe f.,2.29,1.69,pinnacle
2024-08-07,2024,hard,thompson j.,draper j.,3.34,1.37,pinnacle
2024-08-07,2024,hard,paul t.,darderi l.,1.14,6.72,pinnacle
2024-08-07,2024,hard,hijikata r.,daniel t.,2.31,1.68,pinnacle
2024-08-07,2024,hard,arnaldi m.,mcdonald m.,1.86,2.03,pinnacle
2024-08-07,2024,hard,shelton b.,bublik a.,1.55,2.6,pinnacle
2024-08-07,2024,hard,davidovich fokina a.,safiullin r.,1.98,1.91,pinnacle
2024-08-07,2024,hard,humbert u.,fils a.,1.65,2.35,pinnacle
2024-08-07,2024,hard,coric b.,martinez p.,1.41,3.13,pinnacle
2024-08-07,2024,hard,nakashima b.,shapovalov d.,2.16,1.76,pinnacle
2024-08-07,2024,hard,duckworth j.,giron m.,2.55,1.57,pinnacle
2024-08-07,2024,hard,popyrin a.,machac t.,2.25,1.71,pinnacle
2024-08-07,2024,hard,fritz t.,navone m.,1.06,12.13,pinnacle
2024-08-07,2024,hard,rinderknech a.,mannarino a.,1.56,2.57,pinnacle
2024-08-08,2024,hard,korda s.,pospisil v.,1.07,11.43,pinnacle
2024-08-08,2024,hard,cobolli f.,auger-aliassime f.,4.07,1.28,pinnacle
2024-08-08,2024,hard,kokkinakis t.,monfils g.,1.84,2.05,pinnacle
2024-08-08,2024,hard,borges n.,humbert u.,3.46,1.36,pinnacle
2024-08-08,2024,hard,davidovich fokina a.,medvedev d.,5.32,1.2,pinnacle
2024-08-08,2024,hard,nakashima b.,paul t.,3.37,1.37,pinnacle
2024-08-08,2024,hard,nishikori k.,tsitsipas s.,4.79,1.23,pinnacle
2024-08-08,2024,hard,rublev a.,etcheverry t.,1.35,3.55,pinnacle
2024-08-08,2024,hard,zverev a.,thompson j.,1.32,3.87,pinnacle
2024-08-08,2024,hard,dimitrov g.,hijikata r.,1.27,4.25,pinnacle
2024-08-08,2024,hard,arnaldi m.,khachanov k.,2.33,1.68,pinnacle
2024-08-08,2024,hard,ruud c.,duckworth j.,1.36,3.45,pinnacle
2024-08-08,2024,hard,sinner j.,coric b.,1.07,12.01,pinnacle
2024-08-08,2024,hard,rune h.,carreno busta p.,1.34,3.6,pinnacle
2024-08-08,2024,hard,popyrin a.,shelton b.,2.56,1.58,pinnacle
2024-08-08,2024,hard,tabilo a.,sonego l.,1.59,2.52,pinnacle
2024-08-10,2024,hard,korda s.,fritz t.,2.45,1.62,pinnacle
2024-08-10,2024,hard,hurkacz h.,kokkinakis t.,1.74,2.22,pinnacle
2024-08-10,2024,hard,rinderknech a.,cobolli f.,2.41,1.64,pinnacle
2024-08-10,2024,hard,arnaldi m.,davidovich fokina a.,2.23,1.74,pinnacle
2024-08-10,2024,hard,rublev a.,nakashima b.,1.6,2.51,pinnacle
2024-08-10,2024,hard,nishikori k.,borges n.,2.39,1.65,pinnacle
2024-08-10,2024,hard,popyrin a.,dimitrov g.,3.5,1.35,pinnacle
2024-08-10,2024,hard,sinner j.,tabilo a.,1.08,11.12,pinnacle
2024-08-10,2024,hard,zverev a.,rune h.,1.34,3.57,pinnacle
2024-08-10,2024,hard,korda s.,ruud c.,1.81,2.1,pinnacle
2024-08-10,2024,hard,hurkacz h.,rinderknech a.,1.61,2.46,pinnacle
2024-08-11,2024,hard,rublev a.,sinner j.,4.78,1.22,pinnacle
2024-08-11,2024,hard,arnaldi m.,nishikori k.,1.54,2.63,pinnacle
2024-08-11,2024,hard,popyrin a.,hurkacz h.,2.34,1.68,pinnacle
2024-08-11,2024,hard,korda s.,zverev a.,3.48,1.36,pinnacle
2024-08-11,2024,hard,rublev a.,arnaldi m.,1.3,3.89,pinnacle
2024-08-12,2024,hard,popyrin a.,korda s.,3.35,1.37,pinnacle
2024-08-13,2024,hard,popyrin a.,rublev a.,3.18,1.41,pinnacle
2024-08-12,2024,hard,cobolli f.,paul t.,4.99,1.21,pinnacle
2024-08-13,2024,hard,khachanov k.,cerundolo f.,1.57,2.54,pinnacle
2024-08-13,2024,hard,zhang zh.,mpetshi g.,1.88,2.02,pinnacle
2024-08-13,2024,hard,darderi l.,tabilo a.,3.26,1.38,pinnacle
2024-08-13,2024,hard,baez s.,giron m.,2.46,1.61,pinnacle
2024-08-13,2024,hard,tiafoe f.,davidovich fokina a.,1.74,2.2,pinnacle
2024-08-13,2024,hard,lehecka j.,navone m.,1.38,3.3,pinnacle
2024-08-13,2024,hard,michelsen a.,griekspoor t.,1.89,2.0,pinnacle
2024-08-13,2024,hard,thompson j.,humbert u.,2.73,1.51,pinnacle
2024-08-13,2024,hard,shelton b.,opelka r.,1.52,2.7,pinnacle
2024-08-13,2024,hard,musetti l.,jarry n.,1.44,3.0,pinnacle
2024-08-13,2024,hard,nishioka y.,kecmanovic m.,1.85,2.04,pinnacle
2024-08-14,2024,hard,nakashima b.,fritz t.,3.29,1.38,pinnacle
2024-08-14,2024,hard,fils a.,holt b.,1.21,4.87,pinnacle
2024-08-14,2024,hard,borges n.,mannarino a.,1.38,3.26,pinnacle
2024-08-14,2024,hard,marozsan f.,moutet c.,1.94,1.94,pinnacle
2024-08-14,2024,hard,auger-aliassime f.,kovacevic a.,1.3,3.82,pinnacle
2024-08-14,2024,hard,tsitsipas s.,struff j.l.,1.56,2.59,pinnacle
2024-08-14,2024,hard,rune h.,berrettini m.,2.27,1.7,pinnacle
2024-08-14,2024,hard,purcell m.,machac t.,2.81,1.48,pinnacle
2024-08-14,2024,hard,draper j.,munar j.,1.29,3.98,pinnacle
2024-08-14,2024,hard,monfils g.,popyrin a.,2.17,1.76,pinnacle
2024-08-14,2024,hard,carreno busta p.,korda s.,5.49,1.18,pinnacle
2024-08-14,2024,hard,etcheverry t.,arnaldi m.,2.1,1.81,pinnacle
2024-08-14,2024,hard,sinner j.,michelsen a.,1.11,8.31,pinnacle
2024-08-15,2024,hard,tiafoe f.,musetti l.,1.94,1.96,pinnacle
2024-08-15,2024,hard,thompson j.,baez s.,1.53,2.71,pinnacle
2024-08-15,2024,hard,lehecka j.,medvedev d.,4.29,1.26,pinnacle
2024-08-15,2024,hard,hurkacz h.,nishioka y.,1.49,2.84,pinnacle
2024-08-15,2024,hard,cobolli f.,darderi l.,1.55,2.64,pinnacle
2024-08-15,2024,hard,zverev a.,khachanov k.,1.25,4.4,pinnacle
2024-08-15,2024,hard,carreno busta p.,purcell m.,1.83,2.09,pinnacle
2024-08-15,2024,hard,marozsan f.,dimitrov g.,4.24,1.27,pinnacle
2024-08-15,2024,hard,rublev a.,zhang zh.,1.38,3.31,pinnacle
2024-08-15,2024,hard,nakashima b.,fils a.,1.84,2.08,pinnacle
2024-08-15,2024,hard,shelton b.,etcheverry t.,1.44,3.01,pinnacle
2024-08-15,2024,hard,draper j.,tsitsipas s.,2.5,1.6,pinnacle
2024-08-15,2024,hard,rune h.,borges n.,1.44,3.05,pinnacle
2024-08-16,2024,hard,monfils g.,alcaraz c.,10.76,1.08,pinnacle
2024-08-16,2024,hard,auger-aliassime f.,ruud c.,1.65,2.39,pinnacle
2024-08-16,2024,hard,zverev a.,carreno busta p.,1.09,9.99,pinnacle
2024-08-16,2024,hard,rublev a.,nakashima b.,1.47,2.92,pinnacle
2024-08-16,2024,hard,sinner j.,thompson j.,1.13,7.27,pinnacle
2024-08-16,2024,hard,shelton b.,marozsan f.,1.57,2.58,pinnacle
2024-08-16,2024,hard,hurkacz h.,cobolli f.,1.67,2.43,pinnacle
2024-08-16,2024,hard,rune h.,monfils g.,1.4,3.17,pinnacle
2024-08-17,2024,hard,draper j.,auger-aliassime f.,2.26,1.71,pinnacle
2024-08-17,2024,hard,tiafoe f.,lehecka j.,1.78,2.16,pinnacle
2024-08-17,2024,hard,sinner j.,rublev a.,1.34,3.6,pinnacle
2024-08-17,2024,hard,zverev a.,shelton b.,1.31,3.82,pinnacle
2024-08-18,2024,hard,tiafoe f.,hurkacz h.,2.25,1.72,pinnacle
2024-08-18,2024,hard,rune h.,draper j.,1.83,2.1,pinnacle
2024-08-18,2024,hard,sinner j.,zverev a.,1.62,2.47,pinnacle
2024-08-19,2024,hard,tiafoe f.,rune h.,2.5,1.6,pinnacle
2024-08-19,2024,hard,sinner j.,tiafoe f.,1.26,4.38,pinnacle
2024-08-18,2024,hard,vukic a.,evans d.,1.63,2.4,pinnacle
2024-08-18,2024,hard,coric b.,nagal s.,1.39,3.21,pinnacle
2024-08-18,2024,hard,fucsovics m.,daniel t.,1.47,2.89,pinnacle
2024-08-18,2024,hard,cazaux a.,van de zandschulp b.,1.94,1.94,pinnacle
2024-08-18,2024,hard,bergs z.,opelka r.,2.2,1.74,pinnacle
2024-08-19,2024,hard,seyboth wild t.,duckworth j.,2.11,1.8,pinnacle
2024-08-19,2024,hard,eubanks c.,walton a.,1.76,2.17,pinnacle
2024-08-19,2024,hard,muller a.,lestienne c.,1.43,3.0,pinnacle
2024-08-19,2024,hard,shang j.,comesana f.,1.24,4.48,pinnacle
2024-08-19,2024,hard,stricker d.,coria f.,1.32,3.67,pinnacle
2024-08-19,2024,hard,svajda z.,djere l.,1.89,2.0,pinnacle
2024-08-19,2024,hard,o connell c.,kirchheimer s.,1.12,7.24,pinnacle
2024-08-19,2024,hard,tien l.,schoolkate t.,1.46,2.92,pinnacle
2024-08-19,2024,hard,goffin d.,munar j.,1.81,2.09,pinnacle
2024-08-19,2024,hard,carreno busta p.,kumar o.,1.17,5.86,pinnacle
2024-08-20,2024,hard,moutet c.,mejia n.,1.3,3.81,pinnacle
2024-08-19,2024,hard,hijikata r.,cazaux a.,2.43,1.62,pinnacle
2024-08-20,2024,hard,vukic a.,mannarino a.,1.69,2.29,pinnacle
2024-08-20,2024,hard,seyboth wild t.,borges n.,2.72,1.51,pinnacle
2024-08-20,2024,hard,svajda z.,cerundolo f.,2.77,1.5,pinnacle
2024-08-20,2024,hard,rinderknech a.,o connell c.,1.59,2.5,pinnacle
2024-08-20,2024,hard,kotov p.,muller a.,2.4,1.63,pinnacle
2024-08-20,2024,hard,goffin d.,darderi l.,1.79,2.12,pinnacle
2024-08-20,2024,hard,sonego l.,stricker d.,1.75,2.19,pinnacle
2024-08-20,2024,hard,coric b.,baez s.,1.71,2.24,pinnacle
2024-08-20,2024,hard,tien l.,marozsan f.,2.55,1.57,pinnacle
2024-08-20,2024,hard,carreno busta p.,shevchenko a.,1.4,3.2,pinnacle
2024-08-20,2024,hard,shang j.,navone m.,1.23,4.68,pinnacle
2024-08-20,2024,hard,eubanks c.,gaston h.,1.71,2.25,pinnacle
2024-08-21,2024,hard,bergs z.,etcheverry t.,2.03,1.86,pinnacle
2024-08-21,2024,hard,michelsen a.,fucsovics m.,1.76,2.17,pinnacle
2024-08-21,2024,hard,safiullin r.,moutet c.,1.7,2.27,pinnacle
2024-08-21,2024,hard,kotov p.,svajda z.,2.16,1.78,pinnacle
2024-08-21,2024,hard,goffin d.,rinderknech a.,2.05,1.86,pinnacle
2024-08-21,2024,hard,sonego l.,shang j.,2.3,1.62,bet365
2024-08-21,2024,hard,hijikata r.,coric b.,2.92,1.47,pinnacle
2024-08-21,2024,hard,tien l.,seyboth wild t.,2.06,1.85,pinnacle
2024-08-22,2024,hard,eubanks c.,safiullin r.,2.96,1.46,pinnacle
2024-08-22,2024,hard,michelsen a.,bergs z.,1.46,2.95,pinnacle
2024-08-22,2024,hard,carreno busta p.,vukic a.,1.51,2.77,pinnacle
2024-08-22,2024,hard,sonego l.,kotov p.,1.85,2.06,pinnacle
2024-08-22,2024,hard,goffin d.,hijikata r.,1.44,3.03,pinnacle
2024-08-22,2024,hard,michelsen a.,eubanks c.,1.34,3.56,pinnacle
2024-08-23,2024,hard,carreno busta p.,tien l.,1.55,2.64,pinnacle
2024-08-23,2024,hard,sonego l.,goffin d.,2.34,1.68,pinnacle
2024-08-23,2024,hard,michelsen a.,carreno busta p.,2.0,1.91,pinnacle
2024-08-24,2024,hard,sonego l.,michelsen a.,2.6,1.56,pinnacle
2024-08-26,2024,hard,zverev a.,marterer m.,1.02,27.72,pinnacle
2024-08-26,2024,hard,bautista agut r.,nardi l.,1.28,4.1,pinnacle
2024-08-26,2024,hard,comesana f.,stricker d.,3.45,1.36,pinnacle
2024-08-26,2024,hard,humbert u.,monteiro t.,1.13,7.11,pinnacle
2024-08-26,2024,hard,krueger m.,grenier h.,1.73,2.25,pinnacle
2024-08-26,2024,hard,carballes baena r.,choinski j.,1.47,2.89,pinnacle
2024-08-26,2024,hard,shang j.,bublik a.,1.71,2.27,pinnacle
2024-08-26,2024,hard,shelton b.,thiem d.,1.07,12.22,pinnacle
2024-08-26,2024,hard,berrettini m.,ramos-vinolas a.,1.02,28.24,pinnacle
2024-08-26,2024,hard,ruud c.,bu y.,1.25,4.46,pinnacle
2024-08-26,2024,hard,popyrin a.,kwon s.w.,1.12,7.54,pinnacle
2024-08-26,2024,hard,martinez p.,kasnikowski m.,1.85,2.07,pinnacle
2024-08-26,2024,hard,rublev a.,seyboth wild t.,1.1,8.64,pinnacle
2024-08-26,2024,hard,fritz t.,ugo carabelli c.,1.02,36.25,pinnacle
2024-08-26,2024,hard,lehecka j.,fucsovics m.,1.52,2.74,pinnacle
2024-08-26,2024,hard,musetti l.,opelka r.,1.4,3.22,pinnacle
2024-08-26,2024,hard,cerundolo f.,ofner s.,1.37,3.38,pinnacle
2024-08-26,2024,hard,kecmanovic m.,nishioka y.,2.09,1.83,pinnacle
2024-08-26,2024,hard,etcheverry t.,mpetshi g.,1.65,2.38,pinnacle
2024-08-26,2024,hard,muller a.,walton a.,1.47,2.91,pinnacle
2024-08-26,2024,hard,monfils g.,schwartzman d.,1.21,5.01,pinnacle
2024-08-26,2024,hard,dimitrov g.,jacquet k.,1.07,12.22,pinnacle
2024-08-26,2024,hard,shevchenko a.,koepfer d.,2.54,1.58,pinnacle
2024-08-26,2024,hard,rinderknech a.,eubanks c.,1.67,2.35,pinnacle
2024-08-26,2024,hard,hijikata r.,davidovich fokina a.,3.43,1.36,pinnacle
2024-08-26,2024,hard,nakashima b.,rune h.,2.65,1.55,pinnacle
2024-08-26,2024,hard,baez s.,darderi l.,1.71,2.27,pinnacle
2024-08-27,2024,hard,tiafoe f.,kovacevic a.,1.16,6.33,pinnacle
2024-08-27,2024,hard,djere l.,struff j.l.,4.49,1.25,pinnacle
2024-08-27,2024,hard,cazaux a.,carreno busta p.,2.47,1.61,pinnacle
2024-08-27,2024,hard,griekspoor t.,nagal s.,1.23,4.79,pinnacle
2024-08-27,2024,hard,djokovic n.,albot r.,1.01,57.63,pinnacle
2024-08-27,2024,hard,hurkacz h.,skatov t.,1.16,6.27,pinnacle
2024-08-27,2024,hard,goffin d.,tabilo a.,2.35,1.67,pinnacle
2024-08-27,2024,hard,thompson j.,lestienne c.,1.14,6.7,pinnacle
2024-08-27,2024,hard,navone m.,altmaier d.,2.34,1.68,pinnacle
2024-08-27,2024,hard,kokkinakis t.,tsitsipas s.,3.15,1.43,pinnacle
2024-08-27,2024,hard,schoolkate t.,daniel t.,2.53,1.59,pinnacle
2024-08-27,2024,hard,mensik j.,auger-aliassime f.,4.14,1.28,pinnacle
2024-08-27,2024,hard,virtanen o.,halys q.,2.11,1.81,pinnacle
2024-08-27,2024,hard,machac t.,fognini f.,1.24,4.54,pinnacle
2024-08-27,2024,hard,evans d.,khachanov k.,4.56,1.24,pinnacle
2024-08-27,2024,hard,michelsen a.,spizzirri e.,1.24,4.63,pinnacle
2024-08-27,2024,hard,mannarino a.,coric b.,3.66,1.33,pinnacle
2024-08-27,2024,hard,draper j.,zhang zh.,1.31,3.85,pinnacle
2024-08-27,2024,hard,safiullin r.,forbes m.,1.02,37.61,pinnacle
2024-08-27,2024,hard,sinner j.,mcdonald m.,1.02,28.96,pinnacle
2024-08-27,2024,hard,arnaldi m.,svajda z.,1.38,3.33,pinnacle
2024-08-27,2024,hard,borges n.,coria f.,1.1,8.73,pinnacle
2024-08-27,2024,hard,diaz acosta f.,gaston h.,2.33,1.68,pinnacle
2024-08-27,2024,hard,de minaur a.,giron m.,1.26,4.34,pinnacle
2024-08-27,2024,hard,fils a.,tien l.,1.35,3.5,pinnacle
2024-08-27,2024,hard,medvedev d.,lajovic d.,1.06,14.11,pinnacle
2024-08-27,2024,hard,van de zandschulp b.,shapovalov d.,3.78,1.32,pinnacle
2024-08-27,2024,hard,purcell m.,vukic a.,2.19,1.76,pinnacle
2024-08-27,2024,hard,korda s.,moutet c.,1.23,4.74,pinnacle
2024-08-27,2024,hard,cobolli f.,duckworth j.,1.32,3.75,pinnacle
2024-08-27,2024,hard,marozsan f.,medjedovic h.,1.79,2.14,pinnacle
2024-08-27,2024,hard,diallo g.,munar j.,1.98,1.93,pinnacle
2024-08-27,2024,hard,bergs z.,kotov p.,1.75,2.21,pinnacle
2024-08-27,2024,hard,o connell c.,jarry n.,2.84,1.49,pinnacle
2024-08-28,2024,hard,bellucci m.,wawrinka s.,1.4,3.2,pinnacle
2024-08-28,2024,hard,alcaraz c.,tu l.,1.01,47.27,pinnacle
2024-08-28,2024,hard,paul t.,sonego l.,1.24,4.65,pinnacle
2024-08-28,2024,hard,lehecka j.,krueger m.,1.23,4.73,pinnacle
2024-08-28,2024,hard,etcheverry t.,cerundolo f.,1.74,2.23,pinnacle
2024-08-28,2024,hard,dimitrov g.,hijikata r.,1.12,7.95,pinnacle
2024-08-28,2024,hard,griekspoor t.,baez s.,1.54,2.68,pinnacle
2024-08-28,2024,hard,nakashima b.,cazaux a.,1.29,4.04,pinnacle
2024-08-28,2024,hard,zverev a.,muller a.,1.05,15.64,pinnacle
2024-08-28,2024,hard,tiafoe f.,shevchenko a.,1.17,6.01,pinnacle
2024-08-28,2024,hard,rublev a.,rinderknech a.,1.14,6.76,pinnacle
2024-08-28,2024,hard,comesana f.,humbert u.,7.51,1.12,pinnacle
2024-08-28,2024,hard,shang j.,carballes baena r.,1.36,3.44,pinnacle
2024-08-28,2024,hard,popyrin a.,martinez p.,1.2,5.3,pinnacle
2024-08-28,2024,hard,shelton b.,bautista agut r.,1.19,5.44,pinnacle
2024-08-28,2024,hard,musetti l.,kecmanovic m.,1.45,2.99,pinnacle
2024-08-28,2024,hard,ruud c.,monfils g.,1.56,2.58,pinnacle
2024-08-29,2024,hard,fritz t.,berrettini m.,1.57,2.57,pinnacle
2024-08-29,2024,hard,djokovic n.,djere l.,1.02,31.6,pinnacle
2024-08-29,2024,hard,arnaldi m.,safiullin r.,1.79,2.15,pinnacle
2024-08-29,2024,hard,machac t.,korda s.,3.69,1.33,pinnacle
2024-08-29,2024,hard,o connell c.,bellucci m.,3.1,1.42,pinnacle
2024-08-29,2024,hard,thompson j.,hurkacz h.,2.53,1.59,pinnacle
2024-08-29,2024,hard,sinner j.,michelsen a.,1.05,15.93,pinnacle
2024-08-29,2024,hard,borges n.,kokkinakis t.,2.19,1.76,pinnacle
2024-08-29,2024,hard,goffin d.,mannarino a.,1.38,3.35,pinnacle
2024-08-29,2024,hard,draper j.,diaz acosta f.,1.1,8.81,pinnacle
2024-08-29,2024,hard,de minaur a.,virtanen o.,1.27,4.21,pinnacle
2024-08-29,2024,hard,cobolli f.,bergs z.,1.56,2.59,pinnacle
2024-08-29,2024,hard,diallo g.,fils a.,3.45,1.36,pinnacle
2024-08-29,2024,hard,mensik j.,schoolkate t.,1.23,4.73,pinnacle
2024-08-29,2024,hard,evans d.,navone m.,1.93,1.97,pinnacle
2024-08-29,2024,hard,paul t.,purcell m.,1.11,8.34,pinnacle
2024-08-30,2024,hard,medvedev d.,marozsan f.,1.11,8.03,pinnacle
2024-08-30,2024,hard,van de zandschulp b.,alcaraz c.,32.02,1.02,pinnacle
2024-08-30,2024,hard,tiafoe f.,shelton b.,2.45,1.62,pinnacle
2024-08-30,2024,hard,rublev a.,lehecka j.,1.35,3.5,pinnacle
2024-08-30,2024,hard,dimitrov g.,griekspoor t.,1.21,5.05,pinnacle
2024-08-30,2024,hard,fritz t.,comesana f.,1.05,15.33,pinnacle
2024-08-30,2024,hard,ruud c.,shang j.,1.44,3.05,pinnacle
2024-08-30,2024,hard,nakashima b.,musetti l.,1.69,2.3,pinnacle
2024-08-31,2024,hard,popyrin a.,djokovic n.,6.25,1.16,pinnacle
2024-08-31,2024,hard,zverev a.,etcheverry t.,1.07,11.58,pinnacle
2024-08-31,2024,hard,machac t.,goffin d.,1.65,2.4,pinnacle
2024-08-31,2024,hard,draper j.,van de zandschulp b.,1.28,4.11,pinnacle
2024-08-31,2024,hard,sinner j.,o connell c.,1.03,21.16,pinnacle
2024-08-31,2024,hard,paul t.,diallo g.,1.12,7.84,pinnacle
2024-08-31,2024,hard,borges n.,mensik j.,1.63,2.44,pinnacle
2024-08-31,2024,hard,thompson j.,arnaldi m.,1.85,2.06,pinnacle
2024-09-01,2024,hard,de minaur a.,evans d.,1.16,6.24,pinnacle
2024-09-01,2024,hard,medvedev d.,cobolli f.,1.11,8.01,pinnacle
2024-09-01,2024,hard,dimitrov g.,rublev a.,2.03,1.88,pinnacle
2024-09-01,2024,hard,fritz t.,ruud c.,1.35,3.52,pinnacle
2024-09-01,2024,hard,zverev a.,nakashima b.,1.26,4.38,pinnacle
2024-09-02,2024,hard,tiafoe f.,popyrin a.,2.01,1.89,pinnacle
2024-09-02,2024,hard,draper j.,machac t.,1.45,2.98,pinnacle
2024-09-02,2024,hard,medvedev d.,borges n.,1.1,8.9,pinnacle
2024-09-02,2024,hard,de minaur a.,thompson j.,1.27,4.22,pinnacle
2024-09-03,2024,hard,sinner j.,paul t.,1.15,6.57,pinnacle
2024-09-03,2024,hard,fritz t.,zverev a.,2.49,1.61,pinnacle
2024-09-04,2024,hard,tiafoe f.,dimitrov g.,2.44,1.63,pinnacle
2024-09-04,2024,hard,draper j.,de minaur a.,2.33,1.68,pinnacle
2024-09-05,2024,hard,sinner j.,medvedev d.,1.36,3.44,pinnacle
2024-09-06,2024,hard,sinner j.,draper j.,1.16,6.2,pinnacle
2024-09-07,2024,hard,fritz t.,tiafoe f.,1.34,3.6,pinnacle
2024-09-08,2024,hard,sinner j.,fritz t.,1.26,4.37,pinnacle
2024-09-18,2024,hard,klein l.,walton a.,1.71,2.23,pinnacle
2024-09-18,2024,hard,daniel t.,sonego l.,3.48,1.34,pinnacle
2024-09-18,2024,hard,mpetshi g.,sun f.,1.17,5.4,pinnacle
2024-09-19,2024,hard,vukic a.,coric b.,2.05,1.83,pinnacle
2024-09-19,2024,hard,zhou y.,tseng c.h.,4.16,1.26,pinnacle
2024-09-19,2024,hard,kachmazov a.,kovacevic a.,2.45,1.6,pinnacle
2024-09-19,2024,hard,shang j.,nishikori k.,1.63,2.38,pinnacle
2024-09-19,2024,hard,hanfmann y.,mochizuki s.,1.53,2.61,pinnacle
2024-09-19,2024,hard,o connell c.,kotov p.,1.7,2.24,pinnacle
2024-09-19,2024,hard,safiullin r.,fognini f.,1.23,4.47,pinnacle
2024-09-19,2024,hard,gomez f.,muller a.,3.34,1.36,pinnacle
2024-09-19,2024,hard,mannarino a.,atmane t.,2.19,1.73,pinnacle
2024-09-20,2024,hard,kachmazov a.,daniel t.,2.43,1.62,pinnacle
2024-09-20,2024,hard,hanfmann y.,mpetshi g.,1.96,1.93,pinnacle
2024-09-20,2024,hard,jarry n.,klein l.,1.81,2.1,pinnacle
2024-09-20,2024,hard,martinez p.,vukic a.,2.93,1.45,pinnacle
2024-09-21,2024,hard,mannarino a.,zhou y.,1.16,5.93,pinnacle
2024-09-21,2024,hard,musetti l.,o connell c.,1.8,2.11,pinnacle
2024-09-21,2024,hard,bublik a.,gomez f.,1.36,3.38,pinnacle
2024-09-21,2024,hard,shang j.,safiullin r.,1.61,2.45,pinnacle
2024-09-22,2024,hard,kachmazov a.,jarry n.,2.42,1.64,pinnacle
2024-09-22,2024,hard,musetti l.,mannarino a.,1.33,3.64,pinnacle
2024-09-22,2024,hard,hanfmann y.,martinez p.,1.83,2.1,pinnacle
2024-09-22,2024,hard,shang j.,bublik a.,1.56,2.6,pinnacle
2024-09-23,2024,hard,musetti l.,kachmazov a.,1.26,4.28,pinnacle
2024-09-23,2024,hard,shang j.,hanfmann y.,1.36,3.46,pinnacle
2024-09-24,2024,hard,shang j.,musetti l.,1.95,1.95,pinnacle
2024-09-18,2024,hard,marozsan f.,nardi l.,1.46,2.92,pinnacle
2024-09-18,2024,hard,kukushkin m.,darderi l.,2.27,1.7,pinnacle
2024-09-18,2024,hard,cilic m.,svajda z.,1.81,2.1,pinnacle
2024-09-19,2024,hard,nishioka y.,marterer m.,1.39,3.21,pinnacle
2024-09-19,2024,hard,hijikata r.,dzumhur d.,1.85,2.05,pinnacle
2024-09-19,2024,hard,bu y.,gaston h.,1.53,2.65,pinnacle
2024-09-19,2024,hard,shevchenko a.,trungelliti m.,1.78,2.14,pinnacle
2024-09-19,2024,hard,carballes baena r.,moutet c.,2.4,1.63,pinnacle
2024-09-19,2024,hard,uchiyama y.,mccabe j.,1.4,3.0,bet365
2024-09-19,2024,hard,wong c.,wu y.,2.37,1.65,pinnacle
2024-09-19,2024,hard,bellucci m.,karatsev a.,1.77,2.16,pinnacle
2024-09-19,2024,hard,zhang zh.,yevseyev d.,1.21,4.9,pinnacle
2024-09-20,2024,hard,kukushkin m.,shevchenko a.,2.24,1.73,pinnacle
2024-09-20,2024,hard,hijikata r.,marozsan f.,3.05,1.43,pinnacle
2024-09-20,2024,hard,nakashima b.,wong c.,1.2,5.32,pinnacle
2024-09-20,2024,hard,bu y.,khachanov k.,2.65,1.55,pinnacle
2024-09-21,2024,hard,cilic m.,nishioka y.,2.47,1.61,pinnacle
2024-09-21,2024,hard,carballes baena r.,krueger m.,1.83,2.09,pinnacle
2024-09-21,2024,hard,uchiyama y.,rune h.,5.09,1.24,pinnacle
2024-09-21,2024,hard,zhang zh.,bellucci m.,2.13,1.8,pinnacle
2024-09-22,2024,hard,nakashima b.,hijikata r.,1.22,4.88,pinnacle
2024-09-22,2024,hard,cilic m.,uchiyama y.,1.62,2.46,pinnacle
2024-09-22,2024,hard,bu y.,kukushkin m.,1.59,2.52,pinnacle
2024-09-22,2024,hard,zhang zh.,carballes baena r.,1.51,2.77,pinnacle
2024-09-23,2024,hard,cilic m.,nakashima b.,3.23,1.4,pinnacle
2024-09-23,2024,hard,zhang zh.,bu y.,1.68,2.33,pinnacle
2024-09-24,2024,hard,cilic m.,zhang zh.,2.19,1.76,pinnacle
2024-09-26,2024,hard,mannarino a.,sonego l.,2.46,1.61,pinnacle
2024-09-26,2024,hard,kotov p.,zhou y.,1.18,5.62,pinnacle
2024-09-26,2024,hard,sinner j.,jarry n.,1.05,14.54,pinnacle
2024-09-26,2024,hard,griekspoor t.,kecmanovic m.,1.89,2.0,pinnacle
2024-09-26,2024,hard,lehecka j.,martinez p.,1.34,3.54,pinnacle
2024-09-26,2024,hard,cobolli f.,bublik a.,1.86,2.04,pinnacle
2024-09-27,2024,hard,cerundolo f.,mensik j.,2.06,1.84,pinnacle
2024-09-27,2024,hard,safiullin r.,wawrinka s.,1.41,3.11,pinnacle
2024-09-27,2024,hard,bu y.,shang j.,2.87,1.47,pinnacle
2024-09-27,2024,hard,musetti l.,bergs z.,1.65,2.36,pinnacle
2024-09-27,2024,hard,medvedev d.,monfils g.,1.24,4.56,pinnacle
2024-09-27,2024,hard,bautista agut r.,rinderknech a.,1.78,2.14,pinnacle
2024-09-27,2024,hard,khachanov k.,carballes baena r.,1.4,3.18,pinnacle
2024-09-27,2024,hard,alcaraz c.,mpetshi g.,1.07,11.84,pinnacle
2024-09-27,2024,hard,davidovich fokina a.,zhang zh.,2.28,1.69,pinnacle
2024-09-27,2024,hard,rublev a.,carreno busta p.,1.22,4.76,pinnacle
2024-09-28,2024,hard,cobolli f.,kotov p.,1.56,2.62,pinnacle
2024-09-28,2024,hard,lehecka j.,bautista agut r.,1.67,2.35,pinnacle
2024-09-28,2024,hard,sinner j.,safiullin r.,1.07,11.5,pinnacle
2024-09-28,2024,hard,medvedev d.,mannarino a.,1.11,8.54,pinnacle
2024-09-29,2024,hard,bu y.,musetti l.,2.94,1.46,pinnacle
2024-09-29,2024,hard,khachanov k.,cerundolo f.,1.73,2.24,pinnacle
2024-09-29,2024,hard,alcaraz c.,griekspoor t.,1.08,10.79,pinnacle
2024-09-30,2024,hard,rublev a.,davidovich fokina a.,1.31,3.81,pinnacle
2024-09-30,2024,hard,alcaraz c.,khachanov k.,1.09,9.43,pinnacle
2024-09-30,2024,hard,medvedev d.,cobolli f.,1.22,4.92,pinnacle
2024-09-30,2024,hard,sinner j.,lehecka j.,1.15,6.38,pinnacle
2024-09-30,2024,hard,bu y.,rublev a.,4.09,1.27,pinnacle
2024-10-01,2024,hard,alcaraz c.,medvedev d.,1.3,3.94,pinnacle
2024-10-01,2024,hard,sinner j.,bu y.,1.06,12.52,pinnacle
2024-10-02,2024,hard,alcaraz c.,sinner j.,1.85,2.07,pinnacle
2024-09-25,2024,hard,navone m.,darderi l.,2.35,1.66,pinnacle
2024-09-25,2024,hard,berrettini m.,van de zandschulp b.,1.3,3.82,pinnacle
2024-09-25,2024,hard,hurkacz h.,giron m.,1.41,3.12,pinnacle
2024-09-25,2024,hard,humbert u.,mochizuki s.,1.2,5.04,pinnacle
2024-09-26,2024,hard,nishioka y.,auger-aliassime f.,3.15,1.4,pinnacle
2024-09-26,2024,hard,draper j.,bellucci m.,1.34,3.53,pinnacle
2024-09-26,2024,hard,paul t.,arnaldi m.,1.38,3.29,pinnacle
2024-09-26,2024,hard,machac t.,popyrin a.,2.54,1.57,pinnacle
2024-09-26,2024,hard,michelsen a.,tsitsipas s.,2.46,1.61,pinnacle
2024-09-26,2024,hard,shelton b.,opelka r.,1.38,3.3,pinnacle
2024-09-26,2024,hard,nakashima b.,tiafoe f.,2.18,1.75,pinnacle
2024-09-26,2024,hard,o connell c.,etcheverry t.,1.83,2.08,pinnacle
2024-09-26,2024,hard,rune h.,tabilo a.,1.57,2.55,pinnacle
2024-09-26,2024,hard,fils a.,fritz t.,3.27,1.38,pinnacle
2024-09-26,2024,hard,nishikori k.,cilic m.,1.66,2.34,pinnacle
2024-09-26,2024,hard,thompson j.,ruud c.,2.28,1.69,pinnacle
2024-09-27,2024,hard,draper j.,hurkacz h.,1.65,2.39,pinnacle
2024-09-27,2024,hard,shelton b.,navone m.,1.21,5.01,pinnacle
2024-09-27,2024,hard,fils a.,berrettini m.,2.32,1.68,pinnacle
2024-09-27,2024,hard,humbert u.,nakashima b.,1.95,1.95,pinnacle
2024-09-28,2024,hard,machac t.,paul t.,3.32,1.38,pinnacle
2024-09-28,2024,hard,michelsen a.,o connell c.,1.59,2.53,pinnacle
2024-09-28,2024,hard,nishikori k.,thompson j.,2.54,1.58,pinnacle
2024-09-28,2024,hard,rune h.,nishioka y.,1.54,2.66,pinnacle
2024-09-29,2024,hard,machac t.,michelsen a.,1.99,1.92,pinnacle
2024-09-29,2024,hard,humbert u.,draper j.,2.35,1.67,pinnacle
2024-09-29,2024,hard,rune h.,nishikori k.,1.65,2.4,pinnacle
2024-09-29,2024,hard,fils a.,shelton b.,2.24,1.73,pinnacle
2024-09-30,2024,hard,humbert u.,machac t.,1.63,2.45,pinnacle
2024-09-30,2024,hard,fils a.,rune h.,2.2,1.76,pinnacle
2024-10-01,2024,hard,fils a.,humbert u.,2.33,1.68,pinnacle
2024-10-02,2024,hard,muller a.,nardi l.,1.62,2.43,pinnacle
2024-10-02,2024,hard,rinderknech a.,opelka r.,1.84,2.06,pinnacle
2024-10-02,2024,hard,wu y.,nagal s.,1.63,2.42,pinnacle
2024-10-02,2024,hard,van de zandschulp b.,carreno busta p.,2.24,1.71,pinnacle
2024-10-02,2024,hard,monfils g.,dzumhur d.,1.26,4.23,pinnacle
2024-10-02,2024,hard,carballes baena r.,bautista agut r.,2.66,1.53,pinnacle
2024-10-02,2024,hard,cazaux a.,cilic m.,2.3,1.68,pinnacle
2024-10-02,2024,hard,fognini f.,darderi l.,2.11,1.8,pinnacle
2024-10-02,2024,hard,shapovalov d.,sonego l.,1.66,2.34,pinnacle
2024-10-02,2024,hard,vukic a.,moutet c.,1.79,2.13,pinnacle
2024-10-02,2024,hard,svajda z.,mannarino a.,2.15,1.78,pinnacle
2024-10-02,2024,hard,shang j.,wong c.,1.23,4.61,pinnacle
2024-10-02,2024,hard,davidovich fokina a.,diallo g.,1.88,2.01,pinnacle
2024-10-02,2024,hard,daniel t.,gerasimov e.,1.35,3.47,pinnacle
2024-10-02,2024,hard,seyboth wild t.,evans d.,2.43,1.62,pinnacle
2024-10-02,2024,hard,nishikori k.,navone m.,1.33,3.63,pinnacle
2024-10-03,2024,hard,kecmanovic m.,hijikata r.,1.55,2.58,pinnacle
2024-10-03,2024,hard,munar j.,gaston h.,1.52,2.7,pinnacle
2024-10-03,2024,hard,goffin d.,duckworth j.,1.53,2.68,pinnacle
2024-10-03,2024,hard,zhou y.,nishioka y.,5.34,1.19,pinnacle
2024-10-03,2024,hard,berrettini m.,o connell c.,1.4,3.19,pinnacle
2024-10-03,2024,hard,mensik j.,martinez p.,1.42,3.09,pinnacle
2024-10-03,2024,hard,griekspoor t.,diaz acosta f.,1.27,4.14,pinnacle
2024-10-03,2024,hard,giron m.,tu l.,1.57,2.54,pinnacle
2024-10-03,2024,hard,watanuki y.,kotov p.,2.05,1.84,pinnacle
2024-10-03,2024,hard,shevchenko a.,ramanathan r.,1.23,4.7,pinnacle
2024-10-03,2024,hard,safiullin r.,zhukayev b.,1.23,4.64,pinnacle
2024-10-03,2024,hard,bergs z.,zhang zh.,2.17,1.76,pinnacle
2024-10-03,2024,hard,bellucci m.,harris b.,1.46,2.89,pinnacle
2024-10-03,2024,hard,atmane t.,kovacevic a.,1.75,2.18,pinnacle
2024-10-03,2024,hard,wawrinka s.,mpetshi g.,2.1,1.81,pinnacle
2024-10-04,2024,hard,michelsen a.,bu y.,1.69,2.28,pinnacle
2024-10-04,2024,hard,paul t.,fognini f.,1.07,10.77,pinnacle
2024-10-04,2024,hard,tabilo a.,rinderknech a.,1.85,2.05,pinnacle
2024-10-04,2024,hard,shelton b.,shapovalov d.,1.71,2.26,pinnacle
2024-10-04,2024,hard,muller a.,auger-aliassime f.,3.83,1.3,pinnacle
2024-10-04,2024,hard,monfils g.,baez s.,1.4,3.17,pinnacle
2024-10-04,2024,hard,arnaldi m.,svajda z.,1.53,2.65,pinnacle
2024-10-04,2024,hard,tsitsipas s.,nishikori k.,1.54,2.64,pinnacle
2024-10-04,2024,hard,humbert u.,cazaux a.,1.3,3.81,pinnacle
2024-10-04,2024,hard,carballes baena r.,fils a.,3.37,1.36,pinnacle
2024-10-04,2024,hard,etcheverry t.,van de zandschulp b.,1.94,1.94,pinnacle
2024-10-04,2024,hard,machac t.,davidovich fokina a.,1.64,2.39,pinnacle
2024-10-04,2024,hard,medvedev d.,seyboth wild t.,1.08,9.83,pinnacle
2024-10-04,2024,hard,wu y.,jarry n.,1.98,1.91,pinnacle
2024-10-04,2024,hard,vukic a.,ruud c.,3.32,1.37,pinnacle
2024-10-05,2024,hard,alcaraz c.,shang j.,1.1,8.82,pinnacle
2024-10-05,2024,hard,watanuki y.,nakashima b.,3.61,1.33,pinnacle
2024-10-05,2024,hard,mensik j.,rublev a.,3.61,1.33,pinnacle
2024-10-05,2024,hard,shevchenko a.,cerundolo f.,2.92,1.46,pinnacle
2024-10-05,2024,hard,sinner j.,daniel t.,1.02,27.06,pinnacle
2024-10-05,2024,hard,lehecka j.,munar j.,1.4,3.19,pinnacle
2024-10-05,2024,hard,popyrin a.,kecmanovic m.,1.65,2.38,pinnacle
2024-10-05,2024,hard,djokovic n.,michelsen a.,1.22,4.75,pinnacle
2024-10-05,2024,hard,zverev a.,bellucci m.,1.21,4.93,pinnacle
2024-10-07,2024,hard,fritz t.,atmane t.,1.13,6.94,pinnacle
2024-10-07,2024,hard,safiullin r.,bublik a.,1.68,2.31,pinnacle
2024-10-07,2024,hard,griekspoor t.,thompson j.,2.18,1.75,pinnacle
2024-10-07,2024,hard,dimitrov g.,bergs z.,1.44,2.99,pinnacle
2024-10-07,2024,hard,goffin d.,musetti l.,2.76,1.5,pinnacle
2024-10-07,2024,hard,giron m.,khachanov k.,2.65,1.53,pinnacle
2024-10-07,2024,hard,tiafoe f.,zhou y.,1.06,12.55,pinnacle
2024-10-07,2024,hard,rune h.,berrettini m.,1.86,2.03,pinnacle
2024-10-07,2024,hard,cobolli f.,wawrinka s.,1.4,3.2,pinnacle
2024-10-06,2024,hard,medvedev d.,arnaldi m.,1.19,5.45,pinnacle
2024-10-06,2024,hard,sinner j.,etcheverry t.,1.05,14.72,pinnacle
2024-10-06,2024,hard,alcaraz c.,wu y.,1.03,20.68,pinnacle
2024-10-06,2024,hard,paul t.,tabilo a.,1.24,4.53,pinnacle
2024-10-08,2024,hard,machac t.,vukic a.,1.42,3.1,pinnacle
2024-10-08,2024,hard,monfils g.,humbert u.,3.23,1.4,pinnacle
2024-10-08,2024,hard,tsitsipas s.,muller a.,1.27,4.23,pinnacle
2024-10-08,2024,hard,mensik j.,shevchenko a.,1.41,3.16,pinnacle
2024-10-08,2024,hard,fritz t.,watanuki y.,1.17,5.98,pinnacle
2024-10-08,2024,hard,shelton b.,carballes baena r.,1.17,5.92,pinnacle
2024-10-08,2024,hard,dimitrov g.,popyrin a.,1.66,2.37,pinnacle
2024-10-08,2024,hard,safiullin r.,tiafoe f.,2.27,1.7,pinnacle
2024-10-08,2024,hard,rune h.,lehecka j.,1.61,2.47,pinnacle
2024-10-08,2024,hard,djokovic n.,cobolli f.,1.13,7.07,pinnacle
2024-10-08,2024,hard,goffin d.,giron m.,2.24,1.73,pinnacle
2024-10-08,2024,hard,zverev a.,griekspoor t.,1.2,5.18,pinnacle
2024-10-09,2024,hard,sinner j.,shelton b.,1.18,5.73,pinnacle
2024-10-09,2024,hard,medvedev d.,tsitsipas s.,1.42,3.14,pinnacle
2024-10-09,2024,hard,alcaraz c.,monfils g.,1.06,13.8,pinnacle
2024-10-09,2024,hard,machac t.,paul t.,2.53,1.59,pinnacle
2024-10-09,2024,hard,mensik j.,dimitrov g.,3.41,1.37,pinnacle
2024-10-09,2024,hard,djokovic n.,safiullin r.,1.1,8.93,pinnacle
2024-10-09,2024,hard,fritz t.,rune h.,1.6,2.52,pinnacle
2024-10-09,2024,hard,goffin d.,zverev a.,6.87,1.14,pinnacle
2024-10-10,2024,hard,sinner j.,medvedev d.,1.32,3.73,pinnacle
2024-10-10,2024,hard,machac t.,alcaraz c.,9.53,1.09,pinnacle
2024-10-11,2024,hard,fritz t.,goffin d.,1.19,5.46,pinnacle
2024-10-11,2024,hard,djokovic n.,mensik j.,1.12,7.61,pinnacle
2024-10-12,2024,hard,sinner j.,machac t.,1.11,8.02,pinnacle
2024-10-12,2024,hard,djokovic n.,fritz t.,1.44,3.02,pinnacle
2024-10-13,2024,hard,sinner j.,djokovic n.,1.43,3.07,pinnacle
2024-10-14,2024,hard,engel j.,wong c.,2.97,1.44,pinnacle
2024-10-14,2024,hard,marterer m.,dzumhur d.,2.01,1.88,pinnacle
2024-10-14,2024,hard,coric b.,marozsan f.,2.16,1.77,pinnacle
2024-10-15,2024,hard,diallo g.,o connell c.,1.94,1.94,pinnacle
2024-10-15,2024,hard,mannarino a.,safiullin r.,3.15,1.4,pinnacle
2024-10-15,2024,hard,virtanen o.,fognini f.,1.58,2.57,pinnacle
2024-10-15,2024,hard,zhukayev b.,hassan b.,1.85,2.04,pinnacle
2024-10-15,2024,hard,evans d.,daniel t.,1.46,2.9,pinnacle
2024-10-15,2024,hard,karatsev a.,zhang zh.,2.12,1.79,pinnacle
2024-10-15,2024,hard,shevchenko a.,kukushkin m.,1.72,2.23,pinnacle
2024-10-16,2024,hard,vukic a.,duckworth j.,1.68,2.3,pinnacle
2024-10-16,2024,hard,machac t.,skatov t.,1.16,6.12,pinnacle
2024-10-16,2024,hard,cerundolo f.,engel j.,1.25,4.51,pinnacle
2024-10-16,2024,hard,diallo g.,coric b.,1.78,2.17,pinnacle
2024-10-16,2024,hard,tabilo a.,marterer m.,1.42,3.14,pinnacle
2024-10-16,2024,hard,shevchenko a.,karatsev a.,2.09,1.83,pinnacle
2024-10-17,2024,hard,zhukayev b.,machac t.,5.77,1.18,pinnacle
2024-10-17,2024,hard,khachanov k.,virtanen o.,1.52,2.75,pinnacle
2024-10-17,2024,hard,vukic a.,mannarino a.,1.81,2.12,pinnacle
2024-10-17,2024,hard,tiafoe f.,evans d.,1.43,3.06,pinnacle
2024-10-18,2024,hard,diallo g.,tabilo a.,2.08,1.84,pinnacle
2024-10-18,2024,hard,cerundolo f.,shevchenko a.,1.73,2.24,pinnacle
2024-10-18,2024,hard,vukic a.,tiafoe f.,3.11,1.42,pinnacle
2024-10-18,2024,hard,khachanov k.,zhukayev b.,1.28,4.07,pinnacle
2024-10-19,2024,hard,diallo g.,cerundolo f.,1.88,2.02,pinnacle
2024-10-19,2024,hard,khachanov k.,vukic a.,1.53,2.7,pinnacle
2024-10-20,2024,hard,khachanov k.,diallo g.,1.74,2.22,pinnacle
2024-10-14,2024,hard,carballes baena r.,koepfer d.,1.87,2.02,pinnacle
2024-10-14,2024,hard,navone m.,monteiro t.,2.02,1.87,pinnacle
2024-10-14,2024,hard,etcheverry t.,gasquet r.,1.4,3.15,pinnacle
2024-10-14,2024,hard,fucsovics m.,collignon r.,1.81,2.1,pinnacle
2024-10-15,2024,hard,lehecka j.,munar j.,1.32,3.67,pinnacle
2024-10-15,2024,hard,gaston h.,vatutin a.,1.62,2.42,pinnacle
2024-10-15,2024,hard,giron m.,van de zandschulp b.,1.93,1.96,pinnacle
2024-10-15,2024,hard,bautista agut r.,van assche l.,1.97,1.92,pinnacle
2024-10-15,2024,hard,seyboth wild t.,mpetshi g.,2.14,1.78,pinnacle
2024-10-15,2024,hard,bergs z.,diaz acosta f.,1.23,4.61,pinnacle
2024-10-15,2024,hard,rinderknech a.,blockx a.,1.68,2.31,pinnacle
2024-10-16,2024,hard,altmaier d.,bailly g.,1.52,2.7,pinnacle
2024-10-16,2024,hard,bautista agut r.,etcheverry t.,2.12,1.81,pinnacle
2024-10-16,2024,hard,gaston h.,navone m.,2.27,1.71,pinnacle
2024-10-16,2024,hard,de minaur a.,carballes baena r.,1.18,5.67,pinnacle
2024-10-16,2024,hard,auger-aliassime f.,fucsovics m.,1.51,2.77,pinnacle
2024-10-17,2024,hard,lehecka j.,altmaier d.,1.19,5.56,pinnacle
2024-10-17,2024,hard,giron m.,rinderknech a.,1.65,2.39,pinnacle
2024-10-17,2024,hard,tsitsipas s.,seyboth wild t.,1.27,4.17,pinnacle
2024-10-17,2024,hard,bergs z.,baez s.,1.27,4.2,pinnacle
2024-10-18,2024,hard,bautista agut r.,auger-aliassime f.,3.39,1.37,pinnacle
2024-10-18,2024,hard,gaston h.,de minaur a.,6.61,1.15,pinnacle
2024-10-18,2024,hard,lehecka j.,tsitsipas s.,1.9,2.0,pinnacle
2024-10-18,2024,hard,giron m.,bergs z.,2.21,1.75,pinnacle
2024-10-19,2024,hard,bautista agut r.,gaston h.,1.4,3.22,pinnacle
2024-10-19,2024,hard,lehecka j.,giron m.,1.56,2.5,pinnacle
2024-10-20,2024,hard,bautista agut r.,lehecka j.,3.31,1.38,pinnacle
2024-10-14,2024,hard,stricker d.,kovacevic a.,1.96,1.93,pinnacle
2024-10-14,2024,hard,sonego l.,huesler m.a.,1.88,2.0,pinnacle
2024-10-14,2024,hard,griekspoor t.,kotov p.,1.51,2.74,pinnacle
2024-10-14,2024,hard,berrettini m.,darderi l.,1.14,6.83,pinnacle
2024-10-15,2024,hard,fearnley j.,moutet c.,1.42,3.09,pinnacle
2024-10-15,2024,hard,kecmanovic m.,norrie c.,1.88,2.02,pinnacle
2024-10-15,2024,hard,djere l.,martinez p.,1.52,2.71,pinnacle
2024-10-15,2024,hard,jarry n.,ymer e.,1.69,2.28,pinnacle
2024-10-15,2024,hard,muller a.,borg l.,1.13,7.1,pinnacle
2024-10-16,2024,hard,davidovich fokina a.,tirante t.a.,1.28,4.05,pinnacle
2024-10-16,2024,hard,wawrinka s.,nakashima b.,3.18,1.4,pinnacle
2024-10-16,2024,hard,halys q.,nagal s.,1.27,4.18,pinnacle
2024-10-16,2024,hard,griekspoor t.,fearnley j.,1.72,2.25,pinnacle
2024-10-16,2024,hard,stricker d.,berrettini m.,4.84,1.22,pinnacle
2024-10-16,2024,hard,ruud c.,sonego l.,1.63,2.43,pinnacle
2024-10-16,2024,hard,paul t.,djere l.,1.26,4.37,pinnacle
2024-10-17,2024,hard,kecmanovic m.,jarry n.,1.54,2.67,pinnacle
2024-10-17,2024,hard,wawrinka s.,davidovich fokina a.,2.4,1.65,pinnacle
2024-10-17,2024,hard,rublev a.,muller a.,1.2,5.25,pinnacle
2024-10-17,2024,hard,dimitrov g.,halys q.,1.25,4.4,pinnacle
2024-10-18,2024,hard,paul t.,kecmanovic m.,1.31,3.86,pinnacle
2024-10-18,2024,hard,wawrinka s.,rublev a.,5.42,1.19,pinnacle
2024-10-18,2024,hard,griekspoor t.,ruud c.,2.09,1.83,pinnacle
2024-10-18,2024,hard,dimitrov g.,stricker d.,1.24,4.58,pinnacle
2024-10-19,2024,hard,paul t.,wawrinka s.,1.24,4.66,pinnacle
2024-10-19,2024,hard,dimitrov g.,griekspoor t.,1.43,3.05,pinnacle
2024-10-20,2024,hard,paul t.,dimitrov g.,1.77,2.18,pinnacle
2024-10-21,2024,hard,humbert u.,kym j.,1.37,3.35,pinnacle
2024-10-21,2024,hard,goffin d.,arnaldi m.,1.93,1.93,pinnacle
2024-10-21,2024,hard,fils a.,altmaier d.,1.28,3.93,pinnacle
2024-10-21,2024,hard,mpetshi g.,duckworth j.,2.0,1.88,pinnacle
2024-10-21,2024,hard,rublev a.,borges n.,1.2,5.04,pinnacle
2024-10-22,2024,hard,shapovalov d.,shang j.,2.02,1.88,pinnacle
2024-10-22,2024,hard,stricker d.,griekspoor t.,2.85,1.47,pinnacle
2024-10-22,2024,hard,van de zandschulp b.,bublik a.,1.73,2.22,pinnacle
2024-10-22,2024,hard,shelton b.,etcheverry t.,1.38,3.27,pinnacle
2024-10-22,2024,hard,tabilo a.,cilic m.,1.78,2.14,pinnacle
2024-10-22,2024,hard,rune h.,jarry n.,1.28,4.06,pinnacle
2024-10-22,2024,hard,tsitsipas s.,cerundolo f.,1.38,3.26,pinnacle
2024-10-23,2024,hard,auger-aliassime f.,baez s.,1.13,6.97,pinnacle
2024-10-23,2024,hard,martinez p.,lehecka j.,5.81,1.17,pinnacle
2024-10-23,2024,hard,bautista agut r.,ruud c.,2.78,1.5,pinnacle
2024-10-23,2024,hard,wawrinka s.,mannarino a.,1.65,2.37,pinnacle
2024-10-23,2024,hard,goffin d.,humbert u.,3.34,1.38,pinnacle
2024-10-23,2024,hard,rublev a.,tabilo a.,1.29,4.04,pinnacle
2024-10-24,2024,hard,tsitsipas s.,van de zandschulp b.,1.45,2.97,pinnacle
2024-10-24,2024,hard,fils a.,martinez p.,1.25,4.63,pinnacle
2024-10-24,2024,hard,shelton b.,wawrinka s.,1.35,3.52,pinnacle
2024-10-24,2024,hard,shapovalov d.,bautista agut r.,1.69,2.3,pinnacle
2024-10-24,2024,hard,rune h.,stricker d.,1.39,3.26,pinnacle
2024-10-24,2024,hard,mpetshi g.,auger-aliassime f.,3.84,1.31,pinnacle
2024-10-25,2024,hard,fils a.,tsitsipas s.,1.77,2.18,pinnacle
2024-10-25,2024,hard,shelton b.,rublev a.,2.16,1.78,pinnacle
2024-10-25,2024,hard,rune h.,goffin d.,1.41,3.16,pinnacle
2024-10-25,2024,hard,mpetshi g.,shapovalov d.,2.6,1.56,pinnacle
2024-10-26,2024,hard,shelton b.,fils a.,2.05,1.86,pinnacle
2024-10-26,2024,hard,mpetshi g.,rune h.,3.8,1.31,pinnacle
2024-10-27,2024,hard,mpetshi g.,shelton b.,2.85,1.49,pinnacle
2024-10-21,2024,hard,cobolli f.,davidovich fokina a.,2.22,1.72,pinnacle
2024-10-21,2024,hard,berrettini m.,fucsovics m.,1.42,3.05,pinnacle
2024-10-21,2024,hard,zverev a.,schwaerzler j.,1.02,27.44,pinnacle
2024-10-21,2024,hard,mensik j.,popyrin a.,1.83,2.07,pinnacle
2024-10-22,2024,hard,kecmanovic m.,navone m.,1.33,3.62,pinnacle
2024-10-22,2024,hard,de minaur a.,struff j.l.,1.38,3.3,pinnacle
2024-10-22,2024,hard,giron m.,michelsen a.,2.0,1.89,pinnacle
2024-10-22,2024,hard,tiafoe f.,norrie c.,1.53,2.65,pinnacle
2024-10-22,2024,hard,monfils g.,halys q.,1.67,2.33,pinnacle
2024-10-22,2024,hard,darderi l.,thiem d.,1.56,2.59,pinnacle
2024-10-22,2024,hard,musetti l.,sonego l.,1.57,2.54,pinnacle
2024-10-22,2024,hard,draper j.,nishikori k.,1.32,3.7,pinnacle
2024-10-23,2024,hard,dimitrov g.,zhang zh.,1.22,4.73,pinnacle
2024-10-23,2024,hard,machac t.,marozsan f.,1.34,3.5,pinnacle
2024-10-23,2024,hard,khachanov k.,seyboth wild t.,1.56,2.59,pinnacle
2024-10-23,2024,hard,nakashima b.,paul t.,3.26,1.4,pinnacle
2024-10-23,2024,hard,zverev a.,giron m.,1.21,5.1,pinnacle
2024-10-23,2024,hard,berrettini m.,tiafoe f.,1.68,2.33,pinnacle
2024-10-24,2024,hard,mensik j.,kecmanovic m.,1.61,2.48,pinnacle
2024-10-24,2024,hard,draper j.,darderi l.,1.11,8.09,pinnacle
2024-10-24,2024,hard,musetti l.,monfils g.,1.67,2.35,pinnacle
2024-10-24,2024,hard,machac t.,dimitrov g.,2.47,1.61,pinnacle
2024-10-24,2024,hard,de minaur a.,cobolli f.,1.36,3.49,pinnacle
2024-10-24,2024,hard,khachanov k.,nakashima b.,1.78,2.17,pinnacle
2024-10-25,2024,hard,draper j.,machac t.,1.69,2.3,pinnacle
2024-10-25,2024,hard,musetti l.,zverev a.,4.27,1.27,pinnacle
2024-10-25,2024,hard,khachanov k.,berrettini m.,2.45,1.63,pinnacle
2024-10-25,2024,hard,de minaur a.,mensik j.,1.65,2.39,pinnacle
2024-10-26,2024,hard,draper j.,musetti l.,1.42,3.14,pinnacle
2024-10-26,2024,hard,khachanov k.,de minaur a.,2.26,1.72,pinnacle
2024-10-27,2024,hard,draper j.,khachanov k.,1.69,2.3,pinnacle
2024-10-28,2024,hard,rinderknech a.,machac t.,3.5,1.34,pinnacle
2024-10-28,2024,hard,griekspoor t.,darderi l.,1.2,5.14,pinnacle
2024-10-28,2024,hard,thompson j.,martinez p.,1.38,3.27,pinnacle
2024-10-28,2024,hard,cerundolo f.,halys q.,1.98,1.91,pinnacle
2024-10-28,2024,hard,etcheverry t.,zhang zh.,1.77,2.16,pinnacle
2024-10-28,2024,hard,giron m.,shang j.,1.72,2.23,pinnacle
2024-10-28,2024,hard,humbert u.,nakashima b.,1.6,2.47,pinnacle
2024-10-28,2024,hard,kecmanovic m.,baez s.,1.4,3.0,bet365
2024-10-28,2024,hard,bublik a.,fognini f.,1.67,2.34,pinnacle
2024-10-28,2024,hard,tsitsipas s.,carballes baena r.,1.19,5.39,pinnacle
2024-10-28,2024,hard,jarry n.,sonego l.,2.38,1.65,pinnacle
2024-10-28,2024,hard,tabilo a.,borges n.,1.63,2.42,pinnacle
2024-10-28,2024,hard,mannarino a.,paul t.,6.97,1.13,pinnacle
2024-10-29,2024,hard,struff j.l.,musetti l.,2.68,1.52,pinnacle
2024-10-29,2024,hard,michelsen a.,hurkacz h.,2.17,1.76,pinnacle
2024-10-29,2024,hard,fils a.,cilic m.,1.32,3.7,pinnacle
2024-10-29,2024,hard,popyrin a.,berrettini m.,2.46,1.61,pinnacle
2024-10-29,2024,hard,mpetshi g.,tiafoe f.,2.29,1.69,pinnacle
2024-10-29,2024,hard,khachanov k.,o connell c.,1.29,3.88,pinnacle
2024-10-29,2024,hard,rune h.,arnaldi m.,1.25,4.35,pinnacle
2024-10-29,2024,hard,bergs z.,gasquet r.,1.51,2.73,pinnacle
2024-10-29,2024,hard,de minaur a.,navone m.,1.11,7.99,pinnacle
2024-10-29,2024,hard,shelton b.,moutet c.,1.33,3.64,pinnacle
2024-10-29,2024,hard,draper j.,lehecka j.,1.48,2.84,pinnacle
2024-10-29,2024,hard,cerundolo f.,rublev a.,3.49,1.35,pinnacle
2024-10-29,2024,hard,alcaraz c.,jarry n.,1.08,10.72,pinnacle
2024-10-29,2024,hard,tsitsipas s.,tabilo a.,1.52,2.73,pinnacle
2024-10-29,2024,hard,thompson j.,ruud c.,2.27,1.71,pinnacle
2024-10-30,2024,hard,dimitrov g.,etcheverry t.,1.28,4.08,pinnacle
2024-10-30,2024,hard,rinderknech a.,michelsen a.,2.75,1.52,pinnacle
2024-10-30,2024,hard,popyrin a.,medvedev d.,3.72,1.35,pinnacle
2024-10-30,2024,hard,mannarino a.,bergs z.,2.39,1.65,pinnacle
2024-10-30,2024,hard,fils a.,struff j.l.,1.48,2.88,pinnacle
2024-10-30,2024,hard,humbert u.,giron m.,1.37,3.31,pinnacle
2024-10-30,2024,hard,rune h.,bublik a.,1.32,3.77,pinnacle
2024-10-30,2024,hard,khachanov k.,mpetshi g.,1.8,2.13,pinnacle
2024-10-30,2024,hard,de minaur a.,kecmanovic m.,1.28,4.14,pinnacle
2024-10-30,2024,hard,zverev a.,griekspoor t.,1.32,3.78,pinnacle
2024-10-30,2024,hard,draper j.,fritz t.,1.88,2.03,pinnacle
2024-10-30,2024,hard,cazaux a.,shelton b.,4.03,1.29,pinnacle
2024-10-31,2024,hard,thompson j.,mannarino a.,1.58,2.55,pinnacle
2024-10-31,2024,hard,tsitsipas s.,cerundolo f.,1.52,2.74,pinnacle
2024-10-31,2024,hard,khachanov k.,popyrin a.,1.67,2.36,pinnacle
2024-10-31,2024,hard,zverev a.,fils a.,1.47,2.92,pinnacle
2024-10-31,2024,hard,de minaur a.,draper j.,2.35,1.67,pinnacle
2024-10-31,2024,hard,humbert u.,alcaraz c.,5.56,1.18,pinnacle
2024-10-31,2024,hard,rune h.,cazaux a.,1.35,3.5,pinnacle
2024-10-31,2024,hard,dimitrov g.,rinderknech a.,1.24,4.62,pinnacle
2024-11-01,2024,hard,zverev a.,tsitsipas s.,1.4,3.24,pinnacle
2024-11-01,2024,hard,rune h.,de minaur a.,2.36,1.67,pinnacle
2024-11-01,2024,hard,humbert u.,thompson j.,1.33,3.66,pinnacle
2024-11-01,2024,hard,khachanov k.,dimitrov g.,2.13,1.8,pinnacle
2024-11-02,2024,hard,zverev a.,rune h.,1.48,2.87,pinnacle
2024-11-02,2024,hard,humbert u.,khachanov k.,1.78,2.16,pinnacle
2024-11-03,2024,hard,zverev a.,humbert u.,1.47,2.93,pinnacle
2024-11-03,2024,hard,marozsan f.,shang j.,2.63,1.54,pinnacle
2024-11-03,2024,hard,medjedovic h.,nakashima b.,2.7,1.52,pinnacle
2024-11-04,2024,hard,altmaier d.,darderi l.,1.79,2.12,pinnacle
2024-11-04,2024,hard,cilic m.,muller a.,1.54,2.63,pinnacle
2024-11-04,2024,hard,etcheverry t.,kotov p.,1.48,2.82,pinnacle
2024-11-04,2024,hard,kovacevic a.,djuric b.,1.18,5.49,pinnacle
2024-11-04,2024,hard,klein l.,duckworth j.,1.64,2.39,pinnacle
2024-11-04,2024,hard,lajovic d.,navone m.,1.75,2.18,pinnacle
2024-11-04,2024,hard,shapovalov d.,fucsovics m.,1.66,2.35,pinnacle
2024-11-04,2024,hard,o connell c.,kecmanovic m.,2.89,1.46,pinnacle
2024-11-05,2024,hard,safiullin r.,fognini f.,1.27,4.09,pinnacle
2024-11-05,2024,hard,djere l.,wawrinka s.,2.21,1.74,pinnacle
2024-11-05,2024,hard,medjedovic h.,kovacevic a.,1.48,2.88,pinnacle
2024-11-05,2024,hard,klein l.,etcheverry t.,2.47,1.61,pinnacle
2024-11-05,2024,hard,lehecka j.,cilic m.,1.59,2.54,pinnacle
2024-11-06,2024,hard,cerundolo f.,safiullin r.,2.48,1.61,pinnacle
2024-11-06,2024,hard,o connell c.,altmaier d.,1.55,2.64,pinnacle
2024-11-06,2024,hard,shapovalov d.,borges n.,1.37,3.42,pinnacle
2024-11-06,2024,hard,marozsan f.,lajovic d.,1.74,2.23,pinnacle
2024-11-06,2024,hard,djere l.,ajdukovic d.,1.5,2.78,pinnacle
2024-11-07,2024,hard,lehecka j.,klein l.,1.43,3.08,pinnacle
2024-11-07,2024,hard,shapovalov d.,o connell c.,1.52,2.71,pinnacle
2024-11-07,2024,hard,djere l.,marozsan f.,1.88,2.03,pinnacle
2024-11-07,2024,hard,medjedovic h.,cerundolo f.,2.09,1.83,pinnacle
2024-11-08,2024,hard,shapovalov d.,lehecka j.,1.74,2.23,pinnacle
2024-11-08,2024,hard,medjedovic h.,djere l.,1.71,2.26,pinnacle
2024-11-09,2024,hard,shapovalov d.,medjedovic h.,1.41,3.13,pinnacle
2024-11-03,2024,hard,moutet c.,nagal s.,1.34,3.53,pinnacle
2024-11-03,2024,hard,michelsen a.,mayot h.,1.33,3.58,pinnacle
2024-11-04,2024,hard,sonego l.,barrere g.,3.5,1.3,bet365
2024-11-04,2024,hard,struff j.l.,shevchenko a.,1.44,2.97,pinnacle
2024-11-04,2024,hard,herbert p.h.,martinez p.,1.93,1.95,pinnacle
2024-11-04,2024,hard,halys q.,papamalamis t.,1.03,18.71,pinnacle
2024-11-04,2024,hard,gasquet r.,monteiro t.,1.76,2.17,pinnacle
2024-11-04,2024,hard,norrie c.,carballes baena r.,1.68,2.31,pinnacle
2024-11-05,2024,hard,bergs z.,guinard m.,1.19,5.26,pinnacle
2024-11-05,2024,hard,gaston h.,droguet t.,1.9,1.99,pinnacle
2024-11-05,2024,hard,bu y.,mannarino a.,1.89,2.0,pinnacle
2024-11-05,2024,hard,bonzi b.,bautista agut r.,1.89,1.99,pinnacle
2024-11-05,2024,hard,rublev a.,sonego l.,1.33,3.63,pinnacle
2024-11-05,2024,hard,michelsen a.,gasquet r.,1.19,5.42,pinnacle
2024-11-05,2024,hard,moutet c.,struff j.l.,2.74,1.52,pinnacle
2024-11-06,2024,hard,halys q.,herbert p.h.,1.28,4.1,pinnacle
2024-11-06,2024,hard,bergs z.,gaston h.,1.42,3.12,pinnacle
2024-11-06,2024,hard,norrie c.,van assche l.,1.56,2.62,pinnacle
2024-11-06,2024,hard,bonzi b.,ruud c.,1.98,1.93,pinnacle
2024-11-06,2024,hard,bu y.,de jong j.,1.5,2.81,pinnacle
2024-11-07,2024,hard,norrie c.,bergs z.,2.41,1.64,pinnacle
2024-11-07,2024,hard,bonzi b.,halys q.,1.8,2.13,pinnacle
2024-11-07,2024,hard,michelsen a.,bu y.,1.57,2.59,pinnacle
2024-11-08,2024,hard,norrie c.,moutet c.,1.89,2.02,pinnacle
2024-11-08,2024,hard,bonzi b.,michelsen a.,2.0,1.89,pinnacle
2024-11-09,2024,hard,bonzi b.,norrie c.,1.89,2.0,pinnacle
2024-11-10,2024,hard,fritz t.,medvedev d.,2.16,1.77,pinnacle
2024-11-10,2024,hard,sinner j.,de minaur a.,1.11,8.24,pinnacle
2024-11-11,2024,hard,ruud c.,alcaraz c.,10.08,1.08,pinnacle
2024-11-11,2024,hard,zverev a.,rublev a.,1.31,3.75,pinnacle
2024-11-12,2024,hard,medvedev d.,de minaur a.,2.03,1.86,pinnacle
2024-11-12,2024,hard,sinner j.,fritz t.,1.18,5.43,pinnacle
2024-11-13,2024,hard,alcaraz c.,rublev a.,1.58,2.52,pinnacle
2024-11-13,2024,hard,zverev a.,ruud c.,1.18,5.56,pinnacle
2024-11-14,2024,hard,de minaur a.,fritz t.,3.09,1.42,pinnacle
2024-11-14,2024,hard,sinner j.,medvedev d.,1.19,5.29,pinnacle
2024-11-15,2024,hard,zverev a.,alcaraz c.,2.02,1.87,pinnacle
2024-11-15,2024,hard,ruud c.,rublev a.,2.59,1.56,pinnacle
2024-11-16,2024,hard,fritz t.,zverev a.,2.85,1.48,pinnacle
2024-11-16,2024,hard,sinner j.,ruud c.,1.06,12.48,pinnacle
2024-11-17,2024,hard,sinner j.,fritz t.,1.17,5.24,pinnacle
2024-12-29,2024,hard,vukic a.,goffin d.,2.08,1.83,pinnacle
2024-12-30,2024,hard,michelsen a.,o connell c.,1.48,2.85,pinnacle
2024-12-30,2024,hard,bonzi b.,tabilo a.,1.73,2.22,pinnacle
2024-12-30,2024,hard,nishioka y.,rinderknech a.,1.64,2.39,pinnacle
2024-12-30,2024,hard,thompson j.,berrettini m.,2.47,1.6,pinnacle
2024-12-30,2024,hard,jarry n.,navone m.,1.4,3.16,pinnacle
2024-12-30,2024,hard,dimitrov g.,hanfmann y.,1.15,6.43,pinnacle
2024-12-30,2024,hard,lehecka j.,rune h.,2.55,1.57,pinnacle
2024-12-31,2024,hard,opelka r.,gomez f.,1.54,2.62,pinnacle
2024-12-31,2024,hard,arnaldi m.,popyrin a.,2.46,1.61,pinnacle
2024-12-31,2024,hard,tiafoe f.,walton a.,1.29,3.93,pinnacle
2024-12-31,2024,hard,mensik j.,kukushkin m.,1.31,3.77,pinnacle
2024-12-31,2024,hard,lajovic d.,cazaux a.,1.27,3.7,max
2024-12-31,2024,hard,mpetshi g.,kyrgios n.,1.96,1.93,pinnacle
2024-12-31,2024,hard,monfils g.,basavareddy n.,1.72,2.23,pinnacle
2024-12-31,2024,hard,djokovic n.,hijikata r.,1.05,13.89,pinnacle
2025-01-01,2025,hard,lehecka j.,nishioka y.,1.44,3.01,pinnacle
2025-01-01,2025,hard,jarry n.,bonzi b.,2.61,1.56,pinnacle
2025-01-01,2025,hard,dimitrov g.,vukic a.,1.21,5.06,pinnacle
2025-01-01,2025,hard,thompson j.,michelsen a.,1.8,2.13,pinnacle
2025-01-02,2025,hard,mensik j.,lajovic d.,1.28,4.15,pinnacle
2025-01-02,2025,hard,opelka r.,arnaldi m.,2.55,1.58,pinnacle
2025-01-02,2025,hard,mpetshi g.,tiafoe f.,2.2,1.76,pinnacle
2025-01-02,2025,hard,djokovic n.,monfils g.,1.09,9.51,pinnacle
2025-01-03,2025,hard,lehecka j.,jarry n.,1.44,3.03,pinnacle
2025-01-03,2025,hard,dimitrov g.,thompson j.,1.36,3.49,pinnacle
2025-01-03,2025,hard,mpetshi g.,mensik j.,1.88,2.03,pinnacle
2025-01-03,2025,hard,opelka r.,djokovic n.,12.64,1.06,pinnacle
2025-01-04,2025,hard,lehecka j.,dimitrov g.,2.62,1.56,pinnacle
2025-01-04,2025,hard,opelka r.,mpetshi g.,2.3,1.69,pinnacle
2025-01-05,2025,hard,lehecka j.,opelka r.,1.72,2.25,pinnacle
2024-12-30,2024,hard,kecmanovic m.,darderi l.,1.37,3.36,pinnacle
2024-12-30,2024,hard,marozsan f.,safiullin r.,2.44,1.61,pinnacle
2024-12-30,2024,hard,sonego l.,nakashima b.,2.6,1.55,pinnacle
2024-12-30,2024,hard,norrie c.,tien l.,1.68,2.31,pinnacle
2024-12-31,2024,hard,bergs z.,moro canas a.,1.48,2.82,pinnacle
2024-12-31,2024,hard,muller a.,huesler m.a.,2.43,1.62,pinnacle
2024-12-31,2024,hard,borges n.,bu y.,2.2,1.74,pinnacle
2024-12-31,2024,hard,munar j.,davidovich fokina a.,3.47,1.35,pinnacle
2024-12-31,2024,hard,martinez p.,passaro f.,1.92,1.97,pinnacle
2024-12-31,2024,hard,nishikori k.,shapovalov d.,2.37,1.65,pinnacle
2024-12-31,2024,hard,diallo g.,carballes baena r.,1.43,3.02,pinnacle
2024-12-31,2024,hard,shang j.,wong c.,1.33,3.62,pinnacle
2025-01-01,2025,hard,muller a.,kecmanovic m.,2.84,1.49,pinnacle
2025-01-01,2025,hard,norrie c.,sonego l.,1.72,2.26,pinnacle
2025-01-01,2025,hard,fils a.,bergs z.,1.5,2.8,pinnacle
2025-01-01,2025,hard,nishikori k.,khachanov k.,2.21,1.75,pinnacle
2025-01-02,2025,hard,munar j.,borges n.,2.59,1.56,pinnacle
2025-01-02,2025,hard,musetti l.,diallo g.,1.78,2.16,pinnacle
2025-01-02,2025,hard,shang j.,martinez p.,1.33,3.7,pinnacle
2025-01-02,2025,hard,marozsan f.,rublev a.,3.97,1.29,pinnacle
2025-01-03,2025,hard,muller a.,fils a.,3.61,1.34,pinnacle
2025-01-03,2025,hard,munar j.,musetti l.,3.49,1.35,pinnacle
2025-01-03,2025,hard,shang j.,marozsan f.,1.58,2.55,pinnacle
2025-01-03,2025,hard,nishikori k.,norrie c.,1.73,2.24,pinnacle
2025-01-04,2025,hard,muller a.,munar j.,2.08,1.84,pinnacle
2025-01-04,2025,hard,nishikori k.,shang j.,1.88,2.03,pinnacle
2025-01-05,2025,hard,muller a.,nishikori k.,3.64,1.33,pinnacle
2025-01-06,2025,hard,shapovalov d.,zhang zh.,1.66,2.35,pinnacle
2025-01-06,2025,hard,davidovich fokina a.,bautista agut r.,1.81,2.09,pinnacle
2025-01-06,2025,hard,o connell c.,rinderknech a.,1.63,2.42,pinnacle
2025-01-06,2025,hard,kokkinakis t.,nishioka y.,1.68,2.3,pinnacle
2025-01-07,2025,hard,tu l.,duckworth j.,2.25,1.71,pinnacle
2025-01-07,2025,hard,guinard m.,safiullin r.,5.02,1.21,pinnacle
2025-01-07,2025,hard,giron m.,vukic a.,1.99,1.9,pinnacle
2025-01-07,2025,hard,kecmanovic m.,bublik a.,1.67,2.33,pinnacle
2025-01-07,2025,hard,cazaux a.,walton a.,1.68,2.3,pinnacle
2025-01-07,2025,hard,nakashima b.,hanfmann y.,1.32,3.65,pinnacle
2025-01-07,2025,hard,hijikata r.,goffin d.,2.25,1.71,pinnacle
2025-01-07,2025,hard,etcheverry t.,schoolkate t.,1.38,3.26,pinnacle
2025-01-08,2025,hard,auger-aliassime f.,cazaux a.,1.52,2.72,pinnacle
2025-01-08,2025,hard,giron m.,shapovalov d.,2.77,1.51,pinnacle
2025-01-08,2025,hard,kecmanovic m.,o connell c.,1.89,2.02,pinnacle
2025-01-08,2025,hard,hijikata r.,nakashima b.,3.18,1.41,pinnacle
2025-01-08,2025,hard,bonzi b.,tu l.,1.5,2.8,pinnacle
2025-01-08,2025,hard,korda s.,davidovich fokina a.,2.26,1.71,pinnacle
2025-01-08,2025,hard,paul t.,guinard m.,1.08,10.77,pinnacle
2025-01-08,2025,hard,kokkinakis t.,etcheverry t.,1.61,2.48,pinnacle
2025-01-09,2025,hard,paul t.,hijikata r.,1.28,4.07,pinnacle
2025-01-09,2025,hard,auger-aliassime f.,giron m.,1.66,2.37,pinnacle
2025-01-09,2025,hard,kecmanovic m.,bonzi b.,1.63,2.44,pinnacle
2025-01-09,2025,hard,korda s.,kokkinakis t.,1.67,2.35,pinnacle
2025-01-10,2025,hard,auger-aliassime f.,paul t.,2.27,1.71,pinnacle
2025-01-10,2025,hard,korda s.,kecmanovic m.,1.8,2.13,pinnacle
2025-01-11,2025,hard,auger-aliassime f.,korda s.,2.19,1.76,pinnacle
2025-01-05,2025,hard,borges n.,darderi l.,1.4,3.15,pinnacle
2025-01-06,2025,hard,carballes baena r.,altmaier d.,1.3,3.5,bet365
2025-01-06,2025,hard,bergs z.,becroft i.,1.03,23.4,pinnacle
2025-01-06,2025,hard,michelsen a.,nagal s.,1.24,4.53,pinnacle
2025-01-06,2025,hard,navone m.,mannarino a.,2.5,1.59,pinnacle
2025-01-06,2025,hard,nardi l.,cobolli f.,2.71,1.52,pinnacle
2025-01-06,2025,hard,sonego l.,diallo g.,1.98,1.91,pinnacle
2025-01-06,2025,hard,diaz acosta f.,norrie c.,4.29,1.26,pinnacle
2025-01-07,2025,hard,monfils g.,martinez p.,1.28,3.99,pinnacle
2025-01-07,2025,hard,struff j.l.,bu y.,1.71,2.25,pinnacle
2025-01-07,2025,hard,basavareddy n.,comesana f.,1.28,4.03,pinnacle
2025-01-07,2025,hard,mensik j.,carreno busta p.,1.25,4.0,bet365
2025-01-07,2025,hard,basavareddy n.,tabilo a.,1.82,2.11,pinnacle
2025-01-07,2025,hard,bergs z.,nardi l.,1.65,2.4,pinnacle
2025-01-08,2025,hard,michelsen a.,sonego l.,1.59,2.53,pinnacle
2025-01-08,2025,hard,diaz acosta f.,baez s.,1.84,2.08,pinnacle
2025-01-08,2025,hard,carballes baena r.,cerundolo f.,2.68,1.54,pinnacle
2025-01-08,2025,hard,monfils g.,struff j.l.,2.21,1.75,pinnacle
2025-01-08,2025,hard,borges n.,navone m.,1.47,2.89,pinnacle
2025-01-08,2025,hard,mensik j.,shelton b.,2.22,1.75,pinnacle
2025-01-08,2025,hard,basavareddy n.,michelsen a.,2.63,1.55,pinnacle
2025-01-09,2025,hard,monfils g.,diaz acosta f.,1.35,3.54,pinnacle
2025-01-09,2025,hard,bergs z.,carballes baena r.,1.66,2.37,pinnacle
2025-01-09,2025,hard,borges n.,mensik j.,2.93,1.47,pinnacle
2025-01-10,2025,hard,monfils g.,basavareddy n.,1.71,2.27,pinnacle
2025-01-10,2025,hard,bergs z.,borges n.,1.92,1.99,pinnacle
2025-01-11,2025,hard,monfils g.,bergs z.,1.62,2.45,pinnacle
2025-01-12,2025,hard,gaston h.,jasika o.,1.38,3.31,pinnacle
2025-01-12,2025,hard,fils a.,virtanen o.,1.13,7.31,pinnacle
2025-01-12,2025,hard,nishikori k.,monteiro t.,1.22,4.82,pinnacle
2025-01-12,2025,hard,ruud c.,munar j.,1.18,5.66,pinnacle
2025-01-12,2025,hard,habib h.,bu y.,3.39,1.37,pinnacle
2025-01-12,2025,hard,lehecka j.,tu l.,1.11,8.2,pinnacle
2025-01-12,2025,hard,machac t.,nagal s.,1.06,12.67,pinnacle
2025-01-12,2025,hard,martinez p.,darderi l.,1.63,2.45,pinnacle
2025-01-12,2025,hard,humbert u.,gigante m.,1.11,8.5,pinnacle
2025-01-12,2025,hard,opelka r.,onclin g.,1.33,3.68,pinnacle
2025-01-12,2025,hard,halys q.,walton a.,2.01,1.9,pinnacle
2025-01-12,2025,hard,zverev a.,pouille l.,1.03,20.73,pinnacle
2025-01-13,2025,hard,tiafoe f.,rinderknech a.,1.27,4.18,pinnacle
2025-01-13,2025,hard,carballes baena r.,tabilo a.,2.79,1.5,pinnacle
2025-01-13,2025,hard,mensik j.,basilashvili n.,1.16,6.32,pinnacle
2025-01-13,2025,hard,michelsen a.,tsitsipas s.,2.44,1.63,pinnacle
2025-01-13,2025,hard,borges n.,muller a.,1.7,2.3,pinnacle
2025-01-13,2025,hard,marozsan f.,seyboth wild t.,1.43,3.1,pinnacle
2025-01-13,2025,hard,duckworth j.,stricker d.,1.83,2.08,pinnacle
2025-01-13,2025,hard,mccabe j.,landaluce m.,3.92,1.3,pinnacle
2025-01-13,2025,hard,sinner j.,jarry n.,1.02,29.95,pinnacle
2025-01-13,2025,hard,thompson j.,koepfer d.,1.39,3.26,pinnacle
2025-01-13,2025,hard,schoolkate t.,daniel t.,1.97,1.93,pinnacle
2025-01-13,2025,hard,vukic a.,dzumhur d.,1.34,3.56,pinnacle
2025-01-13,2025,hard,draper j.,navone m.,1.08,11.12,pinnacle
2025-01-13,2025,hard,kokkinakis t.,safiullin r.,1.65,2.4,pinnacle
2025-01-13,2025,hard,cazaux a.,baez s.,1.42,3.13,pinnacle
2025-01-13,2025,hard,nishioka y.,dougaz a.,1.18,5.67,pinnacle
2025-01-13,2025,hard,korda s.,klein l.,1.36,3.47,pinnacle
2025-01-13,2025,hard,faria j.,kotov p.,2.4,1.65,pinnacle
2025-01-13,2025,hard,auger-aliassime f.,struff j.l.,1.49,2.85,pinnacle
2025-01-13,2025,hard,davidovich fokina a.,shang j.,2.09,1.83,pinnacle
2025-01-13,2025,hard,alcaraz c.,shevchenko a.,1.02,35.12,pinnacle
2025-01-13,2025,hard,djokovic n.,basavareddy n.,1.05,14.3,pinnacle
2025-01-13,2025,hard,fearnley j.,kyrgios n.,2.09,1.83,pinnacle
2025-01-13,2025,hard,bonzi b.,goffin d.,1.65,2.4,pinnacle
2025-01-13,2025,hard,passaro f.,dimitrov g.,11.77,1.07,pinnacle
2025-01-13,2025,hard,paul t.,o connell c.,1.18,5.64,pinnacle
2025-01-14,2025,hard,berrettini m.,norrie c.,1.42,3.11,pinnacle
2025-01-14,2025,hard,kecmanovic m.,lajovic d.,1.25,4.48,pinnacle
2025-01-14,2025,hard,khachanov k.,mannarino a.,1.14,6.81,pinnacle
2025-01-14,2025,hard,diallo g.,nardi l.,1.47,2.92,pinnacle
2025-01-14,2025,hard,rune h.,zhang zh.,1.33,3.68,pinnacle
2025-01-14,2025,hard,fritz t.,brooksby j.,1.05,14.34,pinnacle
2025-01-14,2025,hard,garin c.,coric b.,2.01,1.89,pinnacle
2025-01-14,2025,hard,tien l.,ugo carabelli c.,1.19,5.49,pinnacle
2025-01-14,2025,hard,cerundolo f.,bublik a.,1.63,2.44,pinnacle
2025-01-14,2025,hard,monfils g.,mpetshi g.,2.13,1.81,pinnacle
2025-01-14,2025,hard,hurkacz h.,griekspoor t.,1.4,3.2,pinnacle
2025-01-14,2025,hard,diaz acosta f.,bergs z.,2.86,1.48,pinnacle
2025-01-14,2025,hard,medvedev d.,samrej k.,1.01,42.16,pinnacle
2025-01-14,2025,hard,altmaier d.,comesana f.,1.93,2.0,pinnacle
2025-01-14,2025,hard,musetti l.,arnaldi m.,1.6,2.5,pinnacle
2025-01-14,2025,hard,shelton b.,nakashima b.,1.51,2.75,pinnacle
2025-01-14,2025,hard,sonego l.,wawrinka s.,1.48,2.88,pinnacle
2025-01-14,2025,hard,boyer t.,coria f.,1.17,5.93,pinnacle
2025-01-14,2025,hard,krueger m.,hijikata r.,2.99,1.45,pinnacle
2025-01-14,2025,hard,etcheverry t.,cobolli f.,1.62,2.46,pinnacle
2025-01-14,2025,hard,giron m.,hanfmann y.,1.28,4.13,pinnacle
2025-01-14,2025,hard,shapovalov d.,bautista agut r.,1.37,3.41,pinnacle
2025-01-14,2025,hard,moutet c.,popyrin a.,4.67,1.24,pinnacle
2025-01-14,2025,hard,de minaur a.,van de zandschulp b.,1.08,10.59,pinnacle
2025-01-14,2025,hard,carreno busta p.,majchrzak k.,1.77,2.18,pinnacle
2025-01-14,2025,hard,fonseca j.,rublev a.,2.48,1.61,pinnacle
2025-01-15,2025,hard,machac t.,opelka r.,1.35,3.5,pinnacle
2025-01-15,2025,hard,lehecka j.,gaston h.,1.09,9.71,pinnacle
2025-01-15,2025,hard,alcaraz c.,nishioka y.,1.02,29.55,pinnacle
2025-01-15,2025,hard,bonzi b.,passaro f.,1.28,4.1,pinnacle
2025-01-15,2025,hard,borges n.,thompson j.,1.95,1.95,pinnacle
2025-01-15,2025,hard,carballes baena r.,duckworth j.,1.63,2.45,pinnacle
2025-01-15,2025,hard,djokovic n.,faria j.,1.02,29.32,pinnacle
2025-01-15,2025,hard,fils a.,halys q.,1.25,4.51,pinnacle
2025-01-15,2025,hard,vukic a.,korda s.,4.15,1.28,pinnacle
2025-01-15,2025,hard,fearnley j.,cazaux a.,1.65,2.4,pinnacle
2025-01-15,2025,hard,mensik j.,ruud c.,2.17,1.78,pinnacle
2025-01-15,2025,hard,draper j.,kokkinakis t.,1.47,2.92,pinnacle
2025-01-15,2025,hard,davidovich fokina a.,auger-aliassime f.,3.84,1.31,pinnacle
2025-01-15,2025,hard,humbert u.,habib h.,1.13,7.35,pinnacle
2025-01-15,2025,hard,zverev a.,martinez p.,1.02,28.08,pinnacle
2025-01-15,2025,hard,paul t.,nishikori k.,1.45,2.97,pinnacle
2025-01-16,2025,hard,kecmanovic m.,hurkacz h.,3.52,1.35,pinnacle
2025-01-16,2025,hard,khachanov k.,diallo g.,1.31,3.85,pinnacle
2025-01-16,2025,hard,monfils g.,altmaier d.,1.24,4.46,pinnacle
2025-01-16,2025,hard,musetti l.,shapovalov d.,2.08,1.84,pinnacle
2025-01-16,2025,hard,cerundolo f.,diaz acosta f.,1.36,3.48,pinnacle
2025-01-16,2025,hard,shelton b.,carreno busta p.,1.32,3.77,pinnacle
2025-01-16,2025,hard,de minaur a.,boyer t.,1.04,17.5,pinnacle
2025-01-16,2025,hard,moutet c.,krueger m.,1.56,2.61,pinnacle
2025-01-16,2025,hard,fritz t.,garin c.,1.04,18.2,pinnacle
2025-01-16,2025,hard,giron m.,etcheverry t.,2.0,1.91,pinnacle
2025-01-16,2025,hard,michelsen a.,mccabe j.,1.14,7.05,pinnacle
2025-01-16,2025,hard,marozsan f.,tiafoe f.,2.56,1.58,pinnacle
2025-01-16,2025,hard,sonego l.,fonseca j.,4.82,1.22,pinnacle
2025-01-16,2025,hard,rune h.,berrettini m.,2.25,1.72,pinnacle
2025-01-16,2025,hard,sinner j.,schoolkate t.,1.01,51.48,pinnacle
2025-01-16,2025,hard,tien l.,medvedev d.,6.77,1.14,pinnacle
2025-01-17,2025,hard,paul t.,carballes baena r.,1.16,6.23,pinnacle
2025-01-17,2025,hard,alcaraz c.,borges n.,1.03,23.4,pinnacle
2025-01-17,2025,hard,zverev a.,fearnley j.,1.08,10.86,pinnacle
2025-01-17,2025,hard,davidovich fokina a.,mensik j.,2.65,1.55,pinnacle
2025-01-17,2025,hard,humbert u.,fils a.,1.65,2.39,pinnacle
2025-01-17,2025,hard,djokovic n.,machac t.,1.22,4.85,pinnacle
2025-01-17,2025,hard,lehecka j.,bonzi b.,1.29,4.01,pinnacle
2025-01-17,2025,hard,draper j.,vukic a.,1.2,5.29,pinnacle
2025-01-18,2025,hard,michelsen a.,khachanov k.,2.5,1.6,pinnacle
2025-01-18,2025,hard,monfils g.,fritz t.,7.4,1.13,pinnacle
2025-01-18,2025,hard,de minaur a.,cerundolo f.,1.11,8.45,pinnacle
2025-01-18,2025,hard,sonego l.,marozsan f.,1.85,2.07,pinnacle
2025-01-18,2025,hard,tien l.,moutet c.,1.93,1.98,pinnacle
2025-01-18,2025,hard,shelton b.,musetti l.,1.63,2.43,pinnacle
2025-01-18,2025,hard,sinner j.,giron m.,1.02,32.69,pinnacle
2025-01-18,2025,hard,rune h.,kecmanovic m.,1.5,2.78,pinnacle
2025-01-19,2025,hard,paul t.,davidovich fokina a.,1.25,4.5,pinnacle
2025-01-19,2025,hard,alcaraz c.,draper j.,1.09,10.06,pinnacle
2025-01-19,2025,hard,zverev a.,humbert u.,1.17,5.89,pinnacle
2025-01-19,2025,hard,djokovic n.,lehecka j.,1.23,4.68,pinnacle
2025-01-20,2025,hard,sinner j.,rune h.,1.07,11.23,pinnacle
2025-01-20,2025,hard,sonego l.,tien l.,1.74,2.22,pinnacle
2025-01-20,2025,hard,shelton b.,monfils g.,1.6,2.5,pinnacle
2025-01-20,2025,hard,de minaur a.,michelsen a.,1.28,4.12,pinnacle
2025-01-21,2025,hard,zverev a.,paul t.,1.36,3.4,pinnacle
2025-01-21,2025,hard,djokovic n.,alcaraz c.,2.62,1.56,pinnacle
2025-01-22,2025,hard,shelton b.,sonego l.,1.4,3.22,pinnacle
2025-01-22,2025,hard,sinner j.,de minaur a.,1.19,5.34,pinnacle
2025-01-24,2025,hard,zverev a.,djokovic n.,2.45,1.63,pinnacle
2025-01-24,2025,hard,sinner j.,shelton b.,1.09,10.06,pinnacle
2025-01-26,2025,hard,sinner j.,zverev a.,1.34,3.6,pinnacle
2025-01-27,2025,hard,bu y.,altmaier d.,1.73,2.22,pinnacle
2025-01-27,2025,hard,cazaux a.,wawrinka s.,1.56,2.56,pinnacle
2025-01-27,2025,hard,koepfer d.,barrere g.,2.04,1.85,pinnacle
2025-01-28,2025,hard,eubanks c.,kachmazov a.,1.85,2.05,pinnacle
2025-01-28,2025,hard,lestienne c.,coric b.,1.94,1.94,pinnacle
2025-01-28,2025,hard,griekspoor t.,van de zandschulp b.,1.66,2.35,pinnacle
2025-01-28,2025,hard,bellucci m.,pouille l.,2.04,1.85,pinnacle
2025-01-28,2025,hard,gasquet r.,mannarino a.,2.09,1.82,pinnacle
2025-01-28,2025,hard,rinderknech a.,mayot h.,1.45,2.93,pinnacle
2025-01-29,2025,hard,basilashvili n.,kukushkin m.,1.7,2.27,pinnacle
2025-01-29,2025,hard,de jong j.,halys q.,2.59,1.56,pinnacle
2025-01-29,2025,hard,kovacevic a.,goffin d.,1.65,2.37,pinnacle
2025-01-29,2025,hard,rublev a.,eubanks c.,1.26,4.29,pinnacle
2025-01-29,2025,hard,bu y.,lestienne c.,1.61,2.49,pinnacle
2025-01-29,2025,hard,auger-aliassime f.,cazaux a.,1.43,3.08,pinnacle
2025-01-29,2025,hard,bublik a.,koepfer d.,1.77,2.18,pinnacle
2025-01-30,2025,hard,de jong j.,cobolli f.,2.59,1.57,pinnacle
2025-01-30,2025,hard,kovacevic a.,bellucci m.,1.76,2.19,pinnacle
2025-01-30,2025,hard,griekspoor t.,gasquet r.,1.44,3.04,pinnacle
2025-01-30,2025,hard,basilashvili n.,rinderknech a.,2.3,1.69,pinnacle
2025-01-31,2025,hard,auger-aliassime f.,bu y.,1.26,4.3,pinnacle
2025-01-31,2025,hard,de jong j.,griekspoor t.,3.0,1.45,pinnacle
2025-01-31,2025,hard,rublev a.,basilashvili n.,1.24,4.53,pinnacle
2025-01-31,2025,hard,kovacevic a.,bublik a.,2.27,1.71,pinnacle
2025-02-01,2025,hard,auger-aliassime f.,de jong j.,1.21,5.13,pinnacle
2025-02-01,2025,hard,kovacevic a.,rublev a.,3.94,1.3,pinnacle
2025-02-02,2025,hard,auger-aliassime f.,kovacevic a.,1.29,3.98,pinnacle
2025-02-03,2025,hard,davidovich fokina a.,holt b.,1.43,3.03,pinnacle
2025-02-03,2025,hard,arnaldi m.,eubanks c.,1.79,2.12,pinnacle
2025-02-03,2025,hard,hijikata r.,mannarino a.,1.76,2.17,pinnacle
2025-02-04,2025,hard,tiafoe f.,daniel t.,1.19,5.28,pinnacle
2025-02-04,2025,hard,quinn e.,svajda t.,1.24,4.53,pinnacle
2025-02-04,2025,hard,paul t.,brooksby j.,1.09,9.59,pinnacle
2025-02-04,2025,hard,norrie c.,michelsen a.,2.66,1.56,pinnacle
2025-02-05,2025,hard,shelton b.,vukic a.,1.23,4.68,pinnacle
2025-02-05,2025,hard,ruud c.,duckworth j.,1.1,6.75,max
2025-02-05,2025,hard,munar j.,bu y.,2.37,1.65,pinnacle
2025-02-05,2025,hard,nishioka y.,nakashima b.,2.59,1.56,pinnacle
2025-02-05,2025,hard,mmoh m.,carballes baena r.,2.33,1.67,pinnacle
2025-02-05,2025,hard,machac t.,nishikori k.,1.52,2.68,pinnacle
2025-02-05,2025,hard,opelka r.,shevchenko a.,1.4,3.16,pinnacle
2025-02-06,2025,hard,fritz t.,rinderknech a.,1.12,7.57,pinnacle
2025-02-06,2025,hard,shapovalov d.,kecmanovic m.,1.68,2.32,pinnacle
2025-02-06,2025,hard,nishioka y.,tiafoe f.,2.61,1.56,pinnacle
2025-02-06,2025,hard,arnaldi m.,davidovich fokina a.,2.28,1.71,pinnacle
2025-02-06,2025,hard,munar j.,shelton b.,7.74,1.12,pinnacle
2025-02-06,2025,hard,machac t.,hijikata r.,1.15,6.37,pinnacle
2025-02-06,2025,hard,ruud c.,mmoh m.,1.21,5.19,pinnacle
2025-02-06,2025,hard,opelka r.,norrie c.,1.75,2.22,pinnacle
2025-02-07,2025,hard,paul t.,quinn e.,1.18,5.75,pinnacle
2025-02-07,2025,hard,shapovalov d.,fritz t.,3.89,1.3,pinnacle
2025-02-07,2025,hard,munar j.,arnaldi m.,2.53,1.59,pinnacle
2025-02-07,2025,hard,ruud c.,nishioka y.,1.4,3.24,pinnacle
2025-02-08,2025,hard,paul t.,opelka r.,1.58,2.55,pinnacle
2025-02-08,2025,hard,shapovalov d.,machac t.,2.17,1.78,pinnacle
2025-02-08,2025,hard,ruud c.,munar j.,1.38,3.31,pinnacle
2025-02-08,2025,hard,shapovalov d.,paul t.,2.6,1.54,pinnacle
2025-02-09,2025,hard,shapovalov d.,ruud c.,1.7,2.28,pinnacle
2025-02-03,2025,hard,hurkacz h.,cobolli f.,1.32,3.66,pinnacle
2025-02-03,2025,hard,tsitsipas s.,mayot h.,1.32,3.67,pinnacle
2025-02-03,2025,hard,medvedev d.,wawrinka s.,1.17,5.94,pinnacle
2025-02-03,2025,hard,bellucci m.,rottgering m.,1.07,11.24,pinnacle
2025-02-04,2025,hard,lehecka j.,popyrin a.,1.41,3.11,pinnacle
2025-02-04,2025,hard,de minaur a.,goffin d.,1.09,9.57,pinnacle
2025-02-04,2025,hard,mensik j.,bublik a.,1.42,3.06,pinnacle
2025-02-04,2025,hard,rublev a.,zhang zh.,1.25,4.37,pinnacle
2025-02-04,2025,hard,martinez p.,bautista agut r.,2.39,1.64,pinnacle
2025-02-04,2025,hard,alcaraz c.,van de zandschulp b.,1.07,10.79,pinnacle
2025-02-04,2025,hard,rune h.,sonego l.,1.35,3.46,pinnacle
2025-02-05,2025,hard,fils a.,lestienne c.,1.22,4.81,pinnacle
2025-02-05,2025,hard,altmaier d.,kovacevic a.,6.25,1.13,max
2025-02-05,2025,hard,marozsan f.,struff j.l.,2.34,1.66,pinnacle
2025-02-05,2025,hard,vavassori a.,auger-aliassime f.,7.82,1.11,pinnacle
2025-02-05,2025,hard,griekspoor t.,berrettini m.,2.54,1.57,pinnacle
2025-02-05,2025,hard,bellucci m.,medvedev d.,3.66,1.31,pinnacle
2025-02-05,2025,hard,hurkacz h.,lehecka j.,2.16,1.78,pinnacle
2025-02-06,2025,hard,de minaur a.,mensik j.,1.4,3.3,pinnacle
2025-02-06,2025,hard,altmaier d.,fils a.,4.46,1.25,pinnacle
2025-02-06,2025,hard,rublev a.,marozsan f.,1.28,4.14,pinnacle
2025-02-06,2025,hard,tsitsipas s.,griekspoor t.,1.78,2.16,pinnacle
2025-02-06,2025,hard,alcaraz c.,vavassori a.,1.08,7.11,pinnacle
2025-02-06,2025,hard,martinez p.,rune h.,3.85,1.23,pinnacle
2025-02-07,2025,hard,de minaur a.,altmaier d.,1.08,10.47,pinnacle
2025-02-07,2025,hard,bellucci m.,tsitsipas s.,2.62,1.45,pinnacle
2025-02-07,2025,hard,alcaraz c.,martinez p.,1.08,7.35,pinnacle
2025-02-07,2025,hard,hurkacz h.,rublev a.,2.1,1.83,pinnacle
2025-02-08,2025,hard,de minaur a.,bellucci m.,1.2,5.25,pinnacle
2025-02-08,2025,hard,alcaraz c.,hurkacz h.,1.26,4.36,pinnacle
2025-02-09,2025,hard,alcaraz c.,de minaur a.,1.4,3.24,pinnacle
2025-02-10,2025,clay,lajovic d.,carballes baena r.,2.48,1.6,pinnacle
2025-02-10,2025,clay,djere l.,muller a.,1.6,2.47,pinnacle
2025-02-10,2025,clay,seyboth wild t.,diaz acosta f.,2.19,1.75,pinnacle
2025-02-11,2025,clay,navone m.,comesana f.,1.44,2.98,pinnacle
2025-02-11,2025,clay,baez s.,ugo carabelli c.,1.46,2.91,pinnacle
2025-02-11,2025,clay,cerundolo j.m.,burruchaga r.,2.14,1.78,pinnacle
2025-02-11,2025,clay,cerundolo f.,darderi l.,1.37,3.36,pinnacle
2025-02-12,2025,clay,fonseca j.,etcheverry t.,1.81,2.1,pinnacle
2025-02-12,2025,clay,coria f.,gaston h.,1.68,2.3,pinnacle
2025-02-12,2025,clay,martinez p.,dzumhur d.,1.41,3.12,pinnacle
2025-02-12,2025,clay,schwartzman d.,jarry n.,4.23,1.26,pinnacle
2025-02-12,2025,clay,moutet c.,nagal s.,1.44,2.98,pinnacle
2025-02-12,2025,clay,djere l.,tabilo a.,1.56,2.6,pinnacle
2025-02-12,2025,clay,zverev a.,lajovic d.,1.11,8.14,pinnacle
2025-02-12,2025,clay,seyboth wild t.,baez s.,2.74,1.52,pinnacle
2025-02-12,2025,clay,cerundolo f.,cerundolo j.m.,1.23,4.73,pinnacle
2025-02-13,2025,clay,fonseca j.,coria f.,1.18,5.78,pinnacle
2025-02-13,2025,clay,martinez p.,schwartzman d.,1.41,3.17,pinnacle
2025-02-13,2025,clay,navone m.,rune h.,2.26,1.6,pinnacle
2025-02-13,2025,clay,musetti l.,moutet c.,1.35,3.49,pinnacle
2025-02-14,2025,clay,djere l.,seyboth wild t.,1.76,2.18,pinnacle
2025-02-14,2025,clay,fonseca j.,navone m.,1.65,2.41,pinnacle
2025-02-14,2025,clay,cerundolo f.,zverev a.,3.17,1.41,pinnacle
2025-02-15,2025,clay,martinez p.,musetti l.,3.72,1.32,pinnacle
2025-02-15,2025,clay,fonseca j.,djere l.,1.71,2.27,pinnacle
2025-02-15,2025,clay,cerundolo f.,martinez p.,1.32,3.76,pinnacle
2025-02-16,2025,clay,fonseca j.,cerundolo f.,2.31,1.69,pinnacle
2025-02-10,2025,hard,kecmanovic m.,gojo b.,1.39,3.23,pinnacle
2025-02-10,2025,hard,norrie c.,svajda z.,1.47,2.67,pinnacle
2025-02-10,2025,hard,quinn e.,boyer t.,2.0,1.88,pinnacle
2025-02-10,2025,hard,mmoh m.,shevchenko a.,1.92,1.97,pinnacle
2025-02-11,2025,hard,nakashima b.,trotter j.k.,1.37,3.35,pinnacle
2025-02-11,2025,hard,nishioka y.,vukic a.,1.77,2.15,pinnacle
2025-02-11,2025,hard,davidovich fokina a.,daniel t.,1.34,3.48,pinnacle
2025-02-11,2025,hard,bu y.,hijikata r.,1.71,2.25,pinnacle
2025-02-11,2025,hard,rinderknech a.,popko d.,1.13,6.0,bet365
2025-02-11,2025,hard,mcdonald m.,nishikori k.,2.67,1.53,pinnacle
2025-02-12,2025,hard,opelka r.,eubanks c.,1.51,2.74,pinnacle
2025-02-12,2025,hard,tien l.,walton a.,1.47,2.85,pinnacle
2025-02-12,2025,hard,kecmanovic m.,nishioka y.,1.63,2.44,pinnacle
2025-02-12,2025,hard,norrie c.,rinderknech a.,1.46,2.95,pinnacle
2025-02-12,2025,hard,giron m.,quinn e.,1.43,3.06,pinnacle
2025-02-13,2025,hard,michelsen a.,mmoh m.,1.27,4.18,pinnacle
2025-02-13,2025,hard,nakashima b.,opelka r.,2.07,1.85,pinnacle
2025-02-13,2025,hard,davidovich fokina a.,mcdonald m.,1.6,2.5,pinnacle
2025-02-13,2025,hard,arnaldi m.,tien l.,1.75,2.22,pinnacle
2025-02-14,2025,hard,fritz t.,bu y.,1.12,7.87,pinnacle
2025-02-14,2025,hard,kecmanovic m.,giron m.,2.11,1.82,pinnacle
2025-02-14,2025,hard,michelsen a.,norrie c.,1.67,2.35,pinnacle
2025-02-14,2025,hard,arnaldi m.,nakashima b.,2.29,1.7,pinnacle
2025-02-15,2025,hard,davidovich fokina a.,fritz t.,5.53,1.19,pinnacle
2025-02-15,2025,hard,kecmanovic m.,michelsen a.,2.24,1.73,pinnacle
2025-02-16,2025,hard,davidovich fokina a.,arnaldi m.,2.32,1.68,pinnacle
2025-02-16,2025,hard,kecmanovic m.,davidovich fokina a.,1.84,2.08,pinnacle
2025-02-10,2025,hard,medjedovic h.,collignon r.,1.35,3.46,pinnacle
2025-02-10,2025,hard,virtanen o.,korda s.,3.29,1.38,pinnacle
2025-02-10,2025,hard,sonego l.,van de zandschulp b.,1.85,2.05,pinnacle
2025-02-11,2025,hard,altmaier d.,nardi l.,2.07,1.83,pinnacle
2025-02-11,2025,hard,bublik a.,gasquet r.,1.75,2.18,pinnacle
2025-02-11,2025,hard,van assche l.,bonzi b.,2.82,1.48,pinnacle
2025-02-11,2025,hard,struff j.l.,guinard m.,1.23,4.64,pinnacle
2025-02-11,2025,hard,borges n.,wawrinka s.,1.59,2.5,pinnacle
2025-02-11,2025,hard,bergs z.,chidekh c.,1.4,3.18,pinnacle
2025-02-11,2025,hard,zhang zh.,halys q.,1.76,2.17,pinnacle
2025-02-12,2025,hard,grenier h.,gea a.,2.17,1.76,pinnacle
2025-02-12,2025,hard,herbert p.,mayot h.,1.94,1.94,pinnacle
2025-02-12,2025,hard,sonego l.,van assche l.,1.5,2.79,pinnacle
2025-02-12,2025,hard,altmaier d.,virtanen o.,2.2,1.76,pinnacle
2025-02-12,2025,hard,medjedovic h.,khachanov k.,2.32,1.68,pinnacle
2025-02-12,2025,hard,humbert u.,bublik a.,1.32,3.75,pinnacle
2025-02-13,2025,hard,bergs z.,borges n.,1.77,2.18,pinnacle
2025-02-13,2025,hard,zhang zh.,hurkacz h.,4.24,1.27,pinnacle
2025-02-13,2025,hard,medvedev d.,herbert p.,1.16,6.2,pinnacle
2025-02-13,2025,hard,struff j.l.,grenier h.,1.39,3.29,pinnacle
2025-02-14,2025,hard,bergs z.,zhang zh.,1.67,2.36,pinnacle
2025-02-14,2025,hard,humbert u.,sonego l.,1.4,3.2,pinnacle
2025-02-14,2025,hard,medvedev d.,struff j.l.,1.25,4.45,pinnacle
2025-02-14,2025,hard,medjedovic h.,altmaier d.,1.45,3.0,pinnacle
2025-02-15,2025,hard,humbert u.,bergs z.,1.4,3.24,pinnacle
2025-02-15,2025,hard,medjedovic h.,medvedev d.,3.86,1.31,pinnacle
2025-02-16,2025,hard,humbert u.,medjedovic h.,1.41,3.18,pinnacle
2025-02-17,2025,hard,o connell c.,habib h.,1.35,3.44,pinnacle
2025-02-17,2025,hard,lehecka j.,dimitrov g.,1.71,2.24,pinnacle
2025-02-17,2025,hard,marozsan f.,dougaz a.,1.18,5.62,pinnacle
2025-02-17,2025,hard,alcaraz c.,cilic m.,1.04,16.61,pinnacle
2025-02-17,2025,hard,draper j.,popyrin a.,1.44,2.97,pinnacle
2025-02-18,2025,hard,de minaur a.,safiullin r.,1.12,7.39,pinnacle
2025-02-18,2025,hard,van de zandschulp b.,shelbayh a.,1.21,4.9,pinnacle
2025-02-18,2025,hard,nardi l.,zhang zh.,2.34,1.66,pinnacle
2025-02-18,2025,hard,borges n.,virtanen o.,1.46,2.9,pinnacle
2025-02-18,2025,hard,bergs z.,bautista agut r.,1.74,2.2,pinnacle
2025-02-18,2025,hard,griekspoor t.,struff j.l.,1.65,2.36,pinnacle
2025-02-18,2025,hard,rublev a.,bublik a.,1.26,4.29,pinnacle
2025-02-18,2025,hard,medvedev d.,khachanov k.,1.57,2.55,pinnacle
2025-02-18,2025,hard,auger-aliassime f.,halys q.,1.27,4.13,pinnacle
2025-02-18,2025,hard,berrettini m.,djokovic n.,3.84,1.3,pinnacle
2025-02-18,2025,hard,medjedovic h.,tsitsipas s.,2.72,1.51,pinnacle
2025-02-19,2025,hard,de minaur a.,van de zandschulp b.,1.17,6.04,pinnacle
2025-02-19,2025,hard,rublev a.,borges n.,1.31,3.8,pinnacle
2025-02-19,2025,hard,draper j.,o connell c.,1.24,4.61,pinnacle
2025-02-19,2025,hard,medvedev d.,bergs z.,1.37,3.44,pinnacle
2025-02-19,2025,hard,lehecka j.,marozsan f.,1.37,3.39,pinnacle
2025-02-19,2025,hard,auger-aliassime f.,medjedovic h.,1.25,4.45,pinnacle
2025-02-19,2025,hard,alcaraz c.,nardi l.,1.03,20.74,pinnacle
2025-02-19,2025,hard,berrettini m.,griekspoor t.,1.47,2.9,pinnacle
2025-02-20,2025,hard,rublev a.,de minaur a.,2.38,1.65,pinnacle
2025-02-20,2025,hard,auger-aliassime f.,medvedev d.,2.77,1.51,pinnacle
2025-02-20,2025,hard,lehecka j.,alcaraz c.,4.05,1.27,pinnacle
2025-02-20,2025,hard,draper j.,berrettini m.,1.69,2.3,pinnacle
2025-02-21,2025,hard,rublev a.,auger-aliassime f.,1.69,2.31,pinnacle
2025-02-21,2025,hard,draper j.,lehecka j.,1.78,2.17,pinnacle
2025-02-22,2025,hard,rublev a.,draper j.,2.15,1.79,pinnacle
2025-02-17,2025,clay,shevchenko a.,meligeni alves f.,2.12,1.79,pinnacle
2025-02-17,2025,clay,jarry n.,cerundolo j.m.,1.51,2.72,pinnacle
2025-02-17,2025,clay,comesana f.,heide g.,1.75,2.19,pinnacle
2025-02-17,2025,clay,monteiro t.,diaz acosta f.,2.06,1.84,pinnacle
2025-02-18,2025,clay,munar j.,seyboth wild t.,1.74,2.21,pinnacle
2025-02-18,2025,clay,tseng c.h.,tabilo a.,3.7,1.32,pinnacle
2025-02-18,2025,clay,baez s.,burruchaga r.,1.37,3.55,max
2025-02-18,2025,clay,darderi l.,dellien h.,1.98,1.91,pinnacle
2025-02-18,2025,clay,dzumhur d.,lajovic d.,2.91,1.46,pinnacle
2025-02-18,2025,clay,etcheverry t.,moutet c.,1.42,3.09,pinnacle
2025-02-18,2025,clay,navone m.,carballes baena r.,1.61,2.44,pinnacle
2025-02-18,2025,clay,faria j.,barrios m.,2.38,1.63,pinnacle
2025-02-18,2025,clay,cerundolo f.,gaston h.,1.17,5.79,pinnacle
2025-02-18,2025,clay,zverev a.,bu y.,1.04,16.21,pinnacle
2025-02-18,2025,clay,ugo carabelli c.,martinez p.,2.45,1.61,pinnacle
2025-02-19,2025,clay,muller a.,fonseca j.,5.05,1.2,pinnacle
2025-02-19,2025,clay,comesana f.,jarry n.,2.49,1.61,pinnacle
2025-02-19,2025,clay,baez s.,navone m.,2.16,1.79,pinnacle
2025-02-19,2025,clay,zverev a.,shevchenko a.,1.08,10.98,pinnacle
2025-02-20,2025,clay,tseng c.h.,monteiro t.,2.79,1.5,pinnacle
2025-02-20,2025,clay,faria j.,munar j.,3.32,1.34,pinnacle
2025-02-20,2025,clay,ugo carabelli c.,dzumhur d.,1.64,2.41,pinnacle
2025-02-20,2025,clay,cerundolo f.,darderi l.,1.29,3.8,pinnacle
2025-02-21,2025,clay,muller a.,etcheverry t.,2.62,1.56,pinnacle
2025-02-21,2025,clay,baez s.,tseng c.h.,1.41,2.78,pinnacle
2025-02-21,2025,clay,ugo carabelli c.,faria j.,1.64,2.42,pinnacle
2025-02-21,2025,clay,comesana f.,zverev a.,6.86,1.14,pinnacle
2025-02-22,2025,clay,muller a.,cerundolo f.,2.73,1.52,pinnacle
2025-02-22,2025,clay,baez s.,ugo carabelli c.,1.41,3.18,pinnacle
2025-02-22,2025,clay,muller a.,comesana f.,1.63,2.45,pinnacle
2025-02-23,2025,clay,baez s.,muller a.,1.77,2.13,pinnacle
2025-02-25,2025,hard,ruud c.,rinderknech a.,1.22,4.75,pinnacle
2025-02-25,2025,hard,machac t.,mensik j.,1.72,2.23,pinnacle
2025-02-25,2025,hard,altmaier d.,kecmanovic m.,2.55,1.48,pinnacle
2025-02-25,2025,hard,shelton b.,cobolli f.,1.31,3.74,pinnacle
2025-02-25,2025,hard,giron m.,walton a.,1.5,2.75,pinnacle
2025-02-25,2025,hard,goffin d.,hijikata r.,1.72,2.23,pinnacle
2025-02-25,2025,hard,tien l.,norrie c.,2.1,1.81,pinnacle
2025-02-25,2025,hard,paul t.,diallo g.,1.35,3.45,pinnacle
2025-02-26,2025,hard,pacheco mendez r.,vukic a.,4.28,1.26,pinnacle
2025-02-26,2025,hard,davidovich fokina a.,bellucci m.,1.61,2.45,pinnacle
2025-02-26,2025,hard,rune h.,carballes baena r.,1.38,3.3,pinnacle
2025-02-26,2025,hard,zverev a.,arnaldi m.,1.32,3.7,pinnacle
2025-02-26,2025,hard,nakashima b.,bonzi b.,1.48,2.84,pinnacle
2025-02-26,2025,hard,shapovalov d.,basavareddy n.,1.74,2.21,pinnacle
2025-02-26,2025,hard,michelsen a.,bu y.,1.45,2.95,pinnacle
2025-02-26,2025,hard,tiafoe f.,muller a.,1.34,3.56,pinnacle
2025-02-27,2025,hard,giron m.,paul t.,3.31,1.38,pinnacle
2025-02-27,2025,hard,machac t.,altmaier d.,1.3,3.95,pinnacle
2025-02-27,2025,hard,goffin d.,shelton b.,3.52,1.35,pinnacle
2025-02-27,2025,hard,shapovalov d.,michelsen a.,1.62,2.46,pinnacle
2025-02-27,2025,hard,nakashima b.,rune h.,2.25,1.72,pinnacle
2025-02-27,2025,hard,tien l.,zverev a.,4.06,1.29,pinnacle
2025-02-27,2025,hard,pacheco mendez r.,ruud c.,14.67,1.05,pinnacle
2025-02-27,2025,hard,davidovich fokina a.,tiafoe f.,1.86,2.05,pinnacle
2025-02-28,2025,hard,machac t.,tien l.,1.56,2.59,pinnacle
2025-02-28,2025,hard,nakashima b.,goffin d.,1.61,2.48,pinnacle
2025-02-28,2025,hard,shapovalov d.,giron m.,1.53,2.71,pinnacle
2025-02-28,2025,hard,davidovich fokina a.,pacheco mendez r.,1.12,7.54,pinnacle
2025-03-01,2025,hard,machac t.,nakashima b.,1.55,2.63,pinnacle
2025-03-01,2025,hard,davidovich fokina a.,shapovalov d.,2.45,1.62,pinnacle
2025-03-02,2025,hard,machac t.,davidovich fokina a.,1.75,2.21,pinnacle
2025-02-24,2025,hard,bautista agut r.,marozsan f.,2.41,1.63,pinnacle
2025-02-24,2025,hard,popyrin a.,habib h.,1.43,2.78,pinnacle
2025-02-24,2025,hard,khachanov k.,evans d.,1.22,4.84,pinnacle
2025-02-24,2025,hard,bergs z.,dougaz a.,1.17,5.76,pinnacle
2025-02-24,2025,hard,tsitsipas s.,sonego l.,1.55,2.61,pinnacle
2025-02-24,2025,hard,mpetshi g.,zhang zh.,1.8,2.11,pinnacle
2025-02-25,2025,hard,borges n.,fils a.,2.32,1.68,pinnacle
2025-02-25,2025,hard,nardi l.,fucsovics m.,2.65,1.47,pinnacle
2025-02-25,2025,hard,cilic m.,de minaur a.,7.1,1.13,pinnacle
2025-02-25,2025,hard,auger-aliassime f.,bublik a.,1.29,3.94,pinnacle
2025-02-25,2025,hard,griekspoor t.,safiullin r.,1.79,2.12,pinnacle
2025-02-25,2025,hard,halys q.,rublev a.,3.87,1.3,pinnacle
2025-02-25,2025,hard,humbert u.,lehecka j.,1.81,2.09,pinnacle
2025-02-25,2025,hard,medvedev d.,struff j.l.,1.2,5.04,pinnacle
2025-02-25,2025,hard,o connell c.,dimitrov g.,2.74,1.42,pinnacle
2025-02-25,2025,hard,berrettini m.,monfils g.,1.53,2.66,pinnacle
2025-02-26,2025,hard,auger-aliassime f.,borges n.,1.51,2.76,pinnacle
2025-02-26,2025,hard,cilic m.,popyrin a.,2.25,1.72,pinnacle
2025-02-26,2025,hard,nardi l.,bergs z.,2.64,1.55,pinnacle
2025-02-26,2025,hard,griekspoor t.,humbert u.,3.88,1.3,pinnacle
2025-02-26,2025,hard,halys q.,bautista agut r.,1.88,2.04,pinnacle
2025-02-26,2025,hard,medvedev d.,mpetshi g.,1.43,3.06,pinnacle
2025-02-26,2025,hard,berrettini m.,o connell c.,1.3,3.91,pinnacle
2025-02-26,2025,hard,tsitsipas s.,khachanov k.,1.85,2.06,pinnacle
2025-02-27,2025,hard,auger-aliassime f.,cilic m.,1.45,2.97,pinnacle
2025-02-27,2025,hard,halys q.,nardi l.,1.87,2.05,pinnacle
2025-02-27,2025,hard,griekspoor t.,medvedev d.,3.9,1.3,pinnacle
2025-02-27,2025,hard,tsitsipas s.,berrettini m.,2.52,1.59,pinnacle
2025-02-28,2025,hard,auger-aliassime f.,halys q.,1.28,4.09,pinnacle
2025-02-28,2025,hard,tsitsipas s.,griekspoor t.,1.67,2.35,pinnacle
2025-03-01,2025,hard,tsitsipas s.,auger-aliassime f.,1.72,2.25,pinnacle
2025-02-24,2025,clay,hanfmann y.,diaz acosta f.,2.33,1.67,pinnacle
2025-02-24,2025,clay,djere l.,buse i.,1.19,5.22,pinnacle
2025-02-24,2025,clay,heide g.,seyboth wild t.,2.39,1.64,pinnacle
2025-02-24,2025,clay,garin c.,ficovich j.p.,1.56,2.59,pinnacle
2025-02-25,2025,clay,etcheverry t.,gaston h.,1.26,4.22,pinnacle
2025-02-25,2025,clay,dzumhur d.,moutet c.,2.69,1.52,pinnacle
2025-02-25,2025,clay,monteiro t.,cerundolo j.m.,1.9,1.99,pinnacle
2025-02-25,2025,clay,ugo carabelli c.,jarry n.,2.92,1.46,pinnacle
2025-02-25,2025,clay,faria j.,darderi l.,2.55,1.57,pinnacle
2025-02-25,2025,clay,navone m.,shevchenko a.,1.36,3.42,pinnacle
2025-02-26,2025,clay,coria f.,barrios m.,2.18,1.75,pinnacle
2025-02-26,2025,clay,comesana f.,meligeni alves f.,1.77,2.16,pinnacle
2025-02-26,2025,clay,djere l.,martinez p.,1.54,2.66,pinnacle
2025-02-26,2025,clay,faria j.,heide g.,2.0,1.9,pinnacle
2025-02-26,2025,clay,cerundolo f.,hanfmann y.,1.38,3.36,pinnacle
2025-02-26,2025,clay,etcheverry t.,garin c.,1.43,3.09,pinnacle
2025-02-27,2025,clay,dzumhur d.,navone m.,5.03,1.21,pinnacle
2025-02-27,2025,clay,baez s.,comesana f.,1.43,3.05,pinnacle
2025-02-27,2025,clay,ugo carabelli c.,monteiro t.,1.97,1.93,pinnacle
2025-02-27,2025,clay,coria f.,tabilo a.,2.37,1.66,pinnacle
2025-02-28,2025,clay,djere l.,faria j.,1.32,3.74,pinnacle
2025-02-28,2025,clay,cerundolo f.,etcheverry t.,1.9,2.01,pinnacle
2025-02-28,2025,clay,ugo carabelli c.,coria f.,1.81,2.12,pinnacle
2025-03-01,2025,clay,baez s.,dzumhur d.,1.29,4.04,pinnacle
2025-03-01,2025,clay,djere l.,cerundolo f.,2.36,1.67,pinnacle
2025-03-01,2025,clay,baez s.,ugo carabelli c.,1.37,3.41,pinnacle
2025-03-02,2025,clay,djere l.,baez s.,2.24,1.74,pinnacle
2025-03-05,2025,hard,nishikori k.,munar j.,1.79,2.13,pinnacle
2025-03-05,2025,hard,boyer t.,vukic a.,2.07,1.83,pinnacle
2025-03-05,2025,hard,seyboth wild t.,muller a.,2.41,1.63,pinnacle
2025-03-05,2025,hard,o connell c.,carballes baena r.,1.82,2.08,pinnacle
2025-03-05,2025,hard,griekspoor t.,kecmanovic m.,2.07,1.83,pinnacle
2025-03-05,2025,hard,bu y.,basavareddy n.,2.73,1.51,pinnacle
2025-03-05,2025,hard,marozsan f.,martinez p.,1.53,2.65,pinnacle
2025-03-05,2025,hard,smith c.,cobolli f.,2.21,1.74,pinnacle
2025-03-05,2025,hard,dzumhur d.,bautista agut r.,2.23,1.72,pinnacle
2025-03-05,2025,hard,safiullin r.,opelka r.,2.03,1.86,pinnacle
2025-03-06,2025,hard,giron m.,basilashvili n.,1.4,3.17,pinnacle
2025-03-06,2025,hard,bergs z.,quinn e.,1.62,2.43,pinnacle
2025-03-06,2025,hard,moutet c.,thompson j.,1.88,2.01,pinnacle
2025-03-06,2025,hard,norrie c.,nardi l.,1.58,2.52,pinnacle
2025-03-06,2025,hard,watanuki y.,bublik a.,2.27,1.7,pinnacle
2025-03-06,2025,hard,hijikata r.,shevchenko a.,2.26,1.7,pinnacle
2025-03-06,2025,hard,fonseca j.,fearnley j.,1.32,3.68,pinnacle
2025-03-06,2025,hard,brooksby j.,bonzi b.,1.87,2.02,pinnacle
2025-03-06,2025,hard,mensik j.,etcheverry t.,1.57,2.55,pinnacle
2025-03-06,2025,hard,mcdonald m.,davidovich fokina a.,2.79,1.49,pinnacle
2025-03-06,2025,hard,diallo g.,zhang zh.,1.91,1.91,bet365
2025-03-06,2025,hard,gigante m.,baez s.,2.15,1.78,pinnacle
2025-03-06,2025,hard,arnaldi m.,kovacevic a.,1.39,3.22,pinnacle
2025-03-06,2025,hard,monfils g.,struff j.l.,1.57,2.54,pinnacle
2025-03-07,2025,hard,gaston h.,darderi l.,1.56,2.57,pinnacle
2025-03-07,2025,hard,borges n.,rinderknech a.,1.37,3.33,pinnacle
2025-03-07,2025,hard,goffin d.,sonego l.,2.1,1.81,pinnacle
2025-03-07,2025,hard,walton a.,zeppieri g.,1.72,2.23,pinnacle
2025-03-07,2025,hard,van de zandschulp b.,kyrgios n.,1.38,3.27,pinnacle
2025-03-07,2025,hard,lajovic d.,tu l.,1.9,1.98,pinnacle
2025-03-07,2025,hard,halys q.,carreno busta p.,2.5,1.59,pinnacle
2025-03-07,2025,hard,navone m.,tien l.,3.4,1.36,pinnacle
2025-03-07,2025,hard,humbert u.,nishikori k.,1.39,3.25,pinnacle
2025-03-07,2025,hard,griekspoor t.,zverev a.,3.76,1.31,pinnacle
2025-03-07,2025,hard,paul t.,boyer t.,1.11,8.07,pinnacle
2025-03-07,2025,hard,mpetshi g.,marozsan f.,2.14,1.78,pinnacle
2025-03-07,2025,hard,popyrin a.,bergs z.,1.92,1.97,pinnacle
2025-03-07,2025,hard,norrie c.,lehecka j.,2.4,1.63,pinnacle
2025-03-07,2025,hard,giron m.,ruud c.,2.45,1.61,pinnacle
2025-03-07,2025,hard,berrettini m.,o connell c.,1.23,4.68,pinnacle
2025-03-07,2025,hard,musetti l.,safiullin r.,1.87,2.03,pinnacle
2025-03-07,2025,hard,michelsen a.,smith c.,1.43,3.01,pinnacle
2025-03-08,2025,hard,rune h.,moutet c.,1.4,3.11,pinnacle
2025-03-08,2025,hard,tsitsipas s.,seyboth wild t.,1.26,4.2,pinnacle
2025-03-08,2025,hard,fils a.,diallo g.,1.67,2.31,pinnacle
2025-03-08,2025,hard,medvedev d.,bu y.,1.24,4.44,pinnacle
2025-03-08,2025,hard,watanuki y.,machac t.,4.26,1.26,pinnacle
2025-03-08,2025,hard,tiafoe f.,dzumhur d.,1.27,4.14,pinnacle
2025-03-08,2025,hard,fritz t.,gigante m.,1.09,9.06,pinnacle
2025-03-08,2025,hard,brooksby j.,auger-aliassime f.,3.82,1.3,pinnacle
2025-03-08,2025,hard,tabilo a.,lajovic d.,2.09,1.82,pinnacle
2025-03-08,2025,hard,draper j.,fonseca j.,1.6,2.48,pinnacle
2025-03-08,2025,hard,arnaldi m.,rublev a.,2.89,1.47,pinnacle
2025-03-08,2025,hard,shapovalov d.,walton a.,1.3,3.81,pinnacle
2025-03-08,2025,hard,cerundolo f.,mcdonald m.,1.78,2.14,pinnacle
2025-03-08,2025,hard,alcaraz c.,halys q.,1.07,11.28,pinnacle
2025-03-08,2025,hard,van de zandschulp b.,djokovic n.,8.0,1.11,pinnacle
2025-03-08,2025,hard,hurkacz h.,gaston h.,1.26,4.28,pinnacle
2025-03-08,2025,hard,nakashima b.,hijikata r.,1.26,4.2,pinnacle
2025-03-09,2025,hard,khachanov k.,mensik j.,1.78,2.15,pinnacle
2025-03-09,2025,hard,dimitrov g.,borges n.,2.26,1.7,pinnacle
2025-03-09,2025,hard,shelton b.,navone m.,1.29,3.92,pinnacle
2025-03-09,2025,hard,de minaur a.,goffin d.,1.17,5.69,pinnacle
2025-03-09,2025,hard,monfils g.,korda s.,1.76,2.18,pinnacle
2025-03-09,2025,hard,paul t.,norrie c.,1.31,3.8,pinnacle
2025-03-09,2025,hard,griekspoor t.,mpetshi g.,1.72,2.25,pinnacle
2025-03-09,2025,hard,giron m.,popyrin a.,1.76,2.18,pinnacle
2025-03-09,2025,hard,tsitsipas s.,berrettini m.,2.03,1.88,pinnacle
2025-03-09,2025,hard,medvedev d.,michelsen a.,1.34,3.58,pinnacle
2025-03-09,2025,hard,rune h.,humbert u.,2.03,1.88,pinnacle
2025-03-10,2025,hard,fils a.,musetti l.,1.8,2.13,pinnacle
2025-03-10,2025,hard,watanuki y.,tiafoe f.,3.09,1.43,pinnacle
2025-03-10,2025,hard,cerundolo f.,van de zandschulp b.,1.67,2.32,pinnacle
2025-03-10,2025,hard,draper j.,brooksby j.,1.23,4.65,pinnacle
2025-03-10,2025,hard,de minaur a.,hurkacz h.,1.53,2.7,pinnacle
2025-03-10,2025,hard,fritz t.,tabilo a.,1.15,6.55,pinnacle
2025-03-10,2025,hard,nakashima b.,arnaldi m.,1.99,1.92,pinnacle
2025-03-10,2025,hard,shelton b.,khachanov k.,1.71,2.25,pinnacle
2025-03-11,2025,hard,alcaraz c.,shapovalov d.,1.18,5.66,pinnacle
2025-03-11,2025,hard,dimitrov g.,monfils g.,2.0,1.9,pinnacle
2025-03-11,2025,hard,griekspoor t.,watanuki y.,1.45,2.99,pinnacle
2025-03-11,2025,hard,rune h.,tsitsipas s.,2.42,1.64,pinnacle
2025-03-11,2025,hard,fils a.,giron m.,1.62,2.46,pinnacle
2025-03-12,2025,hard,medvedev d.,paul t.,1.85,2.06,pinnacle
2025-03-12,2025,hard,shelton b.,nakashima b.,1.58,2.56,pinnacle
2025-03-12,2025,hard,cerundolo f.,de minaur a.,4.02,1.29,pinnacle
2025-03-12,2025,hard,draper j.,fritz t.,1.84,2.08,pinnacle
2025-03-13,2025,hard,alcaraz c.,dimitrov g.,1.12,7.92,pinnacle
2025-03-13,2025,hard,rune h.,griekspoor t.,1.63,2.44,pinnacle
2025-03-13,2025,hard,medvedev d.,fils a.,1.38,3.35,pinnacle
2025-03-14,2025,hard,draper j.,shelton b.,1.53,2.7,pinnacle
2025-03-14,2025,hard,alcaraz c.,cerundolo f.,1.08,10.68,pinnacle
2025-03-15,2025,hard,rune h.,medvedev d.,2.63,1.56,pinnacle
2025-03-15,2025,hard,draper j.,alcaraz c.,3.68,1.33,pinnacle
2025-03-16,2025,hard,draper j.,rune h.,1.56,2.61,pinnacle
2025-03-19,2025,hard,goffin d.,vukic a.,1.64,2.39,pinnacle
2025-03-19,2025,hard,bublik a.,baez s.,1.53,2.6,pinnacle
2025-03-19,2025,hard,hijikata r.,medjedovic h.,3.11,1.41,pinnacle
2025-03-19,2025,hard,schoolkate t.,quinn e.,2.45,1.61,pinnacle
2025-03-19,2025,hard,monfils g.,marozsan f.,1.46,2.92,pinnacle
2025-03-19,2025,hard,cina f.,comesana f.,3.15,1.4,pinnacle
2025-03-19,2025,hard,tseng c.h.,bellucci m.,2.88,1.47,pinnacle
2025-03-19,2025,hard,ugo carabelli c.,holt b.,2.34,1.66,pinnacle
2025-03-19,2025,hard,kyrgios n.,mcdonald m.,2.98,1.44,pinnacle
2025-03-19,2025,hard,moutet c.,blockx a.,1.68,2.31,pinnacle
2025-03-19,2025,hard,carballes baena r.,o connell c.,2.56,1.54,pinnacle
2025-03-19,2025,hard,kecmanovic m.,kovacevic a.,1.6,2.49,pinnacle
2025-03-19,2025,hard,muller a.,sakamoto r.,1.48,2.75,pinnacle
2025-03-19,2025,hard,munar j.,rinderknech a.,1.66,2.35,pinnacle
2025-03-20,2025,hard,spizzirri e.,harris b.,1.65,2.36,pinnacle
2025-03-20,2025,hard,halys q.,seyboth wild t.,1.64,2.39,pinnacle
2025-03-20,2025,hard,bergs z.,borges n.,2.11,1.8,pinnacle
2025-03-20,2025,hard,fearnley j.,bonzi b.,1.48,2.84,pinnacle
2025-03-20,2025,hard,tirante t.a.,cobolli f.,2.35,1.66,pinnacle
2025-03-20,2025,hard,opelka r.,eubanks c.,1.6,2.47,pinnacle
2025-03-20,2025,hard,gaston h.,nishioka y.,2.33,1.65,pinnacle
2025-03-20,2025,hard,wong c.,altmaier d.,3.38,1.36,pinnacle
2025-03-20,2025,hard,darderi l.,martinez p.,2.59,1.56,pinnacle
2025-03-20,2025,hard,bu y.,norrie c.,2.28,1.69,pinnacle
2025-03-20,2025,hard,thompson j.,giron m.,2.61,1.55,pinnacle
2025-03-20,2025,hard,davidovich fokina a.,struff j.l.,1.64,2.39,pinnacle
2025-03-20,2025,hard,diallo g.,etcheverry t.,2.02,1.85,pinnacle
2025-03-20,2025,hard,sonego l.,navone m.,1.53,2.68,pinnacle
2025-03-20,2025,hard,safiullin r.,brooksby j.,1.86,2.03,pinnacle
2025-03-20,2025,hard,arnaldi m.,wu y.,1.25,4.32,pinnacle
2025-03-20,2025,hard,fonseca j.,tien l.,1.36,3.42,pinnacle
2025-03-20,2025,hard,mensik j.,bautista agut r.,1.44,2.97,pinnacle
2025-03-21,2025,hard,auger-aliassime f.,schoolkate t.,1.25,4.31,pinnacle
2025-03-21,2025,hard,dimitrov g.,cina f.,1.13,6.83,pinnacle
2025-03-21,2025,hard,ruud c.,kecmanovic m.,1.74,2.2,pinnacle
2025-03-21,2025,hard,musetti l.,halys q.,1.59,2.5,pinnacle
2025-03-21,2025,hard,khachanov k.,kyrgios n.,1.4,3.19,pinnacle
2025-03-21,2025,hard,ugo carabelli c.,michelsen a.,4.86,1.22,pinnacle
2025-03-21,2025,hard,munar j.,medvedev d.,5.42,1.18,pinnacle
2025-03-21,2025,hard,tsitsipas s.,tseng c.h.,1.11,7.92,pinnacle
2025-03-21,2025,hard,monfils g.,lehecka j.,2.2,1.74,pinnacle
2025-03-21,2025,hard,djokovic n.,hijikata r.,1.11,7.95,pinnacle
2025-03-21,2025,hard,tabilo a.,moutet c.,2.23,1.72,pinnacle
2025-03-21,2025,hard,nakashima b.,carballes baena r.,1.32,3.65,pinnacle
2025-03-21,2025,hard,korda s.,spizzirri e.,1.36,3.4,pinnacle
2025-03-21,2025,hard,paul t.,bublik a.,1.25,4.31,pinnacle
2025-03-22,2025,hard,cerundolo f.,muller a.,1.56,2.53,pinnacle
2025-03-22,2025,hard,goffin d.,alcaraz c.,17.73,1.04,pinnacle
2025-03-22,2025,hard,walton a.,darderi l.,1.57,2.48,pinnacle
2025-03-22,2025,hard,wong c.,shelton b.,7.89,1.11,pinnacle
2025-03-22,2025,hard,zverev a.,fearnley j.,1.18,5.62,pinnacle
2025-03-22,2025,hard,fritz t.,sonego l.,1.16,5.96,pinnacle
2025-03-22,2025,hard,machac t.,arnaldi m.,1.52,2.68,pinnacle
2025-03-22,2025,hard,thompson j.,mpetshi g.,1.93,1.96,pinnacle
2025-03-22,2025,hard,shapovalov d.,tirante t.a.,1.22,4.71,pinnacle
2025-03-22,2025,hard,mensik j.,draper j.,3.81,1.3,pinnacle
2025-03-22,2025,hard,safiullin r.,popyrin a.,2.06,1.84,pinnacle
2025-03-22,2025,hard,opelka r.,rune h.,2.91,1.46,pinnacle
2025-03-22,2025,hard,fonseca j.,humbert u.,2.27,1.69,pinnacle
2025-03-22,2025,hard,bergs z.,rublev a.,3.64,1.33,pinnacle
2025-03-22,2025,hard,berrettini m.,gaston h.,1.15,6.42,pinnacle
2025-03-22,2025,hard,tiafoe f.,davidovich fokina a.,2.16,1.77,pinnacle
2025-03-23,2025,hard,de minaur a.,bu y.,1.18,5.43,pinnacle
2025-03-23,2025,hard,fils a.,diallo g.,1.54,2.56,pinnacle
2025-03-23,2025,hard,dimitrov g.,khachanov k.,1.81,2.13,pinnacle
2025-03-23,2025,hard,musetti l.,auger-aliassime f.,2.52,1.59,pinnacle
2025-03-23,2025,hard,korda s.,tsitsipas s.,2.31,1.69,pinnacle
2025-03-23,2025,hard,nakashima b.,goffin d.,1.48,2.88,pinnacle
2025-03-23,2025,hard,djokovic n.,ugo carabelli c.,1.08,10.13,pinnacle
2025-03-23,2025,hard,monfils g.,munar j.,1.51,2.75,pinnacle
2025-03-24,2025,hard,ruud c.,tabilo a.,1.38,3.36,pinnacle
2025-03-24,2025,hard,cerundolo f.,paul t.,2.71,1.53,pinnacle
2025-03-24,2025,hard,machac t.,opelka r.,1.53,2.69,pinnacle
2025-03-24,2025,hard,walton a.,wong c.,1.55,2.63,pinnacle
2025-03-24,2025,hard,zverev a.,thompson j.,1.19,5.46,pinnacle
2025-03-24,2025,hard,fritz t.,shapovalov d.,1.44,3.01,pinnacle
2025-03-24,2025,hard,mensik j.,safiullin r.,1.54,2.66,pinnacle
2025-03-24,2025,hard,fils a.,tiafoe f.,1.85,2.06,pinnacle
2025-03-24,2025,hard,berrettini m.,bergs z.,1.41,3.16,pinnacle
2025-03-24,2025,hard,de minaur a.,fonseca j.,1.77,2.18,pinnacle
2025-03-25,2025,hard,dimitrov g.,nakashima b.,1.68,2.34,pinnacle
2025-03-25,2025,hard,korda s.,monfils g.,1.75,2.2,pinnacle
2025-03-25,2025,hard,cerundolo f.,ruud c.,1.77,2.18,pinnacle
2025-03-25,2025,hard,djokovic n.,musetti l.,1.34,3.6,pinnacle
2025-03-25,2025,hard,berrettini m.,de minaur a.,2.38,1.65,pinnacle
2025-03-25,2025,hard,mensik j.,machac t.,2.09,1.82,pinnacle
2025-03-25,2025,hard,fritz t.,walton a.,1.08,9.97,pinnacle
2025-03-26,2025,hard,fils a.,zverev a.,3.9,1.33,pinnacle
2025-03-26,2025,hard,dimitrov g.,cerundolo f.,1.88,2.03,pinnacle
2025-03-27,2025,hard,mensik j.,fils a.,2.0,1.91,pinnacle
2025-03-27,2025,hard,djokovic n.,korda s.,1.26,4.3,pinnacle
2025-03-27,2025,hard,fritz t.,berrettini m.,1.47,2.85,pinnacle
2025-03-28,2025,hard,djokovic n.,dimitrov g.,1.27,4.22,pinnacle
2025-03-28,2025,hard,mensik j.,fritz t.,3.4,1.37,pinnacle
2025-03-31,2025,hard,mensik j.,djokovic n.,4.19,1.27,pinnacle
2025-03-31,2025,clay,navone m.,djere l.,2.04,1.85,pinnacle
2025-03-31,2025,clay,jianu f.c.,basavareddy n.,2.6,1.55,pinnacle
2025-03-31,2025,clay,gasquet r.,van de zandschulp b.,3.83,1.3,pinnacle
2025-04-01,2025,clay,o connell c.,lajovic d.,2.36,1.65,pinnacle
2025-04-01,2025,clay,dzumhur d.,vacherot v.,1.65,2.36,pinnacle
2025-04-01,2025,clay,fucsovics m.,nardi l.,1.49,2.52,pinnacle
2025-04-01,2025,clay,misolic f.,shevchenko a.,1.85,2.04,pinnacle
2025-04-01,2025,clay,ugo carabelli c.,albot r.,1.26,4.27,pinnacle
2025-04-01,2025,clay,bautista agut r.,bu y.,1.78,2.15,pinnacle
2025-04-01,2025,clay,comesana f.,klizan m.,1.32,3.65,pinnacle
2025-04-01,2025,clay,diallo g.,tseng c.h.,2.32,1.67,pinnacle
2025-04-01,2025,clay,wawrinka s.,skatov t.,1.64,2.38,pinnacle
2025-04-02,2025,clay,misolic f.,ugo carabelli c.,2.77,1.51,pinnacle
2025-04-02,2025,clay,cobolli f.,gasquet r.,1.49,2.84,pinnacle
2025-04-02,2025,clay,comesana f.,bautista agut r.,1.72,2.25,pinnacle
2025-04-03,2025,clay,o connell c.,jarry n.,1.92,1.99,pinnacle
2025-04-03,2025,clay,baez s.,diallo g.,1.35,3.53,pinnacle
2025-04-03,2025,clay,fucsovics m.,navone m.,2.58,1.57,pinnacle
2025-04-03,2025,clay,dzumhur d.,jianu f.c.,1.33,3.69,pinnacle
2025-04-03,2025,clay,martinez p.,wawrinka s.,1.85,2.05,pinnacle
2025-04-04,2025,clay,fucsovics m.,o connell c.,1.54,2.66,pinnacle
2025-04-04,2025,clay,baez s.,comesana f.,1.49,2.84,pinnacle
2025-04-04,2025,clay,cobolli f.,misolic f.,1.72,2.25,pinnacle
2025-04-04,2025,clay,dzumhur d.,martinez p.,2.12,1.81,pinnacle
2025-04-05,2025,clay,baez s.,fucsovics m.,1.83,2.1,pinnacle
2025-04-05,2025,clay,cobolli f.,dzumhur d.,1.68,2.34,pinnacle
2025-04-06,2025,clay,cobolli f.,baez s.,2.52,1.6,pinnacle
2025-03-31,2025,clay,garin c.,ritschard a.,1.55,2.6,pinnacle
2025-03-31,2025,clay,brooksby j.,daniel t.,1.37,3.34,pinnacle
2025-04-01,2025,clay,michelsen a.,tien l.,1.97,1.92,pinnacle
2025-04-01,2025,clay,denolly c.,holt b.,3.3,1.38,pinnacle
2025-04-01,2025,clay,kovacevic a.,etcheverry t.,3.47,1.35,pinnacle
2025-04-01,2025,clay,mannarino a.,hanfmann y.,2.75,1.44,bet365
2025-04-01,2025,clay,mcdonald m.,galan d.e.,2.34,1.66,pinnacle
2025-04-01,2025,clay,walton a.,mmoh m.,2.28,1.69,pinnacle
2025-04-01,2025,clay,smith c.,duckworth j.,1.36,3.43,pinnacle
2025-04-01,2025,clay,quinn e.,thompson j.,2.44,1.61,pinnacle
2025-04-02,2025,clay,eubanks c.,hijikata r.,1.94,1.94,pinnacle
2025-04-02,2025,clay,nishikori k.,krueger m.,1.26,4.22,pinnacle
2025-04-02,2025,clay,brooksby j.,tabilo a.,2.14,1.8,pinnacle
2025-04-02,2025,clay,smith c.,quinn e.,1.56,2.65,pinnacle
2025-04-03,2025,clay,paul t.,garin c.,1.37,3.39,pinnacle
2025-04-03,2025,clay,kovacevic a.,denolly c.,1.23,4.74,pinnacle
2025-04-03,2025,clay,nakashima b.,mcdonald m.,1.47,2.91,pinnacle
2025-04-03,2025,clay,eubanks c.,nishikori k.,4.35,1.26,pinnacle
2025-04-04,2025,clay,tiafoe f.,walton a.,1.31,3.86,pinnacle
2025-04-04,2025,clay,michelsen a.,mannarino a.,1.14,6.55,pinnacle
2025-04-04,2025,clay,brooksby j.,kovacevic a.,1.74,2.22,pinnacle
2025-04-04,2025,clay,paul t.,smith c.,1.4,3.25,pinnacle
2025-04-04,2025,clay,nakashima b.,eubanks c.,1.25,3.69,pinnacle
2025-04-05,2025,clay,tiafoe f.,michelsen a.,1.53,2.68,pinnacle
2025-04-05,2025,clay,brooksby j.,paul t.,4.11,1.28,pinnacle
2025-04-06,2025,clay,tiafoe f.,nakashima b.,1.84,2.08,pinnacle
2025-04-06,2025,clay,brooksby j.,tiafoe f.,2.76,1.51,pinnacle
2025-03-31,2025,clay,carballes baena r.,baadi t.,1.02,32.58,pinnacle
2025-03-31,2025,clay,collignon r.,fognini f.,1.5,2.76,pinnacle
2025-03-31,2025,clay,dellien h.,vukic a.,1.61,2.44,pinnacle
2025-04-01,2025,clay,de jong j.,benchetrit e.,1.08,9.92,pinnacle
2025-04-01,2025,clay,virtanen o.,altmaier d.,3.73,1.31,pinnacle
2025-04-01,2025,clay,majchrzak k.,munar j.,3.04,1.43,pinnacle
2025-04-01,2025,clay,bellucci m.,kotov p.,2.09,1.81,pinnacle
2025-04-01,2025,clay,carreno busta p.,lalami laaroussi y.,1.01,33.16,pinnacle
2025-04-01,2025,clay,herbert p.,coria f.,2.52,1.58,pinnacle
2025-04-01,2025,clay,gaston h.,cerundolo j.m.,2.05,1.85,pinnacle
2025-04-02,2025,clay,darderi l.,boyer t.,1.51,2.72,pinnacle
2025-04-02,2025,clay,kopriva v.,gojo b.,1.65,2.34,pinnacle
2025-04-02,2025,clay,muller a.,dellien h.,1.52,2.69,pinnacle
2025-04-02,2025,clay,majchrzak k.,de jong j.,1.83,2.07,pinnacle
2025-04-02,2025,clay,carballes baena r.,virtanen o.,1.37,3.06,pinnacle
2025-04-02,2025,clay,borges n.,collignon r.,1.68,2.3,pinnacle
2025-04-03,2025,clay,bellucci m.,herbert p.,1.61,2.44,pinnacle
2025-04-03,2025,clay,griekspoor t.,carreno busta p.,1.76,2.17,pinnacle
2025-04-03,2025,clay,darderi l.,gaston h.,1.59,2.51,pinnacle
2025-04-03,2025,clay,kopriva v.,sonego l.,2.34,1.66,pinnacle
2025-04-04,2025,clay,carballes baena r.,borges n.,2.0,1.91,pinnacle
2025-04-04,2025,clay,darderi l.,kopriva v.,1.58,2.55,pinnacle
2025-04-04,2025,clay,griekspoor t.,bellucci m.,1.46,2.94,pinnacle
2025-04-04,2025,clay,majchrzak k.,muller a.,2.31,1.69,pinnacle
2025-04-05,2025,clay,darderi l.,carballes baena r.,2.04,1.88,pinnacle
2025-04-05,2025,clay,griekspoor t.,majchrzak k.,1.69,2.31,pinnacle
2025-04-06,2025,clay,darderi l.,griekspoor t.,2.3,1.69,pinnacle
2025-04-06,2025,clay,vacherot v.,struff j.l.,2.82,1.48,pinnacle
2025-04-06,2025,clay,gasquet r.,arnaldi m.,4.16,1.27,pinnacle
2025-04-06,2025,clay,thompson j.,mpetshi g.,2.36,1.65,pinnacle
2025-04-07,2025,clay,tabilo a.,wawrinka s.,1.69,2.28,pinnacle
2025-04-07,2025,clay,giron m.,shapovalov d.,2.82,1.48,pinnacle
2025-04-07,2025,clay,lehecka j.,korda s.,1.62,2.43,pinnacle
2025-04-07,2025,clay,monfils g.,marozsan f.,2.17,1.75,pinnacle
2025-04-07,2025,clay,altmaier d.,auger-aliassime f.,2.36,1.55,pinnacle
2025-04-07,2025,clay,musetti l.,bu y.,1.23,4.67,pinnacle
2025-04-07,2025,clay,berrettini m.,navone m.,1.54,2.64,pinnacle
2025-04-07,2025,clay,muller a.,ugo carabelli c.,2.0,1.89,pinnacle
2025-04-07,2025,clay,medvedev d.,khachanov k.,1.94,1.94,pinnacle
2025-04-07,2025,clay,davidovich fokina a.,shelton b.,1.63,2.41,pinnacle
2025-04-07,2025,clay,cerundolo f.,fognini f.,1.15,6.39,pinnacle
2025-04-08,2025,clay,dimitrov g.,jarry n.,1.38,3.28,pinnacle
2025-04-08,2025,clay,martinez p.,sonego l.,2.63,1.54,pinnacle
2025-04-08,2025,clay,popyrin a.,humbert u.,2.26,1.71,pinnacle
2025-04-08,2025,clay,bautista agut r.,nakashima b.,2.29,1.69,pinnacle
2025-04-08,2025,clay,borges n.,rune h.,3.22,1.39,pinnacle
2025-04-08,2025,clay,cobolli f.,lajovic d.,1.9,1.99,pinnacle
2025-04-08,2025,clay,etcheverry t.,moutet c.,1.74,2.21,pinnacle
2025-04-08,2025,clay,machac t.,baez s.,1.83,2.07,pinnacle
2025-04-08,2025,clay,fils a.,griekspoor t.,1.51,2.72,pinnacle
2025-04-08,2025,clay,tiafoe f.,kecmanovic m.,2.66,1.53,pinnacle
2025-04-08,2025,clay,berrettini m.,zverev a.,2.44,1.63,pinnacle
2025-04-08,2025,clay,tsitsipas s.,thompson j.,1.14,6.78,pinnacle
2025-04-08,2025,clay,draper j.,giron m.,1.28,4.11,pinnacle
2025-04-09,2025,clay,davidovich fokina a.,etcheverry t.,1.62,2.47,pinnacle
2025-04-09,2025,clay,musetti l.,lehecka j.,1.7,2.28,pinnacle
2025-04-09,2025,clay,altmaier d.,gasquet r.,1.49,2.83,pinnacle
2025-04-09,2025,clay,borges n.,martinez p.,1.54,2.67,pinnacle
2025-04-09,2025,clay,fils a.,cobolli f.,1.49,2.84,pinnacle
2025-04-09,2025,clay,rublev a.,monfils g.,1.52,2.72,pinnacle
2025-04-09,2025,clay,alcaraz c.,cerundolo f.,1.4,2.86,pinnacle
2025-04-09,2025,clay,de minaur a.,machac t.,1.74,2.23,pinnacle
2025-04-09,2025,clay,ruud c.,bautista agut r.,1.23,4.59,pinnacle
2025-04-09,2025,clay,tabilo a.,djokovic n.,3.69,1.25,pinnacle
2025-04-09,2025,clay,popyrin a.,tiafoe f.,1.74,2.23,pinnacle
2025-04-09,2025,clay,dimitrov g.,vacherot v.,1.2,4.86,pinnacle
2025-04-09,2025,clay,medvedev d.,muller a.,1.57,2.31,pinnacle
2025-04-10,2025,clay,fils a.,rublev a.,1.76,2.19,pinnacle
2025-04-10,2025,clay,davidovich fokina a.,draper j.,2.65,1.55,pinnacle
2025-04-10,2025,clay,popyrin a.,ruud c.,4.75,1.23,pinnacle
2025-04-10,2025,clay,alcaraz c.,altmaier d.,1.13,5.37,pinnacle
2025-04-10,2025,clay,musetti l.,berrettini m.,2.12,1.81,pinnacle
2025-04-10,2025,clay,de minaur a.,medvedev d.,1.63,2.44,pinnacle
2025-04-10,2025,clay,tsitsipas s.,borges n.,1.28,3.84,pinnacle
2025-04-10,2025,clay,dimitrov g.,tabilo a.,1.61,2.48,pinnacle
2025-04-11,2025,clay,davidovich fokina a.,popyrin a.,1.58,2.56,pinnacle
2025-04-11,2025,clay,alcaraz c.,fils a.,1.42,3.13,pinnacle
2025-04-11,2025,clay,de minaur a.,dimitrov g.,1.6,2.51,pinnacle
2025-04-11,2025,clay,musetti l.,tsitsipas s.,2.14,1.8,pinnacle
2025-04-12,2025,clay,alcaraz c.,davidovich fokina a.,1.23,4.7,pinnacle
2025-04-12,2025,clay,musetti l.,de minaur a.,2.15,1.79,pinnacle
2025-04-13,2025,clay,alcaraz c.,musetti l.,1.24,4.6,pinnacle
2025-04-14,2025,clay,martinez p.,nakashima b.,2.19,1.75,pinnacle
2025-04-14,2025,clay,korda s.,arnaldi m.,2.22,1.72,pinnacle
2025-04-14,2025,clay,fearnley j.,carballes baena r.,4.94,1.2,pinnacle
2025-04-14,2025,clay,medjedovic h.,mpetshi g.,1.46,2.91,pinnacle
2025-04-14,2025,clay,rune h.,ramos a.,1.16,6.13,pinnacle
2025-04-14,2025,clay,rublev a.,de jong j.,1.4,3.18,pinnacle
2025-04-15,2025,clay,fils a.,carreno busta p.,1.25,4.32,pinnacle
2025-04-15,2025,clay,baez s.,dzumhur d.,1.32,3.65,pinnacle
2025-04-15,2025,clay,tsitsipas s.,opelka r.,1.16,6.13,pinnacle
2025-04-15,2025,clay,ruud c.,galan d.e.,1.14,6.73,pinnacle
2025-04-15,2025,clay,djere l.,rinderknech a.,1.3,3.81,pinnacle
2025-04-15,2025,clay,de minaur a.,etcheverry t.,1.38,3.17,pinnacle
2025-04-15,2025,clay,munar j.,tiafoe f.,1.71,2.25,pinnacle
2025-04-15,2025,clay,alcaraz c.,quinn e.,1.03,19.73,pinnacle
2025-04-15,2025,clay,khachanov k.,norrie c.,1.63,2.42,pinnacle
2025-04-15,2025,clay,davidovich fokina a.,wawrinka s.,1.25,4.57,pinnacle
2025-04-16,2025,clay,fils a.,martinez p.,1.23,4.7,pinnacle
2025-04-16,2025,clay,rune h.,baez s.,1.74,2.22,pinnacle
2025-04-16,2025,clay,tsitsipas s.,korda s.,1.31,3.83,pinnacle
2025-04-16,2025,clay,ruud c.,medjedovic h.,1.39,3.29,pinnacle
2025-04-17,2025,clay,khachanov k.,munar j.,1.75,2.21,pinnacle
2025-04-17,2025,clay,davidovich fokina a.,rublev a.,2.04,1.87,pinnacle
2025-04-17,2025,clay,alcaraz c.,djere l.,1.08,9.95,pinnacle
2025-04-17,2025,clay,de minaur a.,fearnley j.,1.08,9.45,pinnacle
2025-04-18,2025,clay,khachanov k.,davidovich fokina a.,2.68,1.53,pinnacle
2025-04-18,2025,clay,rune h.,ruud c.,2.5,1.6,pinnacle
2025-04-18,2025,clay,alcaraz c.,de minaur a.,1.25,4.51,pinnacle
2025-04-18,2025,clay,fils a.,tsitsipas s.,1.81,2.12,pinnacle
2025-04-19,2025,clay,rune h.,khachanov k.,1.6,2.51,pinnacle
2025-04-19,2025,clay,alcaraz c.,fils a.,1.34,3.58,pinnacle
2025-04-20,2025,clay,rune h.,alcaraz c.,5.18,1.2,pinnacle
2025-04-14,2025,clay,griekspoor t.,tien l.,1.4,3.2,pinnacle
2025-04-14,2025,clay,kecmanovic m.,giron m.,1.45,2.93,pinnacle
2025-04-14,2025,clay,goffin d.,harris b.,1.34,3.5,pinnacle
2025-04-14,2025,clay,shelton b.,gojo b.,1.48,2.83,pinnacle
2025-04-14,2025,clay,zverev a.,muller a.,1.18,5.46,pinnacle
2025-04-14,2025,clay,altmaier d.,tseng c.h.,1.51,2.74,pinnacle
2025-04-15,2025,clay,darderi l.,o connell c.,1.35,3.2,max
2025-04-15,2025,clay,van de zandschulp b.,bautista agut r.,1.66,2.34,pinnacle
2025-04-15,2025,clay,hanfmann y.,mensik j.,3.41,1.36,pinnacle
2025-04-15,2025,clay,marozsan f.,engel j.,1.16,5.8,pinnacle
2025-04-15,2025,clay,shevchenko a.,cobolli f.,3.94,1.29,pinnacle
2025-04-15,2025,clay,cerundolo f.,struff j.l.,1.32,3.69,pinnacle
2025-04-15,2025,clay,humbert u.,jarry n.,1.81,2.1,pinnacle
2025-04-15,2025,clay,dedura-palomero d.,shapovalov d.,8.11,1.11,pinnacle
2025-04-15,2025,clay,navone m.,auger-aliassime f.,2.18,1.75,pinnacle
2025-04-15,2025,clay,bergs z.,bublik a.,1.52,2.7,pinnacle
2025-04-16,2025,clay,darderi l.,kecmanovic m.,1.81,2.12,pinnacle
2025-04-16,2025,clay,shelton b.,van de zandschulp b.,1.83,2.1,pinnacle
2025-04-16,2025,clay,zverev a.,altmaier d.,1.16,6.17,pinnacle
2025-04-16,2025,clay,griekspoor t.,hanfmann y.,1.38,3.33,pinnacle
2025-04-17,2025,clay,goffin d.,navone m.,2.99,1.45,pinnacle
2025-04-17,2025,clay,cerundolo f.,shevchenko a.,1.11,7.77,pinnacle
2025-04-17,2025,clay,bergs z.,dedura-palomero d.,1.15,6.29,pinnacle
2025-04-17,2025,clay,marozsan f.,humbert u.,1.88,2.04,pinnacle
2025-04-18,2025,clay,cerundolo f.,goffin d.,1.18,5.71,pinnacle
2025-04-18,2025,clay,shelton b.,darderi l.,2.31,1.69,pinnacle
2025-04-18,2025,clay,zverev a.,griekspoor t.,1.28,4.0,pinnacle
2025-04-18,2025,clay,marozsan f.,bergs z.,1.74,2.22,pinnacle
2025-04-19,2025,clay,shelton b.,cerundolo f.,3.5,1.35,pinnacle
2025-04-19,2025,clay,zverev a.,marozsan f.,1.22,4.95,pinnacle
2025-04-20,2025,clay,zverev a.,shelton b.,1.22,4.94,pinnacle
2025-04-23,2025,clay,navone m.,mpetshi g.,1.63,2.42,pinnacle
2025-04-23,2025,clay,rinderknech a.,safiullin r.,2.51,1.58,pinnacle
2025-04-23,2025,clay,cina f.,wong c.,1.57,2.55,pinnacle
2025-04-23,2025,clay,o connell c.,ugo carabelli c.,2.23,1.72,pinnacle
2025-04-23,2025,clay,bonzi b.,cilic m.,3.69,1.32,pinnacle
2025-04-23,2025,clay,borges n.,carreno busta p.,1.69,2.28,pinnacle
2025-04-23,2025,clay,mayot h.,moutet c.,2.52,1.58,pinnacle
2025-04-23,2025,clay,quinn e.,lajovic d.,2.6,1.55,pinnacle
2025-04-23,2025,clay,bautista agut r.,munar j.,2.72,1.51,pinnacle
2025-04-23,2025,clay,ofner s.,gaston h.,2.38,1.63,pinnacle
2025-04-23,2025,clay,djere l.,fognini f.,1.24,4.48,pinnacle
2025-04-23,2025,clay,comesana f.,martinez p.,1.89,2.0,pinnacle
2025-04-23,2025,clay,cerundolo j.m.,kovacevic a.,1.64,2.39,pinnacle
2025-04-23,2025,clay,bublik a.,michelsen a.,1.99,1.89,pinnacle
2025-04-23,2025,clay,monfils g.,gojo b.,1.67,2.33,pinnacle
2025-04-23,2025,clay,cobolli f.,marozsan f.,2.37,1.65,pinnacle
2025-04-24,2025,clay,muller a.,goffin d.,1.78,2.14,pinnacle
2025-04-24,2025,clay,nishikori k.,vukic a.,1.41,3.11,pinnacle
2025-04-24,2025,clay,dzumhur d.,bellucci m.,1.93,1.93,pinnacle
2025-04-24,2025,clay,etcheverry t.,medjedovic h.,2.25,1.71,pinnacle
2025-04-24,2025,clay,diallo g.,bergs z.,2.59,1.55,pinnacle
2025-04-24,2025,clay,sonego l.,kecmanovic m.,2.31,1.68,pinnacle
2025-04-24,2025,clay,darderi l.,halys q.,1.4,3.17,pinnacle
2025-04-24,2025,clay,jarry n.,altmaier d.,2.28,1.69,pinnacle
2025-04-24,2025,clay,norrie c.,landaluce m.,1.3,3.8,pinnacle
2025-04-24,2025,clay,arnaldi m.,coric b.,1.8,2.11,pinnacle
2025-04-24,2025,clay,struff j.l.,van de zandschulp b.,2.43,1.62,pinnacle
2025-04-24,2025,clay,fonseca j.,moller e.,1.32,3.72,pinnacle
2025-04-24,2025,clay,giron m.,tien l.,1.79,2.13,pinnacle
2025-04-24,2025,clay,griekspoor t.,kopriva v.,1.31,3.73,pinnacle
2025-04-24,2025,clay,opelka r.,hijikata r.,1.44,2.98,pinnacle
2025-04-24,2025,clay,fearnley j.,bu y.,1.83,2.07,pinnacle
2025-04-25,2025,clay,bonzi b.,hurkacz h.,2.88,1.48,pinnacle
2025-04-25,2025,clay,cerundolo f.,mayot h.,1.12,7.22,pinnacle
2025-04-25,2025,clay,comesana f.,fils a.,5.22,1.19,pinnacle
2025-04-25,2025,clay,ruud c.,rinderknech a.,1.14,6.57,pinnacle
2025-04-25,2025,clay,medvedev d.,djere l.,1.64,2.41,pinnacle
2025-04-25,2025,clay,cerundolo j.m.,auger-aliassime f.,3.78,1.32,pinnacle
2025-04-25,2025,clay,bublik a.,popyrin a.,2.46,1.62,pinnacle
2025-04-25,2025,clay,korda s.,cina f.,1.16,5.76,pinnacle
2025-04-25,2025,clay,mensik j.,quinn e.,1.38,3.21,pinnacle
2025-04-25,2025,clay,zverev a.,bautista agut r.,1.1,8.32,pinnacle
2025-04-25,2025,clay,fritz t.,o connell c.,1.28,4.0,pinnacle
2025-04-25,2025,clay,nakashima b.,ofner s.,1.67,2.35,pinnacle
2025-04-25,2025,clay,shelton b.,navone m.,1.82,2.11,pinnacle
2025-04-25,2025,clay,rublev a.,monfils g.,1.38,3.31,pinnacle
2025-04-25,2025,clay,davidovich fokina a.,borges n.,1.42,3.14,pinnacle
2025-04-25,2025,clay,cobolli f.,rune h.,3.24,1.4,pinnacle
2025-04-26,2025,clay,shapovalov d.,nishikori k.,1.81,2.12,pinnacle
2025-04-26,2025,clay,musetti l.,etcheverry t.,1.46,2.94,pinnacle
2025-04-26,2025,clay,dzumhur d.,baez s.,3.94,1.27,pinnacle
2025-04-26,2025,clay,norrie c.,lehecka j.,3.16,1.41,pinnacle
2025-04-26,2025,clay,de minaur a.,sonego l.,1.18,5.43,pinnacle
2025-04-26,2025,clay,diallo g.,majchrzak k.,2.03,1.88,pinnacle
2025-04-26,2025,clay,tsitsipas s.,struff j.l.,1.27,4.05,pinnacle
2025-04-26,2025,clay,arnaldi m.,djokovic n.,3.93,1.28,pinnacle
2025-04-26,2025,clay,fearnley j.,machac t.,3.2,1.39,pinnacle
2025-04-26,2025,clay,dimitrov g.,jarry n.,1.6,2.5,pinnacle
2025-04-26,2025,clay,muller a.,humbert u.,1.99,1.92,pinnacle
2025-04-26,2025,clay,berrettini m.,giron m.,1.2,5.38,pinnacle
2025-04-26,2025,clay,draper j.,griekspoor t.,1.58,2.55,pinnacle
2025-04-26,2025,clay,tiafoe f.,darderi l.,2.29,1.7,pinnacle
2025-04-26,2025,clay,khachanov k.,opelka r.,1.33,3.53,pinnacle
2025-04-26,2025,clay,paul t.,fonseca j.,2.61,1.56,pinnacle
2025-04-27,2025,clay,nakashima b.,cobolli f.,2.57,1.57,pinnacle
2025-04-27,2025,clay,bublik a.,rublev a.,4.38,1.27,pinnacle
2025-04-27,2025,clay,zverev a.,davidovich fokina a.,1.33,3.7,pinnacle
2025-04-27,2025,clay,medvedev d.,cerundolo j.m.,1.32,3.63,pinnacle
2025-04-27,2025,clay,fritz t.,bonzi b.,1.13,6.73,pinnacle
2025-04-27,2025,clay,mensik j.,shelton b.,1.73,2.24,pinnacle
2025-04-27,2025,clay,cerundolo f.,comesana f.,1.25,4.27,pinnacle
2025-04-27,2025,clay,ruud c.,korda s.,1.38,3.31,pinnacle
2025-04-28,2025,clay,arnaldi m.,dzumhur d.,1.41,3.15,pinnacle
2025-04-29,2025,clay,de minaur a.,shapovalov d.,1.24,4.37,pinnacle
2025-04-29,2025,clay,paul t.,khachanov k.,1.78,2.17,pinnacle
2025-04-29,2025,clay,tiafoe f.,muller a.,1.71,2.28,pinnacle
2025-04-29,2025,clay,diallo g.,norrie c.,2.07,1.85,pinnacle
2025-04-29,2025,clay,dimitrov g.,fearnley j.,1.34,3.61,pinnacle
2025-04-29,2025,clay,draper j.,berrettini m.,1.6,2.51,pinnacle
2025-04-29,2025,clay,musetti l.,tsitsipas s.,2.06,1.85,pinnacle
2025-04-29,2025,clay,mensik j.,bublik a.,1.34,3.57,pinnacle
2025-04-29,2025,clay,cerundolo f.,zverev a.,2.67,1.54,pinnacle
2025-04-29,2025,clay,medvedev d.,nakashima b.,1.43,3.1,pinnacle
2025-04-29,2025,clay,ruud c.,fritz t.,1.7,2.29,pinnacle
2025-04-30,2025,clay,arnaldi m.,tiafoe f.,1.79,2.15,pinnacle
2025-04-30,2025,clay,draper j.,paul t.,1.61,2.49,pinnacle
2025-04-30,2025,clay,diallo g.,dimitrov g.,3.32,1.38,pinnacle
2025-04-30,2025,clay,musetti l.,de minaur a.,2.28,1.71,pinnacle
2025-05-01,2025,clay,ruud c.,medvedev d.,1.5,2.8,pinnacle
2025-05-01,2025,clay,cerundolo f.,mensik j.,1.68,2.33,pinnacle
2025-05-01,2025,clay,draper j.,arnaldi m.,1.31,3.81,pinnacle
2025-05-01,2025,clay,musetti l.,diallo g.,1.22,4.91,pinnacle
2025-05-02,2025,clay,ruud c.,cerundolo f.,1.93,1.97,pinnacle
2025-05-02,2025,clay,draper j.,musetti l.,1.58,2.54,pinnacle
2025-05-03,2025,clay,ruud c.,draper j.,2.92,1.47,pinnacle
2025-05-07,2025,clay,comesana f.,altmaier d.,1.77,2.15,pinnacle
2025-05-07,2025,clay,moutet c.,hijikata r.,1.28,3.93,pinnacle
2025-05-07,2025,clay,muller a.,lehecka j.,2.52,1.58,pinnacle
2025-05-07,2025,clay,thompson j.,mpetshi g.,1.75,2.19,pinnacle
2025-05-07,2025,clay,ugo carabelli c.,carreno busta p.,1.93,1.96,pinnacle
2025-05-07,2025,clay,taberner c.,kovacevic a.,1.61,2.45,pinnacle
2025-05-07,2025,clay,griekspoor t.,kecmanovic m.,1.63,2.4,pinnacle
2025-05-07,2025,clay,burruchaga r.,sonego l.,2.45,1.61,pinnacle
2025-05-07,2025,clay,kopriva v.,halys q.,1.54,2.63,pinnacle
2025-05-07,2025,clay,lajovic d.,nishioka y.,1.24,4.44,pinnacle
2025-05-07,2025,clay,norrie c.,o connell c.,1.68,2.31,pinnacle
2025-05-07,2025,clay,passaro f.,tseng c.h.,2.57,1.56,pinnacle
2025-05-07,2025,clay,virtanen o.,medjedovic h.,4.15,1.27,pinnacle
2025-05-07,2025,clay,djere l.,etcheverry t.,1.91,1.98,pinnacle
2025-05-07,2025,clay,gaubas v.,dzumhur d.,1.93,1.96,pinnacle
2025-05-07,2025,clay,darderi l.,bu y.,1.38,3.26,pinnacle
2025-05-08,2025,clay,de jong j.,shevchenko a.,1.62,2.43,pinnacle
2025-05-08,2025,clay,bautista agut r.,arnaldi m.,4.56,1.24,pinnacle
2025-05-08,2025,clay,jarry n.,gaston h.,1.55,2.62,pinnacle
2025-05-08,2025,clay,vukic a.,moreno de alboran n.,2.26,1.71,pinnacle
2025-05-08,2025,clay,navone m.,cina f.,1.19,5.32,pinnacle
2025-05-08,2025,clay,marozsan f.,fonseca j.,3.13,1.41,pinnacle
2025-05-08,2025,clay,seyboth wild t.,borges n.,2.11,1.8,pinnacle
2025-05-08,2025,clay,munar j.,barrios m.,1.6,2.48,pinnacle
2025-05-08,2025,clay,nardi l.,cobolli f.,3.27,1.38,pinnacle
2025-05-08,2025,clay,gigante m.,rinderknech a.,1.77,2.15,pinnacle
2025-05-08,2025,clay,giron m.,diallo g.,2.56,1.57,pinnacle
2025-05-08,2025,clay,bublik a.,safiullin r.,1.98,1.91,pinnacle
2025-05-08,2025,clay,ofner s.,carballes baena r.,1.7,2.24,pinnacle
2025-05-08,2025,clay,martinez p.,bellucci m.,1.71,2.24,pinnacle
2025-05-08,2025,clay,fearnley j.,fognini f.,1.43,3.05,pinnacle
2025-05-08,2025,clay,tien l.,opelka r.,1.92,1.97,pinnacle
2025-05-09,2025,clay,nakashima b.,thompson j.,1.39,3.28,pinnacle
2025-05-09,2025,clay,passaro f.,dimitrov g.,4.12,1.28,pinnacle
2025-05-09,2025,clay,khachanov k.,burruchaga r.,1.3,3.88,pinnacle
2025-05-09,2025,clay,fils a.,griekspoor t.,1.53,2.71,pinnacle
2025-05-09,2025,clay,popyrin a.,taberner c.,1.51,2.65,pinnacle
2025-05-09,2025,clay,alcaraz c.,lajovic d.,1.05,14.83,pinnacle
2025-05-09,2025,clay,tsitsipas s.,muller a.,1.29,3.82,pinnacle
2025-05-09,2025,clay,djere l.,michelsen a.,1.43,3.05,pinnacle
2025-05-09,2025,clay,musetti l.,virtanen o.,1.08,9.61,pinnacle
2025-05-09,2025,clay,medvedev d.,norrie c.,1.33,3.68,pinnacle
2025-05-09,2025,clay,moutet c.,humbert u.,2.32,1.68,pinnacle
2025-05-09,2025,clay,kopriva v.,baez s.,2.77,1.51,pinnacle
2025-05-09,2025,clay,gaubas v.,shapovalov d.,2.8,1.5,pinnacle
2025-05-09,2025,clay,rune h.,comesana f.,1.35,3.53,pinnacle
2025-05-09,2025,clay,draper j.,darderi l.,1.25,4.52,pinnacle
2025-05-09,2025,clay,zverev a.,ugo carabelli c.,1.09,8.66,pinnacle
2025-05-10,2025,clay,paul t.,bautista agut r.,1.24,4.57,pinnacle
2025-05-10,2025,clay,berrettini m.,fearnley j.,1.34,3.57,pinnacle
2025-05-10,2025,clay,marozsan f.,rublev a.,2.12,1.81,pinnacle
2025-05-10,2025,clay,ofner s.,tiafoe f.,2.24,1.73,pinnacle
2025-05-10,2025,clay,machac t.,tien l.,1.32,3.79,pinnacle
2025-05-10,2025,clay,korda s.,vukic a.,1.37,3.38,pinnacle
2025-05-10,2025,clay,hurkacz h.,martinez p.,1.72,2.25,pinnacle
2025-05-10,2025,clay,ruud c.,bublik a.,1.18,5.41,pinnacle
2025-05-10,2025,clay,giron m.,fritz t.,5.95,1.16,pinnacle
2025-05-10,2025,clay,de jong j.,davidovich fokina a.,4.01,1.29,pinnacle
2025-05-10,2025,clay,mensik j.,gigante m.,1.26,4.4,pinnacle
2025-05-10,2025,clay,cerundolo f.,jarry n.,1.22,4.93,pinnacle
2025-05-10,2025,clay,dellien h.,seyboth wild t.,2.71,1.52,pinnacle
2025-05-10,2025,clay,munar j.,shelton b.,2.22,1.75,pinnacle
2025-05-10,2025,clay,sinner j.,navone m.,1.09,9.73,pinnacle
2025-05-10,2025,clay,de minaur a.,nardi l.,1.1,8.25,pinnacle
2025-05-11,2025,clay,medvedev d.,popyrin a.,1.36,3.49,pinnacle
2025-05-11,2025,clay,fils a.,tsitsipas s.,1.8,2.14,pinnacle
2025-05-11,2025,clay,moutet c.,rune h.,5.02,1.2,pinnacle
2025-05-11,2025,clay,musetti l.,nakashima b.,1.18,5.43,pinnacle
2025-05-11,2025,clay,zverev a.,gaubas v.,1.06,12.27,pinnacle
2025-05-11,2025,clay,draper j.,kopriva v.,1.12,7.18,pinnacle
2025-05-11,2025,clay,khachanov k.,passaro f.,1.45,2.97,pinnacle
2025-05-11,2025,clay,alcaraz c.,djere l.,1.1,9.31,pinnacle
2025-05-12,2025,clay,paul t.,machac t.,1.71,2.27,pinnacle
2025-05-12,2025,clay,de minaur a.,dellien h.,1.04,16.8,pinnacle
2025-05-12,2025,clay,mensik j.,marozsan f.,1.7,2.29,pinnacle
2025-05-12,2025,clay,hurkacz h.,giron m.,1.5,2.79,pinnacle
2025-05-12,2025,clay,cerundolo f.,ofner s.,1.17,5.56,pinnacle
2025-05-12,2025,clay,sinner j.,de jong j.,1.04,15.96,pinnacle
2025-05-12,2025,clay,munar j.,korda s.,2.12,1.81,pinnacle
2025-05-12,2025,clay,ruud c.,berrettini m.,1.63,2.43,pinnacle
2025-05-13,2025,clay,alcaraz c.,khachanov k.,1.07,10.41,pinnacle
2025-05-13,2025,clay,draper j.,moutet c.,1.12,7.23,pinnacle
2025-05-13,2025,clay,hurkacz h.,mensik j.,2.97,1.45,pinnacle
2025-05-13,2025,clay,musetti l.,medvedev d.,1.54,2.65,pinnacle
2025-05-13,2025,clay,sinner j.,cerundolo f.,1.29,4.0,pinnacle
2025-05-13,2025,clay,zverev a.,fils a.,1.57,2.59,pinnacle
2025-05-13,2025,clay,paul t.,de minaur a.,2.72,1.52,pinnacle
2025-05-14,2025,clay,ruud c.,munar j.,1.24,4.58,pinnacle
2025-05-14,2025,clay,alcaraz c.,draper j.,1.36,3.45,pinnacle
2025-05-14,2025,clay,musetti l.,zverev a.,2.37,1.66,pinnacle
2025-05-15,2025,clay,paul t.,hurkacz h.,1.42,3.14,pinnacle
2025-05-15,2025,clay,sinner j.,ruud c.,1.29,4.04,pinnacle
2025-05-16,2025,clay,alcaraz c.,musetti l.,1.37,3.41,pinnacle
2025-05-16,2025,clay,sinner j.,paul t.,1.1,9.13,pinnacle
2025-05-18,2025,clay,alcaraz c.,sinner j.,2.43,1.63,pinnacle
2025-05-18,2025,clay,popyrin a.,jarry n.,1.94,1.94,pinnacle
2025-05-18,2025,clay,borges n.,michelsen a.,1.7,2.27,pinnacle
2025-05-19,2025,clay,fearnley j.,lajovic d.,1.9,1.99,pinnacle
2025-05-19,2025,clay,ofner s.,gakhov i.,1.21,4.9,pinnacle
2025-05-19,2025,clay,nishikori k.,tien l.,1.83,2.07,pinnacle
2025-05-19,2025,clay,halys q.,munar j.,3.01,1.44,pinnacle
2025-05-19,2025,clay,arnaldi m.,gaston h.,1.37,3.37,pinnacle
2025-05-19,2025,clay,norrie c.,stricker d.,1.34,3.56,pinnacle
2025-05-19,2025,clay,fucsovics m.,bergs z.,1.71,2.24,pinnacle
2025-05-20,2025,clay,rinderknech a.,kecmanovic m.,2.82,1.48,pinnacle
2025-05-20,2025,clay,hurkacz h.,cazaux a.,1.24,4.54,pinnacle
2025-05-20,2025,clay,marozsan f.,sell k.,1.12,7.35,pinnacle
2025-05-21,2025,clay,fritz t.,halys q.,1.24,4.59,pinnacle
2025-05-21,2025,clay,khachanov k.,nishikori k.,1.35,3.42,pinnacle
2025-05-21,2025,clay,ofner s.,borges n.,1.85,2.02,pinnacle
2025-05-21,2025,clay,arnaldi m.,marozsan f.,2.15,1.79,pinnacle
2025-05-21,2025,clay,hurkacz h.,rinderknech a.,1.36,3.49,pinnacle
2025-05-21,2025,clay,djokovic n.,fucsovics m.,1.29,4.06,pinnacle
2025-05-21,2025,clay,popyrin a.,fearnley j.,1.94,1.96,pinnacle
2025-05-21,2025,clay,norrie c.,machac t.,2.62,1.56,pinnacle
2025-05-22,2025,clay,ofner s.,khachanov k.,2.78,1.49,pinnacle
2025-05-22,2025,clay,hurkacz h.,fritz t.,2.34,1.68,pinnacle
2025-05-22,2025,clay,djokovic n.,arnaldi m.,1.31,3.84,pinnacle
2025-05-22,2025,clay,norrie c.,popyrin a.,2.16,1.78,pinnacle
2025-05-23,2025,clay,hurkacz h.,ofner s.,1.49,2.84,pinnacle
2025-05-23,2025,clay,djokovic n.,norrie c.,1.21,5.11,pinnacle
2025-05-24,2025,clay,djokovic n.,hurkacz h.,1.36,3.47,pinnacle
2025-05-18,2025,clay,darderi l.,dedura d.,1.12,7.44,pinnacle
2025-05-18,2025,clay,cerundolo f.,martinez p.,1.18,5.56,pinnacle
2025-05-19,2025,clay,nakashima b.,collignon r.,1.73,2.22,pinnacle
2025-05-19,2025,clay,bautista agut r.,giron m.,1.92,1.97,pinnacle
2025-05-19,2025,clay,rublev a.,dzumhur d.,1.19,5.21,pinnacle
2025-05-19,2025,clay,muller a.,ymer e.,1.4,3.19,pinnacle
2025-05-19,2025,clay,lehecka j.,gojo b.,1.44,3.0,pinnacle
2025-05-19,2025,clay,zverev a.,kovacevic a.,1.05,15.54,pinnacle
2025-05-19,2025,clay,engel j.,struff j.l.,4.24,1.26,pinnacle
2025-05-20,2025,clay,cobolli f.,sachko v.,1.25,4.33,pinnacle
2025-05-20,2025,clay,etcheverry t.,comesana f.,2.21,1.74,pinnacle
2025-05-20,2025,clay,tiafoe f.,bu y.,1.53,2.65,pinnacle
2025-05-20,2025,clay,ugo carabelli c.,baez s.,2.39,1.64,pinnacle
2025-05-20,2025,clay,davidovich fokina a.,monfils g.,1.38,3.26,pinnacle
2025-05-20,2025,clay,mpetshi g.,bublik a.,2.12,1.8,pinnacle
2025-05-20,2025,clay,auger-aliassime f.,altmaier d.,1.71,2.25,pinnacle
2025-05-21,2025,clay,bautista agut r.,tiafoe f.,2.58,1.57,pinnacle
2025-05-21,2025,clay,lehecka j.,cerundolo f.,3.06,1.43,pinnacle
2025-05-21,2025,clay,etcheverry t.,ugo carabelli c.,1.74,2.23,pinnacle
2025-05-21,2025,clay,rublev a.,engel j.,1.09,9.68,pinnacle
2025-05-21,2025,clay,cobolli f.,davidovich fokina a.,3.07,1.43,pinnacle
2025-05-21,2025,clay,muller a.,zverev a.,7.98,1.12,pinnacle
2025-05-21,2025,clay,darderi l.,nakashima b.,1.71,2.27,pinnacle
2025-05-21,2025,clay,auger-aliassime f.,mpetshi g.,1.46,2.96,pinnacle
2025-05-22,2025,clay,etcheverry t.,lehecka j.,2.57,1.57,pinnacle
2025-05-22,2025,clay,cobolli f.,bautista agut r.,1.67,2.36,pinnacle
2025-05-22,2025,clay,rublev a.,darderi l.,1.5,2.82,pinnacle
2025-05-22,2025,clay,auger-aliassime f.,muller a.,1.45,2.97,pinnacle
2025-05-23,2025,clay,cobolli f.,etcheverry t.,2.15,1.79,pinnacle
2025-05-23,2025,clay,rublev a.,auger-aliassime f.,1.78,2.16,pinnacle
2025-05-24,2025,clay,cobolli f.,rublev a.,3.19,1.41,pinnacle
2025-05-25,2025,clay,fucsovics m.,schoolkate t.,1.1,8.86,pinnacle
2025-05-25,2025,clay,medjedovic h.,majchrzak k.,1.62,2.45,pinnacle
2025-05-25,2025,clay,paul t.,moller e.,1.15,6.45,pinnacle
2025-05-25,2025,clay,navone m.,nakashima b.,1.49,2.84,pinnacle
2025-05-25,2025,clay,mpetshi g.,bergs z.,1.88,2.03,pinnacle
2025-05-25,2025,clay,opelka r.,hijikata r.,1.47,2.92,pinnacle
2025-05-25,2025,clay,carreno busta p.,comesana f.,2.67,1.54,pinnacle
2025-05-25,2025,clay,dzumhur d.,tirante t.a.,1.74,2.22,pinnacle
2025-05-25,2025,clay,kopriva v.,monteiro t.,1.42,3.14,pinnacle
2025-05-25,2025,clay,musetti l.,hanfmann y.,1.06,13.11,pinnacle
2025-05-25,2025,clay,cerundolo j.m.,michelsen a.,1.88,2.03,pinnacle
2025-05-25,2025,clay,galan d.e.,royer v.,2.07,1.85,pinnacle
2025-05-25,2025,clay,tiafoe f.,safiullin r.,1.48,2.88,pinnacle
2025-05-25,2025,clay,marozsan f.,nardi l.,1.25,4.52,pinnacle
2025-05-25,2025,clay,gigante m.,hassan b.,1.53,2.69,pinnacle
2025-05-25,2025,clay,nava e.,van de zandschulp b.,2.18,1.77,pinnacle
2025-05-25,2025,clay,brooksby j.,faria j.,1.65,2.4,pinnacle
2025-05-25,2025,clay,shelton b.,sonego l.,1.58,2.56,pinnacle
2025-05-25,2025,clay,halys q.,machac t.,3.24,1.4,pinnacle
2025-05-25,2025,clay,borges n.,jacquet k.,1.55,2.65,pinnacle
2025-05-26,2025,clay,korda s.,darderi l.,1.96,1.94,pinnacle
2025-05-26,2025,clay,gaston h.,blanchet u.,1.5,2.8,pinnacle
2025-05-26,2025,clay,kecmanovic m.,baez s.,2.21,1.75,pinnacle
2025-05-26,2025,clay,popyrin a.,nishioka y.,1.19,5.44,pinnacle
2025-05-26,2025,clay,ruud c.,ramos a.,1.04,18.01,pinnacle
2025-05-26,2025,clay,tabilo a.,cazaux a.,1.6,2.52,pinnacle
2025-05-26,2025,clay,alcaraz c.,zeppieri g.,1.01,54.44,pinnacle
2025-05-26,2025,clay,tsitsipas s.,etcheverry t.,1.25,4.74,pinnacle
2025-05-26,2025,clay,davidovich fokina a.,llamas ruiz p.,1.13,7.13,pinnacle
2025-05-26,2025,clay,altmaier d.,fritz t.,3.74,1.32,pinnacle
2025-05-26,2025,clay,rune h.,bautista agut r.,1.18,5.67,pinnacle
2025-05-26,2025,clay,fearnley j.,wawrinka s.,1.48,2.88,pinnacle
2025-05-26,2025,clay,khachanov k.,vukic a.,1.1,9.13,pinnacle
2025-05-26,2025,clay,diallo g.,cerundolo f.,8.05,1.11,pinnacle
2025-05-26,2025,clay,lehecka j.,thompson j.,1.17,5.94,pinnacle
2025-05-26,2025,clay,ofner s.,struff j.l.,1.41,3.18,pinnacle
2025-05-26,2025,clay,gasquet r.,atmane t.,2.55,1.58,pinnacle
2025-05-26,2025,clay,shapovalov d.,martinez p.,1.58,2.54,pinnacle
2025-05-26,2025,clay,misolic f.,bu y.,1.62,2.45,pinnacle
2025-05-26,2025,clay,fils a.,jarry n.,1.17,5.92,pinnacle
2025-05-26,2025,clay,humbert u.,o connell c.,1.56,2.61,pinnacle
2025-05-26,2025,clay,munar j.,ugo carabelli c.,1.69,2.31,pinnacle
2025-05-26,2025,clay,griekspoor t.,giron m.,1.3,3.89,pinnacle
2025-05-26,2025,clay,sinner j.,rinderknech a.,1.01,39.89,pinnacle
2025-05-27,2025,clay,de minaur a.,djere l.,1.24,4.54,pinnacle
2025-05-27,2025,clay,gomez f.a.,kovacevic a.,2.4,1.65,pinnacle
2025-05-27,2025,clay,norrie c.,medvedev d.,4.43,1.25,pinnacle
2025-05-27,2025,clay,shevchenko a.,lajovic d.,2.89,1.48,pinnacle
2025-05-27,2025,clay,quinn e.,dimitrov g.,3.4,1.37,pinnacle
2025-05-27,2025,clay,bublik a.,duckworth j.,1.17,5.86,pinnacle
2025-05-27,2025,clay,zverev a.,tien l.,1.05,13.31,pinnacle
2025-05-27,2025,clay,de jong j.,passaro f.,1.53,2.71,pinnacle
2025-05-27,2025,clay,mensik j.,muller a.,1.4,3.2,pinnacle
2025-05-27,2025,clay,walton a.,marterer m.,3.9,1.3,pinnacle
2025-05-27,2025,clay,herbert p.,bonzi b.,2.51,1.6,pinnacle
2025-05-27,2025,clay,djokovic n.,mcdonald m.,1.02,22.07,pinnacle
2025-05-27,2025,clay,rocha h.,basilashvili n.,2.89,1.47,pinnacle
2025-05-27,2025,clay,rublev a.,harris l.,1.09,10.34,pinnacle
2025-05-27,2025,clay,draper j.,bellucci m.,1.02,24.69,pinnacle
2025-05-27,2025,clay,arnaldi m.,auger-aliassime f.,2.05,1.87,pinnacle
2025-05-27,2025,clay,cobolli f.,cilic m.,1.42,3.13,pinnacle
2025-05-27,2025,clay,moutet c.,tabur c.,1.25,4.45,pinnacle
2025-05-27,2025,clay,fonseca j.,hurkacz h.,1.85,2.07,pinnacle
2025-05-27,2025,clay,monfils g.,dellien h.,1.34,3.58,pinnacle
2025-05-28,2025,clay,musetti l.,galan d.e.,1.04,19.79,pinnacle
2025-05-28,2025,clay,medjedovic h.,cerundolo j.m.,1.46,2.94,pinnacle
2025-05-28,2025,clay,altmaier d.,kopriva v.,1.57,2.57,pinnacle
2025-05-28,2025,clay,popyrin a.,tabilo a.,1.56,2.59,pinnacle
2025-05-28,2025,clay,halys q.,kecmanovic m.,2.37,1.66,pinnacle
2025-05-28,2025,clay,navone m.,opelka r.,1.25,4.49,pinnacle
2025-05-28,2025,clay,borges n.,ruud c.,9.72,1.09,pinnacle
2025-05-28,2025,clay,khachanov k.,ofner s.,1.42,3.11,pinnacle
2025-05-28,2025,clay,alcaraz c.,marozsan f.,1.03,19.15,pinnacle
2025-05-28,2025,clay,dzumhur d.,mpetshi g.,2.54,1.58,pinnacle
2025-05-28,2025,clay,paul t.,fucsovics m.,1.22,4.97,pinnacle
2025-05-28,2025,clay,gigante m.,tsitsipas s.,9.69,1.09,pinnacle
2025-05-28,2025,clay,korda s.,brooksby j.,1.35,3.54,pinnacle
2025-05-28,2025,clay,shelton b.,gaston h.,1.42,3.13,pinnacle
2025-05-28,2025,clay,tiafoe f.,carreno busta p.,1.62,2.46,pinnacle
2025-05-28,2025,clay,rune h.,nava e.,1.12,7.54,pinnacle
2025-05-29,2025,clay,bublik a.,de minaur a.,8.88,1.1,pinnacle
2025-05-29,2025,clay,lehecka j.,davidovich fokina a.,2.1,1.83,pinnacle
2025-05-29,2025,clay,fils a.,munar j.,1.19,5.51,pinnacle
2025-05-29,2025,clay,rocha h.,mensik j.,13.9,1.06,pinnacle
2025-05-29,2025,clay,zverev a.,de jong j.,1.04,17.04,pinnacle
2025-05-29,2025,clay,griekspoor t.,diallo g.,1.61,2.49,pinnacle
2025-05-29,2025,clay,sinner j.,gasquet r.,1.01,39.43,pinnacle
2025-05-29,2025,clay,rublev a.,walton a.,1.04,20.18,pinnacle
2025-05-29,2025,clay,cobolli f.,arnaldi m.,1.87,2.04,pinnacle
2025-05-29,2025,clay,fonseca j.,herbert p.,1.05,14.24,pinnacle
2025-05-29,2025,clay,norrie c.,gomez f.a.,1.15,6.66,pinnacle
2025-05-29,2025,clay,quinn e.,shevchenko a.,2.23,1.74,pinnacle
2025-05-29,2025,clay,djokovic n.,moutet c.,1.09,9.4,pinnacle
2025-05-29,2025,clay,misolic f.,shapovalov d.,2.42,1.64,pinnacle
2025-05-29,2025,clay,fearnley j.,humbert u.,2.22,1.74,pinnacle
2025-05-29,2025,clay,draper j.,monfils g.,1.14,6.88,pinnacle
2025-05-30,2025,clay,musetti l.,navone m.,1.12,7.59,pinnacle
2025-05-30,2025,clay,paul t.,khachanov k.,2.13,1.8,pinnacle
2025-05-30,2025,clay,popyrin a.,borges n.,1.83,2.1,pinnacle
2025-05-30,2025,clay,rune h.,halys q.,1.18,5.68,pinnacle
2025-05-30,2025,clay,altmaier d.,medjedovic h.,2.49,1.61,pinnacle
2025-05-30,2025,clay,shelton b.,gigante m.,1.52,2.72,pinnacle
2025-05-30,2025,clay,tiafoe f.,korda s.,2.05,1.87,pinnacle
2025-05-30,2025,clay,alcaraz c.,dzumhur d.,1.01,34.0,bet365
2025-05-31,2025,clay,griekspoor t.,quinn e.,1.19,5.46,pinnacle
2025-05-31,2025,clay,sinner j.,lehecka j.,1.06,13.66,pinnacle
2025-05-31,2025,clay,rublev a.,fils a.,1.68,2.32,pinnacle
2025-05-31,2025,clay,zverev a.,cobolli f.,1.21,5.14,pinnacle
2025-05-31,2025,clay,draper j.,fonseca j.,1.43,3.06,pinnacle
2025-05-31,2025,clay,bublik a.,rocha h.,1.33,3.65,pinnacle
2025-05-31,2025,clay,norrie c.,fearnley j.,1.81,2.12,pinnacle
2025-05-31,2025,clay,djokovic n.,misolic f.,1.07,10.82,pinnacle
2025-06-01,2025,clay,paul t.,popyrin a.,1.67,2.36,pinnacle
2025-06-01,2025,clay,alcaraz c.,shelton b.,1.05,13.88,pinnacle
2025-06-01,2025,clay,tiafoe f.,altmaier d.,1.54,2.66,pinnacle
2025-06-01,2025,clay,musetti l.,rune h.,1.49,2.85,pinnacle
2025-06-02,2025,clay,zverev a.,griekspoor t.,1.15,6.47,pinnacle
2025-06-02,2025,clay,djokovic n.,norrie c.,1.07,12.26,pinnacle
2025-06-02,2025,clay,bublik a.,draper j.,10.11,1.08,pinnacle
2025-06-02,2025,clay,sinner j.,rublev a.,1.06,12.79,pinnacle
2025-06-03,2025,clay,musetti l.,tiafoe f.,1.22,4.89,pinnacle
2025-06-03,2025,clay,alcaraz c.,paul t.,1.12,7.82,pinnacle
2025-06-04,2025,clay,sinner j.,bublik a.,1.03,17.08,pinnacle
2025-06-04,2025,clay,djokovic n.,zverev a.,1.96,1.94,pinnacle
2025-06-06,2025,clay,alcaraz c.,musetti l.,1.15,6.6,pinnacle
2025-06-06,2025,clay,sinner j.,djokovic n.,1.27,4.18,pinnacle
2025-06-08,2025,clay,alcaraz c.,sinner j.,2.03,1.88,pinnacle
2025-06-09,2025,grass,lehecka j.,bonzi b.,1.43,3.05,pinnacle
2025-06-09,2025,grass,nakashima b.,fearnley j.,1.9,1.99,pinnacle
2025-06-09,2025,grass,struff j.l.,arnaldi m.,1.98,1.91,pinnacle
2025-06-09,2025,grass,mpetshi g.,safiullin r.,1.58,2.41,pinnacle
2025-06-10,2025,grass,rinderknech a.,shapovalov d.,2.98,1.44,pinnacle
2025-06-10,2025,grass,herbert p.,dzumhur d.,1.5,2.78,pinnacle
2025-06-10,2025,grass,fucsovics m.,hanfmann y.,1.54,2.64,pinnacle
2025-06-10,2025,grass,halys q.,sonego l.,1.61,2.44,pinnacle
2025-06-10,2025,grass,engel j.,duckworth j.,3.78,1.31,pinnacle
2025-06-10,2025,grass,tien l.,nishioka y.,1.46,2.9,pinnacle
2025-06-10,2025,grass,moutet c.,fognini f.,1.33,3.58,pinnacle
2025-06-10,2025,grass,michelsen a.,monfils g.,1.85,2.04,pinnacle
2025-06-11,2025,grass,fucsovics m.,rinderknech a.,1.53,2.69,pinnacle
2025-06-11,2025,grass,shelton b.,herbert p.,1.33,3.66,pinnacle
2025-06-11,2025,grass,fritz t.,halys q.,1.42,3.13,pinnacle
2025-06-11,2025,grass,lehecka j.,struff j.l.,1.5,2.81,pinnacle
2025-06-12,2025,grass,engel j.,michelsen a.,6.63,1.15,pinnacle
2025-06-12,2025,grass,auger-aliassime f.,mpetshi g.,1.7,2.27,pinnacle
2025-06-12,2025,grass,zverev a.,moutet c.,1.09,9.89,pinnacle
2025-06-12,2025,grass,nakashima b.,tien l.,1.4,3.23,pinnacle
2025-06-13,2025,grass,auger-aliassime f.,engel j.,1.24,4.58,pinnacle
2025-06-13,2025,grass,fritz t.,fucsovics m.,1.38,3.34,pinnacle
2025-06-13,2025,grass,zverev a.,nakashima b.,1.31,3.81,pinnacle
2025-06-13,2025,grass,shelton b.,lehecka j.,1.93,1.97,pinnacle
2025-06-14,2025,grass,fritz t.,auger-aliassime f.,1.61,2.49,pinnacle
2025-06-14,2025,grass,zverev a.,shelton b.,1.61,2.48,pinnacle
2025-06-15,2025,grass,fritz t.,zverev a.,2.36,1.67,pinnacle
2025-06-09,2025,grass,diallo g.,vukic a.,1.64,2.39,pinnacle
2025-06-09,2025,grass,borges n.,basavareddy n.,1.6,2.49,pinnacle
2025-06-09,2025,grass,jarry n.,darderi l.,1.58,2.52,pinnacle
2025-06-09,2025,grass,thompson j.,kovacevic a.,1.43,3.02,pinnacle
2025-06-10,2025,grass,bergs z.,blockx a.,1.63,2.41,pinnacle
2025-06-10,2025,grass,mcdonald m.,bellucci m.,1.65,2.37,pinnacle
2025-06-10,2025,grass,opelka r.,de jong j.,1.74,2.21,pinnacle
2025-06-10,2025,grass,virtanen o.,etcheverry t.,1.58,2.52,pinnacle
2025-06-11,2025,grass,mannarino a.,o connell c.,1.7,2.27,pinnacle
2025-06-11,2025,grass,evans d.,hijikata r.,2.63,1.54,pinnacle
2025-06-11,2025,grass,hurkacz h.,bautista agut r.,1.35,3.44,pinnacle
2025-06-11,2025,grass,lajal m.,djere l.,1.65,2.39,pinnacle
2025-06-11,2025,grass,diallo g.,thompson j.,2.59,1.57,pinnacle
2025-06-11,2025,grass,khachanov k.,mcdonald m.,1.5,2.82,pinnacle
2025-06-12,2025,grass,borges n.,virtanen o.,1.56,2.58,pinnacle
2025-06-12,2025,grass,humbert u.,evans d.,1.33,3.64,pinnacle
2025-06-12,2025,grass,opelka r.,jarry n.,1.79,2.14,pinnacle
2025-06-12,2025,grass,bergs z.,popyrin a.,2.28,1.71,pinnacle
2025-06-12,2025,grass,lajal m.,hurkacz h.,2.5,1.6,pinnacle
2025-06-12,2025,grass,medvedev d.,mannarino a.,1.3,3.81,pinnacle
2025-06-13,2025,grass,humbert u.,borges n.,1.41,3.18,pinnacle
2025-06-13,2025,grass,diallo g.,khachanov k.,2.42,1.64,pinnacle
2025-06-13,2025,grass,opelka r.,medvedev d.,3.75,1.32,pinnacle
2025-06-13,2025,grass,bergs z.,lajal m.,1.83,2.09,pinnacle
2025-06-14,2025,grass,diallo g.,humbert u.,2.61,1.56,pinnacle
2025-06-14,2025,grass,bergs z.,opelka r.,2.3,1.69,pinnacle
2025-06-15,2025,grass,diallo g.,bergs z.,1.56,2.6,pinnacle
2025-06-16,2025,grass,marozsan f.,kecmanovic m.,1.94,1.94,pinnacle
2025-06-16,2025,grass,medvedev d.,altmaier d.,1.19,5.22,pinnacle
2025-06-16,2025,grass,bublik a.,muller a.,1.34,3.42,pinnacle
2025-06-16,2025,grass,tsitsipas s.,darderi l.,1.3,3.88,pinnacle
2025-06-16,2025,grass,halys q.,bonzi b.,1.68,2.29,pinnacle
2025-06-17,2025,grass,etcheverry t.,martinez p.,1.38,3.16,pinnacle
2025-06-17,2025,grass,machac t.,de jong j.,1.43,3.03,pinnacle
2025-06-17,2025,grass,rublev a.,ofner s.,1.49,2.8,pinnacle
2025-06-17,2025,grass,cobolli f.,fonseca j.,2.63,1.54,pinnacle
2025-06-17,2025,grass,michelsen a.,cerundolo f.,1.9,1.99,pinnacle
2025-06-17,2025,grass,shapovalov d.,humbert u.,2.28,1.69,pinnacle
2025-06-17,2025,grass,sinner j.,hanfmann y.,1.02,24.07,pinnacle
2025-06-17,2025,grass,auger-aliassime f.,djere l.,1.32,3.69,pinnacle
2025-06-17,2025,grass,sonego l.,struff j.l.,2.19,1.75,pinnacle
2025-06-18,2025,grass,khachanov k.,bergs z.,1.53,2.66,pinnacle
2025-06-18,2025,grass,zverev a.,giron m.,1.14,6.7,pinnacle
2025-06-18,2025,grass,medvedev d.,halys q.,1.47,2.91,pinnacle
2025-06-18,2025,grass,michelsen a.,tsitsipas s.,1.76,2.2,pinnacle
2025-06-19,2025,grass,khachanov k.,auger-aliassime f.,2.36,1.67,pinnacle
2025-06-19,2025,grass,cobolli f.,shapovalov d.,2.38,1.65,pinnacle
2025-06-19,2025,grass,etcheverry t.,rublev a.,4.52,1.25,pinnacle
2025-06-19,2025,grass,machac t.,marozsan f.,1.86,2.05,pinnacle
2025-06-19,2025,grass,zverev a.,sonego l.,1.12,7.71,pinnacle
2025-06-19,2025,grass,bublik a.,sinner j.,6.53,1.16,pinnacle
2025-06-20,2025,grass,medvedev d.,michelsen a.,1.43,3.06,pinnacle
2025-06-20,2025,grass,zverev a.,cobolli f.,1.14,7.04,pinnacle
2025-06-20,2025,grass,bublik a.,machac t.,1.57,2.59,pinnacle
2025-06-20,2025,grass,khachanov k.,etcheverry t.,1.36,3.43,pinnacle
2025-06-21,2025,grass,medvedev d.,zverev a.,2.2,1.76,pinnacle
2025-06-21,2025,grass,bublik a.,khachanov k.,1.61,2.48,pinnacle
2025-06-22,2025,grass,bublik a.,medvedev d.,2.38,1.65,pinnacle
2025-06-16,2025,grass,bautista agut r.,borges n.,1.74,2.2,pinnacle
2025-06-16,2025,grass,evans d.,tiafoe f.,4.15,1.27,pinnacle
2025-06-16,2025,grass,rune h.,o connell c.,1.24,4.43,pinnacle
2025-06-16,2025,grass,mensik j.,norrie c.,1.68,2.3,pinnacle
2025-06-16,2025,grass,fearnley j.,bolt a.,1.41,3.13,pinnacle
2025-06-16,2025,grass,mcdonald m.,monfils g.,2.08,1.83,pinnacle
2025-06-17,2025,grass,lehecka j.,de minaur a.,3.15,1.41,pinnacle
2025-06-17,2025,grass,popyrin a.,vukic a.,1.65,2.37,pinnacle
2025-06-17,2025,grass,nakashima b.,mpetshi g.,1.57,2.56,pinnacle
2025-06-17,2025,grass,draper j.,brooksby j.,1.07,10.67,pinnacle
2025-06-17,2025,grass,rinderknech a.,shelton b.,4.67,1.23,pinnacle
2025-06-17,2025,grass,opelka r.,ugo carabelli c.,1.2,5.2,pinnacle
2025-06-17,2025,grass,alcaraz c.,walton a.,1.02,28.15,pinnacle
2025-06-17,2025,grass,munar j.,thompson j.,3.41,1.36,pinnacle
2025-06-17,2025,grass,moutet c.,fritz t.,6.13,1.16,pinnacle
2025-06-17,2025,grass,diallo g.,harris b.,1.45,2.96,pinnacle
2025-06-18,2025,grass,bautista agut r.,mensik j.,2.71,1.53,pinnacle
2025-06-18,2025,grass,draper j.,popyrin a.,1.15,6.41,pinnacle
2025-06-18,2025,grass,nakashima b.,evans d.,1.41,3.17,pinnacle
2025-06-18,2025,grass,rune h.,mcdonald m.,1.39,3.3,pinnacle
2025-06-19,2025,grass,lehecka j.,diallo g.,1.56,2.61,pinnacle
2025-06-19,2025,grass,fearnley j.,moutet c.,1.62,2.47,pinnacle
2025-06-19,2025,grass,alcaraz c.,munar j.,1.04,19.07,pinnacle
2025-06-19,2025,grass,rinderknech a.,opelka r.,2.13,1.8,pinnacle
2025-06-20,2025,grass,lehecka j.,fearnley j.,1.52,2.74,pinnacle
2025-06-20,2025,grass,draper j.,nakashima b.,1.21,5.08,pinnacle
2025-06-20,2025,grass,alcaraz c.,rinderknech a.,1.11,7.78,pinnacle
2025-06-20,2025,grass,bautista agut r.,rune h.,3.62,1.34,pinnacle
2025-06-21,2025,grass,lehecka j.,draper j.,2.74,1.52,pinnacle
2025-06-21,2025,grass,alcaraz c.,bautista agut r.,1.12,7.95,pinnacle
2025-06-22,2025,grass,alcaraz c.,lehecka j.,1.25,4.45,pinnacle
2025-06-23,2025,grass,fonseca j.,bergs z.,1.54,2.64,pinnacle
2025-06-23,2025,grass,evans d.,kecmanovic m.,2.29,1.69,pinnacle
2025-06-23,2025,grass,bellucci m.,halys q.,2.27,1.7,pinnacle
2025-06-23,2025,grass,sonego l.,marozsan f.,1.68,2.31,pinnacle
2025-06-23,2025,grass,davidovich fokina a.,tseng c.h.,1.34,3.56,pinnacle
2025-06-24,2025,grass,duckworth j.,vukic a.,2.75,1.53,pinnacle
2025-06-24,2025,grass,opelka r.,loffhagen g.,1.62,2.43,pinnacle
2025-06-24,2025,grass,giron m.,darderi l.,1.59,2.5,pinnacle
2025-06-24,2025,grass,borges n.,pinnington jones j.,1.59,2.49,pinnacle
2025-06-24,2025,grass,brooksby j.,comesana f.,1.5,2.72,pinnacle
2025-06-24,2025,grass,harris b.,norrie c.,3.34,1.37,pinnacle
2025-06-24,2025,grass,fearnley j.,cobolli f.,1.71,2.24,pinnacle
2025-06-25,2025,grass,brooksby j.,borges n.,2.06,1.85,pinnacle
2025-06-25,2025,grass,humbert u.,sonego l.,1.66,2.36,pinnacle
2025-06-25,2025,grass,harris b.,bellucci m.,2.52,1.6,pinnacle
2025-06-25,2025,grass,mensik j.,opelka r.,1.51,2.76,pinnacle
2025-06-25,2025,grass,davidovich fokina a.,duckworth j.,1.47,2.89,pinnacle
2025-06-25,2025,grass,giron m.,fearnley j.,2.84,1.49,pinnacle
2025-06-25,2025,grass,evans d.,paul t.,3.28,1.39,pinnacle
2025-06-26,2025,grass,fritz t.,fonseca j.,1.41,3.18,pinnacle
2025-06-26,2025,grass,humbert u.,harris b.,1.27,4.28,pinnacle
2025-06-26,2025,grass,brooksby j.,evans d.,1.83,2.07,pinnacle
2025-06-26,2025,grass,davidovich fokina a.,mensik j.,2.7,1.53,pinnacle
2025-06-26,2025,grass,fritz t.,giron m.,1.25,4.42,pinnacle
2025-06-27,2025,grass,brooksby j.,humbert u.,2.87,1.48,pinnacle
2025-06-27,2025,grass,fritz t.,davidovich fokina a.,1.37,3.37,pinnacle
2025-06-28,2025,grass,fritz t.,brooksby j.,1.3,3.89,pinnacle
2025-06-22,2025,grass,djere l.,bu y.,1.73,2.21,pinnacle
2025-06-22,2025,grass,altmaier d.,fognini f.,1.49,2.79,pinnacle
2025-06-23,2025,grass,safiullin r.,muller a.,1.63,2.4,pinnacle
2025-06-23,2025,grass,moutet c.,martinez p.,1.3,3.88,pinnacle
2025-06-23,2025,grass,medjedovic h.,basavareddy n.,1.68,2.3,pinnacle
2025-06-23,2025,grass,rinderknech a.,dzumhur d.,1.31,3.78,pinnacle
2025-06-23,2025,grass,diallo g.,munar j.,1.63,2.41,pinnacle
2025-06-23,2025,grass,quinn e.,ugo carabelli c.,1.41,3.13,pinnacle
2025-06-23,2025,grass,tien l.,engel j.,1.69,2.28,pinnacle
2025-06-24,2025,grass,holt b.,bonzi b.,2.25,1.71,pinnacle
2025-06-24,2025,grass,tomic b.,hijikata r.,2.55,1.57,pinnacle
2025-06-24,2025,grass,bautista agut r.,etcheverry t.,1.6,2.48,pinnacle
2025-06-24,2025,grass,medjedovic h.,safiullin r.,1.79,2.14,pinnacle
2025-06-24,2025,grass,griekspoor t.,quinn e.,1.56,2.59,pinnacle
2025-06-24,2025,grass,diallo g.,djere l.,1.44,3.04,pinnacle
2025-06-24,2025,grass,auger-aliassime f.,rinderknech a.,1.37,3.42,pinnacle
2025-06-25,2025,grass,moutet c.,altmaier d.,1.49,2.85,pinnacle
2025-06-25,2025,grass,michelsen a.,holt b.,1.31,3.85,pinnacle
2025-06-25,2025,grass,tien l.,shelton b.,3.86,1.31,pinnacle
2025-06-25,2025,grass,bautista agut r.,tomic b.,1.23,4.68,pinnacle
2025-06-26,2025,grass,griekspoor t.,diallo g.,1.99,1.92,pinnacle
2025-06-26,2025,grass,auger-aliassime f.,medjedovic h.,1.45,2.98,pinnacle
2025-06-26,2025,grass,moutet c.,tien l.,2.17,1.78,pinnacle
2025-06-26,2025,grass,michelsen a.,bautista agut r.,1.99,1.91,pinnacle
2025-06-27,2025,grass,griekspoor t.,auger-aliassime f.,2.3,1.69,pinnacle
2025-06-27,2025,grass,moutet c.,michelsen a.,2.52,1.6,pinnacle
2025-06-28,2025,grass,griekspoor t.,moutet c.,1.59,2.46,pinnacle
2025-06-30,2025,grass,tarvet o.,riedi l.,2.12,1.79,pinnacle
2025-06-30,2025,grass,lehecka j.,dellien h.,1.02,15.0,bet365
2025-06-30,2025,grass,thompson j.,kopriva v.,1.43,3.03,pinnacle
2025-06-30,2025,grass,mannarino a.,o connell c.,1.43,3.03,pinnacle
2025-06-30,2025,grass,bellucci m.,crawford o.,1.3,3.81,pinnacle
2025-06-30,2025,grass,bonzi b.,medvedev d.,9.03,1.09,pinnacle
2025-06-30,2025,grass,tien l.,basavareddy n.,1.54,2.63,pinnacle
2025-06-30,2025,grass,tiafoe f.,moller e.,1.06,12.44,pinnacle
2025-06-30,2025,grass,norrie c.,bautista agut r.,1.91,1.98,pinnacle
2025-06-30,2025,grass,fery a.,popyrin a.,4.45,1.24,pinnacle
2025-06-30,2025,grass,harris l.,bergs z.,2.56,1.56,pinnacle
2025-06-30,2025,grass,jarry n.,rune h.,3.76,1.3,pinnacle
2025-06-30,2025,grass,royer v.,tsitsipas s.,4.13,1.27,pinnacle
2025-06-30,2025,grass,alcaraz c.,fognini f.,1.01,17.0,bet365
2025-06-30,2025,grass,darderi l.,safiullin r.,3.07,1.42,pinnacle
2025-06-30,2025,grass,borges n.,cerundolo f.,2.49,1.59,pinnacle
2025-06-30,2025,grass,auger-aliassime f.,duckworth j.,1.2,5.06,pinnacle
2025-06-30,2025,grass,fonseca j.,fearnley j.,1.49,2.79,pinnacle
2025-06-30,2025,grass,quinn e.,searle h.,1.47,2.85,pinnacle
2025-06-30,2025,grass,harris b.,lajovic d.,1.47,2.85,pinnacle
2025-06-30,2025,grass,khachanov k.,mcdonald m.,1.21,4.91,pinnacle
2025-06-30,2025,grass,garin c.,rodesch c.,1.67,2.31,pinnacle
2025-06-30,2025,grass,rublev a.,djere l.,1.26,4.28,pinnacle
2025-06-30,2025,grass,struff j.l.,misolic f.,1.65,2.36,pinnacle
2025-06-30,2025,grass,majchrzak k.,berrettini m.,7.18,1.13,pinnacle
2025-06-30,2025,grass,davidovich fokina a.,holt b.,1.23,4.58,pinnacle
2025-06-30,2025,grass,brooksby j.,griekspoor t.,2.7,1.52,pinnacle
2025-06-30,2025,grass,diallo g.,altmaier d.,1.2,5.2,pinnacle
2025-07-01,2025,grass,vukic a.,tseng c.h.,1.26,4.23,pinnacle
2025-07-01,2025,grass,marozsan f.,mccabe j.,1.46,2.91,pinnacle
2025-07-01,2025,grass,kecmanovic m.,michelsen a.,2.84,1.48,pinnacle
2025-07-01,2025,grass,sonego l.,faria j.,1.29,3.9,pinnacle
2025-07-01,2025,grass,paul t.,monday j.,1.08,10.39,pinnacle
2025-07-01,2025,grass,de minaur a.,carballes baena r.,1.01,13.0,bet365
2025-07-01,2025,grass,cazaux a.,walton a.,1.56,2.59,pinnacle
2025-07-01,2025,grass,basilashvili n.,musetti l.,3.9,1.29,pinnacle
2025-07-01,2025,grass,de jong j.,eubanks c.,1.67,2.33,pinnacle
2025-07-01,2025,grass,navone m.,shapovalov d.,6.24,1.15,pinnacle
2025-07-01,2025,grass,munar j.,bublik a.,4.76,1.22,pinnacle
2025-07-01,2025,grass,sinner j.,nardi l.,1.01,13.0,bet365
2025-07-01,2025,grass,ofner s.,medjedovic h.,2.65,1.53,pinnacle
2025-07-01,2025,grass,martinez p.,loffhagen g.,3.74,1.31,pinnacle
2025-07-01,2025,grass,van de zandschulp b.,arnaldi m.,2.32,1.67,pinnacle
2025-07-01,2025,grass,mochizuki s.,zeppieri g.,1.51,2.73,pinnacle
2025-07-01,2025,grass,evans d.,clarke j.,1.19,5.22,pinnacle
2025-07-01,2025,grass,moutet c.,comesana f.,1.51,2.75,pinnacle
2025-07-01,2025,grass,fritz t.,mpetshi g.,1.18,5.56,pinnacle
2025-07-01,2025,grass,holmgren a.,halys q.,5.64,1.17,pinnacle
2025-07-01,2025,grass,machac t.,dzumhur d.,1.22,4.82,pinnacle
2025-07-01,2025,grass,rinderknech a.,zverev a.,8.34,1.1,pinnacle
2025-07-01,2025,grass,cobolli f.,zhukayev b.,1.3,3.81,pinnacle
2025-07-01,2025,grass,mensik j.,gaston h.,1.08,10.35,pinnacle
2025-07-01,2025,grass,cilic m.,collignon r.,1.09,9.03,pinnacle
2025-07-01,2025,grass,shelton b.,bolt a.,1.28,3.94,pinnacle
2025-07-01,2025,grass,opelka r.,shevchenko a.,1.35,3.49,pinnacle
2025-07-01,2025,grass,monfils g.,humbert u.,3.52,1.34,pinnacle
2025-07-01,2025,grass,fucsovics m.,kovacevic a.,1.29,3.9,pinnacle
2025-07-01,2025,grass,dimitrov g.,nishioka y.,1.21,4.94,pinnacle
2025-07-01,2025,grass,hijikata r.,goffin d.,1.62,2.42,pinnacle
2025-07-01,2025,grass,pinnington jones j.,etcheverry t.,2.77,1.5,pinnacle
2025-07-01,2025,grass,draper j.,baez s.,1.02,15.0,bet365
2025-07-01,2025,grass,giron m.,ugo carabelli c.,1.08,10.42,pinnacle
2025-07-01,2025,grass,djokovic n.,muller a.,1.03,24.43,pinnacle
2025-07-02,2025,grass,nakashima b.,bu y.,1.15,6.44,pinnacle
2025-07-02,2025,grass,norrie c.,tiafoe f.,2.59,1.57,pinnacle
2025-07-02,2025,grass,fonseca j.,brooksby j.,1.45,3.0,pinnacle
2025-07-02,2025,grass,mannarino a.,royer v.,1.44,3.03,pinnacle
2025-07-02,2025,grass,jarry n.,tien l.,1.76,2.2,pinnacle
2025-07-02,2025,grass,khachanov k.,mochizuki s.,1.14,6.76,pinnacle
2025-07-02,2025,grass,rublev a.,harris l.,1.31,3.81,pinnacle
2025-07-02,2025,grass,borges n.,harris b.,1.58,2.56,pinnacle
2025-07-02,2025,grass,alcaraz c.,tarvet o.,1.01,12.0,bet365
2025-07-02,2025,grass,thompson j.,bonzi b.,2.46,1.62,pinnacle
2025-07-02,2025,grass,bellucci m.,lehecka j.,5.04,1.21,pinnacle
2025-07-02,2025,grass,majchrzak k.,quinn e.,2.26,1.72,pinnacle
2025-07-02,2025,grass,fritz t.,diallo g.,1.32,3.76,pinnacle
2025-07-03,2025,grass,kecmanovic m.,de jong j.,1.41,3.17,pinnacle
2025-07-03,2025,grass,mensik j.,giron m.,1.59,2.53,pinnacle
2025-07-03,2025,grass,de minaur a.,cazaux a.,1.1,8.61,pinnacle
2025-07-03,2025,grass,cobolli f.,pinnington jones j.,1.4,3.25,pinnacle
2025-07-03,2025,grass,dimitrov g.,moutet c.,1.66,2.38,pinnacle
2025-07-03,2025,grass,davidovich fokina a.,van de zandschulp b.,1.33,3.66,pinnacle
2025-07-03,2025,grass,munar j.,marozsan f.,1.76,2.2,pinnacle
2025-07-03,2025,grass,struff j.l.,auger-aliassime f.,3.38,1.37,pinnacle
2025-07-03,2025,grass,rinderknech a.,garin c.,1.75,2.21,pinnacle
2025-07-03,2025,grass,djokovic n.,evans d.,1.06,13.92,pinnacle
2025-07-03,2025,grass,darderi l.,fery a.,2.13,1.81,pinnacle
2025-07-03,2025,grass,holmgren a.,machac t.,6.76,1.14,pinnacle
2025-07-03,2025,grass,martinez p.,navone m.,2.71,1.53,pinnacle
2025-07-03,2025,grass,nakashima b.,opelka r.,1.42,3.14,pinnacle
2025-07-03,2025,grass,ofner s.,paul t.,6.3,1.16,pinnacle
2025-07-03,2025,grass,cilic m.,draper j.,7.4,1.13,pinnacle
2025-07-03,2025,grass,sonego l.,basilashvili n.,1.45,3.0,pinnacle
2025-07-03,2025,grass,sinner j.,vukic a.,1.01,17.0,bet365
2025-07-04,2025,grass,fucsovics m.,monfils g.,1.94,1.96,pinnacle
2025-07-04,2025,grass,shelton b.,hijikata r.,1.26,4.37,pinnacle
2025-07-04,2025,grass,fritz t.,davidovich fokina a.,1.3,3.92,pinnacle
2025-07-04,2025,grass,rublev a.,mannarino a.,1.3,3.96,pinnacle
2025-07-04,2025,grass,norrie c.,bellucci m.,1.6,2.5,pinnacle
2025-07-04,2025,grass,thompson j.,darderi l.,1.79,2.15,pinnacle
2025-07-04,2025,grass,majchrzak k.,rinderknech a.,2.07,1.85,pinnacle
2025-07-04,2025,grass,jarry n.,fonseca j.,3.05,1.43,pinnacle
2025-07-04,2025,grass,khachanov k.,borges n.,1.44,3.03,pinnacle
2025-07-04,2025,grass,alcaraz c.,struff j.l.,1.05,15.53,pinnacle
2025-07-05,2025,grass,cobolli f.,mensik j.,2.67,1.54,pinnacle
2025-07-05,2025,grass,sinner j.,martinez p.,1.01,41.19,pinnacle
2025-07-05,2025,grass,dimitrov g.,ofner s.,1.31,3.83,pinnacle
2025-07-05,2025,grass,sonego l.,nakashima b.,2.74,1.52,pinnacle
2025-07-05,2025,grass,de minaur a.,holmgren a.,1.08,10.76,pinnacle
2025-07-05,2025,grass,cilic m.,munar j.,1.58,2.55,pinnacle
2025-07-05,2025,grass,shelton b.,fucsovics m.,1.32,3.77,pinnacle
2025-07-05,2025,grass,djokovic n.,kecmanovic m.,1.05,15.38,pinnacle
2025-07-06,2025,grass,khachanov k.,majchrzak k.,1.38,3.36,pinnacle
2025-07-06,2025,grass,fritz t.,thompson j.,1.15,6.36,pinnacle
2025-07-06,2025,grass,norrie c.,jarry n.,1.87,2.04,pinnacle
2025-07-06,2025,grass,alcaraz c.,rublev a.,1.1,8.57,pinnacle
2025-07-07,2025,grass,cobolli f.,cilic m.,1.88,2.03,pinnacle
2025-07-07,2025,grass,djokovic n.,de minaur a.,1.2,5.22,pinnacle
2025-07-07,2025,grass,shelton b.,sonego l.,1.32,3.76,pinnacle
2025-07-07,2025,grass,sinner j.,dimitrov g.,1.03,18.06,pinnacle
2025-07-08,2025,grass,fritz t.,khachanov k.,1.29,4.06,pinnacle
2025-07-08,2025,grass,alcaraz c.,norrie c.,1.07,10.89,pinnacle
2025-07-09,2025,grass,sinner j.,shelton b.,1.32,3.6,pinnacle
2025-07-09,2025,grass,djokovic n.,cobolli f.,1.11,8.33,pinnacle
2025-07-11,2025,grass,alcaraz c.,fritz t.,1.2,5.13,pinnacle
2025-07-11,2025,grass,sinner j.,djokovic n.,1.47,2.93,pinnacle
2025-07-13,2025,grass,sinner j.,alcaraz c.,1.85,2.07,pinnacle
2025-07-14,2025,clay,de jong j.,rejchtman vinciguerra w.,1.01,36.9,pinnacle
2025-07-14,2025,clay,darderi l.,collignon r.,1.41,3.11,pinnacle
2025-07-15,2025,clay,gaston h.,tseng c.h.,2.35,1.66,pinnacle
2025-07-15,2025,clay,dzumhur d.,ofner s.,2.43,1.62,pinnacle
2025-07-15,2025,clay,kopriva v.,dellien h.,1.63,2.41,pinnacle
2025-07-15,2025,clay,pellegrino a.,faria j.,1.72,2.2,pinnacle
2025-07-15,2025,clay,budkov kjaer n.,monteiro t.,2.75,1.49,pinnacle
2025-07-15,2025,clay,ymer e.,boyer t.,1.72,2.23,pinnacle
2025-07-16,2025,clay,navone m.,barrios m.,1.25,4.43,pinnacle
2025-07-16,2025,clay,misolic f.,moller e.,1.5,2.78,pinnacle
2025-07-16,2025,clay,ugo carabelli c.,garin c.,2.29,1.69,pinnacle
2025-07-16,2025,clay,van de zandschulp b.,ymer m.,1.43,3.01,pinnacle
2025-07-16,2025,clay,de jong j.,kopriva v.,2.03,1.86,pinnacle
2025-07-16,2025,clay,griekspoor t.,pellegrino a.,1.31,3.78,pinnacle
2025-07-16,2025,clay,darderi l.,ymer e.,1.24,4.49,pinnacle
2025-07-16,2025,clay,baez s.,budkov kjaer n.,1.32,3.66,pinnacle
2025-07-17,2025,clay,ugo carabelli c.,van de zandschulp b.,2.03,1.87,pinnacle
2025-07-17,2025,clay,misolic f.,borges n.,2.17,1.76,pinnacle
2025-07-17,2025,clay,cerundolo f.,navone m.,1.79,2.13,pinnacle
2025-07-17,2025,clay,dzumhur d.,gaston h.,1.85,2.05,pinnacle
2025-07-18,2025,clay,de jong j.,griekspoor t.,2.33,1.68,pinnacle
2025-07-18,2025,clay,ugo carabelli c.,misolic f.,1.98,1.93,pinnacle
2025-07-18,2025,clay,darderi l.,baez s.,1.75,2.21,pinnacle
2025-07-18,2025,clay,cerundolo f.,dzumhur d.,1.21,5.01,pinnacle
2025-07-19,2025,clay,de jong j.,ugo carabelli c.,1.83,2.09,pinnacle
2025-07-19,2025,clay,darderi l.,cerundolo f.,2.47,1.62,pinnacle
2025-07-20,2025,clay,darderi l.,de jong j.,1.6,2.52,pinnacle
2025-07-14,2025,clay,majchrzak k.,atmane t.,1.34,3.51,pinnacle
2025-07-14,2025,clay,burruchaga r.,svrcina d.,1.83,2.08,pinnacle
2025-07-14,2025,clay,buse i.,djere l.,3.32,1.37,pinnacle
2025-07-14,2025,clay,cazaux a.,basilashvili n.,1.75,2.19,pinnacle
2025-07-14,2025,clay,stricker d.,herbert p.,1.68,2.31,pinnacle
2025-07-15,2025,clay,comesana f.,trungelliti m.,1.62,2.43,pinnacle
2025-07-15,2025,clay,cerundolo j.m.,struff j.l.,2.37,1.65,pinnacle
2025-07-15,2025,clay,passaro f.,rinderknech a.,1.93,1.93,pinnacle
2025-07-15,2025,clay,goffin d.,landaluce m.,2.35,1.66,pinnacle
2025-07-15,2025,clay,carballes baena r.,taberner c.,1.83,2.08,pinnacle
2025-07-15,2025,clay,kym j.,hemery c.,1.55,2.59,pinnacle
2025-07-15,2025,clay,shevchenko a.,wawrinka s.,1.95,1.93,pinnacle
2025-07-16,2025,clay,buse i.,majchrzak k.,2.52,1.58,pinnacle
2025-07-16,2025,clay,burruchaga r.,zahraj p.,1.2,5.17,pinnacle
2025-07-16,2025,clay,ruud c.,stricker d.,1.3,3.86,pinnacle
2025-07-17,2025,clay,comesana f.,carballes baena r.,1.48,2.84,pinnacle
2025-07-17,2025,clay,cerundolo j.m.,goffin d.,1.68,2.31,pinnacle
2025-07-17,2025,clay,cazaux a.,etcheverry t.,2.75,1.51,pinnacle
2025-07-17,2025,clay,bublik a.,shevchenko a.,1.52,2.68,pinnacle
2025-07-17,2025,clay,kym j.,passaro f.,2.22,1.72,pinnacle
2025-07-18,2025,clay,buse i.,burruchaga r.,1.82,2.11,pinnacle
2025-07-18,2025,clay,cerundolo j.m.,ruud c.,4.66,1.24,pinnacle
2025-07-18,2025,clay,bublik a.,comesana f.,1.67,2.36,pinnacle
2025-07-18,2025,clay,cazaux a.,kym j.,1.88,2.04,pinnacle
2025-07-19,2025,clay,cerundolo j.m.,buse i.,1.7,2.29,pinnacle
2025-07-19,2025,clay,bublik a.,cazaux a.,1.38,3.31,pinnacle
2025-07-20,2025,clay,bublik a.,cerundolo j.m.,1.32,3.77,pinnacle
2025-07-15,2025,hard,kovacevic a.,habib h.,1.38,3.28,pinnacle
2025-07-15,2025,hard,nava e.,vukic a.,2.08,1.83,pinnacle
2025-07-15,2025,hard,ficovich j.p.,kachmazov a.,2.52,1.58,pinnacle
2025-07-15,2025,hard,hernandez a.,daniel t.,3.35,1.37,pinnacle
2025-07-16,2025,hard,nanda g.,smith c.,4.71,1.22,pinnacle
2025-07-16,2025,hard,schoolkate t.,wu y.,2.63,1.54,pinnacle
2025-07-16,2025,hard,altmaier d.,krueger m.,1.5,2.78,pinnacle
2025-07-16,2025,hard,bu y.,magadan a.,1.08,9.78,pinnacle
2025-07-16,2025,hard,basavareddy n.,mejia n.,1.35,3.46,pinnacle
2025-07-16,2025,hard,duckworth j.,mannarino a.,1.85,2.05,pinnacle
2025-07-16,2025,hard,walton a.,pacheco mendez r.,1.54,2.62,pinnacle
2025-07-16,2025,hard,alvarez valdes l.c.,mccabe j.,3.63,1.33,pinnacle
2025-07-17,2025,hard,ficovich j.p.,halys q.,3.45,1.35,pinnacle
2025-07-17,2025,hard,shapovalov d.,nanda g.,1.24,4.56,pinnacle
2025-07-17,2025,hard,nava e.,bu y.,2.15,1.78,pinnacle
2025-07-17,2025,hard,rublev a.,hernandez a.,1.02,30.52,pinnacle
2025-07-17,2025,hard,kovacevic a.,alvarez valdes l.c.,1.17,5.8,pinnacle
2025-07-17,2025,hard,duckworth j.,davidovich fokina a.,4.5,1.24,pinnacle
2025-07-17,2025,hard,schoolkate t.,altmaier d.,2.4,1.64,pinnacle
2025-07-17,2025,hard,walton a.,basavareddy n.,2.46,1.61,pinnacle
2025-07-18,2025,hard,shapovalov d.,schoolkate t.,1.36,3.45,pinnacle
2025-07-18,2025,hard,walton a.,duckworth j.,1.68,2.32,pinnacle
2025-07-18,2025,hard,rublev a.,nava e.,1.2,5.31,pinnacle
2025-07-18,2025,hard,kovacevic a.,ficovich j.p.,1.43,3.07,pinnacle
2025-07-19,2025,hard,shapovalov d.,walton a.,1.35,3.51,pinnacle
2025-07-19,2025,hard,kovacevic a.,rublev a.,4.27,1.27,pinnacle
2025-07-20,2025,hard,shapovalov d.,kovacevic a.,1.39,3.27,pinnacle
2025-07-21,2025,clay,shevchenko a.,galan d.e.,1.67,2.33,pinnacle
2025-07-21,2025,clay,comesana f.,boyer t.,1.23,4.6,pinnacle
2025-07-21,2025,clay,fucsovics m.,schwaerzler j.j.,1.29,3.97,pinnacle
2025-07-21,2025,clay,gombos n.,gaston h.,2.54,1.57,pinnacle
2025-07-21,2025,clay,rinderknech a.,bagnis f.,1.53,2.67,pinnacle
2025-07-22,2025,clay,van de zandschulp b.,jarry n.,2.52,1.58,pinnacle
2025-07-22,2025,clay,hanfmann y.,neumayer l.,1.49,2.79,pinnacle
2025-07-22,2025,clay,struff j.l.,ofner s.,2.2,1.74,pinnacle
2025-07-22,2025,clay,cazaux a.,buse i.,1.99,1.9,pinnacle
2025-07-22,2025,clay,misolic f.,etcheverry t.,1.9,1.99,pinnacle
2025-07-22,2025,clay,tirante t.a.,faria j.,1.58,2.51,pinnacle
2025-07-22,2025,clay,seyboth wild t.,engel j.,1.56,2.58,pinnacle
2025-07-23,2025,clay,hanfmann y.,baez s.,2.02,1.88,pinnacle
2025-07-23,2025,clay,rinderknech a.,gombos n.,1.5,2.76,pinnacle
2025-07-23,2025,clay,cazaux a.,comesana f.,2.88,1.47,pinnacle
2025-07-23,2025,clay,struff j.l.,martinez p.,1.46,2.92,pinnacle
2025-07-23,2025,clay,van de zandschulp b.,misolic f.,2.41,1.63,pinnacle
2025-07-23,2025,clay,shevchenko a.,fucsovics m.,2.42,1.63,pinnacle
2025-07-23,2025,clay,bublik a.,tirante t.a.,1.52,2.69,pinnacle
2025-07-23,2025,clay,seyboth wild t.,bautista agut r.,1.84,2.06,pinnacle
2025-07-24,2025,clay,rinderknech a.,hanfmann y.,2.19,1.76,pinnacle
2025-07-24,2025,clay,cazaux a.,struff j.l.,2.42,1.64,pinnacle
2025-07-24,2025,clay,bublik a.,shevchenko a.,1.32,3.71,pinnacle
2025-07-24,2025,clay,van de zandschulp b.,seyboth wild t.,1.77,2.15,pinnacle
2025-07-25,2025,clay,cazaux a.,rinderknech a.,1.65,2.37,pinnacle
2025-07-25,2025,clay,bublik a.,van de zandschulp b.,1.34,3.62,pinnacle
2025-07-26,2025,clay,bublik a.,cazaux a.,1.33,3.69,pinnacle
2025-07-20,2025,clay,kopriva v.,collignon r.,1.87,2.03,pinnacle
2025-07-20,2025,clay,passaro f.,dodig m.,1.44,2.97,pinnacle
2025-07-21,2025,clay,taberner c.,herbert p.,1.54,2.63,pinnacle
2025-07-21,2025,clay,tseng c.h.,zeppieri g.,2.1,1.79,pinnacle
2025-07-21,2025,clay,llamas ruiz p.,majchrzak k.,2.39,1.64,pinnacle
2025-07-21,2025,clay,atmane t.,lajovic d.,2.83,1.48,pinnacle
2025-07-21,2025,clay,droguet t.,garin c.,2.21,1.74,pinnacle
2025-07-21,2025,clay,basilashvili n.,carballes baena r.,1.75,2.19,pinnacle
2025-07-21,2025,clay,navone m.,barrios m.,1.26,4.26,pinnacle
2025-07-21,2025,clay,wawrinka s.,guillen meza a.,1.58,2.53,pinnacle
2025-07-22,2025,clay,de jong j.,poljicak m.,1.3,3.87,pinnacle
2025-07-22,2025,clay,prizmic d.,moller e.,1.72,2.23,pinnacle
2025-07-22,2025,clay,ugo carabelli c.,passaro f.,1.88,2.01,pinnacle
2025-07-22,2025,clay,llamas ruiz p.,atmane t.,1.49,2.81,pinnacle
2025-07-23,2025,clay,de jong j.,navone m.,2.97,1.44,pinnacle
2025-07-23,2025,clay,taberner c.,cerundolo f.,5.39,1.19,pinnacle
2025-07-23,2025,clay,droguet t.,kopriva v.,2.3,1.68,pinnacle
2025-07-23,2025,clay,prizmic d.,basilashvili n.,1.52,2.68,pinnacle
2025-07-23,2025,clay,darderi l.,tseng c.h.,1.38,3.29,pinnacle
2025-07-23,2025,clay,dzumhur d.,wawrinka s.,1.53,2.68,pinnacle
2025-07-24,2025,clay,ugo carabelli c.,llamas ruiz p.,2.08,1.83,pinnacle
2025-07-24,2025,clay,taberner c.,de jong j.,3.13,1.41,pinnacle
2025-07-24,2025,clay,darderi l.,prizmic d.,1.69,2.29,pinnacle
2025-07-24,2025,clay,dzumhur d.,droguet t.,2.03,1.86,pinnacle
2025-07-25,2025,clay,darderi l.,ugo carabelli c.,1.34,3.62,pinnacle
2025-07-25,2025,clay,taberner c.,dzumhur d.,2.09,1.83,pinnacle
2025-07-26,2025,clay,darderi l.,taberner c.,1.47,2.93,pinnacle
2025-07-21,2025,hard,arnaldi m.,altmaier d.,1.7,2.27,pinnacle
2025-07-21,2025,hard,marozsan f.,bonzi b.,1.65,2.36,pinnacle
2025-07-21,2025,hard,quinn e.,o connell c.,1.56,2.58,pinnacle
2025-07-21,2025,hard,evans d.,bergs z.,2.37,1.65,pinnacle
2025-07-21,2025,hard,muller a.,zhukayev b.,1.44,2.99,pinnacle
2025-07-21,2025,hard,mcdonald m.,smith c.,1.64,2.4,pinnacle
2025-07-21,2025,hard,norrie c.,harris b.,1.23,4.56,pinnacle
2025-07-21,2025,hard,opelka r.,cassone m.,1.42,3.09,pinnacle
2025-07-21,2025,hard,tien l.,nava e.,1.68,2.31,pinnacle
2025-07-21,2025,hard,nishioka y.,brooksby j.,3.31,1.37,pinnacle
2025-07-22,2025,hard,vukic a.,mpetshi g.,2.43,1.62,pinnacle
2025-07-22,2025,hard,bu y.,goffin d.,1.55,2.6,pinnacle
2025-07-22,2025,hard,svajda z.,kecmanovic m.,2.57,1.56,pinnacle
2025-07-22,2025,hard,wu y.,monfils g.,2.74,1.51,pinnacle
2025-07-22,2025,hard,kovacevic a.,halys q.,1.9,1.99,pinnacle
2025-07-22,2025,hard,munar j.,giron m.,2.1,1.81,pinnacle
2025-07-22,2025,hard,nakashima b.,quinn e.,1.47,2.93,pinnacle
2025-07-22,2025,hard,norrie c.,musetti l.,2.22,1.74,pinnacle
2025-07-22,2025,hard,diallo g.,marozsan f.,1.63,2.43,pinnacle
2025-07-22,2025,hard,shelton b.,mcdonald m.,1.28,4.16,pinnacle
2025-07-22,2025,hard,evans d.,michelsen a.,3.51,1.35,pinnacle
2025-07-23,2025,hard,moutet c.,muller a.,1.96,1.93,pinnacle
2025-07-23,2025,hard,lehecka j.,svajda z.,1.41,3.19,pinnacle
2025-07-23,2025,hard,wu y.,popyrin a.,2.07,1.85,pinnacle
2025-07-23,2025,hard,medvedev d.,opelka r.,1.31,3.81,pinnacle
2025-07-23,2025,hard,arnaldi m.,sonego l.,1.99,1.91,pinnacle
2025-07-23,2025,hard,de minaur a.,bu y.,1.16,6.09,pinnacle
2025-07-23,2025,hard,fritz t.,vukic a.,1.14,6.84,pinnacle
2025-07-23,2025,hard,tien l.,rublev a.,2.81,1.5,pinnacle
2025-07-24,2025,hard,cobolli f.,nishioka y.,1.41,3.18,pinnacle
2025-07-24,2025,hard,davidovich fokina a.,munar j.,1.78,2.16,pinnacle
2025-07-24,2025,hard,tiafoe f.,kovacevic a.,1.44,3.03,pinnacle
2025-07-24,2025,hard,medvedev d.,wu y.,1.26,4.22,pinnacle
2025-07-24,2025,hard,nakashima b.,norrie c.,1.86,2.05,pinnacle
2025-07-24,2025,hard,moutet c.,evans d.,1.48,2.88,pinnacle
2025-07-24,2025,hard,de minaur a.,lehecka j.,1.54,2.62,pinnacle
2025-07-24,2025,hard,davidovich fokina a.,tien l.,1.62,2.43,pinnacle
2025-07-24,2025,hard,shelton b.,diallo g.,1.55,2.65,pinnacle
2025-07-24,2025,hard,tiafoe f.,cobolli f.,1.78,2.16,pinnacle
2025-07-25,2025,hard,fritz t.,arnaldi m.,1.16,6.09,pinnacle
2025-07-25,2025,hard,moutet c.,medvedev d.,4.41,1.25,pinnacle
2025-07-25,2025,hard,de minaur a.,nakashima b.,1.48,2.82,pinnacle
2025-07-26,2025,hard,shelton b.,tiafoe f.,1.47,2.91,pinnacle
2025-07-26,2025,hard,davidovich fokina a.,fritz t.,3.77,1.32,pinnacle
2025-07-27,2025,hard,de minaur a.,moutet c.,1.19,5.44,pinnacle
2025-07-27,2025,hard,davidovich fokina a.,shelton b.,3.63,1.33,pinnacle
2025-07-27,2025,hard,de minaur a.,davidovich fokina a.,1.44,3.0,pinnacle
2025-07-27,2025,hard,walton a.,bonzi b.,1.93,1.95,pinnacle
2025-07-27,2025,hard,opelka r.,ofner s.,1.52,2.65,pinnacle
2025-07-27,2025,hard,tien l.,smith c.,1.5,2.63,bet365
2025-07-27,2025,hard,barrios m.,monfils g.,4.0,1.25,bet365
2025-07-27,2025,hard,mpetshi g.,mochizuki s.,1.44,2.7,bet365
2025-07-27,2025,hard,etcheverry t.,herbert p.,1.5,2.6,bet365
2025-07-27,2025,hard,ficovich j.p.,fearnley j.,4.0,1.25,bet365
2025-07-27,2025,hard,safiullin r.,blanchet u.,1.4,2.8,bet365
2025-07-27,2025,hard,arseneault n.,royer v.,7.5,1.08,bet365
2025-07-27,2025,hard,nava e.,bergs z.,2.35,1.65,pinnacle
2025-07-28,2025,hard,bagnis f.,pospisil v.,1.16,5.78,pinnacle
2025-07-28,2025,hard,kecmanovic m.,halys q.,1.58,2.53,pinnacle
2025-07-28,2025,hard,duckworth j.,shang j.,1.55,2.58,pinnacle
2025-07-28,2025,hard,bu y.,kopriva v.,1.42,3.09,pinnacle
2025-07-28,2025,hard,mcdonald m.,goffin d.,1.64,2.39,pinnacle
2025-07-28,2025,hard,quinn e.,nishioka y.,1.85,2.04,pinnacle
2025-07-28,2025,hard,o connell c.,tseng c.h.,1.69,2.27,pinnacle
2025-07-28,2025,hard,munar j.,martin d.,1.02,28.33,pinnacle
2025-07-28,2025,hard,svrcina d.,blockx a.,2.76,1.49,pinnacle
2025-07-28,2025,hard,gaston h.,bellucci m.,2.73,1.51,pinnacle
2025-07-28,2025,hard,vukic a.,martinez p.,1.36,3.41,pinnacle
2025-07-28,2025,hard,watanuki y.,altmaier d.,2.47,1.59,pinnacle
2025-07-28,2025,hard,schoolkate t.,fonseca j.,3.92,1.28,pinnacle
2025-07-28,2025,hard,mannarino a.,giron m.,3.05,1.42,pinnacle
2025-07-28,2025,hard,comesana f.,dzumhur d.,1.56,2.59,pinnacle
2025-07-28,2025,hard,boyer t.,kovacevic a.,3.48,1.34,pinnacle
2025-07-28,2025,hard,carballes baena r.,ugo carabelli c.,2.2,1.74,pinnacle
2025-07-28,2025,hard,gigante m.,coric b.,2.01,1.88,pinnacle
2025-07-29,2025,hard,carreno busta p.,draxl l.,2.54,1.57,pinnacle
2025-07-29,2025,hard,marozsan f.,dellien h.,1.13,7.16,pinnacle
2025-07-29,2025,hard,galarneau a.,rinderknech a.,2.61,1.55,pinnacle
2025-07-29,2025,hard,moutet c.,brooksby j.,1.76,2.17,pinnacle
2025-07-29,2025,hard,nava e.,atmane t.,1.29,3.75,max
2025-07-29,2025,hard,michelsen a.,barrios m.,1.22,4.79,pinnacle
2025-07-29,2025,hard,rune h.,mpetshi g.,1.61,2.46,pinnacle
2025-07-29,2025,hard,muller a.,kecmanovic m.,2.66,1.53,pinnacle
2025-07-29,2025,hard,khachanov k.,ficovich j.p.,1.13,7.38,pinnacle
2025-07-29,2025,hard,musetti l.,duckworth j.,1.33,3.67,pinnacle
2025-07-29,2025,hard,popyrin a.,arseneault n.,1.07,11.35,pinnacle
2025-07-29,2025,hard,etcheverry t.,griekspoor t.,2.86,1.48,pinnacle
2025-07-29,2025,hard,cerundolo f.,munar j.,1.91,1.99,pinnacle
2025-07-29,2025,hard,ruud c.,safiullin r.,1.48,2.88,pinnacle
2025-07-29,2025,hard,borges n.,bagnis f.,1.16,6.16,pinnacle
2025-07-29,2025,hard,medvedev d.,svrcina d.,1.09,9.91,pinnacle
2025-07-30,2025,hard,tien l.,shapovalov d.,2.43,1.63,pinnacle
2025-07-30,2025,hard,opelka r.,machac t.,2.39,1.65,pinnacle
2025-07-30,2025,hard,arnaldi m.,schoolkate t.,1.65,2.38,pinnacle
2025-07-30,2025,hard,zverev a.,walton a.,1.12,7.6,pinnacle
2025-07-30,2025,hard,rublev a.,gaston h.,1.11,8.12,pinnacle
2025-07-30,2025,hard,shelton b.,mannarino a.,1.19,5.45,pinnacle
2025-07-30,2025,hard,vukic a.,norrie c.,3.06,1.43,pinnacle
2025-07-30,2025,hard,sonego l.,bu y.,1.85,2.07,pinnacle
2025-07-30,2025,hard,cobolli f.,galarneau a.,1.24,4.56,pinnacle
2025-07-30,2025,hard,diallo g.,gigante m.,1.32,3.71,pinnacle
2025-07-30,2025,hard,nakashima b.,quinn e.,1.42,3.14,pinnacle
2025-07-30,2025,hard,mensik j.,boyer t.,1.22,4.95,pinnacle
2025-07-30,2025,hard,tiafoe f.,watanuki y.,1.39,3.28,pinnacle
2025-07-30,2025,hard,lehecka j.,mcdonald m.,1.37,3.42,pinnacle
2025-07-30,2025,hard,davidovich fokina a.,moutet c.,1.67,2.36,pinnacle
2025-07-31,2025,hard,marozsan f.,auger-aliassime f.,2.49,1.61,pinnacle
2025-07-31,2025,hard,o connell c.,tsitsipas s.,3.11,1.42,pinnacle
2025-07-31,2025,hard,fils a.,carreno busta p.,1.4,3.25,pinnacle
2025-07-31,2025,hard,fritz t.,carballes baena r.,1.06,13.33,pinnacle
2025-07-31,2025,hard,de minaur a.,comesana f.,1.1,9.0,pinnacle
2025-07-31,2025,hard,khachanov k.,nava e.,1.31,3.79,pinnacle
2025-07-31,2025,hard,michelsen a.,musetti l.,2.58,1.57,pinnacle
2025-07-31,2025,hard,cerundolo f.,etcheverry t.,1.53,2.7,pinnacle
2025-07-31,2025,hard,ruud c.,borges n.,1.53,2.71,pinnacle
2025-07-31,2025,hard,tien l.,opelka r.,1.74,2.23,pinnacle
2025-08-01,2025,hard,zverev a.,arnaldi m.,1.22,4.82,pinnacle
2025-08-01,2025,hard,rune h.,muller a.,1.27,4.17,pinnacle
2025-08-01,2025,hard,popyrin a.,medvedev d.,4.22,1.27,pinnacle
2025-08-01,2025,hard,davidovich fokina a.,mensik j.,1.95,1.95,pinnacle
2025-08-01,2025,hard,rublev a.,sonego l.,1.43,3.09,pinnacle
2025-08-01,2025,hard,lehecka j.,fils a.,1.7,2.28,pinnacle
2025-08-01,2025,hard,tiafoe f.,vukic a.,1.4,3.2,pinnacle
2025-08-01,2025,hard,cobolli f.,marozsan f.,2.05,1.86,pinnacle
2025-08-02,2025,hard,fritz t.,diallo g.,1.4,3.17,pinnacle
2025-08-02,2025,hard,shelton b.,nakashima b.,1.42,3.09,pinnacle
2025-08-02,2025,hard,de minaur a.,o connell c.,1.08,9.37,pinnacle
2025-08-02,2025,hard,michelsen a.,tien l.,1.98,1.93,pinnacle
2025-08-02,2025,hard,khachanov k.,ruud c.,1.78,2.17,pinnacle
2025-08-03,2025,hard,popyrin a.,rune h.,2.86,1.48,pinnacle
2025-08-03,2025,hard,zverev a.,cerundolo f.,1.3,3.9,pinnacle
2025-08-03,2025,hard,de minaur a.,tiafoe f.,1.28,4.1,pinnacle
2025-08-03,2025,hard,rublev a.,davidovich fokina a.,2.18,1.77,pinnacle
2025-08-04,2025,hard,shelton b.,cobolli f.,1.44,3.05,pinnacle
2025-08-04,2025,hard,fritz t.,lehecka j.,1.34,3.56,pinnacle
2025-08-05,2025,hard,zverev a.,popyrin a.,1.34,3.62,pinnacle
2025-08-05,2025,hard,khachanov k.,michelsen a.,1.44,3.05,pinnacle
2025-08-06,2025,hard,fritz t.,rublev a.,1.48,2.86,pinnacle
2025-08-06,2025,hard,shelton b.,de minaur a.,2.4,1.65,pinnacle
2025-08-07,2025,hard,khachanov k.,zverev a.,2.91,1.47,pinnacle
2025-08-07,2025,hard,shelton b.,fritz t.,2.5,1.6,pinnacle
2025-08-08,2025,hard,shelton b.,khachanov k.,1.56,2.62,pinnacle
2025-08-07,2025,hard,rinderknech a.,borges n.,2.69,1.51,pinnacle
2025-08-07,2025,hard,fonseca j.,bu y.,1.45,2.91,pinnacle
2025-08-07,2025,hard,carballes baena r.,gaston h.,1.82,2.07,pinnacle
2025-08-07,2025,hard,bonzi b.,arnaldi m.,3.25,1.38,pinnacle
2025-08-07,2025,hard,martinez p.,jarry n.,3.63,1.32,pinnacle
2025-08-07,2025,hard,wong c.,mpetshi g.,2.4,1.53,bet365
2025-08-07,2025,hard,bergs z.,fearnley j.,2.15,1.78,pinnacle
2025-08-07,2025,hard,galan d.e.,kopriva v.,1.74,2.18,pinnacle
2025-08-07,2025,hard,safiullin r.,tabilo a.,1.42,3.08,pinnacle
2025-08-07,2025,hard,atmane t.,nishioka y.,2.19,1.75,pinnacle
2025-08-07,2025,hard,etcheverry t.,shang j.,1.66,2.34,pinnacle
2025-08-07,2025,hard,mannarino a.,thompson j.,1.73,2.2,pinnacle
2025-08-08,2025,hard,moutet c.,mcdonald m.,1.66,2.35,pinnacle
2025-08-08,2025,hard,marozsan f.,smith c.,1.7,2.26,pinnacle
2025-08-08,2025,hard,baez s.,goffin d.,3.02,1.43,pinnacle
2025-08-08,2025,hard,boyer t.,holt b.,1.75,2.18,pinnacle
2025-08-08,2025,hard,nardi l.,tirante t.a.,2.37,1.65,pinnacle
2025-08-08,2025,hard,ugo carabelli c.,nishikori k.,2.74,1.51,pinnacle
2025-08-08,2025,hard,blockx a.,giron m.,2.41,1.63,pinnacle
2025-08-08,2025,hard,nava e.,coric b.,1.53,2.66,pinnacle
2025-08-08,2025,hard,quinn e.,kecmanovic m.,2.13,1.79,pinnacle
2025-08-08,2025,hard,comesana f.,munar j.,2.89,1.47,pinnacle
2025-08-08,2025,hard,brooksby j.,muller a.,1.78,2.14,pinnacle
2025-08-08,2025,hard,opelka r.,dellien h.,1.14,6.54,pinnacle
2025-08-08,2025,hard,walton a.,navone m.,1.88,2.01,pinnacle
2025-08-08,2025,hard,medjedovic h.,kovacevic a.,1.98,1.91,pinnacle
2025-08-08,2025,hard,bautista agut r.,altmaier d.,1.55,2.6,pinnacle
2025-08-08,2025,hard,landaluce m.,kypson p.,2.34,1.66,pinnacle
2025-08-09,2025,hard,tien l.,riedi l.,1.42,3.07,pinnacle
2025-08-09,2025,hard,dzumhur d.,bellucci m.,2.11,1.8,pinnacle
2025-08-09,2025,hard,royer v.,ofner s.,1.83,2.07,pinnacle
2025-08-09,2025,hard,basavareddy n.,vukic a.,2.02,1.87,pinnacle
2025-08-09,2025,hard,rune h.,safiullin r.,1.37,3.38,pinnacle
2025-08-09,2025,hard,rinderknech a.,ruud c.,3.23,1.4,pinnacle
2025-08-09,2025,hard,bonzi b.,musetti l.,3.39,1.37,pinnacle
2025-08-09,2025,hard,michelsen a.,moutet c.,1.96,1.93,pinnacle
2025-08-09,2025,hard,auger-aliassime f.,etcheverry t.,1.44,3.05,pinnacle
2025-08-09,2025,hard,paul t.,martinez p.,1.12,7.64,pinnacle
2025-08-09,2025,hard,tsitsipas s.,marozsan f.,2.04,1.87,pinnacle
2025-08-09,2025,hard,mannarino a.,machac t.,2.49,1.61,pinnacle
2025-08-09,2025,hard,diallo g.,baez s.,1.25,4.48,pinnacle
2025-08-09,2025,hard,sinner j.,galan d.e.,1.02,15.0,bet365
2025-08-09,2025,hard,humbert u.,wong c.,1.49,2.84,pinnacle
2025-08-09,2025,hard,fonseca j.,davidovich fokina a.,2.08,1.83,pinnacle
2025-08-09,2025,hard,sonego l.,bergs z.,1.69,2.31,pinnacle
2025-08-09,2025,hard,atmane t.,cobolli f.,3.64,1.33,pinnacle
2025-08-10,2025,hard,tiafoe f.,carballes baena r.,1.22,4.84,pinnacle
2025-08-10,2025,hard,fritz t.,nava e.,1.16,6.34,pinnacle
2025-08-10,2025,hard,opelka r.,de minaur a.,4.66,1.24,pinnacle
2025-08-10,2025,hard,comesana f.,darderi l.,1.79,2.14,pinnacle
2025-08-10,2025,hard,lehecka j.,boyer t.,1.18,5.57,pinnacle
2025-08-10,2025,hard,rublev a.,tien l.,1.51,2.76,pinnacle
2025-08-10,2025,hard,bautista agut r.,norrie c.,2.53,1.59,pinnacle
2025-08-10,2025,hard,mensik j.,quinn e.,1.53,2.7,pinnacle
2025-08-10,2025,hard,popyrin a.,landaluce m.,1.33,3.58,pinnacle
2025-08-10,2025,hard,alcaraz c.,dzumhur d.,1.02,17.54,pinnacle
2025-08-10,2025,hard,brooksby j.,cazaux a.,1.92,1.99,pinnacle
2025-08-10,2025,hard,walton a.,medvedev d.,5.74,1.18,pinnacle
2025-08-10,2025,hard,nardi l.,shapovalov d.,3.92,1.3,pinnacle
2025-08-10,2025,hard,medjedovic h.,griekspoor t.,2.07,1.85,pinnacle
2025-08-10,2025,hard,khachanov k.,royer v.,1.27,4.24,pinnacle
2025-08-11,2025,hard,nakashima b.,blockx a.,1.38,3.33,pinnacle
2025-08-11,2025,hard,shelton b.,ugo carabelli c.,1.15,6.62,pinnacle
2025-08-11,2025,hard,zverev a.,basavareddy n.,1.15,6.41,pinnacle
2025-08-11,2025,hard,auger-aliassime f.,rinderknech a.,1.44,3.01,pinnacle
2025-08-11,2025,hard,rune h.,michelsen a.,1.59,2.53,pinnacle
2025-08-11,2025,hard,tiafoe f.,humbert u.,1.69,2.32,pinnacle
2025-08-11,2025,hard,bonzi b.,tsitsipas s.,2.79,1.5,pinnacle
2025-08-11,2025,hard,fritz t.,sonego l.,1.19,5.43,pinnacle
2025-08-12,2025,hard,atmane t.,fonseca j.,4.04,1.29,pinnacle
2025-08-12,2025,hard,sinner j.,diallo g.,1.05,14.5,pinnacle
2025-08-12,2025,hard,mannarino a.,paul t.,3.56,1.34,pinnacle
2025-08-12,2025,hard,comesana f.,opelka r.,2.65,1.55,pinnacle
2025-08-12,2025,hard,rublev a.,popyrin a.,1.55,2.64,pinnacle
2025-08-12,2025,hard,alcaraz c.,medjedovic h.,1.18,5.63,pinnacle
2025-08-12,2025,hard,nardi l.,mensik j.,4.64,1.24,pinnacle
2025-08-12,2025,hard,khachanov k.,brooksby j.,1.52,2.72,pinnacle
2025-08-12,2025,hard,lehecka j.,walton a.,1.27,4.24,pinnacle
2025-08-13,2025,hard,zverev a.,nakashima b.,1.3,3.88,pinnacle
2025-08-13,2025,hard,shelton b.,bautista agut r.,1.19,5.48,pinnacle
2025-08-13,2025,hard,rune h.,tiafoe f.,1.73,2.24,pinnacle
2025-08-13,2025,hard,sinner j.,mannarino a.,1.05,14.37,pinnacle
2025-08-13,2025,hard,auger-aliassime f.,bonzi b.,1.41,3.17,pinnacle
2025-08-13,2025,hard,atmane t.,fritz t.,7.42,1.13,pinnacle
2025-08-14,2025,hard,alcaraz c.,nardi l.,1.06,11.64,pinnacle
2025-08-14,2025,hard,rublev a.,comesana f.,1.24,4.62,pinnacle
2025-08-14,2025,hard,zverev a.,khachanov k.,1.45,3.0,pinnacle
2025-08-14,2025,hard,shelton b.,lehecka j.,1.69,2.3,pinnacle
2025-08-14,2025,hard,sinner j.,auger-aliassime f.,1.11,8.0,pinnacle
2025-08-15,2025,hard,atmane t.,rune h.,3.93,1.3,pinnacle
2025-08-15,2025,hard,alcaraz c.,rublev a.,1.24,4.61,pinnacle
2025-08-16,2025,hard,zverev a.,shelton b.,1.66,2.37,pinnacle
2025-08-16,2025,hard,sinner j.,atmane t.,1.09,7.43,pinnacle
2025-08-16,2025,hard,alcaraz c.,zverev a.,1.61,2.43,pinnacle
2025-08-18,2025,hard,alcaraz c.,sinner j.,2.71,1.53,pinnacle
2025-08-17,2025,hard,kopriva v.,ofner s.,2.44,1.61,pinnacle
2025-08-17,2025,hard,majchrzak k.,jarry n.,1.93,1.95,pinnacle
2025-08-17,2025,hard,martinez p.,goffin d.,2.12,1.79,pinnacle
2025-08-17,2025,hard,van de zandschulp b.,walton a.,2.14,1.78,pinnacle
2025-08-17,2025,hard,medjedovic h.,rinderknech a.,1.55,2.57,pinnacle
2025-08-17,2025,hard,bu y.,tseng c.h.,1.29,3.9,pinnacle
2025-08-17,2025,hard,carreno busta p.,nishioka y.,1.68,2.31,pinnacle
2025-08-18,2025,hard,mcdonald m.,holt b.,1.41,3.11,pinnacle
2025-08-18,2025,hard,basavareddy n.,collignon r.,1.36,3.42,pinnacle
2025-08-18,2025,hard,o connell c.,safiullin r.,2.69,1.52,pinnacle
2025-08-18,2025,hard,blanch dar.,coric b.,2.36,1.65,pinnacle
2025-08-18,2025,hard,fucsovics m.,gaston h.,1.45,2.95,pinnacle
2025-08-18,2025,hard,kovacevic a.,misolic f.,1.64,2.39,pinnacle
2025-08-18,2025,hard,navone m.,suresh d.,1.44,3.0,pinnacle
2025-08-18,2025,hard,bellucci m.,comesana f.,2.16,1.77,pinnacle
2025-08-19,2025,hard,dostanic s.,vukic a.,3.12,1.4,pinnacle
2025-08-18,2025,hard,korda s.,kopriva v.,1.45,2.95,pinnacle
2025-08-19,2025,hard,majchrzak k.,borges n.,2.11,1.79,pinnacle
2025-08-19,2025,hard,bautista agut r.,o connell c.,1.57,2.52,pinnacle
2025-08-19,2025,hard,muller a.,blanch dar.,1.59,2.47,pinnacle
2025-08-19,2025,hard,fucsovics m.,griekspoor t.,2.18,1.74,pinnacle
2025-08-19,2025,hard,mpetshi g.,martinez p.,1.52,2.7,pinnacle
2025-08-19,2025,hard,diallo g.,basavareddy n.,1.63,2.39,pinnacle
2025-08-19,2025,hard,medjedovic h.,fearnley j.,1.49,2.79,pinnacle
2025-08-19,2025,hard,kecmanovic m.,kovacevic a.,1.72,2.2,pinnacle
2025-08-19,2025,hard,navone m.,giron m.,2.28,1.68,pinnacle
2025-08-19,2025,hard,darderi l.,mcdonald m.,2.07,1.83,pinnacle
2025-08-19,2025,hard,van de zandschulp b.,arnaldi m.,2.1,1.81,pinnacle
2025-08-19,2025,hard,baez s.,carreno busta p.,2.92,1.46,pinnacle
2025-08-19,2025,hard,munar j.,bellucci m.,1.69,2.28,pinnacle
2025-08-20,2025,hard,bu y.,tsitsipas s.,2.73,1.51,pinnacle
2025-08-20,2025,hard,sonego l.,dostanic s.,1.21,4.91,pinnacle
2025-08-20,2025,hard,korda s.,majchrzak k.,1.72,2.23,pinnacle
2025-08-20,2025,hard,kecmanovic m.,darderi l.,1.51,2.74,pinnacle
2025-08-20,2025,hard,fucsovics m.,bautista agut r.,1.74,2.21,pinnacle
2025-08-20,2025,hard,mpetshi g.,muller a.,1.88,2.01,pinnacle
2025-08-20,2025,hard,medjedovic h.,diallo g.,2.17,1.76,pinnacle
2025-08-20,2025,hard,munar j.,sonego l.,1.68,2.29,pinnacle
2025-08-20,2025,hard,bu y.,navone m.,1.7,2.24,pinnacle
2025-08-21,2025,hard,van de zandschulp b.,baez s.,1.44,2.99,pinnacle
2025-08-21,2025,hard,korda s.,kecmanovic m.,1.84,2.08,pinnacle
2025-08-21,2025,hard,fucsovics m.,munar j.,2.28,1.71,pinnacle
2025-08-21,2025,hard,mpetshi g.,medjedovic h.,2.94,1.46,pinnacle
2025-08-22,2025,hard,van de zandschulp b.,bu y.,1.99,1.89,pinnacle
2025-08-22,2025,hard,fucsovics m.,korda s.,2.68,1.53,pinnacle
2025-08-22,2025,hard,van de zandschulp b.,mpetshi g.,2.34,1.66,pinnacle
2025-08-23,2025,hard,fucsovics m.,van de zandschulp b.,1.8,2.13,pinnacle
2025-08-24,2025,hard,davidovich fokina a.,shevchenko a.,1.19,5.41,pinnacle
2025-08-24,2025,hard,rinderknech a.,carballes baena r.,1.5,2.77,pinnacle
2025-08-24,2025,hard,mensik j.,jarry n.,1.41,3.11,pinnacle
2025-08-24,2025,hard,shelton b.,buse i.,1.03,17.0,bet365
2025-08-24,2025,hard,fritz t.,nava e.,1.11,7.89,pinnacle
2025-08-24,2025,hard,blanchet u.,marozsan f.,3.96,1.29,pinnacle
2025-08-24,2025,hard,spizzirri e.,dostanic s.,1.5,2.75,pinnacle
2025-08-24,2025,hard,darderi l.,hijikata r.,1.65,2.38,pinnacle
2025-08-24,2025,hard,lehecka j.,coric b.,1.16,5.97,pinnacle
2025-08-24,2025,hard,mannarino a.,griekspoor t.,2.37,1.65,pinnacle
2025-08-24,2025,hard,machac t.,nardi l.,1.44,2.98,pinnacle
2025-08-24,2025,hard,svajda z.,piros z.,1.42,3.06,pinnacle
2025-08-24,2025,hard,kym j.,quinn e.,2.27,1.7,pinnacle
2025-08-24,2025,hard,carreno busta p.,llamas ruiz p.,1.54,2.62,pinnacle
2025-08-24,2025,hard,etcheverry t.,ugo carabelli c.,1.38,3.25,pinnacle
2025-08-24,2025,hard,thompson j.,moutet c.,3.43,1.35,pinnacle
2025-08-24,2025,hard,giron m.,navone m.,2.05,1.85,pinnacle
2025-08-25,2025,hard,nakashima b.,de jong j.,1.3,3.85,pinnacle
2025-08-25,2025,hard,djokovic n.,tien l.,1.15,6.2,pinnacle
2025-08-25,2025,hard,bonzi b.,medvedev d.,4.57,1.23,pinnacle
2025-08-25,2025,hard,harris l.,baez s.,1.55,2.62,pinnacle
2025-08-25,2025,hard,damm m.,blanch dar.,2.08,1.83,pinnacle
2025-08-25,2025,hard,wong c.,kovacevic a.,2.28,1.69,pinnacle
2025-08-25,2025,hard,walton a.,humbert u.,3.04,1.43,pinnacle
2025-08-25,2025,hard,bergs z.,tseng c.h.,1.42,3.06,pinnacle
2025-08-25,2025,hard,norrie c.,korda s.,2.68,1.52,pinnacle
2025-08-25,2025,hard,fonseca j.,kecmanovic m.,1.69,2.28,pinnacle
2025-08-25,2025,hard,draper j.,gomez f.a.,1.02,19.0,bet365
2025-08-25,2025,hard,collignon r.,galan d.e.,1.76,2.18,pinnacle
2025-08-25,2025,hard,comesana f.,michelsen a.,3.59,1.33,pinnacle
2025-08-25,2025,hard,cobolli f.,passaro f.,1.22,4.74,pinnacle
2025-08-25,2025,hard,bellucci m.,shang j.,1.67,2.33,pinnacle
2025-08-25,2025,hard,brooksby j.,vukic a.,1.43,3.03,pinnacle
2025-08-25,2025,hard,rune h.,van de zandschulp b.,1.35,3.47,pinnacle
2025-08-25,2025,hard,tiafoe f.,nishioka y.,1.11,7.88,pinnacle
2025-08-25,2025,hard,munar j.,faria j.,1.26,4.28,pinnacle
2025-08-25,2025,hard,majchrzak k.,dellien h.,1.07,10.76,pinnacle
2025-08-25,2025,hard,struff j.l.,mcdonald m.,1.92,1.97,pinnacle
2025-08-25,2025,hard,boyer t.,duckworth j.,2.07,1.83,pinnacle
2025-08-25,2025,hard,khachanov k.,basavareddy n.,1.27,4.18,pinnacle
2025-08-25,2025,hard,rublev a.,prizmic d.,1.3,3.89,pinnacle
2025-08-26,2025,hard,ruud c.,ofner s.,1.25,4.37,pinnacle
2025-08-26,2025,hard,diallo g.,dzumhur d.,1.28,4.02,pinnacle
2025-08-26,2025,hard,alcaraz c.,opelka r.,1.05,14.58,pinnacle
2025-08-26,2025,hard,shapovalov d.,fucsovics m.,1.93,1.96,pinnacle
2025-08-26,2025,hard,cerundolo f.,arnaldi m.,1.75,2.19,pinnacle
2025-08-26,2025,hard,musetti l.,mpetshi g.,1.41,3.15,pinnacle
2025-08-26,2025,hard,goffin d.,halys q.,2.69,1.52,pinnacle
2025-08-26,2025,hard,bublik a.,cilic m.,1.45,2.95,pinnacle
2025-08-26,2025,hard,riedi l.,martinez p.,1.63,2.42,pinnacle
2025-08-26,2025,hard,sinner j.,kopriva v.,1.02,51.0,max
2025-08-26,2025,hard,royer v.,bu y.,2.47,1.6,pinnacle
2025-08-26,2025,hard,popyrin a.,ruusuvuori e.,1.06,11.4,pinnacle
2025-08-26,2025,hard,auger-aliassime f.,harris b.,1.11,8.25,pinnacle
2025-08-26,2025,hard,mochizuki s.,gaston h.,1.59,2.5,pinnacle
2025-08-26,2025,hard,altmaier d.,medjedovic h.,3.53,1.34,pinnacle
2025-08-26,2025,hard,schoolkate t.,sonego l.,3.22,1.39,pinnacle
2025-08-26,2025,hard,tsitsipas s.,muller a.,1.56,2.59,pinnacle
2025-08-26,2025,hard,de minaur a.,o connell c.,1.05,14.54,pinnacle
2025-08-26,2025,hard,borges n.,holt b.,1.36,3.37,pinnacle
2025-08-26,2025,hard,safiullin r.,monfils g.,1.98,1.9,pinnacle
2025-08-27,2025,hard,fearnley j.,bautista agut r.,2.3,1.68,pinnacle
2025-08-27,2025,hard,paul t.,moller e.,1.07,11.34,pinnacle
2025-08-27,2025,hard,zverev a.,tabilo a.,1.03,17.0,bet365
2025-08-27,2025,hard,lehecka j.,etcheverry t.,1.28,4.08,pinnacle
2025-08-27,2025,hard,kym j.,nakashima b.,3.66,1.33,pinnacle
2025-08-27,2025,hard,djokovic n.,svajda z.,1.09,9.74,pinnacle
2025-08-27,2025,hard,machac t.,fonseca j.,1.83,2.09,pinnacle
2025-08-27,2025,hard,collignon r.,ruud c.,6.11,1.16,pinnacle
2025-08-27,2025,hard,bonzi b.,giron m.,1.98,1.93,pinnacle
2025-08-27,2025,hard,fritz t.,harris l.,1.09,9.59,pinnacle
2025-08-27,2025,hard,norrie c.,comesana f.,1.54,2.67,pinnacle
2025-08-27,2025,hard,rinderknech a.,davidovich fokina a.,5.24,1.19,pinnacle
2025-08-27,2025,hard,blanchet u.,mensik j.,4.9,1.21,pinnacle
2025-08-27,2025,hard,tiafoe f.,damm m.,1.15,6.24,pinnacle
2025-08-27,2025,hard,darderi l.,spizzirri e.,1.69,2.3,pinnacle
2025-08-27,2025,hard,mannarino a.,thompson j.,1.57,2.58,pinnacle
2025-08-28,2025,hard,struff j.l.,rune h.,3.58,1.34,pinnacle
2025-08-28,2025,hard,alcaraz c.,bellucci m.,1.04,18.27,pinnacle
2025-08-28,2025,hard,shelton b.,carreno busta p.,1.08,8.72,pinnacle
2025-08-28,2025,hard,bergs z.,draper j.,5.77,1.18,pinnacle
2025-08-28,2025,hard,rublev a.,boyer t.,1.06,12.34,pinnacle
2025-08-28,2025,hard,musetti l.,goffin d.,1.16,6.28,pinnacle
2025-08-28,2025,hard,wong c.,walton a.,2.41,1.64,pinnacle
2025-08-28,2025,hard,majchrzak k.,khachanov k.,4.84,1.22,pinnacle
2025-08-28,2025,hard,shapovalov d.,royer v.,1.36,3.43,pinnacle
2025-08-28,2025,hard,riedi l.,cerundolo f.,2.77,1.51,pinnacle
2025-08-28,2025,hard,cobolli f.,brooksby j.,1.61,2.48,pinnacle
2025-08-28,2025,hard,sinner j.,popyrin a.,1.02,21.0,bet365
2025-08-28,2025,hard,munar j.,diallo g.,1.81,2.13,pinnacle
2025-08-28,2025,hard,bublik a.,schoolkate t.,1.22,4.87,pinnacle
2025-08-29,2025,hard,zverev a.,fearnley j.,1.07,9.54,pinnacle
2025-08-29,2025,hard,altmaier d.,tsitsipas s.,3.79,1.32,pinnacle
2025-08-29,2025,hard,auger-aliassime f.,safiullin r.,1.37,3.37,pinnacle
2025-08-29,2025,hard,de minaur a.,mochizuki s.,1.04,15.57,pinnacle
2025-08-29,2025,hard,paul t.,borges n.,1.28,3.99,pinnacle
2025-08-29,2025,hard,lehecka j.,collignon r.,1.13,7.29,pinnacle
2025-08-29,2025,hard,rinderknech a.,bonzi b.,2.01,1.9,pinnacle
2025-08-29,2025,hard,alcaraz c.,darderi l.,1.01,26.0,bet365
2025-08-29,2025,hard,mannarino a.,shelton b.,6.34,1.16,pinnacle
2025-08-29,2025,hard,struff j.l.,tiafoe f.,3.33,1.38,pinnacle
2025-08-30,2025,hard,djokovic n.,norrie c.,1.1,8.89,pinnacle
2025-08-30,2025,hard,machac t.,blanchet u.,1.17,5.96,pinnacle
2025-08-30,2025,hard,fritz t.,kym j.,1.08,10.63,pinnacle
2025-08-30,2025,hard,musetti l.,cobolli f.,1.37,3.38,pinnacle
2025-08-30,2025,hard,munar j.,bergs z.,1.44,3.01,pinnacle
2025-08-30,2025,hard,sinner j.,shapovalov d.,1.02,21.0,bet365
2025-08-30,2025,hard,rublev a.,wong c.,1.09,9.51,pinnacle
2025-08-30,2025,hard,riedi l.,majchrzak k.,2.3,1.69,pinnacle
2025-08-30,2025,hard,de minaur a.,altmaier d.,1.05,14.48,pinnacle
2025-08-31,2025,hard,auger-aliassime f.,zverev a.,4.06,1.28,pinnacle
2025-08-31,2025,hard,bublik a.,paul t.,1.92,1.99,pinnacle
2025-08-31,2025,hard,lehecka j.,mannarino a.,1.37,3.42,pinnacle
2025-08-31,2025,hard,alcaraz c.,rinderknech a.,1.01,23.0,bet365
2025-08-31,2025,hard,fritz t.,machac t.,1.39,3.29,pinnacle
2025-09-01,2025,hard,djokovic n.,struff j.l.,1.17,5.55,pinnacle
2025-09-01,2025,hard,de minaur a.,riedi l.,1.07,11.05,pinnacle
2025-09-01,2025,hard,auger-aliassime f.,rublev a.,2.1,1.82,pinnacle
2025-09-01,2025,hard,musetti l.,munar j.,1.47,2.89,pinnacle
2025-09-02,2025,hard,sinner j.,bublik a.,1.09,8.96,pinnacle
2025-09-02,2025,hard,alcaraz c.,lehecka j.,1.06,12.75,pinnacle
2025-09-03,2025,hard,djokovic n.,fritz t.,1.53,2.69,pinnacle
2025-09-03,2025,hard,auger-aliassime f.,de minaur a.,2.36,1.67,pinnacle
2025-09-04,2025,hard,sinner j.,musetti l.,1.05,16.01,pinnacle
2025-09-05,2025,hard,alcaraz c.,djokovic n.,1.29,4.03,pinnacle
2025-09-06,2025,hard,sinner j.,auger-aliassime f.,1.05,15.13,pinnacle
2025-09-07,2025,hard,alcaraz c.,sinner j.,2.12,1.81,pinnacle
2025-09-17,2025,hard,giron m.,quinn e.,1.85,2.03,pinnacle
2025-09-17,2025,hard,zhou y.,norrie c.,4.64,1.22,pinnacle
2025-09-17,2025,hard,o connell c.,halys q.,1.93,1.94,pinnacle
2025-09-17,2025,hard,shang j.,bergs z.,1.76,2.15,pinnacle
2025-09-18,2025,hard,mpetshi g.,misolic f.,1.61,2.42,pinnacle
2025-09-18,2025,hard,sonego l.,cerundolo j.m.,1.56,2.56,pinnacle
2025-09-18,2025,hard,tabilo a.,thompson j.,1.84,2.04,pinnacle
2025-09-18,2025,hard,daniel t.,wong c.,2.85,1.47,pinnacle
2025-09-18,2025,hard,prizmic d.,atmane t.,1.81,2.07,pinnacle
2025-09-18,2025,hard,mcdonald m.,van de zandschulp b.,1.95,1.92,pinnacle
2025-09-18,2025,hard,shevchenko a.,monfils g.,2.53,1.57,pinnacle
2025-09-18,2025,hard,basilashvili n.,harris b.,1.75,2.11,max
2025-09-19,2025,hard,giron m.,sonego l.,1.96,1.91,pinnacle
2025-09-19,2025,hard,tabilo a.,darderi l.,1.68,2.27,pinnacle
2025-09-19,2025,hard,o connell c.,zhou y.,1.55,2.6,pinnacle
2025-09-19,2025,hard,nakashima b.,shang j.,1.68,2.3,pinnacle
2025-09-20,2025,hard,basilashvili n.,mcdonald m.,2.4,1.63,pinnacle
2025-09-20,2025,hard,daniel t.,griekspoor t.,2.69,1.52,pinnacle
2025-09-20,2025,hard,musetti l.,prizmic d.,1.4,3.17,pinnacle
2025-09-20,2025,hard,shevchenko a.,mpetshi g.,2.75,1.5,pinnacle
2025-09-21,2025,hard,tabilo a.,o connell c.,1.54,2.67,pinnacle
2025-09-21,2025,hard,nakashima b.,giron m.,1.45,2.98,pinnacle
2025-09-21,2025,hard,musetti l.,basilashvili n.,1.31,3.87,pinnacle
2025-09-21,2025,hard,shevchenko a.,daniel t.,1.85,2.06,pinnacle
2025-09-22,2025,hard,tabilo a.,nakashima b.,2.59,1.56,pinnacle
2025-09-22,2025,hard,musetti l.,shevchenko a.,1.19,5.48,pinnacle
2025-09-23,2025,hard,tabilo a.,musetti l.,3.89,1.3,pinnacle
2025-09-17,2025,hard,tien l.,navone m.,1.6,2.47,pinnacle
2025-09-17,2025,hard,wu y.,mannarino a.,1.83,2.07,pinnacle
2025-09-18,2025,hard,etcheverry t.,dzumhur d.,1.43,3.05,pinnacle
2025-09-18,2025,hard,svrcina d.,berrettini m.,3.37,1.36,pinnacle
2025-09-18,2025,hard,basavareddy n.,cilic m.,1.53,2.61,pinnacle
2025-09-18,2025,hard,zeppieri g.,sun f.,1.21,5.01,pinnacle
2025-09-18,2025,hard,zhang zh.,bu y.,3.19,1.4,pinnacle
2025-09-19,2025,hard,hijikata r.,ugo carabelli c.,1.49,2.8,pinnacle
2025-09-19,2025,hard,korda s.,walton a.,1.53,2.67,pinnacle
2025-09-19,2025,hard,cazaux a.,arnaldi m.,1.94,1.94,pinnacle
2025-09-19,2025,hard,royer v.,kovacevic a.,1.78,2.15,pinnacle
2025-09-19,2025,hard,vukic a.,goffin d.,1.76,2.17,pinnacle
2025-09-20,2025,hard,medvedev d.,basavareddy n.,1.42,3.09,pinnacle
2025-09-20,2025,hard,tien l.,zeppieri g.,1.62,2.42,pinnacle
2025-09-20,2025,hard,moutet c.,cazaux a.,1.85,2.04,pinnacle
2025-09-20,2025,hard,wu y.,korda s.,2.49,1.59,pinnacle
2025-09-20,2025,hard,etcheverry t.,hijikata r.,1.56,2.59,pinnacle
2025-09-20,2025,hard,royer v.,rublev a.,4.03,1.27,pinnacle
2025-09-20,2025,hard,bublik a.,vukic a.,1.34,3.53,pinnacle
2025-09-20,2025,hard,svrcina d.,zhang zh.,2.19,1.75,pinnacle
2025-09-21,2025,hard,moutet c.,etcheverry t.,2.1,1.81,pinnacle
2025-09-21,2025,hard,royer v.,tien l.,2.53,1.58,pinnacle
2025-09-21,2025,hard,wu y.,medvedev d.,3.64,1.33,pinnacle
2025-09-21,2025,hard,bublik a.,svrcina d.,1.33,3.64,pinnacle
2025-09-22,2025,hard,royer v.,moutet c.,2.37,1.65,pinnacle
2025-09-22,2025,hard,bublik a.,wu y.,1.36,3.45,pinnacle
2025-09-23,2025,hard,bublik a.,royer v.,1.28,4.15,pinnacle
2025-09-25,2025,hard,muller a.,khachanov k.,4.49,1.24,pinnacle
2025-09-25,2025,hard,marozsan f.,bonzi b.,1.65,2.36,pinnacle
2025-09-25,2025,hard,atmane t.,zhang zh.,1.58,2.49,pinnacle
2025-09-25,2025,hard,davidovich fokina a.,ugo carabelli c.,1.16,5.97,pinnacle
2025-09-25,2025,hard,sinner j.,cilic m.,1.02,23.11,pinnacle
2025-09-26,2025,hard,mensik j.,kecmanovic m.,1.51,2.73,pinnacle
2025-09-26,2025,hard,cobolli f.,rublev a.,2.96,1.45,pinnacle
2025-09-26,2025,hard,rinderknech a.,goffin d.,1.67,2.2,bet365
2025-09-26,2025,hard,de minaur a.,bu y.,1.22,4.85,pinnacle
2025-09-26,2025,hard,cazaux a.,shang j.,1.89,1.99,pinnacle
2025-09-26,2025,hard,tien l.,cerundolo f.,2.12,1.79,pinnacle
2025-09-26,2025,hard,medvedev d.,norrie c.,1.29,3.91,pinnacle
2025-09-26,2025,hard,mannarino a.,bublik a.,3.18,1.4,pinnacle
2025-09-26,2025,hard,moutet c.,griekspoor t.,1.79,2.12,pinnacle
2025-09-26,2025,hard,musetti l.,mpetshi g.,1.36,3.42,pinnacle
2025-09-26,2025,hard,zverev a.,sonego l.,1.27,4.12,pinnacle
2025-09-27,2025,hard,marozsan f.,muller a.,1.64,2.42,pinnacle
2025-09-27,2025,hard,de minaur a.,rinderknech a.,1.11,8.03,pinnacle
2025-09-27,2025,hard,sinner j.,atmane t.,1.02,19.03,pinnacle
2025-09-27,2025,hard,mensik j.,cazaux a.,1.45,2.98,pinnacle
2025-09-28,2025,hard,tien l.,cobolli f.,2.47,1.61,pinnacle
2025-09-28,2025,hard,musetti l.,mannarino a.,1.53,2.7,pinnacle
2025-09-28,2025,hard,medvedev d.,davidovich fokina a.,1.75,2.21,pinnacle
2025-09-28,2025,hard,zverev a.,moutet c.,1.21,5.15,pinnacle
2025-09-29,2025,hard,de minaur a.,mensik j.,1.47,2.9,pinnacle
2025-09-29,2025,hard,sinner j.,marozsan f.,1.04,13.0,bet365
2025-09-29,2025,hard,tien l.,musetti l.,3.26,1.39,pinnacle
2025-09-29,2025,hard,medvedev d.,zverev a.,1.86,2.03,pinnacle
2025-09-30,2025,hard,sinner j.,de minaur a.,1.16,6.18,pinnacle
2025-09-30,2025,hard,tien l.,medvedev d.,3.52,1.34,pinnacle
2025-10-01,2025,hard,sinner j.,tien l.,1.03,15.0,bet365
2025-09-24,2025,hard,berrettini m.,munar j.,2.26,1.71,pinnacle
2025-09-24,2025,hard,borges n.,watanuki y.,1.68,2.31,pinnacle
2025-09-24,2025,hard,altmaier d.,shapovalov d.,3.61,1.33,pinnacle
2025-09-24,2025,hard,fucsovics m.,tiafoe f.,1.69,2.25,pinnacle
2025-09-25,2025,hard,brooksby j.,humbert u.,2.18,1.76,pinnacle
2025-09-25,2025,hard,darderi l.,nishioka y.,1.71,2.25,pinnacle
2025-09-25,2025,hard,korda s.,giron m.,1.58,2.52,pinnacle
2025-09-25,2025,hard,shimabukuro s.,machac t.,3.64,1.33,pinnacle
2025-09-25,2025,hard,fritz t.,diallo g.,1.27,4.11,pinnacle
2025-09-25,2025,hard,vukic a.,dzumhur d.,1.55,2.6,pinnacle
2025-09-25,2025,hard,nakashima b.,thompson j.,1.5,2.77,pinnacle
2025-09-25,2025,hard,quinn e.,michelsen a.,2.49,1.6,pinnacle
2025-09-25,2025,hard,ruud c.,mochizuki s.,1.41,3.11,pinnacle
2025-09-25,2025,hard,bergs z.,tabilo a.,1.8,2.11,pinnacle
2025-09-25,2025,hard,rune h.,medjedovic h.,1.65,2.37,pinnacle
2025-09-25,2025,hard,alcaraz c.,baez s.,1.02,19.0,bet365
2025-09-26,2025,hard,vukic a.,altmaier d.,1.95,1.93,pinnacle
2025-09-26,2025,hard,korda s.,shimabukuro s.,1.37,3.34,pinnacle
2025-09-26,2025,hard,fritz t.,borges n.,1.2,5.19,pinnacle
2025-09-26,2025,hard,ruud c.,berrettini m.,1.71,2.27,pinnacle
2025-09-27,2025,hard,brooksby j.,darderi l.,1.57,2.57,pinnacle
2025-09-27,2025,hard,nakashima b.,fucsovics m.,1.8,2.14,pinnacle
2025-09-27,2025,hard,rune h.,quinn e.,1.42,3.12,pinnacle
2025-09-27,2025,hard,alcaraz c.,bergs z.,1.04,13.0,bet365
2025-09-28,2025,hard,fritz t.,korda s.,1.39,3.3,pinnacle
2025-09-28,2025,hard,brooksby j.,rune h.,2.91,1.46,pinnacle
2025-09-28,2025,hard,ruud c.,vukic a.,1.34,3.59,pinnacle
2025-09-28,2025,hard,alcaraz c.,nakashima b.,1.08,8.42,pinnacle
2025-09-29,2025,hard,fritz t.,brooksby j.,1.32,3.65,pinnacle
2025-09-29,2025,hard,alcaraz c.,ruud c.,1.13,7.27,pinnacle
2025-09-30,2025,hard,alcaraz c.,fritz t.,1.23,4.59,pinnacle
2025-10-01,2025,hard,bellucci m.,walton a.,1.89,2.0,pinnacle
2025-10-01,2025,hard,nardi l.,ofner s.,1.66,2.34,pinnacle
2025-10-01,2025,hard,munar j.,fucsovics m.,2.04,1.85,pinnacle
2025-10-01,2025,hard,goffin d.,muller a.,1.95,1.93,pinnacle
2025-10-01,2025,hard,thompson j.,holmgren a.,1.41,3.1,pinnacle
2025-10-01,2025,hard,altmaier d.,schoolkate t.,1.97,1.9,pinnacle
2025-10-01,2025,hard,mannarino a.,berrettini m.,2.32,1.67,pinnacle
2025-10-01,2025,hard,cilic m.,basilashvili n.,2.01,1.86,pinnacle
2025-10-01,2025,hard,nishioka y.,shevchenko a.,1.72,2.23,pinnacle
2025-10-01,2025,hard,vacherot v.,djere l.,1.55,2.61,pinnacle
2025-10-01,2025,hard,bergs z.,korda s.,2.88,1.47,pinnacle
2025-10-01,2025,hard,baez s.,zhang zh.,2.22,1.72,pinnacle
2025-10-01,2025,hard,hanfmann y.,sonego l.,2.38,1.64,pinnacle
2025-10-01,2025,hard,marozsan f.,wawrinka s.,1.43,3.01,pinnacle
2025-10-02,2025,hard,ugo carabelli c.,atmane t.,4.13,1.27,pinnacle
2025-10-02,2025,hard,svrcina d.,wu y.,2.38,1.64,pinnacle
2025-10-02,2025,hard,borges n.,van de zandschulp b.,1.9,1.99,pinnacle
2025-10-02,2025,hard,comesana f.,blanchet u.,1.79,2.12,pinnacle
2025-10-02,2025,hard,brooksby j.,trotter j.k.,1.33,3.59,pinnacle
2025-10-02,2025,hard,o connell c.,dzumhur d.,1.67,2.32,pinnacle
2025-10-02,2025,hard,bonzi b.,opelka r.,2.07,1.83,pinnacle
2025-10-02,2025,hard,majchrzak k.,quinn e.,2.19,1.75,pinnacle
2025-10-02,2025,hard,de jong j.,zhou y.,1.52,2.69,pinnacle
2025-10-02,2025,hard,cazaux a.,martinez p.,1.22,4.84,pinnacle
2025-10-02,2025,hard,royer v.,navone m.,1.45,2.96,pinnacle
2025-10-02,2025,hard,tabilo a.,giron m.,1.83,2.07,pinnacle
2025-10-02,2025,hard,halys q.,mcdonald m.,2.49,1.6,pinnacle
2025-10-02,2025,hard,shang j.,kovacevic a.,1.45,2.96,pinnacle
2025-10-02,2025,hard,rinderknech a.,medjedovic h.,2.34,1.66,pinnacle
2025-10-02,2025,hard,arnaldi m.,sakamoto r.,1.63,2.4,pinnacle
2025-10-02,2025,hard,bu y.,cerundolo j.m.,1.55,2.61,pinnacle
2025-10-03,2025,hard,tien l.,kecmanovic m.,1.89,2.0,pinnacle
2025-10-03,2025,hard,goffin d.,shelton b.,3.1,1.41,pinnacle
2025-10-03,2025,hard,diallo g.,bonzi b.,1.57,2.52,pinnacle
2025-10-03,2025,hard,hanfmann y.,tiafoe f.,2.37,1.65,pinnacle
2025-10-03,2025,hard,cerundolo f.,mannarino a.,1.99,1.9,pinnacle
2025-10-03,2025,hard,rune h.,baez s.,1.2,5.06,pinnacle
2025-10-03,2025,hard,humbert u.,thompson j.,1.72,2.22,pinnacle
2025-10-03,2025,hard,machac t.,bellucci m.,1.54,2.63,pinnacle
2025-10-03,2025,hard,mpetshi g.,nardi l.,1.54,2.64,pinnacle
2025-10-03,2025,hard,djokovic n.,cilic m.,1.11,8.0,pinnacle
2025-10-03,2025,hard,griekspoor t.,brooksby j.,2.6,1.55,pinnacle
2025-10-03,2025,hard,munar j.,cobolli f.,2.17,1.76,pinnacle
2025-10-03,2025,hard,vacherot v.,bublik a.,3.4,1.36,pinnacle
2025-10-03,2025,hard,bergs z.,ruud c.,3.38,1.36,pinnacle
2025-10-03,2025,hard,fritz t.,marozsan f.,1.31,3.74,pinnacle
2025-10-04,2025,hard,majchrzak k.,nakashima b.,2.68,1.53,pinnacle
2025-10-04,2025,hard,de minaur a.,ugo carabelli c.,1.05,13.76,pinnacle
2025-10-04,2025,hard,lehecka j.,halys q.,1.23,4.68,pinnacle
2025-10-04,2025,hard,auger-aliassime f.,tabilo a.,1.63,2.4,pinnacle
2025-10-04,2025,hard,nishioka y.,rublev a.,3.93,1.29,pinnacle
2025-10-04,2025,hard,rinderknech a.,michelsen a.,1.86,2.03,pinnacle
2025-10-04,2025,hard,shapovalov d.,o connell c.,1.44,2.97,pinnacle
2025-10-04,2025,hard,de jong j.,mensik j.,2.81,1.49,pinnacle
2025-10-04,2025,hard,zverev a.,royer v.,1.28,3.99,pinnacle
2025-10-04,2025,hard,musetti l.,comesana f.,1.34,3.55,pinnacle
2025-10-04,2025,hard,tien l.,moutet c.,2.22,1.71,pinnacle
2025-10-04,2025,hard,davidovich fokina a.,arnaldi m.,1.48,2.82,pinnacle
2025-10-04,2025,hard,darderi l.,bu y.,2.14,1.78,pinnacle
2025-10-04,2025,hard,norrie c.,cazaux a.,1.84,2.06,pinnacle
2025-10-04,2025,hard,medvedev d.,svrcina d.,1.27,4.12,pinnacle
2025-10-04,2025,hard,sinner j.,altmaier d.,1.04,13.94,pinnacle
2025-10-04,2025,hard,borges n.,vukic a.,1.47,2.84,pinnacle
2025-10-04,2025,hard,shang j.,khachanov k.,2.63,1.54,pinnacle
2025-10-05,2025,hard,diallo g.,goffin d.,1.56,2.59,pinnacle
2025-10-05,2025,hard,rune h.,humbert u.,1.54,2.66,pinnacle
2025-10-05,2025,hard,bergs z.,cerundolo f.,2.39,1.65,pinnacle
2025-10-05,2025,hard,mpetshi g.,fritz t.,4.04,1.29,pinnacle
2025-10-05,2025,hard,munar j.,nishioka y.,1.49,2.83,pinnacle
2025-10-05,2025,hard,djokovic n.,hanfmann y.,1.11,8.0,pinnacle
2025-10-05,2025,hard,vacherot v.,machac t.,3.3,1.39,pinnacle
2025-10-05,2025,hard,griekspoor t.,sinner j.,19.0,1.02,bet365
2025-10-06,2025,hard,de minaur a.,majchrzak k.,1.15,6.45,pinnacle
2025-10-06,2025,hard,auger-aliassime f.,de jong j.,1.24,4.53,pinnacle
2025-10-06,2025,hard,borges n.,shang j.,2.26,1.71,pinnacle
2025-10-06,2025,hard,lehecka j.,shapovalov d.,1.55,2.63,pinnacle
2025-10-06,2025,hard,musetti l.,darderi l.,1.25,4.5,pinnacle
2025-10-06,2025,hard,rinderknech a.,zverev a.,3.5,1.35,pinnacle
2025-10-06,2025,hard,tien l.,norrie c.,1.76,2.2,pinnacle
2025-10-06,2025,hard,medvedev d.,davidovich fokina a.,1.54,2.66,pinnacle
2025-10-07,2025,hard,bergs z.,diallo g.,2.57,1.57,pinnacle
2025-10-07,2025,hard,rune h.,mpetshi g.,1.56,2.61,pinnacle
2025-10-07,2025,hard,djokovic n.,munar j.,1.23,4.42,pinnacle
2025-10-07,2025,hard,vacherot v.,griekspoor t.,2.43,1.63,pinnacle
2025-10-08,2025,hard,rinderknech a.,lehecka j.,3.64,1.33,pinnacle
2025-10-08,2025,hard,de minaur a.,borges n.,1.14,6.72,pinnacle
2025-10-08,2025,hard,auger-aliassime f.,musetti l.,1.96,1.94,pinnacle
2025-10-08,2025,hard,medvedev d.,tien l.,1.37,3.39,pinnacle
2025-10-09,2025,hard,vacherot v.,rune h.,3.89,1.3,pinnacle
2025-10-09,2025,hard,djokovic n.,bergs z.,1.29,3.97,pinnacle
2025-10-10,2025,hard,rinderknech a.,auger-aliassime f.,3.6,1.34,pinnacle
2025-10-10,2025,hard,medvedev d.,de minaur a.,2.6,1.56,pinnacle
2025-10-11,2025,hard,vacherot v.,djokovic n.,6.68,1.14,pinnacle
2025-10-11,2025,hard,rinderknech a.,medvedev d.,3.26,1.38,pinnacle
2025-10-12,2025,hard,vacherot v.,rinderknech a.,2.28,1.69,pinnacle
2025-10-13,2025,hard,marozsan f.,nardi l.,1.46,2.9,pinnacle
2025-10-13,2025,hard,diallo g.,omarkhanov a.,1.01,23.0,bet365
2025-10-13,2025,hard,duckworth j.,blanchet u.,2.18,1.74,pinnacle
2025-10-13,2025,hard,moutet c.,tomic b.,1.28,4.03,pinnacle
2025-10-14,2025,hard,walton a.,schoolkate t.,1.88,2.01,pinnacle
2025-10-14,2025,hard,vukic a.,topo m.,1.5,2.77,pinnacle
2025-10-14,2025,hard,hijikata r.,skatov t.,1.44,2.75,bet365
2025-10-14,2025,hard,nakashima b.,medjedovic h.,1.81,2.09,pinnacle
2025-10-14,2025,hard,shevchenko a.,djere l.,1.68,2.3,pinnacle
2025-10-15,2025,hard,mochizuki s.,cazaux a.,3.61,1.33,pinnacle
2025-10-15,2025,hard,struff j.l.,mcdonald m.,1.65,2.37,pinnacle
2025-10-15,2025,hard,michelsen a.,zhukayev b.,1.49,2.79,pinnacle
2025-10-15,2025,hard,duckworth j.,diallo g.,4.79,1.22,pinnacle
2025-10-15,2025,hard,cobolli f.,hijikata r.,1.44,2.97,pinnacle
2025-10-15,2025,hard,moutet c.,shevchenko a.,1.46,2.89,pinnacle
2025-10-15,2025,hard,marozsan f.,nakashima b.,2.44,1.6,pinnacle
2025-10-16,2025,hard,michelsen a.,vukic a.,1.61,2.45,pinnacle
2025-10-16,2025,hard,mochizuki s.,darderi l.,2.28,1.68,pinnacle
2025-10-16,2025,hard,medvedev d.,walton a.,1.16,6.13,pinnacle
2025-10-16,2025,hard,struff j.l.,khachanov k.,2.89,1.47,pinnacle
2025-10-17,2025,hard,duckworth j.,cobolli f.,3.09,1.43,pinnacle
2025-10-17,2025,hard,medvedev d.,marozsan f.,1.43,3.07,pinnacle
2025-10-17,2025,hard,michelsen a.,mochizuki s.,1.52,2.74,pinnacle
2025-10-17,2025,hard,moutet c.,struff j.l.,1.74,2.23,pinnacle
2025-10-18,2025,hard,medvedev d.,duckworth j.,1.19,5.35,pinnacle
2025-10-18,2025,hard,moutet c.,michelsen a.,1.83,2.07,pinnacle
2025-10-19,2025,hard,medvedev d.,moutet c.,1.36,3.2,bet365
2025-10-13,2025,hard,giron m.,bellucci m.,1.76,2.17,pinnacle
2025-10-13,2025,hard,bonzi b.,opelka r.,1.81,2.11,pinnacle
2025-10-14,2025,hard,bailly g.a.,altmaier d.,2.89,1.45,pinnacle
2025-10-14,2025,hard,spizzirri e.,martinez p.,1.36,3.37,pinnacle
2025-10-14,2025,hard,mpetshi g.,ruusuvuori e.,1.55,2.62,pinnacle
2025-10-14,2025,hard,royer v.,baez s.,1.42,3.03,pinnacle
2025-10-14,2025,hard,comesana f.,goffin d.,2.35,1.66,pinnacle
2025-10-14,2025,hard,collignon r.,bergs z.,2.06,1.84,pinnacle
2025-10-14,2025,hard,van de zandschulp b.,fonseca j.,2.69,1.52,pinnacle
2025-10-15,2025,hard,basilashvili n.,halys q.,2.2,1.74,pinnacle
2025-10-15,2025,hard,dzumhur d.,cina f.,1.6,2.47,pinnacle
2025-10-15,2025,hard,hanfmann y.,arnaldi m.,1.76,2.17,pinnacle
2025-10-15,2025,hard,bonzi b.,royer v.,1.94,1.93,pinnacle
2025-10-15,2025,hard,lehecka j.,bailly g.a.,1.14,6.36,pinnacle
2025-10-15,2025,hard,collignon r.,comesana f.,1.44,2.75,bet365
2025-10-15,2025,hard,davidovich fokina a.,giron m.,1.71,2.26,pinnacle
2025-10-16,2025,hard,mpetshi g.,basilashvili n.,1.62,2.42,pinnacle
2025-10-16,2025,hard,auger-aliassime f.,dzumhur d.,1.14,6.36,pinnacle
2025-10-16,2025,hard,musetti l.,hanfmann y.,1.38,3.26,pinnacle
2025-10-16,2025,hard,spizzirri e.,van de zandschulp b.,2.78,1.49,pinnacle
2025-10-17,2025,hard,lehecka j.,bonzi b.,1.32,3.72,pinnacle
2025-10-17,2025,hard,mpetshi g.,musetti l.,2.51,1.6,pinnacle
2025-10-17,2025,hard,auger-aliassime f.,spizzirri e.,1.3,3.96,pinnacle
2025-10-17,2025,hard,collignon r.,davidovich fokina a.,2.77,1.51,pinnacle
2025-10-18,2025,hard,lehecka j.,mpetshi g.,1.57,2.38,bet365
2025-10-18,2025,hard,auger-aliassime f.,collignon r.,1.39,3.26,pinnacle
2025-10-19,2025,hard,auger-aliassime f.,lehecka j.,1.95,1.95,pinnacle
2025-10-13,2025,hard,kecmanovic m.,muller a.,1.56,2.57,pinnacle
2025-10-13,2025,hard,fearnley j.,griekspoor t.,2.74,1.51,pinnacle
2025-10-13,2025,hard,korda s.,popyrin a.,1.52,2.71,pinnacle
2025-10-13,2025,hard,borg l.,ofner s.,5.01,1.21,pinnacle
2025-10-14,2025,hard,etcheverry t.,lajal m.,2.1,1.79,pinnacle
2025-10-14,2025,hard,majchrzak k.,misolic f.,1.39,3.17,pinnacle
2025-10-14,2025,hard,cilic m.,budkov kjaer n.,1.91,1.98,pinnacle
2025-10-14,2025,hard,ymer e.,ymer m.,2.26,1.71,pinnacle
2025-10-14,2025,hard,berrettini m.,zeppieri g.,1.5,2.76,pinnacle
2025-10-15,2025,hard,kovacevic a.,ugo carabelli c.,1.36,3.43,pinnacle
2025-10-15,2025,hard,sonego l.,fery a.,1.69,2.28,pinnacle
2025-10-15,2025,hard,fucsovics m.,de jong j.,1.63,2.42,pinnacle
2025-10-15,2025,hard,korda s.,majchrzak k.,1.57,2.52,pinnacle
2025-10-15,2025,hard,ruud c.,cilic m.,1.54,2.59,pinnacle
2025-10-15,2025,hard,shapovalov d.,borg l.,1.07,11.36,pinnacle
2025-10-16,2025,hard,sonego l.,kovacevic a.,1.51,2.73,pinnacle
2025-10-16,2025,hard,etcheverry t.,kecmanovic m.,2.47,1.6,pinnacle
2025-10-16,2025,hard,humbert u.,berrettini m.,1.99,1.9,pinnacle
2025-10-16,2025,hard,rune h.,fucsovics m.,1.5,2.76,pinnacle
2025-10-16,2025,hard,ymer e.,fearnley j.,5.03,1.2,pinnacle
2025-10-17,2025,hard,humbert u.,sonego l.,1.57,2.55,pinnacle
2025-10-17,2025,hard,rune h.,etcheverry t.,1.29,3.93,pinnacle
2025-10-17,2025,hard,ruud c.,korda s.,1.69,2.3,pinnacle
2025-10-17,2025,hard,shapovalov d.,ymer e.,1.26,4.29,pinnacle
2025-10-18,2025,hard,humbert u.,rune h.,2.01,1.88,pinnacle
2025-10-18,2025,hard,ruud c.,shapovalov d.,1.58,2.55,pinnacle
2025-10-19,2025,hard,ruud c.,humbert u.,1.59,2.52,pinnacle
2025-10-20,2025,hard,brooksby j.,muller a.,1.41,3.14,pinnacle
2025-10-20,2025,hard,davidovich fokina a.,sonego l.,1.61,2.46,pinnacle
2025-10-20,2025,hard,munar j.,bertola r.,1.44,3.0,pinnacle
2025-10-20,2025,hard,mensik j.,bernet h.,1.16,5.87,pinnacle
2025-10-21,2025,hard,opelka r.,baez s.,1.38,3.22,pinnacle
2025-10-21,2025,hard,cilic m.,goffin d.,1.44,2.75,bet365
2025-10-21,2025,hard,royer v.,collignon r.,1.91,1.91,bet365
2025-10-21,2025,hard,fonseca j.,mpetshi g.,2.06,1.84,pinnacle
2025-10-21,2025,hard,shapovalov d.,giron m.,1.81,2.09,pinnacle
2025-10-21,2025,hard,shelton b.,majchrzak k.,1.55,2.61,pinnacle
2025-10-21,2025,hard,wawrinka s.,kecmanovic m.,2.57,1.56,pinnacle
2025-10-22,2025,hard,van de zandschulp b.,lehecka j.,3.55,1.34,pinnacle
2025-10-22,2025,hard,humbert u.,korda s.,2.19,1.75,pinnacle
2025-10-22,2025,hard,ruud c.,halys q.,1.24,4.54,pinnacle
2025-10-22,2025,hard,auger-aliassime f.,diallo g.,1.4,3.17,pinnacle
2025-10-22,2025,hard,fritz t.,vacherot v.,1.24,4.44,pinnacle
2025-10-22,2025,hard,davidovich fokina a.,brooksby j.,1.76,2.19,pinnacle
2025-10-22,2025,hard,fonseca j.,mensik j.,1.7,2.28,pinnacle
2025-10-23,2025,hard,auger-aliassime f.,cilic m.,1.3,3.5,bet365
2025-10-23,2025,hard,shapovalov d.,royer v.,1.57,2.38,bet365
2025-10-23,2025,hard,munar j.,shelton b.,2.63,1.5,bet365
2025-10-23,2025,hard,opelka r.,van de zandschulp b.,2.0,1.8,bet365
2025-10-23,2025,hard,ruud c.,wawrinka s.,1.2,4.5,bet365
2025-10-23,2025,hard,humbert u.,fritz t.,2.75,1.44,bet365
2025-10-24,2025,hard,munar j.,auger-aliassime f.,3.4,1.33,bet365
2025-10-24,2025,hard,fonseca j.,shapovalov d.,1.8,2.0,bet365
2025-10-24,2025,hard,humbert u.,opelka r.,1.36,3.2,bet365
2025-10-24,2025,hard,davidovich fokina a.,ruud c.,2.75,1.44,bet365
2025-10-25,2025,hard,fonseca j.,munar j.,1.67,2.2,bet365
2025-10-25,2025,hard,davidovich fokina a.,humbert u.,2.38,1.57,bet365
2025-10-26,2025,hard,fonseca j.,davidovich fokina a.,1.73,2.1,bet365
2025-10-20,2025,hard,nakashima b.,darderi l.,1.36,3.38,pinnacle
2025-10-20,2025,hard,bublik a.,tabilo a.,1.45,2.94,pinnacle
2025-10-20,2025,hard,arnaldi m.,kovacevic a.,1.59,2.47,pinnacle
2025-10-20,2025,hard,de minaur a.,rodionov j.,1.07,11.58,pinnacle
2025-10-20,2025,hard,griekspoor t.,khachanov k.,2.56,1.56,pinnacle
2025-10-21,2025,hard,misolic f.,ugo carabelli c.,1.42,3.06,pinnacle
2025-10-21,2025,hard,norrie c.,rublev a.,2.68,1.53,pinnacle
2025-10-21,2025,hard,etcheverry t.,budkov kjaer n.,1.75,2.18,pinnacle
2025-10-21,2025,hard,cerundolo f.,michelsen a.,1.93,1.95,pinnacle
2025-10-21,2025,hard,musetti l.,medjedovic h.,1.4,3.0,bet365
2025-10-21,2025,hard,zverev a.,fearnley j.,1.31,3.73,pinnacle
2025-10-22,2025,hard,cobolli f.,machac t.,2.47,1.6,pinnacle
2025-10-22,2025,hard,berrettini m.,popyrin a.,1.72,2.24,pinnacle
2025-10-22,2025,hard,moutet c.,dzumhur d.,1.6,2.49,pinnacle
2025-10-22,2025,hard,medvedev d.,borges n.,1.23,4.57,pinnacle
2025-10-22,2025,hard,sinner j.,altmaier d.,1.02,23.06,pinnacle
2025-10-22,2025,hard,griekspoor t.,nakashima b.,2.0,1.91,pinnacle
2025-10-22,2025,hard,de minaur a.,misolic f.,1.07,12.43,pinnacle
2025-10-23,2025,hard,berrettini m.,norrie c.,1.67,2.2,bet365
2025-10-23,2025,hard,moutet c.,medvedev d.,3.0,1.4,bet365
2025-10-23,2025,hard,bublik a.,cerundolo f.,1.57,2.38,bet365
2025-10-23,2025,hard,zverev a.,arnaldi m.,1.29,3.75,bet365
2025-10-23,2025,hard,sinner j.,cobolli f.,1.03,17.0,bet365
2025-10-23,2025,hard,musetti l.,etcheverry t.,1.25,4.0,bet365
2025-10-24,2025,hard,de minaur a.,berrettini m.,1.29,3.75,bet365
2025-10-24,2025,hard,zverev a.,griekspoor t.,1.44,2.75,bet365
2025-10-24,2025,hard,sinner j.,bublik a.,1.06,10.0,bet365
2025-10-24,2025,hard,musetti l.,moutet c.,1.4,3.0,bet365
2025-10-25,2025,hard,sinner j.,de minaur a.,1.1,7.0,bet365
2025-10-25,2025,hard,zverev a.,musetti l.,1.91,1.91,bet365
2025-10-26,2025,hard,sinner j.,zverev a.,1.1,7.0,bet365
2025-10-27,2025,hard,cobolli f.,machac t.,1.73,2.1,bet365
2025-10-27,2025,hard,altmaier d.,giron m.,2.5,1.53,bet365
2025-10-27,2025,hard,cazaux a.,darderi l.,1.4,3.0,bet365
2025-10-27,2025,hard,norrie c.,baez s.,1.2,4.5,bet365
2025-10-27,2025,hard,tien l.,borges n.,1.53,2.5,bet365
2025-10-27,2025,hard,rinderknech a.,marozsan f.,1.73,2.1,bet365
2025-10-27,2025,hard,vukic a.,atmane t.,1.8,2.0,bet365
2025-10-27,2025,hard,kecmanovic m.,kovacevic a.,1.62,2.3,bet365
2025-10-27,2025,hard,cerundolo f.,dzumhur d.,1.36,3.2,bet365
2025-10-27,2025,hard,rublev a.,fearnley j.,1.57,2.38,bet365
2025-10-27,2025,hard,bublik a.,popyrin a.,1.4,3.0,bet365
2025-10-27,2025,hard,bergs z.,michelsen a.,2.0,1.8,bet365
2025-10-27,2025,hard,sonego l.,korda s.,2.75,1.44,bet365
2025-10-27,2025,hard,muller a.,nakashima b.,3.4,1.33,bet365
2025-10-27,2025,hard,dimitrov g.,mpetshi perricard g.,2.5,1.53,bet365
2025-10-27,2025,hard,khachanov k.,quinn e.,1.4,3.0,bet365
2025-10-28,2025,hard,diallo g.,griekspoor t.,2.0,1.8,bet365
2025-10-28,2025,hard,ugo carabelli c.,etcheverry t. m.,5.5,1.14,bet365
2025-10-28,2025,hard,vacherot v.,lehecka j.,2.75,1.44,bet365
2025-10-28,2025,hard,auger-aliassime f.,comesana f.,1.2,4.5,bet365
2025-10-28,2025,hard,moutet c.,opelka r.,1.44,2.75,bet365
2025-10-28,2025,hard,fonseca j.,shapovalov d.,1.5,2.63,bet365
2025-10-28,2025,hard,medvedev d.,munar j.,1.44,2.75,bet365
2025-10-28,2025,hard,davidovich fokina a.,royer v.,1.44,2.75,bet365
2025-10-28,2025,hard,shelton b.,cobolli f.,2.0,1.8,bet365
2025-10-28,2025,hard,norrie c.,alcaraz c.,11.0,1.05,bet365
2025-10-28,2025,hard,rublev a.,tien l.,1.91,1.91,bet365
2025-10-28,2025,hard,fritz t.,vukic a.,1.1,7.0,bet365
2025-10-29,2025,hard,altmaier d.,ruud c.,3.32,1.38,pinnacle
2025-10-29,2025,hard,vacherot v.,rinderknech a.,1.68,2.33,pinnacle
2025-10-29,2025,hard,cerundolo f.,kecmanovic m.,1.45,2.97,pinnacle
2025-10-29,2025,hard,auger-aliassime f.,muller a.,1.31,3.83,pinnacle
2025-10-29,2025,hard,medvedev d.,dimitrov g.,1.3,3.95,pinnacle
2025-10-29,2025,hard,zverev a.,ugo carabelli c.,1.05,14.76,pinnacle
2025-10-29,2025,hard,davidovich fokina a.,cazaux a.,1.56,2.61,pinnacle
2025-10-29,2025,hard,sinner j.,bergs z.,1.07,8.98,pinnacle
2025-10-29,2025,hard,sonego l.,musetti l.,3.9,1.3,pinnacle
2025-10-29,2025,hard,bublik a.,moutet c.,1.63,2.45,pinnacle
2025-10-29,2025,hard,de minaur a.,diallo g.,1.3,3.94,pinnacle
2025-10-29,2025,hard,khachanov k.,fonseca j.,1.74,2.23,pinnacle
2025-10-30,2025,hard,vacherot v.,norrie c.,1.79,2.15,pinnacle
2025-10-30,2025,hard,auger-aliassime f.,altmaier d.,1.52,2.71,pinnacle
2025-10-30,2025,hard,shelton b.,rublev a.,1.77,2.18,pinnacle
2025-10-30,2025,hard,bublik a.,fritz t.,2.09,1.83,pinnacle
2025-10-30,2025,hard,de minaur a.,khachanov k.,1.63,2.43,pinnacle
2025-10-30,2025,hard,medvedev d.,sonego l.,1.25,4.52,pinnacle
2025-10-30,2025,hard,sinner j.,cerundolo f.,1.04,13.08,pinnacle
2025-10-30,2025,hard,zverev a.,davidovich fokina a.,1.46,2.94,pinnacle
2025-10-31,2025,hard,auger-aliassime f.,vacherot v.,1.68,2.34,pinnacle
2025-10-31,2025,hard,bublik a.,de minaur a.,2.14,1.8,pinnacle
2025-10-31,2025,hard,sinner j.,shelton b.,1.2,5.3,pinnacle
2025-10-31,2025,hard,zverev a.,medvedev d.,2.12,1.81,pinnacle
2025-11-01,2025,hard,auger-aliassime f.,bublik a.,1.94,1.96,pinnacle
2025-11-01,2025,hard,sinner j.,zverev a.,1.16,6.09,pinnacle
2025-11-02,2025,hard,sinner j.,auger-aliassime f.,1.1,7.0,bet365
2025-11-02,2025,hard,tabilo a.,walton a.,1.46,2.89,pinnacle
2025-11-02,2025,hard,borges n.,sakellaridis s.,1.24,4.44,pinnacle
2025-11-02,2025,hard,korda s.,popyrin a.,1.55,2.61,pinnacle
2025-11-03,2025,hard,dzumhur d.,fearnley j.,3.24,1.39,pinnacle
2025-11-03,2025,hard,spizzirri e.,djere l.,1.51,2.73,pinnacle
2025-11-03,2025,hard,kecmanovic m.,majchrzak k.,2.05,1.85,pinnacle
2025-11-03,2025,hard,wawrinka s.,van de zandschulp b.,2.72,1.5,pinnacle
2025-11-03,2025,hard,muller a.,struff j.l.,2.31,1.68,pinnacle
2025-11-03,2025,hard,kopriva v.,opelka r.,3.35,1.37,pinnacle
2025-11-04,2025,hard,etcheverry t.,mcdonald m.,1.83,2.07,pinnacle
2025-11-04,2025,hard,hanfmann y.,ivanov i.,1.07,11.86,pinnacle
2025-11-04,2025,hard,giron m.,martinez p.,1.27,4.18,pinnacle
2025-11-04,2025,hard,korda s.,dzumhur d.,1.27,4.17,pinnacle
2025-11-04,2025,hard,djokovic n.,tabilo a.,1.24,4.48,pinnacle
2025-11-04,2025,hard,borges n.,spizzirri e.,1.66,2.34,pinnacle
2025-11-05,2025,hard,kecmanovic m.,darderi l.,1.5,2.77,pinnacle
2025-11-05,2025,hard,hanfmann y.,kopriva v.,1.43,3.03,pinnacle
2025-11-05,2025,hard,muller a.,etcheverry t.,2.42,1.63,pinnacle
2025-11-05,2025,hard,musetti l.,wawrinka s.,1.19,5.28,pinnacle
2025-11-05,2025,hard,giron m.,nakashima b.,2.28,1.69,pinnacle
2025-11-06,2025,hard,korda s.,kecmanovic m.,1.51,2.77,pinnacle
2025-11-06,2025,hard,musetti l.,muller a.,1.2,4.5,bet365
2025-11-06,2025,hard,djokovic n.,borges n.,1.19,5.52,pinnacle
2025-11-06,2025,hard,hanfmann y.,giron m.,2.34,1.68,pinnacle
2025-11-07,2025,hard,djokovic n.,hanfmann y.,1.2,4.5,bet365
2025-11-07,2025,hard,musetti l.,korda s.,1.82,2.11,pinnacle
2025-11-08,2025,hard,djokovic n.,musetti l.,1.36,3.2,bet365
2025-11-02,2025,hard,cazaux a.,mannarino a.,1.55,2.58,pinnacle
2025-11-02,2025,hard,gaston h.,atmane t.,1.7,2.24,pinnacle
2025-11-03,2025,hard,tien l.,blanchet u.,1.26,4.31,pinnacle
2025-11-03,2025,hard,sonego l.,choinski j.,1.25,4.4,pinnacle
2025-11-03,2025,hard,tabur c.,kovacevic a.,2.6,1.55,pinnacle
2025-11-03,2025,hard,sachko v.,mpetshi g.,4.39,1.25,pinnacle
2025-11-03,2025,hard,norrie c.,royer v.,1.56,2.58,pinnacle
2025-11-03,2025,hard,berrettini m.,halys q.,1.29,3.9,pinnacle
2025-11-04,2025,hard,jacquet k.,van assche l.,2.5,1.59,pinnacle
2025-11-04,2025,hard,altmaier d.,rinderknech a.,2.47,1.6,pinnacle
2025-11-04,2025,hard,blockx a.,passaro f.,1.55,2.62,pinnacle
2025-11-04,2025,hard,vukic a.,moutet c.,3.94,1.29,pinnacle
2025-11-04,2025,hard,sonego l.,cobolli f.,2.12,1.79,pinnacle
2025-11-04,2025,hard,norrie c.,cazaux a.,1.86,2.04,pinnacle
2025-11-05,2025,hard,jacquet k.,added d.,1.47,2.86,pinnacle
2025-11-05,2025,hard,tabur c.,blockx a.,2.77,1.5,pinnacle
2025-11-05,2025,hard,tien l.,echargui m.,1.09,9.24,pinnacle
2025-11-05,2025,hard,altmaier d.,gaston h.,2.13,1.79,pinnacle
2025-11-05,2025,hard,sachko v.,bublik a.,6.25,1.15,pinnacle
2025-11-05,2025,hard,berrettini m.,vukic a.,1.3,3.84,pinnacle
2025-11-06,2025,hard,norrie c.,jacquet k.,1.38,3.36,pinnacle
2025-11-06,2025,hard,sonego l.,altmaier d.,1.57,2.57,pinnacle
2025-11-06,2025,hard,tien l.,berrettini m.,2.29,1.7,pinnacle
2025-11-06,2025,hard,sachko v.,tabur c.,2.05,1.87,pinnacle
2025-11-07,2025,hard,norrie c.,sonego l.,2.0,1.8,bet365
2025-11-07,2025,hard,tien l.,sachko v.,1.18,5.68,pinnacle
2025-11-08,2025,hard,tien l.,norrie c.,1.57,2.38,bet365
2025-11-09,2025,hard,alcaraz c.,de minaur a.,1.17,5.0,bet365
2025-11-09,2025,hard,zverev a.,shelton b.,1.56,2.62,pinnacle
2025-11-10,2025,hard,fritz t.,musetti l.,1.46,2.94,pinnacle
2025-11-10,2025,hard,sinner j.,auger-aliassime f.,1.09,9.63,pinnacle
2025-11-11,2025,hard,alcaraz c.,fritz t.,1.22,4.85,pinnacle
2025-11-11,2025,hard,musetti l.,de minaur a.,3.25,1.4,pinnacle
2025-11-12,2025,hard,auger-aliassime f.,shelton b.,2.2,1.76,pinnacle
2025-11-12,2025,hard,sinner j.,zverev a.,1.13,7.21,pinnacle
2025-11-13,2025,hard,de minaur a.,fritz t.,3.27,1.39,pinnacle
2025-11-13,2025,hard,alcaraz c.,musetti l.,1.14,6.88,pinnacle
2025-11-14,2025,hard,sinner j.,shelton b.,1.1,8.53,pinnacle
2025-11-14,2025,hard,auger-aliassime f.,zverev a.,1.21,5.06,pinnacle
2025-11-15,2025,hard,sinner j.,de minaur a.,1.1,8.53,pinnacle
2025-11-15,2025,hard,alcaraz c.,auger-aliassime f.,1.21,5.06,pinnacle
2025-11-16,2025,hard,sinner j.,alcaraz c.,1.5,2.8,pinnacle
