match_id,surface,year,round,p1_name,p2_name,prob,correct
2022-1536_1.0,clay,2022,R64,albert ramos-vinolas,marin cilic,0.36770883202552795,0
2022-1536_10.0,clay,2022,R64,jenson brooksby,roberto bautista agut,0.5902948379516602,0
2022-1536_11.0,clay,2022,R64,daniel evans,federico delbonis,0.5282320976257324,1
2022-1536_12.0,clay,2022,R64,jack draper,lorenzo sonego,0.25379377603530884,1
2022-1536_13.0,clay,2022,R64,fabio fognini,nikoloz basilashvili,0.41043296456336975,0
2022-1536_14.0,clay,2022,R64,filip krajinovic,john isner,0.5800409913063049,0
2022-1536_15.0,clay,2022,R64,cameron norrie,soonwoo kwon,0.649401068687439,1
2022-1536_16.0,clay,2022,R64,botic van de zandschulp,pablo carreno busta,0.32712504267692566,1
2022-1536_17.0,clay,2022,R64,aslan karatsev,david goffin,0.36471301317214966,0
2022-1536_18.0,clay,2022,R64,alexander bublik,miomir kecmanovic,0.3759111762046814,0
2022-1536_19.0,clay,2022,R64,borna coric,dusan lajovic,0.4694540202617645,0
2022-1536_2.0,clay,2022,R64,ilya ivashka,lorenzo musetti,0.2697722911834717,0
2022-1536_20.0,clay,2022,R64,alejandro davidovich fokina,lloyd harris,0.719809889793396,1
2022-1536_21.0,clay,2022,R64,hubert hurkacz,hugo dellien,0.659096896648407,1
2022-1536_22.0,clay,2022,R64,denis shapovalov,ugo humbert,0.3949558138847351,1
2022-1536_23.0,clay,2022,R64,andy murray,dominic thiem,0.38222572207450867,1
2022-1536_24.0,clay,2022,R64,carlos gimeno valero,gael monfils,0.25667765736579895,0
2022-1536_25.0,clay,2022,R32,alexander zverev,marin cilic,0.8468102812767029,1
2022-1536_26.0,clay,2022,R32,lorenzo musetti,sebastian korda,0.3780020773410797,1
2022-1536_27.0,clay,2022,R32,alex de minaur,jannik sinner,0.20232246816158295,0
2022-1536_28.0,clay,2022,R32,cristian garin,felix auger-aliassime,0.4572348892688751,0
2022-1536_29.0,clay,2022,R32,lucas pouille,stefanos tsitsipas,0.04146250709891319,0
2022-1536_3.0,clay,2022,R64,reilly opelka,sebastian korda,0.34609317779541016,0
2022-1536_30.0,clay,2022,R32,diego schwartzman,grigor dimitrov,0.5321928858757019,0
2022-1536_31.0,clay,2022,R32,daniel evans,roberto bautista agut,0.3721886873245239,1
2022-1536_32.0,clay,2022,R32,andrey rublev,jack draper,0.6788771748542786,1
2022-1536_33.0,clay,2022,R32,carlos alcaraz,nikoloz basilashvili,0.773391842842102,1
2022-1536_34.0,clay,2022,R32,cameron norrie,john isner,0.5871987342834473,1
2022-1536_35.0,clay,2022,R32,botic van de zandschulp,david goffin,0.5234734416007996,0
2022-1536_36.0,clay,2022,R32,miomir kecmanovic,rafael nadal,0.25908422470092773,0
2022-1536_37.0,clay,2022,R32,casper ruud,dusan lajovic,0.853060781955719,0
2022-1536_38.0,clay,2022,R32,alejandro davidovich fokina,hubert hurkacz,0.6627091765403748,0
2022-1536_39.0,clay,2022,R32,andy murray,denis shapovalov,0.647204577922821,1
2022-1536_4.0,clay,2022,R64,jannik sinner,tommy paul,0.5509825944900513,1
2022-1536_40.0,clay,2022,R32,gael monfils,novak djokovic,0.07744602859020233,0
2022-1536_41.0,clay,2022,R16,alexander zverev,lorenzo musetti,0.724233090877533,1
2022-1536_42.0,clay,2022,R16,felix auger-aliassime,jannik sinner,0.3501552641391754,1
2022-1536_43.0,clay,2022,R16,grigor dimitrov,stefanos tsitsipas,0.15534073114395142,0
2022-1536_44.0,clay,2022,R16,andrey rublev,daniel evans,0.8482927083969116,1
2022-1536_45.0,clay,2022,R16,cameron norrie,carlos alcaraz,0.2639499604701996,0
2022-1536_46.0,clay,2022,R16,david goffin,rafael nadal,0.08749182522296906,0
2022-1536_47.0,clay,2022,R16,dusan lajovic,hubert hurkacz,0.3403899073600769,0
2022-1536_48.0,clay,2022,R16,andy murray,novak djokovic,0.24175822734832764,0
2022-1536_49.0,clay,2022,QF,alexander zverev,felix auger-aliassime,0.7058192491531372,1
2022-1536_5.0,clay,2022,R64,alex de minaur,pedro martinez,0.5185314416885376,1
2022-1536_50.0,clay,2022,QF,andrey rublev,stefanos tsitsipas,0.3148271143436432,0
2022-1536_51.0,clay,2022,QF,carlos alcaraz,rafael nadal,0.4557422697544098,1
2022-1536_52.0,clay,2022,QF,hubert hurkacz,novak djokovic,0.12762340903282166,0
2022-1536_53.0,clay,2022,SF,alexander zverev,stefanos tsitsipas,0.36800384521484375,1
2022-1536_54.0,clay,2022,SF,carlos alcaraz,novak djokovic,0.4836236834526062,1
2022-1536_55.0,clay,2022,F,alexander zverev,carlos alcaraz,0.5836216807365417,0
2022-1536_6.0,clay,2022,R64,cristian garin,frances tiafoe,0.5244185328483582,1
2022-1536_7.0,clay,2022,R64,karen khachanov,lucas pouille,0.5976652503013611,0
2022-1536_8.0,clay,2022,R64,grigor dimitrov,maxime cressy,0.6286548972129822,1
2022-1536_9.0,clay,2022,R64,benoit paire,diego schwartzman,0.14099730551242828,0
2022-308_1.0,clay,2022,R32,alex molcan,norbert gombos,0.7615953087806702,1
2022-308_10.0,clay,2022,R32,daniel evans,maxime cressy,0.5786204934120178,0
2022-308_11.0,clay,2022,R32,emil ruusuvuori,yoshihito nishioka,0.6916702389717102,1
2022-308_12.0,clay,2022,R32,holger rune,jiri lehecka,0.45152196288108826,1
2022-308_13.0,clay,2022,R16,alex molcan,casper ruud,0.18656128644943237,0
2022-308_14.0,clay,2022,R16,botic van de zandschulp,egor gerasimov,0.6575837731361389,1
2022-308_15.0,clay,2022,R16,ilya ivashka,nikoloz basilashvili,0.6132827401161194,0
2022-308_16.0,clay,2022,R16,daniel altmaier,miomir kecmanovic,0.34993091225624084,0
2022-308_17.0,clay,2022,R16,alejandro tabilo,hugo gaston,0.41009217500686646,1
2022-308_18.0,clay,2022,R16,oscar otte,reilly opelka,0.4294413626194,1
2022-308_19.0,clay,2022,R16,emil ruusuvuori,maxime cressy,0.5393823385238647,1
2022-308_2.0,clay,2022,R32,egor gerasimov,john millman,0.514574408531189,1
2022-308_20.0,clay,2022,R16,alexander zverev,holger rune,0.7132789492607117,0
2022-308_21.0,clay,2022,QF,botic van de zandschulp,casper ruud,0.13060924410820007,1
2022-308_22.0,clay,2022,QF,miomir kecmanovic,nikoloz basilashvili,0.6492919325828552,1
2022-308_23.0,clay,2022,QF,alejandro tabilo,oscar otte,0.6145318746566772,0
2022-308_24.0,clay,2022,QF,emil ruusuvuori,holger rune,0.4475112557411194,0
2022-308_25.0,clay,2022,SF,botic van de zandschulp,miomir kecmanovic,0.2708933353424072,1
2022-308_26.0,clay,2022,SF,holger rune,oscar otte,0.6860796809196472,1
2022-308_27.0,clay,2022,F,botic van de zandschulp,holger rune,0.41905802488327026,0
2022-308_3.0,clay,2022,R32,botic van de zandschulp,brandon nakashima,0.32749366760253906,1
2022-308_4.0,clay,2022,R32,ilya ivashka,mackenzie mcdonald,0.5360517501831055,1
2022-308_5.0,clay,2022,R32,daniel altmaier,philipp kohlschreiber,0.5589199066162109,1
2022-308_6.0,clay,2022,R32,max hans rehberg,miomir kecmanovic,0.10203548520803452,0
2022-308_7.0,clay,2022,R32,alejandro tabilo,cristian garin,0.3756090998649597,1
2022-308_8.0,clay,2022,R32,hugo gaston,marcos giron,0.3758220076560974,1
2022-308_9.0,clay,2022,R32,marko topo,oscar otte,0.16683408617973328,0
2022-314_1.0,clay,2022,R32,richard gasquet,roberto carballes baena,0.5618931651115417,1
2022-314_10.0,clay,2022,R32,alexander ritschard,joao sousa,0.47162625193595886,1
2022-314_11.0,clay,2022,R32,bernabe zapata miralles,jaume munar,0.30698633193969727,0
2022-314_12.0,clay,2022,R32,jiri lehecka,tomas martin etcheverry,0.403436541557312,1
2022-314_13.0,clay,2022,R16,matteo berrettini,richard gasquet,0.8543707132339478,1
2022-314_14.0,clay,2022,R16,elias ymer,pedro martinez,0.41415706276893616,0
2022-314_15.0,clay,2022,R16,juan pablo varillas,roberto bautista agut,0.3421132564544678,1
2022-314_16.0,clay,2022,R16,dominic thiem,federico delbonis,0.6422112584114075,1
2022-314_17.0,clay,2022,R16,nicolas jarry,yannick hanfmann,0.5459630489349365,1
2022-314_18.0,clay,2022,R16,albert ramos-vinolas,dominic stricker,0.5202814936637878,1
2022-314_19.0,clay,2022,R16,alexander ritschard,jaume munar,0.22243310511112213,0
2022-314_2.0,clay,2022,R32,benoit paire,elias ymer,0.31969091296195984,0
2022-314_20.0,clay,2022,R16,casper ruud,jiri lehecka,0.8754750490188599,1
2022-314_21.0,clay,2022,QF,matteo berrettini,pedro martinez,0.8420174717903137,1
2022-314_22.0,clay,2022,QF,dominic thiem,juan pablo varillas,0.6299983263015747,1
2022-314_23.0,clay,2022,QF,albert ramos-vinolas,nicolas jarry,0.2994770407676697,1
2022-314_24.0,clay,2022,QF,casper ruud,jaume munar,0.9158844351768494,1
2022-314_25.0,clay,2022,SF,dominic thiem,matteo berrettini,0.2293805629014969,0
2022-314_26.0,clay,2022,SF,albert ramos-vinolas,casper ruud,0.09955862164497375,0
2022-314_27.0,clay,2022,F,casper ruud,matteo berrettini,0.7277359366416931,1
2022-314_3.0,clay,2022,R32,carlos taberner,pedro martinez,0.47320958971977234,0
2022-314_4.0,clay,2022,R32,juan pablo varillas,lorenzo sonego,0.2397059202194214,1
2022-314_5.0,clay,2022,R32,federico delbonis,mikael ymer,0.5659205913543701,1
2022-314_6.0,clay,2022,R32,dominic thiem,hugo gaston,0.5416529774665833,1
2022-314_7.0,clay,2022,R32,cristian garin,yannick hanfmann,0.7919780611991882,0
2022-314_8.0,clay,2022,R32,nicolas jarry,thiago monteiro,0.3150648772716522,1
2022-314_9.0,clay,2022,R32,dominic stricker,marc-andrea huesler,0.34699636697769165,1
2022-316_1.0,clay,2022,R32,federico coria,federico delbonis,0.6460667252540588,1
2022-316_10.0,clay,2022,R32,hugo gaston,nikoloz basilashvili,0.5654728412628174,1
2022-316_11.0,clay,2022,R32,aslan karatsev,lorenzo sonego,0.3634565472602844,1
2022-316_12.0,clay,2022,R32,francisco cerundolo,pedro sousa,0.8172510862350464,1
2022-316_13.0,clay,2022,R16,andrey rublev,federico coria,0.8097927570343018,1
2022-316_14.0,clay,2022,R16,laslo djere,marc-andrea huesler,0.7083842754364014,1
2022-316_15.0,clay,2022,R16,dominic thiem,roberto bautista agut,0.24457474052906036,1
2022-316_16.0,clay,2022,R16,alejandro davidovich fokina,sebastian baez,0.47986501455307007,0
2022-316_17.0,clay,2022,R16,albert ramos-vinolas,pablo carreno busta,0.25567954778671265,0
2022-316_18.0,clay,2022,R16,diego schwartzman,elias ymer,0.7321031093597412,1
2022-316_19.0,clay,2022,R16,aslan karatsev,hugo gaston,0.3170326054096222,1
2022-316_2.0,clay,2022,R32,laslo djere,lorenzo musetti,0.45128703117370605,1
2022-316_20.0,clay,2022,R16,casper ruud,francisco cerundolo,0.6094140410423279,0
2022-316_21.0,clay,2022,QF,andrey rublev,laslo djere,0.7126904726028442,1
2022-316_22.0,clay,2022,QF,dominic thiem,sebastian baez,0.34209713339805603,0
2022-316_23.0,clay,2022,QF,diego schwartzman,pablo carreno busta,0.5098522305488586,0
2022-316_24.0,clay,2022,QF,aslan karatsev,francisco cerundolo,0.40258651971817017,0
2022-316_25.0,clay,2022,SF,andrey rublev,sebastian baez,0.35523495078086853,0
2022-316_26.0,clay,2022,SF,francisco cerundolo,pablo carreno busta,0.3855976462364197,1
2022-316_27.0,clay,2022,F,francisco cerundolo,sebastian baez,0.29519957304000854,1
2022-316_3.0,clay,2022,R32,holger rune,marc-andrea huesler,0.806923508644104,0
2022-316_4.0,clay,2022,R32,dominic thiem,emil ruusuvuori,0.5504457354545593,1
2022-316_5.0,clay,2022,R32,alejandro davidovich fokina,joao sousa,0.7932074666023254,1
2022-316_6.0,clay,2022,R32,fabio fognini,sebastian baez,0.23930148780345917,0
2022-316_7.0,clay,2022,R32,pablo carreno busta,stan wawrinka,0.633088231086731,1
2022-316_8.0,clay,2022,R32,albert ramos-vinolas,tomas martin etcheverry,0.6928033232688904,1
2022-316_9.0,clay,2022,R32,daniel altmaier,elias ymer,0.39816534519195557,0
2022-319_1.0,clay,2022,R32,gerald melzer,yannick hanfmann,0.2824586033821106,0
2022-319_10.0,clay,2022,R32,nicolas jarry,pedro martinez,0.39230605959892273,0
2022-319_11.0,clay,2022,R32,cristian garin,federico coria,0.6252907514572144,0
2022-319_12.0,clay,2022,R32,carlos taberner,juan pablo varillas,0.41515612602233887,0
2022-319_13.0,clay,2022,R16,ivan gakhov,yannick hanfmann,0.2987307906150818,0
2022-319_14.0,clay,2022,R16,dominic thiem,sebastian ofner,0.764178991317749,1
2022-319_15.0,clay,2022,R16,aslan karatsev,dusan lajovic,0.5587514042854309,0
2022-319_16.0,clay,2022,R16,filip misolic,pablo andujar,0.5139776468276978,1
2022-319_17.0,clay,2022,R16,jiri lehecka,joao sousa,0.6203261613845825,1
2022-319_18.0,clay,2022,R16,jurij rodionov,roberto bautista agut,0.23058201372623444,0
2022-319_19.0,clay,2022,R16,federico coria,pedro martinez,0.43025314807891846,0
2022-319_2.0,clay,2022,R32,alexander shevchenko,dominic thiem,0.3217179477214813,0
2022-319_20.0,clay,2022,R16,albert ramos-vinolas,juan pablo varillas,0.6158042550086975,1
2022-319_21.0,clay,2022,QF,dominic thiem,yannick hanfmann,0.6687273383140564,0
2022-319_22.0,clay,2022,QF,dusan lajovic,filip misolic,0.5497296452522278,0
2022-319_23.0,clay,2022,QF,jiri lehecka,roberto bautista agut,0.529554545879364,0
2022-319_24.0,clay,2022,QF,albert ramos-vinolas,pedro martinez,0.5869390368461609,1
2022-319_25.0,clay,2022,SF,filip misolic,yannick hanfmann,0.42008519172668457,1
2022-319_26.0,clay,2022,SF,albert ramos-vinolas,roberto bautista agut,0.3463706374168396,0
2022-319_27.0,clay,2022,F,filip misolic,roberto bautista agut,0.2887859642505646,0
2022-319_3.0,clay,2022,R32,richard gasquet,sebastian ofner,0.42741796374320984,0
2022-319_4.0,clay,2022,R32,dusan lajovic,vitaliy sachko,0.724686861038208,1
2022-319_5.0,clay,2022,R32,daniel dutra da silva,filip misolic,0.25337108969688416,0
2022-319_6.0,clay,2022,R32,lorenzo sonego,pablo andujar,0.7500309348106384,0
2022-319_7.0,clay,2022,R32,joao sousa,vit kopriva,0.5224609971046448,1
2022-319_8.0,clay,2022,R32,jiri lehecka,thiago monteiro,0.5121170878410339,1
2022-319_9.0,clay,2022,R32,hernan casanova,jurij rodionov,0.2895379364490509,0
2022-322_1.0,clay,2022,R32,benoit paire,emil ruusuvuori,0.22887766361236572,1
2022-322_10.0,clay,2022,R32,alexander bublik,kamil majchrzak,0.7103728652000427,0
2022-322_11.0,clay,2022,R32,dominic thiem,marco cecchinato,0.7985996603965759,0
2022-322_12.0,clay,2022,R32,john millman,richard gasquet,0.48734915256500244,0
2022-322_13.0,clay,2022,R16,benoit paire,casper ruud,0.06295789778232574,0
2022-322_14.0,clay,2022,R16,federico delbonis,thanasi kokkinakis,0.39857783913612366,0
2022-322_15.0,clay,2022,R16,christopher o'connell,reilly opelka,0.27089980244636536,0
2022-322_16.0,clay,2022,R16,johan nikles,tallon griekspoor,0.39115768671035767,0
2022-322_17.0,clay,2022,R16,joao sousa,nikoloz basilashvili,0.26807668805122375,1
2022-322_18.0,clay,2022,R16,denis shapovalov,ilya ivashka,0.6160601377487183,0
2022-322_19.0,clay,2022,R16,kamil majchrzak,marco cecchinato,0.47174376249313354,1
2022-322_2.0,clay,2022,R32,fabio fognini,thanasi kokkinakis,0.7078806757926941,0
2022-322_20.0,clay,2022,R16,daniil medvedev,richard gasquet,0.5424814820289612,0
2022-322_21.0,clay,2022,QF,casper ruud,thanasi kokkinakis,0.8091000914573669,1
2022-322_22.0,clay,2022,QF,reilly opelka,tallon griekspoor,0.5905576944351196,1
2022-322_23.0,clay,2022,QF,ilya ivashka,joao sousa,0.6400144696235657,0
2022-322_24.0,clay,2022,QF,kamil majchrzak,richard gasquet,0.5899763107299805,0
2022-322_25.0,clay,2022,SF,casper ruud,reilly opelka,0.6921579837799072,1
2022-322_26.0,clay,2022,SF,joao sousa,richard gasquet,0.393789678812027,1
2022-322_27.0,clay,2022,F,casper ruud,joao sousa,0.9134008884429932,1
2022-322_3.0,clay,2022,R32,federico delbonis,ricardas berankis,0.724170446395874,1
2022-322_4.0,clay,2022,R32,albert ramos-vinolas,christopher o'connell,0.7534149289131165,0
2022-322_5.0,clay,2022,R32,johan nikles,leandro riedi,0.353620320558548,1
2022-322_6.0,clay,2022,R32,tallon griekspoor,tommy paul,0.28667157888412476,1
2022-322_7.0,clay,2022,R32,facundo bagnis,nikoloz basilashvili,0.18621820211410522,0
2022-322_8.0,clay,2022,R32,joao sousa,pablo andujar,0.3860602080821991,1
2022-322_9.0,clay,2022,R32,ilya ivashka,marcos giron,0.5939726233482361,1
2022-360_1.0,clay,2022,R32,daniel evans,pablo andujar,0.66725754737854,0
2022-360_10.0,clay,2022,R32,jiri vesely,malek jaziri,0.6865176558494568,0
2022-360_11.0,clay,2022,R32,carlos taberner,yannick hanfmann,0.49824297428131104,1
2022-360_12.0,clay,2022,R32,albert ramos-vinolas,lorenzo musetti,0.42724043130874634,0
2022-360_13.0,clay,2022,R32,botic van de zandschulp,hugo dellien,0.783299446105957,1
2022-360_14.0,clay,2022,R32,bernabe zapata miralles,vit kopriva,0.3937193751335144,0
2022-360_15.0,clay,2022,R32,alex molcan,stefano travaglia,0.7149940729141235,1
2022-360_16.0,clay,2022,R32,elliot benchetrit,felix auger-aliassime,0.10458611696958542,0
2022-360_17.0,clay,2022,R16,david goffin,pablo andujar,0.6151151657104492,1
2022-360_18.0,clay,2022,R16,joao sousa,roberto carballes baena,0.1630227416753769,0
2022-360_19.0,clay,2022,R16,pavel kotov,richard gasquet,0.4564638137817383,0
2022-360_2.0,clay,2022,R32,damir dzumhur,david goffin,0.23705340921878815,0
2022-360_20.0,clay,2022,R16,federico coria,mirza basic,0.6657257080078125,1
2022-360_21.0,clay,2022,R16,laslo djere,malek jaziri,0.7148106694221497,1
2022-360_22.0,clay,2022,R16,carlos taberner,lorenzo musetti,0.28581979870796204,0
2022-360_23.0,clay,2022,R16,botic van de zandschulp,vit kopriva,0.5295875668525696,1
2022-360_24.0,clay,2022,R16,alex molcan,felix auger-aliassime,0.3418474495410919,1
2022-360_25.0,clay,2022,QF,david goffin,roberto carballes baena,0.6224634647369385,1
2022-360_26.0,clay,2022,QF,federico coria,richard gasquet,0.5781118273735046,1
2022-360_27.0,clay,2022,QF,laslo djere,lorenzo musetti,0.46830207109451294,1
2022-360_28.0,clay,2022,QF,alex molcan,botic van de zandschulp,0.5594812035560608,1
2022-360_29.0,clay,2022,SF,david goffin,federico coria,0.5175383687019348,1
2022-360_3.0,clay,2022,R32,marco cecchinato,roberto carballes baena,0.3316406309604645,0
2022-360_30.0,clay,2022,SF,alex molcan,laslo djere,0.3679828643798828,1
2022-360_31.0,clay,2022,F,alex molcan,david goffin,0.3507526218891144,0
2022-360_4.0,clay,2022,R32,federico delbonis,joao sousa,0.5609912276268005,0
2022-360_5.0,clay,2022,R32,pavel kotov,tallon griekspoor,0.254603773355484,1
2022-360_6.0,clay,2022,R32,henri laaksonen,richard gasquet,0.5294408798217773,0
2022-360_7.0,clay,2022,R32,kamil majchrzak,mirza basic,0.6632049083709717,0
2022-360_8.0,clay,2022,R32,alejandro davidovich fokina,federico coria,0.6483834981918335,0
2022-360_9.0,clay,2022,R32,jiri lehecka,laslo djere,0.3269113302230835,0
2022-410_1.0,clay,2022,R64,federico delbonis,jaume munar,0.6915947794914246,1
2022-410_10.0,clay,2022,R64,diego schwartzman,karen khachanov,0.40941113233566284,1
2022-410_11.0,clay,2022,R64,lloyd harris,marton fucsovics,0.5298969745635986,0
2022-410_12.0,clay,2022,R64,benoit paire,lorenzo musetti,0.20252270996570587,0
2022-410_13.0,clay,2022,R64,albert ramos-vinolas,tallon griekspoor,0.6122913360595703,1
2022-410_14.0,clay,2022,R64,pedro martinez,ugo humbert,0.5920588970184326,1
2022-410_15.0,clay,2022,R64,hubert hurkacz,hugo dellien,0.6481971740722656,1
2022-410_16.0,clay,2022,R64,grigor dimitrov,nikoloz basilashvili,0.5623725056648254,1
2022-410_17.0,clay,2022,R64,dusan lajovic,filip krajinovic,0.5185663104057312,1
2022-410_18.0,clay,2022,R64,aslan karatsev,holger rune,0.6707527041435242,0
2022-410_19.0,clay,2022,R64,botic van de zandschulp,sebastian korda,0.450721800327301,0
2022-410_2.0,clay,2022,R64,alexander bublik,stan wawrinka,0.5722082853317261,1
2022-410_20.0,clay,2022,R64,jo-wilfried tsonga,marin cilic,0.24057841300964355,0
2022-410_21.0,clay,2022,R64,lucas catarina,taylor fritz,0.10073580592870712,0
2022-410_22.0,clay,2022,R64,benjamin bonzi,daniel evans,0.38729602098464966,0
2022-410_23.0,clay,2022,R64,david goffin,jiri lehecka,0.7114831209182739,1
2022-410_24.0,clay,2022,R64,alejandro davidovich fokina,marcos giron,0.6721501350402832,1
2022-410_25.0,clay,2022,R32,alexander zverev,federico delbonis,0.885564923286438,1
2022-410_26.0,clay,2022,R32,alexander bublik,pablo carreno busta,0.24692167341709137,0
2022-410_27.0,clay,2022,R32,emil ruusuvuori,jannik sinner,0.14716403186321259,0
2022-410_28.0,clay,2022,R32,alex de minaur,andrey rublev,0.3187806308269501,0
2022-410_29.0,clay,2022,R32,fabio fognini,stefanos tsitsipas,0.11525337398052216,0
2022-410_3.0,clay,2022,R64,pablo carreno busta,sebastian baez,0.6046769618988037,1
2022-410_30.0,clay,2022,R32,laslo djere,lorenzo sonego,0.42718660831451416,1
2022-410_31.0,clay,2022,R32,diego schwartzman,marton fucsovics,0.6464678645133972,1
2022-410_32.0,clay,2022,R32,felix auger-aliassime,lorenzo musetti,0.45812365412712097,0
2022-410_33.0,clay,2022,R32,albert ramos-vinolas,cameron norrie,0.3611076772212982,1
2022-410_34.0,clay,2022,R32,hubert hurkacz,pedro martinez,0.41713079810142517,1
2022-410_35.0,clay,2022,R32,dusan lajovic,grigor dimitrov,0.3113003671169281,0
2022-410_36.0,clay,2022,R32,casper ruud,holger rune,0.7824258804321289,1
2022-410_37.0,clay,2022,R32,carlos alcaraz,sebastian korda,0.5470203161239624,0
2022-410_38.0,clay,2022,R32,marin cilic,taylor fritz,0.4622340798377991,0
2022-410_39.0,clay,2022,R32,daniel evans,david goffin,0.40635594725608826,0
2022-410_4.0,clay,2022,R64,borna coric,jannik sinner,0.19934046268463135,0
2022-410_40.0,clay,2022,R32,alejandro davidovich fokina,novak djokovic,0.1990249902009964,1
2022-410_41.0,clay,2022,R16,alexander zverev,pablo carreno busta,0.7834591865539551,1
2022-410_42.0,clay,2022,R16,andrey rublev,jannik sinner,0.429762601852417,0
2022-410_43.0,clay,2022,R16,laslo djere,stefanos tsitsipas,0.2380184829235077,0
2022-410_44.0,clay,2022,R16,diego schwartzman,lorenzo musetti,0.4597863256931305,1
2022-410_45.0,clay,2022,R16,albert ramos-vinolas,hubert hurkacz,0.573847770690918,0
2022-410_46.0,clay,2022,R16,casper ruud,grigor dimitrov,0.7814427614212036,0
2022-410_47.0,clay,2022,R16,sebastian korda,taylor fritz,0.4644683003425598,0
2022-410_48.0,clay,2022,R16,alejandro davidovich fokina,david goffin,0.628185510635376,1
2022-410_49.0,clay,2022,QF,alexander zverev,jannik sinner,0.7322887778282166,1
2022-410_5.0,clay,2022,R64,emil ruusuvuori,oscar otte,0.6971667408943176,1
2022-410_50.0,clay,2022,QF,diego schwartzman,stefanos tsitsipas,0.23158568143844604,0
2022-410_51.0,clay,2022,QF,grigor dimitrov,hubert hurkacz,0.5529518723487854,1
2022-410_52.0,clay,2022,QF,alejandro davidovich fokina,taylor fritz,0.48525747656822205,1
2022-410_53.0,clay,2022,SF,alexander zverev,stefanos tsitsipas,0.4793611466884613,0
2022-410_54.0,clay,2022,SF,alejandro davidovich fokina,grigor dimitrov,0.5258768796920776,1
2022-410_55.0,clay,2022,F,alejandro davidovich fokina,stefanos tsitsipas,0.17849040031433105,0
2022-410_6.0,clay,2022,R64,alex de minaur,bernabe zapata miralles,0.5552364587783813,1
2022-410_7.0,clay,2022,R64,arthur rinderknech,fabio fognini,0.6022112369537354,0
2022-410_8.0,clay,2022,R64,laslo djere,maxime cressy,0.7717812061309814,1
2022-410_9.0,clay,2022,R64,ilya ivashka,lorenzo sonego,0.31717735528945923,0
2022-414_1.0,clay,2022,R32,andrey rublev,ricardas berankis,0.9199863076210022,1
2022-414_10.0,clay,2022,R32,borna coric,laslo djere,0.22228169441223145,1
2022-414_11.0,clay,2022,R32,alex molcan,marko topo,0.8875520825386047,1
2022-414_12.0,clay,2022,R32,luca nardi,pablo carreno busta,0.1703873574733734,0
2022-414_13.0,clay,2022,R32,jan-lennard struff,karen khachanov,0.34247875213623047,0
2022-414_14.0,clay,2022,R32,aljaz bedene,fabio fognini,0.2689945697784424,0
2022-414_15.0,clay,2022,R32,filip krajinovic,sebastian baez,0.28324493765830994,1
2022-414_16.0,clay,2022,R32,carlos alcaraz,nicola kuhn,0.9703480005264282,1
2022-414_17.0,clay,2022,R16,andrey rublev,francisco cerundolo,0.5496866106987,0
2022-414_18.0,clay,2022,R16,aslan karatsev,daniel elahi galan,0.46604785323143005,1
2022-414_19.0,clay,2022,R16,emil ruusuvuori,lorenzo musetti,0.22834542393684387,0
2022-414_2.0,clay,2022,R32,daniel altmaier,francisco cerundolo,0.29146531224250793,0
2022-414_20.0,clay,2022,R16,alejandro davidovich fokina,jozef kovalik,0.8419608473777771,1
2022-414_21.0,clay,2022,R16,borna coric,tallon griekspoor,0.5590769648551941,1
2022-414_22.0,clay,2022,R16,alex molcan,pablo carreno busta,0.5238271951675415,1
2022-414_23.0,clay,2022,R16,fabio fognini,karen khachanov,0.24154417216777802,0
2022-414_24.0,clay,2022,R16,carlos alcaraz,filip krajinovic,0.8749367594718933,1
2022-414_25.0,clay,2022,QF,aslan karatsev,francisco cerundolo,0.2978232502937317,0
2022-414_26.0,clay,2022,QF,alejandro davidovich fokina,lorenzo musetti,0.36683428287506104,0
2022-414_27.0,clay,2022,QF,alex molcan,borna coric,0.5375970602035522,1
2022-414_28.0,clay,2022,QF,carlos alcaraz,karen khachanov,0.739473283290863,1
2022-414_29.0,clay,2022,SF,francisco cerundolo,lorenzo musetti,0.40388622879981995,0
2022-414_3.0,clay,2022,R32,daniel elahi galan,federico coria,0.3639877438545227,1
2022-414_30.0,clay,2022,SF,alex molcan,carlos alcaraz,0.16813591122627258,0
2022-414_31.0,clay,2022,F,carlos alcaraz,lorenzo musetti,0.7377741932868958,0
2022-414_4.0,clay,2022,R32,aslan karatsev,nikoloz basilashvili,0.4418783485889435,1
2022-414_5.0,clay,2022,R32,diego schwartzman,emil ruusuvuori,0.554980456829071,0
2022-414_6.0,clay,2022,R32,dusan lajovic,lorenzo musetti,0.18906044960021973,0
2022-414_7.0,clay,2022,R32,jozef kovalik,max hans rehberg,0.8074072003364563,1
2022-414_8.0,clay,2022,R32,alejandro davidovich fokina,botic van de zandschulp,0.7343553304672241,1
2022-414_9.0,clay,2022,R32,holger rune,tallon griekspoor,0.7616316080093384,0
2022-416_1.0,clay,2022,R64,sebastian baez,tallon griekspoor,0.8014806509017944,1
2022-416_10.0,clay,2022,R64,jannik sinner,pedro martinez,0.7705674171447754,1
2022-416_11.0,clay,2022,R64,dominic thiem,fabio fognini,0.5936662554740906,0
2022-416_12.0,clay,2022,R64,filip krajinovic,frances tiafoe,0.5378391742706299,1
2022-416_13.0,clay,2022,R64,botic van de zandschulp,sebastian korda,0.3256027400493622,1
2022-416_14.0,clay,2022,R64,flavio cobolli,jenson brooksby,0.24076296389102936,0
2022-416_15.0,clay,2022,R64,david goffin,hubert hurkacz,0.5222106575965881,1
2022-416_16.0,clay,2022,R64,denis shapovalov,lorenzo sonego,0.6807774901390076,1
2022-416_17.0,clay,2022,R64,daniel evans,nikoloz basilashvili,0.35746702551841736,0
2022-416_18.0,clay,2022,R64,francisco cerundolo,john isner,0.3325468897819519,0
2022-416_19.0,clay,2022,R64,alejandro davidovich fokina,ilya ivashka,0.6269311904907227,1
2022-416_2.0,clay,2022,R64,albert ramos-vinolas,tommy paul,0.3375335931777954,0
2022-416_20.0,clay,2022,R64,alexander bublik,marcos giron,0.7057139873504639,0
2022-416_21.0,clay,2022,R64,diego schwartzman,miomir kecmanovic,0.5222930312156677,1
2022-416_22.0,clay,2022,R64,reilly opelka,stan wawrinka,0.6560825705528259,0
2022-416_23.0,clay,2022,R64,borna coric,laslo djere,0.4686392843723297,0
2022-416_24.0,clay,2022,R64,aslan karatsev,lloyd harris,0.48815304040908813,1
2022-416_25.0,clay,2022,R32,alexander zverev,sebastian baez,0.8557948470115662,1
2022-416_26.0,clay,2022,R32,alex de minaur,tommy paul,0.48729363083839417,1
2022-416_27.0,clay,2022,R32,cameron norrie,marin cilic,0.5980288982391357,0
2022-416_28.0,clay,2022,R32,cristian garin,emil ruusuvuori,0.6842595934867859,1
2022-416_29.0,clay,2022,R32,grigor dimitrov,stefanos tsitsipas,0.17600783705711365,0
2022-416_3.0,clay,2022,R64,alex de minaur,dusan lajovic,0.698503851890564,1
2022-416_30.0,clay,2022,R32,karen khachanov,pablo carreno busta,0.4968816637992859,1
2022-416_31.0,clay,2022,R32,fabio fognini,jannik sinner,0.2569412589073181,0
2022-416_32.0,clay,2022,R32,andrey rublev,filip krajinovic,0.7776011228561401,0
2022-416_33.0,clay,2022,R32,botic van de zandschulp,casper ruud,0.2751297354698181,0
2022-416_34.0,clay,2022,R32,david goffin,jenson brooksby,0.5165663361549377,0
2022-416_35.0,clay,2022,R32,denis shapovalov,nikoloz basilashvili,0.6258813142776489,1
2022-416_36.0,clay,2022,R32,john isner,rafael nadal,0.08439017832279205,0
2022-416_37.0,clay,2022,R32,alejandro davidovich fokina,felix auger-aliassime,0.5380843281745911,0
2022-416_38.0,clay,2022,R32,diego schwartzman,marcos giron,0.7874146699905396,0
2022-416_39.0,clay,2022,R32,laslo djere,stan wawrinka,0.5327663421630859,0
2022-416_4.0,clay,2022,R64,cameron norrie,luca nardi,0.8808689117431641,1
2022-416_40.0,clay,2022,R32,aslan karatsev,novak djokovic,0.1077614277601242,0
2022-416_41.0,clay,2022,R16,alex de minaur,alexander zverev,0.11436432600021362,0
2022-416_42.0,clay,2022,R16,cristian garin,marin cilic,0.5207357406616211,1
2022-416_43.0,clay,2022,R16,karen khachanov,stefanos tsitsipas,0.12914875149726868,0
2022-416_44.0,clay,2022,R16,filip krajinovic,jannik sinner,0.20267221331596375,0
2022-416_45.0,clay,2022,R16,casper ruud,jenson brooksby,0.7188175320625305,1
2022-416_46.0,clay,2022,R16,denis shapovalov,rafael nadal,0.1427903026342392,1
2022-416_47.0,clay,2022,R16,felix auger-aliassime,marcos giron,0.7795563340187073,1
2022-416_48.0,clay,2022,R16,novak djokovic,stan wawrinka,0.9147523641586304,1
2022-416_49.0,clay,2022,QF,alexander zverev,cristian garin,0.8373293280601501,1
2022-416_5.0,clay,2022,R64,marin cilic,matteo arnaldi,0.7105909585952759,1
2022-416_50.0,clay,2022,QF,jannik sinner,stefanos tsitsipas,0.28253111243247986,0
2022-416_51.0,clay,2022,QF,casper ruud,denis shapovalov,0.7047470211982727,1
2022-416_52.0,clay,2022,QF,felix auger-aliassime,novak djokovic,0.15029065310955048,0
2022-416_53.0,clay,2022,SF,alexander zverev,stefanos tsitsipas,0.4095587134361267,0
2022-416_54.0,clay,2022,SF,casper ruud,novak djokovic,0.3367607593536377,0
2022-416_55.0,clay,2022,F,novak djokovic,stefanos tsitsipas,0.6327782869338989,1
2022-416_6.0,clay,2022,R64,cristian garin,francesco passaro,0.6907888054847717,1
2022-416_7.0,clay,2022,R64,brandon nakashima,grigor dimitrov,0.2672123312950134,0
2022-416_8.0,clay,2022,R64,giulio zeppieri,karen khachanov,0.13418929278850555,0
2022-416_9.0,clay,2022,R64,federico delbonis,pablo carreno busta,0.2471822053194046,0
2022-425_1.0,clay,2022,R64,brandon nakashima,nicolas alvarez varona,0.39827868342399597,1
2022-425_10.0,clay,2022,R64,pablo andujar,ugo humbert,0.3839533030986786,0
2022-425_11.0,clay,2022,R64,jordan thompson,marton fucsovics,0.3259349763393402,0
2022-425_12.0,clay,2022,R64,adrian mannarino,egor gerasimov,0.6133953332901001,0
2022-425_13.0,clay,2022,R64,benoit paire,soonwoo kwon,0.4966071844100952,0
2022-425_14.0,clay,2022,R64,gian marco moroni,jaume munar,0.2818785309791565,0
2022-425_15.0,clay,2022,R64,federico coria,marcos giron,0.46030405163764954,1
2022-425_16.0,clay,2022,R64,ilya ivashka,pedro martinez,0.3871069848537445,1
2022-425_17.0,clay,2022,R32,brandon nakashima,casper ruud,0.17996910214424133,0
2022-425_18.0,clay,2022,R32,alexander bublik,emil ruusuvuori,0.4788234531879425,0
2022-425_19.0,clay,2022,R32,elias ymer,lorenzo sonego,0.28557536005973816,0
2022-425_2.0,clay,2022,R64,emil ruusuvuori,feliciano lopez,0.8005126118659973,1
2022-425_20.0,clay,2022,R32,bernabe zapata miralles,pablo carreno busta,0.21992790699005127,0
2022-425_21.0,clay,2022,R32,carlos taberner,felix auger-aliassime,0.37516167759895325,0
2022-425_22.0,clay,2022,R32,frances tiafoe,hugo dellien,0.7109822034835815,1
2022-425_23.0,clay,2022,R32,daniel evans,lorenzo musetti,0.20714648067951202,0
2022-425_24.0,clay,2022,R32,diego schwartzman,mackenzie mcdonald,0.6015174388885498,1
2022-425_25.0,clay,2022,R32,albert ramos-vinolas,lloyd harris,0.4010460674762726,0
2022-425_26.0,clay,2022,R32,alex de minaur,ugo humbert,0.550555944442749,1
2022-425_27.0,clay,2022,R32,federico delbonis,marton fucsovics,0.40155112743377686,0
2022-425_28.0,clay,2022,R32,cameron norrie,egor gerasimov,0.7491268515586853,1
2022-425_29.0,clay,2022,R32,carlos alcaraz,soonwoo kwon,0.7672516107559204,1
2022-425_3.0,clay,2022,R64,elias ymer,maxime cressy,0.26406264305114746,1
2022-425_30.0,clay,2022,R32,jaume munar,nikoloz basilashvili,0.4922652840614319,1
2022-425_31.0,clay,2022,R32,federico coria,grigor dimitrov,0.4540437161922455,0
2022-425_32.0,clay,2022,R32,ilya ivashka,stefanos tsitsipas,0.1163441613316536,0
2022-425_33.0,clay,2022,R16,casper ruud,emil ruusuvuori,0.8372631669044495,1
2022-425_34.0,clay,2022,R16,lorenzo sonego,pablo carreno busta,0.5160852074623108,0
2022-425_35.0,clay,2022,R16,felix auger-aliassime,frances tiafoe,0.7248284220695496,1
2022-425_36.0,clay,2022,R16,diego schwartzman,lorenzo musetti,0.4798940122127533,1
2022-425_37.0,clay,2022,R16,alex de minaur,lloyd harris,0.5503760576248169,1
2022-425_38.0,clay,2022,R16,cameron norrie,marton fucsovics,0.7648654580116272,1
2022-425_39.0,clay,2022,R16,carlos alcaraz,jaume munar,0.8949542045593262,1
2022-425_4.0,clay,2022,R64,bernabe zapata miralles,tommy robredo,0.5545148253440857,1
2022-425_40.0,clay,2022,R16,grigor dimitrov,stefanos tsitsipas,0.1559748351573944,0
2022-425_41.0,clay,2022,QF,casper ruud,pablo carreno busta,0.6753944158554077,0
2022-425_42.0,clay,2022,QF,diego schwartzman,felix auger-aliassime,0.630699634552002,1
2022-425_43.0,clay,2022,QF,alex de minaur,cameron norrie,0.30555957555770874,1
2022-425_44.0,clay,2022,QF,carlos alcaraz,stefanos tsitsipas,0.3244345188140869,1
2022-425_45.0,clay,2022,SF,diego schwartzman,pablo carreno busta,0.5326359868049622,0
2022-425_46.0,clay,2022,SF,alex de minaur,carlos alcaraz,0.16020455956459045,0
2022-425_47.0,clay,2022,F,carlos alcaraz,pablo carreno busta,0.6524525284767151,1
2022-425_5.0,clay,2022,R64,carlos taberner,sebastian korda,0.2470940500497818,1
2022-425_6.0,clay,2022,R64,hugo dellien,manuel guinard,0.5372299551963806,1
2022-425_7.0,clay,2022,R64,lorenzo musetti,sebastian baez,0.6579750180244446,1
2022-425_8.0,clay,2022,R64,hugo grenier,mackenzie mcdonald,0.24399277567863464,0
2022-425_9.0,clay,2022,R64,lloyd harris,roberto carballes baena,0.6233457922935486,1
2022-439_1.0,clay,2022,R32,jaume munar,mikael ymer,0.5719417929649353,1
2022-439_10.0,clay,2022,R32,corentin moutet,daniel altmaier,0.6497988700866699,1
2022-439_11.0,clay,2022,R32,facundo bagnis,tomas martin etcheverry,0.5647537708282471,1
2022-439_12.0,clay,2022,R32,federico delbonis,norbert gombos,0.5097144842147827,0
2022-439_13.0,clay,2022,R16,jannik sinner,jaume munar,0.8403308987617493,1
2022-439_14.0,clay,2022,R16,alex molcan,roberto carballes baena,0.6803054213523865,0
2022-439_15.0,clay,2022,R16,franco agamenone,sebastian baez,0.23540455102920532,1
2022-439_16.0,clay,2022,R16,lorenzo musetti,marco cecchinato,0.8686166405677795,0
2022-439_17.0,clay,2022,R16,daniel elahi galan,giulio zeppieri,0.3961333632469177,0
2022-439_18.0,clay,2022,R16,bernabe zapata miralles,holger rune,0.3037075400352478,1
2022-439_19.0,clay,2022,R16,corentin moutet,facundo bagnis,0.32999885082244873,0
2022-439_2.0,clay,2022,R32,henri laaksonen,roberto carballes baena,0.31890997290611267,0
2022-439_20.0,clay,2022,R16,carlos alcaraz,norbert gombos,0.9699503779411316,1
2022-439_21.0,clay,2022,QF,jannik sinner,roberto carballes baena,0.9465228915214539,1
2022-439_22.0,clay,2022,QF,franco agamenone,marco cecchinato,0.3213713765144348,1
2022-439_23.0,clay,2022,QF,bernabe zapata miralles,giulio zeppieri,0.3854607343673706,0
2022-439_24.0,clay,2022,QF,carlos alcaraz,facundo bagnis,0.9788442850112915,1
2022-439_25.0,clay,2022,SF,franco agamenone,jannik sinner,0.05996079370379448,0
2022-439_26.0,clay,2022,SF,carlos alcaraz,giulio zeppieri,0.9776570796966553,1
2022-439_27.0,clay,2022,F,carlos alcaraz,jannik sinner,0.7607986330986023,0
2022-439_3.0,clay,2022,R32,alex molcan,duje ajdukovic,0.8462016582489014,1
2022-439_4.0,clay,2022,R32,franco agamenone,laslo djere,0.29081466794013977,1
2022-439_5.0,clay,2022,R32,marco cecchinato,mili poljicak,0.6894456148147583,1
2022-439_6.0,clay,2022,R32,aljaz bedene,lorenzo musetti,0.1782991737127304,0
2022-439_7.0,clay,2022,R32,daniel elahi galan,fabio fognini,0.6032360792160034,1
2022-439_8.0,clay,2022,R32,giulio zeppieri,pedro cachin,0.47779136896133423,1
2022-439_9.0,clay,2022,R32,bernabe zapata miralles,dino prizmic,0.7891706228256226,1
2022-5053_1.0,clay,2022,R32,henri laaksonen,jiri lehecka,0.32927316427230835,0
2022-5053_10.0,clay,2022,R32,miomir kecmanovic,richard gasquet,0.7690591812133789,1
2022-5053_11.0,clay,2022,R32,dominic thiem,john millman,0.49597522616386414,0
2022-5053_12.0,clay,2022,R32,hamad medjedovic,laslo djere,0.14365287125110626,0
2022-5053_13.0,clay,2022,R16,andrey rublev,jiri lehecka,0.8096861243247986,1
2022-5053_14.0,clay,2022,R16,holger rune,taro daniel,0.5750417113304138,0
2022-5053_15.0,clay,2022,R16,aslan karatsev,oscar otte,0.4010288715362549,0
2022-5053_16.0,clay,2022,R16,aljaz bedene,fabio fognini,0.38563695549964905,0
2022-5053_17.0,clay,2022,R16,filip krajinovic,thiago monteiro,0.5017658472061157,0
2022-5053_18.0,clay,2022,R16,karen khachanov,roman safiullin,0.7043169736862183,1
2022-5053_19.0,clay,2022,R16,john millman,miomir kecmanovic,0.5594377517700195,0
2022-5053_2.0,clay,2022,R32,dusan lajovic,taro daniel,0.3860626816749573,0
2022-5053_20.0,clay,2022,R16,laslo djere,novak djokovic,0.13576717674732208,0
2022-5053_21.0,clay,2022,QF,andrey rublev,taro daniel,0.9296591877937317,1
2022-5053_22.0,clay,2022,QF,fabio fognini,oscar otte,0.6257219314575195,1
2022-5053_23.0,clay,2022,QF,karen khachanov,thiago monteiro,0.6572194695472717,1
2022-5053_24.0,clay,2022,QF,miomir kecmanovic,novak djokovic,0.15973621606826782,0
2022-5053_25.0,clay,2022,SF,andrey rublev,fabio fognini,0.7244202494621277,1
2022-5053_26.0,clay,2022,SF,karen khachanov,novak djokovic,0.14510031044483185,0
2022-5053_27.0,clay,2022,F,andrey rublev,novak djokovic,0.22061698138713837,1
2022-5053_3.0,clay,2022,R32,cristian garin,holger rune,0.4588997960090637,0
2022-5053_4.0,clay,2022,R32,alejandro tabilo,oscar otte,0.48670023679733276,0
2022-5053_5.0,clay,2022,R32,aljaz bedene,mikhail kukushkin,0.64332115650177,1
2022-5053_6.0,clay,2022,R32,fabio fognini,marco cecchinato,0.6948156356811523,1
2022-5053_7.0,clay,2022,R32,david goffin,filip krajinovic,0.6055555939674377,0
2022-5053_8.0,clay,2022,R32,joao sousa,thiago monteiro,0.5013813972473145,0
2022-5053_9.0,clay,2022,R32,mikael ymer,roman safiullin,0.6432875394821167,0
2022-506_1.0,clay,2022,R32,jaume munar,tomas martin etcheverry,0.71071857213974,1
2022-506_10.0,clay,2022,R32,benoit paire,dusan lajovic,0.6168625354766846,0
2022-506_11.0,clay,2022,R32,federico coria,pablo cuevas,0.6013292074203491,1
2022-506_12.0,clay,2022,R32,nicolas jarry,roberto carballes baena,0.3949465751647949,0
2022-506_13.0,clay,2022,R16,diego schwartzman,jaume munar,0.7144460678100586,1
2022-506_14.0,clay,2022,R16,francisco cerundolo,miomir kecmanovic,0.31790223717689514,1
2022-506_15.0,clay,2022,R16,lorenzo sonego,sebastian baez,0.5048196315765381,1
2022-506_16.0,clay,2022,R16,fernando verdasco,thiago monteiro,0.362072616815567,1
2022-506_17.0,clay,2022,R16,federico delbonis,pablo andujar,0.5534520149230957,1
2022-506_18.0,clay,2022,R16,fabio fognini,pedro martinez,0.3562414348125458,1
2022-506_19.0,clay,2022,R16,dusan lajovic,federico coria,0.4738309979438782,0
2022-506_2.0,clay,2022,R32,facundo bagnis,francisco cerundolo,0.4879610240459442,0
2022-506_20.0,clay,2022,R16,casper ruud,roberto carballes baena,0.7984485030174255,1
2022-506_21.0,clay,2022,QF,diego schwartzman,francisco cerundolo,0.7754130363464355,1
2022-506_22.0,clay,2022,QF,fernando verdasco,lorenzo sonego,0.22816863656044006,0
2022-506_23.0,clay,2022,QF,fabio fognini,federico delbonis,0.4846824109554291,0
2022-506_24.0,clay,2022,QF,casper ruud,federico coria,0.8649041652679443,1
2022-506_25.0,clay,2022,SF,diego schwartzman,lorenzo sonego,0.5571110844612122,1
2022-506_26.0,clay,2022,SF,casper ruud,federico delbonis,0.8576978445053101,1
2022-506_27.0,clay,2022,F,casper ruud,diego schwartzman,0.6489364504814148,1
2022-506_3.0,clay,2022,R32,laslo djere,miomir kecmanovic,0.5412998795509338,0
2022-506_4.0,clay,2022,R32,holger rune,sebastian baez,0.5412098169326782,0
2022-506_5.0,clay,2022,R32,fernando verdasco,hugo dellien,0.4587920606136322,1
2022-506_6.0,clay,2022,R32,albert ramos-vinolas,thiago monteiro,0.6018338799476624,0
2022-506_7.0,clay,2022,R32,federico delbonis,juan martin del potro,0.5719307661056519,1
2022-506_8.0,clay,2022,R32,juan ignacio londero,pablo andujar,0.5887135863304138,0
2022-506_9.0,clay,2022,R32,alejandro tabilo,pedro martinez,0.3414188623428345,0
2022-520_1.0,clay,2022,R128,novak djokovic,yoshihito nishioka,0.9743057489395142,1
2022-520_10.0,clay,2022,R128,aslan karatsev,camilo ugo carabelli,0.45291927456855774,0
2022-520_100.0,clay,2022,R32,botic van de zandschulp,rafael nadal,0.08962204307317734,0
2022-520_101.0,clay,2022,R32,alexander zverev,brandon nakashima,0.8578542470932007,1
2022-520_102.0,clay,2022,R32,bernabe zapata miralles,john isner,0.3265368342399597,1
2022-520_103.0,clay,2022,R32,cameron norrie,karen khachanov,0.5772797465324402,0
2022-520_104.0,clay,2022,R32,carlos alcaraz,sebastian korda,0.8047749996185303,1
2022-520_105.0,clay,2022,R32,casper ruud,lorenzo sonego,0.8319414258003235,1
2022-520_106.0,clay,2022,R32,david goffin,hubert hurkacz,0.5394024848937988,0
2022-520_107.0,clay,2022,R32,holger rune,hugo gaston,0.7232133150100708,1
2022-520_108.0,clay,2022,R32,mikael ymer,stefanos tsitsipas,0.08516319841146469,0
2022-520_109.0,clay,2022,R32,andrey rublev,cristian garin,0.6684330701828003,1
2022-520_11.0,clay,2022,R128,alessandro giannessi,borna gojo,0.3386073708534241,0
2022-520_110.0,clay,2022,R32,jannik sinner,mackenzie mcdonald,0.8306307196617126,1
2022-520_111.0,clay,2022,R32,gilles simon,marin cilic,0.32845592498779297,0
2022-520_112.0,clay,2022,R32,daniil medvedev,miomir kecmanovic,0.6967805027961731,1
2022-520_113.0,clay,2022,R16,diego schwartzman,novak djokovic,0.12563267350196838,0
2022-520_114.0,clay,2022,R16,felix auger-aliassime,rafael nadal,0.17332926392555237,0
2022-520_115.0,clay,2022,R16,alexander zverev,bernabe zapata miralles,0.9655899405479431,1
2022-520_116.0,clay,2022,R16,carlos alcaraz,karen khachanov,0.7439391016960144,1
2022-520_117.0,clay,2022,R16,casper ruud,hubert hurkacz,0.740062415599823,1
2022-520_118.0,clay,2022,R16,holger rune,stefanos tsitsipas,0.18439579010009766,1
2022-520_119.0,clay,2022,R16,andrey rublev,jannik sinner,0.31641364097595215,1
2022-520_12.0,clay,2022,R128,filip krajinovic,reilly opelka,0.5833537578582764,1
2022-520_120.0,clay,2022,R16,daniil medvedev,marin cilic,0.7622437477111816,0
2022-520_121.0,clay,2022,QF,novak djokovic,rafael nadal,0.6751567125320435,0
2022-520_122.0,clay,2022,QF,alexander zverev,carlos alcaraz,0.422943651676178,1
2022-520_123.0,clay,2022,QF,casper ruud,holger rune,0.6662288308143616,1
2022-520_124.0,clay,2022,QF,andrey rublev,marin cilic,0.7167096138000488,0
2022-520_125.0,clay,2022,SF,alexander zverev,rafael nadal,0.5183086395263672,0
2022-520_126.0,clay,2022,SF,casper ruud,marin cilic,0.7334213256835938,1
2022-520_127.0,clay,2022,F,casper ruud,rafael nadal,0.3585895299911499,0
2022-520_13.0,clay,2022,R128,botic van de zandschulp,pavel kotov,0.8094821572303772,1
2022-520_14.0,clay,2022,R128,alexei popyrin,fabio fognini,0.2885812520980835,0
2022-520_15.0,clay,2022,R128,corentin moutet,stan wawrinka,0.5372855067253113,1
2022-520_16.0,clay,2022,R128,jordan thompson,rafael nadal,0.04274960607290268,0
2022-520_17.0,clay,2022,R128,alexander zverev,sebastian ofner,0.966551661491394,1
2022-520_18.0,clay,2022,R128,dusan lajovic,sebastian baez,0.23251305520534515,0
2022-520_19.0,clay,2022,R128,brandon nakashima,kamil majchrzak,0.6703156232833862,1
2022-520_2.0,clay,2022,R128,alex molcan,federico coria,0.6878580451011658,1
2022-520_20.0,clay,2022,R128,alejandro davidovich fokina,tallon griekspoor,0.5735927820205688,0
2022-520_21.0,clay,2022,R128,john isner,quentin halys,0.8048161268234253,1
2022-520_22.0,clay,2022,R128,gregoire barrere,taro daniel,0.48138341307640076,1
2022-520_23.0,clay,2022,R128,bernabe zapata miralles,michael mmoh,0.6245997548103333,1
2022-520_24.0,clay,2022,R128,santiago rodriguez taverna,taylor fritz,0.18661600351333618,0
2022-520_25.0,clay,2022,R128,cameron norrie,manuel guinard,0.88788241147995,1
2022-520_26.0,clay,2022,R128,denis kudla,jason kubler,0.35266122221946716,0
2022-520_27.0,clay,2022,R128,dominic thiem,hugo dellien,0.6713588237762451,0
2022-520_28.0,clay,2022,R128,karen khachanov,nuno borges,0.8383026123046875,1
2022-520_29.0,clay,2022,R128,john millman,sebastian korda,0.21678471565246582,0
2022-520_3.0,clay,2022,R128,aljaz bedene,christopher o'connell,0.6010675430297852,1
2022-520_30.0,clay,2022,R128,lloyd harris,richard gasquet,0.39866626262664795,0
2022-520_31.0,clay,2022,R128,albert ramos-vinolas,thanasi kokkinakis,0.5450587272644043,1
2022-520_32.0,clay,2022,R128,carlos alcaraz,juan ignacio londero,0.9731330275535583,1
2022-520_33.0,clay,2022,R128,casper ruud,jo-wilfried tsonga,0.9120855331420898,1
2022-520_34.0,clay,2022,R128,emil ruusuvuori,ugo humbert,0.568849503993988,1
2022-520_35.0,clay,2022,R128,chun-hsin tseng,joao sousa,0.3247024118900299,0
2022-520_36.0,clay,2022,R128,lorenzo sonego,peter gojowczyk,0.6374151110649109,1
2022-520_37.0,clay,2022,R128,benjamin bonzi,frances tiafoe,0.27398306131362915,0
2022-520_38.0,clay,2022,R128,david goffin,jiri lehecka,0.8053568601608276,1
2022-520_39.0,clay,2022,R128,marco cecchinato,pablo andujar,0.6821056604385376,1
2022-520_4.0,clay,2022,R128,jenson brooksby,pablo cuevas,0.6753771901130676,0
2022-520_40.0,clay,2022,R128,giulio zeppieri,hubert hurkacz,0.24670526385307312,0
2022-520_41.0,clay,2022,R128,denis shapovalov,holger rune,0.3881974220275879,0
2022-520_42.0,clay,2022,R128,henri laaksonen,pedro martinez,0.47564616799354553,1
2022-520_43.0,clay,2022,R128,norbert gombos,pedro cachin,0.34482648968696594,0
2022-520_44.0,clay,2022,R128,alex de minaur,hugo gaston,0.45482954382896423,0
2022-520_45.0,clay,2022,R128,daniel evans,francisco cerundolo,0.29393091797828674,1
2022-520_46.0,clay,2022,R128,james duckworth,mikael ymer,0.5955904722213745,0
2022-520_47.0,clay,2022,R128,lucas pouille,zdenek kolar,0.5815632343292236,0
2022-520_48.0,clay,2022,R128,lorenzo musetti,stefanos tsitsipas,0.12832729518413544,0
2022-520_49.0,clay,2022,R128,andrey rublev,soonwoo kwon,0.8633220195770264,1
2022-520_5.0,clay,2022,R128,grigor dimitrov,marcos giron,0.7925312519073486,1
2022-520_50.0,clay,2022,R128,adrian mannarino,federico delbonis,0.30689021944999695,0
2022-520_51.0,clay,2022,R128,benoit paire,ilya ivashka,0.2975624203681946,0
2022-520_52.0,clay,2022,R128,cristian garin,tommy paul,0.4010895788669586,1
2022-520_53.0,clay,2022,R128,maxime cressy,nikoloz basilashvili,0.2911547124385834,0
2022-520_54.0,clay,2022,R128,franco agamenone,mackenzie mcdonald,0.5318055152893066,0
2022-520_55.0,clay,2022,R128,oscar otte,roberto carballes baena,0.6846811771392822,0
2022-520_56.0,clay,2022,R128,bjorn fratangelo,jannik sinner,0.0728619173169136,0
2022-520_57.0,clay,2022,R128,gilles simon,pablo carreno busta,0.14597557485103607,1
2022-520_58.0,clay,2022,R128,jiri vesely,steve johnson,0.6443480849266052,0
2022-520_59.0,clay,2022,R128,geoffrey blancaneaux,marton fucsovics,0.2137041836977005,0
2022-520_6.0,clay,2022,R128,borna coric,carlos taberner,0.5819080471992493,1
2022-520_60.0,clay,2022,R128,attila balazs,marin cilic,0.13529105484485626,0
2022-520_61.0,clay,2022,R128,miomir kecmanovic,tomas martin etcheverry,0.8111160397529602,1
2022-520_62.0,clay,2022,R128,alexander bublik,arthur rinderknech,0.4428093731403351,1
2022-520_63.0,clay,2022,R128,laslo djere,ricardas berankis,0.6595690250396729,1
2022-520_64.0,clay,2022,R128,daniil medvedev,facundo bagnis,0.9229584336280823,1
2022-520_65.0,clay,2022,R64,alex molcan,novak djokovic,0.10300792753696442,0
2022-520_66.0,clay,2022,R64,aljaz bedene,pablo cuevas,0.6191887855529785,1
2022-520_67.0,clay,2022,R64,borna coric,grigor dimitrov,0.3102855682373047,0
2022-520_68.0,clay,2022,R64,diego schwartzman,jaume munar,0.8451699018478394,1
2022-520_69.0,clay,2022,R64,camilo ugo carabelli,felix auger-aliassime,0.1610448956489563,0
2022-520_7.0,clay,2022,R128,daniel altmaier,jaume munar,0.40311330556869507,0
2022-520_70.0,clay,2022,R64,borna gojo,filip krajinovic,0.2097737342119217,0
2022-520_71.0,clay,2022,R64,botic van de zandschulp,fabio fognini,0.5526995062828064,1
2022-520_72.0,clay,2022,R64,corentin moutet,rafael nadal,0.04954634979367256,0
2022-520_73.0,clay,2022,R64,alexander zverev,sebastian baez,0.8598608374595642,1
2022-520_74.0,clay,2022,R64,brandon nakashima,tallon griekspoor,0.6018016934394836,1
2022-520_75.0,clay,2022,R64,gregoire barrere,john isner,0.27712589502334595,0
2022-520_76.0,clay,2022,R64,bernabe zapata miralles,taylor fritz,0.4233236610889435,1
2022-520_77.0,clay,2022,R64,cameron norrie,jason kubler,0.9050703644752502,1
2022-520_78.0,clay,2022,R64,hugo dellien,karen khachanov,0.14620502293109894,0
2022-520_79.0,clay,2022,R64,richard gasquet,sebastian korda,0.4287164807319641,0
2022-520_8.0,clay,2022,R128,andrey kuznetsov,diego schwartzman,0.13782894611358643,0
2022-520_80.0,clay,2022,R64,albert ramos-vinolas,carlos alcaraz,0.056006137281656265,0
2022-520_81.0,clay,2022,R64,casper ruud,emil ruusuvuori,0.8893827795982361,1
2022-520_82.0,clay,2022,R64,joao sousa,lorenzo sonego,0.3370872437953949,0
2022-520_83.0,clay,2022,R64,david goffin,frances tiafoe,0.5692376494407654,1
2022-520_84.0,clay,2022,R64,hubert hurkacz,marco cecchinato,0.6843856573104858,1
2022-520_85.0,clay,2022,R64,henri laaksonen,holger rune,0.19404305517673492,0
2022-520_86.0,clay,2022,R64,hugo gaston,pedro cachin,0.6819201111793518,1
2022-520_87.0,clay,2022,R64,daniel evans,mikael ymer,0.41614919900894165,0
2022-520_88.0,clay,2022,R64,stefanos tsitsipas,zdenek kolar,0.9513187408447266,1
2022-520_89.0,clay,2022,R64,andrey rublev,federico delbonis,0.8789280652999878,1
2022-520_9.0,clay,2022,R128,felix auger-aliassime,juan pablo varillas,0.8957647681236267,1
2022-520_90.0,clay,2022,R64,cristian garin,ilya ivashka,0.5849124193191528,1
2022-520_91.0,clay,2022,R64,mackenzie mcdonald,nikoloz basilashvili,0.3942188322544098,1
2022-520_92.0,clay,2022,R64,jannik sinner,roberto carballes baena,0.8894304633140564,1
2022-520_93.0,clay,2022,R64,gilles simon,steve johnson,0.3537141978740692,1
2022-520_94.0,clay,2022,R64,marin cilic,marton fucsovics,0.6043210029602051,1
2022-520_95.0,clay,2022,R64,alexander bublik,miomir kecmanovic,0.3715105354785919,0
2022-520_96.0,clay,2022,R64,daniil medvedev,laslo djere,0.68751460313797,1
2022-520_97.0,clay,2022,R32,aljaz bedene,novak djokovic,0.06926154345273972,0
2022-520_98.0,clay,2022,R32,diego schwartzman,grigor dimitrov,0.4886663258075714,1
2022-520_99.0,clay,2022,R32,felix auger-aliassime,filip krajinovic,0.7261536121368408,1
2022-6932_1.0,clay,2022,R32,benoit paire,francisco cerundolo,0.30051377415657043,0
2022-6932_10.0,clay,2022,R32,carlos alcaraz,jaume munar,0.8509251475334167,1
2022-6932_11.0,clay,2022,R32,daniel elahi galan,federico delbonis,0.37982168793678284,0
2022-6932_12.0,clay,2022,R32,sebastian baez,thiago monteiro,0.5719490647315979,0
2022-6932_13.0,clay,2022,R16,francisco cerundolo,roberto carballes baena,0.562088668346405,1
2022-6932_14.0,clay,2022,R16,lorenzo sonego,miomir kecmanovic,0.5897911190986633,0
2022-6932_15.0,clay,2022,R16,diego schwartzman,pedro martinez,0.6291007399559021,1
2022-6932_16.0,clay,2022,R16,albert ramos-vinolas,pablo andujar,0.5615525245666504,0
2022-6932_17.0,clay,2022,R16,federico coria,fernando verdasco,0.6045126914978027,1
2022-6932_18.0,clay,2022,R16,fabio fognini,pablo carreno busta,0.3033766448497772,1
2022-6932_19.0,clay,2022,R16,carlos alcaraz,federico delbonis,0.7652555108070374,1
2022-6932_2.0,clay,2022,R32,felipe meligeni alves,miomir kecmanovic,0.23824724555015564,0
2022-6932_20.0,clay,2022,R16,matteo berrettini,thiago monteiro,0.6704172492027283,1
2022-6932_21.0,clay,2022,QF,francisco cerundolo,miomir kecmanovic,0.2931416928768158,1
2022-6932_22.0,clay,2022,QF,diego schwartzman,pablo andujar,0.7268489599227905,1
2022-6932_23.0,clay,2022,QF,fabio fognini,federico coria,0.39260438084602356,1
2022-6932_24.0,clay,2022,QF,carlos alcaraz,matteo berrettini,0.4217926263809204,1
2022-6932_25.0,clay,2022,SF,diego schwartzman,francisco cerundolo,0.7298418283462524,1
2022-6932_26.0,clay,2022,SF,carlos alcaraz,fabio fognini,0.8196948170661926,1
2022-6932_27.0,clay,2022,F,carlos alcaraz,diego schwartzman,0.3807378113269806,1
2022-6932_3.0,clay,2022,R32,laslo djere,lorenzo sonego,0.3475452959537506,0
2022-6932_4.0,clay,2022,R32,juncheng shang,pedro martinez,0.2317909449338913,0
2022-6932_5.0,clay,2022,R32,pablo andujar,pablo cuevas,0.5457811951637268,1
2022-6932_6.0,clay,2022,R32,albert ramos-vinolas,juan ignacio londero,0.5879648327827454,1
2022-6932_7.0,clay,2022,R32,cristian garin,federico coria,0.5142192244529724,0
2022-6932_8.0,clay,2022,R32,dusan lajovic,fernando verdasco,0.6058964133262634,0
2022-6932_9.0,clay,2022,R32,fabio fognini,facundo bagnis,0.709291934967041,1
2022-717_1.0,clay,2022,R32,alejandro tabilo,christian harrison,0.7624960541725159,1
2022-717_10.0,clay,2022,R32,peter gojowczyk,tommy paul,0.1934169977903366,0
2022-717_11.0,clay,2022,R32,mackenzie mcdonald,nick kyrgios,0.28399449586868286,0
2022-717_12.0,clay,2022,R32,daniel elahi galan,sam querrey,0.6267783045768738,0
2022-717_13.0,clay,2022,R16,alejandro tabilo,taylor fritz,0.24021631479263306,0
2022-717_14.0,clay,2022,R16,cristian garin,jordan thompson,0.642861008644104,1
2022-717_15.0,clay,2022,R16,john isner,steve johnson,0.5531008839607239,1
2022-717_16.0,clay,2022,R16,frances tiafoe,pablo cuevas,0.7229676842689514,1
2022-717_17.0,clay,2022,R16,gijs brouwer,j.j. wolf,0.5237268805503845,1
2022-717_18.0,clay,2022,R16,mitchell krueger,reilly opelka,0.23264047503471375,0
2022-717_19.0,clay,2022,R16,nick kyrgios,tommy paul,0.5364968776702881,1
2022-717_2.0,clay,2022,R32,jordan thompson,steven diez,0.7958843111991882,1
2022-717_20.0,clay,2022,R16,michael mmoh,sam querrey,0.3257580101490021,1
2022-717_21.0,clay,2022,QF,cristian garin,taylor fritz,0.4086524546146393,1
2022-717_22.0,clay,2022,QF,frances tiafoe,john isner,0.4963088035583496,0
2022-717_23.0,clay,2022,QF,gijs brouwer,reilly opelka,0.2611314058303833,0
2022-717_24.0,clay,2022,QF,michael mmoh,nick kyrgios,0.2080223262310028,0
2022-717_25.0,clay,2022,SF,cristian garin,john isner,0.607915997505188,0
2022-717_26.0,clay,2022,SF,nick kyrgios,reilly opelka,0.6056645512580872,0
2022-717_27.0,clay,2022,F,john isner,reilly opelka,0.5389283895492554,0
2022-717_3.0,clay,2022,R32,cristian garin,jack sock,0.4616948366165161,1
2022-717_4.0,clay,2022,R32,denis kudla,steve johnson,0.5056873559951782,0
2022-717_5.0,clay,2022,R32,max purcell,pablo cuevas,0.3232094943523407,0
2022-717_6.0,clay,2022,R32,frances tiafoe,marcos giron,0.5926928520202637,1
2022-717_7.0,clay,2022,R32,j.j. wolf,jenson brooksby,0.4252868592739105,1
2022-717_8.0,clay,2022,R32,feliciano lopez,gijs brouwer,0.4582858085632324,0
2022-717_9.0,clay,2022,R32,juan pablo varillas,mitchell krueger,0.3524875044822693,0
2022-7290_1.0,clay,2022,R32,pablo cuevas,roberto carballes baena,0.4465981125831604,1
2022-7290_10.0,clay,2022,R32,pierre-hugues herbert,sebastian korda,0.1479966640472412,0
2022-7290_11.0,clay,2022,R32,benjamin bonzi,dominic thiem,0.21122924983501434,1
2022-7290_12.0,clay,2022,R32,carlos taberner,lloyd harris,0.4434785842895508,1
2022-7290_13.0,clay,2022,R16,fernando verdasco,pablo cuevas,0.3679279685020447,1
2022-7290_14.0,clay,2022,R16,albert ramos-vinolas,soonwoo kwon,0.44170913100242615,1
2022-7290_15.0,clay,2022,R16,marin cilic,sebastian baez,0.3208718001842499,0
2022-7290_16.0,clay,2022,R16,hugo dellien,richard gasquet,0.4941895306110382,0
2022-7290_17.0,clay,2022,R16,frances tiafoe,nuno borges,0.7198037505149841,1
2022-7290_18.0,clay,2022,R16,alejandro davidovich fokina,bernabe zapata miralles,0.6547054052352905,1
2022-7290_19.0,clay,2022,R16,benjamin bonzi,sebastian korda,0.2981746792793274,0
2022-7290_2.0,clay,2022,R32,benoit paire,soonwoo kwon,0.3034493029117584,0
2022-7290_20.0,clay,2022,R16,carlos taberner,felix auger-aliassime,0.3310113847255707,0
2022-7290_21.0,clay,2022,QF,albert ramos-vinolas,fernando verdasco,0.5774506330490112,1
2022-7290_22.0,clay,2022,QF,richard gasquet,sebastian baez,0.3764786124229431,0
2022-7290_23.0,clay,2022,QF,alejandro davidovich fokina,frances tiafoe,0.7443230152130127,0
2022-7290_24.0,clay,2022,QF,felix auger-aliassime,sebastian korda,0.4437420964241028,0
2022-7290_25.0,clay,2022,SF,albert ramos-vinolas,sebastian baez,0.41175132989883423,0
2022-7290_26.0,clay,2022,SF,frances tiafoe,sebastian korda,0.3974544107913971,1
2022-7290_27.0,clay,2022,F,frances tiafoe,sebastian baez,0.4619702398777008,0
2022-7290_3.0,clay,2022,R32,albert ramos-vinolas,jordan thompson,0.43621066212654114,1
2022-7290_4.0,clay,2022,R32,joao sousa,sebastian baez,0.2619844079017639,0
2022-7290_5.0,clay,2022,R32,hugo dellien,jiri vesely,0.5362877249717712,1
2022-7290_6.0,clay,2022,R32,richard gasquet,tommy paul,0.47212767601013184,1
2022-7290_7.0,clay,2022,R32,dusan lajovic,frances tiafoe,0.3795681297779083,0
2022-7290_8.0,clay,2022,R32,nuno borges,pablo andujar,0.3087391257286072,1
2022-7290_9.0,clay,2022,R32,bernabe zapata miralles,federico coria,0.3207556903362274,1
2022-7694_1.0,clay,2022,R32,daniel altmaier,federico coria,0.46633100509643555,0
2022-7694_10.0,clay,2022,R32,sebastian baez,tomas martin etcheverry,0.786856472492218,1
2022-7694_11.0,clay,2022,R32,lucas pouille,oscar otte,0.5569408535957336,0
2022-7694_12.0,clay,2022,R32,francisco cerundolo,james duckworth,0.6803721785545349,1
2022-7694_13.0,clay,2022,R16,federico coria,pablo carreno busta,0.385795921087265,1
2022-7694_14.0,clay,2022,R16,alex molcan,karen khachanov,0.25890111923217773,1
2022-7694_15.0,clay,2022,R16,alex de minaur,ugo humbert,0.5576512217521667,1
2022-7694_16.0,clay,2022,R16,soonwoo kwon,yosuke watanuki,0.6360516548156738,0
2022-7694_17.0,clay,2022,R16,adrian mannarino,holger rune,0.19029539823532104,0
2022-7694_18.0,clay,2022,R16,manuel guinard,michael mmoh,0.6005988717079163,1
2022-7694_19.0,clay,2022,R16,oscar otte,sebastian baez,0.2635144889354706,0
2022-7694_2.0,clay,2022,R32,alex molcan,jo-wilfried tsonga,0.7879936695098877,1
2022-7694_20.0,clay,2022,R16,cameron norrie,francisco cerundolo,0.6576828956604004,1
2022-7694_21.0,clay,2022,QF,alex molcan,federico coria,0.5924420952796936,1
2022-7694_22.0,clay,2022,QF,alex de minaur,yosuke watanuki,0.6692080497741699,1
2022-7694_23.0,clay,2022,QF,holger rune,manuel guinard,0.7642253637313843,1
2022-7694_24.0,clay,2022,QF,cameron norrie,sebastian baez,0.6219469308853149,1
2022-7694_25.0,clay,2022,SF,alex de minaur,alex molcan,0.5800520181655884,0
2022-7694_26.0,clay,2022,SF,cameron norrie,holger rune,0.5652267336845398,1
2022-7694_27.0,clay,2022,F,alex molcan,cameron norrie,0.46275249123573303,0
2022-7694_3.0,clay,2022,R32,gilles simon,karen khachanov,0.09635958075523376,0
2022-7694_4.0,clay,2022,R32,gregoire barrere,ugo humbert,0.2199912667274475,0
2022-7694_5.0,clay,2022,R32,aljaz bedene,soonwoo kwon,0.3251359462738037,0
2022-7694_6.0,clay,2022,R32,pedro martinez,yosuke watanuki,0.774010419845581,0
2022-7694_7.0,clay,2022,R32,adrian mannarino,aslan karatsev,0.24986150860786438,1
2022-7694_8.0,clay,2022,R32,arthur rinderknech,holger rune,0.2981835603713989,0
2022-7694_9.0,clay,2022,R32,hugo gaston,manuel guinard,0.7604542970657349,0
2022-8996_1.0,clay,2022,R32,carlos taberner,juan manuel cerundolo,0.5390044450759888,1
2022-8996_10.0,clay,2022,R32,marco cecchinato,miomir kecmanovic,0.2863689661026001,0
2022-8996_11.0,clay,2022,R32,holger rune,matheus pucinelli de almeida,0.5753821730613708,0
2022-8996_12.0,clay,2022,R32,alejandro tabilo,renzo olivo,0.6452392339706421,1
2022-8996_13.0,clay,2022,R16,albert ramos-vinolas,carlos taberner,0.4425257444381714,1
2022-8996_14.0,clay,2022,R16,facundo bagnis,hugo dellien,0.4362342953681946,1
2022-8996_15.0,clay,2022,R16,federico delbonis,thiago monteiro,0.410562127828598,0
2022-8996_16.0,clay,2022,R16,juan ignacio londero,sebastian baez,0.5211369395256042,0
2022-8996_17.0,clay,2022,R16,thiago seyboth wild,yannick hanfmann,0.30279406905174255,0
2022-8996_18.0,clay,2022,R16,jaume munar,pedro martinez,0.4345427453517914,0
2022-8996_19.0,clay,2022,R16,matheus pucinelli de almeida,miomir kecmanovic,0.350245863199234,0
2022-8996_2.0,clay,2022,R32,gonzalo lama,hugo dellien,0.32642585039138794,0
2022-8996_20.0,clay,2022,R16,alejandro tabilo,cristian garin,0.43869277834892273,1
2022-8996_21.0,clay,2022,QF,albert ramos-vinolas,facundo bagnis,0.6465372443199158,1
2022-8996_22.0,clay,2022,QF,sebastian baez,thiago monteiro,0.540880024433136,1
2022-8996_23.0,clay,2022,QF,pedro martinez,yannick hanfmann,0.5719630718231201,1
2022-8996_24.0,clay,2022,QF,alejandro tabilo,miomir kecmanovic,0.3727905750274658,1
2022-8996_25.0,clay,2022,SF,albert ramos-vinolas,sebastian baez,0.5292165875434875,0
2022-8996_26.0,clay,2022,SF,alejandro tabilo,pedro martinez,0.3930502235889435,0
2022-8996_27.0,clay,2022,F,pedro martinez,sebastian baez,0.549464225769043,1
2022-8996_3.0,clay,2022,R32,bernabe zapata miralles,facundo bagnis,0.5283774137496948,0
2022-8996_4.0,clay,2022,R32,nicolas jarry,thiago monteiro,0.3852267563343048,0
2022-8996_5.0,clay,2022,R32,juan ignacio londero,tomas martin etcheverry,0.5443927645683289,1
2022-8996_6.0,clay,2022,R32,juan pablo varillas,sebastian baez,0.3005620241165161,0
2022-8996_7.0,clay,2022,R32,federico coria,yannick hanfmann,0.7160176634788513,0
2022-8996_8.0,clay,2022,R32,nicolas kicker,thiago seyboth wild,0.2675126791000366,0
2022-8996_9.0,clay,2022,R32,daniel elahi galan,jaume munar,0.3758913278579712,0
2022-9158_1.0,clay,2022,R32,nicolas jarry,tomas martin etcheverry,0.3302459716796875,0
2022-9158_10.0,clay,2022,R32,benoit paire,jaume munar,0.37213438749313354,0
2022-9158_11.0,clay,2022,R32,daniel elahi galan,hugo dellien,0.6599235534667969,1
2022-9158_12.0,clay,2022,R32,federico coria,juan pablo ficovich,0.8005675673484802,0
2022-9158_13.0,clay,2022,R16,nikola milojevic,tomas martin etcheverry,0.31623029708862305,1
2022-9158_14.0,clay,2022,R16,juan ignacio londero,pedro martinez,0.30695369839668274,1
2022-9158_15.0,clay,2022,R16,lorenzo sonego,roberto carballes baena,0.41825076937675476,1
2022-9158_16.0,clay,2022,R16,albert ramos-vinolas,juan pablo varillas,0.5122175812721252,1
2022-9158_17.0,clay,2022,R16,alejandro tabilo,carlos taberner,0.3879498839378357,1
2022-9158_18.0,clay,2022,R16,cristian garin,sebastian baez,0.43949878215789795,0
2022-9158_19.0,clay,2022,R16,daniel elahi galan,jaume munar,0.6734921336174011,1
2022-9158_2.0,clay,2022,R32,juan ignacio londero,yannick hanfmann,0.2178945094347,1
2022-9158_20.0,clay,2022,R16,diego schwartzman,juan pablo ficovich,0.8386333584785461,1
2022-9158_21.0,clay,2022,QF,juan ignacio londero,nikola milojevic,0.4631998836994171,1
2022-9158_22.0,clay,2022,QF,albert ramos-vinolas,lorenzo sonego,0.3593314588069916,1
2022-9158_23.0,clay,2022,QF,alejandro tabilo,sebastian baez,0.4065578579902649,1
2022-9158_24.0,clay,2022,QF,daniel elahi galan,diego schwartzman,0.3715246617794037,0
2022-9158_25.0,clay,2022,SF,albert ramos-vinolas,juan ignacio londero,0.5756281018257141,1
2022-9158_26.0,clay,2022,SF,alejandro tabilo,diego schwartzman,0.18703359365463257,1
2022-9158_27.0,clay,2022,F,albert ramos-vinolas,alejandro tabilo,0.5713898539543152,1
2022-9158_3.0,clay,2022,R32,pedro martinez,thiago monteiro,0.5979751348495483,1
2022-9158_4.0,clay,2022,R32,holger rune,roberto carballes baena,0.5062116384506226,0
2022-9158_5.0,clay,2022,R32,facundo bagnis,juan pablo varillas,0.5740190148353577,0
2022-9158_6.0,clay,2022,R32,albert ramos-vinolas,andrej martin,0.6989484429359436,1
2022-9158_7.0,clay,2022,R32,carlos taberner,federico delbonis,0.35421186685562134,1
2022-9158_8.0,clay,2022,R32,alejandro tabilo,francisco cerundolo,0.6788163781166077,1
2022-9158_9.0,clay,2022,R32,fernando verdasco,sebastian baez,0.20944860577583313,0
2022-M-DC-2022-QLS-M-ARG-CZE-01_1.0,clay,2022,RR,jiri lehecka,sebastian baez,0.30003759264945984,0
2022-M-DC-2022-QLS-M-ARG-CZE-01_2.0,clay,2022,RR,diego schwartzman,tomas machac,0.7632449865341187,1
2022-M-DC-2022-QLS-M-ARG-CZE-01_3.0,clay,2022,RR,federico coria,vit kopriva,0.7003345489501953,1
2022-M-DC-2022-QLS-M-CAN-NED-01_1.0,clay,2022,RR,alexis galarneau,botic van de zandschulp,0.42204907536506653,0
2022-M-DC-2022-QLS-M-CAN-NED-01_2.0,clay,2022,RR,steven diez,tallon griekspoor,0.4850475490093231,0
2022-M-DC-2022-QLS-M-CAN-NED-01_3.0,clay,2022,RR,robin haase,steven diez,0.31482723355293274,1
2022-M-DC-2022-QLS-M-ESP-ROU-01_1.0,clay,2022,RR,gabi adrian boitan,roberto bautista agut,0.1231808066368103,0
2022-M-DC-2022-QLS-M-ESP-ROU-01_2.0,clay,2022,RR,carlos alcaraz,marius copil,0.8279708623886108,1
2022-M-DC-2022-QLS-M-ESP-ROU-01_3.0,clay,2022,RR,marius copil,roberto bautista agut,0.11581158638000488,0
2022-M-DC-2022-QLS-M-GER-BRA-01_1.0,clay,2022,RR,alexander zverev,thiago seyboth wild,0.9534071087837219,1
2022-M-DC-2022-QLS-M-GER-BRA-01_2.0,clay,2022,RR,jan-lennard struff,thiago monteiro,0.3669125735759735,0
2022-M-DC-2022-QLS-M-GER-BRA-01_3.0,clay,2022,RR,alexander zverev,thiago monteiro,0.9322789311408997,1
2022-M-DC-2022-WG1-M-AUT-PAK-01_1.0,clay,2022,RR,jurij rodionov,muhammad shoaib,0.8893647193908691,1
2022-M-DC-2022-WG1-M-AUT-PAK-01_2.0,clay,2022,RR,filip misolic,muzammil murtaza,0.9015335440635681,1
2022-M-DC-2022-WG1-M-AUT-PAK-01_3.0,clay,2022,RR,jurij rodionov,muzammil murtaza,0.8760952949523926,1
2022-M-DC-2022-WG1-M-BIH-MEX-01_1.0,clay,2022,RR,gerardo lopez villasenor,nerman fatic,0.21512146294116974,0
2022-M-DC-2022-WG1-M-BIH-MEX-01_2.0,clay,2022,RR,alan fernando rubio fierros,damir dzumhur,0.36147603392601013,0
2022-M-DC-2022-WG1-M-BIH-MEX-01_3.0,clay,2022,RR,andrej nedic,luis carlos alvarez,0.4447774589061737,0
2022-M-DC-2022-WG1-M-CHI-PER-01_1.0,clay,2022,RR,alejandro tabilo,nicolas alvarez,0.6593703627586365,1
2022-M-DC-2022-WG1-M-CHI-PER-01_2.0,clay,2022,RR,juan pablo varillas,nicolas jarry,0.3848045766353607,1
2022-M-DC-2022-WG1-M-CHI-PER-01_3.0,clay,2022,RR,alejandro tabilo,juan pablo varillas,0.6875579357147217,0
2022-M-DC-2022-WG1-M-CHI-PER-01_4.0,clay,2022,RR,nicolas alvarez,nicolas jarry,0.2636904716491699,0
2022-M-DC-2022-WG1-M-COL-TUR-01_1.0,clay,2022,RR,altug celikbilek,nicolas mejia,0.5738326907157898,0
2022-M-DC-2022-WG1-M-COL-TUR-01_2.0,clay,2022,RR,cem ilkel,daniel elahi galan,0.13901613652706146,0
2022-M-DC-2022-WG1-M-COL-TUR-01_3.0,clay,2022,RR,nicolas barrientos,yanki erel,0.29625755548477173,1
2022-M-DC-2022-WG1-M-SVK-ROU-01_1.0,clay,2022,RR,nicholas david ionel,norbert gombos,0.4958944320678711,1
2022-M-DC-2022-WG1-M-SVK-ROU-01_2.0,clay,2022,RR,alex molcan,marius copil,0.8698409795761108,1
2022-M-DC-2022-WG1-M-SVK-ROU-01_3.0,clay,2022,RR,alex molcan,nicholas david ionel,0.634415864944458,1
2022-M-DC-2022-WG1-PO-CHI-SLO-01_1.0,clay,2022,RR,alejandro tabilo,bor artnak,0.9195321202278137,1
2022-M-DC-2022-WG1-PO-CHI-SLO-01_2.0,clay,2022,RR,blaz rola,nicolas jarry,0.25134357810020447,0
2022-M-DC-2022-WG1-PO-CHI-SLO-01_3.0,clay,2022,RR,diego fernandez flores,sebastian dominko,0.8075231909751892,1
2022-M-DC-2022-WG2-M-RSA-BUL-01_1.0,clay,2022,RR,dimitar kuzmanov,lleyton cronje,0.889816403388977,1
2022-M-DC-2022-WG2-M-RSA-BUL-01_2.0,clay,2022,RR,alexandar lazarov,philip henning,0.7826233506202698,1
2022-M-DC-2022-WG2-M-SLO-EST-01_1.0,clay,2022,RR,bor artnak,mark lajal,0.250367134809494,1
2022-M-DC-2022-WG2-M-SLO-EST-01_2.0,clay,2022,RR,aljaz bedene,kristjan tamm,0.8170214295387268,1
2022-M-DC-2022-WG2-M-SLO-EST-01_3.0,clay,2022,RR,mark lajal,matic kriznik,0.8781653642654419,0
2022-M-DC-2022-WG2-M-URU-CHN-01_1.0,clay,2022,RR,ignacio carou,zhizhen zhang,0.28758981823921204,0
2022-M-DC-2022-WG2-M-URU-CHN-01_2.0,clay,2022,RR,martin cuevas,yunchaokete bu,0.8977455496788025,1
2022-M-DC-2022-WG2-M-URU-CHN-01_3.0,clay,2022,RR,martin cuevas,zhizhen zhang,0.15030884742736816,0
2022-M-DC-2022-WG2-M-URU-CHN-01_4.0,clay,2022,RR,ignacio carou,rigele te,0.32498306035995483,0
2022-M-DC-2022-WG2-PO-EGY-CYP-01_1.0,clay,2022,RR,menelaos efstathiou,mohamed safwat,0.18163934350013733,0
2022-M-DC-2022-WG2-PO-EGY-CYP-01_2.0,clay,2022,RR,karim-mohamed maamoun,petros chrysochos,0.25843510031700134,0
2022-M-DC-2022-WG2-PO-EGY-CYP-01_3.0,clay,2022,RR,mohamed safwat,petros chrysochos,0.6229519248008728,1
2022-M-DC-2022-WG2-PO-EGY-CYP-01_4.0,clay,2022,RR,amr elsayed abdou ah mohamed,stylianos christodoulou,0.19085723161697388,1
2022-M-DC-2022-WG2-PO-GRE-JAM-01_1.0,clay,2022,RR,michail pervolarakis,rowland phillips,0.6753709316253662,0
2022-M-DC-2022-WG2-PO-GRE-JAM-01_2.0,clay,2022,RR,blaise bicknell,petros tsitsipas,0.2218075543642044,1
2022-M-DC-2022-WG2-PO-GRE-JAM-01_3.0,clay,2022,RR,aristotelis thanos,blaise bicknell,0.33639201521873474,1
2022-M-DC-2022-WG2-PO-GRE-JAM-01_4.0,clay,2022,RR,petros tsitsipas,rowland phillips,0.7590619325637817,1
2022-311_1.0,grass,2022,R32,daniel evans,matteo berrettini,0.19482561945915222,0
2022-311_10.0,grass,2022,R32,alexander bublik,lorenzo musetti,0.5036700963973999,1
2022-311_11.0,grass,2022,R32,emil ruusuvuori,quentin halys,0.8015178442001343,1
2022-311_12.0,grass,2022,R32,jack draper,taylor fritz,0.17022588849067688,1
2022-311_13.0,grass,2022,R32,diego schwartzman,sam querrey,0.8260905742645264,0
2022-311_14.0,grass,2022,R32,filip krajinovic,jenson brooksby,0.43429940938949585,1
2022-311_15.0,grass,2022,R32,francisco cerundolo,pedro martinez,0.48716968297958374,1
2022-311_16.0,grass,2022,R32,casper ruud,ryan peniston,0.9386464357376099,0
2022-311_17.0,grass,2022,R16,denis kudla,matteo berrettini,0.08559896796941757,0
2022-311_18.0,grass,2022,R16,stan wawrinka,tommy paul,0.5747030973434448,0
2022-311_19.0,grass,2022,R16,botic van de zandschulp,grigor dimitrov,0.35184216499328613,1
2022-311_2.0,grass,2022,R32,denis kudla,lorenzo sonego,0.32391542196273804,1
2022-311_20.0,grass,2022,R16,alejandro davidovich fokina,alex de minaur,0.41964974999427795,1
2022-311_21.0,grass,2022,R16,alexander bublik,marin cilic,0.33497872948646545,0
2022-311_22.0,grass,2022,R16,emil ruusuvuori,jack draper,0.643133819103241,1
2022-311_23.0,grass,2022,R16,filip krajinovic,sam querrey,0.6806228160858154,1
2022-311_24.0,grass,2022,R16,francisco cerundolo,ryan peniston,0.6857730746269226,0
2022-311_25.0,grass,2022,QF,matteo berrettini,tommy paul,0.7662881016731262,1
2022-311_26.0,grass,2022,QF,alejandro davidovich fokina,botic van de zandschulp,0.4998856484889984,0
2022-311_27.0,grass,2022,QF,emil ruusuvuori,marin cilic,0.3521513342857361,0
2022-311_28.0,grass,2022,QF,filip krajinovic,ryan peniston,0.7643022537231445,1
2022-311_29.0,grass,2022,SF,botic van de zandschulp,matteo berrettini,0.25768399238586426,0
2022-311_3.0,grass,2022,R32,frances tiafoe,stan wawrinka,0.4547608196735382,0
2022-311_30.0,grass,2022,SF,filip krajinovic,marin cilic,0.32959017157554626,1
2022-311_31.0,grass,2022,F,filip krajinovic,matteo berrettini,0.21398095786571503,0
2022-311_4.0,grass,2022,R32,denis shapovalov,tommy paul,0.5540322661399841,0
2022-311_5.0,grass,2022,R32,cameron norrie,grigor dimitrov,0.5647556185722351,0
2022-311_6.0,grass,2022,R32,botic van de zandschulp,paul jubb,0.8172836899757385,1
2022-311_7.0,grass,2022,R32,albert ramos-vinolas,alejandro davidovich fokina,0.37692737579345703,0
2022-311_8.0,grass,2022,R32,alex de minaur,reilly opelka,0.5264285802841187,1
2022-311_9.0,grass,2022,R32,liam broady,marin cilic,0.17057952284812927,0
2022-315_1.0,grass,2022,R32,peter gojowczyk,ugo humbert,0.4218939542770386,1
2022-315_10.0,grass,2022,R32,james duckworth,liam broady,0.4844024181365967,1
2022-315_11.0,grass,2022,R32,alexei popyrin,quentin halys,0.6261830925941467,0
2022-315_12.0,grass,2022,R32,jason kubler,jordan thompson,0.46461206674575806,1
2022-315_13.0,grass,2022,R16,john isner,peter gojowczyk,0.7080760598182678,1
2022-315_14.0,grass,2022,R16,benjamin bonzi,christopher eubanks,0.7469182014465332,1
2022-315_15.0,grass,2022,R16,maxime cressy,mitchell krueger,0.7882928848266602,1
2022-315_16.0,grass,2022,R16,jiri vesely,steve johnson,0.42909401655197144,0
2022-315_17.0,grass,2022,R16,andy murray,max purcell,0.8319690823554993,1
2022-315_18.0,grass,2022,R16,alexander bublik,jack sock,0.5909735560417175,1
2022-315_19.0,grass,2022,R16,james duckworth,quentin halys,0.6453328132629395,1
2022-315_2.0,grass,2022,R32,christopher eubanks,dominik koepfer,0.29490944743156433,1
2022-315_20.0,grass,2022,R16,felix auger-aliassime,jason kubler,0.8207494616508484,0
2022-315_21.0,grass,2022,QF,benjamin bonzi,john isner,0.35396608710289,0
2022-315_22.0,grass,2022,QF,maxime cressy,steve johnson,0.4642708897590637,1
2022-315_23.0,grass,2022,QF,alexander bublik,andy murray,0.34803804755210876,1
2022-315_24.0,grass,2022,QF,james duckworth,jason kubler,0.48179158568382263,0
2022-315_25.0,grass,2022,SF,john isner,maxime cressy,0.6541717648506165,0
2022-315_26.0,grass,2022,SF,alexander bublik,jason kubler,0.6972391605377197,1
2022-315_27.0,grass,2022,F,alexander bublik,maxime cressy,0.6078974008560181,0
2022-315_3.0,grass,2022,R32,benjamin bonzi,william blumberg,0.7069810032844543,1
2022-315_4.0,grass,2022,R32,mitchell krueger,tim van rijthoven,0.24586425721645355,1
2022-315_5.0,grass,2022,R32,stefan kozlov,steve johnson,0.30010008811950684,0
2022-315_6.0,grass,2022,R32,feliciano lopez,jiri vesely,0.32923611998558044,0
2022-315_7.0,grass,2022,R32,andy murray,sam querrey,0.8066979646682739,1
2022-315_8.0,grass,2022,R32,adrian mannarino,max purcell,0.6851158738136292,0
2022-315_9.0,grass,2022,R32,jack sock,radu albot,0.6473574638366699,1
2022-321_1.0,grass,2022,R32,joao sousa,radu albot,0.5444846153259277,0
2022-321_10.0,grass,2022,R32,alexander bublik,denis kudla,0.7033234238624573,1
2022-321_11.0,grass,2022,R32,andy murray,christopher o'connell,0.8409395217895508,1
2022-321_12.0,grass,2022,R32,dominic stricker,maxime cressy,0.4776166081428528,1
2022-321_13.0,grass,2022,R16,matteo berrettini,radu albot,0.8771265149116516,1
2022-321_14.0,grass,2022,R16,jan-lennard struff,lorenzo sonego,0.4435116648674011,0
2022-321_15.0,grass,2022,R16,denis shapovalov,oscar otte,0.701408326625824,0
2022-321_16.0,grass,2022,R16,arthur rinderknech,benjamin bonzi,0.561890721321106,0
2022-321_17.0,grass,2022,R16,nick kyrgios,nikoloz basilashvili,0.763093888759613,1
2022-321_18.0,grass,2022,R16,hubert hurkacz,marton fucsovics,0.718370258808136,0
2022-321_19.0,grass,2022,R16,alexander bublik,andy murray,0.3119683265686035,0
2022-321_2.0,grass,2022,R32,jan-lennard struff,marcos giron,0.40709778666496277,1
2022-321_20.0,grass,2022,R16,dominic stricker,stefanos tsitsipas,0.09136302769184113,0
2022-321_21.0,grass,2022,QF,lorenzo sonego,matteo berrettini,0.17537082731723785,0
2022-321_22.0,grass,2022,QF,benjamin bonzi,oscar otte,0.48502621054649353,0
2022-321_23.0,grass,2022,QF,marton fucsovics,nick kyrgios,0.3201245963573456,0
2022-321_24.0,grass,2022,QF,andy murray,stefanos tsitsipas,0.24309538304805756,1
2022-321_25.0,grass,2022,SF,matteo berrettini,oscar otte,0.8168244957923889,1
2022-321_26.0,grass,2022,SF,andy murray,nick kyrgios,0.4261249601840973,1
2022-321_27.0,grass,2022,F,andy murray,matteo berrettini,0.4041767418384552,0
2022-321_3.0,grass,2022,R32,benoit paire,lorenzo sonego,0.28199464082717896,0
2022-321_4.0,grass,2022,R32,daniel altmaier,oscar otte,0.3385554552078247,0
2022-321_5.0,grass,2022,R32,benjamin bonzi,feliciano lopez,0.6436979174613953,1
2022-321_6.0,grass,2022,R32,arthur rinderknech,ugo humbert,0.5047734379768372,1
2022-321_7.0,grass,2022,R32,lorenzo musetti,nikoloz basilashvili,0.5623157024383545,0
2022-321_8.0,grass,2022,R32,jiri lehecka,nick kyrgios,0.10578872263431549,0
2022-321_9.0,grass,2022,R32,jurij rodionov,marton fucsovics,0.26625481247901917,0
2022-440_1.0,grass,2022,R32,aljaz bedene,tallon griekspoor,0.6121522784233093,0
2022-440_10.0,grass,2022,R32,botic van de zandschulp,emil ruusuvuori,0.6057467460632324,0
2022-440_11.0,grass,2022,R32,ilya ivashka,mackenzie mcdonald,0.4930351674556732,1
2022-440_12.0,grass,2022,R32,gilles simon,james duckworth,0.46996670961380005,1
2022-440_13.0,grass,2022,R16,felix auger-aliassime,tallon griekspoor,0.8428243398666382,1
2022-440_14.0,grass,2022,R16,kamil majchrzak,karen khachanov,0.21734635531902313,0
2022-440_15.0,grass,2022,R16,taylor fritz,tim van rijthoven,0.8552023768424988,0
2022-440_16.0,grass,2022,R16,hugo gaston,jenson brooksby,0.282995343208313,1
2022-440_17.0,grass,2022,R16,brandon nakashima,sam querrey,0.61197829246521,1
2022-440_18.0,grass,2022,R16,adrian mannarino,alex de minaur,0.31523245573043823,1
2022-440_19.0,grass,2022,R16,emil ruusuvuori,ilya ivashka,0.4770752489566803,0
2022-440_2.0,grass,2022,R32,dominik koepfer,kamil majchrzak,0.5907478928565979,0
2022-440_20.0,grass,2022,R16,daniil medvedev,gilles simon,0.9277758598327637,1
2022-440_21.0,grass,2022,QF,felix auger-aliassime,karen khachanov,0.5571991205215454,1
2022-440_22.0,grass,2022,QF,hugo gaston,tim van rijthoven,0.6215223670005798,0
2022-440_23.0,grass,2022,QF,adrian mannarino,brandon nakashima,0.4410944879055023,1
2022-440_24.0,grass,2022,QF,daniil medvedev,ilya ivashka,0.8606603741645813,1
2022-440_25.0,grass,2022,SF,felix auger-aliassime,tim van rijthoven,0.8960469365119934,0
2022-440_26.0,grass,2022,SF,adrian mannarino,daniil medvedev,0.0985913798213005,0
2022-440_27.0,grass,2022,F,daniil medvedev,tim van rijthoven,0.9330148696899414,0
2022-440_3.0,grass,2022,R32,alejandro tabilo,karen khachanov,0.26490533351898193,0
2022-440_4.0,grass,2022,R32,matthew ebden,tim van rijthoven,0.6512154936790466,0
2022-440_5.0,grass,2022,R32,hugo gaston,soonwoo kwon,0.44508057832717896,1
2022-440_6.0,grass,2022,R32,jenson brooksby,jesper de jong,0.8212012052536011,1
2022-440_7.0,grass,2022,R32,brandon nakashima,tommy paul,0.41073480248451233,1
2022-440_8.0,grass,2022,R32,robin haase,sam querrey,0.5817739367485046,0
2022-440_9.0,grass,2022,R32,adrian mannarino,andreas seppi,0.6312172412872314,1
2022-500_1.0,grass,2022,R32,benjamin bonzi,stefanos tsitsipas,0.12222626805305481,0
2022-500_10.0,grass,2022,R32,henri squire,laslo djere,0.2625615894794464,0
2022-500_11.0,grass,2022,R32,miomir kecmanovic,oscar otte,0.6877937912940979,0
2022-500_12.0,grass,2022,R32,andrey rublev,nikoloz basilashvili,0.8196443915367126,0
2022-500_13.0,grass,2022,R32,marton fucsovics,roberto bautista agut,0.381163090467453,0
2022-500_14.0,grass,2022,R32,alex molcan,tallon griekspoor,0.7154535055160522,0
2022-500_15.0,grass,2022,R32,ilya ivashka,jan-lennard struff,0.6828067898750305,1
2022-500_16.0,grass,2022,R32,daniil medvedev,david goffin,0.8345807194709778,1
2022-500_17.0,grass,2022,R16,nick kyrgios,stefanos tsitsipas,0.3476725220680237,1
2022-500_18.0,grass,2022,R16,pablo carreno busta,sebastian korda,0.4496244788169861,1
2022-500_19.0,grass,2022,R16,felix auger-aliassime,mackenzie mcdonald,0.7354728579521179,1
2022-500_2.0,grass,2022,R32,daniel altmaier,nick kyrgios,0.10115755349397659,0
2022-500_20.0,grass,2022,R16,hubert hurkacz,ugo humbert,0.8095353245735168,1
2022-500_21.0,grass,2022,R16,karen khachanov,laslo djere,0.6736035943031311,1
2022-500_22.0,grass,2022,R16,nikoloz basilashvili,oscar otte,0.5320509672164917,0
2022-500_23.0,grass,2022,R16,roberto bautista agut,tallon griekspoor,0.7813467979431152,1
2022-500_24.0,grass,2022,R16,daniil medvedev,ilya ivashka,0.8298287987709045,1
2022-500_25.0,grass,2022,QF,nick kyrgios,pablo carreno busta,0.6163203716278076,1
2022-500_26.0,grass,2022,QF,felix auger-aliassime,hubert hurkacz,0.5525656938552856,0
2022-500_27.0,grass,2022,QF,karen khachanov,oscar otte,0.6747220158576965,0
2022-500_28.0,grass,2022,QF,daniil medvedev,roberto bautista agut,0.7600885629653931,1
2022-500_29.0,grass,2022,SF,hubert hurkacz,nick kyrgios,0.4800768792629242,1
2022-500_3.0,grass,2022,R32,cristian garin,sebastian korda,0.3875659704208374,0
2022-500_30.0,grass,2022,SF,daniil medvedev,oscar otte,0.8729029893875122,1
2022-500_31.0,grass,2022,F,daniil medvedev,hubert hurkacz,0.6948598027229309,0
2022-500_4.0,grass,2022,R32,holger rune,pablo carreno busta,0.47713035345077515,0
2022-500_5.0,grass,2022,R32,felix auger-aliassime,marcos giron,0.8056333661079407,1
2022-500_6.0,grass,2022,R32,mackenzie mcdonald,marc-andrea huesler,0.7444030046463013,1
2022-500_7.0,grass,2022,R32,radu albot,ugo humbert,0.4095268249511719,0
2022-500_8.0,grass,2022,R32,hubert hurkacz,maxime cressy,0.8393685221672058,1
2022-500_9.0,grass,2022,R32,aslan karatsev,karen khachanov,0.25383618474006653,0
2022-540_1.0,grass,2022,R128,novak djokovic,soonwoo kwon,0.9541532397270203,1
2022-540_10.0,grass,2022,R128,daniel altmaier,mikael ymer,0.30237245559692383,0
2022-540_100.0,grass,2022,R32,carlos alcaraz,oscar otte,0.8713600039482117,1
2022-540_101.0,grass,2022,R32,david goffin,ugo humbert,0.6400033235549927,1
2022-540_102.0,grass,2022,R32,alexander bublik,frances tiafoe,0.512176513671875,0
2022-540_103.0,grass,2022,R32,cameron norrie,steve johnson,0.7390649914741516,1
2022-540_104.0,grass,2022,R32,jiri vesely,tommy paul,0.2640949785709381,0
2022-540_105.0,grass,2022,R32,cristian garin,jenson brooksby,0.47557368874549866,1
2022-540_106.0,grass,2022,R32,alex de minaur,liam broady,0.7963603138923645,1
2022-540_107.0,grass,2022,R32,brandon nakashima,daniel elahi galan,0.6112134456634521,1
2022-540_108.0,grass,2022,R32,nick kyrgios,stefanos tsitsipas,0.38981637358665466,1
2022-540_109.0,grass,2022,R32,jack sock,jason kubler,0.6618950963020325,0
2022-540_11.0,grass,2022,R128,andy murray,james duckworth,0.8170912265777588,1
2022-540_110.0,grass,2022,R32,alex molcan,taylor fritz,0.32064908742904663,0
2022-540_111.0,grass,2022,R32,botic van de zandschulp,richard gasquet,0.5819322466850281,1
2022-540_112.0,grass,2022,R32,lorenzo sonego,rafael nadal,0.05259976536035538,0
2022-540_113.0,grass,2022,R16,novak djokovic,tim van rijthoven,0.9455807209014893,1
2022-540_114.0,grass,2022,R16,carlos alcaraz,jannik sinner,0.6996501088142395,0
2022-540_115.0,grass,2022,R16,david goffin,frances tiafoe,0.5214470624923706,1
2022-540_116.0,grass,2022,R16,cameron norrie,tommy paul,0.6093944907188416,1
2022-540_117.0,grass,2022,R16,alex de minaur,cristian garin,0.6415354013442993,0
2022-540_118.0,grass,2022,R16,brandon nakashima,nick kyrgios,0.21846799552440643,0
2022-540_119.0,grass,2022,R16,jason kubler,taylor fritz,0.15039034187793732,0
2022-540_12.0,grass,2022,R128,enzo couacaud,john isner,0.18389496207237244,0
2022-540_120.0,grass,2022,R16,botic van de zandschulp,rafael nadal,0.09845001995563507,0
2022-540_121.0,grass,2022,QF,jannik sinner,novak djokovic,0.23395457863807678,0
2022-540_122.0,grass,2022,QF,cameron norrie,david goffin,0.634540319442749,1
2022-540_123.0,grass,2022,QF,cristian garin,nick kyrgios,0.23078295588493347,0
2022-540_124.0,grass,2022,QF,rafael nadal,taylor fritz,0.8449351191520691,1
2022-540_125.0,grass,2022,SF,cameron norrie,novak djokovic,0.1482616662979126,0
2022-540_126.0,grass,2022,SF,nick kyrgios,rafael nadal,0.1523924618959427,1
2022-540_127.0,grass,2022,F,nick kyrgios,novak djokovic,0.20488423109054565,0
2022-540_13.0,grass,2022,R128,oscar otte,peter gojowczyk,0.6787524223327637,1
2022-540_14.0,grass,2022,R128,christian harrison,jay clarke,0.5953874588012695,1
2022-540_15.0,grass,2022,R128,fabio fognini,tallon griekspoor,0.6326658129692078,0
2022-540_16.0,grass,2022,R128,carlos alcaraz,jan-lennard struff,0.945586621761322,1
2022-540_17.0,grass,2022,R128,albert ramos-vinolas,casper ruud,0.16196615993976593,0
2022-540_18.0,grass,2022,R128,tomas martin etcheverry,ugo humbert,0.2476719170808792,0
2022-540_19.0,grass,2022,R128,david goffin,radu albot,0.7545971870422363,1
2022-540_2.0,grass,2022,R128,kamil majchrzak,thanasi kokkinakis,0.34753164649009705,0
2022-540_20.0,grass,2022,R128,sebastian baez,taro daniel,0.6390349268913269,1
2022-540_21.0,grass,2022,R128,andrea vavassori,frances tiafoe,0.2179720252752304,0
2022-540_22.0,grass,2022,R128,aljaz bedene,maximilian marterer,0.6864164471626282,0
2022-540_23.0,grass,2022,R128,alexander bublik,marton fucsovics,0.4914472699165344,1
2022-540_24.0,grass,2022,R128,dusan lajovic,pablo carreno busta,0.23887859284877777,1
2022-540_25.0,grass,2022,R128,cameron norrie,pablo andujar,0.8416507840156555,1
2022-540_26.0,grass,2022,R128,jaume munar,thiago monteiro,0.4088367819786072,1
2022-540_27.0,grass,2022,R128,henri laaksonen,ryan peniston,0.504554033279419,0
2022-540_28.0,grass,2022,R128,grigor dimitrov,steve johnson,0.739513099193573,0
2022-540_29.0,grass,2022,R128,fernando verdasco,tommy paul,0.23484636843204498,0
2022-540_3.0,grass,2022,R128,alejandro tabilo,laslo djere,0.39204445481300354,1
2022-540_30.0,grass,2022,R128,adrian mannarino,max purcell,0.657261312007904,1
2022-540_31.0,grass,2022,R128,federico coria,jiri vesely,0.5664046406745911,0
2022-540_32.0,grass,2022,R128,alejandro davidovich fokina,hubert hurkacz,0.22123433649539948,1
2022-540_33.0,grass,2022,R128,cristian garin,elias ymer,0.6789968609809875,1
2022-540_34.0,grass,2022,R128,hugo grenier,marc-andrea huesler,0.46321946382522583,1
2022-540_35.0,grass,2022,R128,benjamin bonzi,zdenek kolar,0.6844706535339355,1
2022-540_36.0,grass,2022,R128,jenson brooksby,mikhail kukushkin,0.7499518990516663,1
2022-540_37.0,grass,2022,R128,alex de minaur,hugo dellien,0.8429796695709229,1
2022-540_38.0,grass,2022,R128,jack draper,zizou bergs,0.6724779009819031,1
2022-540_39.0,grass,2022,R128,liam broady,lukas klein,0.5951626300811768,1
2022-540_4.0,grass,2022,R128,john millman,miomir kecmanovic,0.3123111128807068,0
2022-540_40.0,grass,2022,R128,diego schwartzman,stefan kozlov,0.80873042345047,1
2022-540_41.0,grass,2022,R128,arthur rinderknech,denis shapovalov,0.41889113187789917,0
2022-540_42.0,grass,2022,R128,brandon nakashima,nicola kuhn,0.7695621252059937,1
2022-540_43.0,grass,2022,R128,daniel elahi galan,dominik koepfer,0.4830717146396637,1
2022-540_44.0,grass,2022,R128,attila balazs,roberto bautista agut,0.1842358559370041,0
2022-540_45.0,grass,2022,R128,filip krajinovic,jiri lehecka,0.8042766451835632,1
2022-540_46.0,grass,2022,R128,nick kyrgios,paul jubb,0.9130821228027344,1
2022-540_47.0,grass,2022,R128,jordan thompson,roberto carballes baena,0.5450364947319031,1
2022-540_48.0,grass,2022,R128,alexander ritschard,stefanos tsitsipas,0.05575569346547127,0
2022-540_49.0,grass,2022,R128,felix auger-aliassime,maxime cressy,0.8077648282051086,0
2022-540_5.0,grass,2022,R128,lukas rosol,nikoloz basilashvili,0.4065043032169342,0
2022-540_50.0,grass,2022,R128,bernabe zapata miralles,jack sock,0.37117353081703186,0
2022-540_51.0,grass,2022,R128,dennis novak,facundo bagnis,0.48432645201683044,1
2022-540_52.0,grass,2022,R128,daniel evans,jason kubler,0.7201852798461914,0
2022-540_53.0,grass,2022,R128,holger rune,marcos giron,0.561715841293335,0
2022-540_54.0,grass,2022,R128,alex molcan,pedro martinez,0.6100903749465942,1
2022-540_55.0,grass,2022,R128,alastair gray,chun-hsin tseng,0.47768449783325195,1
2022-540_56.0,grass,2022,R128,lorenzo musetti,taylor fritz,0.25613391399383545,0
2022-540_57.0,grass,2022,R128,mackenzie mcdonald,nuno borges,0.7228801250457764,1
2022-540_58.0,grass,2022,R128,joao sousa,richard gasquet,0.2937396764755249,0
2022-540_59.0,grass,2022,R128,emil ruusuvuori,yoshihito nishioka,0.6420883536338806,1
2022-540_6.0,grass,2022,R128,benoit paire,quentin halys,0.5654985904693604,0
2022-540_60.0,grass,2022,R128,botic van de zandschulp,feliciano lopez,0.838239312171936,1
2022-540_61.0,grass,2022,R128,denis kudla,lorenzo sonego,0.3755072355270386,0
2022-540_62.0,grass,2022,R128,alexei popyrin,hugo gaston,0.3929113447666168,0
2022-540_63.0,grass,2022,R128,ricardas berankis,sam querrey,0.5313199758529663,1
2022-540_64.0,grass,2022,R128,francisco cerundolo,rafael nadal,0.036533232778310776,0
2022-540_65.0,grass,2022,R64,novak djokovic,thanasi kokkinakis,0.926298975944519,1
2022-540_66.0,grass,2022,R64,alejandro tabilo,miomir kecmanovic,0.2906630337238312,0
2022-540_67.0,grass,2022,R64,nikoloz basilashvili,quentin halys,0.8059285283088684,1
2022-540_68.0,grass,2022,R64,reilly opelka,tim van rijthoven,0.6473578214645386,0
2022-540_69.0,grass,2022,R64,jannik sinner,mikael ymer,0.8043555021286011,1
2022-540_7.0,grass,2022,R128,federico delbonis,tim van rijthoven,0.392240971326828,0
2022-540_70.0,grass,2022,R64,andy murray,john isner,0.6346602439880371,0
2022-540_71.0,grass,2022,R64,christian harrison,oscar otte,0.25301575660705566,0
2022-540_72.0,grass,2022,R64,carlos alcaraz,tallon griekspoor,0.9417654275894165,1
2022-540_73.0,grass,2022,R64,casper ruud,ugo humbert,0.8675211668014526,0
2022-540_74.0,grass,2022,R64,david goffin,sebastian baez,0.5667362809181213,1
2022-540_75.0,grass,2022,R64,frances tiafoe,maximilian marterer,0.7741914987564087,1
2022-540_76.0,grass,2022,R64,alexander bublik,dusan lajovic,0.7046261429786682,1
2022-540_77.0,grass,2022,R64,cameron norrie,jaume munar,0.8182476758956909,1
2022-540_78.0,grass,2022,R64,ryan peniston,steve johnson,0.4066179096698761,0
2022-540_79.0,grass,2022,R64,adrian mannarino,tommy paul,0.3717854917049408,0
2022-540_8.0,grass,2022,R128,carlos taberner,reilly opelka,0.3164370059967041,0
2022-540_80.0,grass,2022,R64,alejandro davidovich fokina,jiri vesely,0.7107240557670593,0
2022-540_81.0,grass,2022,R64,cristian garin,hugo grenier,0.7671239972114563,1
2022-540_82.0,grass,2022,R64,benjamin bonzi,jenson brooksby,0.43250328302383423,0
2022-540_83.0,grass,2022,R64,alex de minaur,jack draper,0.7312201857566833,1
2022-540_84.0,grass,2022,R64,diego schwartzman,liam broady,0.8199542164802551,0
2022-540_85.0,grass,2022,R64,brandon nakashima,denis shapovalov,0.45494988560676575,1
2022-540_86.0,grass,2022,R64,daniel elahi galan,roberto bautista agut,0.17241401970386505,1
2022-540_87.0,grass,2022,R64,filip krajinovic,nick kyrgios,0.3223041892051697,0
2022-540_88.0,grass,2022,R64,jordan thompson,stefanos tsitsipas,0.09226606041193008,0
2022-540_89.0,grass,2022,R64,jack sock,maxime cressy,0.4977008104324341,1
2022-540_9.0,grass,2022,R128,jannik sinner,stan wawrinka,0.7045741677284241,1
2022-540_90.0,grass,2022,R64,dennis novak,jason kubler,0.4474002420902252,0
2022-540_91.0,grass,2022,R64,alex molcan,marcos giron,0.561370849609375,1
2022-540_92.0,grass,2022,R64,alastair gray,taylor fritz,0.1039489284157753,0
2022-540_93.0,grass,2022,R64,mackenzie mcdonald,richard gasquet,0.5141328573226929,0
2022-540_94.0,grass,2022,R64,botic van de zandschulp,emil ruusuvuori,0.5841612219810486,1
2022-540_95.0,grass,2022,R64,hugo gaston,lorenzo sonego,0.49091818928718567,0
2022-540_96.0,grass,2022,R64,rafael nadal,ricardas berankis,0.9612073302268982,1
2022-540_97.0,grass,2022,R32,miomir kecmanovic,novak djokovic,0.09629901498556137,0
2022-540_98.0,grass,2022,R32,nikoloz basilashvili,tim van rijthoven,0.5611832737922668,0
2022-540_99.0,grass,2022,R32,jannik sinner,john isner,0.7082285284996033,1
2022-741_1.0,grass,2022,F,maxime cressy,taylor fritz,0.18469198048114777,0
2022-741_10.0,grass,2022,R32,jack draper,jenson brooksby,0.30177631974220276,1
2022-741_11.0,grass,2022,R32,maxime cressy,reilly opelka,0.24428363144397736,1
2022-741_12.0,grass,2022,R32,adrian mannarino,daniel evans,0.511630117893219,0
2022-741_13.0,grass,2022,R32,brandon nakashima,jay clarke,0.7768314480781555,1
2022-741_14.0,grass,2022,R16,jannik sinner,tommy paul,0.7444146275520325,0
2022-741_15.0,grass,2022,R16,alex de minaur,lorenzo sonego,0.6959039568901062,1
2022-741_16.0,grass,2022,R16,taylor fritz,thiago monteiro,0.7476345896720886,1
2022-741_17.0,grass,2022,R16,alexander bublik,john millman,0.6138815879821777,1
2022-741_18.0,grass,2022,R16,pedro martinez,ryan peniston,0.6540579199790955,0
2022-741_19.0,grass,2022,R16,diego schwartzman,jack draper,0.7822799682617188,0
2022-741_2.0,grass,2022,R32,francisco cerundolo,tommy paul,0.34544920921325684,0
2022-741_20.0,grass,2022,R16,daniel evans,maxime cressy,0.669826865196228,0
2022-741_21.0,grass,2022,R16,brandon nakashima,cameron norrie,0.2671416103839874,0
2022-741_22.0,grass,2022,QF,alex de minaur,tommy paul,0.5289292931556702,1
2022-741_23.0,grass,2022,QF,alexander bublik,taylor fritz,0.3514401912689209,0
2022-741_24.0,grass,2022,QF,jack draper,ryan peniston,0.5362972617149353,1
2022-741_25.0,grass,2022,QF,cameron norrie,maxime cressy,0.8130930066108704,0
2022-741_26.0,grass,2022,SF,alex de minaur,taylor fritz,0.46367982029914856,0
2022-741_27.0,grass,2022,SF,jack draper,maxime cressy,0.5461079478263855,0
2022-741_3.0,grass,2022,R32,james duckworth,lorenzo sonego,0.4230162799358368,0
2022-741_4.0,grass,2022,R32,alex de minaur,cristian garin,0.6031542420387268,1
2022-741_5.0,grass,2022,R32,thiago monteiro,ugo humbert,0.4895457923412323,1
2022-741_6.0,grass,2022,R32,john millman,sebastian korda,0.2500017285346985,1
2022-741_7.0,grass,2022,R32,alexander bublik,frances tiafoe,0.4770065248012543,1
2022-741_8.0,grass,2022,R32,holger rune,ryan peniston,0.7203295826911926,0
2022-741_9.0,grass,2022,R32,alejandro davidovich fokina,pedro martinez,0.6537094712257385,0
2022-8994_1.0,grass,2022,F,roberto bautista agut,stefanos tsitsipas,0.3257274329662323,0
2022-8994_10.0,grass,2022,R32,antoine bellier,federico delbonis,0.39182403683662415,1
2022-8994_11.0,grass,2022,R32,roberto bautista agut,taro daniel,0.8337776064872742,1
2022-8994_12.0,grass,2022,R32,laslo djere,nick kyrgios,0.24056951701641083,0
2022-8994_13.0,grass,2022,R32,aslan karatsev,jaume munar,0.5096638202667236,1
2022-8994_14.0,grass,2022,R16,ilya ivashka,stefanos tsitsipas,0.19816197454929352,0
2022-8994_15.0,grass,2022,R16,mackenzie mcdonald,marcos giron,0.5915736556053162,0
2022-8994_16.0,grass,2022,R16,benjamin bonzi,denis shapovalov,0.36135321855545044,1
2022-8994_17.0,grass,2022,R16,daniel altmaier,sebastian baez,0.22127865254878998,1
2022-8994_18.0,grass,2022,R16,alex molcan,tallon griekspoor,0.6950433254241943,0
2022-8994_19.0,grass,2022,R16,antoine bellier,pablo carreno busta,0.15317560732364655,1
2022-8994_2.0,grass,2022,R32,emil ruusuvuori,ilya ivashka,0.4450545012950897,0
2022-8994_20.0,grass,2022,R16,nick kyrgios,roberto bautista agut,0.587698757648468,0
2022-8994_21.0,grass,2022,R16,aslan karatsev,daniil medvedev,0.09898902475833893,0
2022-8994_22.0,grass,2022,QF,marcos giron,stefanos tsitsipas,0.11417016386985779,0
2022-8994_23.0,grass,2022,QF,benjamin bonzi,daniel altmaier,0.671538233757019,1
2022-8994_24.0,grass,2022,QF,antoine bellier,tallon griekspoor,0.3209274411201477,1
2022-8994_25.0,grass,2022,QF,daniil medvedev,roberto bautista agut,0.7571222186088562,0
2022-8994_26.0,grass,2022,SF,benjamin bonzi,stefanos tsitsipas,0.11747682094573975,0
2022-8994_27.0,grass,2022,SF,antoine bellier,roberto bautista agut,0.12281381338834763,0
2022-8994_3.0,grass,2022,R32,joao sousa,mackenzie mcdonald,0.3140262961387634,0
2022-8994_4.0,grass,2022,R32,botic van de zandschulp,marcos giron,0.7089561820030212,0
2022-8994_5.0,grass,2022,R32,alejandro tabilo,benjamin bonzi,0.49239832162857056,0
2022-8994_6.0,grass,2022,R32,daniel altmaier,dusan lajovic,0.38870224356651306,1
2022-8994_7.0,grass,2022,R32,jordan thompson,sebastian baez,0.389395534992218,0
2022-8994_8.0,grass,2022,R32,alex molcan,miomir kecmanovic,0.3793484568595886,1
2022-8994_9.0,grass,2022,R32,feliciano lopez,tallon griekspoor,0.3592655658721924,0
2022-M-DC-2022-WG1-PO-IND-DEN-01_1.0,grass,2022,RR,christian sigsgaard,ramkumar ramanathan,0.544018566608429,0
2022-M-DC-2022-WG1-PO-IND-DEN-01_2.0,grass,2022,RR,mikael torpegaard,yuki bhambri,0.484971821308136,0
2022-M-DC-2022-WG1-PO-IND-DEN-01_3.0,grass,2022,RR,johannes ingildsen,ramkumar ramanathan,0.4801833927631378,0
2022-M-DC-2022-WG1-PO-PAK-LTU-01_1.0,grass,2022,RR,aqeel khan,laurynas grigelis,0.5635114312171936,1
2022-M-DC-2022-WG1-PO-PAK-LTU-01_2.0,grass,2022,RR,muhammad shoaib,ricardas berankis,0.2995923161506653,0
2022-M-DC-2022-WG1-PO-PAK-LTU-01_3.0,grass,2022,RR,aqeel khan,ricardas berankis,0.34622064232826233,0
2022-M-DC-2022-WG1-PO-PAK-LTU-01_4.0,grass,2022,RR,aisam-ul-haq qureshi,edas butvilas,0.5681431889533997,1
2022-2805_1.0,hard,2022,R32,daniel elahi galan,roberto carballes baena,0.3574579358100891,0
2022-2805_10.0,hard,2022,R32,brandon nakashima,richard gasquet,0.7077162861824036,1
2022-2805_11.0,hard,2022,R32,altug celikbilek,giulio zeppieri,0.6655044555664062,1
2022-2805_12.0,hard,2022,R32,marton fucsovics,oscar otte,0.38028082251548767,0
2022-2805_13.0,hard,2022,R16,matteo berrettini,roberto carballes baena,0.6939682364463806,0
2022-2805_14.0,hard,2022,R16,aslan karatsev,mikael ymer,0.33665820956230164,0
2022-2805_15.0,hard,2022,R16,j.j. wolf,maxime cressy,0.6745485663414001,1
2022-2805_16.0,hard,2022,R16,alexander bublik,corentin moutet,0.5834529995918274,1
2022-2805_17.0,hard,2022,R16,francesco passaro,mackenzie mcdonald,0.3588853180408478,0
2022-2805_18.0,hard,2022,R16,bernabe zapata miralles,lorenzo musetti,0.36221423745155334,0
2022-2805_19.0,hard,2022,R16,altug celikbilek,brandon nakashima,0.2426346242427826,0
2022-2805_2.0,hard,2022,R32,mikael ymer,tim van rijthoven,0.7968164086341858,1
2022-2805_20.0,hard,2022,R16,felix auger-aliassime,oscar otte,0.8036661744117737,1
2022-2805_21.0,hard,2022,QF,mikael ymer,roberto carballes baena,0.8147631883621216,1
2022-2805_22.0,hard,2022,QF,alexander bublik,j.j. wolf,0.7840114831924438,0
2022-2805_23.0,hard,2022,QF,lorenzo musetti,mackenzie mcdonald,0.3889785706996918,1
2022-2805_24.0,hard,2022,QF,brandon nakashima,felix auger-aliassime,0.22336208820343018,0
2022-2805_25.0,hard,2022,SF,j.j. wolf,mikael ymer,0.4240613281726837,1
2022-2805_26.0,hard,2022,SF,felix auger-aliassime,lorenzo musetti,0.7647585272789001,1
2022-2805_27.0,hard,2022,F,felix auger-aliassime,j.j. wolf,0.8023785352706909,1
2022-2805_3.0,hard,2022,R32,aslan karatsev,tallon griekspoor,0.4226425588130951,1
2022-2805_4.0,hard,2022,R32,francesco maestrelli,j.j. wolf,0.19244591891765594,0
2022-2805_5.0,hard,2022,R32,corentin moutet,flavio cobolli,0.8050975203514099,1
2022-2805_6.0,hard,2022,R32,alexander bublik,cristian garin,0.7416175007820129,1
2022-2805_7.0,hard,2022,R32,jenson brooksby,mackenzie mcdonald,0.4994363784790039,0
2022-2805_8.0,hard,2022,R32,francesco passaro,zhizhen zhang,0.3330240547657013,1
2022-2805_9.0,hard,2022,R32,bernabe zapata miralles,lorenzo sonego,0.48697078227996826,1
2022-2807_1.0,hard,2022,R32,martin landaluce,tommy paul,0.018149487674236298,0
2022-2807_10.0,hard,2022,R32,dominic thiem,joao sousa,0.7783360481262207,1
2022-2807_11.0,hard,2022,R32,fabio fognini,manuel guinard,0.7660853862762451,0
2022-2807_12.0,hard,2022,R32,marco trungelliti,nicolas alvarez varona,0.34533214569091797,0
2022-2807_13.0,hard,2022,R32,feliciano lopez,ilya ivashka,0.12466295808553696,0
2022-2807_15.0,hard,2022,R16,pablo carreno busta,thiago monteiro,0.7960289716720581,1
2022-2807_16.0,hard,2022,R16,arthur rinderknech,constant lestienne,0.601710319519043,1
2022-2807_17.0,hard,2022,R16,roberto bautista agut,sebastian korda,0.42641937732696533,0
2022-2807_18.0,hard,2022,R16,andy murray,pedro cachin,0.7040186524391174,1
2022-2807_19.0,hard,2022,R16,dominic thiem,marcos giron,0.6057717204093933,1
2022-2807_2.0,hard,2022,R32,benjamin bonzi,thiago monteiro,0.35043084621429443,0
2022-2807_20.0,hard,2022,R16,francisco cerundolo,manuel guinard,0.6558181643486023,1
2022-2807_21.0,hard,2022,R16,nicolas alvarez varona,tommy paul,0.1688590943813324,0
2022-2807_22.0,hard,2022,R16,andrey rublev,ilya ivashka,0.753689169883728,1
2022-2807_23.0,hard,2022,QF,arthur rinderknech,pablo carreno busta,0.28477180004119873,1
2022-2807_24.0,hard,2022,QF,andy murray,sebastian korda,0.536368727684021,0
2022-2807_25.0,hard,2022,QF,dominic thiem,francisco cerundolo,0.7390971779823303,1
2022-2807_26.0,hard,2022,QF,andrey rublev,tommy paul,0.6833934783935547,1
2022-2807_27.0,hard,2022,SF,arthur rinderknech,sebastian korda,0.43063297867774963,0
2022-2807_28.0,hard,2022,SF,andrey rublev,dominic thiem,0.7916471362113953,1
2022-2807_29.0,hard,2022,F,andrey rublev,sebastian korda,0.7416136264801025,1
2022-2807_3.0,hard,2022,R32,arthur rinderknech,carlos taberner,0.7729500532150269,1
2022-2807_4.0,hard,2022,R32,constant lestienne,sebastian baez,0.70191490650177,1
2022-2807_5.0,hard,2022,R32,martin landaluce,tommy paul,0.028278589248657227,0
2022-2807_6.0,hard,2022,R32,jaume munar,sebastian korda,0.20264557003974915,0
2022-2807_7.0,hard,2022,R32,alexey vatutin,pedro cachin,0.2815549969673157,0
2022-2807_8.0,hard,2022,R32,alejandro davidovich fokina,andy murray,0.6391918659210205,0
2022-2807_9.0,hard,2022,R32,albert ramos-vinolas,marcos giron,0.6438089609146118,0
2022-2809_1.0,hard,2022,R32,nicolas jarry,roberto carballes baena,0.23948313295841217,0
2022-2809_10.0,hard,2022,R32,flavio cobolli,miomir kecmanovic,0.14915645122528076,0
2022-2809_11.0,hard,2022,R32,corentin moutet,luca nardi,0.7892992496490479,1
2022-2809_12.0,hard,2022,R32,fabio fognini,hugo grenier,0.7536906003952026,1
2022-2809_13.0,hard,2022,R16,matteo berrettini,roberto carballes baena,0.8016878366470337,1
2022-2809_14.0,hard,2022,R16,pedro cachin,taro daniel,0.7282334566116333,0
2022-2809_15.0,hard,2022,R16,mackenzie mcdonald,roberto bautista agut,0.28052839636802673,1
2022-2809_16.0,hard,2022,R16,sebastian baez,zhizhen zhang,0.5542054772377014,0
2022-2809_17.0,hard,2022,R16,daniel elahi galan,nuno borges,0.734369158744812,1
2022-2809_18.0,hard,2022,R16,laslo djere,lorenzo musetti,0.3292953372001648,0
2022-2809_19.0,hard,2022,R16,corentin moutet,miomir kecmanovic,0.4012642502784729,0
2022-2809_2.0,hard,2022,R32,pedro martinez,taro daniel,0.369462251663208,0
2022-2809_20.0,hard,2022,R16,fabio fognini,pablo carreno busta,0.248169407248497,0
2022-2809_21.0,hard,2022,QF,matteo berrettini,taro daniel,0.8119603395462036,1
2022-2809_22.0,hard,2022,QF,mackenzie mcdonald,zhizhen zhang,0.6393642425537109,1
2022-2809_23.0,hard,2022,QF,daniel elahi galan,lorenzo musetti,0.3535390794277191,0
2022-2809_24.0,hard,2022,QF,miomir kecmanovic,pablo carreno busta,0.3697417974472046,1
2022-2809_25.0,hard,2022,SF,mackenzie mcdonald,matteo berrettini,0.26151522994041443,0
2022-2809_26.0,hard,2022,SF,lorenzo musetti,miomir kecmanovic,0.6639959216117859,1
2022-2809_27.0,hard,2022,F,lorenzo musetti,matteo berrettini,0.2860053777694702,1
2022-2809_3.0,hard,2022,R32,adrian mannarino,pedro cachin,0.5017758011817932,0
2022-2809_4.0,hard,2022,R32,francesco passaro,mackenzie mcdonald,0.1940603405237198,0
2022-2809_5.0,hard,2022,R32,marton fucsovics,zhizhen zhang,0.4147736728191376,0
2022-2809_6.0,hard,2022,R32,lorenzo sonego,sebastian baez,0.508433997631073,0
2022-2809_7.0,hard,2022,R32,albert ramos-vinolas,nuno borges,0.4354601204395294,0
2022-2809_8.0,hard,2022,R32,bernabe zapata miralles,daniel elahi galan,0.2784629166126251,0
2022-2809_9.0,hard,2022,R32,borna gojo,laslo djere,0.3228212893009186,0
2022-328_1.0,hard,2022,R32,casper ruud,stan wawrinka,0.6594025492668152,0
2022-328_10.0,hard,2022,R32,alexander bublik,aslan karatsev,0.5519747138023376,1
2022-328_11.0,hard,2022,R32,alejandro davidovich fokina,miomir kecmanovic,0.24204584956169128,0
2022-328_12.0,hard,2022,R32,felix auger-aliassime,marc-andrea huesler,0.8177328109741211,1
2022-328_13.0,hard,2022,R32,pablo carreno busta,sebastian baez,0.765373170375824,1
2022-328_14.0,hard,2022,R32,dominic stricker,maxime cressy,0.39999639987945557,1
2022-328_15.0,hard,2022,R32,adrian mannarino,botic van de zandschulp,0.29244348406791687,0
2022-328_16.0,hard,2022,R32,carlos alcaraz,jack draper,0.7008103728294373,1
2022-328_17.0,hard,2022,R16,brandon nakashima,stan wawrinka,0.39410266280174255,0
2022-328_18.0,hard,2022,R16,andy murray,roberto bautista agut,0.4493251442909241,0
2022-328_19.0,hard,2022,R16,alex molcan,arthur rinderknech,0.43111053109169006,0
2022-328_2.0,hard,2022,R32,brandon nakashima,david goffin,0.7600210309028625,1
2022-328_20.0,hard,2022,R16,holger rune,ugo humbert,0.741788923740387,1
2022-328_21.0,hard,2022,R16,albert ramos-vinolas,alexander bublik,0.3356334865093231,0
2022-328_22.0,hard,2022,R16,felix auger-aliassime,miomir kecmanovic,0.7159223556518555,1
2022-328_23.0,hard,2022,R16,dominic stricker,pablo carreno busta,0.24795329570770264,0
2022-328_24.0,hard,2022,R16,botic van de zandschulp,carlos alcaraz,0.21235571801662445,0
2022-328_25.0,hard,2022,QF,roberto bautista agut,stan wawrinka,0.7797719836235046,1
2022-328_26.0,hard,2022,QF,arthur rinderknech,holger rune,0.3766697645187378,0
2022-328_27.0,hard,2022,QF,alexander bublik,felix auger-aliassime,0.26282045245170593,0
2022-328_28.0,hard,2022,QF,carlos alcaraz,pablo carreno busta,0.767183780670166,1
2022-328_29.0,hard,2022,SF,holger rune,roberto bautista agut,0.504831075668335,1
2022-328_3.0,hard,2022,R32,andy murray,roman safiullin,0.7690498232841492,1
2022-328_30.0,hard,2022,SF,carlos alcaraz,felix auger-aliassime,0.5347422361373901,0
2022-328_31.0,hard,2022,F,felix auger-aliassime,holger rune,0.6948503255844116,1
2022-328_4.0,hard,2022,R32,laslo djere,roberto bautista agut,0.24871759116649628,0
2022-328_5.0,hard,2022,R32,arthur rinderknech,marin cilic,0.4776763617992401,1
2022-328_6.0,hard,2022,R32,alex molcan,mackenzie mcdonald,0.48388105630874634,1
2022-328_7.0,hard,2022,R32,jenson brooksby,ugo humbert,0.787103533744812,0
2022-328_8.0,hard,2022,R32,alex de minaur,holger rune,0.5641486048698425,0
2022-328_9.0,hard,2022,R32,albert ramos-vinolas,lorenzo musetti,0.32323384284973145,1
2022-329_1.0,hard,2022,R32,borna coric,thanasi kokkinakis,0.706671953201294,1
2022-329_10.0,hard,2022,R32,miomir kecmanovic,yoshihito nishioka,0.452924907207489,1
2022-329_11.0,hard,2022,R32,bernabe zapata miralles,taro daniel,0.4808390736579895,1
2022-329_12.0,hard,2022,R32,frances tiafoe,yasutaka uchiyama,0.9106180667877197,1
2022-329_13.0,hard,2022,R32,alex de minaur,soonwoo kwon,0.7199272513389587,0
2022-329_14.0,hard,2022,R32,kaichi uchida,mackenzie mcdonald,0.36327460408210754,0
2022-329_15.0,hard,2022,R32,alexei popyrin,pedro martinez,0.3009074628353119,0
2022-329_16.0,hard,2022,R32,casper ruud,jaume munar,0.8488556146621704,0
2022-329_17.0,hard,2022,R16,borna coric,brandon nakashima,0.6430005431175232,1
2022-329_18.0,hard,2022,R16,denis shapovalov,rio noguchi,0.7678607106208801,1
2022-329_19.0,hard,2022,R16,hiroki moriya,taylor fritz,0.08101985603570938,0
2022-329_2.0,hard,2022,R32,brandon nakashima,shintaro mochizuki,0.8126612305641174,1
2022-329_20.0,hard,2022,R16,kamil majchrzak,nick kyrgios,0.15275195240974426,0
2022-329_21.0,hard,2022,R16,daniel evans,miomir kecmanovic,0.5368170142173767,0
2022-329_22.0,hard,2022,R16,bernabe zapata miralles,frances tiafoe,0.1774919629096985,0
2022-329_23.0,hard,2022,R16,mackenzie mcdonald,soonwoo kwon,0.49338436126708984,0
2022-329_24.0,hard,2022,R16,jaume munar,pedro martinez,0.525620698928833,0
2022-329_25.0,hard,2022,QF,borna coric,denis shapovalov,0.5686825513839722,0
2022-329_26.0,hard,2022,QF,nick kyrgios,taylor fritz,0.5123091340065002,0
2022-329_27.0,hard,2022,QF,frances tiafoe,miomir kecmanovic,0.6482791304588318,1
2022-329_28.0,hard,2022,QF,pedro martinez,soonwoo kwon,0.45873478055000305,0
2022-329_29.0,hard,2022,SF,denis shapovalov,taylor fritz,0.3637251555919647,0
2022-329_3.0,hard,2022,R32,ramkumar ramanathan,rio noguchi,0.26477885246276855,0
2022-329_30.0,hard,2022,SF,frances tiafoe,soonwoo kwon,0.7429086565971375,1
2022-329_31.0,hard,2022,F,frances tiafoe,taylor fritz,0.43070098757743835,0
2022-329_4.0,hard,2022,R32,denis shapovalov,steve johnson,0.8019510507583618,1
2022-329_5.0,hard,2022,R32,james duckworth,taylor fritz,0.1592508852481842,0
2022-329_6.0,hard,2022,R32,hiroki moriya,yuta shimizu,0.6432104110717773,1
2022-329_7.0,hard,2022,R32,kamil majchrzak,sho shimabukuro,0.783021867275238,1
2022-329_8.0,hard,2022,R32,chun-hsin tseng,nick kyrgios,0.21679383516311646,0
2022-329_9.0,hard,2022,R32,daniel evans,radu albot,0.6977016925811768,1
2022-337_1.0,hard,2022,R32,dennis novak,stefanos tsitsipas,0.06813125312328339,0
2022-337_10.0,hard,2022,R32,marcos giron,tallon griekspoor,0.7726547122001648,1
2022-337_11.0,hard,2022,R32,grigor dimitrov,thiago monteiro,0.6904933452606201,1
2022-337_12.0,hard,2022,R32,andrey rublev,diego schwartzman,0.6500060558319092,1
2022-337_13.0,hard,2022,R32,cristian garin,jannik sinner,0.3712426722049713,0
2022-337_14.0,hard,2022,R32,filip misolic,francisco cerundolo,0.2801719903945923,0
2022-337_15.0,hard,2022,R32,dominic thiem,tommy paul,0.4777415990829468,1
2022-337_16.0,hard,2022,R32,daniil medvedev,nikoloz basilashvili,0.8931602835655212,1
2022-337_17.0,hard,2022,R16,borna coric,stefanos tsitsipas,0.2970375716686249,1
2022-337_18.0,hard,2022,R16,emil ruusuvuori,hubert hurkacz,0.2899165749549866,0
2022-337_19.0,hard,2022,R16,denis shapovalov,taylor fritz,0.33154433965682983,1
2022-337_2.0,hard,2022,R32,borna coric,quentin halys,0.8981640338897705,1
2022-337_20.0,hard,2022,R16,daniel evans,karen khachanov,0.42408305406570435,1
2022-337_21.0,hard,2022,R16,cameron norrie,marcos giron,0.7054823637008667,0
2022-337_22.0,hard,2022,R16,andrey rublev,grigor dimitrov,0.7671110033988953,0
2022-337_23.0,hard,2022,R16,francisco cerundolo,jannik sinner,0.2425789088010788,0
2022-337_24.0,hard,2022,R16,daniil medvedev,dominic thiem,0.7328551411628723,1
2022-337_25.0,hard,2022,QF,borna coric,hubert hurkacz,0.41112908720970154,1
2022-337_26.0,hard,2022,QF,daniel evans,denis shapovalov,0.4417378604412079,0
2022-337_27.0,hard,2022,QF,grigor dimitrov,marcos giron,0.5760378837585449,1
2022-337_28.0,hard,2022,QF,daniil medvedev,jannik sinner,0.6837019324302673,1
2022-337_29.0,hard,2022,SF,borna coric,denis shapovalov,0.534052848815918,0
2022-337_3.0,hard,2022,R32,emil ruusuvuori,lorenzo sonego,0.6283136606216431,1
2022-337_30.0,hard,2022,SF,daniil medvedev,grigor dimitrov,0.8045662045478821,1
2022-337_31.0,hard,2022,F,daniil medvedev,denis shapovalov,0.7481959462165833,1
2022-337_4.0,hard,2022,R32,frances tiafoe,hubert hurkacz,0.4708660840988159,0
2022-337_5.0,hard,2022,R32,taylor fritz,yoshihito nishioka,0.5085429549217224,1
2022-337_6.0,hard,2022,R32,denis shapovalov,jurij rodionov,0.8400379419326782,1
2022-337_7.0,hard,2022,R32,j.j. wolf,karen khachanov,0.24350492656230927,0
2022-337_8.0,hard,2022,R32,daniel evans,oscar otte,0.8156694173812866,1
2022-337_9.0,hard,2022,R32,cameron norrie,pedro cachin,0.8328414559364319,1
2022-341_1.0,hard,2022,R32,dominic thiem,richard gasquet,0.41447699069976807,1
2022-341_10.0,hard,2022,R32,adrian mannarino,mikael ymer,0.4466536045074463,0
2022-341_11.0,hard,2022,R32,gregoire barrere,oscar otte,0.29986119270324707,1
2022-341_12.0,hard,2022,R32,joao sousa,stan wawrinka,0.4278435707092285,0
2022-341_13.0,hard,2022,R16,dominic thiem,hubert hurkacz,0.5937042832374573,0
2022-341_14.0,hard,2022,R16,arthur rinderknech,nikoloz basilashvili,0.3095775544643402,1
2022-341_15.0,hard,2022,R16,lorenzo musetti,sebastian korda,0.3513554334640503,0
2022-341_16.0,hard,2022,R16,gilles simon,lorenzo sonego,0.459438294172287,0
2022-341_17.0,hard,2022,R16,alexander bublik,emil ruusuvuori,0.5164278149604797,1
2022-341_18.0,hard,2022,R16,benjamin bonzi,holger rune,0.6715834736824036,0
2022-341_19.0,hard,2022,R16,gregoire barrere,mikael ymer,0.2710217535495758,0
2022-341_2.0,hard,2022,R32,arthur rinderknech,jaume munar,0.7600630521774292,1
2022-341_20.0,hard,2022,R16,daniil medvedev,stan wawrinka,0.742766797542572,0
2022-341_21.0,hard,2022,QF,arthur rinderknech,hubert hurkacz,0.1943322867155075,0
2022-341_22.0,hard,2022,QF,lorenzo sonego,sebastian korda,0.28325900435447693,1
2022-341_23.0,hard,2022,QF,alexander bublik,holger rune,0.5886393189430237,1
2022-341_24.0,hard,2022,QF,mikael ymer,stan wawrinka,0.5768253803253174,0
2022-341_25.0,hard,2022,SF,hubert hurkacz,lorenzo sonego,0.8223187923431396,0
2022-341_26.0,hard,2022,SF,alexander bublik,stan wawrinka,0.6583490967750549,1
2022-341_27.0,hard,2022,F,alexander bublik,lorenzo sonego,0.6723397374153137,0
2022-341_3.0,hard,2022,R32,nikoloz basilashvili,zizou bergs,0.4296990931034088,1
2022-341_4.0,hard,2022,R32,hugo gaston,sebastian korda,0.22207489609718323,0
2022-341_5.0,hard,2022,R32,david goffin,gilles simon,0.6633128523826599,0
2022-341_6.0,hard,2022,R32,aslan karatsev,lorenzo sonego,0.5978177785873413,0
2022-341_7.0,hard,2022,R32,alexander bublik,evan furness,0.817710816860199,1
2022-341_8.0,hard,2022,R32,emil ruusuvuori,jiri lehecka,0.6715788245201111,1
2022-341_9.0,hard,2022,R32,benjamin bonzi,ugo humbert,0.6854084730148315,1
2022-352_1.0,hard,2022,R64,roberto bautista agut,tommy paul,0.4333193004131317,0
2022-352_10.0,hard,2022,R64,jannik sinner,marc-andrea huesler,0.7835149168968201,0
2022-352_11.0,hard,2022,R64,karen khachanov,sebastian baez,0.786657452583313,1
2022-352_12.0,hard,2022,R64,diego schwartzman,maxime cressy,0.5728332996368408,0
2022-352_13.0,hard,2022,R64,alexander bublik,mikael ymer,0.6980660557746887,0
2022-352_14.0,hard,2022,R64,andy murray,gilles simon,0.7770342230796814,0
2022-352_15.0,hard,2022,R64,alejandro davidovich fokina,taylor fritz,0.2045828253030777,0
2022-352_16.0,hard,2022,R64,frances tiafoe,lorenzo sonego,0.7494747042655945,1
2022-352_17.0,hard,2022,R64,arthur rinderknech,jack draper,0.5218216180801392,0
2022-352_18.0,hard,2022,R64,alex de minaur,sebastian korda,0.6562235951423645,1
2022-352_19.0,hard,2022,R64,john isner,oscar otte,0.4165824055671692,1
2022-352_2.0,hard,2022,R64,denis shapovalov,francisco cerundolo,0.8081223964691162,1
2022-352_20.0,hard,2022,R64,holger rune,stan wawrinka,0.7048722505569458,1
2022-352_21.0,hard,2022,R64,adrian mannarino,hubert hurkacz,0.26456981897354126,0
2022-352_22.0,hard,2022,R64,arthur fils,fabio fognini,0.4206640422344208,0
2022-352_23.0,hard,2022,R64,botic van de zandschulp,grigor dimitrov,0.5216158628463745,0
2022-352_24.0,hard,2022,R64,aslan karatsev,yoshihito nishioka,0.26692119240760803,0
2022-352_25.0,hard,2022,R32,rafael nadal,tommy paul,0.6808440685272217,0
2022-352_26.0,hard,2022,R32,denis shapovalov,pablo carreno busta,0.3540992736816406,0
2022-352_27.0,hard,2022,R32,cameron norrie,corentin moutet,0.7003796696662903,0
2022-352_28.0,hard,2022,R32,daniel evans,stefanos tsitsipas,0.2639178931713104,0
2022-352_29.0,hard,2022,R32,casper ruud,richard gasquet,0.5822381973266602,1
2022-352_3.0,hard,2022,R64,albert ramos-vinolas,pablo carreno busta,0.24509912729263306,0
2022-352_30.0,hard,2022,R32,lorenzo musetti,nikoloz basilashvili,0.7081117033958435,1
2022-352_31.0,hard,2022,R32,karen khachanov,marc-andrea huesler,0.7128493189811707,1
2022-352_32.0,hard,2022,R32,maxime cressy,novak djokovic,0.15690694749355316,0
2022-352_33.0,hard,2022,R32,felix auger-aliassime,mikael ymer,0.6883551478385925,1
2022-352_34.0,hard,2022,R32,gilles simon,taylor fritz,0.18205232918262482,1
2022-352_35.0,hard,2022,R32,frances tiafoe,jack draper,0.6747621297836304,1
2022-352_36.0,hard,2022,R32,alex de minaur,daniil medvedev,0.2721029222011566,1
2022-352_37.0,hard,2022,R32,andrey rublev,john isner,0.5910195708274841,1
2022-352_38.0,hard,2022,R32,holger rune,hubert hurkacz,0.4473132789134979,1
2022-352_39.0,hard,2022,R32,fabio fognini,grigor dimitrov,0.3242584764957428,0
2022-352_4.0,hard,2022,R64,cameron norrie,miomir kecmanovic,0.5918707251548767,1
2022-352_40.0,hard,2022,R32,carlos alcaraz,yoshihito nishioka,0.7244162559509277,1
2022-352_41.0,hard,2022,R16,pablo carreno busta,tommy paul,0.5627131462097168,0
2022-352_42.0,hard,2022,R16,corentin moutet,stefanos tsitsipas,0.21662043035030365,0
2022-352_43.0,hard,2022,R16,casper ruud,lorenzo musetti,0.690046489238739,0
2022-352_44.0,hard,2022,R16,karen khachanov,novak djokovic,0.14348359405994415,0
2022-352_45.0,hard,2022,R16,felix auger-aliassime,gilles simon,0.8473936319351196,1
2022-352_46.0,hard,2022,R16,alex de minaur,frances tiafoe,0.5125892162322998,0
2022-352_47.0,hard,2022,R16,andrey rublev,holger rune,0.5197611451148987,0
2022-352_48.0,hard,2022,R16,carlos alcaraz,grigor dimitrov,0.7674185633659363,1
2022-352_49.0,hard,2022,QF,stefanos tsitsipas,tommy paul,0.6953038573265076,1
2022-352_5.0,hard,2022,R64,borna coric,corentin moutet,0.8163802027702332,0
2022-352_50.0,hard,2022,QF,lorenzo musetti,novak djokovic,0.09967587143182755,0
2022-352_51.0,hard,2022,QF,felix auger-aliassime,frances tiafoe,0.6846975684165955,1
2022-352_52.0,hard,2022,QF,carlos alcaraz,holger rune,0.693973183631897,0
2022-352_53.0,hard,2022,SF,novak djokovic,stefanos tsitsipas,0.7379293441772461,1
2022-352_54.0,hard,2022,SF,felix auger-aliassime,holger rune,0.6836169958114624,0
2022-352_55.0,hard,2022,F,holger rune,novak djokovic,0.18455161154270172,1
2022-352_6.0,hard,2022,R64,brandon nakashima,daniel evans,0.3395840525627136,0
2022-352_7.0,hard,2022,R64,alex molcan,richard gasquet,0.5855780839920044,0
2022-352_8.0,hard,2022,R64,nikoloz basilashvili,quentin halys,0.64870285987854,1
2022-352_9.0,hard,2022,R64,lorenzo musetti,marin cilic,0.377615362405777,1
2022-375_1.0,hard,2022,R32,gilles simon,lucas pouille,0.3263969123363495,1
2022-375_10.0,hard,2022,R32,benjamin bonzi,david goffin,0.3481091260910034,0
2022-375_11.0,hard,2022,R32,adrian mannarino,alejandro davidovich fokina,0.5022342801094055,1
2022-375_12.0,hard,2022,R32,ilya ivashka,mackenzie mcdonald,0.37971925735473633,0
2022-375_13.0,hard,2022,R16,gilles simon,roberto bautista agut,0.415955126285553,0
2022-375_14.0,hard,2022,R16,alexander bublik,pierre-hugues herbert,0.6599593758583069,1
2022-375_15.0,hard,2022,R16,damir dzumhur,nikoloz basilashvili,0.26412075757980347,1
2022-375_16.0,hard,2022,R16,filip krajinovic,jo-wilfried tsonga,0.6690576672554016,1
2022-375_17.0,hard,2022,R16,richard gasquet,soonwoo kwon,0.4728332459926605,1
2022-375_18.0,hard,2022,R16,gael monfils,mikael ymer,0.5629653930664062,0
2022-375_19.0,hard,2022,R16,adrian mannarino,david goffin,0.4911712110042572,1
2022-375_2.0,hard,2022,R32,peter gojowczyk,pierre-hugues herbert,0.3238499164581299,0
2022-375_20.0,hard,2022,R16,alexander zverev,mackenzie mcdonald,0.8824486136436462,1
2022-375_21.0,hard,2022,QF,alexander bublik,roberto bautista agut,0.34097036719322205,1
2022-375_22.0,hard,2022,QF,damir dzumhur,filip krajinovic,0.3219367563724518,0
2022-375_23.0,hard,2022,QF,mikael ymer,richard gasquet,0.49870145320892334,1
2022-375_24.0,hard,2022,QF,adrian mannarino,alexander zverev,0.12356152385473251,0
2022-375_25.0,hard,2022,SF,alexander bublik,filip krajinovic,0.5771423578262329,1
2022-375_26.0,hard,2022,SF,alexander zverev,mikael ymer,0.888944149017334,1
2022-375_27.0,hard,2022,F,alexander bublik,alexander zverev,0.10190718621015549,1
2022-375_3.0,hard,2022,R32,alexander bublik,tallon griekspoor,0.7515235543251038,1
2022-375_4.0,hard,2022,R32,alex molcan,damir dzumhur,0.3418930768966675,0
2022-375_5.0,hard,2022,R32,jo-wilfried tsonga,kacper zuk,0.42913347482681274,1
2022-375_6.0,hard,2022,R32,alexei popyrin,filip krajinovic,0.42577293515205383,0
2022-375_7.0,hard,2022,R32,richard gasquet,ugo humbert,0.39240777492523193,1
2022-375_8.0,hard,2022,R32,hugo gaston,soonwoo kwon,0.3828853964805603,0
2022-375_9.0,hard,2022,R32,corentin moutet,mikael ymer,0.5294255614280701,0
2022-403_1.0,hard,2022,R128,borna coric,fernando verdasco,0.7946617007255554,1
2022-403_10.0,hard,2022,R128,brandon nakashima,soonwoo kwon,0.4858340919017792,1
2022-403_11.0,hard,2022,R128,mitchell krueger,oscar otte,0.25510862469673157,0
2022-403_12.0,hard,2022,R128,francisco cerundolo,tallon griekspoor,0.2984078526496887,1
2022-403_13.0,hard,2022,R128,emil ruusuvuori,maxime cressy,0.5716450214385986,1
2022-403_14.0,hard,2022,R128,david goffin,roberto carballes baena,0.7540780901908875,1
2022-403_15.0,hard,2022,R128,jaume munar,taro daniel,0.5280581712722778,0
2022-403_16.0,hard,2022,R128,adrian mannarino,nick kyrgios,0.1872255653142929,0
2022-403_17.0,hard,2022,R128,jack sock,miomir kecmanovic,0.45523950457572937,0
2022-403_18.0,hard,2022,R128,alejandro davidovich fokina,sebastian korda,0.38827791810035706,0
2022-403_19.0,hard,2022,R128,benjamin bonzi,tommy paul,0.27876242995262146,0
2022-403_2.0,hard,2022,R128,dominik koepfer,mackenzie mcdonald,0.44724705815315247,0
2022-403_20.0,hard,2022,R128,botic van de zandschulp,mikhail kukushkin,0.7485213875770569,0
2022-403_21.0,hard,2022,R128,marcos giron,marton fucsovics,0.5553247928619385,0
2022-403_22.0,hard,2022,R128,alexei popyrin,lorenzo musetti,0.4144950807094574,1
2022-403_23.0,hard,2022,R128,jo-wilfried tsonga,jordan thompson,0.3575974106788635,0
2022-403_24.0,hard,2022,R128,daniel altmaier,j.j. wolf,0.4998817443847656,0
2022-403_25.0,hard,2022,R128,arthur rinderknech,laslo djere,0.6508170366287231,1
2022-403_26.0,hard,2022,R128,aljaz bedene,ugo humbert,0.4616861045360565,0
2022-403_27.0,hard,2022,R128,emilio gomez,yoshihito nishioka,0.6767174005508423,0
2022-403_28.0,hard,2022,R128,facundo bagnis,lloyd harris,0.2548567056655884,0
2022-403_29.0,hard,2022,R128,kamil majchrzak,sebastian baez,0.48807379603385925,1
2022-403_3.0,hard,2022,R128,denis kudla,juncheng shang,0.5215806365013123,1
2022-403_30.0,hard,2022,R128,federico coria,jenson brooksby,0.241887167096138,0
2022-403_31.0,hard,2022,R128,jan-lennard struff,pedro martinez,0.4332459270954132,0
2022-403_32.0,hard,2022,R128,andy murray,federico delbonis,0.7576425075531006,1
2022-403_33.0,hard,2022,R64,alexander zverev,borna coric,0.7039722204208374,1
2022-403_34.0,hard,2022,R64,grigor dimitrov,mackenzie mcdonald,0.3981124758720398,0
2022-403_35.0,hard,2022,R64,denis kudla,lorenzo sonego,0.6436156034469604,1
2022-403_36.0,hard,2022,R64,diego schwartzman,thanasi kokkinakis,0.5017008781433105,0
2022-403_37.0,hard,2022,R64,cameron norrie,jack draper,0.7180086970329285,1
2022-403_38.0,hard,2022,R64,hugo gaston,john isner,0.4937005043029785,1
2022-403_39.0,hard,2022,R64,alexander bublik,daniel elahi galan,0.4858333170413971,1
2022-403_4.0,hard,2022,R128,richard gasquet,thanasi kokkinakis,0.5168818831443787,0
2022-403_40.0,hard,2022,R64,casper ruud,henri laaksonen,0.6876654624938965,1
2022-403_41.0,hard,2022,R64,juan manuel cerundolo,kevin anderson,0.5988375544548035,1
2022-403_42.0,hard,2022,R64,brandon nakashima,frances tiafoe,0.5692577362060547,0
2022-403_43.0,hard,2022,R64,gael monfils,oscar otte,0.5816459655761719,1
2022-403_44.0,hard,2022,R64,francisco cerundolo,reilly opelka,0.39689090847969055,1
2022-403_45.0,hard,2022,R64,emil ruusuvuori,jannik sinner,0.3913847506046295,0
2022-403_46.0,hard,2022,R64,david goffin,pablo carreno busta,0.30023083090782166,0
2022-403_47.0,hard,2022,R64,fabio fognini,taro daniel,0.4359634816646576,1
2022-403_48.0,hard,2022,R64,andrey rublev,nick kyrgios,0.7528379559516907,0
2022-403_49.0,hard,2022,R64,felix auger-aliassime,miomir kecmanovic,0.549264669418335,0
2022-403_5.0,hard,2022,R128,gilles simon,jack draper,0.7140598297119141,0
2022-403_50.0,hard,2022,R64,albert ramos-vinolas,sebastian korda,0.2090727835893631,0
2022-403_51.0,hard,2022,R64,karen khachanov,tommy paul,0.31261196732521057,0
2022-403_52.0,hard,2022,R64,mikhail kukushkin,taylor fritz,0.23006850481033325,0
2022-403_53.0,hard,2022,R64,carlos alcaraz,marton fucsovics,0.558451235294342,1
2022-403_54.0,hard,2022,R64,alexei popyrin,marin cilic,0.5310746431350708,0
2022-403_55.0,hard,2022,R64,alex de minaur,jordan thompson,0.5253426432609558,1
2022-403_56.0,hard,2022,R64,j.j. wolf,stefanos tsitsipas,0.23640872538089752,0
2022-403_57.0,hard,2022,R64,arthur rinderknech,hubert hurkacz,0.4981217384338379,0
2022-403_58.0,hard,2022,R64,aslan karatsev,ugo humbert,0.35828137397766113,1
2022-403_59.0,hard,2022,R64,daniel evans,yoshihito nishioka,0.5295422673225403,0
2022-403_6.0,hard,2022,R128,emilio nava,hugo gaston,0.268481969833374,0
2022-403_60.0,hard,2022,R64,denis shapovalov,lloyd harris,0.4474318027496338,0
2022-403_61.0,hard,2022,R64,kamil majchrzak,roberto bautista agut,0.4339679479598999,0
2022-403_62.0,hard,2022,R64,jenson brooksby,nikoloz basilashvili,0.7536662220954895,1
2022-403_63.0,hard,2022,R64,cristian garin,pedro martinez,0.2774653732776642,0
2022-403_64.0,hard,2022,R64,andy murray,daniil medvedev,0.25568392872810364,0
2022-403_65.0,hard,2022,R32,alexander zverev,mackenzie mcdonald,0.8304802775382996,1
2022-403_66.0,hard,2022,R32,denis kudla,thanasi kokkinakis,0.35921648144721985,0
2022-403_67.0,hard,2022,R32,cameron norrie,hugo gaston,0.8226940631866455,1
2022-403_68.0,hard,2022,R32,alexander bublik,casper ruud,0.31551799178123474,0
2022-403_69.0,hard,2022,R32,frances tiafoe,juan manuel cerundolo,0.7757986783981323,1
2022-403_7.0,hard,2022,R128,daniel elahi galan,john millman,0.23306871950626373,1
2022-403_70.0,hard,2022,R32,francisco cerundolo,gael monfils,0.19209221005439758,1
2022-403_71.0,hard,2022,R32,jannik sinner,pablo carreno busta,0.6869473457336426,1
2022-403_72.0,hard,2022,R32,fabio fognini,nick kyrgios,0.31394442915916443,0
2022-403_73.0,hard,2022,R32,miomir kecmanovic,sebastian korda,0.4477110505104065,1
2022-403_74.0,hard,2022,R32,taylor fritz,tommy paul,0.6836104393005371,1
2022-403_75.0,hard,2022,R32,carlos alcaraz,marin cilic,0.6811272501945496,1
2022-403_76.0,hard,2022,R32,alex de minaur,stefanos tsitsipas,0.2982034981250763,0
2022-403_77.0,hard,2022,R32,aslan karatsev,hubert hurkacz,0.26754119992256165,0
2022-403_78.0,hard,2022,R32,lloyd harris,yoshihito nishioka,0.6308292746543884,1
2022-403_79.0,hard,2022,R32,jenson brooksby,roberto bautista agut,0.44024720788002014,1
2022-403_8.0,hard,2022,R128,benoit paire,henri laaksonen,0.4769032597541809,0
2022-403_80.0,hard,2022,R32,daniil medvedev,pedro martinez,0.8912963271141052,1
2022-403_81.0,hard,2022,R16,alexander zverev,thanasi kokkinakis,0.8439897298812866,1
2022-403_82.0,hard,2022,R16,cameron norrie,casper ruud,0.5447568297386169,0
2022-403_83.0,hard,2022,R16,frances tiafoe,francisco cerundolo,0.7400803565979004,0
2022-403_84.0,hard,2022,R16,jannik sinner,nick kyrgios,0.5922271609306335,1
2022-403_85.0,hard,2022,R16,miomir kecmanovic,taylor fritz,0.24503877758979797,1
2022-403_86.0,hard,2022,R16,carlos alcaraz,stefanos tsitsipas,0.40798699855804443,1
2022-403_87.0,hard,2022,R16,hubert hurkacz,lloyd harris,0.7344842553138733,1
2022-403_88.0,hard,2022,R16,daniil medvedev,jenson brooksby,0.8149679899215698,1
2022-403_89.0,hard,2022,QF,alexander zverev,casper ruud,0.7124203443527222,0
2022-403_9.0,hard,2022,R128,dusan lajovic,juan manuel cerundolo,0.6503328084945679,0
2022-403_90.0,hard,2022,QF,francisco cerundolo,jannik sinner,0.17302469909191132,1
2022-403_91.0,hard,2022,QF,carlos alcaraz,miomir kecmanovic,0.7089454531669617,1
2022-403_92.0,hard,2022,QF,daniil medvedev,hubert hurkacz,0.7965318560600281,0
2022-403_93.0,hard,2022,SF,casper ruud,francisco cerundolo,0.8039663434028625,1
2022-403_94.0,hard,2022,SF,carlos alcaraz,hubert hurkacz,0.5290248990058899,1
2022-403_95.0,hard,2022,F,carlos alcaraz,casper ruud,0.45244720578193665,1
2022-404_1.0,hard,2022,R128,david goffin,jordan thompson,0.7366701364517212,0
2022-404_10.0,hard,2022,R128,jan-lennard struff,john millman,0.6532680988311768,0
2022-404_11.0,hard,2022,R128,aljaz bedene,kamil majchrzak,0.3244391083717346,0
2022-404_12.0,hard,2022,R128,jaume munar,juncheng shang,0.813194990158081,1
2022-404_13.0,hard,2022,R128,botic van de zandschulp,tennys sandgren,0.7976741194725037,1
2022-404_14.0,hard,2022,R128,liam broady,miomir kecmanovic,0.2813169062137604,0
2022-404_15.0,hard,2022,R128,facundo bagnis,henri laaksonen,0.6054661870002747,1
2022-404_16.0,hard,2022,R128,holger rune,ugo humbert,0.5791381597518921,1
2022-404_17.0,hard,2022,R128,christopher eubanks,maxime cressy,0.2379731982946396,1
2022-404_18.0,hard,2022,R128,nick kyrgios,sebastian baez,0.3836338520050049,1
2022-404_19.0,hard,2022,R128,arthur rinderknech,benjamin bonzi,0.6001301407814026,0
2022-404_2.0,hard,2022,R128,andy murray,taro daniel,0.5462729334831238,1
2022-404_20.0,hard,2022,R128,laslo djere,soonwoo kwon,0.18451383709907532,1
2022-404_21.0,hard,2022,R128,alejandro davidovich fokina,borna coric,0.5528994202613831,1
2022-404_22.0,hard,2022,R128,lorenzo musetti,marcos giron,0.5657199025154114,1
2022-404_23.0,hard,2022,R128,federico coria,pablo cuevas,0.6985445618629456,1
2022-404_24.0,hard,2022,R128,sebastian korda,thanasi kokkinakis,0.6143878698348999,1
2022-404_25.0,hard,2022,R128,jack sock,juan manuel cerundolo,0.4852178990840912,1
2022-404_26.0,hard,2022,R128,jenson brooksby,roberto carballes baena,0.8176687359809875,1
2022-404_27.0,hard,2022,R128,fabio fognini,pablo andujar,0.5297746658325195,1
2022-404_28.0,hard,2022,R128,joao sousa,pedro martinez,0.2691097557544708,0
2022-404_29.0,hard,2022,R128,hugo gaston,j.j. wolf,0.39971891045570374,0
2022-404_3.0,hard,2022,R128,sam querrey,tallon griekspoor,0.28486233949661255,1
2022-404_30.0,hard,2022,R128,mackenzie mcdonald,marton fucsovics,0.3264468312263489,1
2022-404_31.0,hard,2022,R128,dusan lajovic,filip krajinovic,0.4481681287288666,0
2022-404_32.0,hard,2022,R128,alexei popyrin,tomas machac,0.3162444531917572,0
2022-404_33.0,hard,2022,R64,grigor dimitrov,jordan thompson,0.4519059360027313,1
2022-404_34.0,hard,2022,R64,alexander bublik,andy murray,0.3867039978504181,1
2022-404_35.0,hard,2022,R64,john isner,sam querrey,0.4896579086780548,1
2022-404_36.0,hard,2022,R64,diego schwartzman,emil ruusuvuori,0.6615137457847595,1
2022-404_37.0,hard,2022,R64,hubert hurkacz,oscar otte,0.6295783519744873,1
2022-404_38.0,hard,2022,R64,aslan karatsev,steve johnson,0.3956610858440399,0
2022-404_39.0,hard,2022,R64,brandon nakashima,frances tiafoe,0.5503597855567932,0
2022-404_4.0,hard,2022,R128,emil ruusuvuori,philipp kohlschreiber,0.7073412537574768,1
2022-404_40.0,hard,2022,R64,andrey rublev,dominik koepfer,0.6892042756080627,1
2022-404_41.0,hard,2022,R64,alexander zverev,tommy paul,0.7328066229820251,0
2022-404_42.0,hard,2022,R64,alex de minaur,john millman,0.6215758919715881,1
2022-404_43.0,hard,2022,R64,kamil majchrzak,taylor fritz,0.2718508243560791,0
2022-404_44.0,hard,2022,R64,jaume munar,pablo carreno busta,0.3860793113708496,1
2022-404_45.0,hard,2022,R64,botic van de zandschulp,felix auger-aliassime,0.3504738509654999,1
2022-404_46.0,hard,2022,R64,marin cilic,miomir kecmanovic,0.4321320056915283,0
2022-404_47.0,hard,2022,R64,facundo bagnis,lloyd harris,0.331124484539032,0
2022-404_48.0,hard,2022,R64,holger rune,matteo berrettini,0.09436652809381485,0
2022-404_49.0,hard,2022,R64,casper ruud,christopher eubanks,0.8733288049697876,1
2022-404_5.0,hard,2022,R128,oscar otte,richard gasquet,0.5941346287727356,1
2022-404_50.0,hard,2022,R64,federico delbonis,nick kyrgios,0.11361639946699142,0
2022-404_51.0,hard,2022,R64,benjamin bonzi,lorenzo sonego,0.5024704337120056,1
2022-404_52.0,hard,2022,R64,jannik sinner,laslo djere,0.8664973378181458,1
2022-404_53.0,hard,2022,R64,alejandro davidovich fokina,denis shapovalov,0.5562794208526611,0
2022-404_54.0,hard,2022,R64,lorenzo musetti,reilly opelka,0.4377032518386841,0
2022-404_55.0,hard,2022,R64,daniel evans,federico coria,0.5579920411109924,1
2022-404_56.0,hard,2022,R64,rafael nadal,sebastian korda,0.7958528995513916,1
2022-404_57.0,hard,2022,R64,jack sock,stefanos tsitsipas,0.3219132423400879,0
2022-404_58.0,hard,2022,R64,jenson brooksby,karen khachanov,0.6438876390457153,1
2022-404_59.0,hard,2022,R64,fabio fognini,nikoloz basilashvili,0.7143024206161499,0
2022-404_6.0,hard,2022,R128,daniel altmaier,steve johnson,0.592035174369812,0
2022-404_60.0,hard,2022,R64,cameron norrie,pedro martinez,0.6039193272590637,1
2022-404_61.0,hard,2022,R64,j.j. wolf,roberto bautista agut,0.21045106649398804,0
2022-404_62.0,hard,2022,R64,carlos alcaraz,mackenzie mcdonald,0.617303729057312,1
2022-404_63.0,hard,2022,R64,filip krajinovic,gael monfils,0.4096662998199463,0
2022-404_64.0,hard,2022,R64,daniil medvedev,tomas machac,0.8949212431907654,1
2022-404_65.0,hard,2022,R32,alexander bublik,grigor dimitrov,0.4878351092338562,0
2022-404_66.0,hard,2022,R32,diego schwartzman,john isner,0.6582253575325012,0
2022-404_67.0,hard,2022,R32,hubert hurkacz,steve johnson,0.7873387336730957,1
2022-404_68.0,hard,2022,R32,andrey rublev,frances tiafoe,0.7019218802452087,1
2022-404_69.0,hard,2022,R32,alex de minaur,tommy paul,0.48373937606811523,1
2022-404_7.0,hard,2022,R128,adrian mannarino,brandon nakashima,0.7481463551521301,0
2022-404_70.0,hard,2022,R32,jaume munar,taylor fritz,0.20757459104061127,0
2022-404_71.0,hard,2022,R32,botic van de zandschulp,miomir kecmanovic,0.5970024466514587,0
2022-404_72.0,hard,2022,R32,lloyd harris,matteo berrettini,0.16796647012233734,0
2022-404_73.0,hard,2022,R32,casper ruud,nick kyrgios,0.734207808971405,0
2022-404_74.0,hard,2022,R32,benjamin bonzi,jannik sinner,0.19031266868114471,0
2022-404_75.0,hard,2022,R32,denis shapovalov,reilly opelka,0.5770426988601685,0
2022-404_76.0,hard,2022,R32,daniel evans,rafael nadal,0.10470284521579742,0
2022-404_77.0,hard,2022,R32,jenson brooksby,stefanos tsitsipas,0.3414331376552582,1
2022-404_78.0,hard,2022,R32,cameron norrie,nikoloz basilashvili,0.7338841557502747,1
2022-404_79.0,hard,2022,R32,carlos alcaraz,roberto bautista agut,0.48928675055503845,1
2022-404_8.0,hard,2022,R128,benoit paire,dominik koepfer,0.6352862119674683,0
2022-404_80.0,hard,2022,R32,daniil medvedev,gael monfils,0.8152040839195251,0
2022-404_81.0,hard,2022,R16,grigor dimitrov,john isner,0.5330145955085754,1
2022-404_82.0,hard,2022,R16,andrey rublev,hubert hurkacz,0.6457303762435913,1
2022-404_83.0,hard,2022,R16,alex de minaur,taylor fritz,0.42356792092323303,0
2022-404_84.0,hard,2022,R16,matteo berrettini,miomir kecmanovic,0.7855352759361267,0
2022-404_85.0,hard,2022,R16,jannik sinner,nick kyrgios,0.7622458934783936,0
2022-404_86.0,hard,2022,R16,rafael nadal,reilly opelka,0.8281960487365723,1
2022-404_87.0,hard,2022,R16,cameron norrie,jenson brooksby,0.6844584345817566,1
2022-404_88.0,hard,2022,R16,carlos alcaraz,gael monfils,0.5198523998260498,1
2022-404_89.0,hard,2022,QF,andrey rublev,grigor dimitrov,0.7548786401748657,1
2022-404_9.0,hard,2022,R128,mikhail kukushkin,tommy paul,0.1795291155576706,0
2022-404_90.0,hard,2022,QF,miomir kecmanovic,taylor fritz,0.2452126443386078,0
2022-404_91.0,hard,2022,QF,nick kyrgios,rafael nadal,0.14183510839939117,0
2022-404_92.0,hard,2022,QF,cameron norrie,carlos alcaraz,0.511848509311676,0
2022-404_93.0,hard,2022,SF,andrey rublev,taylor fritz,0.6646014451980591,0
2022-404_94.0,hard,2022,SF,carlos alcaraz,rafael nadal,0.20085208117961884,0
2022-404_95.0,hard,2022,F,rafael nadal,taylor fritz,0.8246463537216187,0
2022-407_1.0,hard,2022,R32,andrey rublev,henri laaksonen,0.8019564747810364,1
2022-407_10.0,hard,2022,R32,bernabe zapata miralles,botic van de zandschulp,0.4510215222835541,0
2022-407_11.0,hard,2022,R32,lorenzo musetti,mikael ymer,0.31184130907058716,1
2022-407_12.0,hard,2022,R32,hubert hurkacz,jo-wilfried tsonga,0.703712522983551,1
2022-407_13.0,hard,2022,R32,mackenzie mcdonald,nikoloz basilashvili,0.45463308691978455,1
2022-407_14.0,hard,2022,R32,alex de minaur,david goffin,0.4150431752204895,1
2022-407_15.0,hard,2022,R32,ilya ivashka,lloyd harris,0.7239287495613098,1
2022-407_16.0,hard,2022,R32,alejandro davidovich fokina,stefanos tsitsipas,0.2759302258491516,0
2022-407_17.0,hard,2022,R16,andrey rublev,soonwoo kwon,0.7437949180603027,1
2022-407_18.0,hard,2022,R16,marton fucsovics,tallon griekspoor,0.5815714597702026,1
2022-407_19.0,hard,2022,R16,andy murray,felix auger-aliassime,0.2907697260379791,0
2022-407_2.0,hard,2022,R32,hugo gaston,soonwoo kwon,0.34289801120758057,0
2022-407_20.0,hard,2022,R16,cameron norrie,karen khachanov,0.5542063117027283,1
2022-407_21.0,hard,2022,R16,botic van de zandschulp,jiri lehecka,0.7436220049858093,0
2022-407_22.0,hard,2022,R16,hubert hurkacz,lorenzo musetti,0.8137615919113159,0
2022-407_23.0,hard,2022,R16,alex de minaur,mackenzie mcdonald,0.6073909401893616,1
2022-407_24.0,hard,2022,R16,ilya ivashka,stefanos tsitsipas,0.3213208317756653,0
2022-407_25.0,hard,2022,QF,andrey rublev,marton fucsovics,0.7896251678466797,1
2022-407_26.0,hard,2022,QF,cameron norrie,felix auger-aliassime,0.3490253686904907,0
2022-407_27.0,hard,2022,QF,jiri lehecka,lorenzo musetti,0.41177546977996826,1
2022-407_28.0,hard,2022,QF,alex de minaur,stefanos tsitsipas,0.2723200023174286,0
2022-407_29.0,hard,2022,SF,andrey rublev,felix auger-aliassime,0.435312420129776,0
2022-407_3.0,hard,2022,R32,filip krajinovic,marton fucsovics,0.7402285933494568,0
2022-407_30.0,hard,2022,SF,jiri lehecka,stefanos tsitsipas,0.09839378297328949,0
2022-407_31.0,hard,2022,F,felix auger-aliassime,stefanos tsitsipas,0.3769792914390564,1
2022-407_4.0,hard,2022,R32,aslan karatsev,tallon griekspoor,0.7503259181976318,0
2022-407_5.0,hard,2022,R32,egor gerasimov,felix auger-aliassime,0.2584851384162903,0
2022-407_6.0,hard,2022,R32,alexander bublik,andy murray,0.6613438129425049,0
2022-407_7.0,hard,2022,R32,alexei popyrin,karen khachanov,0.4541429579257965,0
2022-407_8.0,hard,2022,R32,cameron norrie,ugo humbert,0.40491703152656555,1
2022-407_9.0,hard,2022,R32,denis shapovalov,jiri lehecka,0.8506782650947571,0
2022-4138_1.0,hard,2022,R32,dominic thiem,laslo djere,0.7676662802696228,1
2022-4138_10.0,hard,2022,R32,tallon griekspoor,vasek pospisil,0.29317501187324524,0
2022-4138_11.0,hard,2022,R32,edan leshem,yshai oliel,0.5877154469490051,1
2022-4138_12.0,hard,2022,R32,pablo andujar,thiago monteiro,0.33107638359069824,1
2022-4138_13.0,hard,2022,R16,dominic thiem,marin cilic,0.44816672801971436,0
2022-4138_14.0,hard,2022,R16,botic van de zandschulp,liam broady,0.7885130047798157,0
2022-4138_15.0,hard,2022,R16,maxime cressy,sebastian korda,0.258600115776062,1
2022-4138_16.0,hard,2022,R16,constant lestienne,emil ruusuvuori,0.3207610845565796,1
2022-4138_17.0,hard,2022,R16,roman safiullin,tomas martin etcheverry,0.6330761313438416,1
2022-4138_18.0,hard,2022,R16,arthur rinderknech,diego schwartzman,0.4298877716064453,1
2022-4138_19.0,hard,2022,R16,edan leshem,vasek pospisil,0.18098288774490356,0
2022-4138_2.0,hard,2022,R32,hamad medjedovic,liam broady,0.29385310411453247,0
2022-4138_20.0,hard,2022,R16,novak djokovic,pablo andujar,0.9381820559501648,1
2022-4138_21.0,hard,2022,QF,liam broady,marin cilic,0.18290090560913086,0
2022-4138_22.0,hard,2022,QF,constant lestienne,maxime cressy,0.3409741222858429,1
2022-4138_23.0,hard,2022,QF,arthur rinderknech,roman safiullin,0.5629937648773193,0
2022-4138_24.0,hard,2022,QF,novak djokovic,vasek pospisil,0.957831084728241,1
2022-4138_25.0,hard,2022,SF,constant lestienne,marin cilic,0.19814366102218628,0
2022-4138_26.0,hard,2022,SF,novak djokovic,roman safiullin,0.896331250667572,1
2022-4138_27.0,hard,2022,F,marin cilic,novak djokovic,0.08065702766180038,0
2022-4138_3.0,hard,2022,R32,botic van de zandschulp,joao sousa,0.6849413514137268,1
2022-4138_4.0,hard,2022,R32,cem ilkel,sebastian korda,0.11447492241859436,0
2022-4138_5.0,hard,2022,R32,emil ruusuvuori,j.j. wolf,0.585849940776825,1
2022-4138_6.0,hard,2022,R32,adrian mannarino,constant lestienne,0.7279502749443054,0
2022-4138_7.0,hard,2022,R32,aslan karatsev,tomas martin etcheverry,0.6918953657150269,0
2022-4138_8.0,hard,2022,R32,hugo grenier,roman safiullin,0.6026992797851562,0
2022-4138_9.0,hard,2022,R32,arthur rinderknech,marius copil,0.7470930814743042,1
2022-4140_1.0,hard,2022,R32,kaichi uchida,seongchan hong,0.7219454050064087,1
2022-4140_10.0,hard,2022,R32,daniel evans,yoshihito nishioka,0.5120428800582886,0
2022-4140_11.0,hard,2022,R32,emilio gomez,taro daniel,0.3249042332172394,0
2022-4140_12.0,hard,2022,R32,nicolas jarry,ryan peniston,0.5512048602104187,1
2022-4140_13.0,hard,2022,R16,cameron norrie,kaichi uchida,0.8117513060569763,1
2022-4140_14.0,hard,2022,R16,jenson brooksby,soonwoo kwon,0.6791143417358398,1
2022-4140_15.0,hard,2022,R16,denis shapovalov,jaume munar,0.47542157769203186,1
2022-4140_16.0,hard,2022,R16,radu albot,steve johnson,0.41588690876960754,1
2022-4140_17.0,hard,2022,R16,aleksandar kovacevic,chun-hsin tseng,0.49236518144607544,1
2022-4140_18.0,hard,2022,R16,mackenzie mcdonald,shintaro mochizuki,0.8256618976593018,1
2022-4140_19.0,hard,2022,R16,taro daniel,yoshihito nishioka,0.5366894006729126,0
2022-4140_2.0,hard,2022,R32,soonwoo kwon,yun seong chung,0.7902505993843079,1
2022-4140_20.0,hard,2022,R16,casper ruud,nicolas jarry,0.8685216307640076,1
2022-4140_21.0,hard,2022,QF,cameron norrie,jenson brooksby,0.7223573923110962,0
2022-4140_22.0,hard,2022,QF,denis shapovalov,radu albot,0.7369858622550964,1
2022-4140_23.0,hard,2022,QF,aleksandar kovacevic,mackenzie mcdonald,0.322553426027298,1
2022-4140_24.0,hard,2022,QF,casper ruud,yoshihito nishioka,0.8033059239387512,0
2022-4140_25.0,hard,2022,SF,denis shapovalov,jenson brooksby,0.5214883089065552,1
2022-4140_26.0,hard,2022,SF,aleksandar kovacevic,yoshihito nishioka,0.2496221959590912,0
2022-4140_27.0,hard,2022,F,denis shapovalov,yoshihito nishioka,0.5326254367828369,0
2022-4140_3.0,hard,2022,R32,jenson brooksby,tung-lin wu,0.8140324354171753,1
2022-4140_4.0,hard,2022,R32,jaume munar,yosuke watanuki,0.6530894041061401,1
2022-4140_5.0,hard,2022,R32,jisung nam,steve johnson,0.029206691309809685,0
2022-4140_6.0,hard,2022,R32,hiroki moriya,radu albot,0.23276042938232422,0
2022-4140_7.0,hard,2022,R32,aleksandar kovacevic,miomir kecmanovic,0.2315896898508072,1
2022-4140_8.0,hard,2022,R32,christopher o'connell,chun-hsin tseng,0.7227081060409546,0
2022-4140_9.0,hard,2022,R32,mackenzie mcdonald,pedro martinez,0.7409929633140564,1
2022-418_1.0,hard,2022,R64,emil ruusuvuori,mackenzie mcdonald,0.3233104944229126,1
2022-418_10.0,hard,2022,R64,jenson brooksby,yoshihito nishioka,0.8285466432571411,0
2022-418_11.0,hard,2022,R64,kyle edmund,yosuke watanuki,0.3558959662914276,1
2022-418_12.0,hard,2022,R64,alexei popyrin,tung-lin wu,0.6507487893104553,1
2022-418_13.0,hard,2022,R64,j.j. wolf,taro daniel,0.7241666316986084,1
2022-418_14.0,hard,2022,R64,benoit paire,peter gojowczyk,0.365457683801651,1
2022-418_15.0,hard,2022,R64,david goffin,jack sock,0.3681699335575104,0
2022-418_16.0,hard,2022,R64,jack draper,stefan kozlov,0.390255331993103,1
2022-418_17.0,hard,2022,R32,emil ruusuvuori,hubert hurkacz,0.5033431649208069,1
2022-418_18.0,hard,2022,R32,aslan karatsev,mikael ymer,0.3445122241973877,0
2022-418_19.0,hard,2022,R32,sebastian baez,sebastian korda,0.20975273847579956,0
2022-418_2.0,hard,2022,R64,andy murray,mikael ymer,0.43820905685424805,0
2022-418_20.0,hard,2022,R32,adrian mannarino,grigor dimitrov,0.5031841993331909,0
2022-418_21.0,hard,2022,R32,denis kudla,reilly opelka,0.4918798506259918,0
2022-418_22.0,hard,2022,R32,nick kyrgios,tommy paul,0.7124436497688293,1
2022-418_23.0,hard,2022,R32,christopher eubanks,frances tiafoe,0.292436808347702,0
2022-418_24.0,hard,2022,R32,borna gojo,botic van de zandschulp,0.520733654499054,0
2022-418_25.0,hard,2022,R32,dominik koepfer,karen khachanov,0.46044567227363586,0
2022-418_26.0,hard,2022,R32,alex de minaur,yoshihito nishioka,0.6588676571846008,0
2022-418_27.0,hard,2022,R32,daniel evans,kyle edmund,0.4377162754535675,1
2022-418_28.0,hard,2022,R32,alexei popyrin,taylor fritz,0.28338176012039185,0
2022-418_29.0,hard,2022,R32,denis shapovalov,j.j. wolf,0.8095386624336243,0
2022-418_3.0,hard,2022,R64,ilya ivashka,sebastian korda,0.5541457533836365,0
2022-418_30.0,hard,2022,R32,benoit paire,holger rune,0.5485661029815674,0
2022-418_31.0,hard,2022,R32,jack sock,maxime cressy,0.63615882396698,0
2022-418_32.0,hard,2022,R32,andrey rublev,jack draper,0.6975848078727722,1
2022-418_33.0,hard,2022,R16,emil ruusuvuori,mikael ymer,0.6039867401123047,0
2022-418_34.0,hard,2022,R16,grigor dimitrov,sebastian korda,0.6028842926025391,0
2022-418_35.0,hard,2022,R16,nick kyrgios,reilly opelka,0.5810115337371826,1
2022-418_36.0,hard,2022,R16,botic van de zandschulp,frances tiafoe,0.49748295545578003,0
2022-418_37.0,hard,2022,R16,karen khachanov,yoshihito nishioka,0.738465428352356,0
2022-418_38.0,hard,2022,R16,daniel evans,taylor fritz,0.2201237827539444,1
2022-418_39.0,hard,2022,R16,holger rune,j.j. wolf,0.5678731203079224,0
2022-418_4.0,hard,2022,R64,adrian mannarino,bradley klahn,0.9072752594947815,1
2022-418_40.0,hard,2022,R16,andrey rublev,maxime cressy,0.7429317831993103,1
2022-418_41.0,hard,2022,QF,mikael ymer,sebastian korda,0.4089593291282654,1
2022-418_42.0,hard,2022,QF,frances tiafoe,nick kyrgios,0.278056800365448,0
2022-418_43.0,hard,2022,QF,daniel evans,yoshihito nishioka,0.5848070383071899,0
2022-418_44.0,hard,2022,QF,andrey rublev,j.j. wolf,0.8308269381523132,1
2022-418_45.0,hard,2022,SF,mikael ymer,nick kyrgios,0.22733569145202637,0
2022-418_46.0,hard,2022,SF,andrey rublev,yoshihito nishioka,0.8132022619247437,0
2022-418_47.0,hard,2022,F,nick kyrgios,yoshihito nishioka,0.7646077275276184,1
2022-418_5.0,hard,2022,R64,denis kudla,michael mmoh,0.6257225275039673,1
2022-418_6.0,hard,2022,R64,marcos giron,nick kyrgios,0.41430196166038513,0
2022-418_7.0,hard,2022,R64,benjamin bonzi,christopher eubanks,0.710081934928894,0
2022-418_8.0,hard,2022,R64,borna gojo,james duckworth,0.2693720757961273,1
2022-418_9.0,hard,2022,R64,dominik koepfer,soonwoo kwon,0.4377550780773163,1
2022-421_1.0,hard,2022,R64,tommy paul,vasek pospisil,0.8025752902030945,1
2022-421_10.0,hard,2022,R64,matteo berrettini,pablo carreno busta,0.40518730878829956,0
2022-421_11.0,hard,2022,R64,fabio fognini,holger rune,0.36027833819389343,0
2022-421_12.0,hard,2022,R64,adrian mannarino,arthur rinderknech,0.6865459680557251,1
2022-421_13.0,hard,2022,R64,benoit paire,yoshihito nishioka,0.17472673952579498,0
2022-421_14.0,hard,2022,R64,botic van de zandschulp,miomir kecmanovic,0.6436007618904114,1
2022-421_15.0,hard,2022,R64,brandon nakashima,cameron norrie,0.17835284769535065,0
2022-421_16.0,hard,2022,R64,marcos giron,roberto bautista agut,0.44744622707366943,0
2022-421_17.0,hard,2022,R64,alexander bublik,jenson brooksby,0.3385714590549469,0
2022-421_18.0,hard,2022,R64,alex molcan,mackenzie mcdonald,0.3537035584449768,1
2022-421_19.0,hard,2022,R64,emil ruusuvuori,stan wawrinka,0.6773784756660461,1
2022-421_2.0,hard,2022,R64,francisco cerundolo,karen khachanov,0.24587015807628632,0
2022-421_20.0,hard,2022,R64,albert ramos-vinolas,david goffin,0.631842851638794,1
2022-421_21.0,hard,2022,R64,alejandro davidovich fokina,diego schwartzman,0.3120764493942261,0
2022-421_22.0,hard,2022,R64,alexis galarneau,grigor dimitrov,0.15095873177051544,0
2022-421_23.0,hard,2022,R64,alex de minaur,denis shapovalov,0.583329439163208,1
2022-421_24.0,hard,2022,R64,nick kyrgios,sebastian baez,0.7950977683067322,1
2022-421_25.0,hard,2022,R32,carlos alcaraz,tommy paul,0.7192225456237793,0
2022-421_26.0,hard,2022,R32,karen khachanov,marin cilic,0.672873854637146,0
2022-421_27.0,hard,2022,R32,frances tiafoe,taylor fritz,0.343037873506546,0
2022-421_28.0,hard,2022,R32,andrey rublev,daniel evans,0.7471449375152588,0
2022-421_29.0,hard,2022,R32,jack draper,stefanos tsitsipas,0.30496007204055786,1
2022-421_3.0,hard,2022,R64,borna coric,marin cilic,0.2987622618675232,0
2022-421_30.0,hard,2022,R32,gael monfils,maxime cressy,0.3784576654434204,1
2022-421_31.0,hard,2022,R32,holger rune,pablo carreno busta,0.19936256110668182,0
2022-421_32.0,hard,2022,R32,adrian mannarino,jannik sinner,0.2466583251953125,0
2022-421_33.0,hard,2022,R32,felix auger-aliassime,yoshihito nishioka,0.6394264698028564,1
2022-421_34.0,hard,2022,R32,botic van de zandschulp,cameron norrie,0.28603771328926086,0
2022-421_35.0,hard,2022,R32,jenson brooksby,roberto bautista agut,0.40297433733940125,0
2022-421_36.0,hard,2022,R32,alex molcan,casper ruud,0.36262384057044983,0
2022-421_37.0,hard,2022,R32,emil ruusuvuori,hubert hurkacz,0.3232916593551636,0
2022-421_38.0,hard,2022,R32,albert ramos-vinolas,diego schwartzman,0.15443414449691772,1
2022-421_39.0,hard,2022,R32,alex de minaur,grigor dimitrov,0.7346483469009399,1
2022-421_4.0,hard,2022,R64,andy murray,taylor fritz,0.23517566919326782,0
2022-421_40.0,hard,2022,R32,daniil medvedev,nick kyrgios,0.6503104567527771,0
2022-421_41.0,hard,2022,R16,marin cilic,tommy paul,0.547658383846283,0
2022-421_42.0,hard,2022,R16,daniel evans,taylor fritz,0.3026193082332611,1
2022-421_43.0,hard,2022,R16,gael monfils,jack draper,0.748247504234314,0
2022-421_44.0,hard,2022,R16,jannik sinner,pablo carreno busta,0.6835339069366455,0
2022-421_45.0,hard,2022,R16,cameron norrie,felix auger-aliassime,0.49834927916526794,0
2022-421_46.0,hard,2022,R16,casper ruud,roberto bautista agut,0.5336228609085083,1
2022-421_47.0,hard,2022,R16,albert ramos-vinolas,hubert hurkacz,0.2088388353586197,0
2022-421_48.0,hard,2022,R16,alex de minaur,nick kyrgios,0.3471773862838745,0
2022-421_49.0,hard,2022,QF,daniel evans,tommy paul,0.4260157644748688,1
2022-421_5.0,hard,2022,R64,benjamin bonzi,frances tiafoe,0.22392646968364716,0
2022-421_50.0,hard,2022,QF,jack draper,pablo carreno busta,0.28216248750686646,0
2022-421_51.0,hard,2022,QF,casper ruud,felix auger-aliassime,0.5623120069503784,1
2022-421_52.0,hard,2022,QF,hubert hurkacz,nick kyrgios,0.37722048163414,1
2022-421_53.0,hard,2022,SF,daniel evans,pablo carreno busta,0.42745861411094666,0
2022-421_54.0,hard,2022,SF,casper ruud,hubert hurkacz,0.6329996585845947,0
2022-421_55.0,hard,2022,F,hubert hurkacz,pablo carreno busta,0.7673166990280151,0
2022-421_6.0,hard,2022,R64,daniel evans,filip krajinovic,0.7122538685798645,1
2022-421_7.0,hard,2022,R64,hugo gaston,jack draper,0.28468334674835205,0
2022-421_8.0,hard,2022,R64,aslan karatsev,maxime cressy,0.3097570240497589,0
2022-421_9.0,hard,2022,R64,gael monfils,pedro martinez,0.802455723285675,1
2022-422_1.0,hard,2022,R64,borna coric,lorenzo musetti,0.7979419827461243,1
2022-422_10.0,hard,2022,R64,cameron norrie,holger rune,0.7720798850059509,1
2022-422_11.0,hard,2022,R64,andy murray,stan wawrinka,0.6215915679931641,1
2022-422_12.0,hard,2022,R64,ben shelton,lorenzo sonego,0.36353862285614014,1
2022-422_13.0,hard,2022,R64,benjamin bonzi,john isner,0.5826414227485657,0
2022-422_14.0,hard,2022,R64,karen khachanov,sebastian korda,0.6924823522567749,0
2022-422_15.0,hard,2022,R64,frances tiafoe,matteo berrettini,0.33099815249443054,1
2022-422_16.0,hard,2022,R64,alex molcan,diego schwartzman,0.3160533607006073,0
2022-422_17.0,hard,2022,R64,aslan karatsev,brandon nakashima,0.41342273354530334,1
2022-422_18.0,hard,2022,R64,daniel evans,filip krajinovic,0.5969173908233643,0
2022-422_19.0,hard,2022,R64,albert ramos-vinolas,fabio fognini,0.43699994683265686,0
2022-422_2.0,hard,2022,R64,david goffin,marcos giron,0.5025366544723511,0
2022-422_20.0,hard,2022,R64,alejandro davidovich fokina,nick kyrgios,0.17481139302253723,0
2022-422_21.0,hard,2022,R64,sebastian baez,taylor fritz,0.20372770726680756,0
2022-422_22.0,hard,2022,R64,denis shapovalov,grigor dimitrov,0.36937379837036133,1
2022-422_23.0,hard,2022,R64,jenson brooksby,tommy paul,0.3010874390602112,0
2022-422_24.0,hard,2022,R64,botic van de zandschulp,maxime cressy,0.5631870031356812,1
2022-422_25.0,hard,2022,R32,borna coric,rafael nadal,0.35307109355926514,1
2022-422_26.0,hard,2022,R32,marcos giron,roberto bautista agut,0.2839021384716034,0
2022-422_27.0,hard,2022,R32,jannik sinner,miomir kecmanovic,0.7489984035491943,1
2022-422_28.0,hard,2022,R32,alex de minaur,felix auger-aliassime,0.4448394179344177,0
2022-422_29.0,hard,2022,R32,carlos alcaraz,mackenzie mcdonald,0.8325175642967224,1
2022-422_3.0,hard,2022,R64,francisco cerundolo,roberto bautista agut,0.33307164907455444,0
2022-422_30.0,hard,2022,R32,emil ruusuvuori,marin cilic,0.38004830479621887,0
2022-422_31.0,hard,2022,R32,andy murray,cameron norrie,0.36045601963996887,0
2022-422_32.0,hard,2022,R32,ben shelton,casper ruud,0.14254863560199738,1
2022-422_33.0,hard,2022,R32,hubert hurkacz,john isner,0.5609116554260254,0
2022-422_34.0,hard,2022,R32,frances tiafoe,sebastian korda,0.5331820249557495,0
2022-422_35.0,hard,2022,R32,aslan karatsev,diego schwartzman,0.36969193816185,0
2022-422_36.0,hard,2022,R32,filip krajinovic,stefanos tsitsipas,0.22721229493618011,0
2022-422_37.0,hard,2022,R32,andrey rublev,fabio fognini,0.7109484076499939,1
2022-422_38.0,hard,2022,R32,nick kyrgios,taylor fritz,0.5289134979248047,0
2022-422_39.0,hard,2022,R32,denis shapovalov,tommy paul,0.5042186379432678,1
2022-422_4.0,hard,2022,R64,jannik sinner,thanasi kokkinakis,0.8432348966598511,1
2022-422_40.0,hard,2022,R32,botic van de zandschulp,daniil medvedev,0.1730271875858307,0
2022-422_41.0,hard,2022,R16,borna coric,roberto bautista agut,0.4198461174964905,1
2022-422_42.0,hard,2022,R16,felix auger-aliassime,jannik sinner,0.3757655620574951,1
2022-422_43.0,hard,2022,R16,carlos alcaraz,marin cilic,0.7096429467201233,1
2022-422_44.0,hard,2022,R16,ben shelton,cameron norrie,0.1439489722251892,0
2022-422_45.0,hard,2022,R16,john isner,sebastian korda,0.4209887385368347,1
2022-422_46.0,hard,2022,R16,diego schwartzman,stefanos tsitsipas,0.27960681915283203,0
2022-422_47.0,hard,2022,R16,andrey rublev,taylor fritz,0.488193154335022,0
2022-422_48.0,hard,2022,R16,daniil medvedev,denis shapovalov,0.8176489472389221,1
2022-422_49.0,hard,2022,QF,borna coric,felix auger-aliassime,0.30094385147094727,1
2022-422_5.0,hard,2022,R64,miomir kecmanovic,pablo carreno busta,0.32846134901046753,1
2022-422_50.0,hard,2022,QF,cameron norrie,carlos alcaraz,0.4972727596759796,1
2022-422_51.0,hard,2022,QF,john isner,stefanos tsitsipas,0.3374643325805664,0
2022-422_52.0,hard,2022,QF,daniil medvedev,taylor fritz,0.6429792642593384,1
2022-422_53.0,hard,2022,SF,borna coric,cameron norrie,0.2563304305076599,1
2022-422_54.0,hard,2022,SF,daniil medvedev,stefanos tsitsipas,0.7066781520843506,0
2022-422_55.0,hard,2022,F,borna coric,stefanos tsitsipas,0.2959100604057312,1
2022-422_6.0,hard,2022,R64,alex de minaur,henri laaksonen,0.8696901202201843,1
2022-422_7.0,hard,2022,R64,mackenzie mcdonald,nikoloz basilashvili,0.7210875153541565,1
2022-422_8.0,hard,2022,R64,emil ruusuvuori,j.j. wolf,0.7681563496589661,1
2022-422_9.0,hard,2022,R64,jaume munar,marin cilic,0.15883618593215942,0
2022-424_1.0,hard,2022,R32,cedrik-marcel stebe,denis kudla,0.3220999836921692,1
2022-424_10.0,hard,2022,R32,marcos giron,tennys sandgren,0.7730216979980469,1
2022-424_11.0,hard,2022,R32,liam broady,peter gojowczyk,0.2939583659172058,1
2022-424_12.0,hard,2022,R32,jack sock,oscar otte,0.33954671025276184,1
2022-424_13.0,hard,2022,R16,cedrik-marcel stebe,reilly opelka,0.22372068464756012,0
2022-424_14.0,hard,2022,R16,adrian mannarino,yoshihito nishioka,0.7095253467559814,1
2022-424_15.0,hard,2022,R16,john isner,kevin anderson,0.3638495206832886,1
2022-424_16.0,hard,2022,R16,jurij rodionov,vasek pospisil,0.41239216923713684,0
2022-424_17.0,hard,2022,R16,brandon nakashima,jordan thompson,0.7908796668052673,0
2022-424_18.0,hard,2022,R16,andreas seppi,jenson brooksby,0.26559194922447205,0
2022-424_19.0,hard,2022,R16,liam broady,marcos giron,0.35916996002197266,0
2022-424_2.0,hard,2022,R32,mitchell krueger,yoshihito nishioka,0.33099332451820374,0
2022-424_20.0,hard,2022,R16,jack sock,taylor fritz,0.48493069410324097,0
2022-424_21.0,hard,2022,QF,adrian mannarino,reilly opelka,0.46650734543800354,0
2022-424_22.0,hard,2022,QF,john isner,vasek pospisil,0.6688656806945801,1
2022-424_23.0,hard,2022,QF,jenson brooksby,jordan thompson,0.5865316390991211,1
2022-424_24.0,hard,2022,QF,marcos giron,taylor fritz,0.24156656861305237,1
2022-424_25.0,hard,2022,SF,john isner,reilly opelka,0.42684614658355713,0
2022-424_26.0,hard,2022,SF,jenson brooksby,marcos giron,0.5257866382598877,1
2022-424_27.0,hard,2022,F,jenson brooksby,reilly opelka,0.3152727782726288,0
2022-424_3.0,hard,2022,R32,adrian mannarino,steve johnson,0.6773219108581543,1
2022-424_4.0,hard,2022,R32,kevin anderson,sam querrey,0.6530290246009827,1
2022-424_5.0,hard,2022,R32,caleb chakravarthi,vasek pospisil,0.07506711781024933,0
2022-424_6.0,hard,2022,R32,jurij rodionov,maxime cressy,0.2152900993824005,1
2022-424_7.0,hard,2022,R32,brandon nakashima,john millman,0.5797997713088989,1
2022-424_8.0,hard,2022,R32,feliciano lopez,jordan thompson,0.2308986634016037,0
2022-424_9.0,hard,2022,R32,andreas seppi,daniel altmaier,0.3032933473587036,1
2022-429_1.0,hard,2022,R32,aslan karatsev,lukas rosol,0.670199990272522,1
2022-429_10.0,hard,2022,R32,leo borg,tommy paul,0.07924411445856094,0
2022-429_11.0,hard,2022,R32,mikael ymer,quentin halys,0.8573635220527649,1
2022-429_12.0,hard,2022,R32,ilya ivashka,maxime cressy,0.46639618277549744,0
2022-429_13.0,hard,2022,R16,aslan karatsev,cameron norrie,0.36072394251823425,0
2022-429_14.0,hard,2022,R16,cristian garin,holger rune,0.22134864330291748,0
2022-429_15.0,hard,2022,R16,antoine bellier,denis shapovalov,0.20821578800678253,0
2022-429_16.0,hard,2022,R16,alex de minaur,j.j. wolf,0.6844330430030823,1
2022-429_17.0,hard,2022,R16,emil ruusuvuori,jiri lehecka,0.8180199861526489,1
2022-429_18.0,hard,2022,R16,elias ymer,frances tiafoe,0.1505640298128128,0
2022-429_19.0,hard,2022,R16,mikael ymer,tommy paul,0.5654174089431763,1
2022-429_2.0,hard,2022,R32,cristian garin,jason kubler,0.7026614546775818,1
2022-429_20.0,hard,2022,R16,maxime cressy,stefanos tsitsipas,0.1323617547750473,0
2022-429_21.0,hard,2022,QF,cameron norrie,holger rune,0.6325817108154297,0
2022-429_22.0,hard,2022,QF,alex de minaur,denis shapovalov,0.5400775671005249,1
2022-429_23.0,hard,2022,QF,emil ruusuvuori,frances tiafoe,0.2783852219581604,1
2022-429_24.0,hard,2022,QF,mikael ymer,stefanos tsitsipas,0.2883653938770294,0
2022-429_25.0,hard,2022,SF,alex de minaur,holger rune,0.6501516699790955,0
2022-429_26.0,hard,2022,SF,emil ruusuvuori,stefanos tsitsipas,0.25122636556625366,0
2022-429_27.0,hard,2022,F,holger rune,stefanos tsitsipas,0.22192077338695526,1
2022-429_3.0,hard,2022,R32,holger rune,thiago monteiro,0.7998351454734802,1
2022-429_4.0,hard,2022,R32,alexander shevchenko,antoine bellier,0.6126452684402466,0
2022-429_5.0,hard,2022,R32,alex molcan,j.j. wolf,0.31540220975875854,0
2022-429_6.0,hard,2022,R32,alex de minaur,benjamin bonzi,0.8306440114974976,1
2022-429_7.0,hard,2022,R32,grigor dimitrov,jiri lehecka,0.4971016049385071,0
2022-429_8.0,hard,2022,R32,emil ruusuvuori,joao sousa,0.7720572352409363,1
2022-429_9.0,hard,2022,R32,elias ymer,oscar otte,0.6511183977127075,1
2022-451_1.0,hard,2022,R32,andy murray,taro daniel,0.8224853277206421,1
2022-451_10.0,hard,2022,R32,alexander bublik,jozef kovalik,0.8460491895675659,1
2022-451_11.0,hard,2022,R32,arthur rinderknech,jiri vesely,0.4347493350505829,1
2022-451_12.0,hard,2022,R32,alex molcan,christopher o'connell,0.7077648043632507,1
2022-451_13.0,hard,2022,R16,andy murray,roberto bautista agut,0.32609644532203674,0
2022-451_14.0,hard,2022,R16,alejandro davidovich fokina,daniel evans,0.2890468239784241,1
2022-451_15.0,hard,2022,R16,botic van de zandschulp,marin cilic,0.5935525298118591,0
2022-451_16.0,hard,2022,R16,emil ruusuvuori,karen khachanov,0.3682287633419037,0
2022-451_17.0,hard,2022,R16,marton fucsovics,soonwoo kwon,0.5232601165771484,1
2022-451_18.0,hard,2022,R16,elias ymer,nikoloz basilashvili,0.3270789384841919,0
2022-451_19.0,hard,2022,R16,alexander bublik,arthur rinderknech,0.6218997836112976,0
2022-451_2.0,hard,2022,R32,alejandro davidovich fokina,malek jaziri,0.7699763774871826,1
2022-451_20.0,hard,2022,R16,alex molcan,denis shapovalov,0.31305384635925293,0
2022-451_21.0,hard,2022,QF,alejandro davidovich fokina,roberto bautista agut,0.3066374957561493,0
2022-451_22.0,hard,2022,QF,karen khachanov,marin cilic,0.5064650774002075,1
2022-451_23.0,hard,2022,QF,marton fucsovics,nikoloz basilashvili,0.49841034412384033,0
2022-451_24.0,hard,2022,QF,arthur rinderknech,denis shapovalov,0.29865050315856934,1
2022-451_25.0,hard,2022,SF,karen khachanov,roberto bautista agut,0.4164423644542694,0
2022-451_26.0,hard,2022,SF,arthur rinderknech,nikoloz basilashvili,0.46999019384384155,0
2022-451_27.0,hard,2022,F,nikoloz basilashvili,roberto bautista agut,0.5380715131759644,0
2022-451_3.0,hard,2022,R32,daniel evans,egor gerasimov,0.5292408466339111,1
2022-451_4.0,hard,2022,R32,botic van de zandschulp,thomas fabbiano,0.8382146954536438,1
2022-451_5.0,hard,2022,R32,david goffin,emil ruusuvuori,0.6223595142364502,0
2022-451_6.0,hard,2022,R32,karen khachanov,mackenzie mcdonald,0.6814362406730652,1
2022-451_7.0,hard,2022,R32,lloyd harris,marton fucsovics,0.5519198179244995,0
2022-451_8.0,hard,2022,R32,christopher eubanks,soonwoo kwon,0.18005399405956268,0
2022-451_9.0,hard,2022,R32,elias ymer,joao sousa,0.3370305299758911,1
2022-495_1.0,hard,2022,R32,andrey rublev,daniel evans,0.6593579053878784,1
2022-495_10.0,hard,2022,R32,david goffin,taro daniel,0.6050207614898682,0
2022-495_11.0,hard,2022,R32,jan-lennard struff,ricardas berankis,0.3657570481300354,0
2022-495_12.0,hard,2022,R32,alexei popyrin,nikoloz basilashvili,0.29807817935943604,1
2022-495_13.0,hard,2022,R32,arthur rinderknech,roberto bautista agut,0.30704790353775024,0
2022-495_14.0,hard,2022,R32,jiri vesely,marin cilic,0.16052131354808807,1
2022-495_15.0,hard,2022,R32,alex de minaur,karen khachanov,0.28883183002471924,0
2022-495_16.0,hard,2022,R32,lorenzo musetti,novak djokovic,0.02567802183330059,0
2022-495_17.0,hard,2022,R16,andrey rublev,soonwoo kwon,0.7928435802459717,1
2022-495_18.0,hard,2022,R16,filip krajinovic,mackenzie mcdonald,0.31328722834587097,0
2022-495_19.0,hard,2022,R16,andy murray,jannik sinner,0.31987521052360535,0
2022-495_2.0,hard,2022,R32,ilya ivashka,soonwoo kwon,0.6137202382087708,0
2022-495_20.0,hard,2022,R16,alex molcan,hubert hurkacz,0.22768738865852356,0
2022-495_21.0,hard,2022,R16,denis shapovalov,taro daniel,0.7776546478271484,1
2022-495_22.0,hard,2022,R16,alexei popyrin,ricardas berankis,0.46968722343444824,0
2022-495_23.0,hard,2022,R16,jiri vesely,roberto bautista agut,0.17607392370700836,1
2022-495_24.0,hard,2022,R16,karen khachanov,novak djokovic,0.12981988489627838,0
2022-495_25.0,hard,2022,QF,andrey rublev,mackenzie mcdonald,0.7614338397979736,1
2022-495_26.0,hard,2022,QF,hubert hurkacz,jannik sinner,0.34360119700431824,1
2022-495_27.0,hard,2022,QF,denis shapovalov,ricardas berankis,0.7495307922363281,1
2022-495_28.0,hard,2022,QF,jiri vesely,novak djokovic,0.02115827426314354,1
2022-495_29.0,hard,2022,SF,andrey rublev,hubert hurkacz,0.5716190934181213,1
2022-495_3.0,hard,2022,R32,filip krajinovic,malek jaziri,0.8098017573356628,1
2022-495_30.0,hard,2022,SF,denis shapovalov,jiri vesely,0.7956629395484924,0
2022-495_31.0,hard,2022,F,andrey rublev,jiri vesely,0.8375388383865356,1
2022-495_4.0,hard,2022,R32,aslan karatsev,mackenzie mcdonald,0.6232225298881531,0
2022-495_5.0,hard,2022,R32,alejandro davidovich fokina,jannik sinner,0.3608357310295105,0
2022-495_6.0,hard,2022,R32,andy murray,christopher o'connell,0.7540213465690613,1
2022-495_7.0,hard,2022,R32,alex molcan,lloyd harris,0.35967087745666504,1
2022-495_8.0,hard,2022,R32,alexander bublik,hubert hurkacz,0.5505108833312988,0
2022-495_9.0,hard,2022,R32,denis shapovalov,marton fucsovics,0.6447056531906128,1
2022-496_1.0,hard,2022,R32,mikael ymer,richard gasquet,0.3899705708026886,0
2022-496_10.0,hard,2022,R32,alexei popyrin,roman safiullin,0.3918205201625824,0
2022-496_11.0,hard,2022,R32,damir dzumhur,tomas machac,0.7096289992332458,0
2022-496_12.0,hard,2022,R32,corentin moutet,hugo gaston,0.4988207221031189,0
2022-496_13.0,hard,2022,R16,andrey rublev,richard gasquet,0.8216203451156616,1
2022-496_14.0,hard,2022,R16,lucas pouille,radu albot,0.5335535407066345,1
2022-496_15.0,hard,2022,R16,aslan karatsev,holger rune,0.8153088688850403,1
2022-496_16.0,hard,2022,R16,benjamin bonzi,pierre-hugues herbert,0.4566631615161896,1
2022-496_17.0,hard,2022,R16,ilya ivashka,stefano travaglia,0.7398858666419983,1
2022-496_18.0,hard,2022,R16,felix auger-aliassime,jo-wilfried tsonga,0.8477656245231628,1
2022-496_19.0,hard,2022,R16,roman safiullin,tomas machac,0.4926671087741852,1
2022-496_2.0,hard,2022,R32,dennis novak,radu albot,0.4290536642074585,0
2022-496_20.0,hard,2022,R16,hugo gaston,stefanos tsitsipas,0.13274097442626953,0
2022-496_21.0,hard,2022,QF,andrey rublev,lucas pouille,0.8385935425758362,1
2022-496_22.0,hard,2022,QF,aslan karatsev,benjamin bonzi,0.8300201296806335,0
2022-496_23.0,hard,2022,QF,felix auger-aliassime,ilya ivashka,0.7573391795158386,1
2022-496_24.0,hard,2022,QF,roman safiullin,stefanos tsitsipas,0.11692740023136139,1
2022-496_25.0,hard,2022,SF,andrey rublev,benjamin bonzi,0.8226961493492126,1
2022-496_26.0,hard,2022,SF,felix auger-aliassime,roman safiullin,0.932521402835846,1
2022-496_27.0,hard,2022,F,andrey rublev,felix auger-aliassime,0.39886143803596497,1
2022-496_3.0,hard,2022,R32,lucas pouille,tallon griekspoor,0.33373939990997314,1
2022-496_4.0,hard,2022,R32,holger rune,zizou bergs,0.6435590386390686,1
2022-496_5.0,hard,2022,R32,mikhail kukushkin,pierre-hugues herbert,0.22593599557876587,0
2022-496_6.0,hard,2022,R32,benjamin bonzi,kamil majchrzak,0.6752923727035522,1
2022-496_7.0,hard,2022,R32,ilya ivashka,norbert gombos,0.8263565301895142,1
2022-496_8.0,hard,2022,R32,henri laaksonen,stefano travaglia,0.7558951377868652,0
2022-496_9.0,hard,2022,R32,gilles simon,jo-wilfried tsonga,0.27660560607910156,0
2022-499_1.0,hard,2022,R32,daniel altmaier,jack sock,0.23227271437644958,0
2022-499_10.0,hard,2022,R32,sebastian korda,thanasi kokkinakis,0.6091269254684448,1
2022-499_11.0,hard,2022,R32,andreas seppi,peter gojowczyk,0.46571019291877747,1
2022-499_12.0,hard,2022,R32,oscar otte,yoshihito nishioka,0.7349084615707397,1
2022-499_13.0,hard,2022,R16,jack sock,reilly opelka,0.29687070846557617,0
2022-499_14.0,hard,2022,R16,adrian mannarino,brandon nakashima,0.5320446491241455,1
2022-499_15.0,hard,2022,R16,grigor dimitrov,mitchell krueger,0.6448259353637695,1
2022-499_16.0,hard,2022,R16,john millman,marcos giron,0.31544268131256104,1
2022-499_17.0,hard,2022,R16,stefan kozlov,steve johnson,0.3297696113586426,1
2022-499_18.0,hard,2022,R16,denis istomin,tommy paul,0.36127692461013794,0
2022-499_19.0,hard,2022,R16,andreas seppi,sebastian korda,0.2513241767883301,0
2022-499_2.0,hard,2022,R32,brandon nakashima,denis kudla,0.6859778761863708,1
2022-499_20.0,hard,2022,R16,cameron norrie,oscar otte,0.7844230532646179,1
2022-499_21.0,hard,2022,QF,adrian mannarino,reilly opelka,0.392071396112442,0
2022-499_22.0,hard,2022,QF,grigor dimitrov,john millman,0.7531209588050842,0
2022-499_23.0,hard,2022,QF,stefan kozlov,tommy paul,0.21385334432125092,0
2022-499_24.0,hard,2022,QF,cameron norrie,sebastian korda,0.5356889963150024,1
2022-499_25.0,hard,2022,SF,john millman,reilly opelka,0.20627525448799133,0
2022-499_26.0,hard,2022,SF,cameron norrie,tommy paul,0.6048400402069092,1
2022-499_27.0,hard,2022,F,cameron norrie,reilly opelka,0.563612699508667,1
2022-499_3.0,hard,2022,R32,adrian mannarino,liam broady,0.6798139810562134,1
2022-499_4.0,hard,2022,R32,jordan thompson,mitchell krueger,0.6894564628601074,0
2022-499_5.0,hard,2022,R32,marcos giron,tennys sandgren,0.7075015306472778,1
2022-499_6.0,hard,2022,R32,john millman,maxime cressy,0.6703508496284485,1
2022-499_7.0,hard,2022,R32,emilio gomez,stefan kozlov,0.5925287008285522,0
2022-499_8.0,hard,2022,R32,kevin anderson,steve johnson,0.5759308934211731,0
2022-499_9.0,hard,2022,R32,denis istomin,sam querrey,0.24307037889957428,1
2022-560_1.0,hard,2022,R128,daniil medvedev,stefan kozlov,0.9384846091270447,1
2022-560_10.0,hard,2022,R128,alexander bublik,hugo gaston,0.8064241409301758,1
2022-560_100.0,hard,2022,R32,jack draper,karen khachanov,0.3917206823825836,0
2022-560_101.0,hard,2022,R32,alejandro davidovich fokina,daniel elahi galan,0.6123314499855042,1
2022-560_102.0,hard,2022,R32,andy murray,matteo berrettini,0.23434847593307495,0
2022-560_103.0,hard,2022,R32,corentin moutet,pedro cachin,0.5830357074737549,1
2022-560_104.0,hard,2022,R32,casper ruud,tommy paul,0.7332139611244202,1
2022-560_105.0,hard,2022,R32,ilya ivashka,lorenzo musetti,0.6256760358810425,1
2022-560_106.0,hard,2022,R32,brandon nakashima,jannik sinner,0.23496444523334503,0
2022-560_107.0,hard,2022,R32,daniel evans,marin cilic,0.41280439496040344,0
2022-560_108.0,hard,2022,R32,carlos alcaraz,jenson brooksby,0.7888765335083008,1
2022-560_109.0,hard,2022,R32,cameron norrie,holger rune,0.7823126316070557,1
2022-560_11.0,hard,2022,R128,cristian garin,jiri lehecka,0.6824558973312378,1
2022-560_110.0,hard,2022,R32,andrey rublev,denis shapovalov,0.7001047730445862,1
2022-560_111.0,hard,2022,R32,diego schwartzman,frances tiafoe,0.5223588347434998,0
2022-560_112.0,hard,2022,R32,rafael nadal,richard gasquet,0.8843626379966736,1
2022-560_113.0,hard,2022,R16,daniil medvedev,nick kyrgios,0.5562441945075989,0
2022-560_114.0,hard,2022,R16,karen khachanov,pablo carreno busta,0.43814000487327576,1
2022-560_115.0,hard,2022,R16,alejandro davidovich fokina,matteo berrettini,0.27633824944496155,0
2022-560_116.0,hard,2022,R16,casper ruud,corentin moutet,0.8817958831787109,1
2022-560_117.0,hard,2022,R16,ilya ivashka,jannik sinner,0.3637673854827881,0
2022-560_118.0,hard,2022,R16,carlos alcaraz,marin cilic,0.7440575361251831,1
2022-560_119.0,hard,2022,R16,andrey rublev,cameron norrie,0.6575636863708496,1
2022-560_12.0,hard,2022,R128,alex de minaur,filip krajinovic,0.7665298581123352,1
2022-560_120.0,hard,2022,R16,frances tiafoe,rafael nadal,0.11532843858003616,1
2022-560_121.0,hard,2022,QF,karen khachanov,nick kyrgios,0.30214059352874756,1
2022-560_122.0,hard,2022,QF,casper ruud,matteo berrettini,0.5932495594024658,1
2022-560_123.0,hard,2022,QF,carlos alcaraz,jannik sinner,0.5571775436401367,1
2022-560_124.0,hard,2022,QF,andrey rublev,frances tiafoe,0.3799646198749542,0
2022-560_125.0,hard,2022,SF,casper ruud,karen khachanov,0.7292814254760742,1
2022-560_126.0,hard,2022,SF,carlos alcaraz,frances tiafoe,0.6675707101821899,1
2022-560_127.0,hard,2022,F,carlos alcaraz,casper ruud,0.5978458523750305,1
2022-560_13.0,hard,2022,R128,denis kudla,karen khachanov,0.11706453561782837,0
2022-560_14.0,hard,2022,R128,alex molcan,thiago monteiro,0.39989084005355835,0
2022-560_15.0,hard,2022,R128,emil ruusuvuori,jack draper,0.36438649892807007,0
2022-560_16.0,hard,2022,R128,alexander ritschard,felix auger-aliassime,0.11152946949005127,0
2022-560_17.0,hard,2022,R128,daniel elahi galan,stefanos tsitsipas,0.24250517785549164,1
2022-560_18.0,hard,2022,R128,jordan thompson,lorenzo sonego,0.6840296983718872,1
2022-560_19.0,hard,2022,R128,alejandro davidovich fokina,yoshihito nishioka,0.6306909322738647,1
2022-560_2.0,hard,2022,R128,arthur rinderknech,quentin halys,0.799048125743866,1
2022-560_20.0,hard,2022,R128,marton fucsovics,maxime cressy,0.6158431172370911,1
2022-560_21.0,hard,2022,R128,andy murray,francisco cerundolo,0.7478734254837036,1
2022-560_22.0,hard,2022,R128,emilio nava,john millman,0.43624040484428406,1
2022-560_23.0,hard,2022,R128,hugo grenier,tomas martin etcheverry,0.7120600342750549,1
2022-560_24.0,hard,2022,R128,matteo berrettini,nicolas jarry,0.896949827671051,1
2022-560_25.0,hard,2022,R128,brandon holt,taylor fritz,0.2288706749677658,1
2022-560_26.0,hard,2022,R128,aljaz bedene,pedro cachin,0.33948972821235657,0
2022-560_27.0,hard,2022,R128,corentin moutet,stan wawrinka,0.6755722761154175,1
2022-560_28.0,hard,2022,R128,botic van de zandschulp,tomas machac,0.7910255789756775,1
2022-560_29.0,hard,2022,R128,bernabe zapata miralles,tommy paul,0.13524691760540009,0
2022-560_3.0,hard,2022,R128,ben shelton,nuno borges,0.3706744611263275,0
2022-560_30.0,hard,2022,R128,facundo bagnis,sebastian korda,0.1373838186264038,0
2022-560_31.0,hard,2022,R128,tim van rijthoven,zhizhen zhang,0.6679273247718811,1
2022-560_32.0,hard,2022,R128,casper ruud,kyle edmund,0.9257853627204895,1
2022-560_33.0,hard,2022,R128,hubert hurkacz,oscar otte,0.8250722885131836,1
2022-560_34.0,hard,2022,R128,ilya ivashka,sam querrey,0.8298063278198242,1
2022-560_35.0,hard,2022,R128,adrian mannarino,gijs brouwer,0.6887547373771667,0
2022-560_36.0,hard,2022,R128,david goffin,lorenzo musetti,0.32058626413345337,0
2022-560_37.0,hard,2022,R128,grigor dimitrov,steve johnson,0.7412751317024231,1
2022-560_38.0,hard,2022,R128,brandon nakashima,pavel kotov,0.8270160555839539,1
2022-560_39.0,hard,2022,R128,christopher eubanks,pedro martinez,0.5378073453903198,1
2022-560_4.0,hard,2022,R128,nikoloz basilashvili,yibing wu,0.5112423300743103,0
2022-560_40.0,hard,2022,R128,daniel altmaier,jannik sinner,0.05736972764134407,0
2022-560_41.0,hard,2022,R128,marin cilic,maximilian marterer,0.8668510317802429,1
2022-560_42.0,hard,2022,R128,albert ramos-vinolas,norbert gombos,0.7625554203987122,1
2022-560_43.0,hard,2022,R128,christopher o'connell,james duckworth,0.26794910430908203,0
2022-560_44.0,hard,2022,R128,daniel evans,jiri vesely,0.8004706501960754,1
2022-560_45.0,hard,2022,R128,borna coric,enzo couacaud,0.8809138536453247,1
2022-560_46.0,hard,2022,R128,dusan lajovic,jenson brooksby,0.17639592289924622,0
2022-560_47.0,hard,2022,R128,federico coria,tallon griekspoor,0.6586342453956604,1
2022-560_48.0,hard,2022,R128,carlos alcaraz,sebastian baez,0.898232638835907,1
2022-560_49.0,hard,2022,R128,benoit paire,cameron norrie,0.05596617981791496,0
2022-560_5.0,hard,2022,R128,nick kyrgios,thanasi kokkinakis,0.8508328199386597,1
2022-560_50.0,hard,2022,R128,joao sousa,mackenzie mcdonald,0.49442780017852783,1
2022-560_51.0,hard,2022,R128,federico delbonis,john isner,0.16139374673366547,0
2022-560_52.0,hard,2022,R128,holger rune,peter gojowczyk,0.7391148209571838,1
2022-560_53.0,hard,2022,R128,denis shapovalov,marc-andrea huesler,0.5536977648735046,1
2022-560_54.0,hard,2022,R128,jaume munar,roberto carballes baena,0.4073464870452881,0
2022-560_55.0,hard,2022,R128,fernando verdasco,soonwoo kwon,0.34963950514793396,0
2022-560_56.0,hard,2022,R128,andrey rublev,laslo djere,0.8233458995819092,1
2022-560_57.0,hard,2022,R128,diego schwartzman,jack sock,0.7913057804107666,1
2022-560_58.0,hard,2022,R128,alexei popyrin,chun-hsin tseng,0.7129631638526917,1
2022-560_59.0,hard,2022,R128,jason kubler,mikael ymer,0.542807936668396,1
2022-560_6.0,hard,2022,R128,benjamin bonzi,ugo humbert,0.6378188729286194,1
2022-560_60.0,hard,2022,R128,frances tiafoe,marcos giron,0.8091530799865723,1
2022-560_61.0,hard,2022,R128,learner tien,miomir kecmanovic,0.055337630212306976,0
2022-560_62.0,hard,2022,R128,richard gasquet,taro daniel,0.7822409868240356,1
2022-560_63.0,hard,2022,R128,aslan karatsev,fabio fognini,0.3196401298046112,0
2022-560_64.0,hard,2022,R128,rafael nadal,rinky hijikata,0.9673202633857727,1
2022-560_65.0,hard,2022,R64,arthur rinderknech,daniil medvedev,0.10025224089622498,0
2022-560_66.0,hard,2022,R64,nuno borges,yibing wu,0.6622501611709595,0
2022-560_67.0,hard,2022,R64,benjamin bonzi,nick kyrgios,0.11352363228797913,0
2022-560_68.0,hard,2022,R64,alejandro tabilo,j.j. wolf,0.3221387565135956,0
2022-560_69.0,hard,2022,R64,alexander bublik,pablo carreno busta,0.21174657344818115,0
2022-560_7.0,hard,2022,R128,alejandro tabilo,kamil majchrzak,0.6940717101097107,1
2022-560_70.0,hard,2022,R64,alex de minaur,cristian garin,0.8390164375305176,1
2022-560_71.0,hard,2022,R64,karen khachanov,thiago monteiro,0.8068617582321167,1
2022-560_72.0,hard,2022,R64,felix auger-aliassime,jack draper,0.684570848941803,0
2022-560_73.0,hard,2022,R64,daniel elahi galan,jordan thompson,0.36369287967681885,1
2022-560_74.0,hard,2022,R64,alejandro davidovich fokina,marton fucsovics,0.67692631483078,1
2022-560_75.0,hard,2022,R64,andy murray,emilio nava,0.8571642637252808,1
2022-560_76.0,hard,2022,R64,hugo grenier,matteo berrettini,0.0804775282740593,0
2022-560_77.0,hard,2022,R64,brandon holt,pedro cachin,0.6066325306892395,0
2022-560_78.0,hard,2022,R64,botic van de zandschulp,corentin moutet,0.5304166674613953,0
2022-560_79.0,hard,2022,R64,sebastian korda,tommy paul,0.4483875036239624,0
2022-560_8.0,hard,2022,R128,j.j. wolf,roberto bautista agut,0.43751585483551025,1
2022-560_80.0,hard,2022,R64,casper ruud,tim van rijthoven,0.9103277325630188,1
2022-560_81.0,hard,2022,R64,hubert hurkacz,ilya ivashka,0.5890963673591614,0
2022-560_82.0,hard,2022,R64,gijs brouwer,lorenzo musetti,0.27036553621292114,0
2022-560_83.0,hard,2022,R64,brandon nakashima,grigor dimitrov,0.26579606533050537,1
2022-560_84.0,hard,2022,R64,christopher eubanks,jannik sinner,0.05060284957289696,0
2022-560_85.0,hard,2022,R64,albert ramos-vinolas,marin cilic,0.2299383580684662,0
2022-560_86.0,hard,2022,R64,daniel evans,james duckworth,0.5358526706695557,1
2022-560_87.0,hard,2022,R64,borna coric,jenson brooksby,0.6314994096755981,0
2022-560_88.0,hard,2022,R64,carlos alcaraz,federico coria,0.9071372151374817,1
2022-560_89.0,hard,2022,R64,cameron norrie,joao sousa,0.8943780660629272,1
2022-560_9.0,hard,2022,R128,dominic thiem,pablo carreno busta,0.385547399520874,0
2022-560_90.0,hard,2022,R64,holger rune,john isner,0.2898596227169037,1
2022-560_91.0,hard,2022,R64,denis shapovalov,roberto carballes baena,0.8408825397491455,1
2022-560_92.0,hard,2022,R64,andrey rublev,soonwoo kwon,0.8508615493774414,1
2022-560_93.0,hard,2022,R64,alexei popyrin,diego schwartzman,0.1517253965139389,0
2022-560_94.0,hard,2022,R64,frances tiafoe,jason kubler,0.6184667944908142,1
2022-560_95.0,hard,2022,R64,miomir kecmanovic,richard gasquet,0.40815213322639465,0
2022-560_96.0,hard,2022,R64,fabio fognini,rafael nadal,0.055747561156749725,0
2022-560_97.0,hard,2022,R32,daniil medvedev,yibing wu,0.917312502861023,1
2022-560_98.0,hard,2022,R32,j.j. wolf,nick kyrgios,0.20802417397499084,0
2022-560_99.0,hard,2022,R32,alex de minaur,pablo carreno busta,0.47535786032676697,0
2022-580_1.0,hard,2022,R128,daniil medvedev,henri laaksonen,0.9250520467758179,1
2022-580_10.0,hard,2022,R128,cameron norrie,sebastian korda,0.6870275735855103,0
2022-580_100.0,hard,2022,R32,andrey rublev,marin cilic,0.6734333634376526,0
2022-580_101.0,hard,2022,R32,karen khachanov,rafael nadal,0.15759718418121338,0
2022-580_102.0,hard,2022,R32,carlos alcaraz,matteo berrettini,0.36936816573143005,0
2022-580_103.0,hard,2022,R32,daniel evans,felix auger-aliassime,0.3886565864086151,0
2022-580_104.0,hard,2022,R32,jannik sinner,taro daniel,0.8454610705375671,1
2022-580_105.0,hard,2022,R32,denis shapovalov,reilly opelka,0.601763904094696,1
2022-580_106.0,hard,2022,R32,roberto bautista agut,taylor fritz,0.4665972590446472,0
2022-580_107.0,hard,2022,R32,cristian garin,gael monfils,0.2386050969362259,0
2022-580_108.0,hard,2022,R32,adrian mannarino,aslan karatsev,0.28293299674987793,1
2022-580_109.0,hard,2022,R32,pablo carreno busta,sebastian korda,0.5483893752098083,1
2022-580_11.0,hard,2022,R128,diego schwartzman,filip krajinovic,0.7227011919021606,1
2022-580_110.0,hard,2022,R32,lorenzo sonego,miomir kecmanovic,0.6573360562324524,0
2022-580_111.0,hard,2022,R32,alex de minaur,pablo andujar,0.710166871547699,1
2022-580_112.0,hard,2022,R32,christopher o'connell,maxime cressy,0.3002960979938507,0
2022-580_113.0,hard,2022,R16,daniil medvedev,maxime cressy,0.8933687210083008,1
2022-580_114.0,hard,2022,R16,alexander zverev,denis shapovalov,0.8256754279136658,0
2022-580_115.0,hard,2022,R16,stefanos tsitsipas,taylor fritz,0.6407377123832703,1
2022-580_116.0,hard,2022,R16,adrian mannarino,rafael nadal,0.06308349967002869,0
2022-580_117.0,hard,2022,R16,matteo berrettini,pablo carreno busta,0.6553343534469604,1
2022-580_118.0,hard,2022,R16,felix auger-aliassime,marin cilic,0.5450392961502075,1
2022-580_119.0,hard,2022,R16,alex de minaur,jannik sinner,0.2743036448955536,0
2022-580_12.0,hard,2022,R128,denis shapovalov,laslo djere,0.7495286464691162,1
2022-580_120.0,hard,2022,R16,gael monfils,miomir kecmanovic,0.7603628039360046,1
2022-580_121.0,hard,2022,QF,daniil medvedev,felix auger-aliassime,0.8065490126609802,1
2022-580_122.0,hard,2022,QF,jannik sinner,stefanos tsitsipas,0.44792136549949646,0
2022-580_123.0,hard,2022,QF,denis shapovalov,rafael nadal,0.16082525253295898,0
2022-580_124.0,hard,2022,QF,gael monfils,matteo berrettini,0.45762014389038086,0
2022-580_125.0,hard,2022,SF,daniil medvedev,stefanos tsitsipas,0.7632679343223572,1
2022-580_126.0,hard,2022,SF,matteo berrettini,rafael nadal,0.2628031373023987,0
2022-580_127.0,hard,2022,F,daniil medvedev,rafael nadal,0.5475655198097229,0
2022-580_13.0,hard,2022,R128,roberto bautista agut,stefano travaglia,0.7301434278488159,1
2022-580_14.0,hard,2022,R128,cristian garin,facundo bagnis,0.5473483800888062,1
2022-580_15.0,hard,2022,R128,federico coria,gael monfils,0.1287560909986496,0
2022-580_16.0,hard,2022,R128,aslan karatsev,jaume munar,0.7826954126358032,1
2022-580_17.0,hard,2022,R128,pablo carreno busta,tomas martin etcheverry,0.8788340091705322,1
2022-580_18.0,hard,2022,R128,maximilian marterer,taylor fritz,0.08950382471084595,0
2022-580_19.0,hard,2022,R128,andy murray,nikoloz basilashvili,0.48651599884033203,1
2022-580_2.0,hard,2022,R128,alexander zverev,daniel altmaier,0.9189308881759644,1
2022-580_20.0,hard,2022,R128,john isner,maxime cressy,0.5873184204101562,0
2022-580_21.0,hard,2022,R128,kevin anderson,reilly opelka,0.3278873562812805,0
2022-580_22.0,hard,2022,R128,daniel evans,david goffin,0.6439891457557678,1
2022-580_23.0,hard,2022,R128,lorenzo sonego,sam querrey,0.7785111665725708,1
2022-580_24.0,hard,2022,R128,grigor dimitrov,jiri lehecka,0.8869365453720093,1
2022-580_25.0,hard,2022,R128,emilio gomez,marin cilic,0.1931879073381424,0
2022-580_26.0,hard,2022,R128,denis kudla,karen khachanov,0.26054954528808594,0
2022-580_27.0,hard,2022,R128,richard gasquet,ugo humbert,0.27761438488960266,1
2022-580_28.0,hard,2022,R128,aleksandar vukic,lloyd harris,0.24119147658348083,1
2022-580_29.0,hard,2022,R128,alejandro tabilo,carlos alcaraz,0.3649355173110962,0
2022-580_3.0,hard,2022,R128,mikael ymer,stefanos tsitsipas,0.18785937130451202,0
2022-580_30.0,hard,2022,R128,alex de minaur,lorenzo musetti,0.7323142886161804,1
2022-580_31.0,hard,2022,R128,radu albot,yoshihito nishioka,0.3583775460720062,1
2022-580_32.0,hard,2022,R128,damir dzumhur,pablo andujar,0.3324836194515228,0
2022-580_33.0,hard,2022,R128,albert ramos-vinolas,sebastian baez,0.3734282851219177,0
2022-580_34.0,hard,2022,R128,ricardas berankis,roberto carballes baena,0.421720951795578,1
2022-580_35.0,hard,2022,R128,benjamin bonzi,peter gojowczyk,0.514906644821167,1
2022-580_36.0,hard,2022,R128,alexander bublik,ernesto escobedo,0.7335097193717957,1
2022-580_37.0,hard,2022,R128,taro daniel,tomas barrios vera,0.6480785608291626,1
2022-580_38.0,hard,2022,R128,alejandro davidovich fokina,alex bolt,0.648836076259613,1
2022-580_39.0,hard,2022,R128,norbert gombos,timofey skatov,0.5014429092407227,1
2022-580_4.0,hard,2022,R128,andrey rublev,gianluca mager,0.6628417372703552,1
2022-580_40.0,hard,2022,R128,fabio fognini,tallon griekspoor,0.743235170841217,0
2022-580_41.0,hard,2022,R128,thanasi kokkinakis,yannick hanfmann,0.8113421201705933,0
2022-580_42.0,hard,2022,R128,jordan thompson,steve johnson,0.5077181458473206,0
2022-580_43.0,hard,2022,R128,miomir kecmanovic,salvatore caruso,0.6894396543502808,1
2022-580_44.0,hard,2022,R128,carlos taberner,dominik koepfer,0.3100426495075226,0
2022-580_45.0,hard,2022,R128,marco cecchinato,philipp kohlschreiber,0.19399768114089966,0
2022-580_46.0,hard,2022,R128,jiri vesely,stefan kozlov,0.7438693046569824,0
2022-580_47.0,hard,2022,R128,holger rune,soonwoo kwon,0.2116892784833908,0
2022-580_48.0,hard,2022,R128,liam broady,nick kyrgios,0.20854179561138153,0
2022-580_49.0,hard,2022,R128,dusan lajovic,marton fucsovics,0.37338024377822876,1
2022-580_5.0,hard,2022,R128,marcos giron,rafael nadal,0.1361086219549179,0
2022-580_50.0,hard,2022,R128,juan manuel cerundolo,tomas machac,0.6117308735847473,0
2022-580_51.0,hard,2022,R128,andreas seppi,kamil majchrzak,0.5274488925933838,0
2022-580_52.0,hard,2022,R128,adrian mannarino,james duckworth,0.6555391550064087,1
2022-580_53.0,hard,2022,R128,federico delbonis,pedro martinez,0.3465697169303894,0
2022-580_54.0,hard,2022,R128,mackenzie mcdonald,nikola milojevic,0.7456222772598267,1
2022-580_55.0,hard,2022,R128,feliciano lopez,john millman,0.2933500111103058,0
2022-580_56.0,hard,2022,R128,alex molcan,roman safiullin,0.5744467973709106,1
2022-580_57.0,hard,2022,R128,corentin moutet,lucas pouille,0.6560467481613159,1
2022-580_58.0,hard,2022,R128,christopher o'connell,hugo gaston,0.36668142676353455,1
2022-580_59.0,hard,2022,R128,chun-hsin tseng,oscar otte,0.0564575232565403,0
2022-580_6.0,hard,2022,R128,brandon nakashima,matteo berrettini,0.35752028226852417,0
2022-580_60.0,hard,2022,R128,benoit paire,thiago monteiro,0.5005502104759216,1
2022-580_61.0,hard,2022,R128,mikhail kukushkin,tommy paul,0.1727553755044937,0
2022-580_62.0,hard,2022,R128,alexei popyrin,arthur rinderknech,0.4223649501800537,0
2022-580_63.0,hard,2022,R128,frances tiafoe,marco trungelliti,0.8514682054519653,1
2022-580_64.0,hard,2022,R128,botic van de zandschulp,jan-lennard struff,0.5231163501739502,1
2022-580_65.0,hard,2022,R64,daniil medvedev,nick kyrgios,0.8509225845336914,1
2022-580_66.0,hard,2022,R64,alexander zverev,john millman,0.908892035484314,1
2022-580_67.0,hard,2022,R64,sebastian baez,stefanos tsitsipas,0.13305680453777313,0
2022-580_68.0,hard,2022,R64,andrey rublev,ricardas berankis,0.7975523471832275,1
2022-580_69.0,hard,2022,R64,rafael nadal,yannick hanfmann,0.896822988986969,1
2022-580_7.0,hard,2022,R128,emil ruusuvuori,felix auger-aliassime,0.2499009221792221,0
2022-580_70.0,hard,2022,R64,matteo berrettini,stefan kozlov,0.8829118013381958,1
2022-580_71.0,hard,2022,R64,alejandro davidovich fokina,felix auger-aliassime,0.23549877107143402,0
2022-580_72.0,hard,2022,R64,adrian mannarino,hubert hurkacz,0.20635440945625305,1
2022-580_73.0,hard,2022,R64,jannik sinner,steve johnson,0.8283403515815735,1
2022-580_74.0,hard,2022,R64,christopher o'connell,diego schwartzman,0.14812766015529633,1
2022-580_75.0,hard,2022,R64,denis shapovalov,soonwoo kwon,0.6813229322433472,1
2022-580_76.0,hard,2022,R64,philipp kohlschreiber,roberto bautista agut,0.2849555015563965,0
2022-580_77.0,hard,2022,R64,cristian garin,pedro martinez,0.5657117962837219,1
2022-580_78.0,hard,2022,R64,alexander bublik,gael monfils,0.2940317392349243,0
2022-580_79.0,hard,2022,R64,aslan karatsev,mackenzie mcdonald,0.7346888780593872,1
2022-580_8.0,hard,2022,R128,egor gerasimov,hubert hurkacz,0.296905517578125,0
2022-580_80.0,hard,2022,R64,pablo carreno busta,tallon griekspoor,0.7486050128936768,1
2022-580_81.0,hard,2022,R64,frances tiafoe,taylor fritz,0.23941780626773834,0
2022-580_82.0,hard,2022,R64,dominik koepfer,reilly opelka,0.38552823662757874,0
2022-580_83.0,hard,2022,R64,arthur rinderknech,daniel evans,0.353309690952301,0
2022-580_84.0,hard,2022,R64,lorenzo sonego,oscar otte,0.6639103889465332,1
2022-580_85.0,hard,2022,R64,benoit paire,grigor dimitrov,0.21091340482234955,1
2022-580_86.0,hard,2022,R64,marin cilic,norbert gombos,0.7573366761207581,1
2022-580_87.0,hard,2022,R64,benjamin bonzi,karen khachanov,0.18598948419094086,0
2022-580_88.0,hard,2022,R64,carlos alcaraz,dusan lajovic,0.7218521237373352,1
2022-580_89.0,hard,2022,R64,alex de minaur,kamil majchrzak,0.7135981917381287,1
2022-580_9.0,hard,2022,R128,jannik sinner,joao sousa,0.9307352304458618,1
2022-580_90.0,hard,2022,R64,aleksandar vukic,radu albot,0.5036002397537231,0
2022-580_91.0,hard,2022,R64,alex molcan,pablo andujar,0.5147237777709961,0
2022-580_92.0,hard,2022,R64,maxime cressy,tomas machac,0.638333261013031,1
2022-580_93.0,hard,2022,R64,andy murray,taro daniel,0.756389319896698,0
2022-580_94.0,hard,2022,R64,miomir kecmanovic,tommy paul,0.2265174239873886,1
2022-580_95.0,hard,2022,R64,corentin moutet,sebastian korda,0.34960702061653137,0
2022-580_96.0,hard,2022,R64,botic van de zandschulp,richard gasquet,0.5697199106216431,1
2022-580_97.0,hard,2022,R32,botic van de zandschulp,daniil medvedev,0.11786440014839172,0
2022-580_98.0,hard,2022,R32,alexander zverev,radu albot,0.9131568074226379,1
2022-580_99.0,hard,2022,R32,benoit paire,stefanos tsitsipas,0.14746206998825073,0
2022-605_1.0,hard,2022,RR,andrey rublev,novak djokovic,0.22661510109901428,0
2022-605_10.0,hard,2022,RR,rafael nadal,taylor fritz,0.736845076084137,0
2022-605_11.0,hard,2022,RR,felix auger-aliassime,rafael nadal,0.3137698769569397,1
2022-605_12.0,hard,2022,RR,casper ruud,rafael nadal,0.44748225808143616,0
2022-605_13.0,hard,2022,SF,novak djokovic,taylor fritz,0.8524853587150574,1
2022-605_14.0,hard,2022,SF,andrey rublev,casper ruud,0.3298030495643616,0
2022-605_15.0,hard,2022,F,casper ruud,novak djokovic,0.29732629656791687,0
2022-605_2.0,hard,2022,RR,daniil medvedev,novak djokovic,0.3401765525341034,0
2022-605_3.0,hard,2022,RR,andrey rublev,daniil medvedev,0.4909585118293762,1
2022-605_4.0,hard,2022,RR,novak djokovic,stefanos tsitsipas,0.7106402516365051,1
2022-605_5.0,hard,2022,RR,andrey rublev,stefanos tsitsipas,0.6115240454673767,1
2022-605_6.0,hard,2022,RR,daniil medvedev,stefanos tsitsipas,0.5495454668998718,0
2022-605_7.0,hard,2022,RR,felix auger-aliassime,taylor fritz,0.6117113828659058,0
2022-605_8.0,hard,2022,RR,casper ruud,taylor fritz,0.5189500451087952,1
2022-605_9.0,hard,2022,RR,casper ruud,felix auger-aliassime,0.5149632692337036,1
2022-6116_1.0,hard,2022,R32,ben shelton,ramkumar ramanathan,0.6665033102035522,1
2022-6116_10.0,hard,2022,R32,jack sock,tommy paul,0.5496898293495178,0
2022-6116_11.0,hard,2022,R32,marcos giron,soonwoo kwon,0.3772125542163849,0
2022-6116_12.0,hard,2022,R32,ilya ivashka,quentin halys,0.8344264626502991,1
2022-6116_13.0,hard,2022,R16,ben shelton,john isner,0.1530468761920929,0
2022-6116_14.0,hard,2022,R16,jenson brooksby,mackenzie mcdonald,0.7377220392227173,1
2022-6116_15.0,hard,2022,R16,frances tiafoe,taro daniel,0.7198210954666138,1
2022-6116_16.0,hard,2022,R16,brandon nakashima,john millman,0.564193606376648,1
2022-6116_17.0,hard,2022,R16,adrian mannarino,andres martin,0.864567220211029,1
2022-6116_18.0,hard,2022,R16,alex de minaur,james duckworth,0.825133740901947,1
2022-6116_19.0,hard,2022,R16,soonwoo kwon,tommy paul,0.2092714011669159,0
2022-6116_2.0,hard,2022,R32,denis kudla,mackenzie mcdonald,0.1961594820022583,0
2022-6116_20.0,hard,2022,R16,ilya ivashka,steve johnson,0.7554945945739746,1
2022-6116_21.0,hard,2022,QF,jenson brooksby,john isner,0.7172232866287231,1
2022-6116_22.0,hard,2022,QF,brandon nakashima,frances tiafoe,0.26735496520996094,0
2022-6116_23.0,hard,2022,QF,adrian mannarino,alex de minaur,0.18838302791118622,0
2022-6116_24.0,hard,2022,QF,ilya ivashka,tommy paul,0.4337978959083557,1
2022-6116_25.0,hard,2022,SF,frances tiafoe,jenson brooksby,0.33512264490127563,0
2022-6116_26.0,hard,2022,SF,alex de minaur,ilya ivashka,0.7307357788085938,1
2022-6116_27.0,hard,2022,F,alex de minaur,jenson brooksby,0.5664902329444885,1
2022-6116_3.0,hard,2022,R32,benoit paire,jenson brooksby,0.1412704437971115,0
2022-6116_4.0,hard,2022,R32,sebastian korda,taro daniel,0.5434339642524719,0
2022-6116_5.0,hard,2022,R32,alexei popyrin,john millman,0.5013114213943481,0
2022-6116_6.0,hard,2022,R32,brandon nakashima,jordan thompson,0.7572603225708008,1
2022-6116_7.0,hard,2022,R32,adrian mannarino,peter gojowczyk,0.7421727776527405,1
2022-6116_8.0,hard,2022,R32,andres martin,thanasi kokkinakis,0.15951448678970337,1
2022-6116_9.0,hard,2022,R32,dominik koepfer,james duckworth,0.3328731656074524,0
2022-6242_1.0,hard,2022,R64,tallon griekspoor,taro daniel,0.3743290305137634,1
2022-6242_10.0,hard,2022,R64,emilio nava,steve johnson,0.18842889368534088,0
2022-6242_11.0,hard,2022,R64,david goffin,laslo djere,0.7509101629257202,0
2022-6242_12.0,hard,2022,R64,daniel altmaier,soonwoo kwon,0.2347564399242401,0
2022-6242_13.0,hard,2022,R64,federico coria,mikael ymer,0.21254263818264008,0
2022-6242_14.0,hard,2022,R64,jiri lehecka,peter gojowczyk,0.3483511507511139,0
2022-6242_15.0,hard,2022,R64,dusan lajovic,fabio fognini,0.24352101981639862,0
2022-6242_16.0,hard,2022,R64,dominic thiem,j.j. wolf,0.5489202737808228,1
2022-6242_17.0,hard,2022,R32,botic van de zandschulp,tallon griekspoor,0.4532261788845062,1
2022-6242_18.0,hard,2022,R32,chun-hsin tseng,jaume munar,0.5910741090774536,0
2022-6242_19.0,hard,2022,R32,benjamin bonzi,kyle edmund,0.627855122089386,1
2022-6242_2.0,hard,2022,R64,chun-hsin tseng,marton fucsovics,0.5577195882797241,1
2022-6242_20.0,hard,2022,R32,nikoloz basilashvili,thiago monteiro,0.41073909401893616,0
2022-6242_21.0,hard,2022,R32,james duckworth,maxime cressy,0.5893245935440063,0
2022-6242_22.0,hard,2022,R32,alejandro tabilo,lorenzo sonego,0.6923742890357971,0
2022-6242_23.0,hard,2022,R32,adrian mannarino,emil ruusuvuori,0.6493555307388306,1
2022-6242_24.0,hard,2022,R32,albert ramos-vinolas,john millman,0.461597204208374,1
2022-6242_25.0,hard,2022,R32,lorenzo musetti,richard gasquet,0.3519003689289093,0
2022-6242_26.0,hard,2022,R32,pedro martinez,steve johnson,0.2763950526714325,0
2022-6242_27.0,hard,2022,R32,joao sousa,laslo djere,0.3753630518913269,0
2022-6242_28.0,hard,2022,R32,jason kubler,soonwoo kwon,0.267718106508255,1
2022-6242_29.0,hard,2022,R32,marc-andrea huesler,mikael ymer,0.2465427964925766,1
2022-6242_3.0,hard,2022,R64,kyle edmund,michail pervolarakis,0.8591813445091248,1
2022-6242_30.0,hard,2022,R32,ilya ivashka,peter gojowczyk,0.6449398994445801,1
2022-6242_31.0,hard,2022,R32,fabio fognini,jack draper,0.6907846927642822,0
2022-6242_32.0,hard,2022,R32,dominic thiem,grigor dimitrov,0.712552011013031,1
2022-6242_33.0,hard,2022,R16,botic van de zandschulp,jaume munar,0.688332736492157,1
2022-6242_34.0,hard,2022,R16,benjamin bonzi,thiago monteiro,0.5364583730697632,1
2022-6242_35.0,hard,2022,R16,lorenzo sonego,maxime cressy,0.3593238592147827,0
2022-6242_36.0,hard,2022,R16,adrian mannarino,albert ramos-vinolas,0.7441468238830566,1
2022-6242_37.0,hard,2022,R16,richard gasquet,steve johnson,0.5268036127090454,1
2022-6242_38.0,hard,2022,R16,jason kubler,laslo djere,0.4696776270866394,0
2022-6242_39.0,hard,2022,R16,ilya ivashka,marc-andrea huesler,0.544529139995575,0
2022-6242_4.0,hard,2022,R64,denis kudla,thiago monteiro,0.6648853421211243,0
2022-6242_40.0,hard,2022,R16,dominic thiem,jack draper,0.712207019329071,0
2022-6242_41.0,hard,2022,QF,benjamin bonzi,botic van de zandschulp,0.3616866171360016,0
2022-6242_42.0,hard,2022,QF,adrian mannarino,maxime cressy,0.5698281526565552,1
2022-6242_43.0,hard,2022,QF,laslo djere,richard gasquet,0.39422744512557983,1
2022-6242_44.0,hard,2022,QF,jack draper,marc-andrea huesler,0.66275554895401,0
2022-6242_45.0,hard,2022,SF,adrian mannarino,botic van de zandschulp,0.4645264446735382,1
2022-6242_46.0,hard,2022,SF,laslo djere,marc-andrea huesler,0.7393320202827454,1
2022-6242_47.0,hard,2022,F,adrian mannarino,laslo djere,0.6331591606140137,1
2022-6242_5.0,hard,2022,R64,james duckworth,thanasi kokkinakis,0.23238122463226318,1
2022-6242_6.0,hard,2022,R64,alejandro tabilo,shintaro mochizuki,0.7961215972900391,1
2022-6242_7.0,hard,2022,R64,adrian mannarino,christopher o'connell,0.8106475472450256,1
2022-6242_8.0,hard,2022,R64,hugo gaston,john millman,0.6242583394050598,0
2022-6242_9.0,hard,2022,R64,kamil majchrzak,richard gasquet,0.2576669752597809,0
2022-7434_1.0,hard,2022,R32,geoffrey blancaneaux,marc-andrea huesler,0.32428327202796936,0
2022-7434_10.0,hard,2022,R32,fernando verdasco,nikoloz basilashvili,0.43336713314056396,1
2022-7434_11.0,hard,2022,R32,aleksandar vukic,fabio fognini,0.2621614634990692,1
2022-7434_12.0,hard,2022,R32,mirza basic,nuno borges,0.309115469455719,0
2022-7434_13.0,hard,2022,R16,marc-andrea huesler,pablo carreno busta,0.3546985983848572,1
2022-7434_14.0,hard,2022,R16,kamil majchrzak,oscar otte,0.38870441913604736,1
2022-7434_15.0,hard,2022,R16,alexandar lazarov,lorenzo musetti,0.1969420313835144,0
2022-7434_16.0,hard,2022,R16,jan-lennard struff,ugo humbert,0.5237260460853577,1
2022-7434_17.0,hard,2022,R16,holger rune,lorenzo sonego,0.5422675013542175,1
2022-7434_18.0,hard,2022,R16,grigor dimitrov,ilya ivashka,0.3444966971874237,0
2022-7434_19.0,hard,2022,R16,aleksandar vukic,fernando verdasco,0.5010708570480347,1
2022-7434_2.0,hard,2022,R32,kamil majchrzak,ricardas berankis,0.6713441014289856,1
2022-7434_20.0,hard,2022,R16,jannik sinner,nuno borges,0.8897099494934082,1
2022-7434_21.0,hard,2022,QF,kamil majchrzak,marc-andrea huesler,0.5548952221870422,0
2022-7434_22.0,hard,2022,QF,jan-lennard struff,lorenzo musetti,0.462901771068573,0
2022-7434_23.0,hard,2022,QF,holger rune,ilya ivashka,0.439151406288147,1
2022-7434_24.0,hard,2022,QF,aleksandar vukic,jannik sinner,0.1465613842010498,0
2022-7434_25.0,hard,2022,SF,lorenzo musetti,marc-andrea huesler,0.5843937993049622,0
2022-7434_26.0,hard,2022,SF,holger rune,jannik sinner,0.3032192587852478,1
2022-7434_27.0,hard,2022,F,holger rune,marc-andrea huesler,0.6427860856056213,0
2022-7434_3.0,hard,2022,R32,dragos nicolae madaras,oscar otte,0.22688281536102295,0
2022-7434_4.0,hard,2022,R32,alexandar lazarov,jiri lehecka,0.4658115804195404,1
2022-7434_5.0,hard,2022,R32,dimitar kuzmanov,ugo humbert,0.3535444736480713,0
2022-7434_6.0,hard,2022,R32,dusan lajovic,jan-lennard struff,0.34800365567207336,0
2022-7434_7.0,hard,2022,R32,holger rune,tim van rijthoven,0.7367647290229797,1
2022-7434_8.0,hard,2022,R32,bernabe zapata miralles,lorenzo sonego,0.19520798325538635,0
2022-7434_9.0,hard,2022,R32,ilya ivashka,mikael ymer,0.35826408863067627,1
2022-7480_1.0,hard,2022,R32,alex hernandez,nicolas barrientos,0.6301686763763428,1
2022-7480_10.0,hard,2022,R32,quentin halys,ricardas berankis,0.43630000948905945,0
2022-7480_11.0,hard,2022,R32,ernesto escobedo,facundo bagnis,0.3437371551990509,0
2022-7480_12.0,hard,2022,R32,rinky hijikata,rodrigo pacheco mendez,0.83844393491745,1
2022-7480_13.0,hard,2022,R16,alex hernandez,felix auger-aliassime,0.25184017419815063,0
2022-7480_14.0,hard,2022,R16,steve johnson,thanasi kokkinakis,0.4696671962738037,1
2022-7480_15.0,hard,2022,R16,cameron norrie,chun-hsin tseng,0.848432719707489,1
2022-7480_16.0,hard,2022,R16,jason kubler,radu albot,0.4807628393173218,0
2022-7480_17.0,hard,2022,R16,brandon nakashima,max purcell,0.8041476011276245,1
2022-7480_18.0,hard,2022,R16,jordan thompson,miomir kecmanovic,0.43519267439842224,0
2022-7480_19.0,hard,2022,R16,facundo bagnis,ricardas berankis,0.3881711959838867,0
2022-7480_2.0,hard,2022,R32,gonzalo villanueva,steve johnson,0.25806787610054016,0
2022-7480_20.0,hard,2022,R16,daniil medvedev,rinky hijikata,0.8313828110694885,1
2022-7480_21.0,hard,2022,QF,felix auger-aliassime,steve johnson,0.7720030546188354,1
2022-7480_22.0,hard,2022,QF,cameron norrie,radu albot,0.6337336897850037,1
2022-7480_23.0,hard,2022,QF,brandon nakashima,miomir kecmanovic,0.43858957290649414,0
2022-7480_24.0,hard,2022,QF,daniil medvedev,ricardas berankis,0.894612729549408,1
2022-7480_25.0,hard,2022,SF,cameron norrie,felix auger-aliassime,0.4384680688381195,1
2022-7480_26.0,hard,2022,SF,daniil medvedev,miomir kecmanovic,0.8200125694274902,1
2022-7480_27.0,hard,2022,F,cameron norrie,daniil medvedev,0.3134887218475342,0
2022-7480_3.0,hard,2022,R32,fernando verdasco,thanasi kokkinakis,0.28204795718193054,0
2022-7480_4.0,hard,2022,R32,chun-hsin tseng,nick chappell,0.5230691432952881,1
2022-7480_5.0,hard,2022,R32,feliciano lopez,radu albot,0.31461238861083984,0
2022-7480_6.0,hard,2022,R32,jason kubler,tomas martin etcheverry,0.4500986635684967,1
2022-7480_7.0,hard,2022,R32,brandon nakashima,kaichi uchida,0.8160629272460938,1
2022-7480_8.0,hard,2022,R32,henri laaksonen,max purcell,0.32562437653541565,0
2022-7480_9.0,hard,2022,R32,jordan thompson,yannick hanfmann,0.6297042369842529,1
2022-7485_1.0,hard,2022,R32,geoffrey blancaneaux,manuel guinard,0.2629002034664154,0
2022-7485_10.0,hard,2022,R32,francisco cerundolo,marc-andrea huesler,0.6764751672744751,1
2022-7485_11.0,hard,2022,R32,dominic thiem,michael geerts,0.8826422095298767,1
2022-7485_12.0,hard,2022,R32,jack draper,jenson brooksby,0.6192875504493713,1
2022-7485_13.0,hard,2022,R16,felix auger-aliassime,manuel guinard,0.8588060140609741,1
2022-7485_14.0,hard,2022,R16,constant lestienne,daniel evans,0.21350030601024628,0
2022-7485_15.0,hard,2022,R16,david goffin,diego schwartzman,0.6572072505950928,1
2022-7485_16.0,hard,2022,R16,dominic stricker,richard gasquet,0.22009479999542236,0
2022-7485_17.0,hard,2022,R16,jaume munar,yoshihito nishioka,0.19884388148784637,0
2022-7485_18.0,hard,2022,R16,karen khachanov,sebastian korda,0.3679027557373047,0
2022-7485_19.0,hard,2022,R16,dominic thiem,francisco cerundolo,0.6976930499076843,1
2022-7485_2.0,hard,2022,R32,constant lestienne,jesper de jong,0.74470454454422,1
2022-7485_20.0,hard,2022,R16,hubert hurkacz,jack draper,0.8129076957702637,1
2022-7485_21.0,hard,2022,QF,daniel evans,felix auger-aliassime,0.2022683471441269,0
2022-7485_22.0,hard,2022,QF,david goffin,richard gasquet,0.3540838062763214,0
2022-7485_23.0,hard,2022,QF,sebastian korda,yoshihito nishioka,0.7062346339225769,1
2022-7485_24.0,hard,2022,QF,dominic thiem,hubert hurkacz,0.43722015619277954,1
2022-7485_25.0,hard,2022,SF,felix auger-aliassime,richard gasquet,0.778802216053009,1
2022-7485_26.0,hard,2022,SF,dominic thiem,sebastian korda,0.5060306787490845,0
2022-7485_27.0,hard,2022,F,felix auger-aliassime,sebastian korda,0.6585248708724976,1
2022-7485_3.0,hard,2022,R32,daniel evans,tallon griekspoor,0.7995682954788208,1
2022-7485_4.0,hard,2022,R32,david goffin,gilles arnaud bailly,0.9184241890907288,1
2022-7485_5.0,hard,2022,R32,richard gasquet,stan wawrinka,0.6981303095817566,1
2022-7485_6.0,hard,2022,R32,botic van de zandschulp,dominic stricker,0.5632675290107727,0
2022-7485_7.0,hard,2022,R32,luca van assche,yoshihito nishioka,0.1564079225063324,0
2022-7485_8.0,hard,2022,R32,jaume munar,tim van rijthoven,0.6619163155555725,1
2022-7485_9.0,hard,2022,R32,marcos giron,sebastian korda,0.20232126116752625,0
2022-7696_1.0,hard,2022,RR,chun-hsin tseng,dominic stricker,0.3241782486438751,0
2022-7696_10.0,hard,2022,RR,francesco passaro,matteo arnaldi,0.6222200393676758,1
2022-7696_11.0,hard,2022,RR,jiri lehecka,matteo arnaldi,0.6129002571105957,1
2022-7696_12.0,hard,2022,RR,brandon nakashima,matteo arnaldi,0.7911063432693481,1
2022-7696_13.0,hard,2022,SF,dominic stricker,jiri lehecka,0.5752444863319397,0
2022-7696_14.0,hard,2022,SF,brandon nakashima,jack draper,0.5351075530052185,1
2022-7696_15.0,hard,2022,F,brandon nakashima,jiri lehecka,0.7030901312828064,1
2022-7696_2.0,hard,2022,RR,dominic stricker,jack draper,0.22966298460960388,1
2022-7696_3.0,hard,2022,RR,chun-hsin tseng,jack draper,0.24648098647594452,0
2022-7696_4.0,hard,2022,RR,dominic stricker,lorenzo musetti,0.2983393371105194,1
2022-7696_5.0,hard,2022,RR,chun-hsin tseng,lorenzo musetti,0.1051548644900322,0
2022-7696_6.0,hard,2022,RR,jack draper,lorenzo musetti,0.3971151113510132,1
2022-7696_7.0,hard,2022,RR,francesco passaro,jiri lehecka,0.4843555688858032,0
2022-7696_8.0,hard,2022,RR,brandon nakashima,francesco passaro,0.7631850242614746,1
2022-7696_9.0,hard,2022,RR,brandon nakashima,jiri lehecka,0.8072968125343323,1
2022-807_1.0,hard,2022,R32,alexander zverev,jenson brooksby,0.8130053281784058,1
2022-807_10.0,hard,2022,R32,dusan lajovic,sebastian korda,0.25269627571105957,1
2022-807_11.0,hard,2022,R32,grigor dimitrov,stefan kozlov,0.8059764504432678,0
2022-807_12.0,hard,2022,R32,denis kudla,rafael nadal,0.11930249631404877,0
2022-807_13.0,hard,2022,R32,adrian mannarino,taylor fritz,0.4731758236885071,0
2022-807_14.0,hard,2022,R32,feliciano lopez,yoshihito nishioka,0.3622479736804962,0
2022-807_15.0,hard,2022,R32,alex hernandez,pablo andujar,0.2014738768339157,0
2022-807_16.0,hard,2022,R32,benoit paire,daniil medvedev,0.07848110795021057,0
2022-807_17.0,hard,2022,R16,alexander zverev,peter gojowczyk,0.9055494070053101,0
2022-807_18.0,hard,2022,R16,cameron norrie,john isner,0.67233806848526,1
2022-807_19.0,hard,2022,R16,j.j. wolf,stefanos tsitsipas,0.07617184519767761,0
2022-807_2.0,hard,2022,R32,brandon nakashima,peter gojowczyk,0.6238448023796082,0
2022-807_20.0,hard,2022,R16,marcos giron,pablo carreno busta,0.3398720324039459,1
2022-807_21.0,hard,2022,R16,dusan lajovic,tommy paul,0.2669830024242401,0
2022-807_22.0,hard,2022,R16,rafael nadal,stefan kozlov,0.9358438849449158,1
2022-807_23.0,hard,2022,R16,taylor fritz,yoshihito nishioka,0.8506238460540771,0
2022-807_24.0,hard,2022,R16,daniil medvedev,pablo andujar,0.9258870482444763,1
2022-807_25.0,hard,2022,QF,cameron norrie,peter gojowczyk,0.8070322275161743,1
2022-807_26.0,hard,2022,QF,marcos giron,stefanos tsitsipas,0.32851937413215637,0
2022-807_27.0,hard,2022,QF,rafael nadal,tommy paul,0.8318096995353699,1
2022-807_28.0,hard,2022,QF,daniil medvedev,yoshihito nishioka,0.9301338791847229,1
2022-807_29.0,hard,2022,SF,cameron norrie,stefanos tsitsipas,0.3418455421924591,1
2022-807_3.0,hard,2022,R32,fernando verdasco,john isner,0.5206985473632812,0
2022-807_30.0,hard,2022,SF,daniil medvedev,rafael nadal,0.49363043904304504,0
2022-807_31.0,hard,2022,F,cameron norrie,rafael nadal,0.1552901417016983,0
2022-807_4.0,hard,2022,R32,cameron norrie,daniel altmaier,0.8276554346084595,1
2022-807_5.0,hard,2022,R32,laslo djere,stefanos tsitsipas,0.12123198062181473,0
2022-807_6.0,hard,2022,R32,j.j. wolf,lorenzo sonego,0.387378990650177,1
2022-807_7.0,hard,2022,R32,john millman,marcos giron,0.47026559710502625,0
2022-807_8.0,hard,2022,R32,oscar otte,pablo carreno busta,0.2379714399576187,0
2022-807_9.0,hard,2022,R32,matteo berrettini,tommy paul,0.750349760055542,0
2022-8888_1.0,hard,2022,R128,aleksandre metreveli,federico delbonis,0.25180667638778687,0
2022-8888_10.0,hard,2022,R128,diego schwartzman,stefanos tsitsipas,0.35751593112945557,1
2022-8888_11.0,hard,2022,R128,kamil majchrzak,michail pervolarakis,0.7127417922019958,1
2022-8888_12.0,hard,2022,R128,aristotelis thanos,hubert hurkacz,0.04133373126387596,0
2022-8888_13.0,hard,2022,R128,daniel evans,john isner,0.31393522024154663,1
2022-8888_14.0,hard,2022,R128,cameron norrie,taylor fritz,0.6681814193725586,0
2022-8888_15.0,hard,2022,R128,brayden schnur,john isner,0.13080622255802155,0
2022-8888_16.0,hard,2022,R128,felix auger-aliassime,taylor fritz,0.5381966233253479,0
2022-8888_17.0,hard,2022,R128,daniel evans,denis shapovalov,0.6327803730964661,1
2022-8888_18.0,hard,2022,R128,cameron norrie,felix auger-aliassime,0.48249703645706177,0
2022-8888_19.0,hard,2022,R128,jan-lennard struff,john isner,0.21993257105350494,1
2022-8888_2.0,hard,2022,R128,diego schwartzman,nikoloz basilashvili,0.5879957675933838,1
2022-8888_20.0,hard,2022,R128,alexander zverev,taylor fritz,0.7062295079231262,1
2022-8888_21.0,hard,2022,R128,daniel evans,jan-lennard struff,0.611343264579773,1
2022-8888_22.0,hard,2022,R128,alexander zverev,cameron norrie,0.8367294669151306,1
2022-8888_23.0,hard,2022,R128,denis shapovalov,jan-lennard struff,0.5360584855079651,1
2022-8888_24.0,hard,2022,R128,alexander zverev,felix auger-aliassime,0.845241904258728,0
2022-8888_25.0,hard,2022,R128,arthur rinderknech,james duckworth,0.5965354442596436,1
2022-8888_26.0,hard,2022,R128,alex de minaur,ugo humbert,0.6279571056365967,1
2022-8888_27.0,hard,2022,R128,jannik sinner,max purcell,0.9104853272438049,1
2022-8888_28.0,hard,2022,R128,alex de minaur,matteo berrettini,0.23006251454353333,1
2022-8888_29.0,hard,2022,R128,arthur rinderknech,jannik sinner,0.16962562501430511,0
2022-8888_3.0,hard,2022,R128,aleksandre bakshi,kamil majchrzak,0.1555626541376114,0
2022-8888_30.0,hard,2022,R128,matteo berrettini,ugo humbert,0.7484844923019409,1
2022-8888_31.0,hard,2022,R128,james duckworth,roman safiullin,0.7225167751312256,0
2022-8888_32.0,hard,2022,R128,alex de minaur,daniil medvedev,0.08898420631885529,0
2022-8888_33.0,hard,2022,R128,arthur rinderknech,roman safiullin,0.6742337346076965,0
2022-8888_34.0,hard,2022,R128,daniil medvedev,ugo humbert,0.7585997581481934,0
2022-8888_35.0,hard,2022,R128,jannik sinner,roman safiullin,0.9182790517807007,1
2022-8888_36.0,hard,2022,R128,daniil medvedev,matteo berrettini,0.8596913814544678,1
2022-8888_37.0,hard,2022,R128,alejandro tabilo,pablo carreno busta,0.15091335773468018,0
2022-8888_38.0,hard,2022,R128,cristian garin,roberto bautista agut,0.19529150426387787,0
2022-8888_39.0,hard,2022,R128,pablo carreno busta,viktor durasovic,0.8953583240509033,1
2022-8888_4.0,hard,2022,R128,aleksandre metreveli,hubert hurkacz,0.08253350853919983,0
2022-8888_40.0,hard,2022,R128,casper ruud,roberto bautista agut,0.43471023440361023,0
2022-8888_41.0,hard,2022,R128,alejandro tabilo,viktor durasovic,0.6191545128822327,1
2022-8888_42.0,hard,2022,R128,casper ruud,cristian garin,0.8158320784568787,1
2022-8888_43.0,hard,2022,R128,filip krajinovic,pablo carreno busta,0.24551135301589966,0
2022-8888_44.0,hard,2022,R128,dusan lajovic,roberto bautista agut,0.13532283902168274,0
2022-8888_45.0,hard,2022,R128,alejandro tabilo,filip krajinovic,0.34112557768821716,0
2022-8888_46.0,hard,2022,R128,cristian garin,dusan lajovic,0.5815050005912781,1
2022-8888_47.0,hard,2022,R128,filip krajinovic,viktor durasovic,0.8097277879714966,1
2022-8888_48.0,hard,2022,R128,casper ruud,dusan lajovic,0.8329100608825684,1
2022-8888_49.0,hard,2022,SF,denis shapovalov,roman safiullin,0.7987099289894104,1
2022-8888_5.0,hard,2022,R128,federico delbonis,kamil majchrzak,0.607397735118866,0
2022-8888_50.0,hard,2022,SF,daniil medvedev,felix auger-aliassime,0.820121705532074,1
2022-8888_51.0,hard,2022,SF,jan zielinski,pablo carreno busta,0.05591992661356926,0
2022-8888_52.0,hard,2022,SF,hubert hurkacz,roberto bautista agut,0.5650718212127686,0
2022-8888_53.0,hard,2022,F,denis shapovalov,pablo carreno busta,0.3660432696342468,1
2022-8888_54.0,hard,2022,F,felix auger-aliassime,roberto bautista agut,0.7054066061973572,1
2022-8888_6.0,hard,2022,R128,diego schwartzman,hubert hurkacz,0.30628979206085205,0
2022-8888_7.0,hard,2022,R128,aleksandre metreveli,michail pervolarakis,0.3286910653114319,0
2022-8888_8.0,hard,2022,R128,nikoloz basilashvili,stefanos tsitsipas,0.25452256202697754,0
2022-8888_9.0,hard,2022,R128,federico delbonis,michail pervolarakis,0.7388825416564941,1
2022-891_1.0,hard,2022,R32,aleksandar vukic,hugo grenier,0.6662760972976685,1
2022-891_10.0,hard,2022,R32,ramkumar ramanathan,stefano travaglia,0.2985391616821289,0
2022-891_11.0,hard,2022,R32,jozef kovalik,yuki bhambri,0.7167134284973145,0
2022-891_12.0,hard,2022,R32,elias ymer,gian marco moroni,0.6241381764411926,1
2022-891_13.0,hard,2022,R16,aleksandar vukic,lorenzo musetti,0.7352073788642883,0
2022-891_14.0,hard,2022,R16,kamil majchrzak,quentin halys,0.6311295628547668,1
2022-891_15.0,hard,2022,R16,bernabe zapata miralles,jiri vesely,0.5281891822814941,0
2022-891_16.0,hard,2022,R16,emil ruusuvuori,vit kopriva,0.7111279368400574,1
2022-891_17.0,hard,2022,R16,daniel altmaier,radu albot,0.6507835984230042,1
2022-891_18.0,hard,2022,R16,gianluca mager,joao sousa,0.5685440897941589,0
2022-891_19.0,hard,2022,R16,stefano travaglia,yuki bhambri,0.797701358795166,1
2022-891_2.0,hard,2022,R32,jay clarke,kamil majchrzak,0.29302698373794556,0
2022-891_20.0,hard,2022,R16,aslan karatsev,elias ymer,0.6641995310783386,0
2022-891_21.0,hard,2022,QF,kamil majchrzak,lorenzo musetti,0.5179650783538818,1
2022-891_22.0,hard,2022,QF,emil ruusuvuori,jiri vesely,0.8300144076347351,1
2022-891_23.0,hard,2022,QF,daniel altmaier,joao sousa,0.5213637948036194,0
2022-891_24.0,hard,2022,QF,elias ymer,stefano travaglia,0.4977625608444214,1
2022-891_25.0,hard,2022,SF,emil ruusuvuori,kamil majchrzak,0.6196051836013794,1
2022-891_26.0,hard,2022,SF,elias ymer,joao sousa,0.4534495174884796,0
2022-891_27.0,hard,2022,F,emil ruusuvuori,joao sousa,0.6716009974479675,0
2022-891_3.0,hard,2022,R32,quentin halys,ricardas berankis,0.19972382485866547,1
2022-891_4.0,hard,2022,R32,bernabe zapata miralles,dennis novak,0.3455110490322113,1
2022-891_5.0,hard,2022,R32,cem ilkel,vit kopriva,0.631195068359375,0
2022-891_6.0,hard,2022,R32,egor gerasimov,emil ruusuvuori,0.3898806869983673,0
2022-891_7.0,hard,2022,R32,daniel altmaier,prajnesh gunneswaran,0.7365507483482361,1
2022-891_8.0,hard,2022,R32,federico gaio,radu albot,0.24046725034713745,0
2022-891_9.0,hard,2022,R32,arjun kadhe,joao sousa,0.16462105512619019,0
2022-8998_1.0,hard,2022,R32,aleksandar vukic,steve johnson,0.25785452127456665,0
2022-8998_10.0,hard,2022,R32,jiri vesely,tommy paul,0.412481427192688,0
2022-8998_11.0,hard,2022,R32,lorenzo musetti,taro daniel,0.38934770226478577,0
2022-8998_12.0,hard,2022,R32,alex bolt,juan manuel cerundolo,0.3631114065647125,0
2022-8998_13.0,hard,2022,R16,karen khachanov,steve johnson,0.7986346483230591,1
2022-8998_14.0,hard,2022,R16,egor gerasimov,gianluca mager,0.7096035480499268,1
2022-8998_15.0,hard,2022,R16,marin cilic,thiago monteiro,0.4993906617164612,1
2022-8998_16.0,hard,2022,R16,corentin moutet,laslo djere,0.7636662721633911,0
2022-8998_17.0,hard,2022,R16,mikael ymer,soonwoo kwon,0.43788132071495056,1
2022-8998_18.0,hard,2022,R16,frances tiafoe,thanasi kokkinakis,0.5192611217498779,0
2022-8998_19.0,hard,2022,R16,taro daniel,tommy paul,0.1332598626613617,0
2022-8998_2.0,hard,2022,R32,francisco cerundolo,gianluca mager,0.32190650701522827,0
2022-8998_20.0,hard,2022,R16,gael monfils,juan manuel cerundolo,0.8147597908973694,1
2022-8998_21.0,hard,2022,QF,egor gerasimov,karen khachanov,0.27990543842315674,0
2022-8998_22.0,hard,2022,QF,laslo djere,marin cilic,0.21890823543071747,0
2022-8998_23.0,hard,2022,QF,mikael ymer,thanasi kokkinakis,0.5720574855804443,0
2022-8998_24.0,hard,2022,QF,gael monfils,tommy paul,0.5932755470275879,1
2022-8998_25.0,hard,2022,SF,karen khachanov,marin cilic,0.5242584943771362,1
2022-8998_26.0,hard,2022,SF,gael monfils,thanasi kokkinakis,0.8646969199180603,1
2022-8998_27.0,hard,2022,F,gael monfils,karen khachanov,0.5403513312339783,1
2022-8998_3.0,hard,2022,R32,egor gerasimov,marton fucsovics,0.6363036036491394,1
2022-8998_4.0,hard,2022,R32,daniel altmaier,thiago monteiro,0.5395137667655945,0
2022-8998_5.0,hard,2022,R32,corentin moutet,holger rune,0.35500919818878174,1
2022-8998_6.0,hard,2022,R32,laslo djere,roberto carballes baena,0.5090658664703369,1
2022-8998_7.0,hard,2022,R32,soonwoo kwon,yoshihito nishioka,0.39939433336257935,1
2022-8998_8.0,hard,2022,R32,benjamin bonzi,mikael ymer,0.2655948996543884,0
2022-8998_9.0,hard,2022,R32,john millman,thanasi kokkinakis,0.39026862382888794,0
2022-9210_1.0,hard,2022,RR,felix auger-aliassime,novak djokovic,0.40599387884140015,1
2022-9210_2.0,hard,2022,RR,frances tiafoe,stefanos tsitsipas,0.3114786744117737,1
2022-9210_3.0,hard,2022,RR,felix auger-aliassime,matteo berrettini,0.609914243221283,0
2022-9210_4.0,hard,2022,RR,frances tiafoe,novak djokovic,0.19452045857906342,0
2022-9210_5.0,hard,2022,RR,cameron norrie,taylor fritz,0.5787851810455322,0
2022-9210_6.0,hard,2022,RR,alex de minaur,andy murray,0.5481123328208923,1
2022-9210_7.0,hard,2022,RR,casper ruud,jack sock,0.8962981700897217,1
2022-9210_8.0,hard,2022,RR,diego schwartzman,stefanos tsitsipas,0.20478223264217377,0
2022-9410_1.0,hard,2022,R32,albert ramos-vinolas,daniil medvedev,0.1225992739200592,0
2022-9410_10.0,hard,2022,R32,alexander bublik,tallon griekspoor,0.5601467490196228,1
2022-9410_11.0,hard,2022,R32,alexander shevchenko,luca nardi,0.7242968082427979,0
2022-9410_12.0,hard,2022,R32,mikhail kukushkin,stefanos tsitsipas,0.05869923532009125,0
2022-9410_13.0,hard,2022,R32,andrey rublev,laslo djere,0.8400385975837708,1
2022-9410_14.0,hard,2022,R32,aslan karatsev,zhizhen zhang,0.37390193343162537,0
2022-9410_15.0,hard,2022,R32,adrian mannarino,stan wawrinka,0.673649251461029,1
2022-9410_16.0,hard,2022,R32,carlos alcaraz,david goffin,0.8589515686035156,0
2022-9410_17.0,hard,2022,R16,daniil medvedev,emil ruusuvuori,0.8242026567459106,1
2022-9410_18.0,hard,2022,R16,pavel kotov,roberto bautista agut,0.08250117301940918,0
2022-9410_19.0,hard,2022,R16,botic van de zandschulp,novak djokovic,0.12261686474084854,0
2022-9410_2.0,hard,2022,R32,emil ruusuvuori,marc-andrea huesler,0.5421224236488342,1
2022-9410_20.0,hard,2022,R16,karen khachanov,marin cilic,0.488202840089798,1
2022-9410_21.0,hard,2022,R16,alexander bublik,hubert hurkacz,0.3096356987953186,0
2022-9410_22.0,hard,2022,R16,luca nardi,stefanos tsitsipas,0.1677493453025818,0
2022-9410_23.0,hard,2022,R16,andrey rublev,zhizhen zhang,0.7017285227775574,1
2022-9410_24.0,hard,2022,R16,adrian mannarino,david goffin,0.596917450428009,1
2022-9410_25.0,hard,2022,QF,daniil medvedev,roberto bautista agut,0.6574167609214783,1
2022-9410_26.0,hard,2022,QF,karen khachanov,novak djokovic,0.17627140879631042,0
2022-9410_27.0,hard,2022,QF,hubert hurkacz,stefanos tsitsipas,0.4072476625442505,0
2022-9410_28.0,hard,2022,QF,adrian mannarino,andrey rublev,0.28679966926574707,0
2022-9410_29.0,hard,2022,SF,daniil medvedev,novak djokovic,0.35446110367774963,0
2022-9410_3.0,hard,2022,R32,alejandro davidovich fokina,pavel kotov,0.5288524627685547,0
2022-9410_30.0,hard,2022,SF,andrey rublev,stefanos tsitsipas,0.478462815284729,0
2022-9410_31.0,hard,2022,F,novak djokovic,stefanos tsitsipas,0.7133521437644958,1
2022-9410_4.0,hard,2022,R32,felix auger-aliassime,roberto bautista agut,0.45060816407203674,0
2022-9410_5.0,hard,2022,R32,cristian garin,novak djokovic,0.03416214510798454,0
2022-9410_6.0,hard,2022,R32,beibit zhukayev,botic van de zandschulp,0.15849119424819946,0
2022-9410_7.0,hard,2022,R32,karen khachanov,maxime cressy,0.43303555250167847,1
2022-9410_8.0,hard,2022,R32,marin cilic,oscar otte,0.7837799787521362,1
2022-9410_9.0,hard,2022,R32,francisco cerundolo,hubert hurkacz,0.2302013784646988,0
2022-9569_1.0,hard,2022,R32,henri laaksonen,mackenzie mcdonald,0.5644873976707458,0
2022-9569_10.0,hard,2022,R32,alejandro tabilo,steve johnson,0.6063207387924194,1
2022-9569_11.0,hard,2022,R32,brandon holt,constant lestienne,0.6421276330947876,0
2022-9569_12.0,hard,2022,R32,emilio nava,taro daniel,0.437431275844574,0
2022-9569_13.0,hard,2022,R16,jenson brooksby,mackenzie mcdonald,0.6058567762374878,1
2022-9569_14.0,hard,2022,R16,christopher o'connell,j.j. wolf,0.3621286153793335,1
2022-9569_15.0,hard,2022,R16,daniel elahi galan,pedro martinez,0.7136451601982117,1
2022-9569_16.0,hard,2022,R16,brandon nakashima,denis kudla,0.7106935381889343,1
2022-9569_17.0,hard,2022,R16,james duckworth,mitchell krueger,0.6678710579872131,1
2022-9569_18.0,hard,2022,R16,marcos giron,tomas martin etcheverry,0.6867772936820984,1
2022-9569_19.0,hard,2022,R16,alejandro tabilo,constant lestienne,0.5841164588928223,0
2022-9569_2.0,hard,2022,R32,christopher o'connell,jason kubler,0.23334942758083344,1
2022-9569_20.0,hard,2022,R16,daniel evans,taro daniel,0.6930229663848877,1
2022-9569_21.0,hard,2022,QF,christopher o'connell,jenson brooksby,0.4017788767814636,1
2022-9569_22.0,hard,2022,QF,brandon nakashima,daniel elahi galan,0.5856836438179016,1
2022-9569_23.0,hard,2022,QF,james duckworth,marcos giron,0.487896591424942,0
2022-9569_24.0,hard,2022,QF,constant lestienne,daniel evans,0.21472491323947906,0
2022-9569_25.0,hard,2022,SF,brandon nakashima,christopher o'connell,0.7030410766601562,1
2022-9569_26.0,hard,2022,SF,daniel evans,marcos giron,0.6599864363670349,0
2022-9569_27.0,hard,2022,F,brandon nakashima,marcos giron,0.7225454449653625,1
2022-9569_3.0,hard,2022,R32,j.j. wolf,stefan kozlov,0.6702390313148499,1
2022-9569_4.0,hard,2022,R32,daniel elahi galan,marc-andrea huesler,0.579724133014679,1
2022-9569_5.0,hard,2022,R32,denis kudla,fernando verdasco,0.4700518548488617,1
2022-9569_6.0,hard,2022,R32,brandon nakashima,zachary svajda,0.8384521007537842,1
2022-9569_7.0,hard,2022,R32,alexei popyrin,james duckworth,0.4538099467754364,0
2022-9569_8.0,hard,2022,R32,christopher eubanks,mitchell krueger,0.6619212031364441,0
2022-9569_9.0,hard,2022,R32,facundo mena,tomas martin etcheverry,0.751124382019043,0
2022-9663_1.0,hard,2022,F,andy murray,aslan karatsev,0.645467221736908,0
2022-9663_10.0,hard,2022,R16,daniel evans,pedro martinez,0.8028145432472229,1
2022-9663_11.0,hard,2022,R16,dusan lajovic,maxime cressy,0.2772971987724304,0
2022-9663_12.0,hard,2022,R16,brandon nakashima,fabio fognini,0.6448956727981567,1
2022-9663_13.0,hard,2022,R16,jordan thompson,reilly opelka,0.3529137969017029,0
2022-9663_14.0,hard,2022,R16,david goffin,denis kudla,0.7301550507545471,1
2022-9663_15.0,hard,2022,R16,andy murray,nikoloz basilashvili,0.6154932975769043,1
2022-9663_16.0,hard,2022,R32,miomir kecmanovic,stefano travaglia,0.7142293453216553,1
2022-9663_17.0,hard,2022,R32,christopher o'connell,sebastian baez,0.33581191301345825,0
2022-9663_18.0,hard,2022,R32,hugo gaston,lorenzo sonego,0.237360417842865,0
2022-9663_19.0,hard,2022,R32,alexei popyrin,pedro martinez,0.340703547000885,0
2022-9663_2.0,hard,2022,SF,aslan karatsev,daniel evans,0.538476288318634,1
2022-9663_20.0,hard,2022,R32,adrian mannarino,maxime cressy,0.31180331110954285,0
2022-9663_21.0,hard,2022,R32,alejandro davidovich fokina,dusan lajovic,0.3551340401172638,0
2022-9663_22.0,hard,2022,R32,daniel altmaier,fabio fognini,0.2476133108139038,0
2022-9663_23.0,hard,2022,R32,brandon nakashima,jiri vesely,0.7826266884803772,1
2022-9663_24.0,hard,2022,R32,jordan thompson,marcos giron,0.5448271036148071,1
2022-9663_25.0,hard,2022,R32,david goffin,facundo bagnis,0.7787018418312073,1
2022-9663_26.0,hard,2022,R32,denis kudla,federico delbonis,0.6389961838722229,1
2022-9663_27.0,hard,2022,R32,andy murray,viktor durasovic,0.8809320330619812,1
2022-9663_3.0,hard,2022,SF,andy murray,reilly opelka,0.4737042486667633,1
2022-9663_4.0,hard,2022,QF,aslan karatsev,lorenzo sonego,0.7546197175979614,1
2022-9663_5.0,hard,2022,QF,daniel evans,maxime cressy,0.7123091220855713,1
2022-9663_6.0,hard,2022,QF,brandon nakashima,reilly opelka,0.4759061336517334,0
2022-9663_7.0,hard,2022,QF,andy murray,david goffin,0.6412269473075867,1
2022-9663_8.0,hard,2022,R16,aslan karatsev,miomir kecmanovic,0.8385421633720398,1
2022-9663_9.0,hard,2022,R16,lorenzo sonego,sebastian baez,0.7670495510101318,1
2022-9665_1.0,hard,2022,R32,maxime cressy,rinky hijikata,0.7949199676513672,1
2022-9665_10.0,hard,2022,R32,dominik koepfer,tallon griekspoor,0.7347536683082581,0
2022-9665_11.0,hard,2022,R32,alexei popyrin,stefano travaglia,0.7608890533447266,1
2022-9665_12.0,hard,2022,R32,marcos giron,ricardas berankis,0.7705767750740051,0
2022-9665_13.0,hard,2022,R16,maxime cressy,reilly opelka,0.5771788954734802,1
2022-9665_14.0,hard,2022,R16,henri laaksonen,jaume munar,0.7868635654449463,0
2022-9665_15.0,hard,2022,R16,facundo bagnis,grigor dimitrov,0.35597988963127136,0
2022-9665_16.0,hard,2022,R16,botic van de zandschulp,mackenzie mcdonald,0.5485038757324219,1
2022-9665_17.0,hard,2022,R16,emil ruusuvuori,jordan thompson,0.5131816267967224,1
2022-9665_18.0,hard,2022,R16,alex molcan,david goffin,0.5453466773033142,1
2022-9665_19.0,hard,2022,R16,alexei popyrin,tallon griekspoor,0.5908482670783997,0
2022-9665_2.0,hard,2022,R32,jaume munar,kevin anderson,0.3758847415447235,1
2022-9665_20.0,hard,2022,R16,rafael nadal,ricardas berankis,0.8789932131767273,1
2022-9665_21.0,hard,2022,QF,jaume munar,maxime cressy,0.37160658836364746,0
2022-9665_22.0,hard,2022,QF,botic van de zandschulp,grigor dimitrov,0.3613860309123993,0
2022-9665_23.0,hard,2022,QF,alex molcan,emil ruusuvuori,0.39212098717689514,0
2022-9665_24.0,hard,2022,QF,rafael nadal,tallon griekspoor,0.8926877379417419,1
2022-9665_25.0,hard,2022,SF,grigor dimitrov,maxime cressy,0.7847535014152527,0
2022-9665_26.0,hard,2022,SF,emil ruusuvuori,rafael nadal,0.10019586980342865,0
2022-9665_27.0,hard,2022,F,maxime cressy,rafael nadal,0.22805310785770416,0
2022-9665_3.0,hard,2022,R32,benoit paire,henri laaksonen,0.29389479756355286,0
2022-9665_4.0,hard,2022,R32,andy murray,facundo bagnis,0.871272087097168,0
2022-9665_5.0,hard,2022,R32,adrian mannarino,botic van de zandschulp,0.31031233072280884,0
2022-9665_6.0,hard,2022,R32,mackenzie mcdonald,peter gojowczyk,0.6338804364204407,1
2022-9665_7.0,hard,2022,R32,emil ruusuvuori,sebastian baez,0.6341856718063354,1
2022-9665_8.0,hard,2022,R32,christopher o'connell,jordan thompson,0.2867882251739502,0
2022-9665_9.0,hard,2022,R32,alex molcan,andreas seppi,0.3103175461292267,1
2022-9667_1.0,hard,2022,F,arthur rinderknech,thanasi kokkinakis,0.6756598949432373,0
2022-9667_10.0,hard,2022,R16,gianluca mager,karen khachanov,0.20716765522956848,0
2022-9667_11.0,hard,2022,R16,arthur rinderknech,soonwoo kwon,0.43406227231025696,1
2022-9667_12.0,hard,2022,R16,benjamin bonzi,tommy paul,0.17184048891067505,0
2022-9667_13.0,hard,2022,R16,jaume munar,marin cilic,0.1347404271364212,0
2022-9667_14.0,hard,2022,R16,aleksandar vukic,steve johnson,0.5009975433349609,1
2022-9667_15.0,hard,2022,R16,john isner,thanasi kokkinakis,0.43059083819389343,0
2022-9667_16.0,hard,2022,R32,thiago monteiro,yoshihito nishioka,0.7282416224479675,1
2022-9667_17.0,hard,2022,R32,corentin moutet,jan-lennard struff,0.6303196549415588,1
2022-9667_18.0,hard,2022,R32,botic van de zandschulp,marton fucsovics,0.3720889091491699,0
2022-9667_19.0,hard,2022,R32,egor gerasimov,gianluca mager,0.4289412498474121,0
2022-9667_2.0,hard,2022,SF,arthur rinderknech,corentin moutet,0.5267918109893799,1
2022-9667_20.0,hard,2022,R32,arthur rinderknech,mackenzie mcdonald,0.6988096833229065,1
2022-9667_21.0,hard,2022,R32,lloyd harris,soonwoo kwon,0.3933532238006592,0
2022-9667_22.0,hard,2022,R32,frances tiafoe,tommy paul,0.35737428069114685,0
2022-9667_23.0,hard,2022,R32,benjamin bonzi,roberto carballes baena,0.577280580997467,1
2022-9667_24.0,hard,2022,R32,jaume munar,john millman,0.5420412421226501,1
2022-9667_25.0,hard,2022,R32,aleksandar vukic,alexander bublik,0.5574188828468323,1
2022-9667_26.0,hard,2022,R32,alex bolt,steve johnson,0.3113515079021454,0
2022-9667_27.0,hard,2022,R32,benoit paire,thanasi kokkinakis,0.23744608461856842,0
2022-9667_3.0,hard,2022,SF,marin cilic,thanasi kokkinakis,0.6687771081924438,0
2022-9667_4.0,hard,2022,QF,corentin moutet,thiago monteiro,0.7328349351882935,1
2022-9667_5.0,hard,2022,QF,arthur rinderknech,karen khachanov,0.2583194971084595,1
2022-9667_6.0,hard,2022,QF,marin cilic,tommy paul,0.3498511016368866,1
2022-9667_7.0,hard,2022,QF,aleksandar vukic,thanasi kokkinakis,0.18849335610866547,0
2022-9667_8.0,hard,2022,R16,gael monfils,thiago monteiro,0.7536861300468445,0
2022-9667_9.0,hard,2022,R16,corentin moutet,marton fucsovics,0.41981080174446106,1
2022-M-DC-2022-FLS-1-A-M-ARG-CRO-01_1.0,hard,2022,RR,borna gojo,sebastian baez,0.3806386888027191,1
2022-M-DC-2022-FLS-1-A-M-ARG-CRO-01_2.0,hard,2022,RR,borna coric,francisco cerundolo,0.7060260772705078,1
2022-M-DC-2022-FLS-1-A-M-ARG-SWE-01_1.0,hard,2022,RR,elias ymer,sebastian baez,0.34741756319999695,1
2022-M-DC-2022-FLS-1-A-M-ARG-SWE-01_2.0,hard,2022,RR,diego schwartzman,mikael ymer,0.6889666318893433,0
2022-M-DC-2022-FLS-1-A-M-CRO-SWE-01_1.0,hard,2022,RR,borna gojo,elias ymer,0.5007952451705933,0
2022-M-DC-2022-FLS-1-A-M-CRO-SWE-01_2.0,hard,2022,RR,borna coric,mikael ymer,0.7319026589393616,1
2022-M-DC-2022-FLS-1-A-M-ITA-ARG-01_1.0,hard,2022,RR,matteo berrettini,sebastian baez,0.8076223731040955,1
2022-M-DC-2022-FLS-1-A-M-ITA-ARG-01_2.0,hard,2022,RR,francisco cerundolo,jannik sinner,0.19333285093307495,0
2022-M-DC-2022-FLS-1-A-M-ITA-CRO-01_1.0,hard,2022,RR,borna gojo,lorenzo musetti,0.2949657440185547,0
2022-M-DC-2022-FLS-1-A-M-ITA-CRO-01_2.0,hard,2022,RR,borna coric,matteo berrettini,0.4097135066986084,0
2022-M-DC-2022-FLS-1-A-M-ITA-SWE-01_1.0,hard,2022,RR,elias ymer,matteo berrettini,0.1773577630519867,0
2022-M-DC-2022-FLS-1-A-M-ITA-SWE-01_2.0,hard,2022,RR,jannik sinner,mikael ymer,0.8252330422401428,0
2022-M-DC-2022-FLS-2-B-M-ESP-CAN-01_1.0,hard,2022,RR,roberto bautista agut,vasek pospisil,0.7678733468055725,1
2022-M-DC-2022-FLS-2-B-M-ESP-CAN-01_2.0,hard,2022,RR,carlos alcaraz,felix auger-aliassime,0.5703712701797485,0
2022-M-DC-2022-FLS-2-B-M-ESP-KOR-01_1.0,hard,2022,RR,roberto bautista agut,tung-lin wu,0.8413183093070984,1
2022-M-DC-2022-FLS-2-B-M-ESP-KOR-01_2.0,hard,2022,RR,carlos alcaraz,soonwoo kwon,0.8709882497787476,1
2022-M-DC-2022-FLS-2-B-M-ESP-SRB-01_1.0,hard,2022,RR,albert ramos-vinolas,laslo djere,0.5233021378517151,1
2022-M-DC-2022-FLS-2-B-M-ESP-SRB-01_2.0,hard,2022,RR,miomir kecmanovic,roberto bautista agut,0.3957836925983429,0
2022-M-DC-2022-FLS-2-B-M-KOR-CAN-01_1.0,hard,2022,RR,tung-lin wu,vasek pospisil,0.21634353697299957,0
2022-M-DC-2022-FLS-2-B-M-KOR-CAN-01_2.0,hard,2022,RR,felix auger-aliassime,soonwoo kwon,0.7991756796836853,0
2022-M-DC-2022-FLS-2-B-M-KOR-SRB-01_1.0,hard,2022,RR,dusan lajovic,tung-lin wu,0.37511974573135376,1
2022-M-DC-2022-FLS-2-B-M-KOR-SRB-01_2.0,hard,2022,RR,miomir kecmanovic,soonwoo kwon,0.6448884606361389,1
2022-M-DC-2022-FLS-2-B-M-SRB-CAN-01_1.0,hard,2022,RR,gabriel diallo,laslo djere,0.2138427346944809,0
2022-M-DC-2022-FLS-2-B-M-SRB-CAN-01_2.0,hard,2022,RR,felix auger-aliassime,miomir kecmanovic,0.6051372289657593,1
2022-M-DC-2022-FLS-3-C-M-AUS-BEL-01_1.0,hard,2022,RR,jason kubler,zizou bergs,0.7299759387969971,1
2022-M-DC-2022-FLS-3-C-M-AUS-BEL-01_2.0,hard,2022,RR,alex de minaur,david goffin,0.7584530115127563,1
2022-M-DC-2022-FLS-3-C-M-FRA-AUS-01_1.0,hard,2022,RR,jason kubler,richard gasquet,0.5885454416275024,0
2022-M-DC-2022-FLS-3-C-M-FRA-AUS-01_2.0,hard,2022,RR,alex de minaur,benjamin bonzi,0.7177712917327881,1
2022-M-DC-2022-FLS-3-C-M-FRA-BEL-01_1.0,hard,2022,RR,michael geerts,richard gasquet,0.17768459022045135,0
2022-M-DC-2022-FLS-3-C-M-FRA-BEL-01_2.0,hard,2022,RR,benjamin bonzi,david goffin,0.46008431911468506,0
2022-M-DC-2022-FLS-3-C-M-FRA-GER-01_1.0,hard,2022,RR,benjamin bonzi,jan-lennard struff,0.7148768901824951,0
2022-M-DC-2022-FLS-3-C-M-FRA-GER-01_2.0,hard,2022,RR,adrian mannarino,oscar otte,0.5983220338821411,1
2022-M-DC-2022-FLS-3-C-M-GER-AUS-01_1.0,hard,2022,RR,jan-lennard struff,max purcell,0.7250263690948486,1
2022-M-DC-2022-FLS-3-C-M-GER-AUS-01_2.0,hard,2022,RR,oscar otte,thanasi kokkinakis,0.6558531522750854,0
2022-M-DC-2022-FLS-3-C-M-GER-BEL-01_1.0,hard,2022,RR,jan-lennard struff,zizou bergs,0.6510141491889954,1
2022-M-DC-2022-FLS-3-C-M-GER-BEL-01_2.0,hard,2022,RR,david goffin,oscar otte,0.40533187985420227,1
2022-M-DC-2022-FLS-4-D-M-GBR-KAZ-01_1.0,hard,2022,RR,andy murray,dmitry popko,0.8458497524261475,1
2022-M-DC-2022-FLS-4-D-M-GBR-KAZ-01_2.0,hard,2022,RR,alexander bublik,cameron norrie,0.2339732050895691,1
2022-M-DC-2022-FLS-4-D-M-GBR-NED-01_1.0,hard,2022,RR,daniel evans,tallon griekspoor,0.7153968214988708,1
2022-M-DC-2022-FLS-4-D-M-GBR-NED-01_2.0,hard,2022,RR,botic van de zandschulp,cameron norrie,0.24224157631397247,1
2022-M-DC-2022-FLS-4-D-M-KAZ-NED-01_1.0,hard,2022,RR,mikhail kukushkin,tallon griekspoor,0.29548364877700806,0
2022-M-DC-2022-FLS-4-D-M-KAZ-NED-01_2.0,hard,2022,RR,alexander bublik,botic van de zandschulp,0.4742162525653839,0
2022-M-DC-2022-FLS-4-D-M-USA-GBR-01_1.0,hard,2022,RR,daniel evans,tommy paul,0.4456412196159363,0
2022-M-DC-2022-FLS-4-D-M-USA-GBR-01_2.0,hard,2022,RR,cameron norrie,taylor fritz,0.5512393116950989,1
2022-M-DC-2022-FLS-4-D-M-USA-KAZ-01_1.0,hard,2022,RR,mikhail kukushkin,tommy paul,0.14422591030597687,0
2022-M-DC-2022-FLS-4-D-M-USA-KAZ-01_2.0,hard,2022,RR,alexander bublik,taylor fritz,0.3213830292224884,0
2022-M-DC-2022-FLS-4-D-M-USA-NED-01_1.0,hard,2022,RR,tallon griekspoor,tommy paul,0.2852623164653778,1
2022-M-DC-2022-FLS-4-D-M-USA-NED-01_2.0,hard,2022,RR,botic van de zandschulp,taylor fritz,0.3508608937263489,1
2022-M-DC-2022-FLS-M-AUS-CRO-01_1.0,hard,2022,RR,borna coric,thanasi kokkinakis,0.8361872434616089,1
2022-M-DC-2022-FLS-M-AUS-CRO-01_2.0,hard,2022,RR,alex de minaur,marin cilic,0.5200340151786804,1
2022-M-DC-2022-FLS-M-AUS-NED-01_1.0,hard,2022,RR,jordan thompson,tallon griekspoor,0.36320561170578003,1
2022-M-DC-2022-FLS-M-AUS-NED-01_2.0,hard,2022,RR,alex de minaur,botic van de zandschulp,0.6421353220939636,1
2022-M-DC-2022-FLS-M-CAN-AUS-01_1.0,hard,2022,RR,denis shapovalov,thanasi kokkinakis,0.7515413165092468,1
2022-M-DC-2022-FLS-M-CAN-AUS-01_2.0,hard,2022,RR,alex de minaur,felix auger-aliassime,0.27263620495796204,0
2022-M-DC-2022-FLS-M-CRO-ESP-01_1.0,hard,2022,RR,borna coric,roberto bautista agut,0.539981484413147,1
2022-M-DC-2022-FLS-M-CRO-ESP-01_2.0,hard,2022,RR,marin cilic,pablo carreno busta,0.4687485992908478,1
2022-M-DC-2022-FLS-M-GER-CAN-01_1.0,hard,2022,RR,denis shapovalov,jan-lennard struff,0.8156634569168091,0
2022-M-DC-2022-FLS-M-GER-CAN-01_2.0,hard,2022,RR,felix auger-aliassime,oscar otte,0.8955563902854919,1
2022-M-DC-2022-FLS-M-ITA-CAN-01_1.0,hard,2022,RR,denis shapovalov,lorenzo sonego,0.7057246565818787,0
2022-M-DC-2022-FLS-M-ITA-CAN-01_2.0,hard,2022,RR,felix auger-aliassime,lorenzo musetti,0.7928661704063416,1
2022-M-DC-2022-FLS-M-ITA-USA-01_1.0,hard,2022,RR,frances tiafoe,lorenzo sonego,0.7658231258392334,0
2022-M-DC-2022-FLS-M-ITA-USA-01_2.0,hard,2022,RR,lorenzo musetti,taylor fritz,0.19339202344417572,0
2022-M-DC-2022-QLS-M-AUS-HUN-01_1.0,hard,2022,RR,alex de minaur,zsombor piros,0.8053155541419983,1
2022-M-DC-2022-QLS-M-AUS-HUN-01_2.0,hard,2022,RR,marton fucsovics,thanasi kokkinakis,0.5306397676467896,1
2022-M-DC-2022-QLS-M-AUS-HUN-01_3.0,hard,2022,RR,alex de minaur,marton fucsovics,0.5774245858192444,1
2022-M-DC-2022-QLS-M-AUS-HUN-01_4.0,hard,2022,RR,thanasi kokkinakis,zsombor piros,0.7742589712142944,1
2022-M-DC-2022-QLS-M-AUT-KOR-01_1.0,hard,2022,RR,dennis novak,jisung nam,0.8786827921867371,1
2022-M-DC-2022-QLS-M-AUT-KOR-01_2.0,hard,2022,RR,jurij rodionov,soonwoo kwon,0.2278166562318802,0
2022-M-DC-2022-QLS-M-AUT-KOR-01_3.0,hard,2022,RR,dennis novak,soonwoo kwon,0.1694210171699524,0
2022-M-DC-2022-QLS-M-BEL-FIN-01_1.0,hard,2022,RR,david goffin,otto virtanen,0.7762359380722046,1
2022-M-DC-2022-QLS-M-BEL-FIN-01_2.0,hard,2022,RR,emil ruusuvuori,zizou bergs,0.7110517024993896,1
2022-M-DC-2022-QLS-M-BEL-FIN-01_3.0,hard,2022,RR,david goffin,emil ruusuvuori,0.5530378222465515,1
2022-M-DC-2022-QLS-M-BEL-FIN-01_4.0,hard,2022,RR,otto virtanen,zizou bergs,0.3077179491519928,0
2022-M-DC-2022-QLS-M-FRA-ECU-01_1.0,hard,2022,RR,arthur rinderknech,emilio gomez,0.7902500033378601,1
2022-M-DC-2022-QLS-M-FRA-ECU-01_2.0,hard,2022,RR,adrian mannarino,roberto quiroz,0.8264968395233154,1
2022-M-DC-2022-QLS-M-FRA-ECU-01_3.0,hard,2022,RR,benjamin bonzi,cayetano march,0.8623268008232117,1
2022-M-DC-2022-QLS-M-ITA-SVK-01_1.0,hard,2022,RR,jannik sinner,norbert gombos,0.8547746539115906,1
2022-M-DC-2022-QLS-M-ITA-SVK-01_2.0,hard,2022,RR,filip horansky,lorenzo sonego,0.42644256353378296,1
2022-M-DC-2022-QLS-M-ITA-SVK-01_3.0,hard,2022,RR,filip horansky,jannik sinner,0.04560338333249092,0
2022-M-DC-2022-QLS-M-ITA-SVK-01_4.0,hard,2022,RR,lorenzo musetti,norbert gombos,0.7369207143783569,1
2022-M-DC-2022-QLS-M-KAZ-NOR-01_1.0,hard,2022,RR,casper ruud,mikhail kukushkin,0.8199375867843628,1
2022-M-DC-2022-QLS-M-KAZ-NOR-01_2.0,hard,2022,RR,alexander bublik,viktor durasovic,0.8719537854194641,1
2022-M-DC-2022-QLS-M-KAZ-NOR-01_3.0,hard,2022,RR,alexander bublik,casper ruud,0.15349821746349335,1
2022-M-DC-2022-QLS-M-SWE-JPN-01_1.0,hard,2022,RR,dragos nicolae madaras,yosuke watanuki,0.4799956977367401,0
2022-M-DC-2022-QLS-M-SWE-JPN-01_2.0,hard,2022,RR,elias ymer,taro daniel,0.4752785563468933,1
2022-M-DC-2022-QLS-M-SWE-JPN-01_3.0,hard,2022,RR,dragos nicolae madaras,taro daniel,0.416936457157135,0
2022-M-DC-2022-QLS-M-SWE-JPN-01_4.0,hard,2022,RR,elias ymer,yosuke watanuki,0.6705068945884705,1
2022-M-DC-2022-QLS-M-USA-COL-01_1.0,hard,2022,RR,nicolas mejia,sebastian korda,0.13850824534893036,0
2022-M-DC-2022-QLS-M-USA-COL-01_2.0,hard,2022,RR,alejandro gonzalez,taylor fritz,0.0961536094546318,0
2022-M-DC-2022-QLS-M-USA-COL-01_3.0,hard,2022,RR,nicolas mejia,tommy paul,0.28445515036582947,0
2022-M-DC-2022-WG1-M-BRA-POR-01_1.0,hard,2022,RR,felipe meligeni alves,joao sousa,0.3011229336261749,0
2022-M-DC-2022-WG1-M-BRA-POR-01_2.0,hard,2022,RR,nuno borges,thiago monteiro,0.40724003314971924,1
2022-M-DC-2022-WG1-M-BRA-POR-01_3.0,hard,2022,RR,joao sousa,thiago monteiro,0.49916717410087585,1
2022-M-DC-2022-WG1-M-CZE-ISR-01_1.0,hard,2022,RR,daniel cukierman,jiri lehecka,0.20361319184303284,0
2022-M-DC-2022-WG1-M-CZE-ISR-01_2.0,hard,2022,RR,edan leshem,tomas machac,0.42403510212898254,0
2022-M-DC-2022-WG1-M-CZE-ISR-01_3.0,hard,2022,RR,edan leshem,jiri lehecka,0.2271578460931778,0
2022-M-DC-2022-WG1-M-ECU-SUI-01_1.0,hard,2022,RR,marc-andrea huesler,roberto quiroz,0.5955619812011719,1
2022-M-DC-2022-WG1-M-ECU-SUI-01_2.0,hard,2022,RR,emilio gomez,henri laaksonen,0.3398881256580353,1
2022-M-DC-2022-WG1-M-ECU-SUI-01_3.0,hard,2022,RR,emilio gomez,marc-andrea huesler,0.6334841847419739,1
2022-M-DC-2022-WG1-M-ECU-SUI-01_4.0,hard,2022,RR,alexander ritschard,roberto quiroz,0.6220824122428894,1
2022-M-DC-2022-WG1-M-FIN-NZL-01_1.0,hard,2022,RR,emil ruusuvuori,kiranpal pannu,0.9112509489059448,1
2022-M-DC-2022-WG1-M-FIN-NZL-01_2.0,hard,2022,RR,ajeet rai,otto virtanen,0.25966212153434753,0
2022-M-DC-2022-WG1-M-FIN-NZL-01_3.0,hard,2022,RR,emil ruusuvuori,isaac becroft,0.8953235149383545,1
2022-M-DC-2022-WG1-M-FIN-NZL-01_4.0,hard,2022,RR,eero vasa,kiranpal pannu,0.27315065264701843,1
2022-M-DC-2022-WG1-M-HUN-UKR-01_1.0,hard,2022,RR,marton fucsovics,viacheslav bielinskyi,0.8722388744354248,1
2022-M-DC-2022-WG1-M-HUN-UKR-01_2.0,hard,2022,RR,vladyslav orlov,zsombor piros,0.4421415328979492,0
2022-M-DC-2022-WG1-M-HUN-UKR-01_3.0,hard,2022,RR,illya beloborodko,marton fucsovics,0.09621217101812363,0
2022-M-DC-2022-WG1-M-IND-NOR-01_1.0,hard,2022,RR,casper ruud,prajnesh gunneswaran,0.9541885256767273,1
2022-M-DC-2022-WG1-M-IND-NOR-01_2.0,hard,2022,RR,ramkumar ramanathan,viktor durasovic,0.5975592136383057,0
2022-M-DC-2022-WG1-M-IND-NOR-01_3.0,hard,2022,RR,lukas hellum-lilleengen,sumit nagal,0.2798703908920288,0
2022-M-DC-2022-WG1-M-JPN-UZB-01_1.0,hard,2022,RR,denis istomin,sho shimabukuro,0.33305129408836365,0
2022-M-DC-2022-WG1-M-JPN-UZB-01_2.0,hard,2022,RR,sergey fomin,shintaro mochizuki,0.35523512959480286,1
2022-M-DC-2022-WG1-M-JPN-UZB-01_3.0,hard,2022,RR,sergey fomin,sho shimabukuro,0.4771387279033661,1
2022-M-DC-2022-WG1-PO-UZB-TUR-01_1.0,hard,2022,RR,cem ilkel,sanjar fayziev,0.7168581485748291,0
2022-M-DC-2022-WG1-PO-UZB-TUR-01_2.0,hard,2022,RR,altug celikbilek,sergey fomin,0.8171788454055786,1
2022-M-DC-2022-WG1-PO-UZB-TUR-01_3.0,hard,2022,RR,altug celikbilek,sanjar fayziev,0.5488379597663879,1
2022-M-DC-2022-WG1-PO-UZB-TUR-01_4.0,hard,2022,RR,cem ilkel,sergey fomin,0.6850891709327698,1
2022-M-DC-2022-WG2-M-BAR-IRL-01_1.0,hard,2022,RR,matthew foster-estwick,simon carr,0.1949337273836136,0
2022-M-DC-2022-WG2-M-BAR-IRL-01_2.0,hard,2022,RR,darian king,osgar o'hoisin,0.5621922016143799,1
2022-M-DC-2022-WG2-M-BAR-IRL-01_3.0,hard,2022,RR,darian king,simon carr,0.7469081282615662,1
2022-M-DC-2022-WG2-M-BAR-IRL-01_4.0,hard,2022,RR,kaipo marshall,osgar o'hoisin,0.12465092539787292,0
2022-M-DC-2022-WG2-M-BOL-THA-01_1.0,hard,2022,RR,federico zeballos,kasidit samrej,0.27554941177368164,0
2022-M-DC-2022-WG2-M-BOL-THA-01_2.0,hard,2022,RR,murkel dellien,yuttana charoenphon,0.7490045428276062,0
2022-M-DC-2022-WG2-M-BOL-THA-01_3.0,hard,2022,RR,kasidit samrej,murkel dellien,0.3753250539302826,1
2022-M-DC-2022-WG2-M-DEN-ESA-01_1.0,hard,2022,RR,elmer moller,marcelo arevalo,0.36923742294311523,0
2022-M-DC-2022-WG2-M-DEN-ESA-01_2.0,hard,2022,RR,cesar cruz,johannes ingildsen,0.20909689366817474,0
2022-M-DC-2022-WG2-M-DEN-ESA-01_3.0,hard,2022,RR,christian sigsgaard,marcelo arevalo,0.5716080069541931,0
2022-M-DC-2022-WG2-M-DEN-ESA-01_4.0,hard,2022,RR,cesar cruz,elmer moller,0.1447601467370987,0
2022-M-DC-2022-WG2-M-DOM-LAT-01_1.0,hard,2022,RR,peter bertran,robert strombachs,0.6239028573036194,0
2022-M-DC-2022-WG2-M-DOM-LAT-01_2.0,hard,2022,RR,karlis ozolins,nick hardt,0.14930249750614166,1
2022-M-DC-2022-WG2-M-DOM-LAT-01_3.0,hard,2022,RR,daniels tens,nick hardt,0.1213194727897644,0
2022-M-DC-2022-WG2-M-DOM-LAT-01_4.0,hard,2022,RR,karlis ozolins,peter bertran,0.32387813925743103,0
2022-M-DC-2022-WG2-M-LBN-MON-01_1.0,hard,2022,RR,hady habib,valentin vacherot,0.33551448583602905,1
2022-M-DC-2022-WG2-M-LBN-MON-01_2.0,hard,2022,RR,benjamin hassan,lucas catarina,0.7210227847099304,1
2022-M-DC-2022-WG2-M-LBN-MON-01_3.0,hard,2022,RR,benjamin hassan,valentin vacherot,0.3541087210178375,0
2022-M-DC-2022-WG2-M-LBN-MON-01_4.0,hard,2022,RR,hady habib,hugo nys,0.8195186853408813,1
2022-M-DC-2022-WG2-M-LTU-EGY-01_1.0,hard,2022,RR,edas butvilas,mohamed safwat,0.19197462499141693,0
2022-M-DC-2022-WG2-M-LTU-EGY-01_2.0,hard,2022,RR,amr elsayed abdou ah mohamed,ricardas berankis,0.026582401245832443,0
2022-M-DC-2022-WG2-M-LTU-EGY-01_3.0,hard,2022,RR,mohamed safwat,ricardas berankis,0.32383015751838684,0
2022-M-DC-2022-WG2-M-LTU-EGY-01_4.0,hard,2022,RR,ainius sabaliauskas,michael bassem sobhy,0.2964111268520355,1
2022-M-DC-2022-WG2-M-POL-INA-01_1.0,hard,2022,RR,kamil majchrzak,nathan anthony barki,0.9340621829032898,1
2022-M-DC-2022-WG2-M-POL-INA-01_2.0,hard,2022,RR,m rifki fitriadi,olaf pieczkowski,0.23993903398513794,0
2022-M-DC-2022-WG2-M-POL-INA-01_3.0,hard,2022,RR,kamil majchrzak,tegar abdi satrio wibowo,0.9394516348838806,1
2022-M-DC-2022-WG2-M-POL-INA-01_4.0,hard,2022,RR,lucky candra kurniawan,olaf pieczkowski,0.15891407430171967,0
2022-M-DC-2022-WG2-M-TPE-HKG-01_1.0,hard,2022,RR,coleman wong,jason jung,0.3253785967826843,1
2022-M-DC-2022-WG2-M-TPE-HKG-01_2.0,hard,2022,RR,hong kit wong,tung-lin wu,0.12863482534885406,0
2022-M-DC-2022-WG2-M-TPE-HKG-01_3.0,hard,2022,RR,coleman wong,tung-lin wu,0.2444562315940857,0
2022-M-DC-2022-WG2-M-TUN-GRE-01_1.0,hard,2022,RR,aziz dougaz,stefanos tsitsipas,0.06938531249761581,0
2022-M-DC-2022-WG2-M-TUN-GRE-01_2.0,hard,2022,RR,michail pervolarakis,skander mansouri,0.2569146156311035,1
2022-M-DC-2022-WG2-M-TUN-GRE-01_3.0,hard,2022,RR,skander mansouri,stefanos tsitsipas,0.17298734188079834,0
2022-M-DC-2022-WG2-PO-HKG-BEN-01_1.0,hard,2022,RR,alexis klegou,hong kit wong,0.3849540054798126,0
2022-M-DC-2022-WG2-PO-HKG-BEN-01_2.0,hard,2022,RR,coleman wong,delmas n'tcha,0.7372413873672485,1
2022-M-DC-2022-WG2-PO-HKG-BEN-01_3.0,hard,2022,RR,ki lung ng,sylvestre monnou,0.5018987655639648,0
2023-1536_1.0,clay,2023,R128,andrea vavassori,andy murray,0.1934829205274582,1
2023-1536_10.0,clay,2023,R128,marcos giron,nuno borges,0.5189561247825623,1
2023-1536_11.0,clay,2023,R128,bernabe zapata miralles,mackenzie mcdonald,0.6389710307121277,1
2023-1536_12.0,clay,2023,R128,nicolas jarry,roman safiullin,0.7063837647438049,0
2023-1536_13.0,clay,2023,R128,adrian mannarino,tomas martin etcheverry,0.1850835084915161,0
2023-1536_14.0,clay,2023,R128,abdullah shelbayh,pedro cachin,0.5158804059028625,0
2023-1536_15.0,clay,2023,R128,jan-lennard struff,lorenzo sonego,0.39539724588394165,1
2023-1536_16.0,clay,2023,R128,dusan lajovic,jason kubler,0.7229759693145752,1
2023-1536_17.0,clay,2023,R128,alexander bublik,daniel elahi galan,0.6576788425445557,1
2023-1536_18.0,clay,2023,R128,albert ramos-vinolas,ilya ivashka,0.3159602880477905,1
2023-1536_19.0,clay,2023,R128,hugo gaston,jeremy chardy,0.5889822244644165,1
2023-1536_2.0,clay,2023,R128,alexander shevchenko,j.j. wolf,0.5912995934486389,1
2023-1536_20.0,clay,2023,R128,martin landaluce,richard gasquet,0.13079358637332916,0
2023-1536_21.0,clay,2023,R128,juan pablo varillas,yannick hanfmann,0.5352119207382202,0
2023-1536_22.0,clay,2023,R128,oscar otte,pavel kotov,0.3895331919193268,1
2023-1536_23.0,clay,2023,R128,jaume munar,thanasi kokkinakis,0.738385796546936,1
2023-1536_24.0,clay,2023,R128,benoit paire,matteo arnaldi,0.2519356608390808,0
2023-1536_25.0,clay,2023,R128,maxime cressy,stan wawrinka,0.48701295256614685,0
2023-1536_26.0,clay,2023,R128,alex molcan,yibing wu,0.7309039831161499,1
2023-1536_27.0,clay,2023,R128,alexei popyrin,quentin halys,0.542866051197052,0
2023-1536_28.0,clay,2023,R128,borna gojo,thiago monteiro,0.3451409935951233,0
2023-1536_29.0,clay,2023,R128,david goffin,roberto carballes baena,0.4800957143306732,0
2023-1536_3.0,clay,2023,R128,aslan karatsev,laslo djere,0.28800222277641296,1
2023-1536_30.0,clay,2023,R128,diego schwartzman,hugo grenier,0.7802822589874268,0
2023-1536_31.0,clay,2023,R128,emilio nava,gregoire barrere,0.3557429015636444,0
2023-1536_32.0,clay,2023,R128,emil ruusuvuori,ugo humbert,0.6489482522010803,1
2023-1536_33.0,clay,2023,R64,andrea vavassori,daniil medvedev,0.12724001705646515,0
2023-1536_34.0,clay,2023,R64,alexander shevchenko,jiri lehecka,0.3589283227920532,1
2023-1536_35.0,clay,2023,R64,aslan karatsev,botic van de zandschulp,0.32910338044166565,1
2023-1536_36.0,clay,2023,R64,alex de minaur,marco cecchinato,0.6076164245605469,1
2023-1536_37.0,clay,2023,R64,cameron norrie,yosuke watanuki,0.6880638599395752,1
2023-1536_38.0,clay,2023,R64,denis shapovalov,zhizhen zhang,0.7514908909797668,0
2023-1536_39.0,clay,2023,R64,cristian garin,miomir kecmanovic,0.4673571288585663,1
2023-1536_4.0,clay,2023,R128,marco cecchinato,marton fucsovics,0.34890109300613403,1
2023-1536_40.0,clay,2023,R64,christopher o'connell,taylor fritz,0.23950615525245667,0
2023-1536_41.0,clay,2023,R64,dominic thiem,stefanos tsitsipas,0.1683482825756073,0
2023-1536_42.0,clay,2023,R64,marcos giron,sebastian baez,0.35029497742652893,0
2023-1536_43.0,clay,2023,R64,bernabe zapata miralles,daniel evans,0.759964108467102,1
2023-1536_44.0,clay,2023,R64,roman safiullin,tommy paul,0.46955546736717224,1
2023-1536_45.0,clay,2023,R64,frances tiafoe,tomas martin etcheverry,0.5300821661949158,1
2023-1536_46.0,clay,2023,R64,francisco cerundolo,pedro cachin,0.610282838344574,0
2023-1536_47.0,clay,2023,R64,ben shelton,jan-lennard struff,0.47854721546173096,0
2023-1536_48.0,clay,2023,R64,dusan lajovic,felix auger-aliassime,0.5765321850776672,1
2023-1536_49.0,clay,2023,R64,alexander bublik,holger rune,0.25050219893455505,0
2023-1536_5.0,clay,2023,R128,corentin moutet,yosuke watanuki,0.33442920446395874,0
2023-1536_50.0,clay,2023,R64,albert ramos-vinolas,alejandro davidovich fokina,0.2159358561038971,0
2023-1536_51.0,clay,2023,R64,borna coric,hugo gaston,0.5349962115287781,1
2023-1536_52.0,clay,2023,R64,hubert hurkacz,richard gasquet,0.5931529402732849,1
2023-1536_53.0,clay,2023,R64,lorenzo musetti,yannick hanfmann,0.669527530670166,0
2023-1536_54.0,clay,2023,R64,daniel altmaier,oscar otte,0.3990015685558319,1
2023-1536_55.0,clay,2023,R64,jaume munar,tallon griekspoor,0.5678409934043884,1
2023-1536_56.0,clay,2023,R64,casper ruud,matteo arnaldi,0.7951263189315796,0
2023-1536_57.0,clay,2023,R64,andrey rublev,stan wawrinka,0.7297159433364868,1
2023-1536_58.0,clay,2023,R64,alex molcan,yoshihito nishioka,0.6286665201187134,0
2023-1536_59.0,clay,2023,R64,quentin halys,roberto bautista agut,0.5484448075294495,0
2023-1536_6.0,clay,2023,R128,jurij rodionov,zhizhen zhang,0.6481615900993347,0
2023-1536_60.0,clay,2023,R64,karen khachanov,thiago monteiro,0.7370569109916687,1
2023-1536_61.0,clay,2023,R64,alexander zverev,roberto carballes baena,0.7273201942443848,1
2023-1536_62.0,clay,2023,R64,hugo grenier,sebastian korda,0.3952830135822296,1
2023-1536_63.0,clay,2023,R64,gregoire barrere,grigor dimitrov,0.3415921628475189,0
2023-1536_64.0,clay,2023,R64,carlos alcaraz,emil ruusuvuori,0.9088908433914185,1
2023-1536_65.0,clay,2023,R32,alexander shevchenko,daniil medvedev,0.15746335685253143,0
2023-1536_66.0,clay,2023,R32,alex de minaur,aslan karatsev,0.7269885540008545,0
2023-1536_67.0,clay,2023,R32,cameron norrie,zhizhen zhang,0.8159805536270142,0
2023-1536_68.0,clay,2023,R32,cristian garin,taylor fritz,0.32388031482696533,0
2023-1536_69.0,clay,2023,R32,sebastian baez,stefanos tsitsipas,0.15674647688865662,0
2023-1536_7.0,clay,2023,R128,cristian garin,marc-andrea huesler,0.659163773059845,1
2023-1536_70.0,clay,2023,R32,bernabe zapata miralles,roman safiullin,0.6763601303100586,1
2023-1536_71.0,clay,2023,R32,frances tiafoe,pedro cachin,0.7384992241859436,0
2023-1536_72.0,clay,2023,R32,dusan lajovic,jan-lennard struff,0.5851802229881287,0
2023-1536_73.0,clay,2023,R32,alejandro davidovich fokina,holger rune,0.29337599873542786,1
2023-1536_74.0,clay,2023,R32,borna coric,hubert hurkacz,0.5397341847419739,1
2023-1536_75.0,clay,2023,R32,daniel altmaier,yannick hanfmann,0.4681357443332672,1
2023-1536_76.0,clay,2023,R32,jaume munar,matteo arnaldi,0.5996078252792358,1
2023-1536_77.0,clay,2023,R32,andrey rublev,yoshihito nishioka,0.7938251495361328,1
2023-1536_78.0,clay,2023,R32,karen khachanov,roberto bautista agut,0.6576586961746216,1
2023-1536_79.0,clay,2023,R32,alexander zverev,hugo grenier,0.8878287076950073,1
2023-1536_8.0,clay,2023,R128,christopher o'connell,filip krajinovic,0.4132254719734192,1
2023-1536_80.0,clay,2023,R32,carlos alcaraz,grigor dimitrov,0.8782719969749451,1
2023-1536_81.0,clay,2023,R16,aslan karatsev,daniil medvedev,0.20783770084381104,1
2023-1536_82.0,clay,2023,R16,taylor fritz,zhizhen zhang,0.8522710800170898,0
2023-1536_83.0,clay,2023,R16,bernabe zapata miralles,stefanos tsitsipas,0.1498611718416214,0
2023-1536_84.0,clay,2023,R16,jan-lennard struff,pedro cachin,0.6616897583007812,1
2023-1536_85.0,clay,2023,R16,alejandro davidovich fokina,borna coric,0.6176279783248901,0
2023-1536_86.0,clay,2023,R16,daniel altmaier,jaume munar,0.3398308753967285,1
2023-1536_87.0,clay,2023,R16,andrey rublev,karen khachanov,0.5891827940940857,0
2023-1536_88.0,clay,2023,R16,alexander zverev,carlos alcaraz,0.2609977722167969,0
2023-1536_89.0,clay,2023,QF,aslan karatsev,zhizhen zhang,0.4568204879760742,1
2023-1536_9.0,clay,2023,R128,dominic thiem,kyle edmund,0.6152926087379456,1
2023-1536_90.0,clay,2023,QF,jan-lennard struff,stefanos tsitsipas,0.1179710403084755,1
2023-1536_91.0,clay,2023,QF,borna coric,daniel altmaier,0.7975047826766968,1
2023-1536_92.0,clay,2023,QF,carlos alcaraz,karen khachanov,0.7681153416633606,1
2023-1536_93.0,clay,2023,SF,aslan karatsev,jan-lennard struff,0.4031984806060791,0
2023-1536_94.0,clay,2023,SF,borna coric,carlos alcaraz,0.11143875867128372,0
2023-1536_95.0,clay,2023,F,carlos alcaraz,jan-lennard struff,0.9204633831977844,1
2023-2841_1.0,clay,2023,R32,hugo gaston,juan pablo varillas,0.6014915704727173,0
2023-2841_10.0,clay,2023,R32,gregoire barrere,hamad medjedovic,0.7404159307479858,1
2023-2841_11.0,clay,2023,R32,dusan lajovic,filip krajinovic,0.5560530424118042,1
2023-2841_12.0,clay,2023,R32,luca van assche,stan wawrinka,0.475138396024704,1
2023-2841_13.0,clay,2023,R16,andrey rublev,juan pablo varillas,0.8287662267684937,1
2023-2841_14.0,clay,2023,R16,damir dzumhur,richard gasquet,0.43052148818969727,1
2023-2841_15.0,clay,2023,R16,borna coric,laslo djere,0.48238328099250793,0
2023-2841_16.0,clay,2023,R16,alex molcan,alexei popyrin,0.36818626523017883,1
2023-2841_17.0,clay,2023,R16,jiri lehecka,radu albot,0.7842751741409302,1
2023-2841_18.0,clay,2023,R16,abdullah shelbayh,miomir kecmanovic,0.2945573329925537,0
2023-2841_19.0,clay,2023,R16,dusan lajovic,gregoire barrere,0.6411814093589783,1
2023-2841_2.0,clay,2023,R32,damir dzumhur,liam broady,0.3576674461364746,1
2023-2841_20.0,clay,2023,R16,luca van assche,novak djokovic,0.07143354415893555,0
2023-2841_21.0,clay,2023,QF,andrey rublev,damir dzumhur,0.8674615621566772,1
2023-2841_22.0,clay,2023,QF,alex molcan,laslo djere,0.5789917707443237,1
2023-2841_23.0,clay,2023,QF,jiri lehecka,miomir kecmanovic,0.5158959627151489,0
2023-2841_24.0,clay,2023,QF,dusan lajovic,novak djokovic,0.10711072385311127,1
2023-2841_25.0,clay,2023,SF,alex molcan,andrey rublev,0.3063032031059265,0
2023-2841_26.0,clay,2023,SF,dusan lajovic,miomir kecmanovic,0.46555694937705994,1
2023-2841_27.0,clay,2023,F,andrey rublev,dusan lajovic,0.8684682250022888,0
2023-2841_3.0,clay,2023,R32,dino prizmic,richard gasquet,0.2485145628452301,0
2023-2841_4.0,clay,2023,R32,laslo djere,roman safiullin,0.7477142810821533,1
2023-2841_5.0,clay,2023,R32,alex molcan,taro daniel,0.7054152488708496,1
2023-2841_6.0,clay,2023,R32,alexei popyrin,tallon griekspoor,0.5351558923721313,1
2023-2841_7.0,clay,2023,R32,gael monfils,jiri lehecka,0.23710507154464722,0
2023-2841_8.0,clay,2023,R32,federico coria,radu albot,0.38471877574920654,0
2023-2841_9.0,clay,2023,R32,abdullah shelbayh,elias ymer,0.3217024803161621,1
2023-308_1.0,clay,2023,R32,marton fucsovics,max hans rehberg,0.8200478553771973,1
2023-308_10.0,clay,2023,R32,lorenzo sonego,quentin halys,0.6754929423332214,1
2023-308_11.0,clay,2023,R32,cristian garin,marko topo,0.824251115322113,1
2023-308_12.0,clay,2023,R32,thiago monteiro,yannick hanfmann,0.3487313389778137,0
2023-308_13.0,clay,2023,R16,marton fucsovics,taylor fritz,0.21610242128372192,0
2023-308_14.0,clay,2023,R16,dominic thiem,marc-andrea huesler,0.6257880926132202,1
2023-308_15.0,clay,2023,R16,aslan karatsev,botic van de zandschulp,0.32366928458213806,0
2023-308_16.0,clay,2023,R16,alexander ritschard,marcos giron,0.4658074975013733,0
2023-308_17.0,clay,2023,R16,flavio cobolli,oscar otte,0.5471176505088806,1
2023-308_18.0,clay,2023,R16,alexander zverev,christopher o'connell,0.9014362096786499,0
2023-308_19.0,clay,2023,R16,cristian garin,lorenzo sonego,0.38693681359291077,1
2023-308_2.0,clay,2023,R32,constant lestienne,dominic thiem,0.3630231022834778,0
2023-308_20.0,clay,2023,R16,holger rune,yannick hanfmann,0.7469406127929688,1
2023-308_21.0,clay,2023,QF,dominic thiem,taylor fritz,0.3372781276702881,0
2023-308_22.0,clay,2023,QF,botic van de zandschulp,marcos giron,0.6675893664360046,1
2023-308_23.0,clay,2023,QF,christopher o'connell,flavio cobolli,0.5657603144645691,1
2023-308_24.0,clay,2023,QF,cristian garin,holger rune,0.21242892742156982,0
2023-308_25.0,clay,2023,SF,botic van de zandschulp,taylor fritz,0.32338809967041016,1
2023-308_26.0,clay,2023,SF,christopher o'connell,holger rune,0.16224147379398346,0
2023-308_27.0,clay,2023,F,botic van de zandschulp,holger rune,0.23755162954330444,0
2023-308_3.0,clay,2023,R32,kyle edmund,marc-andrea huesler,0.2693365812301636,0
2023-308_4.0,clay,2023,R32,aslan karatsev,daniel altmaier,0.5103311538696289,1
2023-308_5.0,clay,2023,R32,alexander ritschard,jan-lennard struff,0.1989104449748993,1
2023-308_6.0,clay,2023,R32,marcos giron,roberto carballes baena,0.5054933428764343,1
2023-308_7.0,clay,2023,R32,oscar otte,sebastian baez,0.1805097758769989,1
2023-308_8.0,clay,2023,R32,flavio cobolli,jordan thompson,0.34332913160324097,1
2023-308_9.0,clay,2023,R32,christopher o'connell,ugo humbert,0.5279315710067749,1
2023-314_1.0,clay,2023,R32,arthur fils,dominic stricker,0.558577835559845,0
2023-314_10.0,clay,2023,R32,roberto carballes baena,stan wawrinka,0.5127707123756409,0
2023-314_11.0,clay,2023,R32,alexander ritschard,jaume munar,0.25680091977119446,0
2023-314_12.0,clay,2023,R32,pedro cachin,taro daniel,0.48688220977783203,1
2023-314_13.0,clay,2023,R16,dominic stricker,miomir kecmanovic,0.6667768359184265,0
2023-314_14.0,clay,2023,R16,jurij rodionov,zizou bergs,0.5837602019309998,0
2023-314_15.0,clay,2023,R16,albert ramos-vinolas,lorenzo sonego,0.4816148281097412,1
2023-314_16.0,clay,2023,R16,facundo bagnis,juan pablo varillas,0.21159294247627258,0
2023-314_17.0,clay,2023,R16,dominic thiem,hamad medjedovic,0.4058225154876709,0
2023-314_18.0,clay,2023,R16,daniel altmaier,yannick hanfmann,0.4848599433898926,0
2023-314_19.0,clay,2023,R16,jaume munar,stan wawrinka,0.4973798394203186,1
2023-314_2.0,clay,2023,R32,jurij rodionov,marc-andrea huesler,0.36292940378189087,1
2023-314_20.0,clay,2023,R16,pedro cachin,roberto bautista agut,0.6311875581741333,1
2023-314_21.0,clay,2023,QF,miomir kecmanovic,zizou bergs,0.7026638388633728,1
2023-314_22.0,clay,2023,QF,albert ramos-vinolas,juan pablo varillas,0.3447047173976898,1
2023-314_23.0,clay,2023,QF,hamad medjedovic,yannick hanfmann,0.3840120732784271,1
2023-314_24.0,clay,2023,QF,jaume munar,pedro cachin,0.41912657022476196,0
2023-314_25.0,clay,2023,SF,albert ramos-vinolas,miomir kecmanovic,0.29714345932006836,1
2023-314_26.0,clay,2023,SF,hamad medjedovic,pedro cachin,0.43419939279556274,0
2023-314_27.0,clay,2023,F,albert ramos-vinolas,pedro cachin,0.3286741375923157,0
2023-314_3.0,clay,2023,R32,laslo djere,zizou bergs,0.8621360063552856,0
2023-314_4.0,clay,2023,R32,albert ramos-vinolas,fabio fognini,0.5491666793823242,1
2023-314_5.0,clay,2023,R32,arthur rinderknech,facundo bagnis,0.7169046998023987,0
2023-314_6.0,clay,2023,R32,juan pablo varillas,otto virtanen,0.7448328733444214,1
2023-314_7.0,clay,2023,R32,hamad medjedovic,zhizhen zhang,0.40821734070777893,1
2023-314_8.0,clay,2023,R32,alexandre muller,dominic thiem,0.35430389642715454,0
2023-314_9.0,clay,2023,R32,benjamin bonzi,daniel altmaier,0.3783170282840729,0
2023-316_1.0,clay,2023,R32,marco cecchinato,pavel kotov,0.6277662515640259,0
2023-316_10.0,clay,2023,R32,sebastian ofner,tomas martin etcheverry,0.331281840801239,1
2023-316_11.0,clay,2023,R32,bernabe zapata miralles,hugo dellien,0.6561140418052673,1
2023-316_12.0,clay,2023,R32,alexander shevchenko,juan manuel cerundolo,0.4873736500740051,1
2023-316_13.0,clay,2023,R16,andrey rublev,pavel kotov,0.6990447044372559,1
2023-316_14.0,clay,2023,R16,alexander zverev,thiago monteiro,0.8753687739372253,1
2023-316_15.0,clay,2023,R16,francisco cerundolo,luca van assche,0.5830179452896118,1
2023-316_16.0,clay,2023,R16,federico coria,leo borg,0.6231978535652161,1
2023-316_17.0,clay,2023,R16,filip misolic,jozef kovalik,0.6220546960830688,1
2023-316_18.0,clay,2023,R16,lorenzo musetti,matteo arnaldi,0.623107373714447,1
2023-316_19.0,clay,2023,R16,bernabe zapata miralles,sebastian ofner,0.4421102702617645,0
2023-316_2.0,clay,2023,R32,daniel elahi galan,thiago monteiro,0.38524365425109863,0
2023-316_20.0,clay,2023,R16,alexander shevchenko,casper ruud,0.1533784717321396,0
2023-316_21.0,clay,2023,QF,alexander zverev,andrey rublev,0.39861148595809937,0
2023-316_22.0,clay,2023,QF,federico coria,francisco cerundolo,0.21461999416351318,0
2023-316_23.0,clay,2023,QF,filip misolic,lorenzo musetti,0.21315382421016693,0
2023-316_24.0,clay,2023,QF,casper ruud,sebastian ofner,0.6262925267219543,1
2023-316_25.0,clay,2023,SF,andrey rublev,francisco cerundolo,0.6015597581863403,1
2023-316_26.0,clay,2023,SF,casper ruud,lorenzo musetti,0.5164991021156311,1
2023-316_27.0,clay,2023,F,andrey rublev,casper ruud,0.4683499336242676,1
2023-316_3.0,clay,2023,R32,alex molcan,alexander zverev,0.18412873148918152,0
2023-316_4.0,clay,2023,R32,dragos nicolae madaras,luca van assche,0.22995103895664215,0
2023-316_5.0,clay,2023,R32,elias ymer,leo borg,0.7377355694770813,0
2023-316_6.0,clay,2023,R32,federico coria,sebastian baez,0.2810092866420746,1
2023-316_7.0,clay,2023,R32,alejandro davidovich fokina,jozef kovalik,0.877652645111084,0
2023-316_8.0,clay,2023,R32,dusan lajovic,filip misolic,0.6543959975242615,0
2023-316_9.0,clay,2023,R32,emil ruusuvuori,matteo arnaldi,0.6234425902366638,0
2023-319_1.0,clay,2023,R32,arthur rinderknech,juan manuel cerundolo,0.4681221842765808,1
2023-319_10.0,clay,2023,R32,daniel altmaier,marc-andrea huesler,0.6190469861030579,1
2023-319_11.0,clay,2023,R32,daniel elahi galan,marco cecchinato,0.4922425150871277,1
2023-319_12.0,clay,2023,R32,filip misolic,guido andreozzi,0.6616234183311462,0
2023-319_13.0,clay,2023,R16,arthur rinderknech,yannick hanfmann,0.5208497643470764,1
2023-319_14.0,clay,2023,R16,dominic thiem,zhizhen zhang,0.44500958919525146,1
2023-319_15.0,clay,2023,R16,albert ramos-vinolas,pedro cachin,0.42754119634628296,0
2023-319_16.0,clay,2023,R16,laslo djere,thiago seyboth wild,0.6488729119300842,1
2023-319_17.0,clay,2023,R16,roberto carballes baena,sebastian baez,0.5333733558654785,0
2023-319_18.0,clay,2023,R16,alex molcan,sebastian ofner,0.6767362356185913,1
2023-319_19.0,clay,2023,R16,daniel altmaier,daniel elahi galan,0.6899859309196472,0
2023-319_2.0,clay,2023,R32,dominic thiem,facundo bagnis,0.7410420179367065,1
2023-319_20.0,clay,2023,R16,guido andreozzi,tomas martin etcheverry,0.12308274209499359,0
2023-319_21.0,clay,2023,QF,arthur rinderknech,dominic thiem,0.5154608488082886,0
2023-319_22.0,clay,2023,QF,laslo djere,pedro cachin,0.595646858215332,1
2023-319_23.0,clay,2023,QF,alex molcan,sebastian baez,0.5195291638374329,0
2023-319_24.0,clay,2023,QF,daniel elahi galan,tomas martin etcheverry,0.27647194266319275,0
2023-319_25.0,clay,2023,SF,dominic thiem,laslo djere,0.3300666809082031,1
2023-319_26.0,clay,2023,SF,sebastian baez,tomas martin etcheverry,0.45066118240356445,1
2023-319_27.0,clay,2023,F,dominic thiem,sebastian baez,0.37033218145370483,0
2023-319_3.0,clay,2023,R32,dusan lajovic,zhizhen zhang,0.4440510869026184,0
2023-319_4.0,clay,2023,R32,albert ramos-vinolas,juan pablo varillas,0.5023577213287354,1
2023-319_5.0,clay,2023,R32,dennis novak,thiago seyboth wild,0.2715035080909729,0
2023-319_6.0,clay,2023,R32,christopher o'connell,laslo djere,0.2568167448043823,0
2023-319_7.0,clay,2023,R32,guido pella,roberto carballes baena,0.38400930166244507,0
2023-319_8.0,clay,2023,R32,hamad medjedovic,sebastian baez,0.2579846978187561,0
2023-319_9.0,clay,2023,R32,alex molcan,luca van assche,0.5908645391464233,1
2023-322_1.0,clay,2023,R32,alexander bublik,marcos giron,0.5802039504051208,0
2023-322_10.0,clay,2023,R32,stefano travaglia,tallon griekspoor,0.20548544824123383,0
2023-322_11.0,clay,2023,R32,dusan lajovic,nicolas jarry,0.4576076567173004,0
2023-322_12.0,clay,2023,R32,hugo dellien,j.j. wolf,0.4132598638534546,0
2023-322_13.0,clay,2023,R16,marcos giron,taylor fritz,0.19951245188713074,0
2023-322_14.0,clay,2023,R16,adrian mannarino,ilya ivashka,0.273422509431839,0
2023-322_15.0,clay,2023,R16,grigor dimitrov,roberto carballes baena,0.6071687340736389,1
2023-322_16.0,clay,2023,R16,bernabe zapata miralles,christopher o'connell,0.7130004167556763,0
2023-322_17.0,clay,2023,R16,marco cecchinato,yibing wu,0.5257182121276855,0
2023-322_18.0,clay,2023,R16,alexander zverev,christopher eubanks,0.8163400888442993,1
2023-322_19.0,clay,2023,R16,nicolas jarry,tallon griekspoor,0.7281647324562073,1
2023-322_2.0,clay,2023,R32,guido pella,ilya ivashka,0.3703886866569519,0
2023-322_20.0,clay,2023,R16,casper ruud,j.j. wolf,0.7987549901008606,1
2023-322_21.0,clay,2023,QF,ilya ivashka,taylor fritz,0.21967056393623352,0
2023-322_22.0,clay,2023,QF,christopher o'connell,grigor dimitrov,0.31727150082588196,0
2023-322_23.0,clay,2023,QF,alexander zverev,yibing wu,0.760031521320343,1
2023-322_24.0,clay,2023,QF,casper ruud,nicolas jarry,0.5701073408126831,0
2023-322_25.0,clay,2023,SF,grigor dimitrov,taylor fritz,0.44623762369155884,1
2023-322_26.0,clay,2023,SF,alexander zverev,nicolas jarry,0.6791123151779175,0
2023-322_27.0,clay,2023,F,grigor dimitrov,nicolas jarry,0.49284619092941284,0
2023-322_3.0,clay,2023,R32,adrian mannarino,filip krajinovic,0.2761029005050659,1
2023-322_4.0,clay,2023,R32,daniel rincon,roberto carballes baena,0.26753804087638855,0
2023-322_5.0,clay,2023,R32,christopher o'connell,nino serdarusic,0.7885294556617737,1
2023-322_6.0,clay,2023,R32,bernabe zapata miralles,vitaliy sachko,0.8454933762550354,1
2023-322_7.0,clay,2023,R32,ben shelton,marco cecchinato,0.48260048031806946,0
2023-322_8.0,clay,2023,R32,marc-andrea huesler,yibing wu,0.2762315273284912,0
2023-322_9.0,clay,2023,R32,benoit paire,christopher eubanks,0.49622294306755066,0
2023-360_1.0,clay,2023,R32,alexei popyrin,younes lalami laaroussi,0.7250835299491882,1
2023-360_10.0,clay,2023,R32,alexandre muller,richard gasquet,0.27951672673225403,1
2023-360_11.0,clay,2023,R32,aslan karatsev,francesco passaro,0.4519314765930176,0
2023-360_12.0,clay,2023,R32,hugo gaston,jan-lennard struff,0.5047956705093384,1
2023-360_13.0,clay,2023,R16,alexei popyrin,daniel evans,0.6428021192550659,0
2023-360_14.0,clay,2023,R16,andrea vavassori,jaume munar,0.26601099967956543,1
2023-360_15.0,clay,2023,R16,elias ymer,tallon griekspoor,0.5640822052955627,0
2023-360_16.0,clay,2023,R16,dimitar kuzmanov,roberto carballes baena,0.3527374565601349,0
2023-360_17.0,clay,2023,R16,benjamin bonzi,pavel kotov,0.6127606630325317,0
2023-360_18.0,clay,2023,R16,botic van de zandschulp,christopher o'connell,0.42942941188812256,0
2023-360_19.0,clay,2023,R16,alexandre muller,francesco passaro,0.5145246386528015,1
2023-360_2.0,clay,2023,R32,elliot benchetrit,jaume munar,0.1570286899805069,0
2023-360_20.0,clay,2023,R16,hugo gaston,lorenzo musetti,0.1963416337966919,0
2023-360_21.0,clay,2023,QF,andrea vavassori,daniel evans,0.3897300362586975,0
2023-360_22.0,clay,2023,QF,roberto carballes baena,tallon griekspoor,0.4877196252346039,1
2023-360_23.0,clay,2023,QF,christopher o'connell,pavel kotov,0.4698696732521057,0
2023-360_24.0,clay,2023,QF,alexandre muller,lorenzo musetti,0.20780901610851288,1
2023-360_25.0,clay,2023,SF,daniel evans,roberto carballes baena,0.373780220746994,0
2023-360_26.0,clay,2023,SF,alexandre muller,pavel kotov,0.4928920269012451,1
2023-360_27.0,clay,2023,F,alexandre muller,roberto carballes baena,0.42199715971946716,0
2023-360_3.0,clay,2023,R32,andrea vavassori,nicolas jarry,0.1554623544216156,1
2023-360_4.0,clay,2023,R32,adam moundir,elias ymer,0.2046019732952118,0
2023-360_5.0,clay,2023,R32,dimitar kuzmanov,hugo grenier,0.5782070755958557,1
2023-360_6.0,clay,2023,R32,maxime cressy,roberto carballes baena,0.5332847833633423,0
2023-360_7.0,clay,2023,R32,alexey vatutin,benjamin bonzi,0.20858345925807953,0
2023-360_8.0,clay,2023,R32,pavel kotov,pedro martinez,0.464715838432312,1
2023-360_9.0,clay,2023,R32,christopher o'connell,riccardo bonadio,0.6428374648094177,1
2023-410_1.0,clay,2023,R64,benjamin bonzi,bernabe zapata miralles,0.2931891083717346,1
2023-410_10.0,clay,2023,R64,alejandro davidovich fokina,karen khachanov,0.5957217216491699,0
2023-410_11.0,clay,2023,R64,daniel evans,ilya ivashka,0.5423389673233032,0
2023-410_12.0,clay,2023,R64,jaume munar,marc-andrea huesler,0.7021415829658508,1
2023-410_13.0,clay,2023,R64,dominic thiem,richard gasquet,0.5795086622238159,1
2023-410_14.0,clay,2023,R64,matteo berrettini,maxime cressy,0.5958716869354248,1
2023-410_15.0,clay,2023,R64,cameron norrie,francisco cerundolo,0.5839350819587708,0
2023-410_16.0,clay,2023,R64,alexander bublik,alexander zverev,0.13170906901359558,0
2023-410_17.0,clay,2023,R64,filip krajinovic,roberto bautista agut,0.3268146812915802,0
2023-410_18.0,clay,2023,R64,lorenzo sonego,ugo humbert,0.6275966763496399,1
2023-410_19.0,clay,2023,R64,david goffin,diego schwartzman,0.32729846239089966,0
2023-410_2.0,clay,2023,R64,alexei popyrin,dusan lajovic,0.4793093800544739,1
2023-410_20.0,clay,2023,R64,jack draper,sebastian baez,0.30880799889564514,1
2023-410_21.0,clay,2023,R64,hubert hurkacz,laslo djere,0.7320753931999207,1
2023-410_22.0,clay,2023,R64,lorenzo musetti,miomir kecmanovic,0.5961458086967468,1
2023-410_23.0,clay,2023,R64,luca nardi,valentin vacherot,0.5814751386642456,1
2023-410_24.0,clay,2023,R64,ivan gakhov,mackenzie mcdonald,0.22267043590545654,1
2023-410_25.0,clay,2023,R32,benjamin bonzi,stefanos tsitsipas,0.11328145116567612,0
2023-410_26.0,clay,2023,R32,alexei popyrin,nicolas jarry,0.2851022779941559,0
2023-410_27.0,clay,2023,R32,grigor dimitrov,jiri lehecka,0.5000650882720947,0
2023-410_28.0,clay,2023,R32,stan wawrinka,taylor fritz,0.5651035904884338,0
2023-410_29.0,clay,2023,R32,botic van de zandschulp,casper ruud,0.21179769933223724,0
2023-410_3.0,clay,2023,R64,borna coric,nicolas jarry,0.35925960540771484,0
2023-410_30.0,clay,2023,R32,alex de minaur,jan-lennard struff,0.691559910774231,0
2023-410_31.0,clay,2023,R32,ilya ivashka,karen khachanov,0.24543794989585876,0
2023-410_32.0,clay,2023,R32,andrey rublev,jaume munar,0.6091393828392029,1
2023-410_33.0,clay,2023,R32,dominic thiem,holger rune,0.5122733116149902,0
2023-410_34.0,clay,2023,R32,francisco cerundolo,matteo berrettini,0.3574316203594208,0
2023-410_35.0,clay,2023,R32,alexander zverev,roberto bautista agut,0.8314800262451172,1
2023-410_36.0,clay,2023,R32,daniil medvedev,lorenzo sonego,0.5827552676200867,1
2023-410_37.0,clay,2023,R32,diego schwartzman,jannik sinner,0.30721792578697205,0
2023-410_38.0,clay,2023,R32,hubert hurkacz,jack draper,0.6226686835289001,1
2023-410_39.0,clay,2023,R32,lorenzo musetti,luca nardi,0.6229910254478455,1
2023-410_4.0,clay,2023,R64,emil ruusuvuori,jiri lehecka,0.4806821644306183,0
2023-410_40.0,clay,2023,R32,ivan gakhov,novak djokovic,0.08588120341300964,0
2023-410_41.0,clay,2023,R16,nicolas jarry,stefanos tsitsipas,0.16867831349372864,0
2023-410_42.0,clay,2023,R16,jiri lehecka,taylor fritz,0.39801090955734253,0
2023-410_43.0,clay,2023,R16,casper ruud,jan-lennard struff,0.7534295320510864,0
2023-410_44.0,clay,2023,R16,andrey rublev,karen khachanov,0.5833237767219543,1
2023-410_45.0,clay,2023,R16,holger rune,matteo berrettini,0.5258923768997192,1
2023-410_46.0,clay,2023,R16,alexander zverev,daniil medvedev,0.4382529854774475,0
2023-410_47.0,clay,2023,R16,hubert hurkacz,jannik sinner,0.19852764904499054,0
2023-410_48.0,clay,2023,R16,lorenzo musetti,novak djokovic,0.1319810152053833,1
2023-410_49.0,clay,2023,QF,stefanos tsitsipas,taylor fritz,0.7665891051292419,0
2023-410_5.0,clay,2023,R64,ben shelton,grigor dimitrov,0.503010630607605,0
2023-410_50.0,clay,2023,QF,andrey rublev,jan-lennard struff,0.8053679466247559,1
2023-410_51.0,clay,2023,QF,daniil medvedev,holger rune,0.4565831422805786,0
2023-410_52.0,clay,2023,QF,jannik sinner,lorenzo musetti,0.7440547347068787,1
2023-410_53.0,clay,2023,SF,andrey rublev,taylor fritz,0.5273443460464478,1
2023-410_54.0,clay,2023,SF,holger rune,jannik sinner,0.4503825604915619,1
2023-410_55.0,clay,2023,F,andrey rublev,holger rune,0.5253609418869019,1
2023-410_6.0,clay,2023,R64,stan wawrinka,tallon griekspoor,0.3362925052642822,1
2023-410_7.0,clay,2023,R64,botic van de zandschulp,marton fucsovics,0.6440778374671936,1
2023-410_8.0,clay,2023,R64,albert ramos-vinolas,jan-lennard struff,0.33506762981414795,0
2023-410_9.0,clay,2023,R64,alex de minaur,andy murray,0.529899001121521,1
2023-414_1.0,clay,2023,R32,andrey rublev,bernabe zapata miralles,0.8797374963760376,1
2023-414_10.0,clay,2023,R32,alexandre muller,luca van assche,0.4022478461265564,0
2023-414_11.0,clay,2023,R32,maximilian marterer,rudolf molleker,0.6330180764198303,1
2023-414_12.0,clay,2023,R32,alex molcan,alexander zverev,0.20847709476947784,0
2023-414_13.0,clay,2023,R32,dusan lajovic,miomir kecmanovic,0.43040937185287476,1
2023-414_14.0,clay,2023,R32,arthur fils,daniel elahi galan,0.6562948226928711,1
2023-414_15.0,clay,2023,R32,cristian garin,hugo dellien,0.8231346011161804,1
2023-414_16.0,clay,2023,R32,casper ruud,sebastian baez,0.7962742447853088,1
2023-414_17.0,clay,2023,R16,andrey rublev,daniel altmaier,0.8846626877784729,0
2023-414_18.0,clay,2023,R16,yannick hanfmann,zhizhen zhang,0.6638519167900085,0
2023-414_19.0,clay,2023,R16,jozef kovalik,lorenzo musetti,0.13133159279823303,0
2023-414_2.0,clay,2023,R32,daniel altmaier,richard gasquet,0.6002196669578552,1
2023-414_20.0,clay,2023,R16,guido pella,laslo djere,0.31209710240364075,0
2023-414_21.0,clay,2023,R16,alejandro davidovich fokina,luca van assche,0.6731148958206177,0
2023-414_22.0,clay,2023,R16,alexander zverev,maximilian marterer,0.8811185956001282,1
2023-414_23.0,clay,2023,R16,arthur fils,dusan lajovic,0.6534543037414551,1
2023-414_24.0,clay,2023,R16,casper ruud,cristian garin,0.8033292889595032,1
2023-414_25.0,clay,2023,QF,daniel altmaier,zhizhen zhang,0.535300076007843,0
2023-414_26.0,clay,2023,QF,laslo djere,lorenzo musetti,0.2771579921245575,1
2023-414_27.0,clay,2023,QF,alexander zverev,luca van assche,0.7849693894386292,1
2023-414_28.0,clay,2023,QF,arthur fils,casper ruud,0.17281562089920044,1
2023-414_29.0,clay,2023,SF,laslo djere,zhizhen zhang,0.6616655588150024,1
2023-414_3.0,clay,2023,R32,jan choinski,zhizhen zhang,0.292187362909317,0
2023-414_30.0,clay,2023,SF,alexander zverev,arthur fils,0.6994562149047852,1
2023-414_31.0,clay,2023,F,alexander zverev,laslo djere,0.7350781559944153,1
2023-414_4.0,clay,2023,R32,francisco cerundolo,yannick hanfmann,0.6775100231170654,0
2023-414_5.0,clay,2023,R32,elias ymer,lorenzo musetti,0.12835121154785156,0
2023-414_6.0,clay,2023,R32,jozef kovalik,thiago seyboth wild,0.6278677582740784,1
2023-414_7.0,clay,2023,R32,guido pella,thiago monteiro,0.2772074341773987,1
2023-414_8.0,clay,2023,R32,laslo djere,tomas martin etcheverry,0.43207448720932007,1
2023-414_9.0,clay,2023,R32,alejandro davidovich fokina,pedro cachin,0.668971598148346,1
2023-416_1.0,clay,2023,R128,albert ramos-vinolas,francesco passaro,0.5462072491645813,1
2023-416_10.0,clay,2023,R128,jason kubler,marc-andrea huesler,0.45398563146591187,1
2023-416_11.0,clay,2023,R128,david goffin,luca nardi,0.683732807636261,1
2023-416_12.0,clay,2023,R128,hugo grenier,j.j. wolf,0.3141307830810547,0
2023-416_13.0,clay,2023,R128,nicolas jarry,yannick hanfmann,0.655115008354187,0
2023-416_14.0,clay,2023,R128,mackenzie mcdonald,marco cecchinato,0.5026534795761108,0
2023-416_15.0,clay,2023,R128,guido pella,maxime cressy,0.2558402121067047,1
2023-416_16.0,clay,2023,R128,alex molcan,stefano napolitano,0.869222104549408,1
2023-416_17.0,clay,2023,R128,jaume munar,thanasi kokkinakis,0.5202323198318481,0
2023-416_18.0,clay,2023,R128,juan pablo varillas,sebastian baez,0.2695762813091278,0
2023-416_19.0,clay,2023,R128,richard gasquet,yibing wu,0.47033441066741943,0
2023-416_2.0,clay,2023,R128,corentin moutet,fabian marozsan,0.6974052786827087,0
2023-416_20.0,clay,2023,R128,brandon nakashima,gregoire barrere,0.3720521330833435,0
2023-416_21.0,clay,2023,R128,cristian garin,pedro cachin,0.6641271114349365,1
2023-416_22.0,clay,2023,R128,constant lestienne,laslo djere,0.2769799530506134,0
2023-416_23.0,clay,2023,R128,alexander bublik,pedro martinez,0.6161606907844543,1
2023-416_24.0,clay,2023,R128,arthur rinderknech,flavio cobolli,0.36482182145118713,1
2023-416_25.0,clay,2023,R128,arthur fils,juan manuel cerundolo,0.3393747806549072,1
2023-416_26.0,clay,2023,R128,andy murray,fabio fognini,0.865876317024231,0
2023-416_27.0,clay,2023,R128,marcos giron,roman safiullin,0.4443592131137848,0
2023-416_28.0,clay,2023,R128,alexei popyrin,christopher o'connell,0.4914197623729706,1
2023-416_29.0,clay,2023,R128,alexandre muller,kyle edmund,0.4981534481048584,1
2023-416_3.0,clay,2023,R128,hugo dellien,roberto carballes baena,0.2501947581768036,0
2023-416_30.0,clay,2023,R128,filip krajinovic,marton fucsovics,0.5401125550270081,0
2023-416_31.0,clay,2023,R128,ilya ivashka,stan wawrinka,0.4613193869590759,0
2023-416_32.0,clay,2023,R128,luca van assche,tomas martin etcheverry,0.38177844882011414,0
2023-416_33.0,clay,2023,R64,albert ramos-vinolas,carlos alcaraz,0.03540271520614624,0
2023-416_34.0,clay,2023,R64,fabian marozsan,jiri lehecka,0.4223145544528961,1
2023-416_35.0,clay,2023,R64,daniel evans,roberto carballes baena,0.29684463143348694,0
2023-416_36.0,clay,2023,R64,borna coric,thiago monteiro,0.5464290976524353,1
2023-416_37.0,clay,2023,R64,daniel altmaier,frances tiafoe,0.43202710151672363,0
2023-416_38.0,clay,2023,R64,lorenzo musetti,matteo arnaldi,0.6407563090324402,1
2023-416_39.0,clay,2023,R64,lorenzo sonego,yoshihito nishioka,0.6745886206626892,1
2023-416_4.0,clay,2023,R128,adrian mannarino,thiago monteiro,0.2780129313468933,0
2023-416_40.0,clay,2023,R64,nuno borges,stefanos tsitsipas,0.11263709515333176,0
2023-416_41.0,clay,2023,R64,daniil medvedev,emil ruusuvuori,0.6052436232566833,1
2023-416_42.0,clay,2023,R64,bernabe zapata miralles,jason kubler,0.4583582282066345,1
2023-416_43.0,clay,2023,R64,alexander zverev,david goffin,0.7054997086524963,1
2023-416_44.0,clay,2023,R64,hubert hurkacz,j.j. wolf,0.7105710506439209,0
2023-416_45.0,clay,2023,R64,taylor fritz,yannick hanfmann,0.6050804853439331,0
2023-416_46.0,clay,2023,R64,marco cecchinato,roberto bautista agut,0.693397045135498,1
2023-416_47.0,clay,2023,R64,alejandro davidovich fokina,guido pella,0.6471148133277893,1
2023-416_48.0,clay,2023,R64,alex molcan,andrey rublev,0.24255312979221344,0
2023-416_49.0,clay,2023,R64,jannik sinner,thanasi kokkinakis,0.710599958896637,1
2023-416_5.0,clay,2023,R128,daniel altmaier,giulio zeppieri,0.6840615272521973,1
2023-416_50.0,clay,2023,R64,alexander shevchenko,sebastian baez,0.2931332588195801,1
2023-416_51.0,clay,2023,R64,francisco cerundolo,yibing wu,0.3724735677242279,1
2023-416_52.0,clay,2023,R64,gregoire barrere,karen khachanov,0.19381758570671082,1
2023-416_53.0,clay,2023,R64,cristian garin,tommy paul,0.6670718193054199,1
2023-416_54.0,clay,2023,R64,botic van de zandschulp,laslo djere,0.3628961443901062,0
2023-416_55.0,clay,2023,R64,alexander bublik,ben shelton,0.6115300059318542,1
2023-416_56.0,clay,2023,R64,arthur rinderknech,casper ruud,0.2038014531135559,0
2023-416_57.0,clay,2023,R64,arthur fils,holger rune,0.20349711179733276,0
2023-416_58.0,clay,2023,R64,fabio fognini,miomir kecmanovic,0.36980435252189636,1
2023-416_59.0,clay,2023,R64,roman safiullin,sebastian korda,0.42909523844718933,1
2023-416_6.0,clay,2023,R128,diego schwartzman,matteo arnaldi,0.5310856699943542,0
2023-416_60.0,clay,2023,R64,alexei popyrin,felix auger-aliassime,0.30738183856010437,1
2023-416_61.0,clay,2023,R64,alexandre muller,cameron norrie,0.31520065665245056,0
2023-416_62.0,clay,2023,R64,alex de minaur,marton fucsovics,0.5219961404800415,0
2023-416_63.0,clay,2023,R64,grigor dimitrov,stan wawrinka,0.38631531596183777,1
2023-416_64.0,clay,2023,R64,novak djokovic,tomas martin etcheverry,0.7801658511161804,1
2023-416_65.0,clay,2023,R32,carlos alcaraz,fabian marozsan,0.9639620780944824,0
2023-416_66.0,clay,2023,R32,borna coric,roberto carballes baena,0.6026598811149597,1
2023-416_67.0,clay,2023,R32,frances tiafoe,lorenzo musetti,0.34238186478614807,0
2023-416_68.0,clay,2023,R32,lorenzo sonego,stefanos tsitsipas,0.11997072398662567,0
2023-416_69.0,clay,2023,R32,bernabe zapata miralles,daniil medvedev,0.323368638753891,0
2023-416_7.0,clay,2023,R128,jeremy chardy,lorenzo sonego,0.27762049436569214,0
2023-416_70.0,clay,2023,R32,alexander zverev,j.j. wolf,0.8223903775215149,1
2023-416_71.0,clay,2023,R32,marco cecchinato,yannick hanfmann,0.4090244472026825,0
2023-416_72.0,clay,2023,R32,alejandro davidovich fokina,andrey rublev,0.3079490661621094,0
2023-416_73.0,clay,2023,R32,alexander shevchenko,jannik sinner,0.10820440202951431,0
2023-416_74.0,clay,2023,R32,francisco cerundolo,gregoire barrere,0.6377295851707458,1
2023-416_75.0,clay,2023,R32,cristian garin,laslo djere,0.5641651153564453,0
2023-416_76.0,clay,2023,R32,alexander bublik,casper ruud,0.12898530066013336,0
2023-416_77.0,clay,2023,R32,fabio fognini,holger rune,0.13075214624404907,0
2023-416_78.0,clay,2023,R32,alexei popyrin,roman safiullin,0.4999857246875763,1
2023-416_79.0,clay,2023,R32,cameron norrie,marton fucsovics,0.7170949578285217,1
2023-416_8.0,clay,2023,R128,dusan lajovic,nuno borges,0.7295846939086914,0
2023-416_80.0,clay,2023,R32,grigor dimitrov,novak djokovic,0.15783138573169708,0
2023-416_81.0,clay,2023,R16,borna coric,fabian marozsan,0.8161062002182007,1
2023-416_82.0,clay,2023,R16,lorenzo musetti,stefanos tsitsipas,0.2619127035140991,0
2023-416_83.0,clay,2023,R16,alexander zverev,daniil medvedev,0.5204371809959412,0
2023-416_84.0,clay,2023,R16,andrey rublev,yannick hanfmann,0.8069478273391724,0
2023-416_85.0,clay,2023,R16,francisco cerundolo,jannik sinner,0.20320452749729156,1
2023-416_86.0,clay,2023,R16,casper ruud,laslo djere,0.7226712107658386,1
2023-416_87.0,clay,2023,R16,alexei popyrin,holger rune,0.25178617238998413,0
2023-416_88.0,clay,2023,R16,cameron norrie,novak djokovic,0.20817549526691437,0
2023-416_89.0,clay,2023,QF,borna coric,stefanos tsitsipas,0.1977205127477646,0
2023-416_9.0,clay,2023,R128,emil ruusuvuori,ugo humbert,0.6243288516998291,1
2023-416_90.0,clay,2023,QF,daniil medvedev,yannick hanfmann,0.7399218678474426,1
2023-416_91.0,clay,2023,QF,casper ruud,francisco cerundolo,0.7197482585906982,1
2023-416_92.0,clay,2023,QF,holger rune,novak djokovic,0.34736135601997375,1
2023-416_93.0,clay,2023,SF,daniil medvedev,stefanos tsitsipas,0.3380359709262848,1
2023-416_94.0,clay,2023,SF,casper ruud,holger rune,0.49621301889419556,0
2023-416_95.0,clay,2023,F,daniil medvedev,holger rune,0.3460647165775299,1
2023-425_1.0,clay,2023,R64,gijs brouwer,pedro cachin,0.3897188603878021,0
2023-425_10.0,clay,2023,R64,jaume munar,matteo arnaldi,0.7867751717567444,0
2023-425_11.0,clay,2023,R64,fernando verdasco,francesco passaro,0.36925700306892395,0
2023-425_12.0,clay,2023,R64,ben shelton,mackenzie mcdonald,0.6263459920883179,1
2023-425_13.0,clay,2023,R64,alexander bublik,emil ruusuvuori,0.44495660066604614,0
2023-425_14.0,clay,2023,R64,pablo andujar,tomas martin etcheverry,0.1651506870985031,0
2023-425_15.0,clay,2023,R64,attila balazs,bernabe zapata miralles,0.17052125930786133,0
2023-425_16.0,clay,2023,R64,ilya ivashka,nuno borges,0.7163169384002686,0
2023-425_17.0,clay,2023,R32,pedro cachin,stefanos tsitsipas,0.06149774044752121,0
2023-425_18.0,clay,2023,R32,denis shapovalov,jozef kovalik,0.4914291501045227,1
2023-425_19.0,clay,2023,R32,emilio gomez,grigor dimitrov,0.23458942770957947,0
2023-425_2.0,clay,2023,R64,jozef kovalik,pedro martinez,0.27984583377838135,1
2023-425_20.0,clay,2023,R32,alex de minaur,alexander shevchenko,0.7066784501075745,1
2023-425_21.0,clay,2023,R32,diego schwartzman,jannik sinner,0.16264581680297852,0
2023-425_22.0,clay,2023,R32,david goffin,yoshihito nishioka,0.3719281852245331,0
2023-425_23.0,clay,2023,R32,jason kubler,lorenzo musetti,0.21977761387825012,0
2023-425_24.0,clay,2023,R32,cameron norrie,pavel kotov,0.7029996514320374,1
2023-425_25.0,clay,2023,R32,karen khachanov,nicolas jarry,0.5748268961906433,1
2023-425_26.0,clay,2023,R32,daniel evans,matteo arnaldi,0.3711616098880768,1
2023-425_27.0,clay,2023,R32,francesco passaro,francisco cerundolo,0.2703300416469574,0
2023-425_28.0,clay,2023,R32,ben shelton,casper ruud,0.16631025075912476,0
2023-425_29.0,clay,2023,R32,emil ruusuvuori,frances tiafoe,0.5818760395050049,1
2023-425_3.0,clay,2023,R64,albert ramos-vinolas,emilio gomez,0.6292381286621094,0
2023-425_30.0,clay,2023,R32,alejandro davidovich fokina,tomas martin etcheverry,0.4496539831161499,1
2023-425_31.0,clay,2023,R32,bernabe zapata miralles,roberto bautista agut,0.7087401151657104,0
2023-425_32.0,clay,2023,R32,carlos alcaraz,nuno borges,0.8423758745193481,1
2023-425_33.0,clay,2023,R16,denis shapovalov,stefanos tsitsipas,0.2292141318321228,0
2023-425_34.0,clay,2023,R16,alex de minaur,grigor dimitrov,0.5409027934074402,1
2023-425_35.0,clay,2023,R16,jannik sinner,yoshihito nishioka,0.9228761196136475,1
2023-425_36.0,clay,2023,R16,cameron norrie,lorenzo musetti,0.4557923376560211,0
2023-425_37.0,clay,2023,R16,daniel evans,karen khachanov,0.21623559296131134,1
2023-425_38.0,clay,2023,R16,casper ruud,francisco cerundolo,0.7211824059486389,0
2023-425_39.0,clay,2023,R16,alejandro davidovich fokina,emil ruusuvuori,0.5776462554931641,1
2023-425_4.0,clay,2023,R64,alexander shevchenko,lorenzo giustino,0.6383692622184753,1
2023-425_40.0,clay,2023,R16,carlos alcaraz,roberto bautista agut,0.8996025919914246,1
2023-425_41.0,clay,2023,QF,alex de minaur,stefanos tsitsipas,0.13432185351848602,0
2023-425_42.0,clay,2023,QF,jannik sinner,lorenzo musetti,0.6776450872421265,0
2023-425_43.0,clay,2023,QF,daniel evans,francisco cerundolo,0.2631058990955353,1
2023-425_44.0,clay,2023,QF,alejandro davidovich fokina,carlos alcaraz,0.14132434129714966,0
2023-425_45.0,clay,2023,SF,lorenzo musetti,stefanos tsitsipas,0.24653840065002441,0
2023-425_46.0,clay,2023,SF,carlos alcaraz,daniel evans,0.9356234073638916,1
2023-425_47.0,clay,2023,F,carlos alcaraz,stefanos tsitsipas,0.6239481568336487,1
2023-425_5.0,clay,2023,R64,diego schwartzman,yibing wu,0.6985293030738831,1
2023-425_6.0,clay,2023,R64,david goffin,feliciano lopez,0.8992180824279785,1
2023-425_7.0,clay,2023,R64,daniel rincon,jason kubler,0.38441041111946106,0
2023-425_8.0,clay,2023,R64,oleksii krutykh,pavel kotov,0.27945923805236816,0
2023-425_9.0,clay,2023,R64,marco trungelliti,nicolas jarry,0.12150765210390091,0
2023-439_1.0,clay,2023,R32,alexander shevchenko,marco cecchinato,0.6060923337936401,0
2023-439_10.0,clay,2023,R32,jesper de jong,matteo arnaldi,0.2712615728378296,0
2023-439_11.0,clay,2023,R32,flavio cobolli,marin cilic,0.47737085819244385,1
2023-439_12.0,clay,2023,R32,dominic thiem,facundo bagnis,0.7501228451728821,1
2023-439_13.0,clay,2023,R16,lorenzo sonego,marco cecchinato,0.4714754521846771,1
2023-439_14.0,clay,2023,R16,fabian marozsan,jaume munar,0.39814430475234985,0
2023-439_15.0,clay,2023,R16,roberto carballes baena,taro daniel,0.44109365344047546,1
2023-439_16.0,clay,2023,R16,federico coria,stan wawrinka,0.42041802406311035,0
2023-439_17.0,clay,2023,R16,dino prizmic,zsombor piros,0.4464411735534668,1
2023-439_18.0,clay,2023,R16,alexei popyrin,sebastian ofner,0.605471670627594,1
2023-439_19.0,clay,2023,R16,flavio cobolli,matteo arnaldi,0.4320853352546692,0
2023-439_2.0,clay,2023,R32,fabian marozsan,juan manuel cerundolo,0.35175901651382446,1
2023-439_20.0,clay,2023,R16,dominic thiem,jiri lehecka,0.6340343356132507,0
2023-439_21.0,clay,2023,QF,jaume munar,lorenzo sonego,0.4633941650390625,0
2023-439_22.0,clay,2023,QF,roberto carballes baena,stan wawrinka,0.5640192627906799,0
2023-439_23.0,clay,2023,QF,alexei popyrin,dino prizmic,0.8148676156997681,1
2023-439_24.0,clay,2023,QF,jiri lehecka,matteo arnaldi,0.6296653747558594,0
2023-439_25.0,clay,2023,SF,lorenzo sonego,stan wawrinka,0.5738350749015808,0
2023-439_26.0,clay,2023,SF,alexei popyrin,matteo arnaldi,0.32683640718460083,1
2023-439_27.0,clay,2023,F,alexei popyrin,stan wawrinka,0.5462671518325806,1
2023-439_3.0,clay,2023,R32,albert ramos-vinolas,jaume munar,0.4460952877998352,0
2023-439_4.0,clay,2023,R32,martin landaluce,taro daniel,0.1902414709329605,0
2023-439_5.0,clay,2023,R32,federico coria,marc-andrea huesler,0.5289189219474792,1
2023-439_6.0,clay,2023,R32,filip misolic,stan wawrinka,0.5632002949714661,0
2023-439_7.0,clay,2023,R32,christopher o'connell,zsombor piros,0.6585524678230286,0
2023-439_8.0,clay,2023,R32,dino prizmic,duje ajdukovic,0.5048807859420776,1
2023-439_9.0,clay,2023,R32,alexei popyrin,benjamin bonzi,0.7392566204071045,1
2023-506_1.0,clay,2023,R32,facundo diaz acosta,federico coria,0.4508412480354309,1
2023-506_10.0,clay,2023,R32,dusan lajovic,sebastian baez,0.21414503455162048,1
2023-506_11.0,clay,2023,R32,camilo ugo carabelli,daniel elahi galan,0.31202730536460876,1
2023-506_12.0,clay,2023,R32,fabio fognini,laslo djere,0.2693897783756256,0
2023-506_13.0,clay,2023,R16,cameron norrie,facundo diaz acosta,0.9043793082237244,1
2023-506_14.0,clay,2023,R16,roberto carballes baena,tomas martin etcheverry,0.6470967531204224,0
2023-506_15.0,clay,2023,R16,lorenzo musetti,pedro cachin,0.6184421181678772,1
2023-506_16.0,clay,2023,R16,dominic thiem,juan pablo varillas,0.6208907961845398,0
2023-506_17.0,clay,2023,R16,francisco cerundolo,jaume munar,0.5495743751525879,1
2023-506_18.0,clay,2023,R16,bernabe zapata miralles,diego schwartzman,0.5530374050140381,1
2023-506_19.0,clay,2023,R16,camilo ugo carabelli,dusan lajovic,0.5613368153572083,0
2023-506_2.0,clay,2023,R32,hugo dellien,tomas martin etcheverry,0.5908640027046204,0
2023-506_20.0,clay,2023,R16,carlos alcaraz,laslo djere,0.4991223216056824,1
2023-506_21.0,clay,2023,QF,cameron norrie,tomas martin etcheverry,0.7692541480064392,1
2023-506_22.0,clay,2023,QF,juan pablo varillas,lorenzo musetti,0.20078028738498688,1
2023-506_23.0,clay,2023,QF,bernabe zapata miralles,francisco cerundolo,0.32811644673347473,1
2023-506_24.0,clay,2023,QF,carlos alcaraz,dusan lajovic,0.9380285143852234,1
2023-506_25.0,clay,2023,SF,cameron norrie,juan pablo varillas,0.6779407858848572,1
2023-506_26.0,clay,2023,SF,bernabe zapata miralles,carlos alcaraz,0.09384676069021225,0
2023-506_27.0,clay,2023,F,cameron norrie,carlos alcaraz,0.2211207151412964,0
2023-506_3.0,clay,2023,R32,albert ramos-vinolas,roberto carballes baena,0.4448776841163635,0
2023-506_4.0,clay,2023,R32,pedro cachin,thiago monteiro,0.4895985722541809,1
2023-506_5.0,clay,2023,R32,joao sousa,juan pablo varillas,0.2589682936668396,0
2023-506_6.0,clay,2023,R32,alex molcan,dominic thiem,0.40768688917160034,0
2023-506_7.0,clay,2023,R32,francisco cerundolo,yannick hanfmann,0.7581055164337158,1
2023-506_8.0,clay,2023,R32,guido pella,jaume munar,0.3609316051006317,0
2023-506_9.0,clay,2023,R32,bernabe zapata miralles,pedro martinez,0.42247137427330017,1
2023-520_1.0,clay,2023,R128,carlos alcaraz,flavio cobolli,0.9560214281082153,1
2023-520_10.0,clay,2023,R128,facundo diaz acosta,jason kubler,0.28504300117492676,0
2023-520_100.0,clay,2023,R32,diego schwartzman,stefanos tsitsipas,0.08809543401002884,0
2023-520_101.0,clay,2023,R32,alejandro davidovich fokina,novak djokovic,0.18471121788024902,0
2023-520_102.0,clay,2023,R32,hubert hurkacz,juan pablo varillas,0.6539096236228943,0
2023-520_103.0,clay,2023,R32,karen khachanov,thanasi kokkinakis,0.7382282018661499,1
2023-520_104.0,clay,2023,R32,andrey rublev,lorenzo sonego,0.7674064636230469,0
2023-520_105.0,clay,2023,R32,genaro alberto olivieri,holger rune,0.11488857865333557,0
2023-520_106.0,clay,2023,R32,francisco cerundolo,taylor fritz,0.5044612288475037,1
2023-520_107.0,clay,2023,R32,marcos giron,nicolas jarry,0.20353886485099792,0
2023-520_108.0,clay,2023,R32,casper ruud,zhizhen zhang,0.8183674812316895,1
2023-520_109.0,clay,2023,R32,daniel altmaier,grigor dimitrov,0.30305615067481995,0
2023-520_11.0,clay,2023,R128,maxime cressy,sebastian ofner,0.5644574761390686,0
2023-520_110.0,clay,2023,R32,alexander zverev,frances tiafoe,0.6719486713409424,1
2023-520_111.0,clay,2023,R32,borna coric,tomas martin etcheverry,0.5693112015724182,0
2023-520_112.0,clay,2023,R32,thiago seyboth wild,yoshihito nishioka,0.42587465047836304,0
2023-520_113.0,clay,2023,R16,carlos alcaraz,lorenzo musetti,0.8001258969306946,1
2023-520_114.0,clay,2023,R16,sebastian ofner,stefanos tsitsipas,0.11609598249197006,0
2023-520_115.0,clay,2023,R16,juan pablo varillas,novak djokovic,0.0948486253619194,0
2023-520_116.0,clay,2023,R16,karen khachanov,lorenzo sonego,0.6009740829467773,1
2023-520_117.0,clay,2023,R16,francisco cerundolo,holger rune,0.35354647040367126,0
2023-520_118.0,clay,2023,R16,casper ruud,nicolas jarry,0.6193678975105286,1
2023-520_119.0,clay,2023,R16,alexander zverev,grigor dimitrov,0.6512383222579956,1
2023-520_12.0,clay,2023,R128,mackenzie mcdonald,sebastian korda,0.3001103103160858,0
2023-520_120.0,clay,2023,R16,tomas martin etcheverry,yoshihito nishioka,0.5898096561431885,1
2023-520_121.0,clay,2023,QF,carlos alcaraz,stefanos tsitsipas,0.6831468343734741,1
2023-520_122.0,clay,2023,QF,karen khachanov,novak djokovic,0.2967434227466583,0
2023-520_123.0,clay,2023,QF,casper ruud,holger rune,0.5044227838516235,1
2023-520_124.0,clay,2023,QF,alexander zverev,tomas martin etcheverry,0.6860013008117676,1
2023-520_125.0,clay,2023,SF,carlos alcaraz,novak djokovic,0.6320186257362366,0
2023-520_126.0,clay,2023,SF,alexander zverev,casper ruud,0.47391125559806824,0
2023-520_127.0,clay,2023,F,casper ruud,novak djokovic,0.41179603338241577,0
2023-520_13.0,clay,2023,R128,bernabe zapata miralles,diego schwartzman,0.5967310667037964,0
2023-520_14.0,clay,2023,R128,john isner,nuno borges,0.3346652388572693,0
2023-520_15.0,clay,2023,R128,emilio nava,roberto carballes baena,0.03808866813778877,0
2023-520_16.0,clay,2023,R128,jiri vesely,stefanos tsitsipas,0.04703197628259659,0
2023-520_17.0,clay,2023,R128,aleksandar kovacevic,novak djokovic,0.04970402643084526,0
2023-520_18.0,clay,2023,R128,hugo grenier,marton fucsovics,0.32600513100624084,0
2023-520_19.0,clay,2023,R128,luca van assche,marco cecchinato,0.3800954520702362,1
2023-520_2.0,clay,2023,R128,christopher o'connell,taro daniel,0.6412251591682434,0
2023-520_20.0,clay,2023,R128,alejandro davidovich fokina,arthur fils,0.4241689145565033,1
2023-520_21.0,clay,2023,R128,roberto bautista agut,yibing wu,0.3300413191318512,1
2023-520_22.0,clay,2023,R128,juan pablo varillas,juncheng shang,0.7514875531196594,1
2023-520_23.0,clay,2023,R128,pedro martinez,tallon griekspoor,0.3054537773132324,0
2023-520_24.0,clay,2023,R128,david goffin,hubert hurkacz,0.5122674703598022,0
2023-520_25.0,clay,2023,R128,constant lestienne,karen khachanov,0.11454444378614426,0
2023-520_26.0,clay,2023,R128,patrick kypson,radu albot,0.2740422785282135,0
2023-520_27.0,clay,2023,R128,albert ramos-vinolas,stan wawrinka,0.4135466516017914,0
2023-520_28.0,clay,2023,R128,daniel evans,thanasi kokkinakis,0.3790050745010376,0
2023-520_29.0,clay,2023,R128,ben shelton,lorenzo sonego,0.5595663189888,0
2023-520_3.0,clay,2023,R128,daniel elahi galan,matteo arnaldi,0.2951262593269348,0
2023-520_30.0,clay,2023,R128,adrian mannarino,ugo humbert,0.5784128308296204,0
2023-520_31.0,clay,2023,R128,arthur cazaux,corentin moutet,0.28140708804130554,0
2023-520_32.0,clay,2023,R128,andrey rublev,laslo djere,0.7598779797554016,1
2023-520_33.0,clay,2023,R128,christopher eubanks,holger rune,0.14384740591049194,0
2023-520_34.0,clay,2023,R128,gael monfils,sebastian baez,0.3038744628429413,1
2023-520_35.0,clay,2023,R128,genaro alberto olivieri,giovanni mpetshi perricard,0.39712849259376526,1
2023-520_36.0,clay,2023,R128,andrea vavassori,miomir kecmanovic,0.20573072135448456,1
2023-520_37.0,clay,2023,R128,francisco cerundolo,jaume munar,0.8042385578155518,1
2023-520_38.0,clay,2023,R128,thiago monteiro,yannick hanfmann,0.31532660126686096,0
2023-520_39.0,clay,2023,R128,arthur rinderknech,richard gasquet,0.6513594388961792,1
2023-520_4.0,clay,2023,R128,brandon nakashima,denis shapovalov,0.581660807132721,0
2023-520_40.0,clay,2023,R128,michael mmoh,taylor fritz,0.10599879920482635,0
2023-520_41.0,clay,2023,R128,dominic stricker,tommy paul,0.2926938235759735,0
2023-520_42.0,clay,2023,R128,hugo dellien,nicolas jarry,0.17514806985855103,0
2023-520_43.0,clay,2023,R128,hamad medjedovic,marcos giron,0.3207155466079712,0
2023-520_44.0,clay,2023,R128,jan-lennard struff,jiri lehecka,0.4931526184082031,0
2023-520_45.0,clay,2023,R128,botic van de zandschulp,thiago agustin tirante,0.751867949962616,0
2023-520_46.0,clay,2023,R128,dusan lajovic,zhizhen zhang,0.6415827870368958,0
2023-520_47.0,clay,2023,R128,alexander bublik,giulio zeppieri,0.6829731464385986,0
2023-520_48.0,clay,2023,R128,casper ruud,elias ymer,0.9270772933959961,1
2023-520_49.0,clay,2023,R128,alexandre muller,jannik sinner,0.16707199811935425,0
2023-520_5.0,clay,2023,R128,lorenzo musetti,mikael ymer,0.5384279489517212,1
2023-520_50.0,clay,2023,R128,daniel altmaier,marc-andrea huesler,0.37566938996315,1
2023-520_51.0,clay,2023,R128,emil ruusuvuori,gregoire barrere,0.42790982127189636,1
2023-520_52.0,clay,2023,R128,grigor dimitrov,timofey skatov,0.7897093892097473,1
2023-520_53.0,clay,2023,R128,alexander zverev,lloyd harris,0.8137989640235901,1
2023-520_54.0,clay,2023,R128,alex molcan,hugo gaston,0.7604672908782959,1
2023-520_55.0,clay,2023,R128,alexei popyrin,aslan karatsev,0.638080894947052,0
2023-520_56.0,clay,2023,R128,filip krajinovic,frances tiafoe,0.5147513747215271,0
2023-520_57.0,clay,2023,R128,borna coric,federico coria,0.8359613418579102,1
2023-520_58.0,clay,2023,R128,dominic thiem,pedro cachin,0.3635914921760559,0
2023-520_59.0,clay,2023,R128,jack draper,tomas martin etcheverry,0.6877212524414062,0
2023-520_6.0,clay,2023,R128,alexander shevchenko,oscar otte,0.6603713035583496,1
2023-520_60.0,clay,2023,R128,alex de minaur,ilya ivashka,0.48604440689086914,1
2023-520_61.0,clay,2023,R128,j.j. wolf,yoshihito nishioka,0.6299978494644165,0
2023-520_62.0,clay,2023,R128,jordan thompson,max purcell,0.2796551287174225,0
2023-520_63.0,clay,2023,R128,guido pella,quentin halys,0.5707616806030273,1
2023-520_64.0,clay,2023,R128,daniil medvedev,thiago seyboth wild,0.9659721851348877,0
2023-520_65.0,clay,2023,R64,carlos alcaraz,taro daniel,0.950578510761261,1
2023-520_66.0,clay,2023,R64,denis shapovalov,matteo arnaldi,0.7059642672538757,1
2023-520_67.0,clay,2023,R64,alexander shevchenko,lorenzo musetti,0.18894833326339722,0
2023-520_68.0,clay,2023,R64,cameron norrie,lucas pouille,0.7311506867408752,1
2023-520_69.0,clay,2023,R64,fabio fognini,jason kubler,0.5072150826454163,1
2023-520_7.0,clay,2023,R128,jurij rodionov,lucas pouille,0.7424224615097046,0
2023-520_70.0,clay,2023,R64,sebastian korda,sebastian ofner,0.7770745754241943,0
2023-520_71.0,clay,2023,R64,diego schwartzman,nuno borges,0.5021700859069824,1
2023-520_72.0,clay,2023,R64,roberto carballes baena,stefanos tsitsipas,0.12250138074159622,0
2023-520_73.0,clay,2023,R64,marton fucsovics,novak djokovic,0.09619539976119995,0
2023-520_74.0,clay,2023,R64,alejandro davidovich fokina,luca van assche,0.7287091016769409,1
2023-520_75.0,clay,2023,R64,juan pablo varillas,roberto bautista agut,0.4515719413757324,1
2023-520_76.0,clay,2023,R64,hubert hurkacz,tallon griekspoor,0.6489632725715637,1
2023-520_77.0,clay,2023,R64,karen khachanov,radu albot,0.679166853427887,1
2023-520_78.0,clay,2023,R64,stan wawrinka,thanasi kokkinakis,0.5255280137062073,0
2023-520_79.0,clay,2023,R64,lorenzo sonego,ugo humbert,0.7040583491325378,1
2023-520_8.0,clay,2023,R128,benoit paire,cameron norrie,0.09978112578392029,0
2023-520_80.0,clay,2023,R64,andrey rublev,corentin moutet,0.8430892825126648,1
2023-520_81.0,clay,2023,R64,gael monfils,holger rune,0.14080539345741272,0
2023-520_82.0,clay,2023,R64,andrea vavassori,genaro alberto olivieri,0.5073590874671936,0
2023-520_83.0,clay,2023,R64,francisco cerundolo,yannick hanfmann,0.6220543384552002,1
2023-520_84.0,clay,2023,R64,arthur rinderknech,taylor fritz,0.24102772772312164,0
2023-520_85.0,clay,2023,R64,nicolas jarry,tommy paul,0.6749195456504822,1
2023-520_86.0,clay,2023,R64,jiri lehecka,marcos giron,0.6666247844696045,0
2023-520_87.0,clay,2023,R64,thiago agustin tirante,zhizhen zhang,0.4232325553894043,0
2023-520_88.0,clay,2023,R64,casper ruud,giulio zeppieri,0.8267145156860352,1
2023-520_89.0,clay,2023,R64,daniel altmaier,jannik sinner,0.1215546578168869,1
2023-520_9.0,clay,2023,R128,fabio fognini,felix auger-aliassime,0.19626937806606293,1
2023-520_90.0,clay,2023,R64,emil ruusuvuori,grigor dimitrov,0.4619580805301666,0
2023-520_91.0,clay,2023,R64,alex molcan,alexander zverev,0.26341715455055237,0
2023-520_92.0,clay,2023,R64,aslan karatsev,frances tiafoe,0.4839420020580292,0
2023-520_93.0,clay,2023,R64,borna coric,pedro cachin,0.6707398891448975,1
2023-520_94.0,clay,2023,R64,alex de minaur,tomas martin etcheverry,0.5401560664176941,0
2023-520_95.0,clay,2023,R64,max purcell,yoshihito nishioka,0.3620729446411133,0
2023-520_96.0,clay,2023,R64,guido pella,thiago seyboth wild,0.43457409739494324,0
2023-520_97.0,clay,2023,R32,carlos alcaraz,denis shapovalov,0.875127911567688,1
2023-520_98.0,clay,2023,R32,cameron norrie,lorenzo musetti,0.3439158797264099,0
2023-520_99.0,clay,2023,R32,fabio fognini,sebastian ofner,0.5001270771026611,0
2023-6932_1.0,clay,2023,R32,cameron norrie,juan manuel cerundolo,0.8584743142127991,1
2023-6932_10.0,clay,2023,R32,hugo gaston,juan pablo varillas,0.3673415184020996,0
2023-6932_11.0,clay,2023,R32,cristian garin,pedro martinez,0.4271604120731354,0
2023-6932_12.0,clay,2023,R32,lorenzo musetti,nicolas jarry,0.5916333198547363,0
2023-6932_13.0,clay,2023,R32,diego schwartzman,dusan lajovic,0.4648846685886383,0
2023-6932_14.0,clay,2023,R32,facundo bagnis,laslo djere,0.219522163271904,0
2023-6932_15.0,clay,2023,R32,fabio fognini,tomas barrios vera,0.6536018252372742,1
2023-6932_16.0,clay,2023,R32,carlos alcaraz,mateus alves,0.9368212223052979,1
2023-6932_17.0,clay,2023,R16,cameron norrie,thiago monteiro,0.8272923231124878,1
2023-6932_18.0,clay,2023,R16,alex molcan,hugo dellien,0.6776471734046936,0
2023-6932_19.0,clay,2023,R16,bernabe zapata miralles,francisco cerundolo,0.3986729383468628,1
2023-6932_2.0,clay,2023,R32,dominic thiem,thiago monteiro,0.6928830742835999,0
2023-6932_20.0,clay,2023,R16,albert ramos-vinolas,daniel elahi galan,0.5068650245666504,1
2023-6932_21.0,clay,2023,R16,juan pablo varillas,sebastian baez,0.3427938222885132,0
2023-6932_22.0,clay,2023,R16,nicolas jarry,pedro martinez,0.4263184070587158,1
2023-6932_23.0,clay,2023,R16,dusan lajovic,laslo djere,0.2748241126537323,1
2023-6932_24.0,clay,2023,R16,carlos alcaraz,fabio fognini,0.9422808885574341,1
2023-6932_25.0,clay,2023,QF,cameron norrie,hugo dellien,0.8196914792060852,1
2023-6932_26.0,clay,2023,QF,albert ramos-vinolas,bernabe zapata miralles,0.3832719922065735,0
2023-6932_27.0,clay,2023,QF,nicolas jarry,sebastian baez,0.36852923035621643,1
2023-6932_28.0,clay,2023,QF,carlos alcaraz,dusan lajovic,0.9265252947807312,1
2023-6932_29.0,clay,2023,SF,bernabe zapata miralles,cameron norrie,0.31069445610046387,0
2023-6932_3.0,clay,2023,R32,hugo dellien,joao sousa,0.7615500092506409,1
2023-6932_30.0,clay,2023,SF,carlos alcaraz,nicolas jarry,0.9111651182174683,1
2023-6932_31.0,clay,2023,F,cameron norrie,carlos alcaraz,0.1811695098876953,1
2023-6932_4.0,clay,2023,R32,alex molcan,joao fonseca,0.7881641387939453,1
2023-6932_5.0,clay,2023,R32,francisco cerundolo,roberto carballes baena,0.6790264844894409,1
2023-6932_6.0,clay,2023,R32,bernabe zapata miralles,jaume munar,0.6445370316505432,1
2023-6932_7.0,clay,2023,R32,daniel elahi galan,pedro cachin,0.6964761018753052,1
2023-6932_8.0,clay,2023,R32,albert ramos-vinolas,tomas martin etcheverry,0.6668109893798828,1
2023-6932_9.0,clay,2023,R32,sebastian baez,thomaz bellucci,0.8670629858970642,1
2023-717_1.0,clay,2023,F,frances tiafoe,tomas martin etcheverry,0.6697403192520142,1
2023-717_10.0,clay,2023,R16,gijs brouwer,john isner,0.5186139941215515,1
2023-717_11.0,clay,2023,R16,denis kudla,j.j. wolf,0.22851312160491943,0
2023-717_12.0,clay,2023,R16,max purcell,tomas martin etcheverry,0.3026354908943176,0
2023-717_13.0,clay,2023,R16,cristian garin,zizou bergs,0.816153347492218,1
2023-717_14.0,clay,2023,R16,marcos giron,tomas machac,0.6771730184555054,0
2023-717_15.0,clay,2023,R16,tommy paul,yannick hanfmann,0.5517120361328125,0
2023-717_16.0,clay,2023,R32,facundo bagnis,steve johnson,0.2891049385070801,0
2023-717_17.0,clay,2023,R32,daniel elahi galan,zhizhen zhang,0.5720832347869873,1
2023-717_18.0,clay,2023,R32,fernando verdasco,jason kubler,0.22665829956531525,0
2023-717_19.0,clay,2023,R32,aleksandar kovacevic,gijs brouwer,0.37734556198120117,0
2023-717_2.0,clay,2023,SF,frances tiafoe,gijs brouwer,0.8026600480079651,1
2023-717_20.0,clay,2023,R32,aleksandar vukic,denis kudla,0.3783819079399109,0
2023-717_21.0,clay,2023,R32,j.j. wolf,jordan thompson,0.7093278169631958,1
2023-717_22.0,clay,2023,R32,juan manuel cerundolo,tomas martin etcheverry,0.3337295651435852,0
2023-717_23.0,clay,2023,R32,daniel altmaier,max purcell,0.36587807536125183,0
2023-717_24.0,clay,2023,R32,cristian garin,hugo dellien,0.7200470566749573,1
2023-717_25.0,clay,2023,R32,emilio gomez,marcos giron,0.31354355812072754,0
2023-717_26.0,clay,2023,R32,jack sock,tomas machac,0.35027074813842773,0
2023-717_27.0,clay,2023,R32,yannick hanfmann,yosuke watanuki,0.677139401435852,1
2023-717_3.0,clay,2023,SF,tomas martin etcheverry,yannick hanfmann,0.5923750996589661,1
2023-717_4.0,clay,2023,QF,frances tiafoe,jason kubler,0.7247755527496338,1
2023-717_5.0,clay,2023,QF,gijs brouwer,j.j. wolf,0.5769955515861511,1
2023-717_6.0,clay,2023,QF,cristian garin,tomas martin etcheverry,0.35716623067855835,0
2023-717_7.0,clay,2023,QF,tomas machac,yannick hanfmann,0.5814135670661926,0
2023-717_8.0,clay,2023,R16,frances tiafoe,steve johnson,0.8374131917953491,1
2023-717_9.0,clay,2023,R16,daniel elahi galan,jason kubler,0.379844069480896,0
2023-7290_1.0,clay,2023,R32,bernabe zapata miralles,henrique rocha,0.8098556995391846,1
2023-7290_10.0,clay,2023,R32,radu albot,sebastian baez,0.14896701276302338,0
2023-7290_11.0,clay,2023,R32,chun-hsin tseng,pedro cachin,0.35382163524627686,0
2023-7290_12.0,clay,2023,R32,giulio zeppieri,joao sousa,0.3585242033004761,0
2023-7290_13.0,clay,2023,R16,bernabe zapata miralles,hubert hurkacz,0.44464266300201416,1
2023-7290_14.0,clay,2023,R16,jurij rodionov,miomir kecmanovic,0.2733747661113739,0
2023-7290_15.0,clay,2023,R16,alejandro davidovich fokina,luca van assche,0.5232498645782471,1
2023-7290_16.0,clay,2023,R16,fabio fognini,marco cecchinato,0.4183190166950226,0
2023-7290_17.0,clay,2023,R16,ben shelton,dominic thiem,0.5078261494636536,0
2023-7290_18.0,clay,2023,R16,quentin halys,roberto bautista agut,0.6430538892745972,1
2023-7290_19.0,clay,2023,R16,pedro cachin,sebastian baez,0.21791969239711761,0
2023-7290_2.0,clay,2023,R32,albert ramos-vinolas,jurij rodionov,0.6413183808326721,0
2023-7290_20.0,clay,2023,R16,casper ruud,joao sousa,0.8471431136131287,1
2023-7290_21.0,clay,2023,QF,bernabe zapata miralles,miomir kecmanovic,0.47354909777641296,0
2023-7290_22.0,clay,2023,QF,alejandro davidovich fokina,marco cecchinato,0.7571597099304199,0
2023-7290_23.0,clay,2023,QF,dominic thiem,quentin halys,0.6571600437164307,0
2023-7290_24.0,clay,2023,QF,casper ruud,sebastian baez,0.6928542256355286,1
2023-7290_25.0,clay,2023,SF,marco cecchinato,miomir kecmanovic,0.2653825581073761,0
2023-7290_26.0,clay,2023,SF,casper ruud,quentin halys,0.8037287592887878,1
2023-7290_27.0,clay,2023,F,casper ruud,miomir kecmanovic,0.7016749382019043,1
2023-7290_3.0,clay,2023,R32,luca nardi,miomir kecmanovic,0.20251789689064026,0
2023-7290_4.0,clay,2023,R32,luca van assche,pedro sousa,0.7739261984825134,1
2023-7290_5.0,clay,2023,R32,alessandro giannessi,fabio fognini,0.27203917503356934,0
2023-7290_6.0,clay,2023,R32,diego schwartzman,marco cecchinato,0.6914482712745667,0
2023-7290_7.0,clay,2023,R32,ben shelton,constant lestienne,0.6955280900001526,1
2023-7290_8.0,clay,2023,R32,dominic thiem,sebastian ofner,0.7180230617523193,1
2023-7290_9.0,clay,2023,R32,nuno borges,quentin halys,0.40199601650238037,0
2023-7694_1.0,clay,2023,R32,alvaro lopez san martin,david goffin,0.3705849349498749,0
2023-7694_10.0,clay,2023,R32,mikael ymer,richard gasquet,0.34884345531463623,1
2023-7694_11.0,clay,2023,R32,arthur fils,zhizhen zhang,0.615058183670044,1
2023-7694_12.0,clay,2023,R32,max purcell,pablo llamas ruiz,0.39852333068847656,0
2023-7694_13.0,clay,2023,R16,cameron norrie,david goffin,0.5994927883148193,1
2023-7694_14.0,clay,2023,R16,pedro cachin,sebastian baez,0.25797444581985474,0
2023-7694_15.0,clay,2023,R16,francisco cerundolo,juan pablo varillas,0.7067874670028687,1
2023-7694_16.0,clay,2023,R16,jack draper,miomir kecmanovic,0.4584088623523712,1
2023-7694_17.0,clay,2023,R16,arthur rinderknech,brandon nakashima,0.5573846697807312,0
2023-7694_18.0,clay,2023,R16,gregoire barrere,tommy paul,0.33947619795799255,0
2023-7694_19.0,clay,2023,R16,arthur fils,mikael ymer,0.5568999648094177,1
2023-7694_2.0,clay,2023,R32,gael monfils,pedro cachin,0.2677787244319916,0
2023-7694_20.0,clay,2023,R16,felix auger-aliassime,pablo llamas ruiz,0.8244644999504089,1
2023-7694_21.0,clay,2023,QF,cameron norrie,sebastian baez,0.5849523544311523,1
2023-7694_22.0,clay,2023,QF,francisco cerundolo,jack draper,0.6181134581565857,1
2023-7694_23.0,clay,2023,QF,brandon nakashima,tommy paul,0.4561777412891388,1
2023-7694_24.0,clay,2023,QF,arthur fils,felix auger-aliassime,0.417446494102478,1
2023-7694_25.0,clay,2023,SF,cameron norrie,francisco cerundolo,0.6871872544288635,0
2023-7694_26.0,clay,2023,SF,arthur fils,brandon nakashima,0.38904908299446106,1
2023-7694_27.0,clay,2023,F,arthur fils,francisco cerundolo,0.2924935817718506,1
2023-7694_3.0,clay,2023,R32,marton fucsovics,sebastian baez,0.2533227205276489,0
2023-7694_4.0,clay,2023,R32,albert ramos-vinolas,juan pablo varillas,0.45475420355796814,0
2023-7694_5.0,clay,2023,R32,alexandre muller,jack draper,0.6004678606987,0
2023-7694_6.0,clay,2023,R32,miomir kecmanovic,oriol roca batalla,0.8190529942512512,1
2023-7694_7.0,clay,2023,R32,brandon nakashima,diego schwartzman,0.6003990173339844,1
2023-7694_8.0,clay,2023,R32,arthur rinderknech,lloyd harris,0.7634706497192383,1
2023-7694_9.0,clay,2023,R32,corentin moutet,gregoire barrere,0.5599679350852966,0
2023-8996_1.0,clay,2023,F,nicolas jarry,tomas martin etcheverry,0.706892192363739,1
2023-8996_10.0,clay,2023,R16,diego schwartzman,nicolas jarry,0.499738872051239,0
2023-8996_11.0,clay,2023,R16,roberto carballes baena,yannick hanfmann,0.6411864757537842,0
2023-8996_12.0,clay,2023,R16,laslo djere,riccardo bonadio,0.7510139346122742,1
2023-8996_13.0,clay,2023,R16,cristian garin,sebastian baez,0.2648196816444397,0
2023-8996_14.0,clay,2023,R16,dusan lajovic,juan manuel cerundolo,0.5052680969238281,1
2023-8996_15.0,clay,2023,R16,francisco cerundolo,tomas martin etcheverry,0.6964000463485718,0
2023-8996_16.0,clay,2023,R32,alejandro tabilo,jaume munar,0.3260735273361206,0
2023-8996_17.0,clay,2023,R32,facundo bagnis,marco cecchinato,0.5156170725822449,0
2023-8996_18.0,clay,2023,R32,albert ramos-vinolas,thiago monteiro,0.4728478789329529,0
2023-8996_19.0,clay,2023,R32,juan pablo varillas,nicolas jarry,0.31777843832969666,0
2023-8996_2.0,clay,2023,SF,jaume munar,nicolas jarry,0.4178526997566223,0
2023-8996_20.0,clay,2023,R32,pedro martinez,yannick hanfmann,0.43892380595207214,0
2023-8996_21.0,clay,2023,R32,carlos taberner,roberto carballes baena,0.2869051992893219,0
2023-8996_22.0,clay,2023,R32,joao sousa,laslo djere,0.16252247989177704,0
2023-8996_23.0,clay,2023,R32,daniel elahi galan,riccardo bonadio,0.6422591209411621,0
2023-8996_24.0,clay,2023,R32,cristian garin,dominic thiem,0.43805640935897827,1
2023-8996_25.0,clay,2023,R32,juan manuel cerundolo,pedro cachin,0.683635950088501,1
2023-8996_26.0,clay,2023,R32,camilo ugo carabelli,dusan lajovic,0.37190911173820496,0
2023-8996_27.0,clay,2023,R32,fabio fognini,tomas martin etcheverry,0.3772476315498352,0
2023-8996_3.0,clay,2023,SF,sebastian baez,tomas martin etcheverry,0.5920210480690002,0
2023-8996_4.0,clay,2023,QF,jaume munar,thiago monteiro,0.6016608476638794,1
2023-8996_5.0,clay,2023,QF,nicolas jarry,yannick hanfmann,0.7022457718849182,1
2023-8996_6.0,clay,2023,QF,laslo djere,sebastian baez,0.4643707573413849,0
2023-8996_7.0,clay,2023,QF,dusan lajovic,tomas martin etcheverry,0.5873625874519348,0
2023-8996_8.0,clay,2023,R16,jaume munar,lorenzo musetti,0.35853347182273865,1
2023-8996_9.0,clay,2023,R16,marco cecchinato,thiago monteiro,0.45559850335121155,0
2023-9158_1.0,clay,2023,R32,alejandro tabilo,federico delbonis,0.6877729892730713,0
2023-9158_10.0,clay,2023,R32,hugo dellien,pedro cachin,0.4806722104549408,1
2023-9158_11.0,clay,2023,R32,andrea vavassori,guido pella,0.5558855533599854,0
2023-9158_12.0,clay,2023,R32,juan manuel cerundolo,pablo andujar,0.3520771861076355,1
2023-9158_13.0,clay,2023,R16,federico delbonis,francisco cerundolo,0.3151288628578186,0
2023-9158_14.0,clay,2023,R16,federico coria,marco cecchinato,0.4440009295940399,1
2023-9158_15.0,clay,2023,R16,albert ramos-vinolas,dusan lajovic,0.3345382809638977,1
2023-9158_16.0,clay,2023,R16,cristian garin,joao sousa,0.7811499834060669,0
2023-9158_17.0,clay,2023,R16,bernabe zapata miralles,tomas barrios vera,0.7248066663742065,0
2023-9158_18.0,clay,2023,R16,luciano darderi,sebastian baez,0.48487165570259094,0
2023-9158_19.0,clay,2023,R16,guido pella,hugo dellien,0.26799502968788147,0
2023-9158_2.0,clay,2023,R32,facundo bagnis,marco cecchinato,0.6294599175453186,0
2023-9158_20.0,clay,2023,R16,diego schwartzman,juan manuel cerundolo,0.3457199037075043,0
2023-9158_21.0,clay,2023,QF,federico coria,francisco cerundolo,0.38416898250579834,1
2023-9158_22.0,clay,2023,QF,albert ramos-vinolas,joao sousa,0.6003082394599915,1
2023-9158_23.0,clay,2023,QF,sebastian baez,tomas barrios vera,0.7308662533760071,1
2023-9158_24.0,clay,2023,QF,hugo dellien,juan manuel cerundolo,0.24626576900482178,1
2023-9158_25.0,clay,2023,SF,albert ramos-vinolas,federico coria,0.40626993775367737,0
2023-9158_26.0,clay,2023,SF,hugo dellien,sebastian baez,0.22718295454978943,0
2023-9158_27.0,clay,2023,F,federico coria,sebastian baez,0.4638884365558624,0
2023-9158_3.0,clay,2023,R32,federico coria,thiago monteiro,0.33493128418922424,1
2023-9158_4.0,clay,2023,R32,dusan lajovic,juan pablo varillas,0.37126123905181885,1
2023-9158_5.0,clay,2023,R32,joao sousa,tomas martin etcheverry,0.6673170924186707,1
2023-9158_6.0,clay,2023,R32,cristian garin,pedro martinez,0.6810792088508606,1
2023-9158_7.0,clay,2023,R32,bernabe zapata miralles,roberto carballes baena,0.5523099303245544,1
2023-9158_8.0,clay,2023,R32,daniel elahi galan,tomas barrios vera,0.38207536935806274,0
2023-9158_9.0,clay,2023,R32,hugo gaston,luciano darderi,0.34689459204673767,0
2023-M-DC-2023-QLS-M-CZE-POR-01_1.0,clay,2023,RR,jiri lehecka,nuno borges,0.681272029876709,1
2023-M-DC-2023-QLS-M-CZE-POR-01_2.0,clay,2023,RR,joao sousa,tomas machac,0.3724933862686157,0
2023-M-DC-2023-QLS-M-CZE-POR-01_3.0,clay,2023,RR,jiri lehecka,joao sousa,0.787479817867279,1
2023-M-DC-2023-QLS-M-GBR-COL-01_1.0,clay,2023,RR,daniel evans,nicolas mejia,0.7746559977531433,0
2023-M-DC-2023-QLS-M-GBR-COL-01_2.0,clay,2023,RR,cameron norrie,nicolas barrientos,0.9465357661247253,1
2023-M-DC-2023-QLS-M-GBR-COL-01_3.0,clay,2023,RR,cameron norrie,nicolas mejia,0.8509929180145264,1
2023-M-DC-2023-QLS-M-KAZ-CHI-01_1.0,clay,2023,RR,cristian garin,timofey skatov,0.7554291486740112,0
2023-M-DC-2023-QLS-M-KAZ-CHI-01_2.0,clay,2023,RR,alexander bublik,nicolas jarry,0.5356898903846741,0
2023-M-DC-2023-QLS-M-KAZ-CHI-01_3.0,clay,2023,RR,alexander bublik,cristian garin,0.48577016592025757,0
2023-M-DC-2023-WG1-M-ARG-LTU-01_1.0,clay,2023,RR,francisco cerundolo,vilius gaubas,0.8790643215179443,1
2023-M-DC-2023-WG1-M-ARG-LTU-01_2.0,clay,2023,RR,ricardas berankis,sebastian baez,0.10241192579269409,0
2023-M-DC-2023-WG1-M-ARG-LTU-01_3.0,clay,2023,RR,edas butvilas,tomas martin etcheverry,0.16052071750164032,0
2023-M-DC-2023-WG1-M-BIH-GER-01_1.0,clay,2023,RR,daniel altmaier,nerman fatic,0.7353123426437378,1
2023-M-DC-2023-WG1-M-BIH-GER-01_2.0,clay,2023,RR,damir dzumhur,yannick hanfmann,0.23814436793327332,0
2023-M-DC-2023-WG1-M-BIH-GER-01_3.0,clay,2023,RR,andrej nedic,maximilian marterer,0.20474469661712646,0
2023-M-DC-2023-WG1-M-BUL-KAZ-01_1.0,clay,2023,RR,dimitar kuzmanov,timofey skatov,0.3110618591308594,0
2023-M-DC-2023-WG1-M-BUL-KAZ-01_2.0,clay,2023,RR,alexander bublik,yanaki milev,0.6834398508071899,1
2023-M-DC-2023-WG1-M-BUL-KAZ-01_3.0,clay,2023,RR,alexander bublik,dimitar kuzmanov,0.7028939723968506,1
2023-M-DC-2023-WG1-M-PER-NOR-01_1.0,clay,2023,RR,gonzalo bueno,viktor durasovic,0.651396632194519,0
2023-M-DC-2023-WG1-M-PER-NOR-01_2.0,clay,2023,RR,juan pablo varillas,nicolai budkov kjaer,0.9459987282752991,1
2023-M-DC-2023-WG1-M-PER-NOR-01_3.0,clay,2023,RR,juan pablo varillas,viktor durasovic,0.7138899564743042,1
2023-M-DC-2023-WG1-M-PER-NOR-01_4.0,clay,2023,RR,ignacio buse,nicolai budkov kjaer,0.835919976234436,1
2023-M-DC-2023-WG2-M-ESA-IRL-01_1.0,clay,2023,RR,cesar cruz,conor gannon,0.35050398111343384,0
2023-M-DC-2023-WG2-M-ESA-IRL-01_2.0,clay,2023,RR,marcelo arevalo,osgar o'hoisin,0.20097917318344116,1
2023-M-DC-2023-WG2-M-ESA-IRL-01_3.0,clay,2023,RR,diego duran,osgar o'hoisin,0.11659885942935944,0
2023-M-DC-2023-WG2-M-ESA-IRL-01_4.0,clay,2023,RR,atilio jose flores,freddy murray,0.3965413570404053,0
2023-M-DC-2023-WG2-M-LBN-JAM-01_1.0,clay,2023,RR,benjamin hassan,rowland phillips,0.8719554543495178,1
2023-M-DC-2023-WG2-M-LBN-JAM-01_2.0,clay,2023,RR,blaise bicknell,hady habib,0.5185078382492065,0
2023-M-DC-2023-WG2-M-LBN-JAM-01_3.0,clay,2023,RR,daniel azar,mustapha el natour,0.45365744829177856,0
2023-M-DC-2023-WG2-M-MEX-CHN-01_1.0,clay,2023,RR,fajing sun,rodrigo pacheco mendez,0.7112849950790405,0
2023-M-DC-2023-WG2-M-MEX-CHN-01_2.0,clay,2023,RR,ernesto escobedo,rigele te,0.5985886454582214,0
2023-M-DC-2023-WG2-M-MEX-CHN-01_3.0,clay,2023,RR,ernesto escobedo,yi zhou,0.7140112519264221,1
2023-M-DC-2023-WG2-M-MON-ECU-01_1.0,clay,2023,RR,alvaro guillen meza,valentin vacherot,0.3359604775905609,1
2023-M-DC-2023-WG2-M-MON-ECU-01_2.0,clay,2023,RR,emilio gomez,lucas catarina,0.7311441898345947,0
2023-M-DC-2023-WG2-M-MON-ECU-01_3.0,clay,2023,RR,emilio gomez,valentin vacherot,0.47913944721221924,1
2023-M-DC-2023-WG2-M-SLO-LUX-01_1.0,clay,2023,RR,alex knaff,bor artnak,0.46284791827201843,1
2023-M-DC-2023-WG2-M-SLO-LUX-01_2.0,clay,2023,RR,blaz rola,chris rodesch,0.3937056362628937,1
2023-M-DC-2023-WG2-M-SLO-LUX-01_3.0,clay,2023,RR,alex knaff,blaz rola,0.6085700988769531,0
2023-M-DC-2023-WG2-M-SLO-LUX-01_4.0,clay,2023,RR,bor artnak,chris rodesch,0.5026922225952148,0
2023-M-DC-2023-WG2-M-URU-EGY-01_1.0,clay,2023,RR,ignacio carou,mohamed safwat,0.24201983213424683,0
2023-M-DC-2023-WG2-M-URU-EGY-01_2.0,clay,2023,RR,franco roncadelli,karim-mohamed maamoun,0.3506907820701599,0
2023-M-DC-2023-WG2-M-URU-EGY-01_3.0,clay,2023,RR,amr elsayed abdou ah mohamed,joaquin  aguilar cardozo,0.31229159235954285,0
2023-311_1.0,grass,2023,R32,holger rune,maxime cressy,0.9082617163658142,1
2023-311_10.0,grass,2023,R32,alexei popyrin,jordan thompson,0.5474792718887329,0
2023-311_11.0,grass,2023,R32,daniel evans,sebastian korda,0.21885886788368225,0
2023-311_12.0,grass,2023,R32,botic van de zandschulp,frances tiafoe,0.28686144948005676,0
2023-311_13.0,grass,2023,R32,francisco cerundolo,tommy paul,0.4964848458766937,1
2023-311_14.0,grass,2023,R32,emil ruusuvuori,grigor dimitrov,0.4369535446166992,0
2023-311_15.0,grass,2023,R32,alejandro davidovich fokina,jiri lehecka,0.5934367179870605,0
2023-311_16.0,grass,2023,R32,arthur rinderknech,carlos alcaraz,0.054240912199020386,0
2023-311_17.0,grass,2023,R16,holger rune,ryan peniston,0.9023462533950806,1
2023-311_18.0,grass,2023,R16,ben shelton,lorenzo musetti,0.20752054452896118,0
2023-311_19.0,grass,2023,R16,adrian mannarino,taylor fritz,0.2389763444662094,1
2023-311_2.0,grass,2023,R32,ryan peniston,ugo humbert,0.4008229076862335,1
2023-311_20.0,grass,2023,R16,alex de minaur,diego schwartzman,0.7809621691703796,1
2023-311_21.0,grass,2023,R16,cameron norrie,jordan thompson,0.7823121547698975,1
2023-311_22.0,grass,2023,R16,frances tiafoe,sebastian korda,0.5549092292785645,0
2023-311_23.0,grass,2023,R16,francisco cerundolo,grigor dimitrov,0.4688429832458496,0
2023-311_24.0,grass,2023,R16,carlos alcaraz,jiri lehecka,0.8989328145980835,1
2023-311_25.0,grass,2023,QF,holger rune,lorenzo musetti,0.7213734984397888,1
2023-311_26.0,grass,2023,QF,adrian mannarino,alex de minaur,0.35756099224090576,0
2023-311_27.0,grass,2023,QF,cameron norrie,sebastian korda,0.467906653881073,0
2023-311_28.0,grass,2023,QF,carlos alcaraz,grigor dimitrov,0.8296417593955994,1
2023-311_29.0,grass,2023,SF,alex de minaur,holger rune,0.25889071822166443,1
2023-311_3.0,grass,2023,R32,ben shelton,j.j. wolf,0.3311474919319153,1
2023-311_30.0,grass,2023,SF,carlos alcaraz,sebastian korda,0.8104609251022339,1
2023-311_31.0,grass,2023,F,alex de minaur,carlos alcaraz,0.15745241940021515,0
2023-311_4.0,grass,2023,R32,jan choinski,lorenzo musetti,0.15142488479614258,0
2023-311_5.0,grass,2023,R32,bernabe zapata miralles,taylor fritz,0.23329129815101624,0
2023-311_6.0,grass,2023,R32,adrian mannarino,liam broady,0.6637384295463562,1
2023-311_7.0,grass,2023,R32,diego schwartzman,mackenzie mcdonald,0.37633514404296875,1
2023-311_8.0,grass,2023,R32,alex de minaur,andy murray,0.642917811870575,1
2023-311_9.0,grass,2023,R32,cameron norrie,miomir kecmanovic,0.7042655348777771,1
2023-315_1.0,grass,2023,R32,abdullah shelbayh,rinky hijikata,0.3738754689693451,0
2023-315_10.0,grass,2023,R32,corentin moutet,eliot spizzirri,0.6861515045166016,1
2023-315_11.0,grass,2023,R32,alex bolt,john isner,0.3796309232711792,0
2023-315_12.0,grass,2023,R32,ethan quinn,mukund sasikumar,0.5385363698005676,1
2023-315_13.0,grass,2023,R16,adrian mannarino,rinky hijikata,0.7048811316490173,1
2023-315_14.0,grass,2023,R16,jordan thompson,liam broady,0.5356382131576538,1
2023-315_15.0,grass,2023,R16,steve johnson,ugo humbert,0.5263469219207764,0
2023-315_16.0,grass,2023,R16,gijs brouwer,kevin anderson,0.413425475358963,0
2023-315_17.0,grass,2023,R16,alex michelsen,james duckworth,0.39968398213386536,1
2023-315_18.0,grass,2023,R16,li tu,mackenzie mcdonald,0.2380695790052414,0
2023-315_19.0,grass,2023,R16,corentin moutet,john isner,0.4985763430595398,0
2023-315_2.0,grass,2023,R32,liam broady,shintaro mochizuki,0.7212972640991211,1
2023-315_20.0,grass,2023,R16,ethan quinn,tommy paul,0.16977325081825256,0
2023-315_21.0,grass,2023,QF,adrian mannarino,jordan thompson,0.6336424946784973,1
2023-315_22.0,grass,2023,QF,kevin anderson,ugo humbert,0.5996227264404297,0
2023-315_23.0,grass,2023,QF,alex michelsen,mackenzie mcdonald,0.2581320106983185,1
2023-315_24.0,grass,2023,QF,john isner,tommy paul,0.29632070660591125,1
2023-315_25.0,grass,2023,SF,adrian mannarino,ugo humbert,0.6705247163772583,1
2023-315_26.0,grass,2023,SF,alex michelsen,john isner,0.3346608579158783,1
2023-315_27.0,grass,2023,F,adrian mannarino,alex michelsen,0.7527472376823425,1
2023-315_3.0,grass,2023,R32,aleksandar kovacevic,jordan thompson,0.3609195351600647,0
2023-315_4.0,grass,2023,R32,steve johnson,yun seong chung,0.6740120053291321,1
2023-315_5.0,grass,2023,R32,gabriel diallo,kevin anderson,0.2588866949081421,0
2023-315_6.0,grass,2023,R32,gijs brouwer,max purcell,0.6248591542243958,1
2023-315_7.0,grass,2023,R32,alex michelsen,maxime cressy,0.39052844047546387,1
2023-315_8.0,grass,2023,R32,constant lestienne,james duckworth,0.3954527676105499,0
2023-315_9.0,grass,2023,R32,aleksandar vukic,li tu,0.6060848236083984,0
2023-321_1.0,grass,2023,R32,aslan karatsev,corentin moutet,0.504313051700592,1
2023-321_10.0,grass,2023,R32,benjamin bonzi,tommy paul,0.32782691717147827,0
2023-321_11.0,grass,2023,R32,jan-lennard struff,zhizhen zhang,0.6831170320510864,1
2023-321_12.0,grass,2023,R32,christopher eubanks,richard gasquet,0.42786315083503723,0
2023-321_13.0,grass,2023,R16,aslan karatsev,taylor fritz,0.22327740490436554,0
2023-321_14.0,grass,2023,R16,marton fucsovics,yibing wu,0.5570761561393738,1
2023-321_15.0,grass,2023,R16,frances tiafoe,jiri lehecka,0.6280907392501831,1
2023-321_16.0,grass,2023,R16,gregoire barrere,lorenzo musetti,0.28793027997016907,0
2023-321_17.0,grass,2023,R16,christopher o'connell,lorenzo sonego,0.3097156584262848,1
2023-321_18.0,grass,2023,R16,hubert hurkacz,yosuke watanuki,0.7689359188079834,1
2023-321_19.0,grass,2023,R16,jan-lennard struff,tommy paul,0.4348676800727844,1
2023-321_2.0,grass,2023,R32,denis shapovalov,marton fucsovics,0.5252981185913086,0
2023-321_20.0,grass,2023,R16,richard gasquet,stefanos tsitsipas,0.12263435870409012,1
2023-321_21.0,grass,2023,QF,marton fucsovics,taylor fritz,0.21966663002967834,1
2023-321_22.0,grass,2023,QF,frances tiafoe,lorenzo musetti,0.5804652571678162,1
2023-321_23.0,grass,2023,QF,christopher o'connell,hubert hurkacz,0.32677438855171204,0
2023-321_24.0,grass,2023,QF,jan-lennard struff,richard gasquet,0.6586961150169373,1
2023-321_25.0,grass,2023,SF,frances tiafoe,marton fucsovics,0.6698225140571594,1
2023-321_26.0,grass,2023,SF,hubert hurkacz,jan-lennard struff,0.5907996892929077,0
2023-321_27.0,grass,2023,F,frances tiafoe,jan-lennard struff,0.618975818157196,1
2023-321_3.0,grass,2023,R32,nick kyrgios,yibing wu,0.8786019086837769,0
2023-321_4.0,grass,2023,R32,jiri lehecka,marcos giron,0.5714747905731201,1
2023-321_5.0,grass,2023,R32,gregoire barrere,oscar otte,0.6302270293235779,1
2023-321_6.0,grass,2023,R32,borna gojo,lorenzo musetti,0.24530068039894104,0
2023-321_7.0,grass,2023,R32,lorenzo sonego,matteo berrettini,0.3694608807563782,1
2023-321_8.0,grass,2023,R32,christopher o'connell,daniel altmaier,0.6104714870452881,1
2023-321_9.0,grass,2023,R32,feliciano lopez,yosuke watanuki,0.3306201100349426,0
2023-440_1.0,grass,2023,R32,alexander bublik,david goffin,0.48845505714416504,1
2023-440_10.0,grass,2023,R32,milos raonic,miomir kecmanovic,0.7266318202018738,1
2023-440_11.0,grass,2023,R32,giovanni mpetshi perricard,jordan thompson,0.4375993609428406,0
2023-440_12.0,grass,2023,R32,adrian mannarino,arthur fils,0.44029760360717773,1
2023-440_13.0,grass,2023,R16,alexander bublik,jannik sinner,0.1620684266090393,0
2023-440_14.0,grass,2023,R16,emil ruusuvuori,ugo humbert,0.6858126521110535,1
2023-440_15.0,grass,2023,R16,alex de minaur,laslo djere,0.6183820366859436,1
2023-440_16.0,grass,2023,R16,alexei popyrin,tallon griekspoor,0.4085596203804016,0
2023-440_17.0,grass,2023,R16,marc-andrea huesler,rinky hijikata,0.46008607745170593,0
2023-440_18.0,grass,2023,R16,borna coric,mackenzie mcdonald,0.6973990797996521,0
2023-440_19.0,grass,2023,R16,jordan thompson,milos raonic,0.16379721462726593,1
2023-440_2.0,grass,2023,R32,brandon nakashima,emil ruusuvuori,0.4418511688709259,0
2023-440_20.0,grass,2023,R16,adrian mannarino,daniil medvedev,0.07935378700494766,1
2023-440_21.0,grass,2023,QF,emil ruusuvuori,jannik sinner,0.30629101395606995,1
2023-440_22.0,grass,2023,QF,alex de minaur,tallon griekspoor,0.6614664196968079,0
2023-440_23.0,grass,2023,QF,mackenzie mcdonald,rinky hijikata,0.6810920238494873,0
2023-440_24.0,grass,2023,QF,adrian mannarino,jordan thompson,0.6846476793289185,0
2023-440_25.0,grass,2023,SF,emil ruusuvuori,tallon griekspoor,0.6188937425613403,0
2023-440_26.0,grass,2023,SF,jordan thompson,rinky hijikata,0.4925537407398224,1
2023-440_27.0,grass,2023,F,jordan thompson,tallon griekspoor,0.3310762345790863,0
2023-440_3.0,grass,2023,R32,jason kubler,ugo humbert,0.5137136578559875,0
2023-440_4.0,grass,2023,R32,laslo djere,ricardas berankis,0.5279776453971863,1
2023-440_5.0,grass,2023,R32,alexei popyrin,arthur rinderknech,0.4719286859035492,1
2023-440_6.0,grass,2023,R32,mikael ymer,tallon griekspoor,0.4852786362171173,0
2023-440_7.0,grass,2023,R32,marc-andrea huesler,maxime cressy,0.4004083573818207,1
2023-440_8.0,grass,2023,R32,gijs brouwer,rinky hijikata,0.6285303831100464,0
2023-440_9.0,grass,2023,R32,ilya ivashka,mackenzie mcdonald,0.5074756145477295,0
2023-500_1.0,grass,2023,R32,gregoire barrere,stefanos tsitsipas,0.15212851762771606,0
2023-500_10.0,grass,2023,R32,roberto carballes baena,tallon griekspoor,0.4060380458831787,0
2023-500_11.0,grass,2023,R32,louis wessels,yannick hanfmann,0.22503554821014404,0
2023-500_12.0,grass,2023,R32,andrey rublev,yibing wu,0.8366902470588684,1
2023-500_13.0,grass,2023,R32,andrea vavassori,roberto bautista agut,0.30718252062797546,0
2023-500_14.0,grass,2023,R32,brandon nakashima,mikael ymer,0.598335862159729,1
2023-500_15.0,grass,2023,R32,laslo djere,oscar otte,0.7064738273620605,1
2023-500_16.0,grass,2023,R32,daniil medvedev,marcos giron,0.9074402451515198,1
2023-500_17.0,grass,2023,R16,nicolas jarry,stefanos tsitsipas,0.2848239541053772,1
2023-500_18.0,grass,2023,R16,alexander zverev,denis shapovalov,0.734388530254364,1
2023-500_19.0,grass,2023,R16,jannik sinner,lorenzo sonego,0.6694503426551819,1
2023-500_2.0,grass,2023,R32,corentin moutet,nicolas jarry,0.288535475730896,0
2023-500_20.0,grass,2023,R16,alexander bublik,jan-lennard struff,0.28402164578437805,1
2023-500_21.0,grass,2023,R16,hubert hurkacz,tallon griekspoor,0.577849268913269,0
2023-500_22.0,grass,2023,R16,andrey rublev,yannick hanfmann,0.7685073614120483,1
2023-500_23.0,grass,2023,R16,brandon nakashima,roberto bautista agut,0.5345781445503235,0
2023-500_24.0,grass,2023,R16,daniil medvedev,laslo djere,0.8956027626991272,1
2023-500_25.0,grass,2023,QF,alexander zverev,nicolas jarry,0.6343507766723633,1
2023-500_26.0,grass,2023,QF,alexander bublik,jannik sinner,0.18667982518672943,1
2023-500_27.0,grass,2023,QF,andrey rublev,tallon griekspoor,0.7280182838439941,1
2023-500_28.0,grass,2023,QF,daniil medvedev,roberto bautista agut,0.8792986273765564,0
2023-500_29.0,grass,2023,SF,alexander bublik,alexander zverev,0.20653940737247467,1
2023-500_3.0,grass,2023,R32,denis shapovalov,lloyd harris,0.6196856498718262,1
2023-500_30.0,grass,2023,SF,andrey rublev,roberto bautista agut,0.78941410779953,1
2023-500_31.0,grass,2023,F,alexander bublik,andrey rublev,0.19863726198673248,1
2023-500_4.0,grass,2023,R32,alexander zverev,dominic thiem,0.7720643877983093,1
2023-500_5.0,grass,2023,R32,jannik sinner,richard gasquet,0.8143488764762878,1
2023-500_6.0,grass,2023,R32,aslan karatsev,lorenzo sonego,0.3637113571166992,0
2023-500_7.0,grass,2023,R32,jan-lennard struff,roman safiullin,0.726019024848938,1
2023-500_8.0,grass,2023,R32,alexander bublik,borna coric,0.27686598896980286,1
2023-500_9.0,grass,2023,R32,christopher eubanks,hubert hurkacz,0.1953551471233368,0
2023-540_1.0,grass,2023,R128,carlos alcaraz,jeremy chardy,0.9280170798301697,1
2023-540_10.0,grass,2023,R128,alexei popyrin,dominic stricker,0.4648574888706207,0
2023-540_100.0,grass,2023,R32,alejandro davidovich fokina,holger rune,0.23220987617969513,0
2023-540_101.0,grass,2023,R32,daniil medvedev,marton fucsovics,0.8403317332267761,1
2023-540_102.0,grass,2023,R32,jiri lehecka,tommy paul,0.44526436924934387,1
2023-540_103.0,grass,2023,R32,christopher eubanks,christopher o'connell,0.527656078338623,1
2023-540_104.0,grass,2023,R32,laslo djere,stefanos tsitsipas,0.22290968894958496,0
2023-540_105.0,grass,2023,R32,jannik sinner,quentin halys,0.850293755531311,1
2023-540_106.0,grass,2023,R32,daniel elahi galan,mikael ymer,0.3115672767162323,1
2023-540_107.0,grass,2023,R32,guido pella,roman safiullin,0.47034093737602234,0
2023-540_108.0,grass,2023,R32,denis shapovalov,liam broady,0.6813209652900696,1
2023-540_109.0,grass,2023,R32,andrey rublev,david goffin,0.8609726428985596,1
2023-540_11.0,grass,2023,R128,federico coria,ilya ivashka,0.3703503906726837,0
2023-540_110.0,grass,2023,R32,alexander bublik,maximilian marterer,0.7621322870254517,1
2023-540_111.0,grass,2023,R32,hubert hurkacz,lorenzo musetti,0.4891549348831177,1
2023-540_112.0,grass,2023,R32,novak djokovic,stan wawrinka,0.9104217886924744,1
2023-540_113.0,grass,2023,R16,carlos alcaraz,matteo berrettini,0.8288769721984863,1
2023-540_114.0,grass,2023,R16,grigor dimitrov,holger rune,0.3596506118774414,0
2023-540_115.0,grass,2023,R16,daniil medvedev,jiri lehecka,0.8044432401657104,1
2023-540_116.0,grass,2023,R16,christopher eubanks,stefanos tsitsipas,0.19809363782405853,1
2023-540_117.0,grass,2023,R16,daniel elahi galan,jannik sinner,0.12080414593219757,0
2023-540_118.0,grass,2023,R16,denis shapovalov,roman safiullin,0.633325457572937,0
2023-540_119.0,grass,2023,R16,alexander bublik,andrey rublev,0.2817893624305725,0
2023-540_12.0,grass,2023,R128,grigor dimitrov,sho shimabukuro,0.8872494101524353,1
2023-540_120.0,grass,2023,R16,hubert hurkacz,novak djokovic,0.11102995276451111,0
2023-540_121.0,grass,2023,QF,carlos alcaraz,holger rune,0.742707371711731,1
2023-540_122.0,grass,2023,QF,christopher eubanks,daniil medvedev,0.12415742129087448,0
2023-540_123.0,grass,2023,QF,jannik sinner,roman safiullin,0.8202835917472839,1
2023-540_124.0,grass,2023,QF,andrey rublev,novak djokovic,0.20832231640815735,0
2023-540_125.0,grass,2023,SF,carlos alcaraz,daniil medvedev,0.6598188877105713,1
2023-540_126.0,grass,2023,SF,jannik sinner,novak djokovic,0.19729383289813995,0
2023-540_127.0,grass,2023,F,carlos alcaraz,novak djokovic,0.42260295152664185,1
2023-540_13.0,grass,2023,R128,alejandro davidovich fokina,arthur fils,0.5838257670402527,1
2023-540_14.0,grass,2023,R128,botic van de zandschulp,zhizhen zhang,0.5585144758224487,1
2023-540_15.0,grass,2023,R128,matteo arnaldi,roberto carballes baena,0.31114616990089417,0
2023-540_16.0,grass,2023,R128,george loffhagen,holger rune,0.05826181545853615,0
2023-540_17.0,grass,2023,R128,arthur fery,daniil medvedev,0.04546022042632103,0
2023-540_18.0,grass,2023,R128,adrian mannarino,alexander shevchenko,0.7340855002403259,1
2023-540_19.0,grass,2023,R128,hugo dellien,marcos giron,0.3307837247848511,0
2023-540_2.0,grass,2023,R128,alexandre muller,arthur rinderknech,0.43971914052963257,1
2023-540_20.0,grass,2023,R128,marton fucsovics,tallon griekspoor,0.4299137592315674,1
2023-540_21.0,grass,2023,R128,francisco cerundolo,nuno borges,0.8365151882171631,1
2023-540_22.0,grass,2023,R128,jiri lehecka,sebastian ofner,0.656860888004303,1
2023-540_23.0,grass,2023,R128,dennis novak,milos raonic,0.12432226538658142,0
2023-540_24.0,grass,2023,R128,shintaro mochizuki,tommy paul,0.1171107292175293,0
2023-540_25.0,grass,2023,R128,cameron norrie,tomas machac,0.7938948273658752,1
2023-540_26.0,grass,2023,R128,christopher eubanks,thiago monteiro,0.6111613512039185,1
2023-540_27.0,grass,2023,R128,christopher o'connell,hamad medjedovic,0.7320010662078857,1
2023-540_28.0,grass,2023,R128,jiri vesely,sebastian korda,0.16216234862804413,1
2023-540_29.0,grass,2023,R128,ben shelton,taro daniel,0.33521419763565063,1
2023-540_3.0,grass,2023,R128,jason kubler,ugo humbert,0.4793122112751007,1
2023-540_30.0,grass,2023,R128,laslo djere,maxime cressy,0.6512948274612427,1
2023-540_31.0,grass,2023,R128,andy murray,ryan peniston,0.704486608505249,1
2023-540_32.0,grass,2023,R128,dominic thiem,stefanos tsitsipas,0.2063128799200058,0
2023-540_33.0,grass,2023,R128,jannik sinner,juan manuel cerundolo,0.8956928849220276,1
2023-540_34.0,grass,2023,R128,diego schwartzman,miomir kecmanovic,0.43402010202407837,1
2023-540_35.0,grass,2023,R128,aleksandar vukic,daniel altmaier,0.4886877238750458,1
2023-540_36.0,grass,2023,R128,daniel evans,quentin halys,0.5754104256629944,0
2023-540_37.0,grass,2023,R128,daniel elahi galan,yoshihito nishioka,0.21522217988967896,1
2023-540_38.0,grass,2023,R128,dominik koepfer,oscar otte,0.602348268032074,0
2023-540_39.0,grass,2023,R128,alex molcan,mikael ymer,0.5910207629203796,0
2023-540_4.0,grass,2023,R128,marco cecchinato,nicolas jarry,0.2711336612701416,0
2023-540_40.0,grass,2023,R128,taylor fritz,yannick hanfmann,0.6255642175674438,1
2023-540_41.0,grass,2023,R128,borna coric,guido pella,0.7305802702903748,0
2023-540_42.0,grass,2023,R128,benjamin bonzi,harold mayot,0.7403033375740051,0
2023-540_43.0,grass,2023,R128,corentin moutet,richard gasquet,0.5114583969116211,1
2023-540_44.0,grass,2023,R128,roberto bautista agut,roman safiullin,0.6832022070884705,0
2023-540_45.0,grass,2023,R128,denis shapovalov,radu albot,0.6729304790496826,1
2023-540_46.0,grass,2023,R128,gregoire barrere,lloyd harris,0.5533843636512756,1
2023-540_47.0,grass,2023,R128,constant lestienne,liam broady,0.4453790783882141,0
2023-540_48.0,grass,2023,R128,casper ruud,laurent lokoli,0.9307491779327393,1
2023-540_49.0,grass,2023,R128,andrey rublev,max purcell,0.9181354641914368,1
2023-540_5.0,grass,2023,R128,alexander zverev,gijs brouwer,0.8455421328544617,1
2023-540_50.0,grass,2023,R128,aslan karatsev,luca van assche,0.6756341457366943,1
2023-540_51.0,grass,2023,R128,sebastian baez,tomas barrios vera,0.7012009024620056,0
2023-540_52.0,grass,2023,R128,david goffin,fabian marozsan,0.5669329762458801,1
2023-540_53.0,grass,2023,R128,alexander bublik,mackenzie mcdonald,0.5483123064041138,1
2023-540_54.0,grass,2023,R128,enzo couacaud,j.j. wolf,0.2960534989833832,0
2023-540_55.0,grass,2023,R128,borna gojo,maximilian marterer,0.5837951898574829,0
2023-540_56.0,grass,2023,R128,felix auger-aliassime,michael mmoh,0.8076662421226501,0
2023-540_57.0,grass,2023,R128,juan pablo varillas,lorenzo musetti,0.28329673409461975,0
2023-540_58.0,grass,2023,R128,jaume munar,john isner,0.36800289154052734,1
2023-540_59.0,grass,2023,R128,dusan lajovic,jan choinski,0.7800905704498291,0
2023-540_6.0,grass,2023,R128,marc-andrea huesler,yosuke watanuki,0.4671429395675659,0
2023-540_60.0,grass,2023,R128,albert ramos-vinolas,hubert hurkacz,0.1603941172361374,0
2023-540_61.0,grass,2023,R128,bernabe zapata miralles,tomas martin etcheverry,0.403961181640625,0
2023-540_62.0,grass,2023,R128,emil ruusuvuori,stan wawrinka,0.5208473205566406,0
2023-540_63.0,grass,2023,R128,brandon nakashima,jordan thompson,0.6084476113319397,0
2023-540_64.0,grass,2023,R128,novak djokovic,pedro cachin,0.9699835777282715,1
2023-540_65.0,grass,2023,R64,alexandre muller,carlos alcaraz,0.046577055007219315,0
2023-540_66.0,grass,2023,R64,jason kubler,nicolas jarry,0.2733311057090759,0
2023-540_67.0,grass,2023,R64,alexander zverev,yosuke watanuki,0.852175772190094,1
2023-540_68.0,grass,2023,R64,alex de minaur,matteo berrettini,0.4930148422718048,0
2023-540_69.0,grass,2023,R64,dominic stricker,frances tiafoe,0.21214686334133148,0
2023-540_7.0,grass,2023,R128,lorenzo sonego,matteo berrettini,0.36561450362205505,0
2023-540_70.0,grass,2023,R64,grigor dimitrov,ilya ivashka,0.759623646736145,1
2023-540_71.0,grass,2023,R64,alejandro davidovich fokina,botic van de zandschulp,0.5996321439743042,1
2023-540_72.0,grass,2023,R64,holger rune,roberto carballes baena,0.8481864333152771,1
2023-540_73.0,grass,2023,R64,adrian mannarino,daniil medvedev,0.15582209825515747,0
2023-540_74.0,grass,2023,R64,marcos giron,marton fucsovics,0.37426841259002686,0
2023-540_75.0,grass,2023,R64,francisco cerundolo,jiri lehecka,0.6347022652626038,0
2023-540_76.0,grass,2023,R64,milos raonic,tommy paul,0.5476282835006714,0
2023-540_77.0,grass,2023,R64,cameron norrie,christopher eubanks,0.7320143580436707,0
2023-540_78.0,grass,2023,R64,christopher o'connell,jiri vesely,0.5434457063674927,1
2023-540_79.0,grass,2023,R64,ben shelton,laslo djere,0.32707202434539795,0
2023-540_8.0,grass,2023,R128,alex de minaur,kimmer coppejans,0.9053753614425659,1
2023-540_80.0,grass,2023,R64,andy murray,stefanos tsitsipas,0.24501757323741913,0
2023-540_81.0,grass,2023,R64,diego schwartzman,jannik sinner,0.1720665693283081,0
2023-540_82.0,grass,2023,R64,aleksandar vukic,quentin halys,0.4203263819217682,0
2023-540_83.0,grass,2023,R64,daniel elahi galan,oscar otte,0.49925723671913147,1
2023-540_84.0,grass,2023,R64,mikael ymer,taylor fritz,0.25697842240333557,1
2023-540_85.0,grass,2023,R64,guido pella,harold mayot,0.6482750177383423,1
2023-540_86.0,grass,2023,R64,corentin moutet,roman safiullin,0.5351699590682983,0
2023-540_87.0,grass,2023,R64,denis shapovalov,gregoire barrere,0.549331784248352,1
2023-540_88.0,grass,2023,R64,casper ruud,liam broady,0.8496320843696594,0
2023-540_89.0,grass,2023,R64,andrey rublev,aslan karatsev,0.8285810351371765,1
2023-540_9.0,grass,2023,R128,frances tiafoe,yibing wu,0.8028342723846436,1
2023-540_90.0,grass,2023,R64,david goffin,tomas barrios vera,0.6514804363250732,1
2023-540_91.0,grass,2023,R64,alexander bublik,j.j. wolf,0.6152760982513428,1
2023-540_92.0,grass,2023,R64,maximilian marterer,michael mmoh,0.4398311674594879,1
2023-540_93.0,grass,2023,R64,jaume munar,lorenzo musetti,0.2175314575433731,0
2023-540_94.0,grass,2023,R64,hubert hurkacz,jan choinski,0.8490262031555176,1
2023-540_95.0,grass,2023,R64,stan wawrinka,tomas martin etcheverry,0.577595055103302,1
2023-540_96.0,grass,2023,R64,jordan thompson,novak djokovic,0.038270004093647,0
2023-540_97.0,grass,2023,R32,carlos alcaraz,nicolas jarry,0.8885152339935303,1
2023-540_98.0,grass,2023,R32,alexander zverev,matteo berrettini,0.5667219758033752,0
2023-540_99.0,grass,2023,R32,frances tiafoe,grigor dimitrov,0.5312944054603577,0
2023-741_1.0,grass,2023,R32,nuno borges,sebastian baez,0.4269384443759918,0
2023-741_10.0,grass,2023,R32,botic van de zandschulp,mikael ymer,0.5922500491142273,0
2023-741_11.0,grass,2023,R32,jan choinski,liam broady,0.3819996416568756,0
2023-741_12.0,grass,2023,R32,mackenzie mcdonald,marco cecchinato,0.5589759945869446,1
2023-741_13.0,grass,2023,R16,sebastian baez,tommy paul,0.30166351795196533,0
2023-741_14.0,grass,2023,R16,j.j. wolf,luca van assche,0.6817440390586853,1
2023-741_15.0,grass,2023,R16,gregoire barrere,nicolas jarry,0.25415360927581787,1
2023-741_16.0,grass,2023,R16,aleksandar vukic,miomir kecmanovic,0.3247627019882202,0
2023-741_17.0,grass,2023,R16,maxime cressy,zhizhen zhang,0.4651905298233032,0
2023-741_18.0,grass,2023,R16,francisco cerundolo,marc-andrea huesler,0.7967079877853394,1
2023-741_19.0,grass,2023,R16,liam broady,mikael ymer,0.43139979243278503,0
2023-741_2.0,grass,2023,R32,george loffhagen,luca van assche,0.4793972969055176,0
2023-741_20.0,grass,2023,R16,mackenzie mcdonald,taylor fritz,0.2658421993255615,1
2023-741_21.0,grass,2023,QF,j.j. wolf,tommy paul,0.35541555285453796,0
2023-741_22.0,grass,2023,QF,gregoire barrere,miomir kecmanovic,0.47720253467559814,1
2023-741_23.0,grass,2023,QF,francisco cerundolo,zhizhen zhang,0.7552265524864197,1
2023-741_24.0,grass,2023,QF,mackenzie mcdonald,mikael ymer,0.5319780111312866,1
2023-741_25.0,grass,2023,SF,gregoire barrere,tommy paul,0.2990477979183197,0
2023-741_26.0,grass,2023,SF,francisco cerundolo,mackenzie mcdonald,0.7013210654258728,1
2023-741_27.0,grass,2023,F,francisco cerundolo,tommy paul,0.5245386958122253,1
2023-741_3.0,grass,2023,R32,j.j. wolf,tomas martin etcheverry,0.41161149740219116,1
2023-741_4.0,grass,2023,R32,emil ruusuvuori,gregoire barrere,0.6857525110244751,0
2023-741_5.0,grass,2023,R32,aleksandar vukic,brandon nakashima,0.2535105347633362,1
2023-741_6.0,grass,2023,R32,miomir kecmanovic,yibing wu,0.5186612010002136,1
2023-741_7.0,grass,2023,R32,lorenzo sonego,zhizhen zhang,0.6937859654426575,0
2023-741_8.0,grass,2023,R32,daniel elahi galan,maxime cressy,0.44134604930877686,0
2023-741_9.0,grass,2023,R32,marc-andrea huesler,ryan peniston,0.4586927592754364,1
2023-8994_1.0,grass,2023,R32,li tu,pavel kotov,0.4087085425853729,0
2023-8994_10.0,grass,2023,R32,jordan thompson,richard gasquet,0.44151726365089417,1
2023-8994_11.0,grass,2023,R32,feliciano lopez,max purcell,0.3812328577041626,1
2023-8994_12.0,grass,2023,R32,pedro cachin,yannick hanfmann,0.3139398694038391,0
2023-8994_13.0,grass,2023,R16,alejandro davidovich fokina,pavel kotov,0.7988599538803101,0
2023-8994_14.0,grass,2023,R16,lloyd harris,roman safiullin,0.5042155385017395,1
2023-8994_15.0,grass,2023,R16,ben shelton,christopher eubanks,0.49752193689346313,0
2023-8994_16.0,grass,2023,R16,arthur rinderknech,constant lestienne,0.5854412317276001,1
2023-8994_17.0,grass,2023,R16,corentin moutet,roberto carballes baena,0.43277961015701294,1
2023-8994_18.0,grass,2023,R16,adrian mannarino,guido pella,0.6555966138839722,1
2023-8994_19.0,grass,2023,R16,feliciano lopez,jordan thompson,0.28432196378707886,1
2023-8994_2.0,grass,2023,R32,abdullah shelbayh,roman safiullin,0.35329633951187134,0
2023-8994_20.0,grass,2023,R16,stefanos tsitsipas,yannick hanfmann,0.7593818306922913,0
2023-8994_21.0,grass,2023,QF,lloyd harris,pavel kotov,0.6317840218544006,1
2023-8994_22.0,grass,2023,QF,arthur rinderknech,christopher eubanks,0.5538944005966187,0
2023-8994_23.0,grass,2023,QF,adrian mannarino,corentin moutet,0.5922133922576904,1
2023-8994_24.0,grass,2023,QF,feliciano lopez,yannick hanfmann,0.1748199164867401,0
2023-8994_25.0,grass,2023,SF,christopher eubanks,lloyd harris,0.4161660373210907,1
2023-8994_26.0,grass,2023,SF,adrian mannarino,yannick hanfmann,0.43766748905181885,1
2023-8994_27.0,grass,2023,F,adrian mannarino,christopher eubanks,0.6643326282501221,0
2023-8994_3.0,grass,2023,R32,bernabe zapata miralles,lloyd harris,0.5072781443595886,0
2023-8994_4.0,grass,2023,R32,alex michelsen,christopher eubanks,0.4257842004299164,0
2023-8994_5.0,grass,2023,R32,constant lestienne,jason kubler,0.3667161166667938,1
2023-8994_6.0,grass,2023,R32,albert ramos-vinolas,arthur rinderknech,0.3616037964820862,0
2023-8994_7.0,grass,2023,R32,ilya ivashka,roberto carballes baena,0.4842994511127472,0
2023-8994_8.0,grass,2023,R32,christopher o'connell,corentin moutet,0.5510661005973816,0
2023-8994_9.0,grass,2023,R32,guido pella,marcos giron,0.3890267312526703,1
2023-M-DC-2023-WG2-M-PAK-INA-01_1.0,grass,2023,RR,aqeel khan,gunawan trismuwantara,0.5123448371887207,1
2023-M-DC-2023-WG2-M-PAK-INA-01_2.0,grass,2023,RR,aisam-ul-haq qureshi,david agung susanto,0.6900081634521484,1
2023-M-DC-2023-WG2-M-PAK-INA-01_3.0,grass,2023,RR,aqeel khan,david agung susanto,0.6574716567993164,1
2023-M-DC-2023-WG2-M-PAK-INA-01_4.0,grass,2023,RR,gunawan trismuwantara,muhammad shoaib,0.5258814692497253,0
2023-2843_1.0,hard,2023,R32,alexei popyrin,felix auger-aliassime,0.2243146151304245,1
2023-2843_10.0,hard,2023,R32,jack draper,soonwoo kwon,0.6788988709449768,1
2023-2843_11.0,hard,2023,R32,christopher o'connell,miomir kecmanovic,0.18407168984413147,0
2023-2843_12.0,hard,2023,R32,daniil medvedev,lorenzo sonego,0.7018749713897705,1
2023-2843_13.0,hard,2023,R32,denis shapovalov,rinky hijikata,0.8629571199417114,1
2023-2843_14.0,hard,2023,R32,mikael ymer,roman safiullin,0.7684110999107361,0
2023-2843_15.0,hard,2023,R32,jordan thompson,quentin halys,0.8018440008163452,0
2023-2843_16.0,hard,2023,R32,constant lestienne,novak djokovic,0.015865273773670197,0
2023-2843_17.0,hard,2023,R16,alexei popyrin,marcos giron,0.19127137959003448,1
2023-2843_18.0,hard,2023,R16,mackenzie mcdonald,yoshihito nishioka,0.4184971749782562,0
2023-2843_19.0,hard,2023,R16,roberto bautista agut,sebastian korda,0.41433238983154297,0
2023-2843_2.0,hard,2023,R32,marcos giron,richard gasquet,0.6099023222923279,1
2023-2843_20.0,hard,2023,R16,jannik sinner,thanasi kokkinakis,0.7437092065811157,1
2023-2843_21.0,hard,2023,R16,jack draper,karen khachanov,0.34705501794815063,0
2023-2843_22.0,hard,2023,R16,daniil medvedev,miomir kecmanovic,0.7581089735031128,1
2023-2843_23.0,hard,2023,R16,denis shapovalov,roman safiullin,0.7135928273200989,1
2023-2843_24.0,hard,2023,R16,novak djokovic,quentin halys,0.9592821598052979,1
2023-2843_25.0,hard,2023,QF,alexei popyrin,yoshihito nishioka,0.2530205547809601,0
2023-2843_26.0,hard,2023,QF,jannik sinner,sebastian korda,0.6240871548652649,0
2023-2843_27.0,hard,2023,QF,daniil medvedev,karen khachanov,0.6996889114379883,1
2023-2843_28.0,hard,2023,QF,denis shapovalov,novak djokovic,0.11256403475999832,0
2023-2843_29.0,hard,2023,SF,sebastian korda,yoshihito nishioka,0.6032932996749878,1
2023-2843_3.0,hard,2023,R32,daniel elahi galan,mackenzie mcdonald,0.3125019967556,0
2023-2843_30.0,hard,2023,SF,daniil medvedev,novak djokovic,0.2887890338897705,0
2023-2843_31.0,hard,2023,F,novak djokovic,sebastian korda,0.8272002339363098,1
2023-2843_4.0,hard,2023,R32,holger rune,yoshihito nishioka,0.7486116886138916,0
2023-2843_5.0,hard,2023,R32,andrey rublev,roberto bautista agut,0.5721224546432495,0
2023-2843_6.0,hard,2023,R32,andy murray,sebastian korda,0.3770546615123749,0
2023-2843_7.0,hard,2023,R32,maxime cressy,thanasi kokkinakis,0.3679904341697693,0
2023-2843_8.0,hard,2023,R32,jannik sinner,kyle edmund,0.9079155921936035,1
2023-2843_9.0,hard,2023,R32,karen khachanov,pedro cachin,0.843383252620697,1
2023-301_1.0,hard,2023,R32,jiri lehecka,thiago monteiro,0.5499818921089172,1
2023-301_10.0,hard,2023,R32,gregoire barrere,john isner,0.1699555367231369,1
2023-301_11.0,hard,2023,R32,constant lestienne,pedro cachin,0.7509599328041077,1
2023-301_12.0,hard,2023,R32,jaume munar,laslo djere,0.31486883759498596,0
2023-301_13.0,hard,2023,R16,cameron norrie,jiri lehecka,0.751137912273407,1
2023-301_14.0,hard,2023,R16,j.j. wolf,marcos giron,0.3401039242744446,0
2023-301_15.0,hard,2023,R16,diego schwartzman,jenson brooksby,0.3651828169822693,0
2023-301_16.0,hard,2023,R16,ben shelton,quentin halys,0.5676103234291077,0
2023-301_17.0,hard,2023,R16,christopher eubanks,david goffin,0.35899817943573,0
2023-301_18.0,hard,2023,R16,joao sousa,richard gasquet,0.16743163764476776,0
2023-301_19.0,hard,2023,R16,constant lestienne,gregoire barrere,0.5406394600868225,1
2023-301_2.0,hard,2023,R32,federico coria,marcos giron,0.21390454471111298,0
2023-301_20.0,hard,2023,R16,casper ruud,laslo djere,0.7628690600395203,0
2023-301_21.0,hard,2023,QF,cameron norrie,marcos giron,0.7376465797424316,1
2023-301_22.0,hard,2023,QF,jenson brooksby,quentin halys,0.7366811633110046,1
2023-301_23.0,hard,2023,QF,david goffin,richard gasquet,0.44899025559425354,0
2023-301_24.0,hard,2023,QF,constant lestienne,laslo djere,0.4556874930858612,1
2023-301_25.0,hard,2023,SF,cameron norrie,jenson brooksby,0.6974409818649292,1
2023-301_26.0,hard,2023,SF,constant lestienne,richard gasquet,0.3614729344844818,0
2023-301_27.0,hard,2023,F,cameron norrie,richard gasquet,0.5408042073249817,0
2023-301_3.0,hard,2023,R32,adrian mannarino,j.j. wolf,0.3479631841182709,0
2023-301_4.0,hard,2023,R32,fabio fognini,jenson brooksby,0.6214665174484253,0
2023-301_5.0,hard,2023,R32,alex molcan,quentin halys,0.6082180142402649,0
2023-301_6.0,hard,2023,R32,ben shelton,sebastian baez,0.3325974941253662,1
2023-301_7.0,hard,2023,R32,alexander bublik,david goffin,0.43660494685173035,0
2023-301_8.0,hard,2023,R32,christopher eubanks,ugo humbert,0.26143065094947815,1
2023-301_9.0,hard,2023,R32,kiranpal pannu,richard gasquet,0.09406918287277222,0
2023-328_1.0,hard,2023,F,felix auger-aliassime,hubert hurkacz,0.3040747046470642,1
2023-328_10.0,hard,2023,R32,felix auger-aliassime,leandro riedi,0.8495515584945679,1
2023-328_11.0,hard,2023,R32,botic van de zandschulp,roberto bautista agut,0.4846239686012268,1
2023-328_12.0,hard,2023,R32,alexander shevchenko,stan wawrinka,0.27248483896255493,1
2023-328_13.0,hard,2023,R32,max purcell,taylor fritz,0.14090201258659363,0
2023-328_14.0,hard,2023,R32,sebastian korda,tomas martin etcheverry,0.6506187319755554,0
2023-328_15.0,hard,2023,R32,andy murray,yannick hanfmann,0.44559627771377563,1
2023-328_16.0,hard,2023,R32,christopher o'connell,sebastian baez,0.3895969092845917,0
2023-328_17.0,hard,2023,R32,holger rune,miomir kecmanovic,0.7224071621894836,1
2023-328_18.0,hard,2023,R16,casper ruud,dominic stricker,0.6571089029312134,0
2023-328_19.0,hard,2023,R16,nicolas jarry,ugo humbert,0.38492026925086975,0
2023-328_2.0,hard,2023,R32,alexander bublik,casper ruud,0.2811107039451599,0
2023-328_20.0,hard,2023,R16,hubert hurkacz,jan-lennard struff,0.7706027626991272,1
2023-328_21.0,hard,2023,R16,alex de minaur,tallon griekspoor,0.7103646397590637,0
2023-328_22.0,hard,2023,R16,botic van de zandschulp,felix auger-aliassime,0.3795827329158783,0
2023-328_23.0,hard,2023,R16,alexander shevchenko,taylor fritz,0.119600810110569,1
2023-328_24.0,hard,2023,R16,andy murray,tomas martin etcheverry,0.6490603685379028,0
2023-328_25.0,hard,2023,R16,holger rune,sebastian baez,0.5581210255622864,1
2023-328_26.0,hard,2023,QF,dominic stricker,ugo humbert,0.312139630317688,0
2023-328_27.0,hard,2023,QF,hubert hurkacz,tallon griekspoor,0.7298325896263123,1
2023-328_28.0,hard,2023,QF,alexander shevchenko,felix auger-aliassime,0.2475464940071106,0
2023-328_29.0,hard,2023,QF,holger rune,tomas martin etcheverry,0.7569308280944824,1
2023-328_3.0,hard,2023,R32,benjamin hassan,dominic stricker,0.41817399859428406,0
2023-328_30.0,hard,2023,SF,hubert hurkacz,ugo humbert,0.6439783573150635,1
2023-328_31.0,hard,2023,SF,felix auger-aliassime,holger rune,0.43012735247612,1
2023-328_4.0,hard,2023,R32,marcos giron,ugo humbert,0.6318737864494324,0
2023-328_5.0,hard,2023,R32,adrian mannarino,nicolas jarry,0.7719833254814148,0
2023-328_6.0,hard,2023,R32,dusan lajovic,hubert hurkacz,0.18626588582992554,0
2023-328_7.0,hard,2023,R32,christopher eubanks,jan-lennard struff,0.4483811557292938,0
2023-328_8.0,hard,2023,R32,tallon griekspoor,thiago seyboth wild,0.721992552280426,1
2023-328_9.0,hard,2023,R32,alex de minaur,diego schwartzman,0.7921059131622314,1
2023-329_1.0,hard,2023,R32,casper ruud,yosuke watanuki,0.7873230576515198,1
2023-329_10.0,hard,2023,R32,hubert hurkacz,zhizhen zhang,0.7733816504478455,0
2023-329_11.0,hard,2023,R32,diego schwartzman,francisco cerundolo,0.3673191964626312,1
2023-329_12.0,hard,2023,R32,alex de minaur,jack draper,0.7811304926872253,1
2023-329_13.0,hard,2023,R32,alexei popyrin,karen khachanov,0.22224631905555725,1
2023-329_14.0,hard,2023,R32,cristian garin,sho shimabukuro,0.7535074949264526,1
2023-329_15.0,hard,2023,R32,shintaro mochizuki,tomas martin etcheverry,0.5198451280593872,1
2023-329_16.0,hard,2023,R32,cameron norrie,taylor fritz,0.20046649873256683,0
2023-329_17.0,hard,2023,R16,casper ruud,marcos giron,0.749028205871582,0
2023-329_18.0,hard,2023,R16,felix auger-aliassime,sebastian ofner,0.6332612037658691,1
2023-329_19.0,hard,2023,R16,ben shelton,jordan thompson,0.6433174014091492,1
2023-329_2.0,hard,2023,R32,marcos giron,yoshihito nishioka,0.4441056251525879,1
2023-329_20.0,hard,2023,R16,mackenzie mcdonald,tommy paul,0.3613739013671875,0
2023-329_21.0,hard,2023,R16,aslan karatsev,zhizhen zhang,0.5242091417312622,1
2023-329_22.0,hard,2023,R16,alex de minaur,diego schwartzman,0.7647817134857178,1
2023-329_23.0,hard,2023,R16,alexei popyrin,cristian garin,0.5104103088378906,1
2023-329_24.0,hard,2023,R16,shintaro mochizuki,taylor fritz,0.027626436203718185,1
2023-329_25.0,hard,2023,QF,felix auger-aliassime,marcos giron,0.6545332670211792,0
2023-329_26.0,hard,2023,QF,ben shelton,tommy paul,0.4245544970035553,1
2023-329_27.0,hard,2023,QF,alex de minaur,aslan karatsev,0.7680559158325195,0
2023-329_28.0,hard,2023,QF,alexei popyrin,shintaro mochizuki,0.7872034311294556,0
2023-329_29.0,hard,2023,SF,ben shelton,marcos giron,0.6735102534294128,1
2023-329_3.0,hard,2023,R32,christopher o'connell,sebastian ofner,0.4961048662662506,0
2023-329_30.0,hard,2023,SF,aslan karatsev,shintaro mochizuki,0.8034951686859131,1
2023-329_31.0,hard,2023,F,aslan karatsev,ben shelton,0.35400816798210144,0
2023-329_4.0,hard,2023,R32,aleksandar vukic,felix auger-aliassime,0.3366689383983612,0
2023-329_5.0,hard,2023,R32,alexander zverev,jordan thompson,0.7958382964134216,0
2023-329_6.0,hard,2023,R32,ben shelton,taro daniel,0.6994779109954834,1
2023-329_7.0,hard,2023,R32,mackenzie mcdonald,max purcell,0.6858023405075073,1
2023-329_8.0,hard,2023,R32,daniel altmaier,tommy paul,0.18349751830101013,0
2023-329_9.0,hard,2023,R32,aslan karatsev,frances tiafoe,0.28005877137184143,1
2023-337_1.0,hard,2023,F,daniil medvedev,jannik sinner,0.6057807207107544,0
2023-337_10.0,hard,2023,R32,alexandre muller,tommy paul,0.13438931107521057,0
2023-337_11.0,hard,2023,R32,aslan karatsev,borna gojo,0.3924117684364319,0
2023-337_12.0,hard,2023,R32,aleksandar vukic,tomas machac,0.4892677366733551,0
2023-337_13.0,hard,2023,R32,dominic thiem,stefanos tsitsipas,0.2665363848209381,0
2023-337_14.0,hard,2023,R32,karen khachanov,roman safiullin,0.6732575297355652,1
2023-337_15.0,hard,2023,R32,j.j. wolf,jiri lehecka,0.447636216878891,0
2023-337_16.0,hard,2023,R32,grigor dimitrov,lorenzo musetti,0.7183278799057007,1
2023-337_17.0,hard,2023,R32,arthur fils,daniil medvedev,0.11443714797496796,0
2023-337_18.0,hard,2023,R16,jannik sinner,lorenzo sonego,0.8616780638694763,1
2023-337_19.0,hard,2023,R16,frances tiafoe,gael monfils,0.4685512185096741,1
2023-337_2.0,hard,2023,R32,ben shelton,jannik sinner,0.19633102416992188,0
2023-337_20.0,hard,2023,R16,andrey rublev,matteo arnaldi,0.8138555288314819,1
2023-337_21.0,hard,2023,R16,alexander zverev,cameron norrie,0.7878080606460571,1
2023-337_22.0,hard,2023,R16,borna gojo,tommy paul,0.2901737689971924,1
2023-337_23.0,hard,2023,R16,stefanos tsitsipas,tomas machac,0.7744725942611694,1
2023-337_24.0,hard,2023,R16,jiri lehecka,karen khachanov,0.3613239526748657,0
2023-337_25.0,hard,2023,R16,daniil medvedev,grigor dimitrov,0.7432290315628052,1
2023-337_26.0,hard,2023,QF,frances tiafoe,jannik sinner,0.16690205037593842,0
2023-337_27.0,hard,2023,QF,alexander zverev,andrey rublev,0.46148043870925903,0
2023-337_28.0,hard,2023,QF,borna gojo,stefanos tsitsipas,0.2690320611000061,0
2023-337_29.0,hard,2023,QF,daniil medvedev,karen khachanov,0.7711774110794067,1
2023-337_3.0,hard,2023,R32,francisco cerundolo,lorenzo sonego,0.5927143096923828,0
2023-337_30.0,hard,2023,SF,andrey rublev,jannik sinner,0.3991558253765106,0
2023-337_31.0,hard,2023,SF,daniil medvedev,stefanos tsitsipas,0.766349196434021,1
2023-337_4.0,hard,2023,R32,daniel altmaier,gael monfils,0.18127144873142242,0
2023-337_5.0,hard,2023,R32,daniel evans,frances tiafoe,0.3984562158584595,0
2023-337_6.0,hard,2023,R32,alexei popyrin,andrey rublev,0.3330306112766266,0
2023-337_7.0,hard,2023,R32,albert ramos-vinolas,matteo arnaldi,0.19812984764575958,0
2023-337_8.0,hard,2023,R32,cameron norrie,filip misolic,0.6882690191268921,1
2023-337_9.0,hard,2023,R32,alexander zverev,sebastian ofner,0.8184319138526917,1
2023-341_1.0,hard,2023,R32,arthur cazaux,pierre-hugues herbert,0.3025156557559967,0
2023-341_10.0,hard,2023,R32,lorenzo sonego,marcos giron,0.3394576907157898,1
2023-341_11.0,hard,2023,R32,abdullah shelbayh,hugo gaston,0.5967833399772644,1
2023-341_12.0,hard,2023,R32,fabio fognini,thiago seyboth wild,0.3504607081413269,1
2023-341_13.0,hard,2023,R16,gijs brouwer,pierre-hugues herbert,0.6190400719642639,0
2023-341_14.0,hard,2023,R16,luca van assche,stan wawrinka,0.2985888123512268,1
2023-341_15.0,hard,2023,R16,constant lestienne,karen khachanov,0.18318669497966766,0
2023-341_16.0,hard,2023,R16,alexander shevchenko,mate valkusz,0.6851646900177002,1
2023-341_17.0,hard,2023,R16,gregoire barrere,harold mayot,0.6107887625694275,0
2023-341_18.0,hard,2023,R16,dominic thiem,ugo humbert,0.3256477415561676,0
2023-341_19.0,hard,2023,R16,abdullah shelbayh,lorenzo sonego,0.1803659349679947,0
2023-341_2.0,hard,2023,R32,botic van de zandschulp,luca van assche,0.6047366857528687,0
2023-341_20.0,hard,2023,R16,alexander bublik,fabio fognini,0.5210526585578918,0
2023-341_21.0,hard,2023,QF,luca van assche,pierre-hugues herbert,0.3203924894332886,0
2023-341_22.0,hard,2023,QF,alexander shevchenko,karen khachanov,0.21360011398792267,1
2023-341_23.0,hard,2023,QF,harold mayot,ugo humbert,0.16758787631988525,0
2023-341_24.0,hard,2023,QF,fabio fognini,lorenzo sonego,0.3196111023426056,1
2023-341_25.0,hard,2023,SF,alexander shevchenko,pierre-hugues herbert,0.5681301951408386,1
2023-341_26.0,hard,2023,SF,fabio fognini,ugo humbert,0.3129650950431824,0
2023-341_27.0,hard,2023,F,alexander shevchenko,ugo humbert,0.26730236411094666,0
2023-341_3.0,hard,2023,R32,bernabe zapata miralles,stan wawrinka,0.19899427890777588,0
2023-341_4.0,hard,2023,R32,calvin hemery,constant lestienne,0.32088974118232727,0
2023-341_5.0,hard,2023,R32,alexander shevchenko,mathias bourgue,0.7338672280311584,1
2023-341_6.0,hard,2023,R32,daniel altmaier,mate valkusz,0.7513201236724854,0
2023-341_7.0,hard,2023,R32,gregoire barrere,yannick hanfmann,0.31883084774017334,1
2023-341_8.0,hard,2023,R32,harold mayot,yosuke watanuki,0.2688041031360626,1
2023-341_9.0,hard,2023,R32,dominic thiem,matteo martineau,0.7733932733535767,1
2023-352_1.0,hard,2023,R64,alexandre muller,roman safiullin,0.2770564556121826,0
2023-352_10.0,hard,2023,R64,hubert hurkacz,sebastian korda,0.6310925483703613,1
2023-352_11.0,hard,2023,R64,jiri lehecka,roberto bautista agut,0.5944902896881104,0
2023-352_12.0,hard,2023,R64,francisco cerundolo,gael monfils,0.40019533038139343,1
2023-352_13.0,hard,2023,R64,jordan thompson,yoshihito nishioka,0.4080967903137207,0
2023-352_14.0,hard,2023,R64,adrian mannarino,botic van de zandschulp,0.6429835557937622,0
2023-352_15.0,hard,2023,R64,richard gasquet,tommy paul,0.1859900802373886,0
2023-352_16.0,hard,2023,R64,alex de minaur,andy murray,0.6898133158683777,1
2023-352_17.0,hard,2023,R64,benjamin bonzi,dusan lajovic,0.32710182666778564,0
2023-352_18.0,hard,2023,R64,j.j. wolf,mackenzie mcdonald,0.6698931455612183,0
2023-352_19.0,hard,2023,R64,dominic thiem,stan wawrinka,0.4866237938404083,1
2023-352_2.0,hard,2023,R64,laslo djere,luca van assche,0.8016637563705444,1
2023-352_20.0,hard,2023,R64,arthur fils,daniel altmaier,0.7074342370033264,0
2023-352_21.0,hard,2023,R64,sebastian baez,taylor fritz,0.23178499937057495,0
2023-352_22.0,hard,2023,R64,alejandro davidovich fokina,ben shelton,0.27807554602622986,1
2023-352_23.0,hard,2023,R64,christopher eubanks,tallon griekspoor,0.3491794466972351,0
2023-352_24.0,hard,2023,R64,miomir kecmanovic,tomas martin etcheverry,0.502824068069458,0
2023-352_25.0,hard,2023,R32,carlos alcaraz,roman safiullin,0.7566663026809692,0
2023-352_26.0,hard,2023,R32,karen khachanov,laslo djere,0.8185966610908508,1
2023-352_27.0,hard,2023,R32,alexander zverev,ugo humbert,0.5890374779701233,1
2023-352_28.0,hard,2023,R32,felix auger-aliassime,stefanos tsitsipas,0.5861449241638184,0
2023-352_29.0,hard,2023,R32,daniil medvedev,grigor dimitrov,0.7123103737831116,0
2023-352_3.0,hard,2023,R64,karen khachanov,max purcell,0.7849197387695312,1
2023-352_30.0,hard,2023,R32,alexander bublik,nicolas jarry,0.44720587134361267,1
2023-352_31.0,hard,2023,R32,hubert hurkacz,roberto bautista agut,0.7487685084342957,1
2023-352_32.0,hard,2023,R32,casper ruud,francisco cerundolo,0.4482075870037079,0
2023-352_33.0,hard,2023,R32,andrey rublev,yoshihito nishioka,0.7282459735870361,1
2023-352_34.0,hard,2023,R32,botic van de zandschulp,tommy paul,0.3604937493801117,1
2023-352_35.0,hard,2023,R32,alex de minaur,dusan lajovic,0.7738495469093323,1
2023-352_36.0,hard,2023,R32,jannik sinner,mackenzie mcdonald,0.8233803510665894,1
2023-352_37.0,hard,2023,R32,dominic thiem,holger rune,0.49421924352645874,0
2023-352_38.0,hard,2023,R32,daniel altmaier,taylor fritz,0.1507602483034134,1
2023-352_39.0,hard,2023,R32,alejandro davidovich fokina,tallon griekspoor,0.531552791595459,0
2023-352_4.0,hard,2023,R64,alexander zverev,marton fucsovics,0.8370392918586731,1
2023-352_40.0,hard,2023,R32,novak djokovic,tomas martin etcheverry,0.8770913481712341,1
2023-352_41.0,hard,2023,R16,karen khachanov,roman safiullin,0.7052792906761169,1
2023-352_42.0,hard,2023,R16,alexander zverev,stefanos tsitsipas,0.5065224170684814,0
2023-352_43.0,hard,2023,R16,alexander bublik,grigor dimitrov,0.2756924629211426,0
2023-352_44.0,hard,2023,R16,francisco cerundolo,hubert hurkacz,0.27147042751312256,0
2023-352_45.0,hard,2023,R16,andrey rublev,botic van de zandschulp,0.7900694012641907,1
2023-352_46.0,hard,2023,R16,alex de minaur,jannik sinner,0.27824968099594116,1
2023-352_47.0,hard,2023,R16,daniel altmaier,holger rune,0.21585094928741455,0
2023-352_48.0,hard,2023,R16,novak djokovic,tallon griekspoor,0.932596743106842,1
2023-352_49.0,hard,2023,QF,karen khachanov,stefanos tsitsipas,0.3839176297187805,0
2023-352_5.0,hard,2023,R64,marcos giron,ugo humbert,0.3389621078968048,0
2023-352_50.0,hard,2023,QF,grigor dimitrov,hubert hurkacz,0.4869632124900818,1
2023-352_51.0,hard,2023,QF,alex de minaur,andrey rublev,0.39382806420326233,0
2023-352_52.0,hard,2023,QF,holger rune,novak djokovic,0.055459313094615936,0
2023-352_53.0,hard,2023,SF,grigor dimitrov,stefanos tsitsipas,0.4492436349391937,1
2023-352_54.0,hard,2023,SF,andrey rublev,novak djokovic,0.1456688791513443,0
2023-352_55.0,hard,2023,F,grigor dimitrov,novak djokovic,0.15464888513088226,0
2023-352_6.0,hard,2023,R64,felix auger-aliassime,jan-lennard struff,0.6740180253982544,1
2023-352_7.0,hard,2023,R64,grigor dimitrov,lorenzo musetti,0.7313756942749023,1
2023-352_8.0,hard,2023,R64,alexei popyrin,nicolas jarry,0.37135961651802063,0
2023-352_9.0,hard,2023,R64,alexander bublik,frances tiafoe,0.3308117389678955,1
2023-375_1.0,hard,2023,R32,geoffrey blancaneaux,marton fucsovics,0.19386903941631317,0
2023-375_10.0,hard,2023,R32,alexander bublik,gregoire barrere,0.7692842483520508,0
2023-375_11.0,hard,2023,R32,constant lestienne,nikoloz basilashvili,0.5983655452728271,0
2023-375_12.0,hard,2023,R32,luca van assche,marc-andrea huesler,0.17217937111854553,0
2023-375_13.0,hard,2023,R16,jannik sinner,marton fucsovics,0.7706246972084045,1
2023-375_14.0,hard,2023,R16,filip krajinovic,lorenzo sonego,0.5618306398391724,0
2023-375_15.0,hard,2023,R16,arthur fils,roberto bautista agut,0.3949853777885437,1
2023-375_16.0,hard,2023,R16,alejandro davidovich fokina,quentin halys,0.7091387510299683,0
2023-375_17.0,hard,2023,R16,emil ruusuvuori,maxime cressy,0.5111954808235168,0
2023-375_18.0,hard,2023,R16,arthur rinderknech,borna coric,0.16287747025489807,0
2023-375_19.0,hard,2023,R16,gregoire barrere,nikoloz basilashvili,0.4983823299407959,1
2023-375_2.0,hard,2023,R32,aslan karatsev,filip krajinovic,0.3579237163066864,0
2023-375_20.0,hard,2023,R16,holger rune,marc-andrea huesler,0.7415748238563538,1
2023-375_21.0,hard,2023,QF,jannik sinner,lorenzo sonego,0.7530134320259094,1
2023-375_22.0,hard,2023,QF,arthur fils,quentin halys,0.5141677260398865,1
2023-375_23.0,hard,2023,QF,borna coric,maxime cressy,0.71699059009552,0
2023-375_24.0,hard,2023,QF,gregoire barrere,holger rune,0.1375385820865631,0
2023-375_25.0,hard,2023,SF,arthur fils,jannik sinner,0.1613045185804367,0
2023-375_26.0,hard,2023,SF,holger rune,maxime cressy,0.7761802673339844,0
2023-375_27.0,hard,2023,F,jannik sinner,maxime cressy,0.758005678653717,1
2023-375_3.0,hard,2023,R32,benjamin bonzi,lorenzo sonego,0.6905520558357239,0
2023-375_4.0,hard,2023,R32,arthur fils,richard gasquet,0.15195468068122864,1
2023-375_5.0,hard,2023,R32,clement chidekh,quentin halys,0.5344716310501099,0
2023-375_6.0,hard,2023,R32,alejandro davidovich fokina,ugo humbert,0.3769301772117615,1
2023-375_7.0,hard,2023,R32,emil ruusuvuori,mikael ymer,0.5430312752723694,1
2023-375_8.0,hard,2023,R32,antoine bellier,maxime cressy,0.25590822100639343,0
2023-375_9.0,hard,2023,R32,arthur rinderknech,luca nardi,0.8049590587615967,1
2023-403_1.0,hard,2023,R128,christopher o'connell,richard gasquet,0.24218663573265076,0
2023-403_10.0,hard,2023,R128,alex molcan,jordan thompson,0.5369248390197754,1
2023-403_11.0,hard,2023,R128,daniel elahi galan,mackenzie mcdonald,0.23175875842571259,0
2023-403_12.0,hard,2023,R128,pedro martinez,quentin halys,0.5673077702522278,0
2023-403_13.0,hard,2023,R128,gregoire barrere,roman safiullin,0.5016483068466187,1
2023-403_14.0,hard,2023,R128,christopher eubanks,denis kudla,0.6519450545310974,1
2023-403_15.0,hard,2023,R128,adrian mannarino,juncheng shang,0.8282338976860046,1
2023-403_16.0,hard,2023,R128,thanasi kokkinakis,zizou bergs,0.8344310522079468,1
2023-403_17.0,hard,2023,R128,alexander bublik,j.j. wolf,0.2987554371356964,0
2023-403_18.0,hard,2023,R128,gael monfils,ugo humbert,0.6045573949813843,0
2023-403_19.0,hard,2023,R128,fabio fognini,jan-lennard struff,0.3949987292289734,0
2023-403_2.0,hard,2023,R128,cristian garin,marcos giron,0.48098596930503845,1
2023-403_20.0,hard,2023,R128,aleksandar vukic,laslo djere,0.4053076207637787,0
2023-403_21.0,hard,2023,R128,arthur rinderknech,taro daniel,0.5024043321609497,0
2023-403_22.0,hard,2023,R128,emil ruusuvuori,nuno borges,0.7813045978546143,1
2023-403_23.0,hard,2023,R128,alexei popyrin,mikael ymer,0.38720327615737915,1
2023-403_24.0,hard,2023,R128,daniel altmaier,ilya ivashka,0.14605069160461426,0
2023-403_25.0,hard,2023,R128,marton fucsovics,pedro cachin,0.6605815291404724,1
2023-403_26.0,hard,2023,R128,kyle edmund,yibing wu,0.26514527201652527,0
2023-403_27.0,hard,2023,R128,guido pella,juan pablo varillas,0.44703981280326843,1
2023-403_28.0,hard,2023,R128,emilio nava,john isner,0.16880835592746735,1
2023-403_29.0,hard,2023,R128,albert ramos-vinolas,marc-andrea huesler,0.44147181510925293,0
2023-403_3.0,hard,2023,R128,federico coria,jiri lehecka,0.24023689329624176,0
2023-403_30.0,hard,2023,R128,brandon nakashima,oscar otte,0.7359864115715027,1
2023-403_31.0,hard,2023,R128,andy murray,dusan lajovic,0.8203377723693848,0
2023-403_32.0,hard,2023,R128,facundo bagnis,felipe meligeni alves,0.6011021733283997,1
2023-403_33.0,hard,2023,R64,richard gasquet,stefanos tsitsipas,0.35429248213768005,0
2023-403_34.0,hard,2023,R64,cristian garin,sebastian baez,0.7609024047851562,1
2023-403_35.0,hard,2023,R64,jiri lehecka,lorenzo musetti,0.7506746053695679,1
2023-403_36.0,hard,2023,R64,karen khachanov,tomas martin etcheverry,0.6443689465522766,1
2023-403_37.0,hard,2023,R64,frances tiafoe,yosuke watanuki,0.8849711418151855,1
2023-403_38.0,hard,2023,R64,daniel evans,lorenzo sonego,0.2769128680229187,0
2023-403_39.0,hard,2023,R64,aleksandar kovacevic,francisco cerundolo,0.6243783235549927,0
2023-403_4.0,hard,2023,R128,pavel kotov,tomas martin etcheverry,0.3239974081516266,0
2023-403_40.0,hard,2023,R64,felix auger-aliassime,thiago monteiro,0.7544997334480286,1
2023-403_41.0,hard,2023,R64,daniil medvedev,roberto carballes baena,0.8345355987548828,1
2023-403_42.0,hard,2023,R64,alex molcan,yoshihito nishioka,0.5598387718200684,1
2023-403_43.0,hard,2023,R64,mackenzie mcdonald,matteo berrettini,0.5995973944664001,1
2023-403_44.0,hard,2023,R64,alex de minaur,quentin halys,0.7003366351127625,0
2023-403_45.0,hard,2023,R64,cameron norrie,gregoire barrere,0.6318504810333252,0
2023-403_46.0,hard,2023,R64,borna coric,christopher eubanks,0.6719818115234375,0
2023-403_47.0,hard,2023,R64,adrian mannarino,ben shelton,0.763889491558075,1
2023-403_48.0,hard,2023,R64,hubert hurkacz,thanasi kokkinakis,0.7605203986167908,1
2023-403_49.0,hard,2023,R64,andrey rublev,j.j. wolf,0.7663176655769348,1
2023-403_5.0,hard,2023,R128,benoit paire,yosuke watanuki,0.33611923456192017,0
2023-403_50.0,hard,2023,R64,miomir kecmanovic,ugo humbert,0.5387090444564819,1
2023-403_51.0,hard,2023,R64,grigor dimitrov,jan-lennard struff,0.44071441888809204,1
2023-403_52.0,hard,2023,R64,jannik sinner,laslo djere,0.6746541261672974,1
2023-403_53.0,hard,2023,R64,alexander zverev,taro daniel,0.6099451780319214,0
2023-403_54.0,hard,2023,R64,emil ruusuvuori,roberto bautista agut,0.7018827199935913,1
2023-403_55.0,hard,2023,R64,alexei popyrin,botic van de zandschulp,0.5754533410072327,0
2023-403_56.0,hard,2023,R64,casper ruud,ilya ivashka,0.5484342575073242,1
2023-403_57.0,hard,2023,R64,holger rune,marton fucsovics,0.6105610728263855,1
2023-403_58.0,hard,2023,R64,diego schwartzman,yibing wu,0.24414187669754028,1
2023-403_59.0,hard,2023,R64,denis shapovalov,guido pella,0.7384538650512695,1
2023-403_6.0,hard,2023,R128,dominic thiem,lorenzo sonego,0.5715490579605103,0
2023-403_60.0,hard,2023,R64,emilio nava,taylor fritz,0.20065484941005707,0
2023-403_61.0,hard,2023,R64,marc-andrea huesler,tommy paul,0.37751197814941406,0
2023-403_62.0,hard,2023,R64,alejandro davidovich fokina,brandon nakashima,0.3507500886917114,1
2023-403_63.0,hard,2023,R64,dusan lajovic,maxime cressy,0.6272566318511963,1
2023-403_64.0,hard,2023,R64,carlos alcaraz,facundo bagnis,0.8785418272018433,1
2023-403_65.0,hard,2023,R32,cristian garin,stefanos tsitsipas,0.16318516433238983,0
2023-403_66.0,hard,2023,R32,jiri lehecka,karen khachanov,0.3491418659687042,0
2023-403_67.0,hard,2023,R32,frances tiafoe,lorenzo sonego,0.7642444372177124,0
2023-403_68.0,hard,2023,R32,felix auger-aliassime,francisco cerundolo,0.7966128587722778,0
2023-403_69.0,hard,2023,R32,alex molcan,daniil medvedev,0.0715455636382103,0
2023-403_7.0,hard,2023,R128,aleksandar kovacevic,jaume munar,0.48514318466186523,1
2023-403_70.0,hard,2023,R32,mackenzie mcdonald,quentin halys,0.7379851341247559,0
2023-403_71.0,hard,2023,R32,christopher eubanks,gregoire barrere,0.3945824205875397,1
2023-403_72.0,hard,2023,R32,adrian mannarino,hubert hurkacz,0.48873171210289,1
2023-403_73.0,hard,2023,R32,andrey rublev,miomir kecmanovic,0.8335371613502502,1
2023-403_74.0,hard,2023,R32,grigor dimitrov,jannik sinner,0.2764664590358734,0
2023-403_75.0,hard,2023,R32,emil ruusuvuori,taro daniel,0.575802743434906,1
2023-403_76.0,hard,2023,R32,botic van de zandschulp,casper ruud,0.36620602011680603,1
2023-403_77.0,hard,2023,R32,diego schwartzman,holger rune,0.1818377524614334,0
2023-403_78.0,hard,2023,R32,denis shapovalov,taylor fritz,0.2507440447807312,0
2023-403_79.0,hard,2023,R32,alejandro davidovich fokina,tommy paul,0.3234102725982666,0
2023-403_8.0,hard,2023,R128,jason kubler,thiago monteiro,0.6553926467895508,0
2023-403_80.0,hard,2023,R32,carlos alcaraz,dusan lajovic,0.895085334777832,1
2023-403_81.0,hard,2023,R16,karen khachanov,stefanos tsitsipas,0.26769980788230896,1
2023-403_82.0,hard,2023,R16,francisco cerundolo,lorenzo sonego,0.49316567182540894,1
2023-403_83.0,hard,2023,R16,daniil medvedev,quentin halys,0.9009918570518494,1
2023-403_84.0,hard,2023,R16,adrian mannarino,christopher eubanks,0.7289693355560303,0
2023-403_85.0,hard,2023,R16,andrey rublev,jannik sinner,0.5059441924095154,0
2023-403_86.0,hard,2023,R16,botic van de zandschulp,emil ruusuvuori,0.523521900177002,0
2023-403_87.0,hard,2023,R16,holger rune,taylor fritz,0.4909411668777466,0
2023-403_88.0,hard,2023,R16,carlos alcaraz,tommy paul,0.6754988431930542,1
2023-403_89.0,hard,2023,QF,francisco cerundolo,karen khachanov,0.27757710218429565,0
2023-403_9.0,hard,2023,R128,bernabe zapata miralles,roberto carballes baena,0.5190585851669312,0
2023-403_90.0,hard,2023,QF,christopher eubanks,daniil medvedev,0.046771612018346786,0
2023-403_91.0,hard,2023,QF,emil ruusuvuori,jannik sinner,0.24633696675300598,0
2023-403_92.0,hard,2023,QF,carlos alcaraz,taylor fritz,0.7129718065261841,1
2023-403_93.0,hard,2023,SF,daniil medvedev,karen khachanov,0.7676975727081299,1
2023-403_94.0,hard,2023,SF,carlos alcaraz,jannik sinner,0.7524014711380005,0
2023-403_95.0,hard,2023,F,daniil medvedev,jannik sinner,0.6951677799224854,1
2023-404_1.0,hard,2023,R128,gael monfils,jordan thompson,0.4157654047012329,0
2023-404_10.0,hard,2023,R128,cristian garin,daniel elahi galan,0.5271208882331848,1
2023-404_11.0,hard,2023,R128,jaume munar,yibing wu,0.540936291217804,0
2023-404_12.0,hard,2023,R128,laslo djere,oscar otte,0.6359743475914001,0
2023-404_13.0,hard,2023,R128,nikoloz basilashvili,pedro cachin,0.3675086498260498,0
2023-404_14.0,hard,2023,R128,constant lestienne,emil ruusuvuori,0.4092695713043213,0
2023-404_15.0,hard,2023,R128,ilya ivashka,roman safiullin,0.6054083704948425,1
2023-404_16.0,hard,2023,R128,brandon nakashima,john isner,0.5067166686058044,1
2023-404_17.0,hard,2023,R128,filip krajinovic,mackenzie mcdonald,0.3537605106830597,0
2023-404_18.0,hard,2023,R128,aleksandar vukic,stan wawrinka,0.1654660403728485,0
2023-404_19.0,hard,2023,R128,adrian mannarino,dominic thiem,0.2973783314228058,1
2023-404_2.0,hard,2023,R128,alejandro tabilo,maximilian marterer,0.6097114086151123,1
2023-404_20.0,hard,2023,R128,borna gojo,richard gasquet,0.23818813264369965,0
2023-404_21.0,hard,2023,R128,j.j. wolf,marton fucsovics,0.764095664024353,0
2023-404_22.0,hard,2023,R128,albert ramos-vinolas,alex molcan,0.4790501296520233,0
2023-404_23.0,hard,2023,R128,mikael ymer,rinky hijikata,0.8096404671669006,0
2023-404_24.0,hard,2023,R128,ben shelton,fabio fognini,0.547450065612793,1
2023-404_25.0,hard,2023,R128,marc-andrea huesler,pedro martinez,0.6197172999382019,0
2023-404_26.0,hard,2023,R128,gregoire barrere,jack sock,0.6521833539009094,0
2023-404_27.0,hard,2023,R128,jan-lennard struff,quentin halys,0.389227956533432,1
2023-404_28.0,hard,2023,R128,alexei popyrin,zhizhen zhang,0.6740339398384094,1
2023-404_29.0,hard,2023,R128,andy murray,tomas martin etcheverry,0.6552799344062805,1
2023-404_3.0,hard,2023,R128,jason kubler,lorenzo sonego,0.2672790586948395,1
2023-404_30.0,hard,2023,R128,jack draper,leandro riedi,0.5126708745956421,1
2023-404_31.0,hard,2023,R128,guido pella,thiago monteiro,0.34555014967918396,1
2023-404_32.0,hard,2023,R128,brandon holt,thanasi kokkinakis,0.17766307294368744,0
2023-404_33.0,hard,2023,R64,jordan thompson,stefanos tsitsipas,0.05802712216973305,1
2023-404_34.0,hard,2023,R64,alejandro tabilo,maxime cressy,0.46546316146850586,1
2023-404_35.0,hard,2023,R64,grigor dimitrov,jason kubler,0.5110794901847839,0
2023-404_36.0,hard,2023,R64,frances tiafoe,marcos giron,0.5899147987365723,1
2023-404_37.0,hard,2023,R64,cameron norrie,tung-lin wu,0.7208153009414673,1
2023-404_38.0,hard,2023,R64,matteo berrettini,taro daniel,0.6953027248382568,0
2023-404_39.0,hard,2023,R64,denis shapovalov,ugo humbert,0.535624086856842,0
2023-404_4.0,hard,2023,R128,aleksandar kovacevic,marcos giron,0.19745366275310516,0
2023-404_40.0,hard,2023,R64,andrey rublev,jiri lehecka,0.6144502758979797,1
2023-404_41.0,hard,2023,R64,casper ruud,diego schwartzman,0.6088334918022156,1
2023-404_42.0,hard,2023,R64,cristian garin,yoshihito nishioka,0.5149611234664917,1
2023-404_43.0,hard,2023,R64,alejandro davidovich fokina,yibing wu,0.6065566539764404,1
2023-404_44.0,hard,2023,R64,karen khachanov,oscar otte,0.827450156211853,1
2023-404_45.0,hard,2023,R64,alexander zverev,pedro cachin,0.7432669997215271,1
2023-404_46.0,hard,2023,R64,emil ruusuvuori,roberto bautista agut,0.6302154064178467,1
2023-404_47.0,hard,2023,R64,botic van de zandschulp,ilya ivashka,0.4728306233882904,0
2023-404_48.0,hard,2023,R64,brandon nakashima,daniil medvedev,0.19194753468036652,0
2023-404_49.0,hard,2023,R64,holger rune,mackenzie mcdonald,0.6890313029289246,1
2023-404_5.0,hard,2023,R128,alexander bublik,tung-lin wu,0.8183331489562988,0
2023-404_50.0,hard,2023,R64,miomir kecmanovic,stan wawrinka,0.6933754682540894,0
2023-404_51.0,hard,2023,R64,adrian mannarino,lorenzo musetti,0.685929000377655,1
2023-404_52.0,hard,2023,R64,jannik sinner,richard gasquet,0.7474877834320068,1
2023-404_53.0,hard,2023,R64,alex de minaur,marton fucsovics,0.7152623534202576,0
2023-404_54.0,hard,2023,R64,alex molcan,borna coric,0.3277103006839752,1
2023-404_55.0,hard,2023,R64,rinky hijikata,sebastian baez,0.6096037030220032,0
2023-404_56.0,hard,2023,R64,ben shelton,taylor fritz,0.2037089616060257,0
2023-404_57.0,hard,2023,R64,felix auger-aliassime,pedro martinez,0.8431679010391235,1
2023-404_58.0,hard,2023,R64,francisco cerundolo,jack sock,0.3638591468334198,1
2023-404_59.0,hard,2023,R64,jan-lennard struff,tommy paul,0.2467879056930542,0
2023-404_6.0,hard,2023,R128,roberto carballes baena,taro daniel,0.5145266652107239,0
2023-404_60.0,hard,2023,R64,alexei popyrin,hubert hurkacz,0.21882860362529755,0
2023-404_61.0,hard,2023,R64,andy murray,radu albot,0.7975350022315979,1
2023-404_62.0,hard,2023,R64,daniel evans,jack draper,0.29578444361686707,0
2023-404_63.0,hard,2023,R64,guido pella,tallon griekspoor,0.1479654461145401,0
2023-404_64.0,hard,2023,R64,carlos alcaraz,thanasi kokkinakis,0.7440070509910583,1
2023-404_65.0,hard,2023,R32,alejandro tabilo,jordan thompson,0.4989999532699585,1
2023-404_66.0,hard,2023,R32,frances tiafoe,jason kubler,0.7321385741233826,1
2023-404_67.0,hard,2023,R32,cameron norrie,taro daniel,0.8053083419799805,1
2023-404_68.0,hard,2023,R32,andrey rublev,ugo humbert,0.8058791756629944,1
2023-404_69.0,hard,2023,R32,casper ruud,cristian garin,0.7473865747451782,0
2023-404_7.0,hard,2023,R128,bernabe zapata miralles,ugo humbert,0.6174495220184326,0
2023-404_70.0,hard,2023,R32,alejandro davidovich fokina,karen khachanov,0.3002612888813019,1
2023-404_71.0,hard,2023,R32,alexander zverev,emil ruusuvuori,0.7150101065635681,1
2023-404_72.0,hard,2023,R32,daniil medvedev,ilya ivashka,0.8645599484443665,1
2023-404_73.0,hard,2023,R32,holger rune,stan wawrinka,0.6492791771888733,0
2023-404_74.0,hard,2023,R32,adrian mannarino,jannik sinner,0.4175887703895569,0
2023-404_75.0,hard,2023,R32,alex molcan,marton fucsovics,0.47413700819015503,0
2023-404_76.0,hard,2023,R32,sebastian baez,taylor fritz,0.09746144711971283,0
2023-404_77.0,hard,2023,R32,felix auger-aliassime,francisco cerundolo,0.7653600573539734,1
2023-404_78.0,hard,2023,R32,hubert hurkacz,tommy paul,0.5998281836509705,0
2023-404_79.0,hard,2023,R32,andy murray,jack draper,0.5693522095680237,0
2023-404_8.0,hard,2023,R128,arthur rinderknech,jiri lehecka,0.24531620740890503,0
2023-404_80.0,hard,2023,R32,carlos alcaraz,tallon griekspoor,0.8080813884735107,1
2023-404_81.0,hard,2023,R16,alejandro tabilo,frances tiafoe,0.1893370896577835,0
2023-404_82.0,hard,2023,R16,andrey rublev,cameron norrie,0.5784918665885925,0
2023-404_83.0,hard,2023,R16,alejandro davidovich fokina,cristian garin,0.6546638011932373,1
2023-404_84.0,hard,2023,R16,alexander zverev,daniil medvedev,0.2382218986749649,0
2023-404_85.0,hard,2023,R16,jannik sinner,stan wawrinka,0.7415656447410583,1
2023-404_86.0,hard,2023,R16,marton fucsovics,taylor fritz,0.19068966805934906,0
2023-404_87.0,hard,2023,R16,felix auger-aliassime,tommy paul,0.579795777797699,1
2023-404_88.0,hard,2023,R16,carlos alcaraz,jack draper,0.810259997844696,1
2023-404_89.0,hard,2023,QF,cameron norrie,frances tiafoe,0.5641461610794067,0
2023-404_9.0,hard,2023,R128,diego schwartzman,federico coria,0.7467054724693298,1
2023-404_90.0,hard,2023,QF,alejandro davidovich fokina,daniil medvedev,0.11082274466753006,0
2023-404_91.0,hard,2023,QF,jannik sinner,taylor fritz,0.4201916456222534,1
2023-404_92.0,hard,2023,QF,carlos alcaraz,felix auger-aliassime,0.5730577111244202,1
2023-404_93.0,hard,2023,SF,daniil medvedev,frances tiafoe,0.7533181309700012,1
2023-404_94.0,hard,2023,SF,carlos alcaraz,jannik sinner,0.6966408491134644,1
2023-404_95.0,hard,2023,F,carlos alcaraz,daniil medvedev,0.3915567696094513,1
2023-407_1.0,hard,2023,R32,alex de minaur,andrey rublev,0.4072037637233734,1
2023-407_10.0,hard,2023,R32,mikael ymer,tallon griekspoor,0.6123037338256836,0
2023-407_11.0,hard,2023,R32,gijs brouwer,marc-andrea huesler,0.21207302808761597,1
2023-407_12.0,hard,2023,R32,constant lestienne,holger rune,0.15606479346752167,0
2023-407_13.0,hard,2023,R32,pablo carreno busta,richard gasquet,0.38029617071151733,0
2023-407_14.0,hard,2023,R32,alexander bublik,stan wawrinka,0.4948854446411133,0
2023-407_15.0,hard,2023,R32,benjamin bonzi,jannik sinner,0.11564432829618454,0
2023-407_16.0,hard,2023,R32,emil ruusuvuori,stefanos tsitsipas,0.17671145498752594,0
2023-407_17.0,hard,2023,R16,alex de minaur,maxime cressy,0.7069631814956665,1
2023-407_18.0,hard,2023,R16,grigor dimitrov,hubert hurkacz,0.39266225695610046,1
2023-407_19.0,hard,2023,R16,felix auger-aliassime,gregoire barrere,0.8347795605659485,1
2023-407_2.0,hard,2023,R32,maxime cressy,tim van rijthoven,0.74642413854599,1
2023-407_20.0,hard,2023,R16,botic van de zandschulp,daniil medvedev,0.20323531329631805,0
2023-407_21.0,hard,2023,R16,alexander zverev,tallon griekspoor,0.7499601244926453,0
2023-407_22.0,hard,2023,R16,gijs brouwer,holger rune,0.14018240571022034,1
2023-407_23.0,hard,2023,R16,richard gasquet,stan wawrinka,0.5732083320617676,0
2023-407_24.0,hard,2023,R16,jannik sinner,stefanos tsitsipas,0.3020904064178467,1
2023-407_25.0,hard,2023,QF,alex de minaur,grigor dimitrov,0.6059706211090088,0
2023-407_26.0,hard,2023,QF,daniil medvedev,felix auger-aliassime,0.5455043911933899,1
2023-407_27.0,hard,2023,QF,gijs brouwer,tallon griekspoor,0.36257123947143555,0
2023-407_28.0,hard,2023,QF,jannik sinner,stan wawrinka,0.7658081650733948,1
2023-407_29.0,hard,2023,SF,daniil medvedev,grigor dimitrov,0.727005660533905,1
2023-407_3.0,hard,2023,R32,aslan karatsev,grigor dimitrov,0.17254291474819183,0
2023-407_30.0,hard,2023,SF,jannik sinner,tallon griekspoor,0.6257067918777466,1
2023-407_31.0,hard,2023,F,daniil medvedev,jannik sinner,0.5883970260620117,1
2023-407_4.0,hard,2023,R32,hubert hurkacz,roberto bautista agut,0.3704933226108551,1
2023-407_5.0,hard,2023,R32,felix auger-aliassime,lorenzo sonego,0.6253551244735718,1
2023-407_6.0,hard,2023,R32,david goffin,gregoire barrere,0.5591020584106445,0
2023-407_7.0,hard,2023,R32,botic van de zandschulp,quentin halys,0.47696036100387573,1
2023-407_8.0,hard,2023,R32,alejandro davidovich fokina,daniil medvedev,0.11814023554325104,0
2023-407_9.0,hard,2023,R32,alexander zverev,soonwoo kwon,0.7310575246810913,1
2023-418_1.0,hard,2023,R64,aslan karatsev,kiranpal pannu,0.9077723622322083,1
2023-418_10.0,hard,2023,R64,corentin moutet,liam broady,0.7278019785881042,0
2023-418_11.0,hard,2023,R64,marcos giron,radu albot,0.5695799589157104,0
2023-418_12.0,hard,2023,R64,bradley klahn,michael mmoh,0.11281425505876541,0
2023-418_13.0,hard,2023,R64,jordan thompson,kevin anderson,0.6727393865585327,1
2023-418_14.0,hard,2023,R64,lloyd harris,sho shimabukuro,0.7932431101799011,0
2023-418_15.0,hard,2023,R64,aleksandar vukic,brandon nakashima,0.4630309045314789,0
2023-418_16.0,hard,2023,R64,max purcell,zachary svajda,0.7018719911575317,0
2023-418_17.0,hard,2023,R32,aslan karatsev,frances tiafoe,0.32649528980255127,0
2023-418_18.0,hard,2023,R32,ben shelton,juncheng shang,0.3789065480232239,0
2023-418_19.0,hard,2023,R32,daniel evans,gregoire barrere,0.3247048854827881,1
2023-418_2.0,hard,2023,R64,emilio gomez,juncheng shang,0.3555617332458496,0
2023-418_20.0,hard,2023,R32,alexander shevchenko,sebastian korda,0.3390173614025116,1
2023-418_21.0,hard,2023,R32,felix auger-aliassime,yosuke watanuki,0.7988609671592712,0
2023-418_22.0,hard,2023,R32,thanasi kokkinakis,ugo humbert,0.7089357376098633,0
2023-418_23.0,hard,2023,R32,emil ruusuvuori,yoshihito nishioka,0.650642454624176,1
2023-418_24.0,hard,2023,R32,grigor dimitrov,mackenzie mcdonald,0.41638314723968506,1
2023-418_25.0,hard,2023,R32,alexander bublik,gael monfils,0.4434102773666382,0
2023-418_26.0,hard,2023,R32,liam broady,tallon griekspoor,0.3693990409374237,0
2023-418_27.0,hard,2023,R32,j.j. wolf,radu albot,0.42809462547302246,1
2023-418_28.0,hard,2023,R32,hubert hurkacz,michael mmoh,0.5786951780319214,0
2023-418_29.0,hard,2023,R32,adrian mannarino,jordan thompson,0.49780023097991943,0
2023-418_3.0,hard,2023,R64,gregoire barrere,shintaro mochizuki,0.5448731184005737,1
2023-418_30.0,hard,2023,R32,christopher eubanks,sho shimabukuro,0.559868574142456,1
2023-418_31.0,hard,2023,R32,andy murray,brandon nakashima,0.35748374462127686,1
2023-418_32.0,hard,2023,R32,taylor fritz,zachary svajda,0.8874087333679199,1
2023-418_33.0,hard,2023,R16,frances tiafoe,juncheng shang,0.8412075042724609,1
2023-418_34.0,hard,2023,R16,alexander shevchenko,daniel evans,0.37108877301216125,0
2023-418_35.0,hard,2023,R16,ugo humbert,yosuke watanuki,0.6112378239631653,1
2023-418_36.0,hard,2023,R16,emil ruusuvuori,grigor dimitrov,0.3376464247703552,0
2023-418_37.0,hard,2023,R16,gael monfils,tallon griekspoor,0.3621775507926941,0
2023-418_38.0,hard,2023,R16,j.j. wolf,michael mmoh,0.6074956059455872,1
2023-418_39.0,hard,2023,R16,christopher eubanks,jordan thompson,0.5470473170280457,0
2023-418_4.0,hard,2023,R64,alexander shevchenko,maxime cressy,0.43907681107521057,1
2023-418_40.0,hard,2023,R16,andy murray,taylor fritz,0.2516513466835022,0
2023-418_41.0,hard,2023,QF,daniel evans,frances tiafoe,0.27066534757614136,1
2023-418_42.0,hard,2023,QF,grigor dimitrov,ugo humbert,0.6468464136123657,1
2023-418_43.0,hard,2023,QF,j.j. wolf,tallon griekspoor,0.446778267621994,0
2023-418_44.0,hard,2023,QF,jordan thompson,taylor fritz,0.27076706290245056,0
2023-418_45.0,hard,2023,SF,daniel evans,grigor dimitrov,0.25379279255867004,1
2023-418_46.0,hard,2023,SF,tallon griekspoor,taylor fritz,0.23730793595314026,1
2023-418_47.0,hard,2023,F,daniel evans,tallon griekspoor,0.6263620853424072,1
2023-418_5.0,hard,2023,R64,yibing wu,yosuke watanuki,0.3593198359012604,0
2023-418_6.0,hard,2023,R64,taro daniel,thanasi kokkinakis,0.41014981269836426,0
2023-418_7.0,hard,2023,R64,constant lestienne,emil ruusuvuori,0.3845715820789337,0
2023-418_8.0,hard,2023,R64,diego schwartzman,mackenzie mcdonald,0.3148268461227417,0
2023-418_9.0,hard,2023,R64,bjorn fratangelo,gael monfils,0.12875406444072723,0
2023-421_1.0,hard,2023,R64,matteo arnaldi,vasek pospisil,0.5416917204856873,1
2023-421_10.0,hard,2023,R64,frances tiafoe,milos raonic,0.87312912940979,0
2023-421_11.0,hard,2023,R64,adrian mannarino,taro daniel,0.6563053727149963,0
2023-421_12.0,hard,2023,R64,aslan karatsev,mackenzie mcdonald,0.3741381764411926,0
2023-421_13.0,hard,2023,R64,gregoire barrere,matteo berrettini,0.5363069176673889,0
2023-421_14.0,hard,2023,R64,andy murray,lorenzo sonego,0.6720610857009888,1
2023-421_15.0,hard,2023,R64,felix auger-aliassime,max purcell,0.8505042791366577,0
2023-421_16.0,hard,2023,R64,aleksandar vukic,borna coric,0.28551384806632996,1
2023-421_17.0,hard,2023,R64,sebastian korda,tomas martin etcheverry,0.7610766291618347,1
2023-421_18.0,hard,2023,R64,christopher eubanks,gael monfils,0.5448207855224609,0
2023-421_19.0,hard,2023,R64,emil ruusuvuori,marcos giron,0.6263119578361511,0
2023-421_2.0,hard,2023,R64,thanasi kokkinakis,zhizhen zhang,0.7417309284210205,1
2023-421_20.0,hard,2023,R64,alexis galarneau,francisco cerundolo,0.1446041464805603,0
2023-421_21.0,hard,2023,R64,diego schwartzman,tommy paul,0.2652384638786316,0
2023-421_22.0,hard,2023,R64,alexander bublik,hubert hurkacz,0.264066606760025,0
2023-421_23.0,hard,2023,R64,cristian garin,miomir kecmanovic,0.5992159843444824,0
2023-421_24.0,hard,2023,R64,ben shelton,bernabe zapata miralles,0.6112303137779236,1
2023-421_25.0,hard,2023,R32,daniil medvedev,matteo arnaldi,0.8115431666374207,1
2023-421_26.0,hard,2023,R32,lorenzo musetti,thanasi kokkinakis,0.7267045378684998,1
2023-421_27.0,hard,2023,R32,alex de minaur,gabriel diallo,0.8621495962142944,1
2023-421_28.0,hard,2023,R32,taylor fritz,ugo humbert,0.6354994177818298,1
2023-421_29.0,hard,2023,R32,casper ruud,jiri lehecka,0.6999421715736389,1
2023-421_3.0,hard,2023,R64,lorenzo musetti,yoshihito nishioka,0.44240865111351013,1
2023-421_30.0,hard,2023,R32,alejandro davidovich fokina,alexander zverev,0.3215596079826355,1
2023-421_31.0,hard,2023,R32,milos raonic,taro daniel,0.5704848170280457,1
2023-421_32.0,hard,2023,R32,andrey rublev,mackenzie mcdonald,0.6759302616119385,0
2023-421_33.0,hard,2023,R32,jannik sinner,matteo berrettini,0.48664069175720215,1
2023-421_34.0,hard,2023,R32,andy murray,max purcell,0.7513039112091064,1
2023-421_35.0,hard,2023,R32,aleksandar vukic,sebastian korda,0.2672668397426605,1
2023-421_36.0,hard,2023,R32,gael monfils,stefanos tsitsipas,0.3133169114589691,1
2023-421_37.0,hard,2023,R32,holger rune,marcos giron,0.6645519733428955,0
2023-421_38.0,hard,2023,R32,francisco cerundolo,tommy paul,0.4452052712440491,0
2023-421_39.0,hard,2023,R32,hubert hurkacz,miomir kecmanovic,0.6996958255767822,1
2023-421_4.0,hard,2023,R64,alex de minaur,cameron norrie,0.5416172742843628,1
2023-421_40.0,hard,2023,R32,ben shelton,carlos alcaraz,0.16448165476322174,0
2023-421_41.0,hard,2023,R16,daniil medvedev,lorenzo musetti,0.8324922919273376,1
2023-421_42.0,hard,2023,R16,alex de minaur,taylor fritz,0.3622715473175049,1
2023-421_43.0,hard,2023,R16,alejandro davidovich fokina,casper ruud,0.535952627658844,1
2023-421_44.0,hard,2023,R16,mackenzie mcdonald,milos raonic,0.6659162044525146,1
2023-421_45.0,hard,2023,R16,andy murray,jannik sinner,0.23116786777973175,0
2023-421_46.0,hard,2023,R16,aleksandar vukic,gael monfils,0.44208163022994995,0
2023-421_47.0,hard,2023,R16,marcos giron,tommy paul,0.28544744849205017,0
2023-421_48.0,hard,2023,R16,carlos alcaraz,hubert hurkacz,0.847717821598053,1
2023-421_49.0,hard,2023,QF,alex de minaur,daniil medvedev,0.20329588651657104,1
2023-421_5.0,hard,2023,R64,daniel evans,gabriel diallo,0.8061140775680542,0
2023-421_50.0,hard,2023,QF,alejandro davidovich fokina,mackenzie mcdonald,0.5478403568267822,1
2023-421_51.0,hard,2023,QF,gael monfils,jannik sinner,0.23566724359989166,0
2023-421_52.0,hard,2023,QF,carlos alcaraz,tommy paul,0.8441389203071594,0
2023-421_53.0,hard,2023,SF,alejandro davidovich fokina,alex de minaur,0.39879515767097473,0
2023-421_54.0,hard,2023,SF,jannik sinner,tommy paul,0.6900133490562439,1
2023-421_55.0,hard,2023,F,alex de minaur,jannik sinner,0.3404768109321594,0
2023-421_6.0,hard,2023,R64,nicolas jarry,ugo humbert,0.39461031556129456,0
2023-421_7.0,hard,2023,R64,brandon nakashima,jiri lehecka,0.506711483001709,0
2023-421_8.0,hard,2023,R64,alejandro davidovich fokina,j.j. wolf,0.3427276015281677,1
2023-421_9.0,hard,2023,R64,alexander zverev,tallon griekspoor,0.44374436140060425,1
2023-422_1.0,hard,2023,R64,alejandro davidovich fokina,tomas martin etcheverry,0.8192067742347717,1
2023-422_10.0,hard,2023,R64,felix auger-aliassime,matteo berrettini,0.4455881714820862,1
2023-422_11.0,hard,2023,R64,adrian mannarino,richard gasquet,0.6832279562950134,1
2023-422_12.0,hard,2023,R64,mackenzie mcdonald,yannick hanfmann,0.7860381007194519,1
2023-422_13.0,hard,2023,R64,corentin moutet,emil ruusuvuori,0.24893087148666382,0
2023-422_14.0,hard,2023,R64,nicolas jarry,roman safiullin,0.5844172239303589,1
2023-422_15.0,hard,2023,R64,alexei popyrin,daniel altmaier,0.47139325737953186,1
2023-422_16.0,hard,2023,R64,borna coric,sebastian korda,0.4613611400127411,1
2023-422_17.0,hard,2023,R64,hubert hurkacz,thanasi kokkinakis,0.6716867089271545,1
2023-422_18.0,hard,2023,R64,ben shelton,christopher eubanks,0.3547177016735077,1
2023-422_19.0,hard,2023,R64,lloyd harris,max purcell,0.4982771873474121,0
2023-422_2.0,hard,2023,R64,alex de minaur,j.j. wolf,0.732864260673523,1
2023-422_20.0,hard,2023,R64,brandon nakashima,stan wawrinka,0.5772504806518555,0
2023-422_21.0,hard,2023,R64,frances tiafoe,tallon griekspoor,0.6068893671035767,1
2023-422_22.0,hard,2023,R64,miomir kecmanovic,tommy paul,0.26027706265449524,0
2023-422_23.0,hard,2023,R64,arthur fils,ugo humbert,0.292239785194397,0
2023-422_24.0,hard,2023,R64,john isner,jordan thompson,0.4792313277721405,0
2023-422_25.0,hard,2023,R32,alejandro davidovich fokina,novak djokovic,0.17906807363033295,0
2023-422_26.0,hard,2023,R32,alex de minaur,gael monfils,0.7332012057304382,0
2023-422_27.0,hard,2023,R32,lorenzo sonego,taylor fritz,0.21888475120067596,0
2023-422_28.0,hard,2023,R32,dusan lajovic,jannik sinner,0.07831813395023346,1
2023-422_29.0,hard,2023,R32,daniil medvedev,lorenzo musetti,0.8088046908378601,1
2023-422_3.0,hard,2023,R64,cameron norrie,gael monfils,0.5654181838035583,0
2023-422_30.0,hard,2023,R32,alexander zverev,yoshihito nishioka,0.7433361411094666,1
2023-422_31.0,hard,2023,R32,adrian mannarino,felix auger-aliassime,0.3657262921333313,1
2023-422_32.0,hard,2023,R32,holger rune,mackenzie mcdonald,0.7168601751327515,0
2023-422_33.0,hard,2023,R32,andrey rublev,emil ruusuvuori,0.7244343757629395,0
2023-422_34.0,hard,2023,R32,alexei popyrin,nicolas jarry,0.4641924500465393,1
2023-422_35.0,hard,2023,R32,borna coric,hubert hurkacz,0.46582722663879395,0
2023-422_36.0,hard,2023,R32,ben shelton,stefanos tsitsipas,0.17918583750724792,0
2023-422_37.0,hard,2023,R32,casper ruud,max purcell,0.7563295364379883,0
2023-422_38.0,hard,2023,R32,frances tiafoe,stan wawrinka,0.5495045781135559,0
2023-422_39.0,hard,2023,R32,tommy paul,ugo humbert,0.7190433144569397,1
2023-422_4.0,hard,2023,R64,jiri lehecka,taylor fritz,0.2645118534564972,0
2023-422_40.0,hard,2023,R32,carlos alcaraz,jordan thompson,0.8619750738143921,1
2023-422_41.0,hard,2023,R16,gael monfils,novak djokovic,0.11496433615684509,0
2023-422_42.0,hard,2023,R16,dusan lajovic,taylor fritz,0.20825080573558807,0
2023-422_43.0,hard,2023,R16,alexander zverev,daniil medvedev,0.28853416442871094,1
2023-422_44.0,hard,2023,R16,adrian mannarino,mackenzie mcdonald,0.5026021599769592,1
2023-422_45.0,hard,2023,R16,alexei popyrin,emil ruusuvuori,0.4039793610572815,1
2023-422_46.0,hard,2023,R16,hubert hurkacz,stefanos tsitsipas,0.32316991686820984,1
2023-422_47.0,hard,2023,R16,max purcell,stan wawrinka,0.2130209058523178,1
2023-422_48.0,hard,2023,R16,carlos alcaraz,tommy paul,0.7823164463043213,1
2023-422_49.0,hard,2023,QF,novak djokovic,taylor fritz,0.8416654467582703,1
2023-422_5.0,hard,2023,R64,alexander shevchenko,lorenzo sonego,0.24293889105319977,0
2023-422_50.0,hard,2023,QF,adrian mannarino,alexander zverev,0.26727569103240967,0
2023-422_51.0,hard,2023,QF,alexei popyrin,hubert hurkacz,0.26255327463150024,0
2023-422_52.0,hard,2023,QF,carlos alcaraz,max purcell,0.919182300567627,1
2023-422_53.0,hard,2023,SF,alexander zverev,novak djokovic,0.15681901574134827,0
2023-422_54.0,hard,2023,SF,carlos alcaraz,hubert hurkacz,0.8478153944015503,1
2023-422_55.0,hard,2023,F,carlos alcaraz,novak djokovic,0.4256616532802582,0
2023-422_6.0,hard,2023,R64,dusan lajovic,francisco cerundolo,0.5564643740653992,1
2023-422_7.0,hard,2023,R64,daniel evans,lorenzo musetti,0.4069184362888336,0
2023-422_8.0,hard,2023,R64,gregoire barrere,yoshihito nishioka,0.4833995997905731,0
2023-422_9.0,hard,2023,R64,alexander zverev,grigor dimitrov,0.6859378814697266,1
2023-424_1.0,hard,2023,R32,fernando verdasco,mackenzie mcdonald,0.21762527525424957,0
2023-424_10.0,hard,2023,R32,alex rybakov,marcos giron,0.3156076967716217,0
2023-424_11.0,hard,2023,R32,christopher eubanks,oscar otte,0.3198050558567047,0
2023-424_12.0,hard,2023,R32,ilya ivashka,jack sock,0.7569431066513062,0
2023-424_13.0,hard,2023,R16,frances tiafoe,mackenzie mcdonald,0.4442305266857147,1
2023-424_14.0,hard,2023,R16,j.j. wolf,radu albot,0.6466416716575623,1
2023-424_15.0,hard,2023,R16,emilio gomez,miomir kecmanovic,0.3163427412509918,1
2023-424_16.0,hard,2023,R16,daniel altmaier,john isner,0.23862402141094208,0
2023-424_17.0,hard,2023,R16,adrian mannarino,jordan thompson,0.6265618801116943,1
2023-424_18.0,hard,2023,R16,denis shapovalov,yibing wu,0.5732349753379822,0
2023-424_19.0,hard,2023,R16,marcos giron,oscar otte,0.6967048645019531,1
2023-424_2.0,hard,2023,R32,liam krall,radu albot,0.09887736290693283,0
2023-424_20.0,hard,2023,R16,jack sock,taylor fritz,0.33651506900787354,0
2023-424_21.0,hard,2023,QF,frances tiafoe,j.j. wolf,0.7331473231315613,0
2023-424_22.0,hard,2023,QF,emilio gomez,john isner,0.27833613753318787,0
2023-424_23.0,hard,2023,QF,adrian mannarino,yibing wu,0.6044412851333618,0
2023-424_24.0,hard,2023,QF,marcos giron,taylor fritz,0.23818503320217133,0
2023-424_25.0,hard,2023,SF,j.j. wolf,john isner,0.528072714805603,0
2023-424_26.0,hard,2023,SF,taylor fritz,yibing wu,0.8399291038513184,0
2023-424_27.0,hard,2023,F,john isner,yibing wu,0.6563279628753662,0
2023-424_3.0,hard,2023,R32,brandon holt,j.j. wolf,0.2596989870071411,0
2023-424_4.0,hard,2023,R32,emilio gomez,gabriel diallo,0.7288087010383606,1
2023-424_5.0,hard,2023,R32,daniel altmaier,zachary svajda,0.6300604939460754,1
2023-424_6.0,hard,2023,R32,chun-hsin tseng,john isner,0.21876484155654907,0
2023-424_7.0,hard,2023,R32,adrian mannarino,steve johnson,0.7163566946983337,1
2023-424_8.0,hard,2023,R32,denis kudla,jordan thompson,0.6887366771697998,0
2023-424_9.0,hard,2023,R32,michael mmoh,yibing wu,0.5238425135612488,0
2023-429_1.0,hard,2023,R32,roman safiullin,thiago seyboth wild,0.7848661541938782,1
2023-429_10.0,hard,2023,R32,dino prizmic,jiri lehecka,0.12041570246219635,1
2023-429_11.0,hard,2023,R32,elias ymer,roberto bautista agut,0.5528473854064941,1
2023-429_12.0,hard,2023,R32,karl friberg,miomir kecmanovic,0.1687563955783844,0
2023-429_13.0,hard,2023,R16,adrian mannarino,roman safiullin,0.6341395378112793,1
2023-429_14.0,hard,2023,R16,filip misolic,gael monfils,0.24404555559158325,0
2023-429_15.0,hard,2023,R16,stan wawrinka,tomas machac,0.7900905013084412,0
2023-429_16.0,hard,2023,R16,j.j. wolf,laslo djere,0.5023797750473022,0
2023-429_17.0,hard,2023,R16,lorenzo sonego,pavel kotov,0.824479877948761,0
2023-429_18.0,hard,2023,R16,emil ruusuvuori,tallon griekspoor,0.7201809287071228,0
2023-429_19.0,hard,2023,R16,dino prizmic,elias ymer,0.48856204748153687,0
2023-429_2.0,hard,2023,R32,gael monfils,marton fucsovics,0.4018539786338806,1
2023-429_20.0,hard,2023,R16,holger rune,miomir kecmanovic,0.745668888092041,0
2023-429_21.0,hard,2023,QF,adrian mannarino,gael monfils,0.5464098453521729,0
2023-429_22.0,hard,2023,QF,laslo djere,tomas machac,0.5818238854408264,1
2023-429_23.0,hard,2023,QF,pavel kotov,tallon griekspoor,0.2921279966831207,1
2023-429_24.0,hard,2023,QF,elias ymer,miomir kecmanovic,0.32758793234825134,0
2023-429_25.0,hard,2023,SF,gael monfils,laslo djere,0.6464910507202148,1
2023-429_26.0,hard,2023,SF,miomir kecmanovic,pavel kotov,0.6386942863464355,0
2023-429_27.0,hard,2023,F,gael monfils,pavel kotov,0.7337430715560913,1
2023-429_3.0,hard,2023,R32,daniel evans,filip misolic,0.8303918242454529,0
2023-429_4.0,hard,2023,R32,borna gojo,stan wawrinka,0.2722497284412384,0
2023-429_5.0,hard,2023,R32,laslo djere,leo borg,0.8495126366615295,1
2023-429_6.0,hard,2023,R32,j.j. wolf,sebastian baez,0.46889349818229675,1
2023-429_7.0,hard,2023,R32,christopher eubanks,pavel kotov,0.41119447350502014,0
2023-429_8.0,hard,2023,R32,dusan lajovic,lorenzo sonego,0.45716148614883423,0
2023-429_9.0,hard,2023,R32,benjamin hassan,emil ruusuvuori,0.2531804144382477,0
2023-451_1.0,hard,2023,R32,aslan karatsev,jason kubler,0.6452071070671082,0
2023-451_10.0,hard,2023,R32,daniel evans,emil ruusuvuori,0.35242435336112976,0
2023-451_11.0,hard,2023,R32,damir dzumhur,jiri lehecka,0.15671463310718536,0
2023-451_12.0,hard,2023,R32,quentin halys,tallon griekspoor,0.16609658300876617,0
2023-451_13.0,hard,2023,R16,felix auger-aliassime,jason kubler,0.8484769463539124,1
2023-451_14.0,hard,2023,R16,alejandro davidovich fokina,soonwoo kwon,0.5030033588409424,1
2023-451_15.0,hard,2023,R16,daniil medvedev,liam broady,0.8221320509910583,1
2023-451_16.0,hard,2023,R16,christopher o'connell,roberto bautista agut,0.23298072814941406,1
2023-451_17.0,hard,2023,R16,alexandre muller,botic van de zandschulp,0.2306717485189438,1
2023-451_18.0,hard,2023,R16,alexander zverev,andy murray,0.7898226976394653,0
2023-451_19.0,hard,2023,R16,emil ruusuvuori,jiri lehecka,0.670809268951416,0
2023-451_2.0,hard,2023,R32,abdullah shelbayh,soonwoo kwon,0.2092585563659668,0
2023-451_20.0,hard,2023,R16,andrey rublev,tallon griekspoor,0.7528879046440125,1
2023-451_21.0,hard,2023,QF,alejandro davidovich fokina,felix auger-aliassime,0.16618353128433228,0
2023-451_22.0,hard,2023,QF,christopher o'connell,daniil medvedev,0.06890585273504257,0
2023-451_23.0,hard,2023,QF,alexandre muller,andy murray,0.2158346325159073,0
2023-451_24.0,hard,2023,QF,andrey rublev,jiri lehecka,0.7693282961845398,0
2023-451_25.0,hard,2023,SF,daniil medvedev,felix auger-aliassime,0.5977723598480225,1
2023-451_26.0,hard,2023,SF,andy murray,jiri lehecka,0.5733270049095154,1
2023-451_27.0,hard,2023,F,andy murray,daniil medvedev,0.18947336077690125,0
2023-451_3.0,hard,2023,R32,alejandro davidovich fokina,constant lestienne,0.7384437322616577,1
2023-451_4.0,hard,2023,R32,liam broady,oleksii krutykh,0.38362687826156616,1
2023-451_5.0,hard,2023,R32,christopher o'connell,fernando verdasco,0.35846084356307983,1
2023-451_6.0,hard,2023,R32,marton fucsovics,roberto bautista agut,0.21258124709129333,0
2023-451_7.0,hard,2023,R32,botic van de zandschulp,ilya ivashka,0.570051372051239,1
2023-451_8.0,hard,2023,R32,alexandre muller,nikoloz basilashvili,0.3204105496406555,1
2023-451_9.0,hard,2023,R32,andy murray,lorenzo sonego,0.7601513266563416,1
2023-495_1.0,hard,2023,F,andrey rublev,daniil medvedev,0.47422274947166443,0
2023-495_10.0,hard,2023,R16,alexander bublik,daniil medvedev,0.12836478650569916,0
2023-495_11.0,hard,2023,R16,borna coric,thanasi kokkinakis,0.8150349259376526,1
2023-495_12.0,hard,2023,R16,alexander zverev,christopher o'connell,0.7976620197296143,1
2023-495_13.0,hard,2023,R16,felix auger-aliassime,lorenzo sonego,0.7275420427322388,0
2023-495_14.0,hard,2023,R16,botic van de zandschulp,mikael ymer,0.5288460850715637,1
2023-495_15.0,hard,2023,R16,alejandro davidovich fokina,andrey rublev,0.2322680950164795,0
2023-495_16.0,hard,2023,R32,novak djokovic,tomas machac,0.9654066562652588,1
2023-495_17.0,hard,2023,R32,constant lestienne,tallon griekspoor,0.32860270142555237,0
2023-495_18.0,hard,2023,R32,alexei popyrin,pavel kotov,0.37949874997138977,0
2023-495_19.0,hard,2023,R32,alexander shevchenko,hubert hurkacz,0.059009160846471786,0
2023-495_2.0,hard,2023,SF,daniil medvedev,novak djokovic,0.22683975100517273,1
2023-495_20.0,hard,2023,R32,daniil medvedev,matteo arnaldi,0.9648004174232483,1
2023-495_21.0,hard,2023,R32,alexandar lazarov,alexander bublik,0.17184694111347198,0
2023-495_22.0,hard,2023,R32,quentin halys,thanasi kokkinakis,0.2077644020318985,0
2023-495_23.0,hard,2023,R32,borna coric,daniel evans,0.7696624994277954,1
2023-495_24.0,hard,2023,R32,alexander zverev,jiri lehecka,0.7036756873130798,1
2023-495_25.0,hard,2023,R32,christopher o'connell,emil ruusuvuori,0.3496323525905609,1
2023-495_26.0,hard,2023,R32,lorenzo sonego,marc-andrea huesler,0.7327625155448914,1
2023-495_27.0,hard,2023,R32,felix auger-aliassime,maxime cressy,0.7907442450523376,1
2023-495_28.0,hard,2023,R32,botic van de zandschulp,karen khachanov,0.42852142453193665,1
2023-495_29.0,hard,2023,R32,francesco passaro,mikael ymer,0.19382669031620026,0
2023-495_3.0,hard,2023,SF,alexander zverev,andrey rublev,0.47695285081863403,0
2023-495_30.0,hard,2023,R32,alejandro davidovich fokina,malek jaziri,0.854931652545929,1
2023-495_31.0,hard,2023,R32,andrey rublev,filip krajinovic,0.7841522097587585,1
2023-495_4.0,hard,2023,QF,hubert hurkacz,novak djokovic,0.21083605289459229,0
2023-495_5.0,hard,2023,QF,borna coric,daniil medvedev,0.19611060619354248,0
2023-495_6.0,hard,2023,QF,alexander zverev,lorenzo sonego,0.7372093200683594,1
2023-495_7.0,hard,2023,QF,andrey rublev,botic van de zandschulp,0.7431679368019104,1
2023-495_8.0,hard,2023,R16,novak djokovic,tallon griekspoor,0.9015563130378723,1
2023-495_9.0,hard,2023,R16,hubert hurkacz,pavel kotov,0.9070696234703064,1
2023-496_1.0,hard,2023,R32,arthur fils,roman safiullin,0.6477361917495728,1
2023-496_10.0,hard,2023,R32,david goffin,lukas klein,0.7720170021057129,1
2023-496_11.0,hard,2023,R32,mikael ymer,radu albot,0.5858421325683594,1
2023-496_12.0,hard,2023,R32,arthur rinderknech,leandro riedi,0.4634782671928406,0
2023-496_13.0,hard,2023,R16,arthur fils,jannik sinner,0.08902344852685928,1
2023-496_14.0,hard,2023,R16,richard gasquet,stan wawrinka,0.5400652289390564,0
2023-496_15.0,hard,2023,R16,alex de minaur,alexander ritschard,0.8912752270698547,1
2023-496_16.0,hard,2023,R16,benjamin bonzi,maxime cressy,0.3301822543144226,1
2023-496_17.0,hard,2023,R16,alexander bublik,gregoire barrere,0.3617455065250397,1
2023-496_18.0,hard,2023,R16,gijs brouwer,grigor dimitrov,0.36448636651039124,0
2023-496_19.0,hard,2023,R16,david goffin,mikael ymer,0.44897642731666565,0
2023-496_2.0,hard,2023,R32,stan wawrinka,zizou bergs,0.8669636845588684,1
2023-496_20.0,hard,2023,R16,hubert hurkacz,leandro riedi,0.897190511226654,1
2023-496_21.0,hard,2023,QF,arthur fils,stan wawrinka,0.3636664152145386,1
2023-496_22.0,hard,2023,QF,alex de minaur,benjamin bonzi,0.815040647983551,0
2023-496_23.0,hard,2023,QF,alexander bublik,grigor dimitrov,0.24321946501731873,1
2023-496_24.0,hard,2023,QF,hubert hurkacz,mikael ymer,0.7523471117019653,1
2023-496_25.0,hard,2023,SF,arthur fils,benjamin bonzi,0.4726657271385193,0
2023-496_26.0,hard,2023,SF,alexander bublik,hubert hurkacz,0.24128209054470062,0
2023-496_27.0,hard,2023,F,benjamin bonzi,hubert hurkacz,0.23806695640087128,0
2023-496_3.0,hard,2023,R32,laurent lokoli,richard gasquet,0.1357889175415039,0
2023-496_4.0,hard,2023,R32,alexander ritschard,pablo andujar,0.7150493264198303,1
2023-496_5.0,hard,2023,R32,benjamin bonzi,luca van assche,0.7822205424308777,1
2023-496_6.0,hard,2023,R32,geoffrey blancaneaux,maxime cressy,0.12806595861911774,0
2023-496_7.0,hard,2023,R32,gregoire barrere,marc-andrea huesler,0.43032246828079224,1
2023-496_8.0,hard,2023,R32,alexander bublik,filip krajinovic,0.6297978162765503,1
2023-496_9.0,hard,2023,R32,elias ymer,gijs brouwer,0.3501139283180237,0
2023-499_1.0,hard,2023,R32,denis kudla,jordan thompson,0.4760502874851227,1
2023-499_10.0,hard,2023,R32,ilya ivashka,j.j. wolf,0.5077901482582092,0
2023-499_11.0,hard,2023,R32,adrian mannarino,daniel altmaier,0.8242822885513306,1
2023-499_12.0,hard,2023,R32,emilio gomez,tung-lin wu,0.6748796105384827,1
2023-499_13.0,hard,2023,R16,denis kudla,tommy paul,0.2746317982673645,0
2023-499_14.0,hard,2023,R16,aleksandar vukic,radu albot,0.469607949256897,0
2023-499_15.0,hard,2023,R16,miomir kecmanovic,nuno borges,0.4843146800994873,1
2023-499_16.0,hard,2023,R16,marcos giron,matija pecotic,0.9263768792152405,1
2023-499_17.0,hard,2023,R16,mackenzie mcdonald,yoshihito nishioka,0.3784728944301605,1
2023-499_18.0,hard,2023,R16,denis shapovalov,michael mmoh,0.6219325065612793,0
2023-499_19.0,hard,2023,R16,adrian mannarino,j.j. wolf,0.28569450974464417,1
2023-499_2.0,hard,2023,R32,fernando verdasco,radu albot,0.4622732400894165,0
2023-499_20.0,hard,2023,R16,emilio gomez,taylor fritz,0.20175357162952423,0
2023-499_21.0,hard,2023,QF,radu albot,tommy paul,0.16448991000652313,1
2023-499_22.0,hard,2023,QF,marcos giron,miomir kecmanovic,0.4882183074951172,0
2023-499_23.0,hard,2023,QF,mackenzie mcdonald,michael mmoh,0.7167550921440125,1
2023-499_24.0,hard,2023,QF,adrian mannarino,taylor fritz,0.2525193691253662,0
2023-499_25.0,hard,2023,SF,miomir kecmanovic,radu albot,0.6602489948272705,1
2023-499_26.0,hard,2023,SF,mackenzie mcdonald,taylor fritz,0.2828446626663208,0
2023-499_27.0,hard,2023,F,miomir kecmanovic,taylor fritz,0.22341850399971008,0
2023-499_3.0,hard,2023,R32,aleksandar vukic,christopher eubanks,0.35673823952674866,1
2023-499_4.0,hard,2023,R32,nuno borges,steve johnson,0.40592971444129944,1
2023-499_5.0,hard,2023,R32,jack sock,matija pecotic,0.8367975950241089,0
2023-499_6.0,hard,2023,R32,ben shelton,marcos giron,0.24000295996665955,0
2023-499_7.0,hard,2023,R32,oscar otte,yoshihito nishioka,0.4067413806915283,0
2023-499_8.0,hard,2023,R32,mackenzie mcdonald,taro daniel,0.806964635848999,1
2023-499_9.0,hard,2023,R32,aleksandar kovacevic,michael mmoh,0.34832942485809326,0
2023-5014_1.0,hard,2023,R128,aleksandar kovacevic,cristian garin,0.3623635172843933,0
2023-5014_10.0,hard,2023,R128,richard gasquet,zhizhen zhang,0.38842490315437317,0
2023-5014_11.0,hard,2023,R128,max purcell,yu hsiou hsu,0.7515144348144531,0
2023-5014_12.0,hard,2023,R128,fabio fognini,thanasi kokkinakis,0.19123072922229767,0
2023-5014_13.0,hard,2023,R128,arthur rinderknech,fabian marozsan,0.7553266286849976,0
2023-5014_14.0,hard,2023,R128,dusan lajovic,stan wawrinka,0.2518165409564972,1
2023-5014_15.0,hard,2023,R128,james duckworth,yannick hanfmann,0.36170679330825806,0
2023-5014_16.0,hard,2023,R128,daniel altmaier,yoshihito nishioka,0.1733253449201584,0
2023-5014_17.0,hard,2023,R128,aslan karatsev,quentin halys,0.7606698274612427,0
2023-5014_18.0,hard,2023,R128,alexander shevchenko,chun-hsin tseng,0.7778049111366272,0
2023-5014_19.0,hard,2023,R128,arthur fils,pavel kotov,0.5655372142791748,1
2023-5014_2.0,hard,2023,R128,miomir kecmanovic,yunchaokete bu,0.816971480846405,0
2023-5014_20.0,hard,2023,R128,juan pablo varillas,sebastian ofner,0.4582492411136627,0
2023-5014_21.0,hard,2023,R128,j.j. wolf,pedro cachin,0.7346804738044739,1
2023-5014_22.0,hard,2023,R128,alexei popyrin,matteo arnaldi,0.46845054626464844,0
2023-5014_23.0,hard,2023,R128,botic van de zandschulp,christopher o'connell,0.6597910523414612,1
2023-5014_24.0,hard,2023,R128,laslo djere,rinky hijikata,0.7210418581962585,0
2023-5014_25.0,hard,2023,R128,juncheng shang,yosuke watanuki,0.6197925209999084,0
2023-5014_26.0,hard,2023,R128,diego schwartzman,luca van assche,0.7161906957626343,1
2023-5014_27.0,hard,2023,R128,jordan thompson,terence atmane,0.7031277418136597,0
2023-5014_28.0,hard,2023,R128,lorenzo sonego,philip sekulic,0.8048698902130127,1
2023-5014_29.0,hard,2023,R128,beibit zhukayev,stefano napolitano,0.600933849811554,1
2023-5014_3.0,hard,2023,R128,corentin moutet,mackenzie mcdonald,0.2446175068616867,0
2023-5014_30.0,hard,2023,R128,aleksandar vukic,roberto carballes baena,0.36085936427116394,1
2023-5014_31.0,hard,2023,R128,alexandre muller,mikhail kukushkin,0.5053451061248779,0
2023-5014_32.0,hard,2023,R128,gregoire barrere,nuno borges,0.5426914691925049,1
2023-5014_33.0,hard,2023,R64,cristian garin,daniil medvedev,0.11155205219984055,0
2023-5014_34.0,hard,2023,R64,sebastian korda,yunchaokete bu,0.7301540970802307,1
2023-5014_35.0,hard,2023,R64,francisco cerundolo,mackenzie mcdonald,0.3384825587272644,1
2023-5014_36.0,hard,2023,R64,felix auger-aliassime,marton fucsovics,0.5464560389518738,0
2023-5014_37.0,hard,2023,R64,alexander zverev,roman safiullin,0.7442906498908997,0
2023-5014_38.0,hard,2023,R64,ben shelton,jaume munar,0.52201908826828,1
2023-5014_39.0,hard,2023,R64,dane sweeny,sebastian baez,0.3892170786857605,0
2023-5014_4.0,hard,2023,R128,denis yevseyev,marton fucsovics,0.235855370759964,0
2023-5014_40.0,hard,2023,R64,jannik sinner,marcos giron,0.8098676800727844,1
2023-5014_41.0,hard,2023,R64,brandon nakashima,holger rune,0.2424905151128769,1
2023-5014_42.0,hard,2023,R64,tomas martin etcheverry,zhizhen zhang,0.6543127298355103,0
2023-5014_43.0,hard,2023,R64,lorenzo musetti,yu hsiou hsu,0.7087080478668213,0
2023-5014_44.0,hard,2023,R64,hubert hurkacz,thanasi kokkinakis,0.5382299423217773,1
2023-5014_45.0,hard,2023,R64,alex de minaur,fabian marozsan,0.7675325274467468,0
2023-5014_46.0,hard,2023,R64,dusan lajovic,tallon griekspoor,0.6130585074424744,1
2023-5014_47.0,hard,2023,R64,christopher eubanks,yannick hanfmann,0.3777366280555725,1
2023-5014_48.0,hard,2023,R64,casper ruud,yoshihito nishioka,0.6982301473617554,1
2023-5014_49.0,hard,2023,R64,andrey rublev,quentin halys,0.7873592376708984,1
2023-5014_5.0,hard,2023,R128,andy murray,roman safiullin,0.660570502281189,0
2023-5014_50.0,hard,2023,R64,adrian mannarino,chun-hsin tseng,0.8506503701210022,1
2023-5014_51.0,hard,2023,R64,alejandro davidovich fokina,arthur fils,0.5856367945671082,0
2023-5014_52.0,hard,2023,R64,sebastian ofner,tommy paul,0.340535968542099,0
2023-5014_53.0,hard,2023,R64,cameron norrie,j.j. wolf,0.4361293315887451,0
2023-5014_54.0,hard,2023,R64,jan-lennard struff,matteo arnaldi,0.4468817710876465,0
2023-5014_55.0,hard,2023,R64,botic van de zandschulp,ugo humbert,0.5122243762016296,0
2023-5014_56.0,hard,2023,R64,rinky hijikata,stefanos tsitsipas,0.28195035457611084,0
2023-5014_57.0,hard,2023,R64,taylor fritz,yosuke watanuki,0.7200740575790405,1
2023-5014_58.0,hard,2023,R64,diego schwartzman,jiri lehecka,0.40647292137145996,1
2023-5014_59.0,hard,2023,R64,nicolas jarry,terence atmane,0.6231819987297058,1
2023-5014_6.0,hard,2023,R128,jaume munar,rigele te,0.6087175607681274,1
2023-5014_60.0,hard,2023,R64,frances tiafoe,lorenzo sonego,0.4554717242717743,0
2023-5014_61.0,hard,2023,R64,beibit zhukayev,karen khachanov,0.17247527837753296,0
2023-5014_62.0,hard,2023,R64,aleksandar vukic,grigor dimitrov,0.2957819700241089,0
2023-5014_63.0,hard,2023,R64,daniel evans,mikhail kukushkin,0.7295699119567871,1
2023-5014_64.0,hard,2023,R64,carlos alcaraz,gregoire barrere,0.8943961262702942,1
2023-5014_65.0,hard,2023,R32,daniil medvedev,sebastian korda,0.8183639049530029,0
2023-5014_66.0,hard,2023,R32,francisco cerundolo,marton fucsovics,0.5799521207809448,1
2023-5014_67.0,hard,2023,R32,ben shelton,roman safiullin,0.48933538794517517,1
2023-5014_68.0,hard,2023,R32,jannik sinner,sebastian baez,0.8543141484260559,1
2023-5014_69.0,hard,2023,R32,brandon nakashima,zhizhen zhang,0.5337311029434204,0
2023-5014_7.0,hard,2023,R128,dane sweeny,taro daniel,0.2601652443408966,1
2023-5014_70.0,hard,2023,R32,hubert hurkacz,yu hsiou hsu,0.8236582279205322,1
2023-5014_71.0,hard,2023,R32,dusan lajovic,fabian marozsan,0.6016242504119873,0
2023-5014_72.0,hard,2023,R32,casper ruud,christopher eubanks,0.737973690032959,1
2023-5014_73.0,hard,2023,R32,adrian mannarino,andrey rublev,0.3941662907600403,0
2023-5014_74.0,hard,2023,R32,arthur fils,tommy paul,0.2891467213630676,0
2023-5014_75.0,hard,2023,R32,j.j. wolf,matteo arnaldi,0.4823824465274811,1
2023-5014_76.0,hard,2023,R32,stefanos tsitsipas,ugo humbert,0.5756973624229431,0
2023-5014_77.0,hard,2023,R32,diego schwartzman,taylor fritz,0.12403625249862671,1
2023-5014_78.0,hard,2023,R32,lorenzo sonego,nicolas jarry,0.45652228593826294,0
2023-5014_79.0,hard,2023,R32,grigor dimitrov,karen khachanov,0.4795381724834442,1
2023-5014_8.0,hard,2023,R128,daniel elahi galan,marcos giron,0.25964483618736267,0
2023-5014_80.0,hard,2023,R32,carlos alcaraz,daniel evans,0.8756148815155029,1
2023-5014_81.0,hard,2023,R16,francisco cerundolo,sebastian korda,0.4452808201313019,0
2023-5014_82.0,hard,2023,R16,ben shelton,jannik sinner,0.17054569721221924,1
2023-5014_83.0,hard,2023,R16,hubert hurkacz,zhizhen zhang,0.7278905510902405,1
2023-5014_84.0,hard,2023,R16,casper ruud,fabian marozsan,0.797918438911438,0
2023-5014_85.0,hard,2023,R16,andrey rublev,tommy paul,0.6405578851699829,1
2023-5014_86.0,hard,2023,R16,j.j. wolf,ugo humbert,0.39354944229125977,0
2023-5014_87.0,hard,2023,R16,diego schwartzman,nicolas jarry,0.4060143530368805,0
2023-5014_88.0,hard,2023,R16,carlos alcaraz,grigor dimitrov,0.8071222305297852,0
2023-5014_89.0,hard,2023,QF,ben shelton,sebastian korda,0.4286864995956421,0
2023-5014_9.0,hard,2023,R128,bernabe zapata miralles,brandon nakashima,0.25288137793540955,0
2023-5014_90.0,hard,2023,QF,fabian marozsan,hubert hurkacz,0.23415188491344452,0
2023-5014_91.0,hard,2023,QF,andrey rublev,ugo humbert,0.6947389841079712,1
2023-5014_92.0,hard,2023,QF,grigor dimitrov,nicolas jarry,0.6646897792816162,1
2023-5014_93.0,hard,2023,SF,hubert hurkacz,sebastian korda,0.537960946559906,1
2023-5014_94.0,hard,2023,SF,andrey rublev,grigor dimitrov,0.567211389541626,1
2023-5014_95.0,hard,2023,F,andrey rublev,hubert hurkacz,0.6263929605484009,0
2023-560_1.0,hard,2023,R128,carlos alcaraz,dominik koepfer,0.8886657357215881,1
2023-560_10.0,hard,2023,R128,constant lestienne,daniel altmaier,0.6124101281166077,0
2023-560_100.0,hard,2023,R32,jannik sinner,stan wawrinka,0.7672768235206604,1
2023-560_101.0,hard,2023,R32,daniil medvedev,sebastian baez,0.8428652286529541,1
2023-560_102.0,hard,2023,R32,alex de minaur,nicolas jarry,0.7445940375328064,1
2023-560_103.0,hard,2023,R32,jack draper,michael mmoh,0.577995777130127,1
2023-560_104.0,hard,2023,R32,andrey rublev,arthur rinderknech,0.8058233261108398,1
2023-560_105.0,hard,2023,R32,rinky hijikata,zhizhen zhang,0.45119088888168335,1
2023-560_106.0,hard,2023,R32,adrian mannarino,frances tiafoe,0.3642025887966156,0
2023-560_107.0,hard,2023,R32,alejandro davidovich fokina,tommy paul,0.35335007309913635,0
2023-560_108.0,hard,2023,R32,aslan karatsev,ben shelton,0.5457784533500671,0
2023-560_109.0,hard,2023,R32,benjamin bonzi,dominic stricker,0.4680916368961334,0
2023-560_11.0,hard,2023,R128,andy murray,corentin moutet,0.4478774666786194,1
2023-560_110.0,hard,2023,R32,jakub mensik,taylor fritz,0.12286998331546783,0
2023-560_111.0,hard,2023,R32,borna gojo,jiri vesely,0.6801495552062988,1
2023-560_112.0,hard,2023,R32,laslo djere,novak djokovic,0.051799092441797256,0
2023-560_113.0,hard,2023,R16,carlos alcaraz,matteo arnaldi,0.9170369505882263,1
2023-560_114.0,hard,2023,R16,alexander zverev,jannik sinner,0.41477423906326294,1
2023-560_115.0,hard,2023,R16,alex de minaur,daniil medvedev,0.22956514358520508,0
2023-560_116.0,hard,2023,R16,andrey rublev,jack draper,0.7370433211326599,1
2023-560_117.0,hard,2023,R16,frances tiafoe,rinky hijikata,0.7963038086891174,1
2023-560_118.0,hard,2023,R16,ben shelton,tommy paul,0.21281571686267853,1
2023-560_119.0,hard,2023,R16,dominic stricker,taylor fritz,0.20698963105678558,0
2023-560_12.0,hard,2023,R128,alex molcan,grigor dimitrov,0.17081089317798615,0
2023-560_120.0,hard,2023,R16,borna gojo,novak djokovic,0.02898303233087063,0
2023-560_121.0,hard,2023,QF,alexander zverev,carlos alcaraz,0.31496089696884155,0
2023-560_122.0,hard,2023,QF,andrey rublev,daniil medvedev,0.26470592617988586,0
2023-560_123.0,hard,2023,QF,ben shelton,frances tiafoe,0.24970316886901855,1
2023-560_124.0,hard,2023,QF,novak djokovic,taylor fritz,0.8515254855155945,1
2023-560_125.0,hard,2023,SF,carlos alcaraz,daniil medvedev,0.713753342628479,0
2023-560_126.0,hard,2023,SF,ben shelton,novak djokovic,0.03052670694887638,0
2023-560_127.0,hard,2023,F,daniil medvedev,novak djokovic,0.2358507364988327,0
2023-560_13.0,hard,2023,R128,otto virtanen,tomas martin etcheverry,0.2547774016857147,0
2023-560_14.0,hard,2023,R128,stan wawrinka,yoshihito nishioka,0.6185564398765564,1
2023-560_15.0,hard,2023,R128,lorenzo sonego,nicolas moreno de alboran,0.542487382888794,1
2023-560_16.0,hard,2023,R128,jannik sinner,yannick hanfmann,0.8439748883247375,1
2023-560_17.0,hard,2023,R128,attila balazs,daniil medvedev,0.02736126445233822,0
2023-560_18.0,hard,2023,R128,christopher o'connell,max purcell,0.3170197010040283,1
2023-560_19.0,hard,2023,R128,felipe meligeni alves,james duckworth,0.4256546199321747,1
2023-560_2.0,hard,2023,R128,guido pella,lloyd harris,0.3315895199775696,0
2023-560_20.0,hard,2023,R128,borna coric,sebastian baez,0.6132827401161194,0
2023-560_21.0,hard,2023,R128,luca van assche,nicolas jarry,0.46187758445739746,0
2023-560_22.0,hard,2023,R128,albert ramos-vinolas,alex michelsen,0.32988670468330383,0
2023-560_23.0,hard,2023,R128,dusan lajovic,yibing wu,0.7277575135231018,0
2023-560_24.0,hard,2023,R128,alex de minaur,timofey skatov,0.8995064496994019,1
2023-560_25.0,hard,2023,R128,karen khachanov,michael mmoh,0.5771426558494568,0
2023-560_26.0,hard,2023,R128,facundo diaz acosta,john isner,0.534791886806488,0
2023-560_27.0,hard,2023,R128,jack draper,radu albot,0.6536926627159119,1
2023-560_28.0,hard,2023,R128,hubert hurkacz,marc-andrea huesler,0.7214154601097107,1
2023-560_29.0,hard,2023,R128,matteo berrettini,ugo humbert,0.6107410192489624,1
2023-560_3.0,hard,2023,R128,botic van de zandschulp,jordan thompson,0.6424240469932556,1
2023-560_30.0,hard,2023,R128,arthur rinderknech,diego schwartzman,0.6887238621711731,1
2023-560_31.0,hard,2023,R128,gael monfils,taro daniel,0.771527111530304,1
2023-560_32.0,hard,2023,R128,andrey rublev,arthur cazaux,0.9121607542037964,1
2023-560_33.0,hard,2023,R128,casper ruud,emilio nava,0.8941086530685425,1
2023-560_34.0,hard,2023,R128,j.j. wolf,zhizhen zhang,0.46873167157173157,0
2023-560_35.0,hard,2023,R128,pavel kotov,rinky hijikata,0.49124157428741455,0
2023-560_36.0,hard,2023,R128,marton fucsovics,sebastian korda,0.35757577419281006,1
2023-560_37.0,hard,2023,R128,adrian mannarino,yosuke watanuki,0.7936767339706421,1
2023-560_38.0,hard,2023,R128,fabian marozsan,richard gasquet,0.2212836742401123,1
2023-560_39.0,hard,2023,R128,nuno borges,sebastian ofner,0.471517413854599,0
2023-560_4.0,hard,2023,R128,daniel elahi galan,daniel evans,0.576592743396759,0
2023-560_40.0,hard,2023,R128,frances tiafoe,learner tien,0.947232723236084,1
2023-560_41.0,hard,2023,R128,stefano travaglia,tommy paul,0.08526058495044708,0
2023-560_42.0,hard,2023,R128,marco cecchinato,roman safiullin,0.36411699652671814,0
2023-560_43.0,hard,2023,R128,ilya ivashka,juan manuel cerundolo,0.6004267334938049,0
2023-560_44.0,hard,2023,R128,alejandro davidovich fokina,marcos giron,0.5177760720252991,1
2023-560_45.0,hard,2023,R128,alexander bublik,dominic thiem,0.4990963935852051,0
2023-560_46.0,hard,2023,R128,ben shelton,pedro cachin,0.6724145412445068,1
2023-560_47.0,hard,2023,R128,aslan karatsev,jiri lehecka,0.18232567608356476,1
2023-560_48.0,hard,2023,R128,holger rune,roberto carballes baena,0.8694760203361511,0
2023-560_49.0,hard,2023,R128,milos raonic,stefanos tsitsipas,0.2705742120742798,0
2023-560_5.0,hard,2023,R128,arthur fils,tallon griekspoor,0.3792109787464142,1
2023-560_50.0,hard,2023,R128,alexei popyrin,dominic stricker,0.7174458503723145,0
2023-560_51.0,hard,2023,R128,benjamin bonzi,quentin halys,0.546811580657959,1
2023-560_52.0,hard,2023,R128,christopher eubanks,soonwoo kwon,0.5391165018081665,1
2023-560_53.0,hard,2023,R128,lorenzo musetti,titouan droguet,0.7212570309638977,0
2023-560_54.0,hard,2023,R128,gregoire barrere,jakub mensik,0.5197194218635559,0
2023-560_55.0,hard,2023,R128,juan pablo varillas,miomir kecmanovic,0.44941195845603943,1
2023-560_56.0,hard,2023,R128,steve johnson,taylor fritz,0.10173499584197998,0
2023-560_57.0,hard,2023,R128,felix auger-aliassime,mackenzie mcdonald,0.5299181342124939,0
2023-560_58.0,hard,2023,R128,borna gojo,hugo dellien,0.7846625447273254,1
2023-560_59.0,hard,2023,R128,enzo couacaud,jiri vesely,0.4660368859767914,0
2023-560_6.0,hard,2023,R128,jason kubler,matteo arnaldi,0.7080774307250977,0
2023-560_60.0,hard,2023,R128,francisco cerundolo,zachary svajda,0.8547344207763672,1
2023-560_61.0,hard,2023,R128,brandon nakashima,laslo djere,0.457777202129364,0
2023-560_62.0,hard,2023,R128,hugo gaston,sho shimabukuro,0.3549540936946869,1
2023-560_63.0,hard,2023,R128,bernabe zapata miralles,ethan quinn,0.7839715480804443,1
2023-560_64.0,hard,2023,R128,alexandre muller,novak djokovic,0.024090789258480072,0
2023-560_65.0,hard,2023,R64,carlos alcaraz,lloyd harris,0.9273402690887451,1
2023-560_66.0,hard,2023,R64,botic van de zandschulp,daniel evans,0.48027127981185913,0
2023-560_67.0,hard,2023,R64,arthur fils,matteo arnaldi,0.5979675650596619,0
2023-560_68.0,hard,2023,R64,cameron norrie,yu hsiou hsu,0.8235083222389221,1
2023-560_69.0,hard,2023,R64,alexander zverev,daniel altmaier,0.8575477600097656,1
2023-560_7.0,hard,2023,R128,thanasi kokkinakis,yu hsiou hsu,0.8127647638320923,0
2023-560_70.0,hard,2023,R64,andy murray,grigor dimitrov,0.43190863728523254,0
2023-560_71.0,hard,2023,R64,stan wawrinka,tomas martin etcheverry,0.7278831005096436,1
2023-560_72.0,hard,2023,R64,jannik sinner,lorenzo sonego,0.7967111468315125,1
2023-560_73.0,hard,2023,R64,christopher o'connell,daniil medvedev,0.09330812841653824,0
2023-560_74.0,hard,2023,R64,felipe meligeni alves,sebastian baez,0.25644806027412415,0
2023-560_75.0,hard,2023,R64,alex michelsen,nicolas jarry,0.34756502509117126,0
2023-560_76.0,hard,2023,R64,alex de minaur,yibing wu,0.7962494492530823,1
2023-560_77.0,hard,2023,R64,john isner,michael mmoh,0.48500630259513855,0
2023-560_78.0,hard,2023,R64,hubert hurkacz,jack draper,0.7205312848091125,0
2023-560_79.0,hard,2023,R64,arthur rinderknech,matteo berrettini,0.2502409815788269,1
2023-560_8.0,hard,2023,R128,alexander shevchenko,cameron norrie,0.3478626310825348,0
2023-560_80.0,hard,2023,R64,andrey rublev,gael monfils,0.7460346221923828,1
2023-560_81.0,hard,2023,R64,casper ruud,zhizhen zhang,0.7817856073379517,0
2023-560_82.0,hard,2023,R64,marton fucsovics,rinky hijikata,0.6874281167984009,0
2023-560_83.0,hard,2023,R64,adrian mannarino,fabian marozsan,0.7392247319221497,1
2023-560_84.0,hard,2023,R64,frances tiafoe,sebastian ofner,0.8049993515014648,1
2023-560_85.0,hard,2023,R64,roman safiullin,tommy paul,0.1919955611228943,0
2023-560_86.0,hard,2023,R64,alejandro davidovich fokina,juan manuel cerundolo,0.7619873881340027,1
2023-560_87.0,hard,2023,R64,ben shelton,dominic thiem,0.34994861483573914,1
2023-560_88.0,hard,2023,R64,aslan karatsev,roberto carballes baena,0.47786688804626465,1
2023-560_89.0,hard,2023,R64,dominic stricker,stefanos tsitsipas,0.171393483877182,1
2023-560_9.0,hard,2023,R128,aleksandar vukic,alexander zverev,0.237517848610878,0
2023-560_90.0,hard,2023,R64,benjamin bonzi,christopher eubanks,0.4983478784561157,1
2023-560_91.0,hard,2023,R64,jakub mensik,titouan droguet,0.5006561279296875,1
2023-560_92.0,hard,2023,R64,juan pablo varillas,taylor fritz,0.11867130547761917,0
2023-560_93.0,hard,2023,R64,borna gojo,mackenzie mcdonald,0.2826716899871826,1
2023-560_94.0,hard,2023,R64,francisco cerundolo,jiri vesely,0.8156808614730835,0
2023-560_95.0,hard,2023,R64,hugo gaston,laslo djere,0.29670724272727966,0
2023-560_96.0,hard,2023,R64,bernabe zapata miralles,novak djokovic,0.017568418756127357,0
2023-560_97.0,hard,2023,R32,carlos alcaraz,daniel evans,0.8955536484718323,1
2023-560_98.0,hard,2023,R32,cameron norrie,matteo arnaldi,0.7277200818061829,0
2023-560_99.0,hard,2023,R32,alexander zverev,grigor dimitrov,0.6431702971458435,1
2023-580_1.0,hard,2023,R128,jack draper,rafael nadal,0.3103596270084381,0
2023-580_10.0,hard,2023,R128,lorenzo sonego,nuno borges,0.698884129524231,1
2023-580_100.0,hard,2023,R32,daniil medvedev,sebastian korda,0.6935836672782898,0
2023-580_101.0,hard,2023,R32,stefanos tsitsipas,tallon griekspoor,0.8307191729545593,1
2023-580_102.0,hard,2023,R32,jannik sinner,marton fucsovics,0.7849835157394409,1
2023-580_103.0,hard,2023,R32,cameron norrie,jiri lehecka,0.7922907471656799,0
2023-580_104.0,hard,2023,R32,felix auger-aliassime,francisco cerundolo,0.8087301850318909,1
2023-580_105.0,hard,2023,R32,andrey rublev,daniel evans,0.7474772334098816,1
2023-580_106.0,hard,2023,R32,holger rune,ugo humbert,0.8376579284667969,1
2023-580_107.0,hard,2023,R32,alex de minaur,benjamin bonzi,0.7535314559936523,1
2023-580_108.0,hard,2023,R32,grigor dimitrov,novak djokovic,0.08022519201040268,0
2023-580_109.0,hard,2023,R32,alexei popyrin,ben shelton,0.5343421101570129,0
2023-580_11.0,hard,2023,R128,ernesto escobedo,taro daniel,0.29723888635635376,0
2023-580_110.0,hard,2023,R32,j.j. wolf,michael mmoh,0.6758867502212524,1
2023-580_111.0,hard,2023,R32,andy murray,roberto bautista agut,0.40133827924728394,0
2023-580_112.0,hard,2023,R32,jenson brooksby,tommy paul,0.42161741852760315,0
2023-580_113.0,hard,2023,R16,karen khachanov,yoshihito nishioka,0.5964645147323608,1
2023-580_114.0,hard,2023,R16,hubert hurkacz,sebastian korda,0.4931636452674866,0
2023-580_115.0,hard,2023,R16,jannik sinner,stefanos tsitsipas,0.31043320894241333,0
2023-580_116.0,hard,2023,R16,felix auger-aliassime,jiri lehecka,0.8131198883056641,0
2023-580_117.0,hard,2023,R16,andrey rublev,holger rune,0.440407931804657,1
2023-580_118.0,hard,2023,R16,alex de minaur,novak djokovic,0.1456180363893509,0
2023-580_119.0,hard,2023,R16,ben shelton,j.j. wolf,0.35939520597457886,1
2023-580_12.0,hard,2023,R128,denis shapovalov,dusan lajovic,0.8539552688598633,1
2023-580_120.0,hard,2023,R16,roberto bautista agut,tommy paul,0.5365507006645203,0
2023-580_121.0,hard,2023,QF,karen khachanov,sebastian korda,0.4282878041267395,1
2023-580_122.0,hard,2023,QF,jiri lehecka,stefanos tsitsipas,0.15441322326660156,0
2023-580_123.0,hard,2023,QF,andrey rublev,novak djokovic,0.14092989265918732,0
2023-580_124.0,hard,2023,QF,ben shelton,tommy paul,0.2567567825317383,0
2023-580_125.0,hard,2023,SF,karen khachanov,stefanos tsitsipas,0.2781596779823303,0
2023-580_126.0,hard,2023,SF,novak djokovic,tommy paul,0.8367555737495422,1
2023-580_127.0,hard,2023,F,novak djokovic,stefanos tsitsipas,0.6872931122779846,1
2023-580_13.0,hard,2023,R128,cristian garin,sebastian korda,0.15092359483242035,0
2023-580_14.0,hard,2023,R128,arthur rinderknech,yosuke watanuki,0.8041234016418457,0
2023-580_15.0,hard,2023,R128,john millman,marc-andrea huesler,0.4170595407485962,1
2023-580_16.0,hard,2023,R128,daniil medvedev,marcos giron,0.6999945044517517,1
2023-580_17.0,hard,2023,R128,quentin halys,stefanos tsitsipas,0.08513909578323364,0
2023-580_18.0,hard,2023,R128,rinky hijikata,yannick hanfmann,0.6394399404525757,1
2023-580_19.0,hard,2023,R128,pavel kotov,tallon griekspoor,0.28599807620048523,0
2023-580_2.0,hard,2023,R128,brandon nakashima,mackenzie mcdonald,0.5906832218170166,0
2023-580_20.0,hard,2023,R128,botic van de zandschulp,ilya ivashka,0.6094468832015991,1
2023-580_21.0,hard,2023,R128,lloyd harris,lorenzo musetti,0.27333754301071167,1
2023-580_22.0,hard,2023,R128,federico coria,marton fucsovics,0.5384483337402344,0
2023-580_23.0,hard,2023,R128,gregoire barrere,tomas martin etcheverry,0.6081683039665222,0
2023-580_24.0,hard,2023,R128,jannik sinner,kyle edmund,0.8699483275413513,1
2023-580_25.0,hard,2023,R128,cameron norrie,luca van assche,0.8967032432556152,1
2023-580_26.0,hard,2023,R128,constant lestienne,thiago monteiro,0.6282484531402588,1
2023-580_27.0,hard,2023,R128,christopher eubanks,soonwoo kwon,0.19611099362373352,1
2023-580_28.0,hard,2023,R128,borna coric,jiri lehecka,0.6441035866737366,0
2023-580_29.0,hard,2023,R128,francisco cerundolo,guido pella,0.8997693657875061,1
2023-580_3.0,hard,2023,R128,dalibor svrcina,jaume munar,0.2841527462005615,1
2023-580_30.0,hard,2023,R128,corentin moutet,yibing wu,0.8080998063087463,1
2023-580_31.0,hard,2023,R128,alex molcan,stan wawrinka,0.4568486511707306,1
2023-580_32.0,hard,2023,R128,felix auger-aliassime,vasek pospisil,0.8878538012504578,1
2023-580_33.0,hard,2023,R128,andrey rublev,dominic thiem,0.7028906941413879,1
2023-580_34.0,hard,2023,R128,emil ruusuvuori,max purcell,0.8065654039382935,1
2023-580_35.0,hard,2023,R128,daniel elahi galan,jeremy chardy,0.7635776996612549,0
2023-580_36.0,hard,2023,R128,daniel evans,facundo bagnis,0.8422090411186218,1
2023-580_37.0,hard,2023,R128,denis kudla,roman safiullin,0.2553277611732483,1
2023-580_38.0,hard,2023,R128,richard gasquet,ugo humbert,0.7195590138435364,0
2023-580_39.0,hard,2023,R128,albert ramos-vinolas,maxime cressy,0.647027313709259,0
2023-580_4.0,hard,2023,R128,mikael ymer,yoshihito nishioka,0.658241331577301,0
2023-580_40.0,hard,2023,R128,filip krajinovic,holger rune,0.20340435206890106,0
2023-580_41.0,hard,2023,R128,pablo carreno busta,pedro cachin,0.8001672625541687,1
2023-580_42.0,hard,2023,R128,benjamin bonzi,mattia bellucci,0.6573042273521423,1
2023-580_43.0,hard,2023,R128,adrian mannarino,john isner,0.36059898138046265,1
2023-580_44.0,hard,2023,R128,alex de minaur,yu hsiou hsu,0.7905933260917664,1
2023-580_45.0,hard,2023,R128,aslan karatsev,grigor dimitrov,0.3001154065132141,0
2023-580_46.0,hard,2023,R128,laslo djere,zizou bergs,0.776919960975647,1
2023-580_47.0,hard,2023,R128,enzo couacaud,hugo dellien,0.6248328685760498,1
2023-580_48.0,hard,2023,R128,novak djokovic,roberto carballes baena,0.9293665885925293,1
2023-580_49.0,hard,2023,R128,nikoloz basilashvili,taylor fritz,0.09479545801877975,0
2023-580_5.0,hard,2023,R128,bernabe zapata miralles,karen khachanov,0.12102306634187698,0
2023-580_50.0,hard,2023,R128,alexei popyrin,chun-hsin tseng,0.7357659339904785,1
2023-580_51.0,hard,2023,R128,ben shelton,zhizhen zhang,0.6124452352523804,1
2023-580_52.0,hard,2023,R128,miomir kecmanovic,nicolas jarry,0.8603707551956177,0
2023-580_53.0,hard,2023,R128,diego schwartzman,oleksii krutykh,0.7625246047973633,1
2023-580_54.0,hard,2023,R128,j.j. wolf,jordan thompson,0.7556318044662476,1
2023-580_55.0,hard,2023,R128,laurent lokoli,michael mmoh,0.32234567403793335,0
2023-580_56.0,hard,2023,R128,alexander zverev,juan pablo varillas,0.9126019477844238,1
2023-580_57.0,hard,2023,R128,andy murray,matteo berrettini,0.27006468176841736,1
2023-580_58.0,hard,2023,R128,fabio fognini,thanasi kokkinakis,0.3919724225997925,0
2023-580_59.0,hard,2023,R128,aleksandar vukic,brandon holt,0.7657145857810974,0
2023-580_6.0,hard,2023,R128,jason kubler,sebastian baez,0.5801603198051453,1
2023-580_60.0,hard,2023,R128,joao sousa,roberto bautista agut,0.2101542055606842,0
2023-580_61.0,hard,2023,R128,alejandro davidovich fokina,alexander bublik,0.4687853455543518,1
2023-580_62.0,hard,2023,R128,jan-lennard struff,tommy paul,0.18229196965694427,0
2023-580_63.0,hard,2023,R128,christopher o'connell,jenson brooksby,0.2989243268966675,0
2023-580_64.0,hard,2023,R128,casper ruud,tomas machac,0.8234612345695496,1
2023-580_65.0,hard,2023,R64,mackenzie mcdonald,rafael nadal,0.17539237439632416,1
2023-580_66.0,hard,2023,R64,dalibor svrcina,yoshihito nishioka,0.1809975951910019,0
2023-580_67.0,hard,2023,R64,jason kubler,karen khachanov,0.2485945075750351,0
2023-580_68.0,hard,2023,R64,frances tiafoe,juncheng shang,0.8684534430503845,1
2023-580_69.0,hard,2023,R64,hubert hurkacz,lorenzo sonego,0.7202141284942627,1
2023-580_7.0,hard,2023,R128,juncheng shang,oscar otte,0.27308526635169983,1
2023-580_70.0,hard,2023,R64,denis shapovalov,taro daniel,0.7860756516456604,1
2023-580_71.0,hard,2023,R64,sebastian korda,yosuke watanuki,0.8220406174659729,1
2023-580_72.0,hard,2023,R64,daniil medvedev,john millman,0.8480523824691772,1
2023-580_73.0,hard,2023,R64,rinky hijikata,stefanos tsitsipas,0.06329581886529922,0
2023-580_74.0,hard,2023,R64,botic van de zandschulp,tallon griekspoor,0.6363910436630249,0
2023-580_75.0,hard,2023,R64,lloyd harris,marton fucsovics,0.5444537401199341,0
2023-580_76.0,hard,2023,R64,jannik sinner,tomas martin etcheverry,0.856532096862793,1
2023-580_77.0,hard,2023,R64,cameron norrie,constant lestienne,0.7425006031990051,1
2023-580_78.0,hard,2023,R64,christopher eubanks,jiri lehecka,0.3931843340396881,0
2023-580_79.0,hard,2023,R64,corentin moutet,francisco cerundolo,0.5540317893028259,0
2023-580_8.0,hard,2023,R128,daniel altmaier,frances tiafoe,0.06401146203279495,0
2023-580_80.0,hard,2023,R64,alex molcan,felix auger-aliassime,0.11196726560592651,0
2023-580_81.0,hard,2023,R64,andrey rublev,emil ruusuvuori,0.7709407806396484,1
2023-580_82.0,hard,2023,R64,daniel evans,jeremy chardy,0.9232902526855469,1
2023-580_83.0,hard,2023,R64,denis kudla,ugo humbert,0.4505622088909149,0
2023-580_84.0,hard,2023,R64,holger rune,maxime cressy,0.7897224426269531,1
2023-580_85.0,hard,2023,R64,benjamin bonzi,pablo carreno busta,0.2950808107852936,1
2023-580_86.0,hard,2023,R64,adrian mannarino,alex de minaur,0.24573571979999542,0
2023-580_87.0,hard,2023,R64,grigor dimitrov,laslo djere,0.6959963440895081,1
2023-580_88.0,hard,2023,R64,enzo couacaud,novak djokovic,0.019430093467235565,0
2023-580_89.0,hard,2023,R64,alexei popyrin,taylor fritz,0.09813866019248962,1
2023-580_9.0,hard,2023,R128,hubert hurkacz,pedro martinez,0.7745440006256104,1
2023-580_90.0,hard,2023,R64,ben shelton,nicolas jarry,0.5084761381149292,1
2023-580_91.0,hard,2023,R64,diego schwartzman,j.j. wolf,0.4910798966884613,0
2023-580_92.0,hard,2023,R64,alexander zverev,michael mmoh,0.8838372826576233,0
2023-580_93.0,hard,2023,R64,andy murray,thanasi kokkinakis,0.6000494956970215,1
2023-580_94.0,hard,2023,R64,brandon holt,roberto bautista agut,0.16904348134994507,0
2023-580_95.0,hard,2023,R64,alejandro davidovich fokina,tommy paul,0.38825681805610657,0
2023-580_96.0,hard,2023,R64,casper ruud,jenson brooksby,0.7658916711807251,0
2023-580_97.0,hard,2023,R32,mackenzie mcdonald,yoshihito nishioka,0.37759706377983093,0
2023-580_98.0,hard,2023,R32,frances tiafoe,karen khachanov,0.5507565140724182,0
2023-580_99.0,hard,2023,R32,denis shapovalov,hubert hurkacz,0.4398464560508728,0
2023-605_1.0,hard,2023,RR,alexander zverev,andrey rublev,0.4603748917579651,1
2023-605_10.0,hard,2023,RR,holger rune,novak djokovic,0.08545053005218506,0
2023-605_11.0,hard,2023,RR,hubert hurkacz,novak djokovic,0.0963381677865982,0
2023-605_12.0,hard,2023,RR,jannik sinner,novak djokovic,0.21099013090133667,1
2023-605_13.0,hard,2023,SF,carlos alcaraz,novak djokovic,0.2499472200870514,0
2023-605_14.0,hard,2023,SF,daniil medvedev,jannik sinner,0.5211459994316101,0
2023-605_15.0,hard,2023,F,jannik sinner,novak djokovic,0.24424868822097778,0
2023-605_2.0,hard,2023,RR,alexander zverev,daniil medvedev,0.3041555881500244,0
2023-605_3.0,hard,2023,RR,andrey rublev,daniil medvedev,0.2989009618759155,0
2023-605_4.0,hard,2023,RR,alexander zverev,carlos alcaraz,0.37460851669311523,1
2023-605_5.0,hard,2023,RR,andrey rublev,carlos alcaraz,0.3516874611377716,0
2023-605_6.0,hard,2023,RR,carlos alcaraz,daniil medvedev,0.5344986915588379,1
2023-605_7.0,hard,2023,RR,holger rune,stefanos tsitsipas,0.6627044081687927,1
2023-605_8.0,hard,2023,RR,holger rune,jannik sinner,0.20499327778816223,0
2023-605_9.0,hard,2023,RR,jannik sinner,stefanos tsitsipas,0.735552191734314,1
2023-6116_1.0,hard,2023,R32,gael monfils,thanasi kokkinakis,0.4889560639858246,0
2023-6116_10.0,hard,2023,R32,ben shelton,juncheng shang,0.7672353982925415,0
2023-6116_11.0,hard,2023,R32,jordan thompson,kei nishikori,0.24984900653362274,0
2023-6116_12.0,hard,2023,R32,corentin moutet,yibing wu,0.37809595465660095,0
2023-6116_13.0,hard,2023,R16,alex de minaur,thanasi kokkinakis,0.4308661222457886,1
2023-6116_14.0,hard,2023,R16,lloyd harris,ugo humbert,0.47742706537246704,0
2023-6116_15.0,hard,2023,R16,aleksandar vukic,yoshihito nishioka,0.5453816056251526,1
2023-6116_16.0,hard,2023,R16,brandon nakashima,christopher eubanks,0.6801640391349792,0
2023-6116_17.0,hard,2023,R16,j.j. wolf,maxime cressy,0.5853725075721741,1
2023-6116_18.0,hard,2023,R16,daniel evans,dominik koepfer,0.3810286819934845,0
2023-6116_19.0,hard,2023,R16,juncheng shang,kei nishikori,0.35448476672172546,0
2023-6116_2.0,hard,2023,R32,james duckworth,lloyd harris,0.6347123384475708,0
2023-6116_20.0,hard,2023,R16,taylor fritz,yibing wu,0.7942152619361877,1
2023-6116_21.0,hard,2023,QF,alex de minaur,ugo humbert,0.7414163947105408,0
2023-6116_22.0,hard,2023,QF,aleksandar vukic,christopher eubanks,0.31518039107322693,1
2023-6116_23.0,hard,2023,QF,dominik koepfer,j.j. wolf,0.40470942854881287,0
2023-6116_24.0,hard,2023,QF,kei nishikori,taylor fritz,0.3033384382724762,0
2023-6116_25.0,hard,2023,SF,aleksandar vukic,ugo humbert,0.39604198932647705,1
2023-6116_26.0,hard,2023,SF,j.j. wolf,taylor fritz,0.23782993853092194,0
2023-6116_27.0,hard,2023,F,aleksandar vukic,taylor fritz,0.1786339282989502,0
2023-6116_3.0,hard,2023,R32,constant lestienne,ugo humbert,0.35171401500701904,0
2023-6116_4.0,hard,2023,R32,aleksandar vukic,ethan quinn,0.6869421601295471,1
2023-6116_5.0,hard,2023,R32,brandon nakashima,max purcell,0.48402878642082214,1
2023-6116_6.0,hard,2023,R32,andres martin,christopher eubanks,0.11037752777338028,0
2023-6116_7.0,hard,2023,R32,j.j. wolf,jason jung,0.8339380621910095,1
2023-6116_8.0,hard,2023,R32,alex michelsen,maxime cressy,0.4768947958946228,0
2023-6116_9.0,hard,2023,R32,dominik koepfer,john isner,0.23714286088943481,1
2023-6242_1.0,hard,2023,R64,jack draper,nuno borges,0.7962948083877563,1
2023-6242_10.0,hard,2023,R64,luca van assche,thai-son kwiatkowski,0.8161729574203491,1
2023-6242_11.0,hard,2023,R64,alex michelsen,juan pablo varillas,0.3150978088378906,1
2023-6242_12.0,hard,2023,R64,facundo diaz acosta,quentin halys,0.2870284616947174,1
2023-6242_13.0,hard,2023,R64,arthur rinderknech,omni kumar,0.7570587992668152,0
2023-6242_14.0,hard,2023,R64,juan manuel cerundolo,roman safiullin,0.21286790072917938,1
2023-6242_15.0,hard,2023,R64,darian king,michael mmoh,0.2771032154560089,0
2023-6242_16.0,hard,2023,R64,illya marchenko,rinky hijikata,0.3196401000022888,0
2023-6242_17.0,hard,2023,R32,jack draper,tallon griekspoor,0.318329781293869,0
2023-6242_18.0,hard,2023,R32,andrey kuznetsov,max purcell,0.21191096305847168,0
2023-6242_19.0,hard,2023,R32,dominik koepfer,strong kirchheimer,0.8171758651733398,1
2023-6242_2.0,hard,2023,R64,marco cecchinato,max purcell,0.2573437988758087,0
2023-6242_20.0,hard,2023,R32,jiri lehecka,mitchell krueger,0.7147706151008606,1
2023-6242_21.0,hard,2023,R32,benjamin bonzi,sebastian korda,0.4536915421485901,0
2023-6242_22.0,hard,2023,R32,marton fucsovics,zhizhen zhang,0.38283127546310425,1
2023-6242_23.0,hard,2023,R32,marc-andrea huesler,richard gasquet,0.6448997259140015,0
2023-6242_24.0,hard,2023,R32,arthur fils,brandon nakashima,0.3732311427593231,0
2023-6242_25.0,hard,2023,R32,daniel elahi galan,sebastian baez,0.6876939535140991,0
2023-6242_26.0,hard,2023,R32,aleksandar vukic,luca van assche,0.5869458317756653,1
2023-6242_27.0,hard,2023,R32,alex michelsen,sebastian ofner,0.6758711338043213,1
2023-6242_28.0,hard,2023,R32,facundo diaz acosta,laslo djere,0.5277303457260132,0
2023-6242_29.0,hard,2023,R32,botic van de zandschulp,omni kumar,0.5700979828834534,0
2023-6242_3.0,hard,2023,R64,constant lestienne,dominik koepfer,0.3321506083011627,0
2023-6242_30.0,hard,2023,R32,juan manuel cerundolo,yannick hanfmann,0.5275568962097168,1
2023-6242_31.0,hard,2023,R32,marcos giron,michael mmoh,0.37717506289482117,0
2023-6242_32.0,hard,2023,R32,borna coric,rinky hijikata,0.750089168548584,1
2023-6242_33.0,hard,2023,R16,max purcell,tallon griekspoor,0.31985414028167725,1
2023-6242_34.0,hard,2023,R16,dominik koepfer,jiri lehecka,0.3779447078704834,0
2023-6242_35.0,hard,2023,R16,marton fucsovics,sebastian korda,0.396928071975708,0
2023-6242_36.0,hard,2023,R16,brandon nakashima,richard gasquet,0.5281751155853271,0
2023-6242_37.0,hard,2023,R16,aleksandar vukic,sebastian baez,0.42138436436653137,0
2023-6242_38.0,hard,2023,R16,alex michelsen,laslo djere,0.34217819571495056,0
2023-6242_39.0,hard,2023,R16,juan manuel cerundolo,omni kumar,0.6608304381370544,1
2023-6242_4.0,hard,2023,R64,mitchell krueger,pavel kotov,0.3054141402244568,1
2023-6242_40.0,hard,2023,R16,borna coric,michael mmoh,0.5006132125854492,1
2023-6242_41.0,hard,2023,QF,jiri lehecka,max purcell,0.6235691905021667,1
2023-6242_42.0,hard,2023,QF,richard gasquet,sebastian korda,0.3186357021331787,0
2023-6242_43.0,hard,2023,QF,laslo djere,sebastian baez,0.5985074639320374,0
2023-6242_44.0,hard,2023,QF,borna coric,juan manuel cerundolo,0.749315619468689,1
2023-6242_45.0,hard,2023,SF,jiri lehecka,sebastian korda,0.44727227091789246,1
2023-6242_46.0,hard,2023,SF,borna coric,sebastian baez,0.6704640984535217,0
2023-6242_47.0,hard,2023,F,jiri lehecka,sebastian baez,0.6788137555122375,0
2023-6242_5.0,hard,2023,R64,alexandre muller,benjamin bonzi,0.48038095235824585,0
2023-6242_6.0,hard,2023,R64,ilya ivashka,zhizhen zhang,0.49958622455596924,0
2023-6242_7.0,hard,2023,R64,alexander shevchenko,marc-andrea huesler,0.6854154467582703,0
2023-6242_8.0,hard,2023,R64,brandon nakashima,jason kubler,0.7050107717514038,1
2023-6242_9.0,hard,2023,R64,daniel elahi galan,radu albot,0.4934346675872803,1
2023-7434_1.0,hard,2023,R32,albert ramos-vinolas,roberto carballes baena,0.6312909722328186,1
2023-7434_10.0,hard,2023,R32,max purcell,rinky hijikata,0.6341230869293213,1
2023-7434_11.0,hard,2023,R32,cem ilkel,dimitar kuzmanov,0.320914626121521,1
2023-7434_12.0,hard,2023,R32,jack draper,maximilian marterer,0.7154117822647095,1
2023-7434_13.0,hard,2023,R16,adrian mannarino,albert ramos-vinolas,0.673906147480011,1
2023-7434_14.0,hard,2023,R16,christopher o'connell,sebastian ofner,0.48668020963668823,0
2023-7434_15.0,hard,2023,R16,pavel kotov,sebastian baez,0.6166759729385376,1
2023-7434_16.0,hard,2023,R16,jurij rodionov,marton fucsovics,0.35370683670043945,0
2023-7434_17.0,hard,2023,R16,fabian marozsan,roberto bautista agut,0.45940014719963074,1
2023-7434_18.0,hard,2023,R16,billy harris,jan-lennard struff,0.28036919236183167,0
2023-7434_19.0,hard,2023,R16,cem ilkel,max purcell,0.2788200080394745,1
2023-7434_2.0,hard,2023,R32,christopher o'connell,hamad medjedovic,0.6448883414268494,1
2023-7434_20.0,hard,2023,R16,jack draper,lorenzo musetti,0.7041628956794739,1
2023-7434_21.0,hard,2023,QF,adrian mannarino,sebastian ofner,0.6887652277946472,1
2023-7434_22.0,hard,2023,QF,marton fucsovics,pavel kotov,0.7543739676475525,0
2023-7434_23.0,hard,2023,QF,fabian marozsan,jan-lennard struff,0.4629465341567993,0
2023-7434_24.0,hard,2023,QF,cem ilkel,jack draper,0.1605132669210434,0
2023-7434_25.0,hard,2023,SF,adrian mannarino,pavel kotov,0.7134168744087219,1
2023-7434_26.0,hard,2023,SF,jack draper,jan-lennard struff,0.735670804977417,1
2023-7434_27.0,hard,2023,F,adrian mannarino,jack draper,0.5461602210998535,1
2023-7434_3.0,hard,2023,R32,sebastian ofner,vitaliy sachko,0.7712035775184631,1
2023-7434_4.0,hard,2023,R32,alexandar lazarov,pavel kotov,0.10753755271434784,0
2023-7434_5.0,hard,2023,R32,jurij rodionov,nicolas moreno de alboran,0.7137231826782227,1
2023-7434_6.0,hard,2023,R32,marton fucsovics,terence atmane,0.7821749448776245,1
2023-7434_7.0,hard,2023,R32,miomir kecmanovic,roberto bautista agut,0.3880726397037506,0
2023-7434_8.0,hard,2023,R32,fabian marozsan,zsombor piros,0.630776047706604,1
2023-7434_9.0,hard,2023,R32,billy harris,marc-andrea huesler,0.5897599458694458,1
2023-747_1.0,hard,2023,R32,daniil medvedev,tommy paul,0.723798930644989,1
2023-747_10.0,hard,2023,R32,juncheng shang,yoshihito nishioka,0.262470006942749,0
2023-747_11.0,hard,2023,R32,grigor dimitrov,mackenzie mcdonald,0.6114360094070435,1
2023-747_12.0,hard,2023,R32,felix auger-aliassime,holger rune,0.45913004875183105,0
2023-747_13.0,hard,2023,R32,casper ruud,jan-lennard struff,0.5574671030044556,1
2023-747_14.0,hard,2023,R32,lloyd harris,tomas martin etcheverry,0.5007006525993347,0
2023-747_15.0,hard,2023,R32,karen khachanov,lorenzo musetti,0.7270113229751587,0
2023-747_16.0,hard,2023,R32,carlos alcaraz,yannick hanfmann,0.8741917610168457,1
2023-747_17.0,hard,2023,R16,alex de minaur,daniil medvedev,0.2246190905570984,0
2023-747_18.0,hard,2023,R16,andrey rublev,ugo humbert,0.7520959973335266,0
2023-747_19.0,hard,2023,R16,matteo arnaldi,nicolas jarry,0.4068444073200226,0
2023-747_2.0,hard,2023,R32,alex de minaur,andy murray,0.6912422180175781,1
2023-747_20.0,hard,2023,R16,alejandro davidovich fokina,alexander zverev,0.21518932282924652,0
2023-747_21.0,hard,2023,R16,jannik sinner,yoshihito nishioka,0.7851377129554749,1
2023-747_22.0,hard,2023,R16,grigor dimitrov,holger rune,0.43821945786476135,1
2023-747_23.0,hard,2023,R16,casper ruud,tomas martin etcheverry,0.7635677456855774,1
2023-747_24.0,hard,2023,R16,carlos alcaraz,lorenzo musetti,0.8517254590988159,1
2023-747_25.0,hard,2023,QF,daniil medvedev,ugo humbert,0.7994592785835266,1
2023-747_26.0,hard,2023,QF,alexander zverev,nicolas jarry,0.7702105045318604,1
2023-747_27.0,hard,2023,QF,grigor dimitrov,jannik sinner,0.2593250572681427,0
2023-747_28.0,hard,2023,QF,carlos alcaraz,casper ruud,0.834197998046875,1
2023-747_29.0,hard,2023,SF,alexander zverev,daniil medvedev,0.29200878739356995,0
2023-747_3.0,hard,2023,R32,lorenzo sonego,ugo humbert,0.500591516494751,0
2023-747_30.0,hard,2023,SF,carlos alcaraz,jannik sinner,0.7220864295959473,0
2023-747_31.0,hard,2023,F,daniil medvedev,jannik sinner,0.6695114374160767,0
2023-747_4.0,hard,2023,R32,andrey rublev,cameron norrie,0.7232049107551575,1
2023-747_5.0,hard,2023,R32,nicolas jarry,stefanos tsitsipas,0.2538405954837799,1
2023-747_6.0,hard,2023,R32,j.j. wolf,matteo arnaldi,0.363174706697464,0
2023-747_7.0,hard,2023,R32,alejandro davidovich fokina,yi zhou,0.9488640427589417,1
2023-747_8.0,hard,2023,R32,alexander zverev,diego schwartzman,0.8722330331802368,1
2023-747_9.0,hard,2023,R32,daniel evans,jannik sinner,0.39034563302993774,0
2023-7480_1.0,hard,2023,R32,aleksandar kovacevic,omni kumar,0.4795660972595215,1
2023-7480_10.0,hard,2023,R32,nicolas jarry,rodrigo pacheco mendez,0.9534904956817627,1
2023-7480_11.0,hard,2023,R32,gabriel diallo,gijs brouwer,0.33656954765319824,0
2023-7480_12.0,hard,2023,R32,john isner,rinky hijikata,0.7315554618835449,1
2023-7480_13.0,hard,2023,R16,aleksandar kovacevic,cameron norrie,0.40370672941207886,1
2023-7480_14.0,hard,2023,R16,dominik koepfer,james duckworth,0.5351625680923462,1
2023-7480_15.0,hard,2023,R16,felipe meligeni alves,tommy paul,0.16099415719509125,0
2023-7480_16.0,hard,2023,R16,alex de minaur,thiago agustin tirante,0.8251684308052063,1
2023-7480_17.0,hard,2023,R16,borna gojo,ilya ivashka,0.45785290002822876,0
2023-7480_18.0,hard,2023,R16,borna coric,jason jung,0.6858792901039124,1
2023-7480_19.0,hard,2023,R16,gijs brouwer,nicolas jarry,0.404635488986969,0
2023-7480_2.0,hard,2023,R32,james duckworth,otto virtanen,0.7609096169471741,1
2023-7480_20.0,hard,2023,R16,john isner,stefanos tsitsipas,0.16419704258441925,0
2023-7480_21.0,hard,2023,QF,aleksandar kovacevic,dominik koepfer,0.4392998218536377,0
2023-7480_22.0,hard,2023,QF,alex de minaur,tommy paul,0.6128571629524231,1
2023-7480_23.0,hard,2023,QF,borna coric,ilya ivashka,0.645255446434021,1
2023-7480_24.0,hard,2023,QF,nicolas jarry,stefanos tsitsipas,0.22557823359966278,0
2023-7480_25.0,hard,2023,SF,alex de minaur,dominik koepfer,0.7601680159568787,1
2023-7480_26.0,hard,2023,SF,borna coric,stefanos tsitsipas,0.2609054744243622,0
2023-7480_27.0,hard,2023,F,alex de minaur,stefanos tsitsipas,0.30876296758651733,0
2023-7480_3.0,hard,2023,R32,dominik koepfer,tomas barrios vera,0.7647598385810852,1
2023-7480_4.0,hard,2023,R32,alejandro tabilo,felipe meligeni alves,0.4074026644229889,0
2023-7480_5.0,hard,2023,R32,gonzalo lama,thiago agustin tirante,0.29304972290992737,0
2023-7480_6.0,hard,2023,R32,alex de minaur,skander mansouri,0.8981614708900452,1
2023-7480_7.0,hard,2023,R32,beibit zhukayev,ilya ivashka,0.1944093406200409,0
2023-7480_8.0,hard,2023,R32,borna gojo,cristian garin,0.2432200163602829,1
2023-7480_9.0,hard,2023,R32,ernesto escobedo,jason jung,0.3315763473510742,0
2023-7485_1.0,hard,2023,R32,arthur rinderknech,hugo gaston,0.7464190721511841,0
2023-7485_10.0,hard,2023,R32,alexander blockx,yannick hanfmann,0.17617486417293549,0
2023-7485_11.0,hard,2023,R32,dominic thiem,luca nardi,0.8296040296554565,1
2023-7485_12.0,hard,2023,R32,botic van de zandschulp,dominic stricker,0.7094640135765076,1
2023-7485_13.0,hard,2023,R16,hugo gaston,jan-lennard struff,0.5480311512947083,1
2023-7485_14.0,hard,2023,R16,maximilian marterer,nuno borges,0.5175994038581848,1
2023-7485_15.0,hard,2023,R16,alexander bublik,gregoire barrere,0.37943562865257263,1
2023-7485_16.0,hard,2023,R16,david goffin,giovanni mpetshi perricard,0.64570552110672,0
2023-7485_17.0,hard,2023,R16,alexander shevchenko,juan pablo varillas,0.46287181973457336,0
2023-7485_18.0,hard,2023,R16,arthur fils,mark lajal,0.5002606511116028,1
2023-7485_19.0,hard,2023,R16,dominic thiem,yannick hanfmann,0.6023721694946289,0
2023-7485_2.0,hard,2023,R32,dominik koepfer,nuno borges,0.37852877378463745,0
2023-7485_20.0,hard,2023,R16,botic van de zandschulp,stefanos tsitsipas,0.4765979051589966,0
2023-7485_21.0,hard,2023,QF,hugo gaston,maximilian marterer,0.49386292695999146,0
2023-7485_22.0,hard,2023,QF,alexander bublik,giovanni mpetshi perricard,0.7039656639099121,1
2023-7485_23.0,hard,2023,QF,arthur fils,juan pablo varillas,0.6145689487457275,1
2023-7485_24.0,hard,2023,QF,stefanos tsitsipas,yannick hanfmann,0.7413895130157471,1
2023-7485_25.0,hard,2023,SF,alexander bublik,maximilian marterer,0.6276618838310242,1
2023-7485_26.0,hard,2023,SF,arthur fils,stefanos tsitsipas,0.25091397762298584,1
2023-7485_27.0,hard,2023,F,alexander bublik,arthur fils,0.5237452983856201,1
2023-7485_3.0,hard,2023,R32,maximilian marterer,richard gasquet,0.2633819580078125,1
2023-7485_4.0,hard,2023,R32,daniel elahi galan,gregoire barrere,0.43335309624671936,0
2023-7485_5.0,hard,2023,R32,david goffin,quentin halys,0.34875327348709106,1
2023-7485_6.0,hard,2023,R32,giovanni mpetshi perricard,roberto carballes baena,0.2740551829338074,1
2023-7485_7.0,hard,2023,R32,fabian marozsan,juan pablo varillas,0.598858654499054,0
2023-7485_8.0,hard,2023,R32,alexander shevchenko,benjamin bonzi,0.5242512822151184,1
2023-7485_9.0,hard,2023,R32,jaume munar,mark lajal,0.7398419976234436,0
2023-7581_1.0,hard,2023,R32,nuno borges,philip sekulic,0.6979749798774719,0
2023-7581_10.0,hard,2023,R32,benjamin lock,miomir kecmanovic,0.2463224083185196,0
2023-7581_11.0,hard,2023,R32,corentin moutet,tao mu,0.5673442482948303,1
2023-7581_12.0,hard,2023,R32,daniel elahi galan,pavel kotov,0.7454668879508972,0
2023-7581_13.0,hard,2023,R16,lorenzo musetti,philip sekulic,0.8205750584602356,1
2023-7581_14.0,hard,2023,R16,arthur rinderknech,marcos giron,0.4707085192203522,1
2023-7581_15.0,hard,2023,R16,daniel evans,roman safiullin,0.5408393144607544,0
2023-7581_16.0,hard,2023,R16,dusan lajovic,jordan thompson,0.4932691752910614,0
2023-7581_17.0,hard,2023,R16,christopher o'connell,taro daniel,0.4646378755569458,1
2023-7581_18.0,hard,2023,R16,grigor dimitrov,juan pablo varillas,0.7729769349098206,1
2023-7581_19.0,hard,2023,R16,corentin moutet,miomir kecmanovic,0.4517829120159149,0
2023-7581_2.0,hard,2023,R32,arthur rinderknech,li tu,0.7870403528213501,1
2023-7581_20.0,hard,2023,R16,alexander zverev,pavel kotov,0.8797609806060791,1
2023-7581_21.0,hard,2023,QF,arthur rinderknech,lorenzo musetti,0.3225307762622833,0
2023-7581_22.0,hard,2023,QF,jordan thompson,roman safiullin,0.36490124464035034,0
2023-7581_23.0,hard,2023,QF,christopher o'connell,grigor dimitrov,0.25594258308410645,0
2023-7581_24.0,hard,2023,QF,alexander zverev,miomir kecmanovic,0.8871646523475647,1
2023-7581_25.0,hard,2023,SF,lorenzo musetti,roman safiullin,0.4799632132053375,0
2023-7581_26.0,hard,2023,SF,alexander zverev,grigor dimitrov,0.6776978969573975,1
2023-7581_27.0,hard,2023,F,alexander zverev,roman safiullin,0.9063066244125366,1
2023-7581_3.0,hard,2023,R32,alexander bublik,marcos giron,0.6868413686752319,0
2023-7581_4.0,hard,2023,R32,brandon nakashima,roman safiullin,0.36744871735572815,0
2023-7581_5.0,hard,2023,R32,dusan lajovic,zizou bergs,0.8113281726837158,1
2023-7581_6.0,hard,2023,R32,jordan thompson,max purcell,0.6489065289497375,1
2023-7581_7.0,hard,2023,R32,aleksandar vukic,taro daniel,0.5206326842308044,0
2023-7581_8.0,hard,2023,R32,alibek kachmazov,christopher o'connell,0.17372791469097137,0
2023-7581_9.0,hard,2023,R32,jie cui,juan pablo varillas,0.21438202261924744,0
2023-7696_1.0,hard,2023,RR,abdullah shelbayh,hamad medjedovic,0.42241135239601135,0
2023-7696_10.0,hard,2023,RR,arthur fils,luca nardi,0.710598349571228,1
2023-7696_11.0,hard,2023,RR,arthur fils,flavio cobolli,0.4067454934120178,1
2023-7696_12.0,hard,2023,RR,arthur fils,dominic stricker,0.5285143256187439,1
2023-7696_13.0,hard,2023,SF,dominic stricker,hamad medjedovic,0.5552400350570679,0
2023-7696_14.0,hard,2023,SF,arthur fils,luca van assche,0.6535443663597107,1
2023-7696_15.0,hard,2023,F,arthur fils,hamad medjedovic,0.6015229821205139,0
2023-7696_2.0,hard,2023,RR,abdullah shelbayh,alex michelsen,0.4067576229572296,1
2023-7696_3.0,hard,2023,RR,alex michelsen,hamad medjedovic,0.45967283844947815,0
2023-7696_4.0,hard,2023,RR,abdullah shelbayh,luca van assche,0.4196154475212097,0
2023-7696_5.0,hard,2023,RR,hamad medjedovic,luca van assche,0.5177300572395325,1
2023-7696_6.0,hard,2023,RR,alex michelsen,luca van assche,0.3482624888420105,0
2023-7696_7.0,hard,2023,RR,flavio cobolli,luca nardi,0.3618551790714264,0
2023-7696_8.0,hard,2023,RR,dominic stricker,luca nardi,0.4253825843334198,1
2023-7696_9.0,hard,2023,RR,dominic stricker,flavio cobolli,0.6848252415657043,0
2023-807_1.0,hard,2023,R32,casper ruud,guido andreozzi,0.91986483335495,1
2023-807_10.0,hard,2023,R32,christopher eubanks,feliciano lopez,0.8818866014480591,0
2023-807_11.0,hard,2023,R32,denis shapovalov,miomir kecmanovic,0.5248143076896667,1
2023-807_12.0,hard,2023,R32,john isner,taylor fritz,0.2042759507894516,0
2023-807_13.0,hard,2023,R32,emilio gomez,tommy paul,0.19785167276859283,0
2023-807_14.0,hard,2023,R32,marcos giron,michael mmoh,0.6632457375526428,0
2023-807_15.0,hard,2023,R32,brandon nakashima,daniel altmaier,0.8422342538833618,1
2023-807_16.0,hard,2023,R32,luciano darderi,mackenzie mcdonald,0.12521864473819733,0
2023-807_17.0,hard,2023,R16,casper ruud,taro daniel,0.6546894311904907,0
2023-807_18.0,hard,2023,R16,alex de minaur,jacopo berrettini,0.9561170339584351,1
2023-807_19.0,hard,2023,R16,holger rune,nuno borges,0.8303200602531433,1
2023-807_2.0,hard,2023,R32,j.j. wolf,taro daniel,0.4787515103816986,0
2023-807_20.0,hard,2023,R16,elias ymer,matteo berrettini,0.18474090099334717,0
2023-807_21.0,hard,2023,R16,feliciano lopez,frances tiafoe,0.043522026389837265,0
2023-807_22.0,hard,2023,R16,denis shapovalov,taylor fritz,0.26197415590286255,0
2023-807_23.0,hard,2023,R16,michael mmoh,tommy paul,0.22011259198188782,0
2023-807_24.0,hard,2023,R16,brandon nakashima,mackenzie mcdonald,0.29583728313446045,0
2023-807_25.0,hard,2023,QF,alex de minaur,taro daniel,0.8714945912361145,1
2023-807_26.0,hard,2023,QF,holger rune,matteo berrettini,0.7240827083587646,1
2023-807_27.0,hard,2023,QF,frances tiafoe,taylor fritz,0.26022642850875854,0
2023-807_28.0,hard,2023,QF,mackenzie mcdonald,tommy paul,0.3751702904701233,0
2023-807_29.0,hard,2023,SF,alex de minaur,holger rune,0.4152519106864929,1
2023-807_3.0,hard,2023,R32,jacopo berrettini,oscar otte,0.2084011286497116,1
2023-807_30.0,hard,2023,SF,taylor fritz,tommy paul,0.6783846616744995,0
2023-807_31.0,hard,2023,F,alex de minaur,tommy paul,0.5083131790161133,1
2023-807_4.0,hard,2023,R32,alex de minaur,rodrigo pacheco mendez,0.9854915738105774,1
2023-807_5.0,hard,2023,R32,ben shelton,holger rune,0.09925976395606995,0
2023-807_6.0,hard,2023,R32,nick chappell,nuno borges,0.20872853696346283,0
2023-807_7.0,hard,2023,R32,alex molcan,matteo berrettini,0.13476060330867767,0
2023-807_8.0,hard,2023,R32,adrian mannarino,elias ymer,0.4996294379234314,0
2023-807_9.0,hard,2023,R32,frances tiafoe,yoshihito nishioka,0.7449257969856262,1
2023-891_1.0,hard,2023,R32,flavio cobolli,mukund sasikumar,0.662082850933075,1
2023-891_10.0,hard,2023,R32,jaume munar,tallon griekspoor,0.34493014216423035,0
2023-891_11.0,hard,2023,R32,marco cecchinato,nikoloz basilashvili,0.2643314301967621,1
2023-891_12.0,hard,2023,R32,bernabe zapata miralles,roberto carballes baena,0.34324946999549866,0
2023-891_13.0,hard,2023,R16,botic van de zandschulp,flavio cobolli,0.7605855464935303,1
2023-891_14.0,hard,2023,R16,laslo djere,maximilian marterer,0.6138899922370911,0
2023-891_15.0,hard,2023,R16,benjamin bonzi,emil ruusuvuori,0.5386919379234314,1
2023-891_16.0,hard,2023,R16,filip krajinovic,michael mmoh,0.6926218867301941,1
2023-891_17.0,hard,2023,R16,aslan karatsev,tim van rijthoven,0.4715123176574707,1
2023-891_18.0,hard,2023,R16,pedro martinez,sebastian baez,0.6731464266777039,1
2023-891_19.0,hard,2023,R16,marco cecchinato,tallon griekspoor,0.43485358357429504,0
2023-891_2.0,hard,2023,R32,elias ymer,maximilian marterer,0.3838139474391937,0
2023-891_20.0,hard,2023,R16,marin cilic,roberto carballes baena,0.810499370098114,1
2023-891_21.0,hard,2023,QF,botic van de zandschulp,maximilian marterer,0.8255529403686523,1
2023-891_22.0,hard,2023,QF,benjamin bonzi,filip krajinovic,0.5847452878952026,1
2023-891_23.0,hard,2023,QF,aslan karatsev,pedro martinez,0.4767915606498718,1
2023-891_24.0,hard,2023,QF,marin cilic,tallon griekspoor,0.5338284969329834,0
2023-891_25.0,hard,2023,SF,benjamin bonzi,botic van de zandschulp,0.20204903185367584,1
2023-891_26.0,hard,2023,SF,aslan karatsev,tallon griekspoor,0.3665688931941986,0
2023-891_27.0,hard,2023,F,benjamin bonzi,tallon griekspoor,0.5707440972328186,0
2023-891_3.0,hard,2023,R32,alex molcan,laslo djere,0.6907829642295837,0
2023-891_4.0,hard,2023,R32,benjamin bonzi,chun-hsin tseng,0.76158207654953,1
2023-891_5.0,hard,2023,R32,manas dhamne,michael mmoh,0.10380566865205765,0
2023-891_6.0,hard,2023,R32,filip krajinovic,sumit nagal,0.852433443069458,1
2023-891_7.0,hard,2023,R32,aslan karatsev,pablo andujar,0.6382043957710266,1
2023-891_8.0,hard,2023,R32,radu albot,tim van rijthoven,0.41057783365249634,0
2023-891_9.0,hard,2023,R32,pedro martinez,ramkumar ramanathan,0.835725724697113,1
2023-8998_1.0,hard,2023,R32,soonwoo kwon,tomas machac,0.6002839803695679,1
2023-8998_10.0,hard,2023,R32,kyle edmund,miomir kecmanovic,0.2214614748954773,0
2023-8998_11.0,hard,2023,R32,jason kubler,tomas martin etcheverry,0.7973700761795044,1
2023-8998_12.0,hard,2023,R32,alexei popyrin,thanasi kokkinakis,0.42168402671813965,0
2023-8998_13.0,hard,2023,R16,pablo carreno busta,soonwoo kwon,0.4163338840007782,0
2023-8998_14.0,hard,2023,R16,mackenzie mcdonald,mikael ymer,0.45620909333229065,0
2023-8998_15.0,hard,2023,R16,karen khachanov,marc-andrea huesler,0.7266486883163452,1
2023-8998_16.0,hard,2023,R16,jack draper,tommy paul,0.37376272678375244,1
2023-8998_17.0,hard,2023,R16,alejandro davidovich fokina,john millman,0.6243217587471008,1
2023-8998_18.0,hard,2023,R16,roberto bautista agut,robin haase,0.643082857131958,1
2023-8998_19.0,hard,2023,R16,jason kubler,miomir kecmanovic,0.31488651037216187,0
2023-8998_2.0,hard,2023,R32,emil ruusuvuori,mikael ymer,0.3156905770301819,0
2023-8998_20.0,hard,2023,R16,andrey rublev,thanasi kokkinakis,0.7492143511772156,0
2023-8998_21.0,hard,2023,QF,mikael ymer,soonwoo kwon,0.57916259765625,0
2023-8998_22.0,hard,2023,QF,jack draper,karen khachanov,0.4905524253845215,1
2023-8998_23.0,hard,2023,QF,alejandro davidovich fokina,roberto bautista agut,0.3958812952041626,0
2023-8998_24.0,hard,2023,QF,miomir kecmanovic,thanasi kokkinakis,0.6679360866546631,0
2023-8998_25.0,hard,2023,SF,jack draper,soonwoo kwon,0.561702311038971,0
2023-8998_26.0,hard,2023,SF,roberto bautista agut,thanasi kokkinakis,0.6740298867225647,1
2023-8998_27.0,hard,2023,F,roberto bautista agut,soonwoo kwon,0.668683648109436,0
2023-8998_3.0,hard,2023,R32,daniel evans,mackenzie mcdonald,0.4354998767375946,0
2023-8998_4.0,hard,2023,R32,arthur rinderknech,marc-andrea huesler,0.5827170014381409,0
2023-8998_5.0,hard,2023,R32,jack draper,lorenzo sonego,0.5621969103813171,1
2023-8998_6.0,hard,2023,R32,christopher o'connell,tommy paul,0.3834351897239685,0
2023-8998_7.0,hard,2023,R32,alejandro davidovich fokina,brandon nakashima,0.22406621277332306,1
2023-8998_8.0,hard,2023,R32,albert ramos-vinolas,john millman,0.6210096478462219,0
2023-8998_9.0,hard,2023,R32,benjamin bonzi,robin haase,0.691444993019104,0
2023-9164_1.0,hard,2023,R32,dane sweeny,marc polmans,0.33747485280036926,0
2023-9164_10.0,hard,2023,R32,juncheng shang,mackenzie mcdonald,0.19633081555366516,0
2023-9164_11.0,hard,2023,R32,aleksandar kovacevic,kimmer coppejans,0.4057445526123047,0
2023-9164_12.0,hard,2023,R32,alex bolt,diego schwartzman,0.2596796751022339,1
2023-9164_13.0,hard,2023,R16,cameron norrie,marc polmans,0.7992037534713745,1
2023-9164_14.0,hard,2023,R16,andy murray,aslan karatsev,0.6097121834754944,0
2023-9164_15.0,hard,2023,R16,cristian garin,jan-lennard struff,0.6116907000541687,0
2023-9164_16.0,hard,2023,R16,lloyd harris,yoshihito nishioka,0.44352832436561584,0
2023-9164_17.0,hard,2023,R16,dalibor svrcina,tomas martin etcheverry,0.38772115111351013,0
2023-9164_18.0,hard,2023,R16,alexandre muller,sebastian korda,0.2577306628227234,0
2023-9164_19.0,hard,2023,R16,kimmer coppejans,mackenzie mcdonald,0.13620403409004211,0
2023-9164_2.0,hard,2023,R32,aslan karatsev,matteo arnaldi,0.312923401594162,1
2023-9164_20.0,hard,2023,R16,alex bolt,karen khachanov,0.34239065647125244,0
2023-9164_21.0,hard,2023,QF,aslan karatsev,cameron norrie,0.3921312391757965,1
2023-9164_22.0,hard,2023,QF,jan-lennard struff,yoshihito nishioka,0.575006902217865,0
2023-9164_23.0,hard,2023,QF,sebastian korda,tomas martin etcheverry,0.5270103812217712,1
2023-9164_24.0,hard,2023,QF,karen khachanov,mackenzie mcdonald,0.6968809962272644,1
2023-9164_25.0,hard,2023,SF,aslan karatsev,yoshihito nishioka,0.4954228401184082,0
2023-9164_26.0,hard,2023,SF,karen khachanov,sebastian korda,0.5904603600502014,1
2023-9164_27.0,hard,2023,F,karen khachanov,yoshihito nishioka,0.7416754364967346,1
2023-9164_3.0,hard,2023,R32,andy murray,ye cong mo,0.9076860547065735,1
2023-9164_4.0,hard,2023,R32,cristian garin,yi zhou,0.8946852087974548,1
2023-9164_5.0,hard,2023,R32,jiri vesely,lloyd harris,0.482724130153656,0
2023-9164_6.0,hard,2023,R32,terence atmane,yoshihito nishioka,0.5487601161003113,0
2023-9164_7.0,hard,2023,R32,luke saville,tomas martin etcheverry,0.23834902048110962,0
2023-9164_8.0,hard,2023,R32,dalibor svrcina,zhe li,0.7756218314170837,1
2023-9164_9.0,hard,2023,R32,alexandre muller,rinky hijikata,0.43039560317993164,1
2023-9210_1.0,hard,2023,RR,andrey rublev,taylor fritz,0.46563920378685,0
2023-9210_2.0,hard,2023,RR,casper ruud,tommy paul,0.3313952088356018,1
2023-9210_3.0,hard,2023,RR,frances tiafoe,hubert hurkacz,0.5965043902397156,1
2023-9210_4.0,hard,2023,RR,felix auger-aliassime,gael monfils,0.4740985035896301,1
2023-9210_5.0,hard,2023,RR,alejandro davidovich fokina,francisco cerundolo,0.6038269996643066,0
2023-9210_6.0,hard,2023,RR,arthur fils,ben shelton,0.6049714088439941,0
2023-9410_1.0,hard,2023,R32,gregoire barrere,jurij rodionov,0.3906364142894745,0
2023-9410_10.0,hard,2023,R32,alexei popyrin,sebastian korda,0.20299895107746124,0
2023-9410_11.0,hard,2023,R32,mikhail kukushkin,nuno borges,0.3066405951976776,0
2023-9410_12.0,hard,2023,R32,roberto carballes baena,sho shimabukuro,0.44668087363243103,0
2023-9410_13.0,hard,2023,R16,jurij rodionov,sebastian baez,0.38377296924591064,1
2023-9410_14.0,hard,2023,R16,adrian mannarino,alibek kachmazov,0.8105154633522034,1
2023-9410_15.0,hard,2023,R16,alexander bublik,sebastian ofner,0.44338661432266235,0
2023-9410_16.0,hard,2023,R16,dominic thiem,marcos giron,0.5680315494537354,1
2023-9410_17.0,hard,2023,R16,alexander shevchenko,hamad medjedovic,0.5311446189880371,0
2023-9410_18.0,hard,2023,R16,egor gerasimov,jiri lehecka,0.151927649974823,0
2023-9410_19.0,hard,2023,R16,nuno borges,sebastian korda,0.22487057745456696,0
2023-9410_2.0,hard,2023,R32,alibek kachmazov,corentin moutet,0.36518430709838867,1
2023-9410_20.0,hard,2023,R16,sho shimabukuro,tallon griekspoor,0.2419244945049286,0
2023-9410_21.0,hard,2023,QF,adrian mannarino,jurij rodionov,0.7629449963569641,1
2023-9410_22.0,hard,2023,QF,dominic thiem,sebastian ofner,0.6748577952384949,0
2023-9410_23.0,hard,2023,QF,hamad medjedovic,jiri lehecka,0.22083958983421326,1
2023-9410_24.0,hard,2023,QF,sebastian korda,tallon griekspoor,0.7543869018554688,1
2023-9410_25.0,hard,2023,SF,adrian mannarino,sebastian ofner,0.7490029335021973,1
2023-9410_26.0,hard,2023,SF,hamad medjedovic,sebastian korda,0.21763578057289124,0
2023-9410_27.0,hard,2023,F,adrian mannarino,sebastian korda,0.4839854836463928,1
2023-9410_3.0,hard,2023,R32,adrian mannarino,arthur rinderknech,0.7493307590484619,1
2023-9410_4.0,hard,2023,R32,marton fucsovics,sebastian ofner,0.44079864025115967,0
2023-9410_5.0,hard,2023,R32,dominic thiem,juan pablo varillas,0.4652402997016907,1
2023-9410_6.0,hard,2023,R32,marcos giron,stan wawrinka,0.4609207212924957,1
2023-9410_7.0,hard,2023,R32,hamad medjedovic,laslo djere,0.19450664520263672,1
2023-9410_8.0,hard,2023,R32,alexander shevchenko,botic van de zandschulp,0.19051383435726166,1
2023-9410_9.0,hard,2023,R32,bernabe zapata miralles,egor gerasimov,0.7185273766517639,0
2023-9900_1.0,hard,2023,RR,borna gojo,federico coria,0.4975952208042145,1
2023-9900_10.0,hard,2023,RR,casper ruud,matteo berrettini,0.7052007913589478,0
2023-9900_11.0,hard,2023,RR,felipe meligeni alves,lorenzo musetti,0.23164525628089905,0
2023-9900_12.0,hard,2023,RR,matteo berrettini,thiago monteiro,0.8318818807601929,1
2023-9900_13.0,hard,2023,RR,daniel evans,jason kubler,0.46799159049987793,0
2023-9900_14.0,hard,2023,RR,alex de minaur,cameron norrie,0.32750096917152405,0
2023-9900_15.0,hard,2023,RR,albert ramos-vinolas,daniel evans,0.3352028429508209,0
2023-9900_16.0,hard,2023,RR,cameron norrie,rafael nadal,0.1318051964044571,1
2023-9900_17.0,hard,2023,RR,albert ramos-vinolas,jason kubler,0.7621493339538574,0
2023-9900_18.0,hard,2023,RR,alex de minaur,rafael nadal,0.23696288466453552,1
2023-9900_19.0,hard,2023,RR,dalibor svrcina,oscar otte,0.6212737560272217,0
2023-9900_2.0,hard,2023,RR,borna coric,francisco cerundolo,0.8481095433235168,1
2023-9900_20.0,hard,2023,RR,alexander zverev,jiri lehecka,0.7051191329956055,0
2023-9900_21.0,hard,2023,RR,frances tiafoe,tomas machac,0.8560724258422852,1
2023-9900_22.0,hard,2023,RR,jiri lehecka,taylor fritz,0.15762005746364594,0
2023-9900_23.0,hard,2023,RR,frances tiafoe,oscar otte,0.7983930706977844,1
2023-9900_24.0,hard,2023,RR,alexander zverev,taylor fritz,0.5455034375190735,0
2023-9900_25.0,hard,2023,RR,marc-andrea huesler,timofey skatov,0.7837312817573547,1
2023-9900_26.0,hard,2023,RR,alexander bublik,stan wawrinka,0.6784913539886475,0
2023-9900_27.0,hard,2023,RR,daniel michalski,timofey skatov,0.5186589956283569,0
2023-9900_28.0,hard,2023,RR,alexander bublik,hubert hurkacz,0.32987385988235474,0
2023-9900_29.0,hard,2023,RR,daniel michalski,marc-andrea huesler,0.24551497399806976,0
2023-9900_3.0,hard,2023,RR,adrian mannarino,federico coria,0.7655900120735168,1
2023-9900_30.0,hard,2023,RR,hubert hurkacz,stan wawrinka,0.7235385775566101,1
2023-9900_31.0,hard,2023,RR,dimitar kuzmanov,zizou bergs,0.5414885878562927,1
2023-9900_32.0,hard,2023,RR,david goffin,grigor dimitrov,0.232791468501091,0
2023-9900_33.0,hard,2023,RR,dimitar kuzmanov,michail pervolarakis,0.7728696465492249,1
2023-9900_34.0,hard,2023,RR,grigor dimitrov,stefanos tsitsipas,0.22877302765846252,0
2023-9900_35.0,hard,2023,RR,stefanos sakellaridis,zizou bergs,0.38024821877479553,1
2023-9900_36.0,hard,2023,RR,david goffin,stefanos tsitsipas,0.12112396210432053,0
2023-9900_37.0,hard,2023,RR,daniel evans,frances tiafoe,0.5951546430587769,0
2023-9900_38.0,hard,2023,RR,cameron norrie,taylor fritz,0.33467772603034973,1
2023-9900_39.0,hard,2023,RR,daniel michalski,lorenzo musetti,0.1770455241203308,0
2023-9900_4.0,hard,2023,RR,arthur rinderknech,francisco cerundolo,0.3405609428882599,1
2023-9900_40.0,hard,2023,RR,hubert hurkacz,matteo berrettini,0.49202418327331543,0
2023-9900_41.0,hard,2023,RR,borna gojo,stefanos sakellaridis,0.826431393623352,1
2023-9900_42.0,hard,2023,RR,borna coric,stefanos tsitsipas,0.7109403610229492,0
2023-9900_43.0,hard,2023,SF,lorenzo musetti,stefanos sakellaridis,0.9281522631645203,1
2023-9900_44.0,hard,2023,SF,matteo berrettini,stefanos tsitsipas,0.3634689152240753,0
2023-9900_45.0,hard,2023,SF,frances tiafoe,kacper zuk,0.8837085962295532,1
2023-9900_46.0,hard,2023,SF,hubert hurkacz,taylor fritz,0.41103705763816833,0
2023-9900_47.0,hard,2023,F,frances tiafoe,lorenzo musetti,0.6458804607391357,1
2023-9900_48.0,hard,2023,F,matteo berrettini,taylor fritz,0.5766125321388245,0
2023-9900_5.0,hard,2023,RR,adrian mannarino,borna gojo,0.800870418548584,0
2023-9900_6.0,hard,2023,RR,arthur rinderknech,borna coric,0.3358546495437622,0
2023-9900_7.0,hard,2023,RR,felipe meligeni alves,viktor durasovic,0.5687438249588013,1
2023-9900_8.0,hard,2023,RR,casper ruud,thiago monteiro,0.8993460536003113,1
2023-9900_9.0,hard,2023,RR,lorenzo musetti,viktor durasovic,0.667179524898529,1
2023-M-DC-2023-FLS-1-A-M-CAN-CHI-01_1.0,hard,2023,RR,alejandro tabilo,alexis galarneau,0.37350642681121826,0
2023-M-DC-2023-FLS-1-A-M-CAN-CHI-01_2.0,hard,2023,RR,gabriel diallo,nicolas jarry,0.2891874313354492,0
2023-M-DC-2023-FLS-1-A-M-CAN-ITA-01_1.0,hard,2023,RR,alexis galarneau,lorenzo sonego,0.16840119659900665,1
2023-M-DC-2023-FLS-1-A-M-CAN-ITA-01_2.0,hard,2023,RR,gabriel diallo,lorenzo musetti,0.13294576108455658,1
2023-M-DC-2023-FLS-1-A-M-CAN-SWE-01_1.0,hard,2023,RR,leo borg,vasek pospisil,0.5231318473815918,0
2023-M-DC-2023-FLS-1-A-M-CAN-SWE-01_2.0,hard,2023,RR,elias ymer,gabriel diallo,0.5276632308959961,0
2023-M-DC-2023-FLS-1-A-M-ITA-CHI-01_1.0,hard,2023,RR,cristian garin,matteo arnaldi,0.7129619121551514,0
2023-M-DC-2023-FLS-1-A-M-ITA-CHI-01_2.0,hard,2023,RR,lorenzo sonego,nicolas jarry,0.49957776069641113,1
2023-M-DC-2023-FLS-1-A-M-ITA-SWE-01_1.0,hard,2023,RR,leo borg,matteo arnaldi,0.19102396070957184,0
2023-M-DC-2023-FLS-1-A-M-ITA-SWE-01_2.0,hard,2023,RR,elias ymer,lorenzo sonego,0.24470874667167664,0
2023-M-DC-2023-FLS-1-A-M-SWE-CHI-01_1.0,hard,2023,RR,cristian garin,leo borg,0.8063416481018066,1
2023-M-DC-2023-FLS-1-A-M-SWE-CHI-01_2.0,hard,2023,RR,elias ymer,nicolas jarry,0.3083743155002594,0
2023-M-DC-2023-FLS-2-B-M-AUS-FRA-01_1.0,hard,2023,RR,adrian mannarino,max purcell,0.7919359803199768,1
2023-M-DC-2023-FLS-2-B-M-AUS-FRA-01_2.0,hard,2023,RR,alex de minaur,ugo humbert,0.7047308087348938,1
2023-M-DC-2023-FLS-2-B-M-AUS-GBR-01_1.0,hard,2023,RR,jack draper,thanasi kokkinakis,0.613989531993866,1
2023-M-DC-2023-FLS-2-B-M-AUS-GBR-01_2.0,hard,2023,RR,alex de minaur,daniel evans,0.7245688438415527,0
2023-M-DC-2023-FLS-2-B-M-AUS-SUI-01_1.0,hard,2023,RR,dominic stricker,thanasi kokkinakis,0.499381959438324,0
2023-M-DC-2023-FLS-2-B-M-AUS-SUI-01_2.0,hard,2023,RR,alex de minaur,marc-andrea huesler,0.8909915685653687,1
2023-M-DC-2023-FLS-2-B-M-FRA-SUI-01_1.0,hard,2023,RR,adrian mannarino,dominic stricker,0.6111240386962891,1
2023-M-DC-2023-FLS-2-B-M-FRA-SUI-01_2.0,hard,2023,RR,stan wawrinka,ugo humbert,0.5873842239379883,0
2023-M-DC-2023-FLS-2-B-M-GBR-FRA-01_1.0,hard,2023,RR,arthur fils,daniel evans,0.23767292499542236,0
2023-M-DC-2023-FLS-2-B-M-GBR-FRA-01_2.0,hard,2023,RR,cameron norrie,ugo humbert,0.5710334777832031,0
2023-M-DC-2023-FLS-2-B-M-GBR-SUI-01_1.0,hard,2023,RR,andy murray,leandro riedi,0.8398798108100891,1
2023-M-DC-2023-FLS-2-B-M-GBR-SUI-01_2.0,hard,2023,RR,cameron norrie,stan wawrinka,0.26971563696861267,0
2023-M-DC-2023-FLS-3-C-M-CZE-KOR-01_1.0,hard,2023,RR,seongchan hong,tomas machac,0.29728105664253235,0
2023-M-DC-2023-FLS-3-C-M-CZE-KOR-01_2.0,hard,2023,RR,jiri lehecka,soonwoo kwon,0.7054696679115295,1
2023-M-DC-2023-FLS-3-C-M-ESP-CZE-01_1.0,hard,2023,RR,bernabe zapata miralles,tomas machac,0.5330401659011841,0
2023-M-DC-2023-FLS-3-C-M-ESP-CZE-01_2.0,hard,2023,RR,alejandro davidovich fokina,jiri lehecka,0.5727301239967346,0
2023-M-DC-2023-FLS-3-C-M-ESP-KOR-01_1.0,hard,2023,RR,bernabe zapata miralles,seongchan hong,0.5529645681381226,1
2023-M-DC-2023-FLS-3-C-M-ESP-KOR-01_2.0,hard,2023,RR,alejandro davidovich fokina,soonwoo kwon,0.7090504765510559,1
2023-M-DC-2023-FLS-3-C-M-ESP-SRB-01_1.0,hard,2023,RR,albert ramos-vinolas,laslo djere,0.15869279205799103,0
2023-M-DC-2023-FLS-3-C-M-ESP-SRB-01_2.0,hard,2023,RR,alejandro davidovich fokina,novak djokovic,0.09260593354701996,0
2023-M-DC-2023-FLS-3-C-M-SRB-CZE-01_1.0,hard,2023,RR,dusan lajovic,jakub mensik,0.7621368169784546,0
2023-M-DC-2023-FLS-3-C-M-SRB-CZE-01_2.0,hard,2023,RR,jiri lehecka,laslo djere,0.5342594385147095,1
2023-M-DC-2023-FLS-3-C-M-SRB-KOR-01_1.0,hard,2023,RR,dusan lajovic,seongchan hong,0.7950630784034729,1
2023-M-DC-2023-FLS-3-C-M-SRB-KOR-01_2.0,hard,2023,RR,laslo djere,soonwoo kwon,0.5541319847106934,1
2023-M-DC-2023-FLS-4-D-M-CRO-FIN-01_1.0,hard,2023,RR,dino prizmic,otto virtanen,0.553024411201477,0
2023-M-DC-2023-FLS-4-D-M-CRO-FIN-01_2.0,hard,2023,RR,borna gojo,emil ruusuvuori,0.49148300290107727,0
2023-M-DC-2023-FLS-4-D-M-CRO-NED-01_1.0,hard,2023,RR,botic van de zandschulp,duje ajdukovic,0.8156235814094543,1
2023-M-DC-2023-FLS-4-D-M-CRO-NED-01_2.0,hard,2023,RR,borna gojo,tallon griekspoor,0.38726410269737244,1
2023-M-DC-2023-FLS-4-D-M-CRO-USA-01_1.0,hard,2023,RR,dino prizmic,mackenzie mcdonald,0.1581406593322754,0
2023-M-DC-2023-FLS-4-D-M-CRO-USA-01_2.0,hard,2023,RR,borna gojo,frances tiafoe,0.2656116485595703,1
2023-M-DC-2023-FLS-4-D-M-NED-FIN-01_1.0,hard,2023,RR,botic van de zandschulp,otto virtanen,0.7271695137023926,0
2023-M-DC-2023-FLS-4-D-M-NED-FIN-01_2.0,hard,2023,RR,emil ruusuvuori,tallon griekspoor,0.320552259683609,0
2023-M-DC-2023-FLS-4-D-M-NED-USA-01_1.0,hard,2023,RR,botic van de zandschulp,tommy paul,0.40809109807014465,1
2023-M-DC-2023-FLS-4-D-M-NED-USA-01_2.0,hard,2023,RR,frances tiafoe,tallon griekspoor,0.6382326483726501,0
2023-M-DC-2023-FLS-4-D-M-USA-FIN-01_1.0,hard,2023,RR,mackenzie mcdonald,otto virtanen,0.7421196699142456,0
2023-M-DC-2023-FLS-4-D-M-USA-FIN-01_2.0,hard,2023,RR,emil ruusuvuori,tommy paul,0.3297747075557709,1
2023-M-DC-2023-FLS-M-AUS-ITA-01_1.0,hard,2023,RR,alexei popyrin,matteo arnaldi,0.5410798192024231,0
2023-M-DC-2023-FLS-M-AUS-ITA-01_2.0,hard,2023,RR,alex de minaur,jannik sinner,0.18085433542728424,0
2023-M-DC-2023-FLS-M-CAN-FIN-01_1.0,hard,2023,RR,milos raonic,patrick kaukovalta,0.6746373176574707,1
2023-M-DC-2023-FLS-M-CAN-FIN-01_2.0,hard,2023,RR,gabriel diallo,otto virtanen,0.4966040849685669,0
2023-M-DC-2023-FLS-M-CZE-AUS-01_1.0,hard,2023,RR,jordan thompson,tomas machac,0.7334004640579224,0
2023-M-DC-2023-FLS-M-CZE-AUS-01_2.0,hard,2023,RR,alex de minaur,jiri lehecka,0.7279292345046997,1
2023-M-DC-2023-FLS-M-FIN-AUS-01_1.0,hard,2023,RR,alexei popyrin,otto virtanen,0.4080340564250946,1
2023-M-DC-2023-FLS-M-FIN-AUS-01_2.0,hard,2023,RR,alex de minaur,emil ruusuvuori,0.7872936129570007,1
2023-M-DC-2023-FLS-M-ITA-NED-01_1.0,hard,2023,RR,botic van de zandschulp,matteo arnaldi,0.7171313762664795,1
2023-M-DC-2023-FLS-M-ITA-NED-01_2.0,hard,2023,RR,jannik sinner,tallon griekspoor,0.8718231916427612,1
2023-M-DC-2023-FLS-M-ITA-SRB-01_1.0,hard,2023,RR,lorenzo musetti,miomir kecmanovic,0.35679176449775696,0
2023-M-DC-2023-FLS-M-ITA-SRB-01_2.0,hard,2023,RR,jannik sinner,novak djokovic,0.2372480183839798,1
2023-M-DC-2023-FLS-M-SRB-GBR-01_1.0,hard,2023,RR,jack draper,miomir kecmanovic,0.6798532605171204,0
2023-M-DC-2023-FLS-M-SRB-GBR-01_2.0,hard,2023,RR,cameron norrie,novak djokovic,0.017677193507552147,0
2023-M-DC-2023-QLS-M-ARG-FIN-01_1.0,hard,2023,RR,emil ruusuvuori,pedro cachin,0.6938533782958984,1
2023-M-DC-2023-QLS-M-ARG-FIN-01_2.0,hard,2023,RR,francisco cerundolo,otto virtanen,0.7949773073196411,1
2023-M-DC-2023-QLS-M-ARG-FIN-01_3.0,hard,2023,RR,emil ruusuvuori,facundo bagnis,0.8267561793327332,1
2023-M-DC-2023-QLS-M-BEL-KOR-01_1.0,hard,2023,RR,soonwoo kwon,zizou bergs,0.7785632610321045,0
2023-M-DC-2023-QLS-M-BEL-KOR-01_2.0,hard,2023,RR,david goffin,seongchan hong,0.8072410821914673,1
2023-M-DC-2023-QLS-M-BEL-KOR-01_3.0,hard,2023,RR,david goffin,soonwoo kwon,0.49248722195625305,0
2023-M-DC-2023-QLS-M-BEL-KOR-01_4.0,hard,2023,RR,seongchan hong,zizou bergs,0.5019662380218506,1
2023-M-DC-2023-QLS-M-CRO-AUT-01_1.0,hard,2023,RR,borna coric,dennis novak,0.8868972063064575,1
2023-M-DC-2023-QLS-M-CRO-AUT-01_2.0,hard,2023,RR,borna gojo,dominic thiem,0.1482570469379425,1
2023-M-DC-2023-QLS-M-CRO-AUT-01_3.0,hard,2023,RR,borna coric,dominic thiem,0.5933453440666199,1
2023-M-DC-2023-QLS-M-FRA-HUN-01_1.0,hard,2023,RR,benjamin bonzi,zsombor piros,0.7224507927894592,0
2023-M-DC-2023-QLS-M-FRA-HUN-01_2.0,hard,2023,RR,marton fucsovics,ugo humbert,0.5586113333702087,0
2023-M-DC-2023-QLS-M-FRA-HUN-01_3.0,hard,2023,RR,adrian mannarino,marton fucsovics,0.32435891032218933,1
2023-M-DC-2023-QLS-M-FRA-HUN-01_4.0,hard,2023,RR,fabian marozsan,ugo humbert,0.21326079964637756,0
2023-M-DC-2023-QLS-M-GER-SUI-01_1.0,hard,2023,RR,marc-andrea huesler,oscar otte,0.6216879487037659,1
2023-M-DC-2023-QLS-M-GER-SUI-01_2.0,hard,2023,RR,alexander zverev,stan wawrinka,0.8073962330818176,1
2023-M-DC-2023-QLS-M-GER-SUI-01_3.0,hard,2023,RR,alexander zverev,marc-andrea huesler,0.7923405766487122,0
2023-M-DC-2023-QLS-M-GER-SUI-01_4.0,hard,2023,RR,daniel altmaier,stan wawrinka,0.12309198081493378,0
2023-M-DC-2023-QLS-M-NED-SVK-01_1.0,hard,2023,RR,lukas klein,tallon griekspoor,0.21866586804389954,0
2023-M-DC-2023-QLS-M-NED-SVK-01_2.0,hard,2023,RR,alex molcan,tim van rijthoven,0.743377685546875,0
2023-M-DC-2023-QLS-M-NED-SVK-01_3.0,hard,2023,RR,jozef kovalik,matwe middelkoop,0.8922165036201477,0
2023-M-DC-2023-QLS-M-SRB-NOR-01_1.0,hard,2023,RR,andreja petrovic,miomir kecmanovic,0.06587205082178116,0
2023-M-DC-2023-QLS-M-SRB-NOR-01_2.0,hard,2023,RR,laslo djere,viktor durasovic,0.8292368650436401,1
2023-M-DC-2023-QLS-M-SRB-NOR-01_3.0,hard,2023,RR,hamad medjedovic,viktor durasovic,0.3803340494632721,1
2023-M-DC-2023-QLS-M-SWE-BIH-01_1.0,hard,2023,RR,mikael ymer,mirza basic,0.8266951441764832,1
2023-M-DC-2023-QLS-M-SWE-BIH-01_2.0,hard,2023,RR,damir dzumhur,elias ymer,0.3129187822341919,0
2023-M-DC-2023-QLS-M-SWE-BIH-01_3.0,hard,2023,RR,damir dzumhur,mikael ymer,0.24249622225761414,0
2023-M-DC-2023-QLS-M-USA-UZB-01_1.0,hard,2023,RR,mackenzie mcdonald,sergey fomin,0.8392022252082825,1
2023-M-DC-2023-QLS-M-USA-UZB-01_2.0,hard,2023,RR,khumoyun sultanov,tommy paul,0.08843474835157394,0
2023-M-DC-2023-QLS-M-USA-UZB-01_3.0,hard,2023,RR,amir milushev,denis kudla,0.12295778095722198,0
2023-M-DC-2023-WG1-M-AUT-POR-01_1.0,hard,2023,RR,jurij rodionov,nuno borges,0.343138188123703,0
2023-M-DC-2023-WG1-M-AUT-POR-01_2.0,hard,2023,RR,joao sousa,sebastian ofner,0.27862411737442017,1
2023-M-DC-2023-WG1-M-AUT-POR-01_3.0,hard,2023,RR,dennis novak,nuno borges,0.2815782129764557,0
2023-M-DC-2023-WG1-M-DEN-BRA-01_1.0,hard,2023,RR,holger rune,thiago monteiro,0.9033839106559753,0
2023-M-DC-2023-WG1-M-DEN-BRA-01_2.0,hard,2023,RR,august holmgren,thiago seyboth wild,0.27964797616004944,0
2023-M-DC-2023-WG1-M-DEN-BRA-01_3.0,hard,2023,RR,elmer moller,marcelo demoliner,0.8579663634300232,1
2023-M-DC-2023-WG1-M-GRE-SVK-01_1.0,hard,2023,RR,alex molcan,alexandros skorilas,0.8723769187927246,1
2023-M-DC-2023-WG1-M-GRE-SVK-01_2.0,hard,2023,RR,lukas klein,stefanos tsitsipas,0.06851725280284882,0
2023-M-DC-2023-WG1-M-GRE-SVK-01_3.0,hard,2023,RR,alex molcan,stefanos tsitsipas,0.19555838406085968,1
2023-M-DC-2023-WG1-M-ISR-JPN-01_1.0,hard,2023,RR,sho shimabukuro,yshai oliel,0.7308508157730103,1
2023-M-DC-2023-WG1-M-ISR-JPN-01_2.0,hard,2023,RR,daniel cukierman,shintaro mochizuki,0.32412707805633545,1
2023-M-DC-2023-WG1-M-ISR-JPN-01_3.0,hard,2023,RR,daniel cukierman,sho shimabukuro,0.37418365478515625,1
2023-M-DC-2023-WG1-M-ISR-JPN-01_4.0,hard,2023,RR,shintaro mochizuki,yshai oliel,0.5764203667640686,0
2023-M-DC-2023-WG1-M-UKR-COL-01_1.0,hard,2023,RR,nicolas mejia,oleksii krutykh,0.33734074234962463,0
2023-M-DC-2023-WG1-M-UKR-COL-01_2.0,hard,2023,RR,daniel elahi galan,vladyslav orlov,0.7566997408866882,1
2023-M-DC-2023-WG1-M-UKR-COL-01_3.0,hard,2023,RR,daniel elahi galan,oleksii krutykh,0.6475164294242859,0
2023-M-DC-2023-WG1-M-UKR-COL-01_4.0,hard,2023,RR,nicolas mejia,vladyslav orlov,0.5127431154251099,0
2023-M-DC-2023-WG1-PO-GRE-ECU-01_1.0,hard,2023,RR,alvaro guillen meza,stefanos tsitsipas,0.08647868782281876,0
2023-M-DC-2023-WG1-PO-GRE-ECU-01_2.0,hard,2023,RR,andres andrade,aristotelis thanos,0.8502116799354553,0
2023-M-DC-2023-WG1-PO-GRE-ECU-01_3.0,hard,2023,RR,andres andrade,stefanos tsitsipas,0.05044519528746605,0
2023-M-DC-2023-WG1-PO-IND-DEN-01_1.0,hard,2023,RR,holger rune,yuki bhambri,0.9438182711601257,1
2023-M-DC-2023-WG1-PO-IND-DEN-01_2.0,hard,2023,RR,august holmgren,sumit nagal,0.35696882009506226,0
2023-M-DC-2023-WG1-PO-IND-DEN-01_3.0,hard,2023,RR,holger rune,sumit nagal,0.9325494170188904,1
2023-M-DC-2023-WG1-PO-IND-DEN-01_4.0,hard,2023,RR,elmer moller,prajnesh gunneswaran,0.5222071409225464,0
2023-M-DC-2023-WG2-M-HKG-LAT-01_1.0,hard,2023,RR,hong kit wong,robert strombachs,0.11076589673757553,0
2023-M-DC-2023-WG2-M-HKG-LAT-01_2.0,hard,2023,RR,coleman wong,martins rocens,0.847733736038208,1
2023-M-DC-2023-WG2-M-HKG-LAT-01_3.0,hard,2023,RR,coleman wong,robert strombachs,0.47779273986816406,0
2023-M-DC-2023-WG2-M-HKG-LAT-01_4.0,hard,2023,RR,daniels tens,ki lung ng,0.6193215847015381,0
2023-M-DC-2023-WG2-M-IND-MAR-01_1.0,hard,2023,RR,mukund sasikumar,yassine dlimi,0.41113653779029846,0
2023-M-DC-2023-WG2-M-IND-MAR-01_2.0,hard,2023,RR,adam moundir,sumit nagal,0.3594345450401306,0
2023-M-DC-2023-WG2-M-IND-MAR-01_3.0,hard,2023,RR,sumit nagal,yassine dlimi,0.714164137840271,1
2023-M-DC-2023-WG2-M-IND-MAR-01_4.0,hard,2023,RR,digvijaypratap singh,walid ahouda,0.7469346523284912,1
2024-1536_1.0,clay,2024,R128,alexander shevchenko,arthur rinderknech,0.6578200459480286,1
2024-1536_10.0,clay,2024,R128,denis shapovalov,facundo diaz acosta,0.4651124179363251,1
2024-1536_11.0,clay,2024,R128,aslan karatsev,fabian marozsan,0.3105999827384949,0
2024-1536_12.0,clay,2024,R128,lukas klein,pablo llamas ruiz,0.32412251830101013,1
2024-1536_13.0,clay,2024,R128,gael monfils,luciano darderi,0.3721088171005249,0
2024-1536_14.0,clay,2024,R128,luca van assche,zizou bergs,0.6966819167137146,1
2024-1536_15.0,clay,2024,R128,daniel altmaier,martin landaluce,0.46303698420524597,1
2024-1536_16.0,clay,2024,R128,jack draper,thanasi kokkinakis,0.6341663599014282,1
2024-1536_17.0,clay,2024,R128,dusan lajovic,thiago monteiro,0.3548455834388733,0
2024-1536_18.0,clay,2024,R128,aleksandar kovacevic,hamad medjedovic,0.32961469888687134,0
2024-1536_19.0,clay,2024,R128,pedro cachin,sebastian ofner,0.4480907618999481,1
2024-1536_2.0,clay,2024,R128,roman safiullin,thiago seyboth wild,0.5194051861763,0
2024-1536_20.0,clay,2024,R128,darwin blanch,rafael nadal,0.07489603012800217,0
2024-1536_21.0,clay,2024,R128,emil ruusuvuori,tomas machac,0.31192490458488464,0
2024-1536_22.0,clay,2024,R128,dominik koepfer,roberto carballes baena,0.4511772692203522,0
2024-1536_23.0,clay,2024,R128,marcos giron,max purcell,0.38751718401908875,0
2024-1536_24.0,clay,2024,R128,christopher o'connell,matteo arnaldi,0.2678596079349518,0
2024-1536_25.0,clay,2024,R128,miomir kecmanovic,zhizhen zhang,0.5671237111091614,1
2024-1536_26.0,clay,2024,R128,alex michelsen,joao fonseca,0.5250086784362793,0
2024-1536_27.0,clay,2024,R128,felix auger-aliassime,yoshihito nishioka,0.6521278619766235,1
2024-1536_28.0,clay,2024,R128,jakub mensik,yannick hanfmann,0.35631224513053894,1
2024-1536_29.0,clay,2024,R128,daniel elahi galan,roberto bautista agut,0.477975994348526,0
2024-1536_3.0,clay,2024,R128,jaume munar,nuno borges,0.4821450114250183,1
2024-1536_30.0,clay,2024,R128,alejandro tabilo,flavio cobolli,0.595856785774231,0
2024-1536_31.0,clay,2024,R128,albert ramos-vinolas,pavel kotov,0.34601208567619324,0
2024-1536_32.0,clay,2024,R128,lorenzo sonego,richard gasquet,0.7550302743911743,1
2024-1536_33.0,clay,2024,R64,alexander shevchenko,carlos alcaraz,0.14985746145248413,0
2024-1536_34.0,clay,2024,R64,lorenzo musetti,thiago seyboth wild,0.6020783185958862,0
2024-1536_35.0,clay,2024,R64,jan-lennard struff,jaume munar,0.5080469250679016,1
2024-1536_36.0,clay,2024,R64,botic van de zandschulp,ugo humbert,0.5362817645072937,0
2024-1536_37.0,clay,2024,R64,holger rune,mariano navone,0.6738755106925964,1
2024-1536_38.0,clay,2024,R64,tallon griekspoor,taro daniel,0.5552448034286499,1
2024-1536_39.0,clay,2024,R64,alejandro davidovich fokina,juncheng shang,0.43409985303878784,1
2024-1536_4.0,clay,2024,R128,botic van de zandschulp,christopher eubanks,0.7408207058906555,1
2024-1536_40.0,clay,2024,R64,andrey rublev,facundo bagnis,0.8375837206840515,1
2024-1536_41.0,clay,2024,R64,alexander zverev,borna coric,0.7433133125305176,1
2024-1536_42.0,clay,2024,R64,denis shapovalov,tomas martin etcheverry,0.4706295430660248,1
2024-1536_43.0,clay,2024,R64,fabian marozsan,francisco cerundolo,0.5427205562591553,0
2024-1536_44.0,clay,2024,R64,lukas klein,tommy paul,0.46018069982528687,0
2024-1536_45.0,clay,2024,R64,luciano darderi,taylor fritz,0.4323117434978485,0
2024-1536_46.0,clay,2024,R64,luca van assche,sebastian baez,0.3461722731590271,0
2024-1536_47.0,clay,2024,R64,arthur fils,daniel altmaier,0.5730838179588318,0
2024-1536_48.0,clay,2024,R64,hubert hurkacz,jack draper,0.4097820222377777,1
2024-1536_49.0,clay,2024,R64,stefanos tsitsipas,thiago monteiro,0.9554333686828613,0
2024-1536_5.0,clay,2024,R128,alexei popyrin,mariano navone,0.45903638005256653,0
2024-1536_50.0,clay,2024,R64,hamad medjedovic,jiri lehecka,0.2521904408931732,0
2024-1536_51.0,clay,2024,R64,frances tiafoe,pedro cachin,0.59782874584198,0
2024-1536_52.0,clay,2024,R64,alex de minaur,rafael nadal,0.4899631440639496,0
2024-1536_53.0,clay,2024,R64,ben shelton,tomas machac,0.4193061292171478,1
2024-1536_54.0,clay,2024,R64,alexander bublik,roberto carballes baena,0.3696090579032898,1
2024-1536_55.0,clay,2024,R64,max purcell,sebastian korda,0.20634081959724426,0
2024-1536_56.0,clay,2024,R64,daniil medvedev,matteo arnaldi,0.7061794996261597,1
2024-1536_57.0,clay,2024,R64,casper ruud,miomir kecmanovic,0.7784072160720825,1
2024-1536_58.0,clay,2024,R64,cameron norrie,joao fonseca,0.5362740159034729,1
2024-1536_59.0,clay,2024,R64,adrian mannarino,felix auger-aliassime,0.16566844284534454,0
2024-1536_6.0,clay,2024,R128,aleksandar vukic,taro daniel,0.41674429178237915,0
2024-1536_60.0,clay,2024,R64,grigor dimitrov,jakub mensik,0.43607401847839355,0
2024-1536_61.0,clay,2024,R64,karen khachanov,roberto bautista agut,0.6626784205436707,1
2024-1536_62.0,clay,2024,R64,flavio cobolli,nicolas jarry,0.4124803841114044,1
2024-1536_63.0,clay,2024,R64,jordan thompson,pavel kotov,0.3080025613307953,0
2024-1536_64.0,clay,2024,R64,jannik sinner,lorenzo sonego,0.8964254856109619,1
2024-1536_65.0,clay,2024,R32,carlos alcaraz,thiago seyboth wild,0.9202527403831482,1
2024-1536_66.0,clay,2024,R32,jan-lennard struff,ugo humbert,0.6870211958885193,1
2024-1536_67.0,clay,2024,R32,holger rune,tallon griekspoor,0.7644523978233337,0
2024-1536_68.0,clay,2024,R32,alejandro davidovich fokina,andrey rublev,0.283467561006546,0
2024-1536_69.0,clay,2024,R32,alexander zverev,denis shapovalov,0.7683257460594177,1
2024-1536_7.0,clay,2024,R128,corentin moutet,juncheng shang,0.34906864166259766,0
2024-1536_70.0,clay,2024,R32,francisco cerundolo,tommy paul,0.621443510055542,1
2024-1536_71.0,clay,2024,R32,sebastian baez,taylor fritz,0.5683759450912476,0
2024-1536_72.0,clay,2024,R32,daniel altmaier,hubert hurkacz,0.2761344313621521,0
2024-1536_73.0,clay,2024,R32,jiri lehecka,thiago monteiro,0.5842227935791016,1
2024-1536_74.0,clay,2024,R32,pedro cachin,rafael nadal,0.3398683965206146,0
2024-1536_75.0,clay,2024,R32,alexander bublik,ben shelton,0.5466340780258179,1
2024-1536_76.0,clay,2024,R32,daniil medvedev,sebastian korda,0.6387444734573364,1
2024-1536_77.0,clay,2024,R32,cameron norrie,casper ruud,0.17431195080280304,0
2024-1536_78.0,clay,2024,R32,felix auger-aliassime,jakub mensik,0.536953330039978,1
2024-1536_79.0,clay,2024,R32,flavio cobolli,karen khachanov,0.24306754767894745,0
2024-1536_8.0,clay,2024,R128,brandon nakashima,facundo bagnis,0.7852675318717957,0
2024-1536_80.0,clay,2024,R32,jannik sinner,pavel kotov,0.9125918745994568,1
2024-1536_81.0,clay,2024,R16,carlos alcaraz,jan-lennard struff,0.8318939805030823,1
2024-1536_82.0,clay,2024,R16,andrey rublev,tallon griekspoor,0.7141839861869812,1
2024-1536_83.0,clay,2024,R16,alexander zverev,francisco cerundolo,0.7528447508811951,0
2024-1536_84.0,clay,2024,R16,hubert hurkacz,taylor fritz,0.4122704565525055,0
2024-1536_85.0,clay,2024,R16,jiri lehecka,rafael nadal,0.5112678408622742,1
2024-1536_86.0,clay,2024,R16,alexander bublik,daniil medvedev,0.2001907378435135,0
2024-1536_87.0,clay,2024,R16,casper ruud,felix auger-aliassime,0.6559827923774719,0
2024-1536_88.0,clay,2024,R16,jannik sinner,karen khachanov,0.7860032320022583,1
2024-1536_89.0,clay,2024,QF,andrey rublev,carlos alcaraz,0.24387389421463013,1
2024-1536_9.0,clay,2024,R128,benjamin hassan,borna coric,0.21250683069229126,0
2024-1536_90.0,clay,2024,QF,francisco cerundolo,taylor fritz,0.4472725987434387,0
2024-1536_91.0,clay,2024,QF,daniil medvedev,jiri lehecka,0.6663747429847717,0
2024-1536_92.0,clay,2024,QF,felix auger-aliassime,jannik sinner,0.1734895259141922,1
2024-1536_93.0,clay,2024,SF,andrey rublev,taylor fritz,0.5567309260368347,1
2024-1536_94.0,clay,2024,SF,felix auger-aliassime,jiri lehecka,0.47463250160217285,1
2024-1536_95.0,clay,2024,F,andrey rublev,felix auger-aliassime,0.6524296998977661,1
2024-308_1.0,clay,2024,R32,camilo ugo carabelli,daniel elahi galan,0.35062479972839355,0
2024-308_10.0,clay,2024,R32,cristian garin,dominik koepfer,0.7022331357002258,1
2024-308_11.0,clay,2024,R32,alex michelsen,max hans rehberg,0.7811979055404663,1
2024-308_12.0,clay,2024,R32,aleksandar vukic,jurij rodionov,0.538110077381134,0
2024-308_13.0,clay,2024,R16,daniel elahi galan,holger rune,0.1169065535068512,0
2024-308_14.0,clay,2024,R16,marc-andrea huesler,yannick hanfmann,0.3044417202472687,1
2024-308_15.0,clay,2024,R16,botic van de zandschulp,jan-lennard struff,0.5029309391975403,0
2024-308_16.0,clay,2024,R16,felix auger-aliassime,taro daniel,0.7371967434883118,1
2024-308_17.0,clay,2024,R16,jack draper,rudolf molleker,0.7880019545555115,1
2024-308_18.0,clay,2024,R16,alejandro moro canas,taylor fritz,0.2350444793701172,0
2024-308_19.0,clay,2024,R16,alex michelsen,cristian garin,0.5305598974227905,0
2024-308_2.0,clay,2024,R32,marc-andrea huesler,marko topo,0.6556586027145386,1
2024-308_20.0,clay,2024,R16,alexander zverev,jurij rodionov,0.8940048217773438,1
2024-308_21.0,clay,2024,QF,holger rune,marc-andrea huesler,0.889458417892456,1
2024-308_22.0,clay,2024,QF,felix auger-aliassime,jan-lennard struff,0.5073963403701782,0
2024-308_23.0,clay,2024,QF,jack draper,taylor fritz,0.34907346963882446,0
2024-308_24.0,clay,2024,QF,alexander zverev,cristian garin,0.8269410133361816,0
2024-308_25.0,clay,2024,SF,holger rune,jan-lennard struff,0.7398773431777954,0
2024-308_26.0,clay,2024,SF,cristian garin,taylor fritz,0.3871883749961853,0
2024-308_27.0,clay,2024,F,jan-lennard struff,taylor fritz,0.5127185583114624,1
2024-308_3.0,clay,2024,R32,alexander shevchenko,yannick hanfmann,0.5337053537368774,0
2024-308_4.0,clay,2024,R32,botic van de zandschulp,ivan gakhov,0.743630051612854,1
2024-308_5.0,clay,2024,R32,christopher o'connell,taro daniel,0.6837425231933594,0
2024-308_6.0,clay,2024,R32,felix auger-aliassime,maximilian marterer,0.8145941495895386,1
2024-308_7.0,clay,2024,R32,jack draper,vit kopriva,0.7681938409805298,1
2024-308_8.0,clay,2024,R32,francesco passaro,rudolf molleker,0.3128125071525574,0
2024-308_9.0,clay,2024,R32,alejandro moro canas,dominic thiem,0.43177342414855957,1
2024-314_1.0,clay,2024,R32,gregoire barrere,leandro riedi,0.6674556136131287,0
2024-314_10.0,clay,2024,R32,matteo berrettini,pedro cachin,0.8860889673233032,1
2024-314_11.0,clay,2024,R32,botic van de zandschulp,dominic stricker,0.5130637288093567,1
2024-314_12.0,clay,2024,R32,lukas klein,stan wawrinka,0.6082867980003357,1
2024-314_13.0,clay,2024,R16,fabio fognini,juan pablo varillas,0.7003476023674011,1
2024-314_14.0,clay,2024,R16,botic van de zandschulp,tomas martin etcheverry,0.32859867811203003,0
2024-314_15.0,clay,2024,R16,hamad medjedovic,stefanos tsitsipas,0.15567265450954437,0
2024-314_16.0,clay,2024,R16,jan-lennard struff,leandro riedi,0.7410001754760742,1
2024-314_17.0,clay,2024,R16,lukas klein,quentin halys,0.3530466556549072,0
2024-314_18.0,clay,2024,R16,gustavo heide,ugo humbert,0.4051715135574341,1
2024-314_19.0,clay,2024,R16,daniel elahi galan,matteo berrettini,0.21191872656345367,0
2024-314_2.0,clay,2024,R32,albert ramos-vinolas,jan-lennard struff,0.11853577941656113,0
2024-314_20.0,clay,2024,R16,felix auger-aliassime,yannick hanfmann,0.7892599105834961,1
2024-314_21.0,clay,2024,QF,gustavo heide,quentin halys,0.4834555387496948,0
2024-314_22.0,clay,2024,QF,jan-lennard struff,tomas martin etcheverry,0.7060688734054565,1
2024-314_23.0,clay,2024,QF,fabio fognini,stefanos tsitsipas,0.0986151471734047,0
2024-314_24.0,clay,2024,QF,felix auger-aliassime,matteo berrettini,0.37976542115211487,0
2024-314_25.0,clay,2024,SF,jan-lennard struff,quentin halys,0.7094833254814148,0
2024-314_26.0,clay,2024,SF,matteo berrettini,stefanos tsitsipas,0.3088536560535431,1
2024-314_27.0,clay,2024,F,matteo berrettini,quentin halys,0.7696773409843445,1
2024-314_3.0,clay,2024,R32,fabio fognini,titouan droguet,0.7241579294204712,1
2024-314_4.0,clay,2024,R32,dominic thiem,juan pablo varillas,0.3752669095993042,0
2024-314_5.0,clay,2024,R32,daniel elahi galan,vit kopriva,0.42461511492729187,1
2024-314_6.0,clay,2024,R32,nicolas moreno de alboran,yannick hanfmann,0.34340864419937134,0
2024-314_7.0,clay,2024,R32,quentin halys,richard gasquet,0.7323294878005981,1
2024-314_8.0,clay,2024,R32,hamad medjedovic,marc-andrea huesler,0.7233854532241821,1
2024-314_9.0,clay,2024,R32,gustavo heide,stefano napolitano,0.3793310821056366,1
2024-316_1.0,clay,2024,R32,cristian garin,pavel kotov,0.4598556160926819,0
2024-316_10.0,clay,2024,R32,camilo ugo carabelli,henrique rocha,0.6434998512268066,0
2024-316_11.0,clay,2024,R32,leo borg,rafael nadal,0.10945393890142441,0
2024-316_12.0,clay,2024,R32,andrea pellegrino,nuno borges,0.259829044342041,0
2024-316_13.0,clay,2024,R16,casper ruud,thiago monteiro,0.8468177914619446,0
2024-316_14.0,clay,2024,R16,denis yevseyev,roberto carballes baena,0.4112550616264343,0
2024-316_15.0,clay,2024,R16,duje ajdukovic,pavel kotov,0.18017764389514923,1
2024-316_16.0,clay,2024,R16,andrey rublev,thiago agustin tirante,0.6455129981040955,0
2024-316_17.0,clay,2024,R16,mariano navone,sumit nagal,0.40600720047950745,1
2024-316_18.0,clay,2024,R16,tallon griekspoor,timofey skatov,0.6987835168838501,0
2024-316_19.0,clay,2024,R16,cameron norrie,rafael nadal,0.4323042929172516,0
2024-316_2.0,clay,2024,R32,cameron norrie,jozef kovalik,0.7673436403274536,1
2024-316_20.0,clay,2024,R16,henrique rocha,nuno borges,0.4292896091938019,0
2024-316_21.0,clay,2024,QF,duje ajdukovic,thiago monteiro,0.42792752385139465,1
2024-316_22.0,clay,2024,QF,mariano navone,rafael nadal,0.5275211334228516,0
2024-316_23.0,clay,2024,QF,roberto carballes baena,thiago agustin tirante,0.6158038973808289,0
2024-316_24.0,clay,2024,QF,nuno borges,timofey skatov,0.5191243290901184,1
2024-316_25.0,clay,2024,SF,duje ajdukovic,rafael nadal,0.3543582260608673,0
2024-316_26.0,clay,2024,SF,nuno borges,thiago agustin tirante,0.5185055732727051,1
2024-316_27.0,clay,2024,F,nuno borges,rafael nadal,0.42135968804359436,1
2024-316_3.0,clay,2024,R32,roberto carballes baena,roman safiullin,0.6097305417060852,1
2024-316_4.0,clay,2024,R32,jaime faria,thiago agustin tirante,0.35201844573020935,0
2024-316_5.0,clay,2024,R32,federico coria,thiago monteiro,0.3160543143749237,0
2024-316_6.0,clay,2024,R32,taro daniel,timofey skatov,0.34495264291763306,0
2024-316_7.0,clay,2024,R32,alexandre muller,denis yevseyev,0.6918179392814636,0
2024-316_8.0,clay,2024,R32,duje ajdukovic,luca van assche,0.5362979769706726,1
2024-316_9.0,clay,2024,R32,elias ymer,sumit nagal,0.36068451404571533,0
2024-319_1.0,clay,2024,R32,jaume munar,yannick hanfmann,0.5097193717956543,0
2024-319_10.0,clay,2024,R32,marton fucsovics,roberto carballes baena,0.34814074635505676,0
2024-319_11.0,clay,2024,R32,matteo berrettini,pavel kotov,0.7828027009963989,1
2024-319_12.0,clay,2024,R32,dominic thiem,thiago agustin tirante,0.3700665235519409,0
2024-319_13.0,clay,2024,R16,laslo djere,thiago seyboth wild,0.40206289291381836,0
2024-319_14.0,clay,2024,R16,gustavo heide,yannick hanfmann,0.39834532141685486,0
2024-319_15.0,clay,2024,R16,lukas neumayer,nicolas moreno de alboran,0.49376410245895386,0
2024-319_16.0,clay,2024,R16,pedro martinez,sumit nagal,0.6318643093109131,1
2024-319_17.0,clay,2024,R16,alejandro tabilo,matteo berrettini,0.31107354164123535,0
2024-319_18.0,clay,2024,R16,daniel elahi galan,facundo diaz acosta,0.314873605966568,0
2024-319_19.0,clay,2024,R16,sebastian baez,thiago agustin tirante,0.7528511881828308,1
2024-319_2.0,clay,2024,R32,andrea collarini,nicolas moreno de alboran,0.2670363783836365,0
2024-319_20.0,clay,2024,R16,hugo gaston,roberto carballes baena,0.5709287524223328,1
2024-319_21.0,clay,2024,QF,thiago seyboth wild,yannick hanfmann,0.5823860168457031,0
2024-319_22.0,clay,2024,QF,matteo berrettini,nicolas moreno de alboran,0.8432416915893555,1
2024-319_23.0,clay,2024,QF,facundo diaz acosta,pedro martinez,0.571556568145752,1
2024-319_24.0,clay,2024,QF,hugo gaston,sebastian baez,0.3021095097064972,1
2024-319_25.0,clay,2024,SF,matteo berrettini,yannick hanfmann,0.8344199657440186,1
2024-319_26.0,clay,2024,SF,facundo diaz acosta,hugo gaston,0.53752201795578,0
2024-319_27.0,clay,2024,F,hugo gaston,matteo berrettini,0.26861509680747986,0
2024-319_3.0,clay,2024,R32,joel schwaerzler,thiago seyboth wild,0.33166348934173584,0
2024-319_4.0,clay,2024,R32,lukas klein,sumit nagal,0.4348629117012024,0
2024-319_5.0,clay,2024,R32,laslo djere,vit kopriva,0.6697753071784973,1
2024-319_6.0,clay,2024,R32,daniel elahi galan,hamad medjedovic,0.35081708431243896,1
2024-319_7.0,clay,2024,R32,daniel altmaier,hugo gaston,0.3784480094909668,0
2024-319_8.0,clay,2024,R32,facundo diaz acosta,federico coria,0.7061310410499573,1
2024-319_9.0,clay,2024,R32,lukas neumayer,sebastian ofner,0.22926689684391022,1
2024-322_1.0,clay,2024,R32,rinky hijikata,sebastian ofner,0.367570161819458,0
2024-322_10.0,clay,2024,R32,christopher eubanks,tallon griekspoor,0.2623293995857239,0
2024-322_11.0,clay,2024,R32,denis shapovalov,federico coria,0.6271693110466003,1
2024-322_12.0,clay,2024,R32,andy murray,yannick hanfmann,0.38893428444862366,0
2024-322_13.0,clay,2024,R16,casper ruud,sebastian ofner,0.8753835558891296,1
2024-322_14.0,clay,2024,R16,roberto carballes baena,sebastian baez,0.24298126995563507,0
2024-322_15.0,clay,2024,R16,ben shelton,flavio cobolli,0.37435540556907654,0
2024-322_16.0,clay,2024,R16,alexander shevchenko,emil ruusuvuori,0.6096519827842712,1
2024-322_17.0,clay,2024,R16,nicolas moreno de alboran,tomas machac,0.45211127400398254,0
2024-322_18.0,clay,2024,R16,alex michelsen,taylor fritz,0.23002634942531586,1
2024-322_19.0,clay,2024,R16,denis shapovalov,tallon griekspoor,0.39609605073928833,0
2024-322_2.0,clay,2024,R32,daniel altmaier,roberto carballes baena,0.42364001274108887,0
2024-322_20.0,clay,2024,R16,novak djokovic,yannick hanfmann,0.8625430464744568,1
2024-322_21.0,clay,2024,QF,casper ruud,sebastian baez,0.6380286812782288,1
2024-322_22.0,clay,2024,QF,alexander shevchenko,flavio cobolli,0.6963760256767273,0
2024-322_23.0,clay,2024,QF,alex michelsen,tomas machac,0.4389851987361908,0
2024-322_24.0,clay,2024,QF,novak djokovic,tallon griekspoor,0.8672767281532288,1
2024-322_25.0,clay,2024,SF,casper ruud,flavio cobolli,0.811339259147644,1
2024-322_26.0,clay,2024,SF,novak djokovic,tomas machac,0.8215752243995667,0
2024-322_27.0,clay,2024,F,casper ruud,tomas machac,0.7908139228820801,1
2024-322_3.0,clay,2024,R32,sebastian baez,sumit nagal,0.8391730189323425,1
2024-322_4.0,clay,2024,R32,aslan karatsev,flavio cobolli,0.2994095981121063,0
2024-322_5.0,clay,2024,R32,emil ruusuvuori,marcos giron,0.5644509196281433,1
2024-322_6.0,clay,2024,R32,alexander shevchenko,fabian marozsan,0.6611899733543396,1
2024-322_7.0,clay,2024,R32,jack draper,tomas machac,0.3583664894104004,0
2024-322_8.0,clay,2024,R32,david goffin,nicolas moreno de alboran,0.3309248983860016,0
2024-322_9.0,clay,2024,R32,aleksandar kovacevic,alex michelsen,0.2803291082382202,0
2024-360_1.0,clay,2024,R32,aleksandar vukic,alexandre muller,0.37198489904403687,1
2024-360_10.0,clay,2024,R32,abdullah shelbayh,flavio cobolli,0.2890608012676239,0
2024-360_11.0,clay,2024,R32,elliot benchetrit,pavel kotov,0.15523697435855865,0
2024-360_12.0,clay,2024,R32,fabio fognini,hugo gaston,0.7124276757240295,1
2024-360_13.0,clay,2024,R16,aleksandar vukic,sebastian ofner,0.4804506003856659,1
2024-360_14.0,clay,2024,R16,mariano navone,stan wawrinka,0.5909947156906128,1
2024-360_15.0,clay,2024,R16,lorenzo sonego,sumit nagal,0.5756407976150513,1
2024-360_16.0,clay,2024,R16,jaume munar,matteo berrettini,0.3808801472187042,0
2024-360_17.0,clay,2024,R16,david goffin,nicolas moreno de alboran,0.6499425172805786,0
2024-360_18.0,clay,2024,R16,daniel evans,roberto carballes baena,0.2750157117843628,0
2024-360_19.0,clay,2024,R16,flavio cobolli,pavel kotov,0.5263654589653015,0
2024-360_2.0,clay,2024,R32,albert ramos-vinolas,stan wawrinka,0.4353308379650116,0
2024-360_20.0,clay,2024,R16,fabio fognini,laslo djere,0.42860981822013855,1
2024-360_21.0,clay,2024,QF,aleksandar vukic,mariano navone,0.26928815245628357,0
2024-360_22.0,clay,2024,QF,lorenzo sonego,matteo berrettini,0.2915167510509491,0
2024-360_23.0,clay,2024,QF,nicolas moreno de alboran,roberto carballes baena,0.40948331356048584,0
2024-360_24.0,clay,2024,QF,fabio fognini,pavel kotov,0.4822874963283539,0
2024-360_25.0,clay,2024,SF,mariano navone,matteo berrettini,0.3571924865245819,0
2024-360_26.0,clay,2024,SF,pavel kotov,roberto carballes baena,0.39499402046203613,0
2024-360_27.0,clay,2024,F,matteo berrettini,roberto carballes baena,0.7371112108230591,1
2024-360_3.0,clay,2024,R32,aziz dougaz,mariano navone,0.24971438944339752,0
2024-360_4.0,clay,2024,R32,corentin moutet,sumit nagal,0.4063521921634674,0
2024-360_5.0,clay,2024,R32,jaume munar,luca van assche,0.47147685289382935,1
2024-360_6.0,clay,2024,R32,alexander shevchenko,matteo berrettini,0.3534541428089142,0
2024-360_7.0,clay,2024,R32,facundo diaz acosta,nicolas moreno de alboran,0.7727085947990417,0
2024-360_8.0,clay,2024,R32,arthur rinderknech,david goffin,0.35050520300865173,0
2024-360_9.0,clay,2024,R32,matteo gigante,roberto carballes baena,0.5706604719161987,0
2024-410_1.0,clay,2024,R64,alejandro davidovich fokina,sebastian korda,0.34339988231658936,0
2024-410_10.0,clay,2024,R64,laslo djere,stefanos tsitsipas,0.1675206869840622,0
2024-410_11.0,clay,2024,R64,nicolas jarry,tomas martin etcheverry,0.4167901575565338,0
2024-410_12.0,clay,2024,R64,daniel evans,sebastian ofner,0.2916368842124939,0
2024-410_13.0,clay,2024,R64,alejandro tabilo,christopher o'connell,0.5957182049751282,1
2024-410_14.0,clay,2024,R64,facundo diaz acosta,roberto bautista agut,0.5931949615478516,0
2024-410_15.0,clay,2024,R64,hubert hurkacz,jack draper,0.635647714138031,1
2024-410_16.0,clay,2024,R64,federico coria,ugo humbert,0.5463629961013794,0
2024-410_17.0,clay,2024,R64,marcos giron,zhizhen zhang,0.6108049750328064,0
2024-410_18.0,clay,2024,R64,felix auger-aliassime,luca nardi,0.7774345874786377,1
2024-410_19.0,clay,2024,R64,alexei popyrin,corentin moutet,0.5259994864463806,1
2024-410_2.0,clay,2024,R64,jan-lennard struff,sebastian baez,0.4297817051410675,1
2024-410_20.0,clay,2024,R64,dominik koepfer,tallon griekspoor,0.640755832195282,0
2024-410_21.0,clay,2024,R64,alex de minaur,stan wawrinka,0.6809459328651428,1
2024-410_22.0,clay,2024,R64,lorenzo musetti,taylor fritz,0.6273208260536194,1
2024-410_23.0,clay,2024,R64,arthur fils,yannick hanfmann,0.6691759824752808,1
2024-410_24.0,clay,2024,R64,jaume munar,roman safiullin,0.6640200018882751,0
2024-410_25.0,clay,2024,R32,jannik sinner,sebastian korda,0.8505906462669373,1
2024-410_26.0,clay,2024,R32,borna coric,jan-lennard struff,0.39492857456207275,0
2024-410_27.0,clay,2024,R32,grigor dimitrov,miomir kecmanovic,0.6235132813453674,1
2024-410_28.0,clay,2024,R32,holger rune,sumit nagal,0.771561861038208,1
2024-410_29.0,clay,2024,R32,daniil medvedev,gael monfils,0.6982552409172058,1
2024-410_3.0,clay,2024,R64,alexander bublik,borna coric,0.3544280529022217,0
2024-410_30.0,clay,2024,R32,francisco cerundolo,karen khachanov,0.3223267197608948,0
2024-410_31.0,clay,2024,R32,stefanos tsitsipas,tomas martin etcheverry,0.8349942564964294,1
2024-410_32.0,clay,2024,R32,alexander zverev,sebastian ofner,0.8134810328483582,1
2024-410_33.0,clay,2024,R32,alejandro tabilo,casper ruud,0.16533640027046204,0
2024-410_34.0,clay,2024,R32,hubert hurkacz,roberto bautista agut,0.7272889018058777,1
2024-410_35.0,clay,2024,R32,ugo humbert,zhizhen zhang,0.5269781351089478,1
2024-410_36.0,clay,2024,R32,felix auger-aliassime,lorenzo sonego,0.6665099263191223,0
2024-410_37.0,clay,2024,R32,alexei popyrin,andrey rublev,0.3628818392753601,1
2024-410_38.0,clay,2024,R32,alex de minaur,tallon griekspoor,0.6893408894538879,1
2024-410_39.0,clay,2024,R32,arthur fils,lorenzo musetti,0.3377971947193146,0
2024-410_4.0,clay,2024,R64,grigor dimitrov,valentin vacherot,0.9244686365127563,1
2024-410_40.0,clay,2024,R32,novak djokovic,roman safiullin,0.7996314764022827,1
2024-410_41.0,clay,2024,R16,jan-lennard struff,jannik sinner,0.175042524933815,0
2024-410_42.0,clay,2024,R16,grigor dimitrov,holger rune,0.4309180974960327,0
2024-410_43.0,clay,2024,R16,daniil medvedev,karen khachanov,0.7055540680885315,0
2024-410_44.0,clay,2024,R16,alexander zverev,stefanos tsitsipas,0.2979952096939087,0
2024-410_45.0,clay,2024,R16,casper ruud,hubert hurkacz,0.6273212432861328,1
2024-410_46.0,clay,2024,R16,lorenzo sonego,ugo humbert,0.5288482904434204,0
2024-410_47.0,clay,2024,R16,alex de minaur,alexei popyrin,0.6360445022583008,1
2024-410_48.0,clay,2024,R16,lorenzo musetti,novak djokovic,0.17094141244888306,0
2024-410_49.0,clay,2024,QF,holger rune,jannik sinner,0.26239413022994995,0
2024-410_5.0,clay,2024,R64,matteo berrettini,miomir kecmanovic,0.6501858830451965,0
2024-410_50.0,clay,2024,QF,karen khachanov,stefanos tsitsipas,0.29763248562812805,0
2024-410_51.0,clay,2024,QF,casper ruud,ugo humbert,0.7673476934432983,1
2024-410_52.0,clay,2024,QF,alex de minaur,novak djokovic,0.15209804475307465,0
2024-410_53.0,clay,2024,SF,jannik sinner,stefanos tsitsipas,0.7031729221343994,0
2024-410_54.0,clay,2024,SF,casper ruud,novak djokovic,0.31357407569885254,1
2024-410_55.0,clay,2024,F,casper ruud,stefanos tsitsipas,0.5618340969085693,0
2024-410_6.0,clay,2024,R64,matteo arnaldi,sumit nagal,0.4832906126976013,0
2024-410_7.0,clay,2024,R64,aleksandar vukic,gael monfils,0.419803261756897,0
2024-410_8.0,clay,2024,R64,daniel altmaier,francisco cerundolo,0.26433464884757996,0
2024-410_9.0,clay,2024,R64,cameron norrie,karen khachanov,0.41168463230133057,0
2024-414_1.0,clay,2024,R32,fabian marozsan,holger rune,0.18519362807273865,0
2024-414_10.0,clay,2024,R32,alexei popyrin,ugo blanchet,0.5077296495437622,0
2024-414_11.0,clay,2024,R32,maximilian marterer,soonwoo kwon,0.4679570496082306,1
2024-414_12.0,clay,2024,R32,francisco cerundolo,francisco comesana,0.658375084400177,1
2024-414_13.0,clay,2024,R32,thiago seyboth wild,zhizhen zhang,0.456887811422348,0
2024-414_14.0,clay,2024,R32,daniel altmaier,flavio cobolli,0.3441724479198456,0
2024-414_15.0,clay,2024,R32,facundo diaz acosta,hugo gaston,0.5470642447471619,0
2024-414_16.0,clay,2024,R32,alexander zverev,jesper de jong,0.9719963669776917,1
2024-414_17.0,clay,2024,R16,holger rune,marco trungelliti,0.9060068726539612,1
2024-414_18.0,clay,2024,R16,arthur fils,laslo djere,0.7008546590805054,1
2024-414_19.0,clay,2024,R16,dusan lajovic,sebastian baez,0.3624874949455261,0
2024-414_2.0,clay,2024,R32,marco trungelliti,sebastian ofner,0.23581300675868988,1
2024-414_20.0,clay,2024,R16,alexander shevchenko,luciano darderi,0.574242115020752,0
2024-414_21.0,clay,2024,R16,pedro martinez,ugo blanchet,0.7292529344558716,1
2024-414_22.0,clay,2024,R16,francisco cerundolo,maximilian marterer,0.7592899799346924,1
2024-414_23.0,clay,2024,R16,flavio cobolli,zhizhen zhang,0.5867289304733276,0
2024-414_24.0,clay,2024,R16,alexander zverev,hugo gaston,0.8604804277420044,1
2024-414_25.0,clay,2024,QF,arthur fils,holger rune,0.3335055410861969,1
2024-414_26.0,clay,2024,QF,luciano darderi,sebastian baez,0.4024415612220764,0
2024-414_27.0,clay,2024,QF,francisco cerundolo,pedro martinez,0.6146417856216431,0
2024-414_28.0,clay,2024,QF,alexander zverev,zhizhen zhang,0.8002948760986328,1
2024-414_29.0,clay,2024,SF,arthur fils,sebastian baez,0.3714585602283478,1
2024-414_3.0,clay,2024,R32,laslo djere,zizou bergs,0.5086404085159302,1
2024-414_30.0,clay,2024,SF,alexander zverev,pedro martinez,0.9030598402023315,1
2024-414_31.0,clay,2024,F,alexander zverev,arthur fils,0.7240394353866577,0
2024-414_4.0,clay,2024,R32,arthur fils,jaume munar,0.6623442769050598,1
2024-414_5.0,clay,2024,R32,dominik koepfer,sebastian baez,0.24060532450675964,0
2024-414_6.0,clay,2024,R32,dusan lajovic,felipe meligeni alves,0.6997987031936646,1
2024-414_7.0,clay,2024,R32,alexander shevchenko,rudolf molleker,0.7390743494033813,1
2024-414_8.0,clay,2024,R32,luciano darderi,nick hardt,0.8131460547447205,1
2024-414_9.0,clay,2024,R32,matteo arnaldi,pedro martinez,0.4071871042251587,0
2024-416_1.0,clay,2024,R128,borna coric,jack draper,0.5016913414001465,0
2024-416_10.0,clay,2024,R128,alexandre muller,marton fucsovics,0.3132961690425873,1
2024-416_11.0,clay,2024,R128,harold mayot,matteo arnaldi,0.2977031171321869,0
2024-416_12.0,clay,2024,R128,j.j. wolf,stefano napolitano,0.6444516181945801,0
2024-416_13.0,clay,2024,R128,christopher o'connell,roberto carballes baena,0.3510449528694153,0
2024-416_14.0,clay,2024,R128,botic van de zandschulp,nicolas moreno de alboran,0.7130354642868042,1
2024-416_15.0,clay,2024,R128,jaume munar,rinky hijikata,0.7346444725990295,1
2024-416_16.0,clay,2024,R128,jan-lennard struff,pedro cachin,0.7272372245788574,1
2024-416_17.0,clay,2024,R128,sebastian ofner,yoshihito nishioka,0.4782712161540985,0
2024-416_18.0,clay,2024,R128,christopher eubanks,terence atmane,0.3539261519908905,0
2024-416_19.0,clay,2024,R128,flavio cobolli,maximilian marterer,0.7414944171905518,1
2024-416_2.0,clay,2024,R128,alexei popyrin,hamad medjedovic,0.5048027038574219,0
2024-416_20.0,clay,2024,R128,daniel evans,fabio fognini,0.3175928592681885,0
2024-416_21.0,clay,2024,R128,nuno borges,pedro martinez,0.5948948860168457,1
2024-416_22.0,clay,2024,R128,arthur rinderknech,francesco passaro,0.4086496829986572,0
2024-416_23.0,clay,2024,R128,denis shapovalov,luciano darderi,0.4906400740146637,0
2024-416_24.0,clay,2024,R128,aleksandar vukic,diego schwartzman,0.5217733383178711,1
2024-416_25.0,clay,2024,R128,brandon nakashima,miomir kecmanovic,0.42076364159584045,0
2024-416_26.0,clay,2024,R128,gael monfils,thiago monteiro,0.3723258674144745,0
2024-416_27.0,clay,2024,R128,daniel elahi galan,zhizhen zhang,0.386574387550354,0
2024-416_28.0,clay,2024,R128,alex michelsen,pavel kotov,0.5104290246963501,0
2024-416_29.0,clay,2024,R128,alexander shevchenko,fabian marozsan,0.5566948056221008,1
2024-416_3.0,clay,2024,R128,andrea vavassori,dominik koepfer,0.32033759355545044,0
2024-416_30.0,clay,2024,R128,giulio zeppieri,matteo gigante,0.34332597255706787,0
2024-416_31.0,clay,2024,R128,jakub mensik,yannick hanfmann,0.6753648519515991,0
2024-416_32.0,clay,2024,R128,corentin moutet,roman safiullin,0.4124411344528198,1
2024-416_33.0,clay,2024,R64,daniil medvedev,jack draper,0.5908944606781006,1
2024-416_34.0,clay,2024,R64,alejandro davidovich fokina,hamad medjedovic,0.3636607825756073,0
2024-416_35.0,clay,2024,R64,dominik koepfer,frances tiafoe,0.6018778681755066,1
2024-416_36.0,clay,2024,R64,aslan karatsev,tommy paul,0.5498097538948059,0
2024-416_37.0,clay,2024,R64,holger rune,luca nardi,0.6505417227745056,1
2024-416_38.0,clay,2024,R64,dusan lajovic,sebastian baez,0.48315805196762085,0
2024-416_39.0,clay,2024,R64,thiago seyboth wild,tomas martin etcheverry,0.5758374929428101,0
2024-416_4.0,clay,2024,R128,aslan karatsev,mackenzie mcdonald,0.648088812828064,1
2024-416_40.0,clay,2024,R64,hubert hurkacz,rafael nadal,0.43972936272621155,1
2024-416_41.0,clay,2024,R64,andrey rublev,marcos giron,0.745227038860321,1
2024-416_42.0,clay,2024,R64,alexandre muller,arthur fils,0.42902636528015137,1
2024-416_43.0,clay,2024,R64,matteo arnaldi,nicolas jarry,0.5526896119117737,0
2024-416_44.0,clay,2024,R64,juncheng shang,stefano napolitano,0.519184410572052,0
2024-416_45.0,clay,2024,R64,alex de minaur,roberto carballes baena,0.5764514803886414,1
2024-416_46.0,clay,2024,R64,botic van de zandschulp,felix auger-aliassime,0.33842188119888306,0
2024-416_47.0,clay,2024,R64,cameron norrie,jaume munar,0.3800531029701233,1
2024-416_48.0,clay,2024,R64,jan-lennard struff,stefanos tsitsipas,0.29020267724990845,0
2024-416_49.0,clay,2024,R64,grigor dimitrov,yoshihito nishioka,0.6248589754104614,1
2024-416_5.0,clay,2024,R128,daniel altmaier,luca nardi,0.5959718823432922,0
2024-416_50.0,clay,2024,R64,lorenzo musetti,terence atmane,0.8007994294166565,0
2024-416_51.0,clay,2024,R64,flavio cobolli,sebastian korda,0.38372141122817993,0
2024-416_52.0,clay,2024,R64,fabio fognini,taylor fritz,0.17366401851177216,0
2024-416_53.0,clay,2024,R64,alexander bublik,nuno borges,0.37845656275749207,0
2024-416_54.0,clay,2024,R64,francesco passaro,tallon griekspoor,0.2482498735189438,1
2024-416_55.0,clay,2024,R64,luciano darderi,mariano navone,0.6341770887374878,1
2024-416_56.0,clay,2024,R64,aleksandar vukic,alexander zverev,0.1252724975347519,0
2024-416_57.0,clay,2024,R64,casper ruud,miomir kecmanovic,0.6598790287971497,0
2024-416_58.0,clay,2024,R64,jordan thompson,thiago monteiro,0.3365921080112457,0
2024-416_59.0,clay,2024,R64,adrian mannarino,zhizhen zhang,0.23200440406799316,0
2024-416_6.0,clay,2024,R128,dusan lajovic,lorenzo sonego,0.48790618777275085,1
2024-416_60.0,clay,2024,R64,ben shelton,pavel kotov,0.4255177974700928,1
2024-416_61.0,clay,2024,R64,alexander shevchenko,karen khachanov,0.35323500633239746,0
2024-416_62.0,clay,2024,R64,francisco cerundolo,matteo gigante,0.6073554158210754,1
2024-416_63.0,clay,2024,R64,alejandro tabilo,yannick hanfmann,0.4160459637641907,1
2024-416_64.0,clay,2024,R64,corentin moutet,novak djokovic,0.12040721625089645,0
2024-416_65.0,clay,2024,R32,daniil medvedev,hamad medjedovic,0.7376289367675781,1
2024-416_66.0,clay,2024,R32,dominik koepfer,tommy paul,0.5072870850563049,0
2024-416_67.0,clay,2024,R32,holger rune,sebastian baez,0.6639813780784607,0
2024-416_68.0,clay,2024,R32,hubert hurkacz,tomas martin etcheverry,0.5288440585136414,1
2024-416_69.0,clay,2024,R32,alexandre muller,andrey rublev,0.13473118841648102,1
2024-416_7.0,clay,2024,R128,gregoire barrere,thiago seyboth wild,0.28339719772338867,0
2024-416_70.0,clay,2024,R32,nicolas jarry,stefano napolitano,0.7784600257873535,1
2024-416_71.0,clay,2024,R32,alex de minaur,felix auger-aliassime,0.41175219416618347,1
2024-416_72.0,clay,2024,R32,cameron norrie,stefanos tsitsipas,0.18129153549671173,0
2024-416_73.0,clay,2024,R32,grigor dimitrov,terence atmane,0.7769567370414734,1
2024-416_74.0,clay,2024,R32,sebastian korda,taylor fritz,0.307514488697052,0
2024-416_75.0,clay,2024,R32,francesco passaro,nuno borges,0.484506219625473,0
2024-416_76.0,clay,2024,R32,alexander zverev,luciano darderi,0.7438762187957764,1
2024-416_77.0,clay,2024,R32,miomir kecmanovic,thiago monteiro,0.5499141216278076,0
2024-416_78.0,clay,2024,R32,ben shelton,zhizhen zhang,0.6184561848640442,0
2024-416_79.0,clay,2024,R32,francisco cerundolo,karen khachanov,0.4527420699596405,0
2024-416_8.0,clay,2024,R128,rafael nadal,zizou bergs,0.7559904456138611,1
2024-416_80.0,clay,2024,R32,alejandro tabilo,novak djokovic,0.11923433095216751,1
2024-416_81.0,clay,2024,R16,daniil medvedev,tommy paul,0.7442012429237366,0
2024-416_82.0,clay,2024,R16,hubert hurkacz,sebastian baez,0.3988877832889557,1
2024-416_83.0,clay,2024,R16,alexandre muller,nicolas jarry,0.4491368234157562,0
2024-416_84.0,clay,2024,R16,alex de minaur,stefanos tsitsipas,0.19796068966388702,0
2024-416_85.0,clay,2024,R16,grigor dimitrov,taylor fritz,0.40132972598075867,0
2024-416_86.0,clay,2024,R16,alexander zverev,nuno borges,0.8379553556442261,1
2024-416_87.0,clay,2024,R16,thiago monteiro,zhizhen zhang,0.6571691632270813,0
2024-416_88.0,clay,2024,R16,alejandro tabilo,karen khachanov,0.29926303029060364,1
2024-416_89.0,clay,2024,QF,hubert hurkacz,tommy paul,0.7126373648643494,0
2024-416_9.0,clay,2024,R128,emil ruusuvuori,marcos giron,0.5934469699859619,0
2024-416_90.0,clay,2024,QF,nicolas jarry,stefanos tsitsipas,0.20101357996463776,1
2024-416_91.0,clay,2024,QF,alexander zverev,taylor fritz,0.6294992566108704,1
2024-416_92.0,clay,2024,QF,alejandro tabilo,zhizhen zhang,0.6638987064361572,1
2024-416_93.0,clay,2024,SF,nicolas jarry,tommy paul,0.6662242412567139,1
2024-416_94.0,clay,2024,SF,alejandro tabilo,alexander zverev,0.1960134357213974,0
2024-416_95.0,clay,2024,F,alexander zverev,nicolas jarry,0.7295660376548767,1
2024-425_1.0,clay,2024,R64,brandon nakashima,daniel evans,0.6152896881103516,1
2024-425_10.0,clay,2024,R64,juncheng shang,tomas machac,0.3237980008125305,0
2024-425_11.0,clay,2024,R64,alexei popyrin,daniel altmaier,0.6115464568138123,0
2024-425_12.0,clay,2024,R64,flavio cobolli,rafael nadal,0.46212679147720337,0
2024-425_13.0,clay,2024,R64,pavel kotov,sebastian ofner,0.3738458454608917,0
2024-425_14.0,clay,2024,R64,hugo grenier,roberto carballes baena,0.2520664632320404,0
2024-425_15.0,clay,2024,R64,daniel rincon,facundo diaz acosta,0.20970022678375244,0
2024-425_16.0,clay,2024,R64,luca van assche,zhizhen zhang,0.46461203694343567,1
2024-425_17.0,clay,2024,R32,andrey rublev,brandon nakashima,0.7455250024795532,0
2024-425_18.0,clay,2024,R32,nick hardt,tomas martin etcheverry,0.3003001809120178,0
2024-425_19.0,clay,2024,R32,cameron norrie,harold mayot,0.7195614576339722,1
2024-425_2.0,clay,2024,R64,martin landaluce,nick hardt,0.4984721839427948,0
2024-425_20.0,clay,2024,R32,andrea vavassori,roberto bautista agut,0.332830548286438,0
2024-425_21.0,clay,2024,R32,alexandre muller,casper ruud,0.0961117297410965,0
2024-425_22.0,clay,2024,R32,jaume munar,jordan thompson,0.6356514692306519,0
2024-425_23.0,clay,2024,R32,marco trungelliti,nicolas jarry,0.1753484457731247,1
2024-425_24.0,clay,2024,R32,matteo arnaldi,sebastian baez,0.3523068130016327,1
2024-425_25.0,clay,2024,R32,dusan lajovic,ugo humbert,0.6318134069442749,1
2024-425_26.0,clay,2024,R32,alejandro davidovich fokina,tomas machac,0.689900279045105,1
2024-425_27.0,clay,2024,R32,arthur fils,daniel altmaier,0.6902574300765991,1
2024-425_28.0,clay,2024,R32,alex de minaur,rafael nadal,0.5034104585647583,1
2024-425_29.0,clay,2024,R32,sebastian ofner,stefanos tsitsipas,0.11397092044353485,0
2024-425_3.0,clay,2024,R64,harold mayot,pedro cachin,0.397350937128067,1
2024-425_30.0,clay,2024,R32,lorenzo musetti,roberto carballes baena,0.6415074467658997,0
2024-425_31.0,clay,2024,R32,borna coric,facundo diaz acosta,0.4817596971988678,0
2024-425_32.0,clay,2024,R32,fabian marozsan,luca van assche,0.4100967347621918,1
2024-425_33.0,clay,2024,R16,brandon nakashima,tomas martin etcheverry,0.40069523453712463,0
2024-425_34.0,clay,2024,R16,cameron norrie,roberto bautista agut,0.6073853373527527,1
2024-425_35.0,clay,2024,R16,casper ruud,jordan thompson,0.8897414803504944,1
2024-425_36.0,clay,2024,R16,marco trungelliti,matteo arnaldi,0.23778171837329865,0
2024-425_37.0,clay,2024,R16,alejandro davidovich fokina,dusan lajovic,0.6217307448387146,0
2024-425_38.0,clay,2024,R16,alex de minaur,arthur fils,0.627747118473053,0
2024-425_39.0,clay,2024,R16,roberto carballes baena,stefanos tsitsipas,0.0894552618265152,0
2024-425_4.0,clay,2024,R64,roberto bautista agut,roman safiullin,0.3940154016017914,1
2024-425_40.0,clay,2024,R16,fabian marozsan,facundo diaz acosta,0.34778130054473877,0
2024-425_41.0,clay,2024,QF,cameron norrie,tomas martin etcheverry,0.4987451434135437,0
2024-425_42.0,clay,2024,QF,casper ruud,matteo arnaldi,0.8039339780807495,1
2024-425_43.0,clay,2024,QF,arthur fils,dusan lajovic,0.6156715154647827,0
2024-425_44.0,clay,2024,QF,facundo diaz acosta,stefanos tsitsipas,0.1379566192626953,0
2024-425_45.0,clay,2024,SF,casper ruud,tomas martin etcheverry,0.7520743012428284,1
2024-425_46.0,clay,2024,SF,dusan lajovic,stefanos tsitsipas,0.1147187203168869,0
2024-425_47.0,clay,2024,F,casper ruud,stefanos tsitsipas,0.42506247758865356,1
2024-425_5.0,clay,2024,R64,albert ramos-vinolas,alexandre muller,0.5308776497840881,0
2024-425_6.0,clay,2024,R64,jaume munar,yoshihito nishioka,0.7008154988288879,1
2024-425_7.0,clay,2024,R64,duje ajdukovic,marco trungelliti,0.5499147176742554,0
2024-425_8.0,clay,2024,R64,arthur cazaux,matteo arnaldi,0.26205724477767944,0
2024-425_9.0,clay,2024,R64,diego schwartzman,dusan lajovic,0.4371376633644104,0
2024-439_1.0,clay,2024,R32,alexandre muller,matteo arnaldi,0.31605929136276245,1
2024-439_10.0,clay,2024,R32,enzo couacaud,matej dodig,0.32281675934791565,0
2024-439_11.0,clay,2024,R32,fabio fognini,luca van assche,0.6193699836730957,1
2024-439_12.0,clay,2024,R32,duje ajdukovic,luciano darderi,0.32253578305244446,0
2024-439_13.0,clay,2024,R16,andrey rublev,camilo ugo carabelli,0.7137473821640015,1
2024-439_14.0,clay,2024,R16,fabian marozsan,thiago monteiro,0.48260048031806946,1
2024-439_15.0,clay,2024,R16,alexandre muller,lorenzo sonego,0.5562447309494019,0
2024-439_16.0,clay,2024,R16,francisco cerundolo,matej dodig,0.650010883808136,1
2024-439_17.0,clay,2024,R16,lorenzo musetti,marco trungelliti,0.8077114224433899,1
2024-439_18.0,clay,2024,R16,dusan lajovic,flavio cobolli,0.5138473510742188,1
2024-439_19.0,clay,2024,R16,jakub mensik,luciano darderi,0.3920290470123291,1
2024-439_2.0,clay,2024,R32,alexander shevchenko,fabian marozsan,0.4730743169784546,0
2024-439_20.0,clay,2024,R16,chun-hsin tseng,fabio fognini,0.26172542572021484,1
2024-439_21.0,clay,2024,QF,francisco cerundolo,lorenzo sonego,0.6942436099052429,1
2024-439_22.0,clay,2024,QF,chun-hsin tseng,jakub mensik,0.3673350214958191,0
2024-439_23.0,clay,2024,QF,andrey rublev,fabian marozsan,0.6714765429496765,1
2024-439_24.0,clay,2024,QF,dusan lajovic,lorenzo musetti,0.28253719210624695,0
2024-439_25.0,clay,2024,SF,andrey rublev,francisco cerundolo,0.6003077626228333,0
2024-439_26.0,clay,2024,SF,jakub mensik,lorenzo musetti,0.2464221566915512,0
2024-439_27.0,clay,2024,F,francisco cerundolo,lorenzo musetti,0.3806813955307007,1
2024-439_3.0,clay,2024,R32,camilo ugo carabelli,luka mikrut,0.5521113276481628,1
2024-439_4.0,clay,2024,R32,thiago monteiro,tomas machac,0.6141999363899231,1
2024-439_5.0,clay,2024,R32,alexei popyrin,jakub mensik,0.4094686806201935,0
2024-439_6.0,clay,2024,R32,guido andreozzi,marco trungelliti,0.18966421484947205,0
2024-439_7.0,clay,2024,R32,flavio cobolli,mariano navone,0.559787392616272,1
2024-439_8.0,clay,2024,R32,dusan lajovic,filip misolic,0.8098675608634949,1
2024-439_9.0,clay,2024,R32,lorenzo sonego,mili poljicak,0.8187100887298584,1
2024-4462_1.0,clay,2024,R32,marton fucsovics,valentin vacherot,0.7791655659675598,1
2024-4462_10.0,clay,2024,R32,luciano darderi,mariano navone,0.3339404761791229,0
2024-4462_11.0,clay,2024,R32,luca nardi,thiago seyboth wild,0.6001414656639099,0
2024-4462_12.0,clay,2024,R32,benjamin bonzi,federico coria,0.24475853145122528,0
2024-4462_13.0,clay,2024,R16,marton fucsovics,tallon griekspoor,0.6031134128570557,1
2024-4462_14.0,clay,2024,R16,corentin moutet,nuno borges,0.4168972969055176,1
2024-4462_15.0,clay,2024,R16,alejandro tabilo,arthur rinderknech,0.69162917137146,1
2024-4462_16.0,clay,2024,R16,joao fonseca,radu albot,0.4752047061920166,1
2024-4462_17.0,clay,2024,R16,miomir kecmanovic,pedro martinez,0.5082592964172363,0
2024-4462_18.0,clay,2024,R16,gregoire barrere,sebastian korda,0.24296216666698456,1
2024-4462_19.0,clay,2024,R16,mariano navone,thiago seyboth wild,0.5803963541984558,1
2024-4462_2.0,clay,2024,R32,corentin moutet,denis shapovalov,0.44580233097076416,1
2024-4462_20.0,clay,2024,R16,federico coria,francisco cerundolo,0.31221136450767517,0
2024-4462_21.0,clay,2024,QF,corentin moutet,marton fucsovics,0.46265578269958496,0
2024-4462_22.0,clay,2024,QF,alejandro tabilo,joao fonseca,0.6596094965934753,1
2024-4462_23.0,clay,2024,QF,gregoire barrere,pedro martinez,0.25588685274124146,1
2024-4462_24.0,clay,2024,QF,francisco cerundolo,mariano navone,0.48503074049949646,0
2024-4462_25.0,clay,2024,SF,alejandro tabilo,marton fucsovics,0.48786064982414246,0
2024-4462_26.0,clay,2024,SF,gregoire barrere,mariano navone,0.195474773645401,0
2024-4462_27.0,clay,2024,F,mariano navone,marton fucsovics,0.40755531191825867,0
2024-4462_3.0,clay,2024,R32,nuno borges,stan wawrinka,0.5317031741142273,1
2024-4462_4.0,clay,2024,R32,arthur rinderknech,hugo gaston,0.38153916597366333,1
2024-4462_5.0,clay,2024,R32,aleksandar kovacevic,radu albot,0.5849504470825195,0
2024-4462_6.0,clay,2024,R32,joao fonseca,lorenzo sonego,0.2988458275794983,1
2024-4462_7.0,clay,2024,R32,carlos taberner,pedro martinez,0.1508883386850357,0
2024-4462_8.0,clay,2024,R32,david goffin,miomir kecmanovic,0.3489369750022888,0
2024-4462_9.0,clay,2024,R32,gregoire barrere,thanasi kokkinakis,0.5032845139503479,1
2024-506_1.0,clay,2024,R32,federico coria,sebastian ofner,0.5606616139411926,1
2024-506_10.0,clay,2024,R32,laslo djere,marin cilic,0.7547507286071777,1
2024-506_11.0,clay,2024,R32,andrea vavassori,thiago seyboth wild,0.3085293769836426,1
2024-506_12.0,clay,2024,R32,camilo ugo carabelli,juan pablo varillas,0.2597842514514923,1
2024-506_13.0,clay,2024,R16,cameron norrie,federico coria,0.3974595069885254,0
2024-506_14.0,clay,2024,R16,luciano darderi,sebastian baez,0.32478761672973633,0
2024-506_15.0,clay,2024,R16,facundo diaz acosta,francisco cerundolo,0.4607070982456207,1
2024-506_16.0,clay,2024,R16,alejandro tabilo,dusan lajovic,0.6221669316291809,0
2024-506_17.0,clay,2024,R16,daniel elahi galan,tomas martin etcheverry,0.2956199049949646,0
2024-506_18.0,clay,2024,R16,nicolas jarry,stan wawrinka,0.613629937171936,1
2024-506_19.0,clay,2024,R16,andrea vavassori,laslo djere,0.2565641403198242,1
2024-506_2.0,clay,2024,R32,luciano darderi,mariano navone,0.5783703327178955,1
2024-506_20.0,clay,2024,R16,camilo ugo carabelli,carlos alcaraz,0.0688311755657196,0
2024-506_21.0,clay,2024,QF,federico coria,sebastian baez,0.2564694881439209,1
2024-506_22.0,clay,2024,QF,dusan lajovic,facundo diaz acosta,0.357244074344635,0
2024-506_23.0,clay,2024,QF,nicolas jarry,tomas martin etcheverry,0.6383939385414124,1
2024-506_24.0,clay,2024,QF,andrea vavassori,carlos alcaraz,0.07779677212238312,0
2024-506_25.0,clay,2024,SF,facundo diaz acosta,federico coria,0.5797107219696045,1
2024-506_26.0,clay,2024,SF,carlos alcaraz,nicolas jarry,0.7760196924209595,0
2024-506_27.0,clay,2024,F,facundo diaz acosta,nicolas jarry,0.2616693675518036,1
2024-506_3.0,clay,2024,R32,bernabe zapata miralles,sebastian baez,0.2621384859085083,0
2024-506_4.0,clay,2024,R32,daniel altmaier,facundo diaz acosta,0.3916856348514557,0
2024-506_5.0,clay,2024,R32,alejandro tabilo,yannick hanfmann,0.5218142867088318,1
2024-506_6.0,clay,2024,R32,arthur fils,dusan lajovic,0.5435119271278381,0
2024-506_7.0,clay,2024,R32,roberto carballes baena,tomas martin etcheverry,0.3701777458190918,0
2024-506_8.0,clay,2024,R32,daniel elahi galan,diego schwartzman,0.3991363048553467,1
2024-506_9.0,clay,2024,R32,pedro cachin,stan wawrinka,0.7025032639503479,0
2024-520_1.0,clay,2024,R128,brandon nakashima,nicolas moreno de alboran,0.4158232510089874,1
2024-520_10.0,clay,2024,R128,carlos alcaraz,j.j. wolf,0.9065530300140381,1
2024-520_100.0,clay,2024,R32,corentin moutet,sebastian ofner,0.4503891170024872,1
2024-520_101.0,clay,2024,R32,carlos alcaraz,sebastian korda,0.8616065979003906,1
2024-520_102.0,clay,2024,R32,alex de minaur,jan-lennard struff,0.6168848872184753,1
2024-520_103.0,clay,2024,R32,ben shelton,felix auger-aliassime,0.3478904068470001,0
2024-520_104.0,clay,2024,R32,daniil medvedev,tomas machac,0.649303674697876,1
2024-520_105.0,clay,2024,R32,alexander zverev,tallon griekspoor,0.8088775873184204,1
2024-520_106.0,clay,2024,R32,denis shapovalov,hubert hurkacz,0.27201151847839355,0
2024-520_107.0,clay,2024,R32,holger rune,jozef kovalik,0.8697128891944885,1
2024-520_108.0,clay,2024,R32,francisco cerundolo,tommy paul,0.6039430499076843,1
2024-520_109.0,clay,2024,R32,taylor fritz,thanasi kokkinakis,0.7883259057998657,1
2024-520_11.0,clay,2024,R128,borna coric,richard gasquet,0.6605352759361267,0
2024-520_110.0,clay,2024,R32,grigor dimitrov,zizou bergs,0.7800916433334351,1
2024-520_111.0,clay,2024,R32,casper ruud,tomas martin etcheverry,0.6692755222320557,1
2024-520_112.0,clay,2024,R32,lorenzo musetti,novak djokovic,0.19400618970394135,0
2024-520_113.0,clay,2024,R16,matteo arnaldi,stefanos tsitsipas,0.18248674273490906,0
2024-520_114.0,clay,2024,R16,carlos alcaraz,felix auger-aliassime,0.8073587417602539,1
2024-520_115.0,clay,2024,R16,grigor dimitrov,hubert hurkacz,0.553133487701416,1
2024-520_116.0,clay,2024,R16,corentin moutet,jannik sinner,0.11751541495323181,0
2024-520_117.0,clay,2024,R16,alex de minaur,daniil medvedev,0.460942804813385,1
2024-520_118.0,clay,2024,R16,francisco cerundolo,novak djokovic,0.19054287672042847,0
2024-520_119.0,clay,2024,R16,casper ruud,taylor fritz,0.6685041785240173,1
2024-520_12.0,clay,2024,R128,alexandre muller,luca nardi,0.6586257219314575,1
2024-520_120.0,clay,2024,R16,alexander zverev,holger rune,0.590964674949646,1
2024-520_121.0,clay,2024,QF,grigor dimitrov,jannik sinner,0.2867507040500641,0
2024-520_122.0,clay,2024,QF,carlos alcaraz,stefanos tsitsipas,0.734455406665802,1
2024-520_123.0,clay,2024,QF,casper ruud,novak djokovic,0.46483004093170166,1
2024-520_124.0,clay,2024,QF,alex de minaur,alexander zverev,0.23673951625823975,0
2024-520_125.0,clay,2024,SF,carlos alcaraz,jannik sinner,0.6084357500076294,1
2024-520_126.0,clay,2024,SF,alexander zverev,casper ruud,0.4622693657875061,1
2024-520_127.0,clay,2024,F,alexander zverev,carlos alcaraz,0.3582698404788971,0
2024-520_13.0,clay,2024,R128,alejandro tabilo,zizou bergs,0.7625666856765747,0
2024-520_14.0,clay,2024,R128,gabriel diallo,kei nishikori,0.28076809644699097,0
2024-520_15.0,clay,2024,R128,fabian marozsan,mikhail kukushkin,0.8131982684135437,1
2024-520_16.0,clay,2024,R128,harold mayot,sebastian korda,0.3114764988422394,0
2024-520_17.0,clay,2024,R128,daniel altmaier,laslo djere,0.4979724884033203,1
2024-520_18.0,clay,2024,R128,corentin moutet,nicolas jarry,0.25762850046157837,1
2024-520_19.0,clay,2024,R128,sebastian ofner,terence atmane,0.6374948620796204,1
2024-520_2.0,clay,2024,R128,andrey rublev,taro daniel,0.7805548310279846,1
2024-520_20.0,clay,2024,R128,andy murray,stan wawrinka,0.8305244445800781,0
2024-520_21.0,clay,2024,R128,emil ruusuvuori,soonwoo kwon,0.7179718613624573,0
2024-520_22.0,clay,2024,R128,alexander shevchenko,aslan karatsev,0.6956808567047119,1
2024-520_23.0,clay,2024,R128,christopher eubanks,jannik sinner,0.05313115194439888,0
2024-520_24.0,clay,2024,R128,henri squire,max purcell,0.30459779500961304,1
2024-520_25.0,clay,2024,R128,ben shelton,hugo gaston,0.6176992058753967,1
2024-520_26.0,clay,2024,R128,felix auger-aliassime,yoshihito nishioka,0.5735146403312683,1
2024-520_27.0,clay,2024,R128,gustavo heide,sebastian baez,0.11998329311609268,0
2024-520_28.0,clay,2024,R128,arthur fils,matteo arnaldi,0.47055578231811523,0
2024-520_29.0,clay,2024,R128,marton fucsovics,stefanos tsitsipas,0.110832080245018,0
2024-520_3.0,clay,2024,R128,pedro martinez,thiago agustin tirante,0.7045095562934875,1
2024-520_30.0,clay,2024,R128,jozef kovalik,marcos giron,0.5165702104568481,1
2024-520_31.0,clay,2024,R128,karen khachanov,sumit nagal,0.8380032181739807,1
2024-520_32.0,clay,2024,R128,alexander zverev,rafael nadal,0.6850106716156006,1
2024-520_33.0,clay,2024,R128,cameron norrie,pavel kotov,0.41252976655960083,0
2024-520_34.0,clay,2024,R128,francisco cerundolo,yannick hanfmann,0.6557369828224182,1
2024-520_35.0,clay,2024,R128,filip misolic,otto virtanen,0.34743714332580566,1
2024-520_36.0,clay,2024,R128,frances tiafoe,mattia bellucci,0.7586573362350464,1
2024-520_37.0,clay,2024,R128,daniel elahi galan,lorenzo musetti,0.24668262898921967,0
2024-520_38.0,clay,2024,R128,pedro cachin,tommy paul,0.37541836500167847,0
2024-520_39.0,clay,2024,R128,denis shapovalov,luca van assche,0.7020147442817688,1
2024-520_4.0,clay,2024,R128,lorenzo sonego,ugo humbert,0.46423089504241943,1
2024-520_40.0,clay,2024,R128,miomir kecmanovic,thiago monteiro,0.5146341323852539,1
2024-520_41.0,clay,2024,R128,dusan lajovic,roman safiullin,0.6071526408195496,1
2024-520_42.0,clay,2024,R128,gael monfils,thiago seyboth wild,0.3187597692012787,1
2024-520_43.0,clay,2024,R128,botic van de zandschulp,fabio fognini,0.6453757882118225,0
2024-520_44.0,clay,2024,R128,daniil medvedev,dominik koepfer,0.746365487575531,1
2024-520_45.0,clay,2024,R128,arthur cazaux,tomas martin etcheverry,0.20075088739395142,0
2024-520_46.0,clay,2024,R128,casper ruud,felipe meligeni alves,0.9522933959960938,1
2024-520_47.0,clay,2024,R128,nuno borges,tomas machac,0.3099533021450043,0
2024-520_48.0,clay,2024,R128,alejandro davidovich fokina,valentin vacherot,0.8199002742767334,1
2024-520_49.0,clay,2024,R128,jaume munar,roberto bautista agut,0.7234895825386047,1
2024-520_5.0,clay,2024,R128,aleksandar vukic,zhizhen zhang,0.42629992961883545,0
2024-520_50.0,clay,2024,R128,alex de minaur,alex michelsen,0.5118538737297058,1
2024-520_51.0,clay,2024,R128,mariano navone,pablo carreno busta,0.7637812495231628,1
2024-520_52.0,clay,2024,R128,adam walton,arthur rinderknech,0.32243430614471436,0
2024-520_53.0,clay,2024,R128,federico coria,taylor fritz,0.19075118005275726,0
2024-520_54.0,clay,2024,R128,david goffin,giovanni mpetshi perricard,0.28792592883110046,1
2024-520_55.0,clay,2024,R128,flavio cobolli,hamad medjedovic,0.676958441734314,1
2024-520_56.0,clay,2024,R128,jan-lennard struff,roman andres burruchaga,0.869979739189148,1
2024-520_57.0,clay,2024,R128,daniel evans,holger rune,0.1326901912689209,0
2024-520_58.0,clay,2024,R128,adrian mannarino,giulio zeppieri,0.45699343085289,0
2024-520_59.0,clay,2024,R128,luciano darderi,rinky hijikata,0.6169277429580688,1
2024-520_6.0,clay,2024,R128,jack draper,jesper de jong,0.7741456627845764,0
2024-520_60.0,clay,2024,R128,alexei popyrin,thanasi kokkinakis,0.6932008862495422,0
2024-520_61.0,clay,2024,R128,constant lestienne,roberto carballes baena,0.17684625089168549,0
2024-520_62.0,clay,2024,R128,mackenzie mcdonald,tallon griekspoor,0.3522588908672333,0
2024-520_63.0,clay,2024,R128,novak djokovic,pierre-hugues herbert,0.976346492767334,1
2024-520_64.0,clay,2024,R128,alexander bublik,gregoire barrere,0.7751049995422363,1
2024-520_65.0,clay,2024,R64,daniel altmaier,stefanos tsitsipas,0.15563440322875977,0
2024-520_66.0,clay,2024,R64,carlos alcaraz,jesper de jong,0.9577674269676208,1
2024-520_67.0,clay,2024,R64,andrey rublev,pedro martinez,0.808652400970459,1
2024-520_68.0,clay,2024,R64,pavel kotov,stan wawrinka,0.637179434299469,1
2024-520_69.0,clay,2024,R64,jannik sinner,richard gasquet,0.9181087613105774,1
2024-520_7.0,clay,2024,R128,hubert hurkacz,shintaro mochizuki,0.9129650592803955,1
2024-520_70.0,clay,2024,R64,alexandre muller,matteo arnaldi,0.3642713725566864,0
2024-520_71.0,clay,2024,R64,sebastian korda,soonwoo kwon,0.6227834820747375,1
2024-520_72.0,clay,2024,R64,denis shapovalov,frances tiafoe,0.5168249011039734,1
2024-520_73.0,clay,2024,R64,sebastian baez,sebastian ofner,0.6458745002746582,0
2024-520_74.0,clay,2024,R64,maximilian marterer,zizou bergs,0.3983229994773865,0
2024-520_75.0,clay,2024,R64,brandon nakashima,hubert hurkacz,0.25466418266296387,0
2024-520_76.0,clay,2024,R64,fabian marozsan,grigor dimitrov,0.2663639485836029,0
2024-520_77.0,clay,2024,R64,daniil medvedev,miomir kecmanovic,0.7410982847213745,1
2024-520_78.0,clay,2024,R64,felix auger-aliassime,henri squire,0.8330815434455872,1
2024-520_79.0,clay,2024,R64,luciano darderi,tallon griekspoor,0.6187418699264526,0
2024-520_8.0,clay,2024,R128,aleksandar kovacevic,grigor dimitrov,0.28606361150741577,0
2024-520_80.0,clay,2024,R64,lorenzo sonego,zhizhen zhang,0.43062758445739746,0
2024-520_81.0,clay,2024,R64,alexander zverev,david goffin,0.9148337244987488,1
2024-520_82.0,clay,2024,R64,novak djokovic,roberto carballes baena,0.8414340019226074,1
2024-520_83.0,clay,2024,R64,alexander shevchenko,corentin moutet,0.7028952836990356,0
2024-520_84.0,clay,2024,R64,alex de minaur,jaume munar,0.760834276676178,1
2024-520_85.0,clay,2024,R64,ben shelton,kei nishikori,0.5145912170410156,1
2024-520_86.0,clay,2024,R64,fabio fognini,tommy paul,0.38412901759147644,0
2024-520_87.0,clay,2024,R64,flavio cobolli,holger rune,0.2497241199016571,0
2024-520_88.0,clay,2024,R64,mariano navone,tomas machac,0.46959465742111206,0
2024-520_89.0,clay,2024,R64,giulio zeppieri,thanasi kokkinakis,0.48631542921066284,0
2024-520_9.0,clay,2024,R128,jordan thompson,maximilian marterer,0.5516038537025452,0
2024-520_90.0,clay,2024,R64,jozef kovalik,karen khachanov,0.10000450164079666,1
2024-520_91.0,clay,2024,R64,alexander bublik,jan-lennard struff,0.48260048031806946,0
2024-520_92.0,clay,2024,R64,filip misolic,francisco cerundolo,0.28118619322776794,0
2024-520_93.0,clay,2024,R64,alejandro davidovich fokina,casper ruud,0.1936279535293579,0
2024-520_94.0,clay,2024,R64,dusan lajovic,taylor fritz,0.3047904670238495,0
2024-520_95.0,clay,2024,R64,gael monfils,lorenzo musetti,0.3151794373989105,0
2024-520_96.0,clay,2024,R64,arthur rinderknech,tomas martin etcheverry,0.2568425238132477,0
2024-520_97.0,clay,2024,R32,andrey rublev,matteo arnaldi,0.7070701122283936,0
2024-520_98.0,clay,2024,R32,jannik sinner,pavel kotov,0.8836528658866882,1
2024-520_99.0,clay,2024,R32,stefanos tsitsipas,zhizhen zhang,0.8447389006614685,1
2024-6932_1.0,clay,2024,R32,cameron norrie,hugo dellien,0.8582481741905212,1
2024-6932_10.0,clay,2024,R32,daniel elahi galan,dusan lajovic,0.3698723316192627,0
2024-6932_11.0,clay,2024,R32,albert ramos-vinolas,juan pablo varillas,0.39450857043266296,1
2024-6932_12.0,clay,2024,R32,francisco cerundolo,francisco comesana,0.7872785925865173,1
2024-6932_13.0,clay,2024,R32,corentin moutet,sebastian baez,0.11864189058542252,0
2024-6932_14.0,clay,2024,R32,facundo diaz acosta,stan wawrinka,0.6267766952514648,1
2024-6932_15.0,clay,2024,R32,felipe meligeni alves,pedro cachin,0.4617217779159546,1
2024-6932_16.0,clay,2024,R32,carlos alcaraz,thiago monteiro,0.9169909358024597,0
2024-6932_17.0,clay,2024,R16,cameron norrie,tomas barrios vera,0.8317363262176514,1
2024-6932_18.0,clay,2024,R16,jaume munar,thiago seyboth wild,0.4885843098163605,0
2024-6932_19.0,clay,2024,R16,mariano navone,yannick hanfmann,0.48260048031806946,1
2024-6932_2.0,clay,2024,R32,gustavo heide,tomas barrios vera,0.3686997890472412,0
2024-6932_20.0,clay,2024,R16,cristian garin,joao fonseca,0.7120474576950073,0
2024-6932_21.0,clay,2024,R16,dusan lajovic,laslo djere,0.31399446725845337,1
2024-6932_22.0,clay,2024,R16,albert ramos-vinolas,francisco cerundolo,0.30237293243408203,0
2024-6932_23.0,clay,2024,R16,facundo diaz acosta,sebastian baez,0.3120640516281128,0
2024-6932_24.0,clay,2024,R16,felipe meligeni alves,thiago monteiro,0.2803374230861664,0
2024-6932_25.0,clay,2024,QF,cameron norrie,thiago seyboth wild,0.8054700493812561,1
2024-6932_26.0,clay,2024,QF,joao fonseca,mariano navone,0.28066545724868774,0
2024-6932_27.0,clay,2024,QF,dusan lajovic,francisco cerundolo,0.39263075590133667,0
2024-6932_28.0,clay,2024,QF,sebastian baez,thiago monteiro,0.6617875099182129,1
2024-6932_29.0,clay,2024,SF,cameron norrie,mariano navone,0.5837053060531616,0
2024-6932_3.0,clay,2024,R32,alejandro tabilo,thiago seyboth wild,0.5137905478477478,0
2024-6932_30.0,clay,2024,SF,francisco cerundolo,sebastian baez,0.3772841691970825,0
2024-6932_31.0,clay,2024,F,mariano navone,sebastian baez,0.21084600687026978,0
2024-6932_4.0,clay,2024,R32,jaume munar,sebastian ofner,0.5133013129234314,1
2024-6932_5.0,clay,2024,R32,nicolas jarry,yannick hanfmann,0.6299615502357483,0
2024-6932_6.0,clay,2024,R32,federico coria,mariano navone,0.7540515661239624,0
2024-6932_7.0,clay,2024,R32,cristian garin,roberto carballes baena,0.47631996870040894,1
2024-6932_8.0,clay,2024,R32,arthur fils,joao fonseca,0.8555601835250854,0
2024-6932_9.0,clay,2024,R32,bernabe zapata miralles,laslo djere,0.3226856291294098,0
2024-717_1.0,clay,2024,R32,denis kudla,luciano darderi,0.18981699645519257,0
2024-717_10.0,clay,2024,R32,christopher eubanks,rinky hijikata,0.36973774433135986,0
2024-717_11.0,clay,2024,R32,brandon nakashima,duje ajdukovic,0.7177547216415405,1
2024-717_12.0,clay,2024,R32,patrick kypson,zizou bergs,0.33802756667137146,0
2024-717_13.0,clay,2024,R16,francisco cerundolo,luciano darderi,0.425182580947876,0
2024-717_14.0,clay,2024,R16,j.j. wolf,marcos giron,0.48353341221809387,0
2024-717_15.0,clay,2024,R16,frances tiafoe,james duckworth,0.5659493207931519,1
2024-717_16.0,clay,2024,R16,aleksandar kovacevic,jordan thompson,0.48736003041267395,0
2024-717_17.0,clay,2024,R16,max purcell,michael mmoh,0.6547330617904663,0
2024-717_18.0,clay,2024,R16,daniel elahi galan,tomas martin etcheverry,0.24686181545257568,0
2024-717_19.0,clay,2024,R16,brandon nakashima,rinky hijikata,0.7066309452056885,1
2024-717_2.0,clay,2024,R32,alexander ritschard,j.j. wolf,0.24656084179878235,0
2024-717_20.0,clay,2024,R16,ben shelton,zizou bergs,0.7580373287200928,1
2024-717_21.0,clay,2024,QF,luciano darderi,marcos giron,0.5961521863937378,1
2024-717_22.0,clay,2024,QF,frances tiafoe,jordan thompson,0.633695662021637,1
2024-717_23.0,clay,2024,QF,michael mmoh,tomas martin etcheverry,0.34151068329811096,0
2024-717_24.0,clay,2024,QF,ben shelton,brandon nakashima,0.6091933846473694,1
2024-717_25.0,clay,2024,SF,frances tiafoe,luciano darderi,0.48126161098480225,1
2024-717_26.0,clay,2024,SF,ben shelton,tomas martin etcheverry,0.5187527537345886,1
2024-717_27.0,clay,2024,F,ben shelton,frances tiafoe,0.5074816942214966,1
2024-717_3.0,clay,2024,R32,denis shapovalov,marcos giron,0.5921804904937744,0
2024-717_4.0,clay,2024,R32,gijs brouwer,james duckworth,0.34220635890960693,0
2024-717_5.0,clay,2024,R32,aleksandar kovacevic,thanasi kokkinakis,0.5472269058227539,1
2024-717_6.0,clay,2024,R32,jordan thompson,yibing wu,0.7115210294723511,1
2024-717_7.0,clay,2024,R32,alex michelsen,max purcell,0.6409354209899902,0
2024-717_8.0,clay,2024,R32,juan pablo varillas,michael mmoh,0.3226650655269623,0
2024-717_9.0,clay,2024,R32,benoit paire,daniel elahi galan,0.24114066362380981,0
2024-7290_1.0,clay,2024,R32,jan choinski,joao fonseca,0.3298259377479553,1
2024-7290_10.0,clay,2024,R32,gael monfils,henrique rocha,0.7973785996437073,1
2024-7290_11.0,clay,2024,R32,marton fucsovics,pedro cachin,0.6699426770210266,1
2024-7290_12.0,clay,2024,R32,botic van de zandschulp,federico coria,0.5795096755027771,1
2024-7290_13.0,clay,2024,R16,hubert hurkacz,jan choinski,0.8433082699775696,1
2024-7290_14.0,clay,2024,R16,david jorda sanchis,pablo llamas ruiz,0.387295663356781,0
2024-7290_15.0,clay,2024,R16,lorenzo musetti,nuno borges,0.5476052761077881,0
2024-7290_16.0,clay,2024,R16,arthur fils,cristian garin,0.6034378409385681,0
2024-7290_17.0,clay,2024,R16,pedro martinez,roberto bautista agut,0.598839521408081,1
2024-7290_18.0,clay,2024,R16,dominic thiem,richard gasquet,0.7430368661880493,0
2024-7290_19.0,clay,2024,R16,gael monfils,marton fucsovics,0.5123941898345947,0
2024-7290_2.0,clay,2024,R32,david jorda sanchis,jaime faria,0.3696858882904053,1
2024-7290_20.0,clay,2024,R16,botic van de zandschulp,casper ruud,0.17927303910255432,0
2024-7290_21.0,clay,2024,QF,hubert hurkacz,pablo llamas ruiz,0.53397536277771,1
2024-7290_22.0,clay,2024,QF,cristian garin,nuno borges,0.3319619596004486,1
2024-7290_23.0,clay,2024,QF,pedro martinez,richard gasquet,0.6839150786399841,1
2024-7290_24.0,clay,2024,QF,casper ruud,marton fucsovics,0.6500908136367798,1
2024-7290_25.0,clay,2024,SF,cristian garin,hubert hurkacz,0.32802140712738037,0
2024-7290_26.0,clay,2024,SF,casper ruud,pedro martinez,0.8397029042243958,0
2024-7290_27.0,clay,2024,F,hubert hurkacz,pedro martinez,0.6898024082183838,1
2024-7290_3.0,clay,2024,R32,dominik koepfer,pablo llamas ruiz,0.7875362634658813,0
2024-7290_4.0,clay,2024,R32,lucas pouille,nuno borges,0.32452017068862915,0
2024-7290_5.0,clay,2024,R32,cristian garin,jurij rodionov,0.7179803252220154,1
2024-7290_6.0,clay,2024,R32,arthur fils,joao sousa,0.8503881692886353,1
2024-7290_7.0,clay,2024,R32,miomir kecmanovic,roberto bautista agut,0.5394780039787292,0
2024-7290_8.0,clay,2024,R32,daniel altmaier,pedro martinez,0.6637389659881592,0
2024-7290_9.0,clay,2024,R32,dominic thiem,maximilian marterer,0.40641599893569946,1
2024-7694_1.0,clay,2024,R32,aleksandar vukic,mackenzie mcdonald,0.356622576713562,1
2024-7694_10.0,clay,2024,R32,nikolas sanchez izquierdo,tomas martin etcheverry,0.2370745837688446,0
2024-7694_11.0,clay,2024,R32,pedro martinez,thiago seyboth wild,0.42693057656288147,0
2024-7694_12.0,clay,2024,R32,dominik koepfer,javier barranco cosano,0.6117953658103943,1
2024-7694_13.0,clay,2024,R16,aleksandar vukic,alexander bublik,0.4730089008808136,0
2024-7694_14.0,clay,2024,R16,alexandre muller,pavel kotov,0.47331517934799194,0
2024-7694_15.0,clay,2024,R16,francisco cerundolo,hugo gaston,0.47058096528053284,0
2024-7694_16.0,clay,2024,R16,giovanni mpetshi perricard,yoshihito nishioka,0.27712053060531616,1
2024-7694_17.0,clay,2024,R16,arthur rinderknech,frances tiafoe,0.3238336145877838,1
2024-7694_18.0,clay,2024,R16,adrian mannarino,luciano darderi,0.14819426834583282,0
2024-7694_19.0,clay,2024,R16,thiago seyboth wild,tomas martin etcheverry,0.3738725781440735,0
2024-7694_2.0,clay,2024,R32,alexandre muller,richard gasquet,0.728753924369812,1
2024-7694_20.0,clay,2024,R16,dominik koepfer,ugo humbert,0.5903639793395996,1
2024-7694_21.0,clay,2024,QF,alexander bublik,pavel kotov,0.4074983596801758,1
2024-7694_22.0,clay,2024,QF,giovanni mpetshi perricard,hugo gaston,0.38776305317878723,1
2024-7694_23.0,clay,2024,QF,arthur rinderknech,luciano darderi,0.2938368320465088,0
2024-7694_24.0,clay,2024,QF,dominik koepfer,tomas martin etcheverry,0.2914656102657318,0
2024-7694_25.0,clay,2024,SF,alexander bublik,giovanni mpetshi perricard,0.555014967918396,0
2024-7694_26.0,clay,2024,SF,luciano darderi,tomas martin etcheverry,0.4886353313922882,0
2024-7694_27.0,clay,2024,F,giovanni mpetshi perricard,tomas martin etcheverry,0.29890960454940796,1
2024-7694_3.0,clay,2024,R32,pavel kotov,pedro cachin,0.6065545678138733,1
2024-7694_4.0,clay,2024,R32,daniel elahi galan,hugo gaston,0.5735461115837097,0
2024-7694_5.0,clay,2024,R32,giovanni mpetshi perricard,lorenzo sonego,0.589441180229187,1
2024-7694_6.0,clay,2024,R32,sebastian fanselow,yoshihito nishioka,0.3107112944126129,0
2024-7694_7.0,clay,2024,R32,frances tiafoe,jaume munar,0.558471143245697,1
2024-7694_8.0,clay,2024,R32,arthur rinderknech,daniel evans,0.7670831084251404,1
2024-7694_9.0,clay,2024,R32,luciano darderi,taro daniel,0.7675127387046814,1
2024-8996_1.0,clay,2024,R32,francisco comesana,juan pablo varillas,0.4436407685279846,0
2024-8996_10.0,clay,2024,R32,corentin moutet,roberto carballes baena,0.46188145875930786,1
2024-8996_11.0,clay,2024,R32,joao fonseca,thiago agustin tirante,0.5866771936416626,0
2024-8996_12.0,clay,2024,R32,alex molcan,federico coria,0.4285034239292145,0
2024-8996_13.0,clay,2024,R16,juan pablo varillas,sebastian baez,0.22388207912445068,0
2024-8996_14.0,clay,2024,R16,albert ramos-vinolas,jaume munar,0.3860127031803131,0
2024-8996_15.0,clay,2024,R16,arthur fils,thiago seyboth wild,0.5482988357543945,1
2024-8996_16.0,clay,2024,R16,facundo diaz acosta,pedro martinez,0.6477760076522827,0
2024-8996_17.0,clay,2024,R16,juan manuel cerundolo,luciano darderi,0.2324548363685608,0
2024-8996_18.0,clay,2024,R16,alejandro tabilo,tomas barrios vera,0.626509428024292,1
2024-8996_19.0,clay,2024,R16,corentin moutet,thiago agustin tirante,0.4515083432197571,1
2024-8996_2.0,clay,2024,R32,albert ramos-vinolas,hugo dellien,0.5695130825042725,1
2024-8996_20.0,clay,2024,R16,federico coria,nicolas jarry,0.3763633668422699,0
2024-8996_21.0,clay,2024,QF,jaume munar,sebastian baez,0.2715533971786499,0
2024-8996_22.0,clay,2024,QF,arthur fils,pedro martinez,0.6845625638961792,0
2024-8996_23.0,clay,2024,QF,alejandro tabilo,luciano darderi,0.43625739216804504,1
2024-8996_24.0,clay,2024,QF,corentin moutet,nicolas jarry,0.23690080642700195,1
2024-8996_25.0,clay,2024,SF,pedro martinez,sebastian baez,0.24081899225711823,0
2024-8996_26.0,clay,2024,SF,alejandro tabilo,corentin moutet,0.5640934109687805,1
2024-8996_27.0,clay,2024,F,alejandro tabilo,sebastian baez,0.2121284157037735,0
2024-8996_3.0,clay,2024,R32,bernabe zapata miralles,jaume munar,0.3917520046234131,0
2024-8996_4.0,clay,2024,R32,roman andres burruchaga,thiago seyboth wild,0.31351929903030396,0
2024-8996_5.0,clay,2024,R32,francesco passaro,pedro martinez,0.31831392645835876,0
2024-8996_6.0,clay,2024,R32,facundo diaz acosta,pedro cachin,0.6262052059173584,1
2024-8996_7.0,clay,2024,R32,juan manuel cerundolo,yannick hanfmann,0.48260048031806946,1
2024-8996_8.0,clay,2024,R32,facundo bagnis,luciano darderi,0.2567604184150696,0
2024-8996_9.0,clay,2024,R32,cristian garin,tomas barrios vera,0.5034423470497131,0
2024-9158_1.0,clay,2024,R32,hugo dellien,thiago seyboth wild,0.23702654242515564,1
2024-9158_10.0,clay,2024,R32,mariano navone,roberto carballes baena,0.5203134417533875,0
2024-9158_11.0,clay,2024,R32,facundo bagnis,juan manuel cerundolo,0.5699653029441833,1
2024-9158_12.0,clay,2024,R32,daniel elahi galan,jaume munar,0.27151790261268616,0
2024-9158_13.0,clay,2024,R16,hugo dellien,sebastian baez,0.16496756672859192,0
2024-9158_14.0,clay,2024,R16,facundo diaz acosta,thiago agustin tirante,0.5321784615516663,1
2024-9158_15.0,clay,2024,R16,luciano darderi,sebastian ofner,0.4116312563419342,1
2024-9158_16.0,clay,2024,R16,roman andres burruchaga,yannick hanfmann,0.41050630807876587,0
2024-9158_17.0,clay,2024,R16,albert ramos-vinolas,federico coria,0.34303221106529236,0
2024-9158_18.0,clay,2024,R16,bernabe zapata miralles,tomas martin etcheverry,0.4310155212879181,0
2024-9158_19.0,clay,2024,R16,facundo bagnis,roberto carballes baena,0.30903360247612,1
2024-9158_2.0,clay,2024,R32,facundo diaz acosta,federico agustin gomez,0.4888513386249542,1
2024-9158_20.0,clay,2024,R16,francisco cerundolo,jaume munar,0.6031787395477295,0
2024-9158_21.0,clay,2024,QF,facundo diaz acosta,sebastian baez,0.22617025673389435,0
2024-9158_22.0,clay,2024,QF,luciano darderi,yannick hanfmann,0.4264543056488037,1
2024-9158_23.0,clay,2024,QF,federico coria,tomas martin etcheverry,0.4728231132030487,1
2024-9158_24.0,clay,2024,QF,facundo bagnis,jaume munar,0.13296324014663696,1
2024-9158_25.0,clay,2024,SF,luciano darderi,sebastian baez,0.14432117342948914,1
2024-9158_26.0,clay,2024,SF,facundo bagnis,federico coria,0.4549662172794342,1
2024-9158_27.0,clay,2024,F,facundo bagnis,luciano darderi,0.3265150785446167,0
2024-9158_3.0,clay,2024,R32,francisco comesana,thiago agustin tirante,0.5443333983421326,0
2024-9158_4.0,clay,2024,R32,luciano darderi,tomas barrios vera,0.5881303548812866,1
2024-9158_5.0,clay,2024,R32,diego schwartzman,roman andres burruchaga,0.33297809958457947,0
2024-9158_6.0,clay,2024,R32,juan pablo varillas,yannick hanfmann,0.5878593325614929,0
2024-9158_7.0,clay,2024,R32,daniel altmaier,federico coria,0.37010473012924194,0
2024-9158_8.0,clay,2024,R32,albert ramos-vinolas,pedro cachin,0.3215557336807251,1
2024-9158_9.0,clay,2024,R32,bernabe zapata miralles,cristian garin,0.5553948283195496,1
2024-96_1.0,clay,2024,R64,matthew ebden,novak djokovic,0.009876538999378681,0
2024-96_10.0,clay,2024,R64,tomas machac,zhizhen zhang,0.6512632966041565,1
2024-96_11.0,clay,2024,R64,pavel kotov,stan wawrinka,0.724375307559967,0
2024-96_12.0,clay,2024,R64,alexei popyrin,nicolas jarry,0.4495605230331421,1
2024-96_13.0,clay,2024,R64,gael monfils,lorenzo musetti,0.1634684056043625,0
2024-96_14.0,clay,2024,R64,mariano navone,nuno borges,0.6439371705055237,1
2024-96_15.0,clay,2024,R64,jack draper,kei nishikori,0.563056230545044,1
2024-96_16.0,clay,2024,R64,alexander bublik,taylor fritz,0.20788781344890594,0
2024-96_17.0,clay,2024,R64,casper ruud,taro daniel,0.9290890693664551,1
2024-96_18.0,clay,2024,R64,andrea vavassori,pedro martinez,0.20178940892219543,1
2024-96_19.0,clay,2024,R64,francisco cerundolo,tomas barrios vera,0.8404011130332947,1
2024-96_2.0,clay,2024,R64,marton fucsovics,rafael nadal,0.30713558197021484,0
2024-96_20.0,clay,2024,R64,fabian marozsan,ugo humbert,0.6567477583885193,0
2024-96_21.0,clay,2024,R64,felix auger-aliassime,marcos giron,0.7094913721084595,1
2024-96_22.0,clay,2024,R64,dusan lajovic,maximilian marterer,0.588772714138031,0
2024-96_23.0,clay,2024,R64,robin haase,sebastian ofner,0.13399337232112885,0
2024-96_24.0,clay,2024,R64,daniil medvedev,rinky hijikata,0.9001217484474182,1
2024-96_25.0,clay,2024,R64,francisco cabral,jan-lennard struff,0.04063893482089043,0
2024-96_26.0,clay,2024,R64,corentin moutet,sumit nagal,0.7351964712142944,1
2024-96_27.0,clay,2024,R64,alexander shevchenko,jakub mensik,0.36381295323371887,0
2024-96_28.0,clay,2024,R64,luciano darderi,tommy paul,0.3552200198173523,0
2024-96_29.0,clay,2024,R64,alejandro tabilo,roman safiullin,0.6599377393722534,0
2024-96_3.0,clay,2024,R64,dominik koepfer,milos raonic,0.6224580407142639,1
2024-96_30.0,clay,2024,R64,thiago seyboth wild,tomas martin etcheverry,0.4118180572986603,0
2024-96_31.0,clay,2024,R64,petros tsitsipas,tallon griekspoor,0.03606320172548294,0
2024-96_32.0,clay,2024,R64,carlos alcaraz,hady habib,0.9914107918739319,1
2024-96_33.0,clay,2024,R32,novak djokovic,rafael nadal,0.7049564123153687,1
2024-96_34.0,clay,2024,R32,dominik koepfer,matteo arnaldi,0.36177411675453186,1
2024-96_35.0,clay,2024,R32,benjamin hassan,sebastian baez,0.17250806093215942,0
2024-96_36.0,clay,2024,R32,daniel evans,stefanos tsitsipas,0.04408829286694527,0
2024-96_37.0,clay,2024,R32,alexander zverev,tomas machac,0.7749211192131042,1
2024-96_38.0,clay,2024,R32,alexei popyrin,stan wawrinka,0.6650710105895996,1
2024-96_39.0,clay,2024,R32,lorenzo musetti,mariano navone,0.7497692704200745,1
2024-96_4.0,clay,2024,R64,arthur fils,matteo arnaldi,0.5606231093406677,0
2024-96_40.0,clay,2024,R32,jack draper,taylor fritz,0.288377970457077,0
2024-96_41.0,clay,2024,R32,andrea vavassori,casper ruud,0.12637534737586975,0
2024-96_42.0,clay,2024,R32,francisco cerundolo,ugo humbert,0.780401885509491,1
2024-96_43.0,clay,2024,R32,felix auger-aliassime,maximilian marterer,0.917060375213623,1
2024-96_44.0,clay,2024,R32,daniil medvedev,sebastian ofner,0.7518768310546875,1
2024-96_45.0,clay,2024,R32,corentin moutet,jan-lennard struff,0.2872188687324524,1
2024-96_46.0,clay,2024,R32,jakub mensik,tommy paul,0.3271239399909973,0
2024-96_47.0,clay,2024,R32,roman safiullin,tomas martin etcheverry,0.35989442467689514,1
2024-96_48.0,clay,2024,R32,carlos alcaraz,tallon griekspoor,0.9359516501426697,1
2024-96_49.0,clay,2024,R16,dominik koepfer,novak djokovic,0.14059574902057648,0
2024-96_5.0,clay,2024,R64,sebastian baez,thiago monteiro,0.6115369200706482,1
2024-96_50.0,clay,2024,R16,sebastian baez,stefanos tsitsipas,0.28563302755355835,0
2024-96_51.0,clay,2024,R16,alexander zverev,alexei popyrin,0.8305570483207703,1
2024-96_52.0,clay,2024,R16,lorenzo musetti,taylor fritz,0.4991152584552765,1
2024-96_53.0,clay,2024,R16,casper ruud,francisco cerundolo,0.6599054932594299,1
2024-96_54.0,clay,2024,R16,daniil medvedev,felix auger-aliassime,0.7270225882530212,0
2024-96_55.0,clay,2024,R16,corentin moutet,tommy paul,0.3991001546382904,0
2024-96_56.0,clay,2024,R16,carlos alcaraz,roman safiullin,0.9518356919288635,1
2024-96_57.0,clay,2024,QF,novak djokovic,stefanos tsitsipas,0.7593234181404114,1
2024-96_58.0,clay,2024,QF,alexander zverev,lorenzo musetti,0.6246496438980103,0
2024-96_59.0,clay,2024,QF,casper ruud,felix auger-aliassime,0.6633354425430298,0
2024-96_6.0,clay,2024,R64,benjamin hassan,christopher eubanks,0.3484536409378052,1
2024-96_60.0,clay,2024,QF,carlos alcaraz,tommy paul,0.9313424229621887,1
2024-96_61.0,clay,2024,SF,lorenzo musetti,novak djokovic,0.3132457137107849,0
2024-96_62.0,clay,2024,SF,carlos alcaraz,felix auger-aliassime,0.864812970161438,1
2024-96_63.0,clay,2024,BR,felix auger-aliassime,lorenzo musetti,0.3605080246925354,0
2024-96_64.0,clay,2024,F,carlos alcaraz,novak djokovic,0.6969054937362671,0
2024-96_7.0,clay,2024,R64,daniel evans,moez echargui,0.575443685054779,1
2024-96_8.0,clay,2024,R64,stefanos tsitsipas,zizou bergs,0.8887565732002258,1
2024-96_9.0,clay,2024,R64,alexander zverev,jaume munar,0.856539249420166,1
2024-M-DC-2024-QLS-M-ARG-KAZ-01_1.0,clay,2024,RR,dmitry popko,francisco cerundolo,0.20740285515785217,0
2024-M-DC-2024-QLS-M-ARG-KAZ-01_2.0,clay,2024,RR,timofey skatov,tomas martin etcheverry,0.4695746898651123,1
2024-M-DC-2024-QLS-M-ARG-KAZ-01_3.0,clay,2024,RR,francisco cerundolo,timofey skatov,0.8360309600830078,0
2024-M-DC-2024-QLS-M-ARG-KAZ-01_4.0,clay,2024,RR,dmitry popko,sebastian baez,0.12679050862789154,0
2024-M-DC-2024-QLS-M-SRB-SVK-01_1.0,clay,2024,RR,lukas klein,miomir kecmanovic,0.31158632040023804,1
2024-M-DC-2024-QLS-M-SRB-SVK-01_2.0,clay,2024,RR,alex molcan,dusan lajovic,0.3028205931186676,1
2024-M-DC-2024-QLS-M-SRB-SVK-01_3.0,clay,2024,RR,laslo djere,lukas pokorny,0.7384485006332397,0
2024-M-DC-2024-WG1-M-AUT-TUR-01_1.0,clay,2024,RR,jurij rodionov,yanki erel,0.739571213722229,1
2024-M-DC-2024-WG1-M-AUT-TUR-01_2.0,clay,2024,RR,cem ilkel,lukas neumayer,0.1697639673948288,0
2024-M-DC-2024-WG1-M-AUT-TUR-01_3.0,clay,2024,RR,cem ilkel,lukas neumayer,0.26104164123535156,0
2024-M-DC-2024-WG1-M-EGY-HUN-01_1.0,clay,2024,RR,amr elsayed abdou ah mohamed,zsombor piros,0.05831962078809738,0
2024-M-DC-2024-WG1-M-EGY-HUN-01_2.0,clay,2024,RR,mate valkusz,mohamed safwat,0.6016233563423157,0
2024-M-DC-2024-WG1-M-EGY-HUN-01_3.0,clay,2024,RR,mohamed safwat,zsombor piros,0.4067896008491516,0
2024-M-DC-2024-WG1-M-EGY-HUN-01_4.0,clay,2024,RR,fares zakaria,mate valkusz,0.09632301330566406,0
2024-M-DC-2024-WG1-PO-COL-LUX-01_1.0,clay,2024,RR,chris rodesch,nicolas mejia,0.47041699290275574,1
2024-M-DC-2024-WG1-PO-COL-LUX-01_2.0,clay,2024,RR,adria soriano barrera,alex knaff,0.44896528124809265,0
2024-M-DC-2024-WG1-PO-COL-LUX-01_3.0,clay,2024,RR,alex knaff,nicolas mejia,0.4768421947956085,0
2024-M-DC-2024-WG1-PO-COL-LUX-01_4.0,clay,2024,RR,adria soriano barrera,chris rodesch,0.5771740078926086,1
2024-M-DC-2024-WG1-PO-EGY-ECU-01_1.0,clay,2024,RR,alvaro guillen meza,mohamed safwat,0.6327729225158691,0
2024-M-DC-2024-WG1-PO-EGY-ECU-01_2.0,clay,2024,RR,amr elsayed abdou ah mohamed,emilio gomez,0.0696672573685646,1
2024-M-DC-2024-WG1-PO-EGY-ECU-01_3.0,clay,2024,RR,andres andrade,michael bassem sobhy,0.7204293608665466,1
2024-M-DC-2024-WG1-PO-LBN-JPN-01_1.0,clay,2024,RR,hady habib,yoshihito nishioka,0.18612410128116608,0
2024-M-DC-2024-WG1-PO-LBN-JPN-01_2.0,clay,2024,RR,benjamin hassan,yosuke watanuki,0.5957361459732056,1
2024-M-DC-2024-WG1-PO-LBN-JPN-01_3.0,clay,2024,RR,benjamin hassan,yoshihito nishioka,0.29267174005508423,0
2024-M-DC-2024-WG1-PO-MEX-DEN-01_1.0,clay,2024,RR,elmer moller,ernesto escobedo,0.36445385217666626,1
2024-M-DC-2024-WG1-PO-MEX-DEN-01_2.0,clay,2024,RR,august holmgren,rodrigo pacheco mendez,0.7339502573013306,0
2024-M-DC-2024-WG1-PO-MEX-DEN-01_3.0,clay,2024,RR,august holmgren,ernesto escobedo,0.497673362493515,1
2024-M-DC-2024-WG2-M-BOL-URU-01_1.0,clay,2024,RR,hugo dellien,joaquin  aguilar cardozo,0.9239922165870667,1
2024-M-DC-2024-WG2-M-BOL-URU-01_2.0,clay,2024,RR,franco roncadelli,murkel dellien,0.4848337471485138,1
2024-M-DC-2024-WG2-M-BOL-URU-01_3.0,clay,2024,RR,franco roncadelli,hugo dellien,0.3059789836406708,1
2024-M-DC-2024-WG2-M-BUL-ESA-01_1.0,clay,2024,RR,marcelo arevalo,petr nesterov,0.1390637308359146,1
2024-M-DC-2024-WG2-M-BUL-ESA-01_2.0,clay,2024,RR,cesar cruz,yanaki milev,0.07811469584703445,0
2024-M-DC-2024-WG2-M-BUL-ESA-01_3.0,clay,2024,RR,iliyan radulov,juan carlos fuentes vasquez,0.7807611227035522,1
2024-M-DC-2024-WG2-M-BUL-ESA-01_4.0,clay,2024,RR,marcelo arevalo,yanaki milev,0.1506328284740448,0
2024-M-DC-2024-WG2-M-LBN-RSA-01_1.0,clay,2024,RR,alec beckley,benjamin hassan,0.20388676226139069,0
2024-M-DC-2024-WG2-M-LBN-RSA-01_2.0,clay,2024,RR,hady habib,philip henning,0.3653387129306793,1
2024-M-DC-2024-WG2-M-LBN-RSA-01_3.0,clay,2024,RR,benjamin hassan,philip henning,0.7006130814552307,1
2024-M-DC-2024-WG2-M-MAR-MON-01_1.0,clay,2024,RR,hugo nys,yassine dlimi,0.16034157574176788,1
2024-M-DC-2024-WG2-M-MAR-MON-01_2.0,clay,2024,RR,elliot benchetrit,romain arneodo,0.7321034073829651,0
2024-M-DC-2024-WG2-M-MAR-MON-01_3.0,clay,2024,RR,benjamin balleret,younes lalami laaroussi,0.4112831652164459,1
2024-M-DC-2024-WG2-M-TUN-IRL-01_1.0,clay,2024,RR,michael agwi,skander mansouri,0.6700878143310547,1
2024-M-DC-2024-WG2-M-TUN-IRL-01_2.0,clay,2024,RR,aziz dougaz,conor gannon,0.7145512700080872,1
2024-M-DC-2024-WG2-M-TUN-IRL-01_3.0,clay,2024,RR,aziz dougaz,michael agwi,0.7053221464157104,0
2024-M-DC-2024-WG2-M-TUN-IRL-01_4.0,clay,2024,RR,conor gannon,skander mansouri,0.28888192772865295,0
2024-M-DC-2024-WG2-PO-BOL-THA-01_1.0,clay,2024,RR,juan carlos prado angelo,maximus jones,0.33403486013412476,1
2024-M-DC-2024-WG2-PO-BOL-THA-01_2.0,clay,2024,RR,murkel dellien,wishaya trongcharoenchaikul,0.6079063415527344,1
2024-M-DC-2024-WG2-PO-BOL-THA-01_3.0,clay,2024,RR,boris arias,thanapet chanta,0.19837027788162231,1
2024-M-DC-2024-WG2-PO-IRI-EST-01_1.0,clay,2024,RR,hamidreza nadaf,oliver ojakaar,0.18043330311775208,0
2024-M-DC-2024-WG2-PO-IRI-EST-01_2.0,clay,2024,RR,kristjan tamm,sina moghimi,0.32723671197891235,0
2024-M-DC-2024-WG2-PO-IRI-EST-01_3.0,clay,2024,RR,oliver ojakaar,sina moghimi,0.6479607820510864,1
2024-M-DC-2024-WG2-PO-PAR-MON-01_1.0,clay,2024,RR,adolfo daniel vallejo,benjamin balleret,0.6748160123825073,1
2024-M-DC-2024-WG2-PO-PAR-MON-01_2.0,clay,2024,RR,martin antonio vergara del puerto,valentin vacherot,0.0688614621758461,0
2024-M-DC-2024-WG2-PO-PAR-MON-01_3.0,clay,2024,RR,adolfo daniel vallejo,valentin vacherot,0.06728211045265198,0
2024-M-DC-2024-WG2-PO-URU-MDA-01_1.0,clay,2024,RR,franco roncadelli,ilya snitari,0.3615657389163971,1
2024-M-DC-2024-WG2-PO-URU-MDA-01_2.0,clay,2024,RR,joaquin  aguilar cardozo,radu albot,0.052614614367485046,0
2024-M-DC-2024-WG2-PO-URU-MDA-01_3.0,clay,2024,RR,franco roncadelli,radu albot,0.289596289396286,0
2024-M-DC-2024-WG2-PO-URU-MDA-01_4.0,clay,2024,RR,ilya snitari,joaquin  aguilar cardozo,0.8177847862243652,0
2024-311_1.0,grass,2024,R32,adrian mannarino,grigor dimitrov,0.14405396580696106,0
2024-311_10.0,grass,2024,R32,sebastian baez,tommy paul,0.37510836124420166,0
2024-311_11.0,grass,2024,R32,carlos alcaraz,francisco cerundolo,0.895205020904541,1
2024-311_12.0,grass,2024,R32,billy harris,tomas martin etcheverry,0.21683794260025024,1
2024-311_13.0,grass,2024,R32,brandon nakashima,daniel evans,0.6706473231315613,1
2024-311_14.0,grass,2024,R32,ben shelton,giovanni mpetshi perricard,0.7386058568954468,0
2024-311_15.0,grass,2024,R32,alexei popyrin,andy murray,0.5684405565261841,0
2024-311_16.0,grass,2024,R32,jack draper,mariano navone,0.685433030128479,1
2024-311_17.0,grass,2024,R16,matteo arnaldi,rinky hijikata,0.7432619333267212,0
2024-311_18.0,grass,2024,R16,grigor dimitrov,sebastian korda,0.7117582559585571,0
2024-311_19.0,grass,2024,R16,andy murray,jordan thompson,0.43568935990333557,0
2024-311_2.0,grass,2024,R32,frances tiafoe,rinky hijikata,0.6646910309791565,0
2024-311_20.0,grass,2024,R16,milos raonic,taylor fritz,0.4225650727748871,0
2024-311_21.0,grass,2024,R16,alejandro tabilo,tommy paul,0.3398124873638153,0
2024-311_22.0,grass,2024,R16,carlos alcaraz,jack draper,0.8682305216789246,0
2024-311_23.0,grass,2024,R16,billy harris,giovanni mpetshi perricard,0.3947385251522064,1
2024-311_24.0,grass,2024,R16,brandon nakashima,lorenzo musetti,0.43526679277420044,0
2024-311_25.0,grass,2024,QF,jordan thompson,taylor fritz,0.22460204362869263,1
2024-311_26.0,grass,2024,QF,billy harris,lorenzo musetti,0.24142144620418549,0
2024-311_27.0,grass,2024,QF,jack draper,tommy paul,0.44163161516189575,0
2024-311_28.0,grass,2024,QF,rinky hijikata,sebastian korda,0.19615323841571808,0
2024-311_29.0,grass,2024,SF,jordan thompson,lorenzo musetti,0.4273279309272766,0
2024-311_3.0,grass,2024,R32,holger rune,jordan thompson,0.7428916692733765,0
2024-311_30.0,grass,2024,SF,sebastian korda,tommy paul,0.4924866557121277,0
2024-311_31.0,grass,2024,F,lorenzo musetti,tommy paul,0.3323805630207062,0
2024-311_4.0,grass,2024,R32,cameron norrie,milos raonic,0.3344046473503113,0
2024-311_5.0,grass,2024,R32,taro daniel,taylor fritz,0.1547435075044632,0
2024-311_6.0,grass,2024,R32,alex de minaur,lorenzo musetti,0.844708263874054,0
2024-311_7.0,grass,2024,R32,matteo arnaldi,ugo humbert,0.39427119493484497,1
2024-311_8.0,grass,2024,R32,karen khachanov,sebastian korda,0.45937901735305786,0
2024-311_9.0,grass,2024,R32,alejandro davidovich fokina,alejandro tabilo,0.4617204964160919,0
2024-315_1.0,grass,2024,F,alex michelsen,marcos giron,0.3559087812900543,0
2024-315_10.0,grass,2024,R16,alex michelsen,maxime cressy,0.5975591540336609,1
2024-315_11.0,grass,2024,R16,aleksandar kovacevic,arthur rinderknech,0.3685009777545929,1
2024-315_12.0,grass,2024,R16,aleksandar vukic,eliot spizzirri,0.702346920967102,1
2024-315_13.0,grass,2024,R16,christopher eubanks,ethan quinn,0.632956862449646,1
2024-315_14.0,grass,2024,R16,alex bolt,brandon nakashima,0.3172825872898102,1
2024-315_15.0,grass,2024,R16,benoit paire,marcos giron,0.15653860569000244,0
2024-315_16.0,grass,2024,R32,constant lestienne,reilly opelka,0.17651177942752838,0
2024-315_17.0,grass,2024,R32,billy harris,gabriel diallo,0.5421250462532043,1
2024-315_18.0,grass,2024,R32,mackenzie mcdonald,rinky hijikata,0.5395532846450806,1
2024-315_19.0,grass,2024,R32,maxime cressy,radu albot,0.40325379371643066,1
2024-315_2.0,grass,2024,SF,alex michelsen,reilly opelka,0.28555968403816223,1
2024-315_20.0,grass,2024,R32,aleksandar kovacevic,harold mayot,0.47366008162498474,1
2024-315_21.0,grass,2024,R32,arthur rinderknech,shintaro mochizuki,0.6885515451431274,1
2024-315_22.0,grass,2024,R32,aleksandar vukic,coleman wong,0.6837376356124878,1
2024-315_23.0,grass,2024,R32,eliot spizzirri,li tu,0.5382066965103149,1
2024-315_24.0,grass,2024,R32,ethan quinn,marc polmans,0.45135217905044556,1
2024-315_25.0,grass,2024,R32,brandon nakashima,emilio nava,0.7689597606658936,1
2024-315_26.0,grass,2024,R32,alex bolt,jakub mensik,0.3710009753704071,1
2024-315_27.0,grass,2024,R32,benoit paire,zachary svajda,0.4169572591781616,1
2024-315_3.0,grass,2024,SF,christopher eubanks,marcos giron,0.3432191014289856,0
2024-315_4.0,grass,2024,QF,mackenzie mcdonald,reilly opelka,0.3771064579486847,0
2024-315_5.0,grass,2024,QF,aleksandar kovacevic,alex michelsen,0.39632847905158997,0
2024-315_6.0,grass,2024,QF,aleksandar vukic,christopher eubanks,0.6217101216316223,0
2024-315_7.0,grass,2024,QF,alex bolt,marcos giron,0.3493001461029053,0
2024-315_8.0,grass,2024,R16,adrian mannarino,reilly opelka,0.4067331552505493,0
2024-315_9.0,grass,2024,R16,billy harris,mackenzie mcdonald,0.43450263142585754,0
2024-321_1.0,grass,2024,R32,jack draper,sebastian ofner,0.7109359502792358,1
2024-321_10.0,grass,2024,R32,denis shapovalov,matteo martineau,0.7286207675933838,1
2024-321_11.0,grass,2024,R32,andy murray,marcos giron,0.5094780325889587,0
2024-321_12.0,grass,2024,R32,flavio cobolli,jan-lennard struff,0.3124682307243347,0
2024-321_13.0,grass,2024,R16,dominik koepfer,lorenzo musetti,0.5129656195640564,0
2024-321_14.0,grass,2024,R16,frances tiafoe,yannick hanfmann,0.5659016966819763,1
2024-321_15.0,grass,2024,R16,alexander bublik,hamad medjedovic,0.6579288244247437,1
2024-321_16.0,grass,2024,R16,jack draper,marcos giron,0.6225795149803162,1
2024-321_17.0,grass,2024,R16,brandon nakashima,richard gasquet,0.6617969870567322,1
2024-321_18.0,grass,2024,R16,arthur rinderknech,jan-lennard struff,0.21779242157936096,0
2024-321_19.0,grass,2024,R16,denis shapovalov,matteo berrettini,0.300674706697464,0
2024-321_2.0,grass,2024,R32,dominik koepfer,zhizhen zhang,0.4401036500930786,1
2024-321_20.0,grass,2024,R16,ben shelton,james duckworth,0.76944500207901,0
2024-321_21.0,grass,2024,QF,frances tiafoe,jack draper,0.40069854259490967,0
2024-321_22.0,grass,2024,QF,brandon nakashima,jan-lennard struff,0.2528376877307892,1
2024-321_23.0,grass,2024,QF,james duckworth,matteo berrettini,0.20395399630069733,0
2024-321_24.0,grass,2024,QF,alexander bublik,lorenzo musetti,0.6583936810493469,0
2024-321_25.0,grass,2024,SF,brandon nakashima,jack draper,0.3610650897026062,0
2024-321_26.0,grass,2024,SF,lorenzo musetti,matteo berrettini,0.31486520171165466,0
2024-321_27.0,grass,2024,F,jack draper,matteo berrettini,0.36760959029197693,1
2024-321_3.0,grass,2024,R32,henri squire,yannick hanfmann,0.34900206327438354,0
2024-321_4.0,grass,2024,R32,fabian marozsan,hamad medjedovic,0.5609604120254517,0
2024-321_5.0,grass,2024,R32,giovanni mpetshi perricard,lorenzo musetti,0.37460580468177795,0
2024-321_6.0,grass,2024,R32,james duckworth,pierre-hugues herbert,0.4657634198665619,1
2024-321_7.0,grass,2024,R32,brandon nakashima,christopher eubanks,0.6050400733947754,1
2024-321_8.0,grass,2024,R32,matteo berrettini,roman safiullin,0.7355238199234009,1
2024-321_9.0,grass,2024,R32,alex michelsen,arthur rinderknech,0.5097132921218872,0
2024-440_1.0,grass,2024,R32,david goffin,luca nardi,0.5895284414291382,0
2024-440_10.0,grass,2024,R32,alexei popyrin,rinky hijikata,0.6252634525299072,1
2024-440_11.0,grass,2024,R32,sebastian korda,tristan schoolkate,0.855344295501709,1
2024-440_12.0,grass,2024,R32,tim van rijthoven,zizou bergs,0.6184582710266113,0
2024-440_13.0,grass,2024,R16,adrian mannarino,gijs brouwer,0.639614999294281,0
2024-440_14.0,grass,2024,R16,mackenzie mcdonald,tallon griekspoor,0.28557059168815613,0
2024-440_15.0,grass,2024,R16,arthur fils,ugo humbert,0.2512788474559784,0
2024-440_16.0,grass,2024,R16,luca nardi,sebastian korda,0.17539583146572113,0
2024-440_17.0,grass,2024,R16,alexei popyrin,tommy paul,0.2724439203739166,0
2024-440_18.0,grass,2024,R16,aleksandar vukic,karen khachanov,0.13869091868400574,1
2024-440_19.0,grass,2024,R16,alex de minaur,zizou bergs,0.9159743189811707,1
2024-440_2.0,grass,2024,R32,adrian mannarino,stefano napolitano,0.70975661277771,1
2024-440_20.0,grass,2024,R16,milos raonic,roberto bautista agut,0.713927149772644,1
2024-440_21.0,grass,2024,QF,sebastian korda,tommy paul,0.43077608942985535,1
2024-440_22.0,grass,2024,QF,aleksandar vukic,tallon griekspoor,0.17836473882198334,0
2024-440_23.0,grass,2024,QF,alex de minaur,milos raonic,0.7187812924385071,1
2024-440_24.0,grass,2024,QF,gijs brouwer,ugo humbert,0.24255481362342834,0
2024-440_25.0,grass,2024,SF,sebastian korda,tallon griekspoor,0.5036680102348328,1
2024-440_26.0,grass,2024,SF,alex de minaur,ugo humbert,0.7070277333259583,1
2024-440_27.0,grass,2024,F,alex de minaur,sebastian korda,0.7003690004348755,1
2024-440_3.0,grass,2024,R32,gijs brouwer,jakub mensik,0.34550878405570984,1
2024-440_4.0,grass,2024,R32,botic van de zandschulp,mackenzie mcdonald,0.5334804058074951,0
2024-440_5.0,grass,2024,R32,arthur cazaux,arthur fils,0.41683241724967957,0
2024-440_6.0,grass,2024,R32,jordan thompson,milos raonic,0.30756324529647827,0
2024-440_7.0,grass,2024,R32,aleksandar vukic,max purcell,0.5495113134384155,1
2024-440_8.0,grass,2024,R32,miomir kecmanovic,tallon griekspoor,0.35032254457473755,0
2024-440_9.0,grass,2024,R32,marc-andrea huesler,roberto bautista agut,0.3182290196418762,0
2024-500_1.0,grass,2024,R32,dominik koepfer,felix auger-aliassime,0.24413421750068665,1
2024-500_10.0,grass,2024,R32,christopher eubanks,pedro martinez,0.4347405731678009,1
2024-500_11.0,grass,2024,R32,alexander bublik,max purcell,0.7866591811180115,1
2024-500_12.0,grass,2024,R32,jannik sinner,tallon griekspoor,0.8816123008728027,1
2024-500_13.0,grass,2024,R32,alexander zverev,oscar otte,0.9424975514411926,1
2024-500_14.0,grass,2024,R32,henri squire,stefanos tsitsipas,0.08399403840303421,0
2024-500_15.0,grass,2024,R32,alex michelsen,matteo berrettini,0.2036890983581543,0
2024-500_16.0,grass,2024,R32,jan-lennard struff,luciano darderi,0.6957170367240906,1
2024-500_17.0,grass,2024,R16,arthur fils,dominik koepfer,0.44166404008865356,1
2024-500_18.0,grass,2024,R16,alexander bublik,christopher eubanks,0.7712671160697937,0
2024-500_19.0,grass,2024,R16,daniil medvedev,zhizhen zhang,0.8701327443122864,0
2024-500_2.0,grass,2024,R32,lorenzo sonego,miomir kecmanovic,0.4479086101055145,1
2024-500_20.0,grass,2024,R16,alexander zverev,lorenzo sonego,0.8986080884933472,1
2024-500_21.0,grass,2024,R16,hubert hurkacz,james duckworth,0.8450869917869568,1
2024-500_22.0,grass,2024,R16,fabian marozsan,jannik sinner,0.05830046162009239,0
2024-500_23.0,grass,2024,R16,marcos giron,matteo berrettini,0.2632790803909302,1
2024-500_24.0,grass,2024,R16,jan-lennard struff,stefanos tsitsipas,0.32654792070388794,1
2024-500_25.0,grass,2024,QF,hubert hurkacz,marcos giron,0.80677729845047,1
2024-500_26.0,grass,2024,QF,alexander zverev,arthur fils,0.8695080280303955,1
2024-500_27.0,grass,2024,QF,jan-lennard struff,jannik sinner,0.11682259291410446,0
2024-500_28.0,grass,2024,QF,christopher eubanks,zhizhen zhang,0.3057948052883148,0
2024-500_29.0,grass,2024,SF,alexander zverev,hubert hurkacz,0.6540110111236572,0
2024-500_3.0,grass,2024,R32,sebastian ofner,zhizhen zhang,0.4145011603832245,0
2024-500_30.0,grass,2024,SF,jannik sinner,zhizhen zhang,0.9249544739723206,1
2024-500_31.0,grass,2024,F,hubert hurkacz,jannik sinner,0.21479426324367523,0
2024-500_4.0,grass,2024,R32,fabian marozsan,roman safiullin,0.5556796789169312,1
2024-500_5.0,grass,2024,R32,daniil medvedev,nuno borges,0.8943740725517273,1
2024-500_6.0,grass,2024,R32,flavio cobolli,hubert hurkacz,0.2153475135564804,0
2024-500_7.0,grass,2024,R32,arthur fils,tomas machac,0.28866487741470337,1
2024-500_8.0,grass,2024,R32,james duckworth,joao fonseca,0.6276624202728271,1
2024-500_9.0,grass,2024,R32,andrey rublev,marcos giron,0.8139987587928772,0
2024-540_1.0,grass,2024,R128,fabio fognini,luca van assche,0.623315155506134,1
2024-540_10.0,grass,2024,R128,maxime janvier,zhizhen zhang,0.19700199365615845,0
2024-540_100.0,grass,2024,R32,jannik sinner,miomir kecmanovic,0.9304385781288147,1
2024-540_101.0,grass,2024,R32,alex de minaur,lucas pouille,0.9030864238739014,1
2024-540_102.0,grass,2024,R32,ben shelton,denis shapovalov,0.5634058117866516,1
2024-540_103.0,grass,2024,R32,brandon nakashima,ugo humbert,0.37356317043304443,0
2024-540_104.0,grass,2024,R32,alexander zverev,cameron norrie,0.8589731454849243,1
2024-540_105.0,grass,2024,R32,arthur fils,roman safiullin,0.5672236680984497,1
2024-540_106.0,grass,2024,R32,emil ruusuvuori,giovanni mpetshi perricard,0.6163989305496216,0
2024-540_107.0,grass,2024,R32,fabio fognini,roberto bautista agut,0.522515058517456,0
2024-540_108.0,grass,2024,R32,francisco comesana,lorenzo musetti,0.1881149858236313,0
2024-540_109.0,grass,2024,R32,holger rune,quentin halys,0.7618240118026733,1
2024-540_11.0,grass,2024,R128,marton fucsovics,matteo berrettini,0.3944207429885864,0
2024-540_110.0,grass,2024,R32,daniil medvedev,jan-lennard struff,0.6812162399291992,1
2024-540_111.0,grass,2024,R32,alexei popyrin,novak djokovic,0.08212533593177795,0
2024-540_112.0,grass,2024,R32,alejandro tabilo,taylor fritz,0.3612121641635895,0
2024-540_113.0,grass,2024,R16,carlos alcaraz,ugo humbert,0.8657919764518738,1
2024-540_114.0,grass,2024,R16,ben shelton,jannik sinner,0.07739782333374023,0
2024-540_115.0,grass,2024,R16,daniil medvedev,grigor dimitrov,0.5671377182006836,1
2024-540_116.0,grass,2024,R16,roberto bautista agut,tommy paul,0.21557985246181488,0
2024-540_117.0,grass,2024,R16,giovanni mpetshi perricard,lorenzo musetti,0.33979183435440063,0
2024-540_118.0,grass,2024,R16,alex de minaur,arthur fils,0.8143395781517029,1
2024-540_119.0,grass,2024,R16,alexander zverev,taylor fritz,0.6672253012657166,0
2024-540_12.0,grass,2024,R128,brandon nakashima,sebastian baez,0.4401119649410248,1
2024-540_120.0,grass,2024,R16,holger rune,novak djokovic,0.19781182706356049,0
2024-540_121.0,grass,2024,QF,daniil medvedev,jannik sinner,0.26602810621261597,1
2024-540_122.0,grass,2024,QF,carlos alcaraz,tommy paul,0.7630380392074585,1
2024-540_123.0,grass,2024,QF,alex de minaur,novak djokovic,0.35637640953063965,0
2024-540_124.0,grass,2024,QF,lorenzo musetti,taylor fritz,0.3107661306858063,1
2024-540_125.0,grass,2024,SF,carlos alcaraz,daniil medvedev,0.6549774408340454,1
2024-540_126.0,grass,2024,SF,lorenzo musetti,novak djokovic,0.1465965062379837,0
2024-540_127.0,grass,2024,F,carlos alcaraz,novak djokovic,0.5035239458084106,1
2024-540_13.0,grass,2024,R128,adrian mannarino,gael monfils,0.3348178267478943,0
2024-540_14.0,grass,2024,R128,aleksandar kovacevic,daniil medvedev,0.056037042289972305,0
2024-540_15.0,grass,2024,R128,charles broom,stan wawrinka,0.33657994866371155,0
2024-540_16.0,grass,2024,R128,alexandre muller,hugo gaston,0.5561419725418091,1
2024-540_17.0,grass,2024,R128,arthur fery,daniel altmaier,0.4026521146297455,0
2024-540_18.0,grass,2024,R128,carlos alcaraz,mark lajal,0.9700137376785278,1
2024-540_19.0,grass,2024,R128,alex michelsen,lloyd harris,0.5392493605613708,0
2024-540_2.0,grass,2024,R128,cristian garin,juncheng shang,0.6088967323303223,0
2024-540_20.0,grass,2024,R128,arthur cazaux,zizou bergs,0.48721709847450256,1
2024-540_21.0,grass,2024,R128,alexander shevchenko,ugo humbert,0.33596688508987427,0
2024-540_22.0,grass,2024,R128,aleksandar vukic,sebastian ofner,0.45964884757995605,1
2024-540_23.0,grass,2024,R128,alexander bublik,jakub mensik,0.5532163977622986,1
2024-540_24.0,grass,2024,R128,botic van de zandschulp,liam broady,0.5413259267807007,1
2024-540_25.0,grass,2024,R128,maximilian marterer,roberto bautista agut,0.26595988869667053,0
2024-540_26.0,grass,2024,R128,lorenzo sonego,mariano navone,0.5272290706634521,1
2024-540_27.0,grass,2024,R128,daniel elahi galan,tallon griekspoor,0.12721288204193115,0
2024-540_28.0,grass,2024,R128,jannik sinner,yannick hanfmann,0.9651833176612854,1
2024-540_29.0,grass,2024,R128,max purcell,otto virtanen,0.5509113669395447,0
2024-540_3.0,grass,2024,R128,alex bolt,casper ruud,0.08237488567829132,0
2024-540_30.0,grass,2024,R128,pedro martinez,tommy paul,0.1401289999485016,0
2024-540_31.0,grass,2024,R128,miomir kecmanovic,sumit nagal,0.6919676661491394,1
2024-540_32.0,grass,2024,R128,nuno borges,yoshihito nishioka,0.43118971586227417,0
2024-540_33.0,grass,2024,R128,paul jubb,thiago seyboth wild,0.36233407258987427,0
2024-540_34.0,grass,2024,R128,giovanni mpetshi perricard,sebastian korda,0.1813839077949524,1
2024-540_35.0,grass,2024,R128,constant lestienne,lorenzo musetti,0.15760040283203125,0
2024-540_36.0,grass,2024,R128,jan choinski,luciano darderi,0.2702368497848511,0
2024-540_37.0,grass,2024,R128,hubert hurkacz,radu albot,0.889066755771637,1
2024-540_38.0,grass,2024,R128,alex de minaur,james duckworth,0.8735935688018799,1
2024-540_39.0,grass,2024,R128,billy harris,jaume munar,0.494861900806427,0
2024-540_4.0,grass,2024,R128,borna coric,felipe meligeni alves,0.6883209943771362,1
2024-540_40.0,grass,2024,R128,alexei popyrin,thiago monteiro,0.4366731345653534,1
2024-540_41.0,grass,2024,R128,luca nardi,tomas martin etcheverry,0.25660252571105957,0
2024-540_42.0,grass,2024,R128,andrey rublev,francisco comesana,0.9052161574363708,0
2024-540_43.0,grass,2024,R128,ben shelton,mattia bellucci,0.8023269176483154,1
2024-540_44.0,grass,2024,R128,alejandro moro canas,jacob fearnley,0.5444811582565308,0
2024-540_45.0,grass,2024,R128,adam walton,federico coria,0.3531828224658966,1
2024-540_46.0,grass,2024,R128,alexander zverev,roberto carballes baena,0.8706881999969482,1
2024-540_47.0,grass,2024,R128,novak djokovic,vit kopriva,0.9649809002876282,1
2024-540_48.0,grass,2024,R128,arthur fils,dominic stricker,0.5622617602348328,1
2024-540_49.0,grass,2024,R128,stefanos tsitsipas,taro daniel,0.8852874636650085,1
2024-540_5.0,grass,2024,R128,fabian marozsan,jan-lennard struff,0.26531797647476196,0
2024-540_50.0,grass,2024,R128,holger rune,soonwoo kwon,0.7475458979606628,1
2024-540_51.0,grass,2024,R128,henry searle,marcos giron,0.26365926861763,0
2024-540_52.0,grass,2024,R128,elias ymer,jack draper,0.17565423250198364,0
2024-540_53.0,grass,2024,R128,flavio cobolli,rinky hijikata,0.6075968742370605,1
2024-540_54.0,grass,2024,R128,cameron norrie,facundo diaz acosta,0.6019121408462524,1
2024-540_55.0,grass,2024,R128,christopher o'connell,taylor fritz,0.18167519569396973,0
2024-540_56.0,grass,2024,R128,christopher eubanks,quentin halys,0.47417354583740234,0
2024-540_57.0,grass,2024,R128,aslan karatsev,karen khachanov,0.28157538175582886,0
2024-540_58.0,grass,2024,R128,francisco cerundolo,roman safiullin,0.6391332745552063,0
2024-540_59.0,grass,2024,R128,emil ruusuvuori,mackenzie mcdonald,0.579755425453186,1
2024-540_6.0,grass,2024,R128,dusan lajovic,grigor dimitrov,0.18441811203956604,0
2024-540_60.0,grass,2024,R128,laslo djere,lucas pouille,0.5319250226020813,0
2024-540_61.0,grass,2024,R128,arthur rinderknech,kei nishikori,0.20906905829906464,1
2024-540_62.0,grass,2024,R128,david goffin,tomas machac,0.20485849678516388,0
2024-540_63.0,grass,2024,R128,alejandro tabilo,daniel evans,0.8027297854423523,1
2024-540_64.0,grass,2024,R128,felix auger-aliassime,thanasi kokkinakis,0.7270216345787048,0
2024-540_65.0,grass,2024,R64,casper ruud,fabio fognini,0.8564366698265076,0
2024-540_66.0,grass,2024,R64,borna coric,frances tiafoe,0.4831991493701935,0
2024-540_67.0,grass,2024,R64,brandon nakashima,jordan thompson,0.4777716100215912,1
2024-540_68.0,grass,2024,R64,botic van de zandschulp,ugo humbert,0.29609420895576477,0
2024-540_69.0,grass,2024,R64,alexandre muller,daniil medvedev,0.10328616201877594,0
2024-540_7.0,grass,2024,R128,denis shapovalov,nicolas jarry,0.3810046315193176,1
2024-540_70.0,grass,2024,R64,aleksandar vukic,carlos alcaraz,0.06606785953044891,0
2024-540_71.0,grass,2024,R64,lorenzo sonego,roberto bautista agut,0.4865773916244507,0
2024-540_72.0,grass,2024,R64,alexander bublik,arthur cazaux,0.7382524609565735,1
2024-540_73.0,grass,2024,R64,otto virtanen,tommy paul,0.11929690092802048,0
2024-540_74.0,grass,2024,R64,miomir kecmanovic,tallon griekspoor,0.3329671025276184,1
2024-540_75.0,grass,2024,R64,jan-lennard struff,zhizhen zhang,0.6861262321472168,1
2024-540_76.0,grass,2024,R64,jannik sinner,matteo berrettini,0.8782029747962952,1
2024-540_77.0,grass,2024,R64,alex de minaur,jaume munar,0.89646315574646,1
2024-540_78.0,grass,2024,R64,arthur fils,hubert hurkacz,0.18403494358062744,1
2024-540_79.0,grass,2024,R64,adam walton,francisco comesana,0.5062423944473267,0
2024-540_8.0,grass,2024,R128,frances tiafoe,matteo arnaldi,0.35473987460136414,1
2024-540_80.0,grass,2024,R64,ben shelton,lloyd harris,0.7188482880592346,1
2024-540_81.0,grass,2024,R64,grigor dimitrov,juncheng shang,0.8756231665611267,1
2024-540_82.0,grass,2024,R64,daniel altmaier,denis shapovalov,0.35703927278518677,0
2024-540_83.0,grass,2024,R64,alexei popyrin,tomas martin etcheverry,0.4488331079483032,1
2024-540_84.0,grass,2024,R64,lorenzo musetti,luciano darderi,0.6099080443382263,1
2024-540_85.0,grass,2024,R64,roman safiullin,tomas machac,0.2950389087200165,1
2024-540_86.0,grass,2024,R64,jacob fearnley,novak djokovic,0.03385128825902939,0
2024-540_87.0,grass,2024,R64,alejandro tabilo,flavio cobolli,0.6427661776542664,1
2024-540_88.0,grass,2024,R64,gael monfils,stan wawrinka,0.699317455291748,1
2024-540_89.0,grass,2024,R64,karen khachanov,quentin halys,0.7715283632278442,0
2024-540_9.0,grass,2024,R128,jordan thompson,pavel kotov,0.47296130657196045,1
2024-540_90.0,grass,2024,R64,holger rune,thiago seyboth wild,0.74672931432724,1
2024-540_91.0,grass,2024,R64,arthur rinderknech,taylor fritz,0.16260018944740295,0
2024-540_92.0,grass,2024,R64,lucas pouille,thanasi kokkinakis,0.3624740540981293,1
2024-540_93.0,grass,2024,R64,cameron norrie,jack draper,0.30562686920166016,1
2024-540_94.0,grass,2024,R64,emil ruusuvuori,stefanos tsitsipas,0.2134985476732254,1
2024-540_95.0,grass,2024,R64,giovanni mpetshi perricard,yoshihito nishioka,0.4372021555900574,1
2024-540_96.0,grass,2024,R64,alexander zverev,marcos giron,0.8702073097229004,1
2024-540_97.0,grass,2024,R32,alexander bublik,tommy paul,0.25079888105392456,0
2024-540_98.0,grass,2024,R32,carlos alcaraz,frances tiafoe,0.9092295169830322,1
2024-540_99.0,grass,2024,R32,gael monfils,grigor dimitrov,0.24860456585884094,0
2024-741_1.0,grass,2024,R32,billy harris,jacob fearnley,0.5900552868843079,1
2024-741_10.0,grass,2024,R32,giles hussey,mariano navone,0.2934771776199341,1
2024-741_11.0,grass,2024,R32,arthur rinderknech,flavio cobolli,0.40114614367485046,0
2024-741_12.0,grass,2024,R32,henry searle,lorenzo sonego,0.3224219083786011,0
2024-741_13.0,grass,2024,R16,billy harris,charles broom,0.570804238319397,1
2024-741_14.0,grass,2024,R16,marcos giron,yoshihito nishioka,0.5796371102333069,0
2024-741_15.0,grass,2024,R16,miomir kecmanovic,sebastian baez,0.3624209463596344,1
2024-741_16.0,grass,2024,R16,emil ruusuvuori,juncheng shang,0.6540560126304626,0
2024-741_17.0,grass,2024,R16,lorenzo sonego,max purcell,0.6560850143432617,0
2024-741_18.0,grass,2024,R16,flavio cobolli,giles hussey,0.6993737816810608,1
2024-741_19.0,grass,2024,R16,aleksandar vukic,alexander bublik,0.2886941730976105,1
2024-741_2.0,grass,2024,R32,aleksandar vukic,fabian marozsan,0.394724577665329,1
2024-741_20.0,grass,2024,R16,taylor fritz,thiago seyboth wild,0.8210877180099487,1
2024-741_21.0,grass,2024,QF,billy harris,flavio cobolli,0.306927889585495,1
2024-741_22.0,grass,2024,QF,max purcell,miomir kecmanovic,0.29313287138938904,1
2024-741_23.0,grass,2024,QF,aleksandar vukic,yoshihito nishioka,0.41231539845466614,1
2024-741_24.0,grass,2024,QF,juncheng shang,taylor fritz,0.15913313627243042,0
2024-741_25.0,grass,2024,SF,billy harris,max purcell,0.534099817276001,0
2024-741_26.0,grass,2024,SF,aleksandar vukic,taylor fritz,0.16530022025108337,0
2024-741_27.0,grass,2024,F,max purcell,taylor fritz,0.1403331756591797,0
2024-741_3.0,grass,2024,R32,laslo djere,max purcell,0.5701298117637634,0
2024-741_4.0,grass,2024,R32,juncheng shang,tomas martin etcheverry,0.3392198085784912,1
2024-741_5.0,grass,2024,R32,francisco cerundolo,marcos giron,0.6188505291938782,0
2024-741_6.0,grass,2024,R32,cameron norrie,emil ruusuvuori,0.5296611189842224,0
2024-741_7.0,grass,2024,R32,james mccabe,thiago seyboth wild,0.3213867247104645,0
2024-741_8.0,grass,2024,R32,liam broady,yoshihito nishioka,0.44924336671829224,0
2024-741_9.0,grass,2024,R32,miomir kecmanovic,zhizhen zhang,0.39613452553749084,1
2024-8994_1.0,grass,2024,R32,alex michelsen,nuno borges,0.40394458174705505,1
2024-8994_10.0,grass,2024,R32,maximilian marterer,paul jubb,0.5031274557113647,0
2024-8994_11.0,grass,2024,R32,adam walton,yannick hanfmann,0.30447161197662354,1
2024-8994_12.0,grass,2024,R32,christopher eubanks,jakub mensik,0.386824369430542,0
2024-8994_13.0,grass,2024,R16,adrian mannarino,alex michelsen,0.6311776041984558,0
2024-8994_14.0,grass,2024,R16,roberto bautista agut,ugo humbert,0.31335264444351196,1
2024-8994_15.0,grass,2024,R16,luciano darderi,sebastian ofner,0.5769982933998108,0
2024-8994_16.0,grass,2024,R16,gael monfils,roberto carballes baena,0.5695050358772278,1
2024-8994_17.0,grass,2024,R16,alejandro tabilo,alexander shevchenko,0.6324320435523987,1
2024-8994_18.0,grass,2024,R16,fabio fognini,jakub mensik,0.505010724067688,0
2024-8994_19.0,grass,2024,R16,adam walton,paul jubb,0.47873055934906006,0
2024-8994_2.0,grass,2024,R32,roberto bautista agut,taro daniel,0.6017839908599854,1
2024-8994_20.0,grass,2024,R16,ben shelton,rinky hijikata,0.652708888053894,1
2024-8994_21.0,grass,2024,QF,alejandro tabilo,jakub mensik,0.617234468460083,1
2024-8994_22.0,grass,2024,QF,gael monfils,roberto bautista agut,0.5628238916397095,1
2024-8994_23.0,grass,2024,QF,alex michelsen,sebastian ofner,0.4357546269893646,0
2024-8994_24.0,grass,2024,QF,ben shelton,paul jubb,0.8228749632835388,0
2024-8994_25.0,grass,2024,SF,alejandro tabilo,gael monfils,0.50214022397995,1
2024-8994_26.0,grass,2024,SF,paul jubb,sebastian ofner,0.35430824756622314,0
2024-8994_27.0,grass,2024,F,alejandro tabilo,sebastian ofner,0.6747827529907227,1
2024-8994_3.0,grass,2024,R32,pablo carreno busta,roberto carballes baena,0.5806477069854736,0
2024-8994_4.0,grass,2024,R32,luca nardi,rinky hijikata,0.38732317090034485,0
2024-8994_5.0,grass,2024,R32,fabio fognini,gijs brouwer,0.5625683665275574,1
2024-8994_6.0,grass,2024,R32,alexander shevchenko,constant lestienne,0.7586627006530762,1
2024-8994_7.0,grass,2024,R32,luciano darderi,pedro martinez,0.6208757162094116,1
2024-8994_8.0,grass,2024,R32,jaume munar,sebastian ofner,0.5091921091079712,0
2024-8994_9.0,grass,2024,R32,dominic thiem,gael monfils,0.34266871213912964,0
2024-M-DC-2024-WG1-PO-PAK-IND-01_1.0,grass,2024,RR,aisam-ul-haq qureshi,ramkumar ramanathan,0.66620272397995,0
2024-M-DC-2024-WG1-PO-PAK-IND-01_2.0,grass,2024,RR,aqeel khan,n.sriram balaji,0.5750601291656494,0
2024-M-DC-2024-WG1-PO-PAK-IND-01_3.0,grass,2024,RR,muhammad shoaib,niki kaliyanda poonacha,0.47821906208992004,0
2024-301_1.0,hard,2024,R32,j.j. wolf,luca van assche,0.4634142220020294,0
2024-301_10.0,hard,2024,R32,denis shapovalov,sebastian ofner,0.32335788011550903,0
2024-301_11.0,hard,2024,R32,roberto bautista agut,roberto carballes baena,0.7985076904296875,0
2024-301_12.0,hard,2024,R32,fabian marozsan,gael monfils,0.5156941413879395,1
2024-301_13.0,hard,2024,R16,cameron norrie,luca van assche,0.7035146355628967,1
2024-301_14.0,hard,2024,R16,alejandro tabilo,botic van de zandschulp,0.23642833530902863,1
2024-301_15.0,hard,2024,R16,daniel altmaier,felix auger-aliassime,0.44230541586875916,1
2024-301_16.0,hard,2024,R16,arthur fils,nuno borges,0.6880186796188354,1
2024-301_17.0,hard,2024,R16,max purcell,taro daniel,0.4420577883720398,0
2024-301_18.0,hard,2024,R16,alexandre muller,francisco cerundolo,0.2158963978290558,1
2024-301_19.0,hard,2024,R16,roberto carballes baena,sebastian ofner,0.3067041039466858,1
2024-301_2.0,hard,2024,R32,alejandro tabilo,borna gojo,0.5901973247528076,1
2024-301_20.0,hard,2024,R16,ben shelton,fabian marozsan,0.7002161741256714,1
2024-301_21.0,hard,2024,QF,alejandro tabilo,cameron norrie,0.34483954310417175,1
2024-301_22.0,hard,2024,QF,arthur fils,daniel altmaier,0.669677734375,1
2024-301_23.0,hard,2024,QF,alexandre muller,taro daniel,0.49018174409866333,0
2024-301_24.0,hard,2024,QF,ben shelton,roberto carballes baena,0.7493219375610352,1
2024-301_25.0,hard,2024,SF,alejandro tabilo,arthur fils,0.39305245876312256,1
2024-301_26.0,hard,2024,SF,ben shelton,taro daniel,0.6127535700798035,0
2024-301_27.0,hard,2024,F,alejandro tabilo,taro daniel,0.5146080851554871,1
2024-301_3.0,hard,2024,R32,botic van de zandschulp,christopher eubanks,0.7214471101760864,1
2024-301_4.0,hard,2024,R32,daniel altmaier,marcos giron,0.5230279564857483,1
2024-301_5.0,hard,2024,R32,alex michelsen,nuno borges,0.32230818271636963,0
2024-301_6.0,hard,2024,R32,arthur fils,richard gasquet,0.7755370140075684,1
2024-301_7.0,hard,2024,R32,kiranpal pannu,max purcell,0.14920291304588318,0
2024-301_8.0,hard,2024,R32,aleksandar vukic,taro daniel,0.5098063349723816,0
2024-301_9.0,hard,2024,R32,alexandre muller,benjamin bonzi,0.6383094787597656,1
2024-328_1.0,hard,2024,R32,jerome kym,ugo humbert,0.18827921152114868,0
2024-328_10.0,hard,2024,R32,alejandro tabilo,marin cilic,0.6638746857643127,1
2024-328_11.0,hard,2024,R32,holger rune,nicolas jarry,0.8321930170059204,1
2024-328_12.0,hard,2024,R32,francisco cerundolo,stefanos tsitsipas,0.23018279671669006,0
2024-328_13.0,hard,2024,R32,felix auger-aliassime,sebastian baez,0.7646974325180054,1
2024-328_14.0,hard,2024,R32,jiri lehecka,pedro martinez,0.6565228700637817,0
2024-328_15.0,hard,2024,R32,casper ruud,roberto bautista agut,0.46784743666648865,0
2024-328_16.0,hard,2024,R32,adrian mannarino,stan wawrinka,0.4847166836261749,0
2024-328_17.0,hard,2024,R16,david goffin,ugo humbert,0.32696497440338135,1
2024-328_18.0,hard,2024,R16,alejandro tabilo,andrey rublev,0.17134110629558563,0
2024-328_19.0,hard,2024,R16,botic van de zandschulp,stefanos tsitsipas,0.2284824699163437,0
2024-328_2.0,hard,2024,R32,david goffin,matteo arnaldi,0.702071487903595,1
2024-328_20.0,hard,2024,R16,arthur fils,pedro martinez,0.8202982544898987,1
2024-328_21.0,hard,2024,R16,ben shelton,stan wawrinka,0.787733256816864,1
2024-328_22.0,hard,2024,R16,denis shapovalov,roberto bautista agut,0.5595532059669495,1
2024-328_23.0,hard,2024,R16,dominic stricker,holger rune,0.2193380445241928,0
2024-328_24.0,hard,2024,R16,felix auger-aliassime,giovanni mpetshi perricard,0.5053629279136658,0
2024-328_25.0,hard,2024,QF,arthur fils,stefanos tsitsipas,0.38796937465667725,1
2024-328_26.0,hard,2024,QF,andrey rublev,ben shelton,0.7069115042686462,0
2024-328_27.0,hard,2024,QF,david goffin,holger rune,0.5915820002555847,0
2024-328_28.0,hard,2024,QF,denis shapovalov,giovanni mpetshi perricard,0.6469670534133911,0
2024-328_29.0,hard,2024,SF,arthur fils,ben shelton,0.4632011353969574,0
2024-328_3.0,hard,2024,R32,arthur fils,daniel altmaier,0.5799482464790344,1
2024-328_30.0,hard,2024,SF,giovanni mpetshi perricard,holger rune,0.19497287273406982,1
2024-328_31.0,hard,2024,F,ben shelton,giovanni mpetshi perricard,0.7774716019630432,0
2024-328_4.0,hard,2024,R32,giovanni mpetshi perricard,james duckworth,0.5169939994812012,1
2024-328_5.0,hard,2024,R32,andrey rublev,nuno borges,0.8094587922096252,1
2024-328_6.0,hard,2024,R32,denis shapovalov,juncheng shang,0.4223649501800537,1
2024-328_7.0,hard,2024,R32,dominic stricker,tallon griekspoor,0.2373715192079544,1
2024-328_8.0,hard,2024,R32,alexander bublik,botic van de zandschulp,0.34188926219940186,0
2024-328_9.0,hard,2024,R32,ben shelton,tomas martin etcheverry,0.8064137697219849,1
2024-329_1.0,hard,2024,R32,luciano darderi,mariano navone,0.6828668713569641,0
2024-329_10.0,hard,2024,R32,ben shelton,reilly opelka,0.8281681537628174,1
2024-329_11.0,hard,2024,R32,brandon nakashima,frances tiafoe,0.30328235030174255,1
2024-329_12.0,hard,2024,R32,christopher o'connell,tomas martin etcheverry,0.555020272731781,1
2024-329_13.0,hard,2024,R32,alejandro tabilo,holger rune,0.2117382436990738,0
2024-329_14.0,hard,2024,R32,arthur fils,taylor fritz,0.3659411668777466,1
2024-329_15.0,hard,2024,R32,kei nishikori,marin cilic,0.6576594114303589,1
2024-329_16.0,hard,2024,R32,casper ruud,jordan thompson,0.5517881512641907,0
2024-329_17.0,hard,2024,R16,hubert hurkacz,jack draper,0.6409127116203308,0
2024-329_18.0,hard,2024,R16,ben shelton,mariano navone,0.7602905035018921,1
2024-329_19.0,hard,2024,R16,arthur fils,matteo berrettini,0.46371734142303467,1
2024-329_2.0,hard,2024,R32,botic van de zandschulp,matteo berrettini,0.30560556054115295,0
2024-329_20.0,hard,2024,R16,brandon nakashima,ugo humbert,0.4356348514556885,0
2024-329_21.0,hard,2024,R16,tomas machac,tommy paul,0.5503465533256531,1
2024-329_22.0,hard,2024,R16,alex michelsen,christopher o'connell,0.553978443145752,1
2024-329_23.0,hard,2024,R16,jordan thompson,kei nishikori,0.37551581859588623,0
2024-329_24.0,hard,2024,R16,holger rune,yoshihito nishioka,0.6781932711601257,1
2024-329_25.0,hard,2024,QF,alex michelsen,tomas machac,0.46253809332847595,0
2024-329_26.0,hard,2024,QF,jack draper,ugo humbert,0.5458176136016846,0
2024-329_27.0,hard,2024,QF,holger rune,kei nishikori,0.7377681136131287,1
2024-329_28.0,hard,2024,QF,arthur fils,ben shelton,0.5057786703109741,1
2024-329_29.0,hard,2024,SF,tomas machac,ugo humbert,0.3644096851348877,0
2024-329_3.0,hard,2024,R32,hubert hurkacz,marcos giron,0.7821200489997864,1
2024-329_30.0,hard,2024,SF,arthur fils,holger rune,0.26867952942848206,1
2024-329_31.0,hard,2024,F,arthur fils,ugo humbert,0.3031250238418579,1
2024-329_4.0,hard,2024,R32,shintaro mochizuki,ugo humbert,0.09996867179870605,0
2024-329_5.0,hard,2024,R32,felix auger-aliassime,yoshihito nishioka,0.6370656490325928,0
2024-329_6.0,hard,2024,R32,jack draper,mattia bellucci,0.7553709149360657,1
2024-329_7.0,hard,2024,R32,matteo arnaldi,tommy paul,0.255724161863327,0
2024-329_8.0,hard,2024,R32,alexei popyrin,tomas machac,0.44760701060295105,0
2024-329_9.0,hard,2024,R32,alex michelsen,stefanos tsitsipas,0.2817847430706024,1
2024-336_1.0,hard,2024,R32,benjamin bonzi,emil ruusuvuori,0.2465607225894928,0
2024-336_10.0,hard,2024,R32,arthur fils,borna gojo,0.5803168416023254,1
2024-336_11.0,hard,2024,R32,marc-andrea huesler,vitaliy sachko,0.6670430302619934,1
2024-336_12.0,hard,2024,R32,liam broady,pedro cachin,0.34164339303970337,1
2024-336_13.0,hard,2024,R16,emil ruusuvuori,karen khachanov,0.5311952233314514,1
2024-336_14.0,hard,2024,R16,lorenzo musetti,pavel kotov,0.671535313129425,0
2024-336_15.0,hard,2024,R16,francisco cerundolo,roberto bautista agut,0.3603041172027588,0
2024-336_16.0,hard,2024,R16,jan-lennard struff,sebastian ofner,0.36428186297416687,0
2024-336_17.0,hard,2024,R16,botic van de zandschulp,juncheng shang,0.4948803782463074,0
2024-336_18.0,hard,2024,R16,frances tiafoe,miomir kecmanovic,0.7871148586273193,1
2024-336_19.0,hard,2024,R16,arthur fils,marc-andrea huesler,0.7918723821640015,1
2024-336_2.0,hard,2024,R32,nuno borges,pavel kotov,0.2849379777908325,0
2024-336_20.0,hard,2024,R16,andrey rublev,liam broady,0.8325995206832886,1
2024-336_21.0,hard,2024,QF,emil ruusuvuori,pavel kotov,0.6104304790496826,1
2024-336_22.0,hard,2024,QF,roberto bautista agut,sebastian ofner,0.5493453741073608,0
2024-336_23.0,hard,2024,QF,frances tiafoe,juncheng shang,0.8779149055480957,0
2024-336_24.0,hard,2024,QF,andrey rublev,arthur fils,0.8678349256515503,1
2024-336_25.0,hard,2024,SF,emil ruusuvuori,sebastian ofner,0.5646172761917114,1
2024-336_26.0,hard,2024,SF,andrey rublev,juncheng shang,0.8650938272476196,1
2024-336_27.0,hard,2024,F,andrey rublev,emil ruusuvuori,0.7074865102767944,1
2024-336_3.0,hard,2024,R32,coleman wong,lorenzo musetti,0.22265119850635529,0
2024-336_4.0,hard,2024,R32,fabian marozsan,roberto bautista agut,0.3328118324279785,0
2024-336_5.0,hard,2024,R32,mackenzie mcdonald,sebastian ofner,0.35015439987182617,0
2024-336_6.0,hard,2024,R32,jan-lennard struff,marin cilic,0.7068406343460083,1
2024-336_7.0,hard,2024,R32,juncheng shang,laslo djere,0.6206912398338318,1
2024-336_8.0,hard,2024,R32,botic van de zandschulp,shintaro mochizuki,0.8257784247398376,1
2024-336_9.0,hard,2024,R32,miomir kecmanovic,taro daniel,0.6798344254493713,1
2024-337_1.0,hard,2024,R32,alejandro davidovich fokina,flavio cobolli,0.6383351683616638,0
2024-337_10.0,hard,2024,R32,dominic thiem,luciano darderi,0.3533766269683838,0
2024-337_11.0,hard,2024,R32,lorenzo musetti,lorenzo sonego,0.43833205103874207,1
2024-337_12.0,hard,2024,R32,jack draper,kei nishikori,0.5117192268371582,1
2024-337_13.0,hard,2024,R32,grigor dimitrov,zhizhen zhang,0.8190902471542358,1
2024-337_14.0,hard,2024,R32,fabian marozsan,tomas machac,0.26533642411231995,0
2024-337_15.0,hard,2024,R32,karen khachanov,thiago seyboth wild,0.7184513211250305,1
2024-337_16.0,hard,2024,R32,brandon nakashima,tommy paul,0.3086179792881012,1
2024-337_17.0,hard,2024,R16,alexander zverev,marcos giron,0.838358998298645,1
2024-337_18.0,hard,2024,R16,frances tiafoe,matteo berrettini,0.41544410586357117,0
2024-337_19.0,hard,2024,R16,jakub mensik,miomir kecmanovic,0.7732031345367432,1
2024-337_2.0,hard,2024,R32,marton fucsovics,matteo berrettini,0.3409115672111511,0
2024-337_20.0,hard,2024,R16,jack draper,luciano darderi,0.8219467401504517,1
2024-337_21.0,hard,2024,R16,gael monfils,lorenzo musetti,0.5456957817077637,0
2024-337_22.0,hard,2024,R16,grigor dimitrov,tomas machac,0.6756681203842163,0
2024-337_23.0,hard,2024,R16,alex de minaur,flavio cobolli,0.7212255597114563,1
2024-337_24.0,hard,2024,R16,brandon nakashima,karen khachanov,0.4725438952445984,0
2024-337_25.0,hard,2024,QF,jack draper,tomas machac,0.5484090447425842,1
2024-337_26.0,hard,2024,QF,alexander zverev,lorenzo musetti,0.735393762588501,0
2024-337_27.0,hard,2024,QF,karen khachanov,matteo berrettini,0.4692530035972595,1
2024-337_28.0,hard,2024,QF,alex de minaur,jakub mensik,0.7162269949913025,1
2024-337_29.0,hard,2024,SF,jack draper,lorenzo musetti,0.5564644932746887,1
2024-337_3.0,hard,2024,R32,alexander zverev,joel schwaerzler,0.9505942463874817,1
2024-337_30.0,hard,2024,SF,alex de minaur,karen khachanov,0.7324419021606445,0
2024-337_31.0,hard,2024,F,jack draper,karen khachanov,0.5984386205673218,1
2024-337_4.0,hard,2024,R32,alexei popyrin,jakub mensik,0.555412769317627,0
2024-337_5.0,hard,2024,R32,mariano navone,miomir kecmanovic,0.251390278339386,0
2024-337_6.0,hard,2024,R32,alex de minaur,jan-lennard struff,0.8646050691604614,1
2024-337_7.0,hard,2024,R32,alex michelsen,marcos giron,0.345883846282959,0
2024-337_8.0,hard,2024,R32,cameron norrie,frances tiafoe,0.23546253144741058,0
2024-337_9.0,hard,2024,R32,gael monfils,quentin halys,0.5900846123695374,1
2024-339_1.0,hard,2024,R32,andy murray,grigor dimitrov,0.09415841102600098,0
2024-339_10.0,hard,2024,R32,marton fucsovics,matteo arnaldi,0.35299959778785706,0
2024-339_11.0,hard,2024,R32,alexei popyrin,christopher o'connell,0.6538455486297607,1
2024-339_12.0,hard,2024,R32,ben shelton,roman safiullin,0.3766539692878723,0
2024-339_13.0,hard,2024,R32,sebastian korda,yannick hanfmann,0.4893434941768646,0
2024-339_14.0,hard,2024,R32,j.j. wolf,james duckworth,0.39337044954299927,0
2024-339_15.0,hard,2024,R32,alexander shevchenko,luca van assche,0.7432590126991272,1
2024-339_16.0,hard,2024,R32,holger rune,max purcell,0.8698556423187256,1
2024-339_17.0,hard,2024,R16,daniel altmaier,grigor dimitrov,0.0452469065785408,0
2024-339_18.0,hard,2024,R16,rinky hijikata,tomas machac,0.5928686261177063,1
2024-339_19.0,hard,2024,R16,jordan thompson,ugo humbert,0.49583321809768677,1
2024-339_2.0,hard,2024,R32,daniel altmaier,li tu,0.714781641960144,1
2024-339_20.0,hard,2024,R16,jason kubler,rafael nadal,0.08011410385370255,0
2024-339_21.0,hard,2024,R16,lukas klein,matteo arnaldi,0.2632312476634979,0
2024-339_22.0,hard,2024,R16,alexei popyrin,roman safiullin,0.28596562147140503,0
2024-339_23.0,hard,2024,R16,james duckworth,yannick hanfmann,0.30138030648231506,1
2024-339_24.0,hard,2024,R16,alexander shevchenko,holger rune,0.23575431108474731,0
2024-339_25.0,hard,2024,QF,grigor dimitrov,rinky hijikata,0.9055445790290833,1
2024-339_26.0,hard,2024,QF,jordan thompson,rafael nadal,0.42252781987190247,1
2024-339_27.0,hard,2024,QF,matteo arnaldi,roman safiullin,0.3196790814399719,0
2024-339_28.0,hard,2024,QF,holger rune,james duckworth,0.8058620691299438,1
2024-339_29.0,hard,2024,SF,grigor dimitrov,jordan thompson,0.8861416578292847,1
2024-339_3.0,hard,2024,R32,rinky hijikata,thanasi kokkinakis,0.5943717360496521,1
2024-339_30.0,hard,2024,SF,holger rune,roman safiullin,0.7433242797851562,1
2024-339_31.0,hard,2024,F,grigor dimitrov,holger rune,0.4028426706790924,1
2024-339_4.0,hard,2024,R32,tomas machac,tomas martin etcheverry,0.6437920331954956,1
2024-339_5.0,hard,2024,R32,alex michelsen,ugo humbert,0.10364136844873428,0
2024-339_6.0,hard,2024,R32,aleksandar vukic,jordan thompson,0.30253487825393677,0
2024-339_7.0,hard,2024,R32,dominic thiem,rafael nadal,0.1346883773803711,0
2024-339_8.0,hard,2024,R32,aslan karatsev,jason kubler,0.4161607325077057,0
2024-339_9.0,hard,2024,R32,lukas klein,sebastian baez,0.2246546894311905,1
2024-341_1.0,hard,2024,R32,corentin moutet,sumit nagal,0.7345718145370483,1
2024-341_10.0,hard,2024,R32,hugo gaston,titouan droguet,0.6905849575996399,1
2024-341_11.0,hard,2024,R32,adrian mannarino,yunchaokete bu,0.6629629135131836,0
2024-341_12.0,hard,2024,R32,benjamin bonzi,roberto bautista agut,0.1615329384803772,1
2024-341_13.0,hard,2024,R16,andrey rublev,lorenzo sonego,0.6132738590240479,1
2024-341_14.0,hard,2024,R16,alex michelsen,richard gasquet,0.7756218314170837,1
2024-341_15.0,hard,2024,R16,corentin moutet,jan-lennard struff,0.3270179033279419,1
2024-341_16.0,hard,2024,R16,pierre-hugues herbert,quentin halys,0.5799400806427002,0
2024-341_17.0,hard,2024,R16,hugo gaston,zizou bergs,0.4777045249938965,0
2024-341_18.0,hard,2024,R16,cameron norrie,luca van assche,0.8212964534759521,1
2024-341_19.0,hard,2024,R16,benjamin bonzi,casper ruud,0.37198612093925476,1
2024-341_2.0,hard,2024,R32,alex michelsen,harold mayot,0.800605297088623,1
2024-341_20.0,hard,2024,R16,jesper de jong,yunchaokete bu,0.23928944766521454,0
2024-341_21.0,hard,2024,QF,andrey rublev,corentin moutet,0.790336012840271,0
2024-341_22.0,hard,2024,QF,cameron norrie,zizou bergs,0.5749366283416748,1
2024-341_23.0,hard,2024,QF,benjamin bonzi,quentin halys,0.487920343875885,1
2024-341_24.0,hard,2024,QF,alex michelsen,yunchaokete bu,0.5695433020591736,1
2024-341_25.0,hard,2024,SF,cameron norrie,corentin moutet,0.6487544775009155,1
2024-341_26.0,hard,2024,SF,alex michelsen,benjamin bonzi,0.7064578533172607,0
2024-341_27.0,hard,2024,F,benjamin bonzi,cameron norrie,0.35724398493766785,1
2024-341_3.0,hard,2024,R32,gregoire barrere,lorenzo sonego,0.29198917746543884,0
2024-341_4.0,hard,2024,R32,alexander shevchenko,jan-lennard struff,0.26320433616638184,0
2024-341_5.0,hard,2024,R32,pedro martinez,pierre-hugues herbert,0.5595237612724304,0
2024-341_6.0,hard,2024,R32,quentin halys,theo papamalamis,0.8511097431182861,1
2024-341_7.0,hard,2024,R32,richard gasquet,thiago monteiro,0.6257839798927307,1
2024-341_8.0,hard,2024,R32,cameron norrie,roberto carballes baena,0.36107301712036133,1
2024-341_9.0,hard,2024,R32,manuel guinard,zizou bergs,0.27077755331993103,0
2024-352_1.0,hard,2024,R64,arthur rinderknech,tomas machac,0.41338229179382324,1
2024-352_10.0,hard,2024,R64,roberto carballes baena,stefanos tsitsipas,0.175214022397995,0
2024-352_11.0,hard,2024,R64,lorenzo sonego,nicolas jarry,0.36171165108680725,0
2024-352_12.0,hard,2024,R64,alejandro tabilo,nuno borges,0.5090962648391724,1
2024-352_13.0,hard,2024,R64,adrian mannarino,tommy paul,0.27090075612068176,1
2024-352_14.0,hard,2024,R64,jan-lennard struff,lorenzo musetti,0.33942416310310364,1
2024-352_15.0,hard,2024,R64,alex michelsen,hubert hurkacz,0.5448630452156067,1
2024-352_16.0,hard,2024,R64,arthur fils,marin cilic,0.762012243270874,1
2024-352_17.0,hard,2024,R64,alexei popyrin,matteo berrettini,0.47696971893310547,1
2024-352_18.0,hard,2024,R64,frances tiafoe,giovanni mpetshi perricard,0.6941125392913818,0
2024-352_19.0,hard,2024,R64,christopher o'connell,karen khachanov,0.1784932017326355,0
2024-352_2.0,hard,2024,R64,luciano darderi,tallon griekspoor,0.2497979700565338,0
2024-352_20.0,hard,2024,R64,holger rune,matteo arnaldi,0.7102577090263367,1
2024-352_21.0,hard,2024,R64,richard gasquet,zizou bergs,0.2725273668766022,0
2024-352_22.0,hard,2024,R64,alex de minaur,mariano navone,0.8515146970748901,1
2024-352_23.0,hard,2024,R64,ben shelton,corentin moutet,0.8662794232368469,1
2024-352_24.0,hard,2024,R64,jack draper,jiri lehecka,0.7618175745010376,1
2024-352_25.0,hard,2024,R32,andrey rublev,francisco cerundolo,0.5693997144699097,0
2024-352_26.0,hard,2024,R32,carlos alcaraz,nicolas jarry,0.8155885338783264,1
2024-352_27.0,hard,2024,R32,alejandro tabilo,stefanos tsitsipas,0.485566645860672,0
2024-352_28.0,hard,2024,R32,casper ruud,jordan thompson,0.3726879060268402,0
2024-352_29.0,hard,2024,R32,grigor dimitrov,tomas martin etcheverry,0.6950642466545105,1
2024-352_3.0,hard,2024,R64,jordan thompson,pedro martinez,0.4978199005126953,1
2024-352_30.0,hard,2024,R32,alex michelsen,arthur rinderknech,0.7546156048774719,0
2024-352_31.0,hard,2024,R32,alexei popyrin,daniil medvedev,0.3506375253200531,1
2024-352_32.0,hard,2024,R32,adrian mannarino,zizou bergs,0.6366523504257202,1
2024-352_33.0,hard,2024,R32,arthur fils,jan-lennard struff,0.6032310128211975,1
2024-352_34.0,hard,2024,R32,marcos giron,ugo humbert,0.32187506556510925,0
2024-352_35.0,hard,2024,R32,alexander bublik,holger rune,0.20548449456691742,0
2024-352_36.0,hard,2024,R32,giovanni mpetshi perricard,karen khachanov,0.3402100205421448,0
2024-352_37.0,hard,2024,R32,alex de minaur,miomir kecmanovic,0.8484827876091003,1
2024-352_38.0,hard,2024,R32,alexander zverev,tallon griekspoor,0.7580901384353638,1
2024-352_39.0,hard,2024,R32,jack draper,taylor fritz,0.6462159752845764,1
2024-352_4.0,hard,2024,R64,francisco cerundolo,quentin halys,0.6322314739227295,1
2024-352_40.0,hard,2024,R32,arthur cazaux,ben shelton,0.1985817551612854,1
2024-352_41.0,hard,2024,R16,adrian mannarino,jordan thompson,0.3127913475036621,0
2024-352_42.0,hard,2024,R16,francisco cerundolo,stefanos tsitsipas,0.31216102838516235,0
2024-352_43.0,hard,2024,R16,alexei popyrin,karen khachanov,0.46361371874809265,0
2024-352_44.0,hard,2024,R16,alexander zverev,arthur fils,0.6762700080871582,1
2024-352_45.0,hard,2024,R16,alex de minaur,jack draper,0.6046817898750305,1
2024-352_46.0,hard,2024,R16,carlos alcaraz,ugo humbert,0.8233684301376343,0
2024-352_47.0,hard,2024,R16,arthur cazaux,holger rune,0.1820075511932373,0
2024-352_48.0,hard,2024,R16,arthur rinderknech,grigor dimitrov,0.20364698767662048,0
2024-352_49.0,hard,2024,QF,alexander zverev,stefanos tsitsipas,0.6319961547851562,1
2024-352_5.0,hard,2024,R64,tomas martin etcheverry,zhizhen zhang,0.5632524490356445,1
2024-352_50.0,hard,2024,QF,alex de minaur,holger rune,0.657751739025116,0
2024-352_51.0,hard,2024,QF,jordan thompson,ugo humbert,0.4828265905380249,0
2024-352_52.0,hard,2024,QF,grigor dimitrov,karen khachanov,0.6640148758888245,0
2024-352_53.0,hard,2024,SF,alexander zverev,holger rune,0.7329999804496765,1
2024-352_54.0,hard,2024,SF,karen khachanov,ugo humbert,0.521207332611084,0
2024-352_55.0,hard,2024,F,alexander zverev,ugo humbert,0.7244285345077515,1
2024-352_6.0,hard,2024,R64,juncheng shang,marcos giron,0.536315381526947,0
2024-352_7.0,hard,2024,R64,brandon nakashima,ugo humbert,0.37694820761680603,0
2024-352_8.0,hard,2024,R64,miomir kecmanovic,sebastian baez,0.6719021797180176,1
2024-352_9.0,hard,2024,R64,alexander bublik,fabio fognini,0.6851989030838013,1
2024-375_1.0,hard,2024,R32,denis shapovalov,hugo gaston,0.770794153213501,1
2024-375_10.0,hard,2024,R32,alexandre muller,antoine escoffier,0.7243645191192627,1
2024-375_11.0,hard,2024,R32,benjamin bonzi,michael mmoh,0.2142372727394104,0
2024-375_12.0,hard,2024,R32,pablo llamas ruiz,richard gasquet,0.6486520171165466,1
2024-375_13.0,hard,2024,R16,alexander bublik,denis shapovalov,0.595119833946228,1
2024-375_14.0,hard,2024,R16,alexander shevchenko,gregoire barrere,0.5710132718086243,1
2024-375_15.0,hard,2024,R16,arthur cazaux,felix auger-aliassime,0.1576274037361145,0
2024-375_16.0,hard,2024,R16,benoit paire,harold mayot,0.3517540693283081,0
2024-375_17.0,hard,2024,R16,constant lestienne,flavio cobolli,0.24765349924564362,0
2024-375_18.0,hard,2024,R16,borna coric,pedro martinez,0.8266547918319702,1
2024-375_19.0,hard,2024,R16,alexandre muller,michael mmoh,0.20583070814609528,0
2024-375_2.0,hard,2024,R32,gregoire barrere,ugo blanchet,0.7333357334136963,1
2024-375_20.0,hard,2024,R16,holger rune,pablo llamas ruiz,0.8875492811203003,1
2024-375_21.0,hard,2024,QF,alexander bublik,alexander shevchenko,0.6519725918769836,1
2024-375_22.0,hard,2024,QF,felix auger-aliassime,harold mayot,0.8524079918861389,1
2024-375_23.0,hard,2024,QF,borna coric,flavio cobolli,0.7018201947212219,1
2024-375_24.0,hard,2024,QF,holger rune,michael mmoh,0.8210222721099854,1
2024-375_25.0,hard,2024,SF,alexander bublik,felix auger-aliassime,0.38291892409324646,1
2024-375_26.0,hard,2024,SF,borna coric,holger rune,0.296366423368454,1
2024-375_27.0,hard,2024,F,alexander bublik,borna coric,0.5288453698158264,1
2024-375_3.0,hard,2024,R32,alexander shevchenko,dalibor svrcina,0.7726432085037231,1
2024-375_4.0,hard,2024,R32,arthur cazaux,maximilian marterer,0.7123693823814392,1
2024-375_5.0,hard,2024,R32,harold mayot,lucas pouille,0.5903504490852356,1
2024-375_6.0,hard,2024,R32,andy murray,benoit paire,0.5727742910385132,0
2024-375_7.0,hard,2024,R32,flavio cobolli,gael monfils,0.4926767945289612,1
2024-375_8.0,hard,2024,R32,bernabe zapata miralles,constant lestienne,0.3406008780002594,0
2024-375_9.0,hard,2024,R32,jaume munar,pedro martinez,0.3711386024951935,0
2024-403_1.0,hard,2024,R128,andrea vavassori,pedro cachin,0.37210988998413086,1
2024-403_10.0,hard,2024,R128,flavio cobolli,yoshihito nishioka,0.5744773745536804,1
2024-403_11.0,hard,2024,R128,dominik koepfer,marcos giron,0.4464036822319031,1
2024-403_12.0,hard,2024,R128,botic van de zandschulp,rinky hijikata,0.7222099900245667,1
2024-403_13.0,hard,2024,R128,nuno borges,thiago seyboth wild,0.5836617350578308,0
2024-403_14.0,hard,2024,R128,jack draper,taro daniel,0.7015007138252258,1
2024-403_15.0,hard,2024,R128,juncheng shang,miomir kecmanovic,0.43280714750289917,1
2024-403_16.0,hard,2024,R128,luca van assche,pavel kotov,0.44713717699050903,1
2024-403_17.0,hard,2024,R128,aleksandar kovacevic,fabian marozsan,0.36574432253837585,0
2024-403_18.0,hard,2024,R128,alexei popyrin,facundo diaz acosta,0.44013118743896484,1
2024-403_19.0,hard,2024,R128,daniel altmaier,harold mayot,0.6252641081809998,1
2024-403_2.0,hard,2024,R128,alex michelsen,lukas klein,0.5945528745651245,1
2024-403_20.0,hard,2024,R128,alexandre muller,soonwoo kwon,0.7666561603546143,0
2024-403_21.0,hard,2024,R128,coleman wong,laslo djere,0.22648093104362488,0
2024-403_22.0,hard,2024,R128,kei nishikori,sebastian ofner,0.37090519070625305,0
2024-403_23.0,hard,2024,R128,daniel evans,lorenzo sonego,0.39866819977760315,1
2024-403_24.0,hard,2024,R128,adam walton,felix auger-aliassime,0.1707126349210739,0
2024-403_25.0,hard,2024,R128,alexander shevchenko,daniel elahi galan,0.6777034997940063,1
2024-403_26.0,hard,2024,R128,emilio nava,roberto bautista agut,0.33370915055274963,0
2024-403_27.0,hard,2024,R128,emil ruusuvuori,yannick hanfmann,0.7481676936149597,0
2024-403_28.0,hard,2024,R128,alejandro tabilo,brandon nakashima,0.5496599078178406,1
2024-403_29.0,hard,2024,R128,jaume munar,martin landaluce,0.7389205098152161,0
2024-403_3.0,hard,2024,R128,christopher o'connell,vit kopriva,0.7807196378707886,1
2024-403_30.0,hard,2024,R128,diego schwartzman,roman safiullin,0.2336808145046234,0
2024-403_31.0,hard,2024,R128,dusan lajovic,gael monfils,0.32891687750816345,0
2024-403_32.0,hard,2024,R128,aleksandar vukic,roberto carballes baena,0.49308788776397705,0
2024-403_33.0,hard,2024,R64,andrea vavassori,jannik sinner,0.05045628920197487,0
2024-403_34.0,hard,2024,R64,alex michelsen,tallon griekspoor,0.5382046103477478,0
2024-403_35.0,hard,2024,R64,christopher o'connell,frances tiafoe,0.3803249001502991,1
2024-403_36.0,hard,2024,R64,martin damm,tommy paul,0.33707335591316223,1
2024-403_37.0,hard,2024,R64,denis shapovalov,stefanos tsitsipas,0.4535677433013916,1
2024-403_38.0,hard,2024,R64,alexander bublik,matteo arnaldi,0.6948261857032776,0
2024-403_39.0,hard,2024,R64,andy murray,tomas martin etcheverry,0.6990386843681335,1
2024-403_4.0,hard,2024,R128,martin damm,zhizhen zhang,0.4690057039260864,1
2024-403_40.0,hard,2024,R64,andrey rublev,tomas machac,0.646401047706604,0
2024-403_41.0,hard,2024,R64,daniil medvedev,marton fucsovics,0.8439050912857056,1
2024-403_42.0,hard,2024,R64,cameron norrie,flavio cobolli,0.4001716673374176,1
2024-403_43.0,hard,2024,R64,dominik koepfer,sebastian baez,0.6397020816802979,1
2024-403_44.0,hard,2024,R64,botic van de zandschulp,ugo humbert,0.3707601726055145,0
2024-403_45.0,hard,2024,R64,taylor fritz,thiago seyboth wild,0.6848514676094055,0
2024-403_46.0,hard,2024,R64,jack draper,nicolas jarry,0.783381462097168,0
2024-403_47.0,hard,2024,R64,alejandro davidovich fokina,juncheng shang,0.42197859287261963,1
2024-403_48.0,hard,2024,R64,casper ruud,luca van assche,0.6559146642684937,1
2024-403_49.0,hard,2024,R64,fabian marozsan,holger rune,0.44974929094314575,1
2024-403_5.0,hard,2024,R128,denis shapovalov,luciano darderi,0.6956891417503357,1
2024-403_50.0,hard,2024,R64,alexei popyrin,jiri lehecka,0.6083164215087891,1
2024-403_51.0,hard,2024,R64,daniel altmaier,jan-lennard struff,0.6225549578666687,0
2024-403_52.0,hard,2024,R64,alex de minaur,soonwoo kwon,0.9721441268920898,1
2024-403_53.0,hard,2024,R64,karen khachanov,laslo djere,0.7626720070838928,1
2024-403_54.0,hard,2024,R64,francisco cerundolo,sebastian ofner,0.5896241068840027,1
2024-403_55.0,hard,2024,R64,christopher eubanks,daniel evans,0.24844716489315033,1
2024-403_56.0,hard,2024,R64,alexander zverev,felix auger-aliassime,0.789599597454071,1
2024-403_57.0,hard,2024,R64,alexander shevchenko,hubert hurkacz,0.20126518607139587,0
2024-403_58.0,hard,2024,R64,roberto bautista agut,sebastian korda,0.3240351676940918,0
2024-403_59.0,hard,2024,R64,adrian mannarino,yannick hanfmann,0.5535357594490051,0
2024-403_6.0,hard,2024,R128,arthur fils,matteo arnaldi,0.2767651677131653,0
2024-403_60.0,hard,2024,R64,alejandro tabilo,grigor dimitrov,0.3406641483306885,0
2024-403_61.0,hard,2024,R64,ben shelton,martin landaluce,0.7770654559135437,1
2024-403_62.0,hard,2024,R64,lorenzo musetti,roman safiullin,0.21260705590248108,1
2024-403_63.0,hard,2024,R64,gael monfils,jordan thompson,0.7404067516326904,1
2024-403_64.0,hard,2024,R64,carlos alcaraz,roberto carballes baena,0.8765382170677185,1
2024-403_65.0,hard,2024,R32,jannik sinner,tallon griekspoor,0.8889010548591614,1
2024-403_66.0,hard,2024,R32,christopher o'connell,martin damm,0.676936149597168,1
2024-403_67.0,hard,2024,R32,denis shapovalov,matteo arnaldi,0.4668901562690735,0
2024-403_68.0,hard,2024,R32,andy murray,tomas machac,0.4666188061237335,0
2024-403_69.0,hard,2024,R32,cameron norrie,daniil medvedev,0.12173155695199966,0
2024-403_7.0,hard,2024,R128,andy murray,matteo berrettini,0.6043976545333862,1
2024-403_70.0,hard,2024,R32,dominik koepfer,ugo humbert,0.22403265535831451,1
2024-403_71.0,hard,2024,R32,nicolas jarry,thiago seyboth wild,0.6485036611557007,1
2024-403_72.0,hard,2024,R32,alejandro davidovich fokina,casper ruud,0.32619407773017883,0
2024-403_73.0,hard,2024,R32,alexei popyrin,fabian marozsan,0.5263916850090027,0
2024-403_74.0,hard,2024,R32,alex de minaur,jan-lennard struff,0.7872169613838196,1
2024-403_75.0,hard,2024,R32,francisco cerundolo,karen khachanov,0.493413507938385,0
2024-403_76.0,hard,2024,R32,alexander zverev,christopher eubanks,0.8276488184928894,1
2024-403_77.0,hard,2024,R32,hubert hurkacz,sebastian korda,0.6661425828933716,1
2024-403_78.0,hard,2024,R32,grigor dimitrov,yannick hanfmann,0.8497507572174072,1
2024-403_79.0,hard,2024,R32,ben shelton,lorenzo musetti,0.7123354077339172,0
2024-403_8.0,hard,2024,R128,darwin blanch,tomas machac,0.08925540745258331,0
2024-403_80.0,hard,2024,R32,carlos alcaraz,gael monfils,0.8393605947494507,1
2024-403_81.0,hard,2024,R16,christopher o'connell,jannik sinner,0.03824344277381897,0
2024-403_82.0,hard,2024,R16,matteo arnaldi,tomas machac,0.5164870023727417,0
2024-403_83.0,hard,2024,R16,daniil medvedev,dominik koepfer,0.868901789188385,1
2024-403_84.0,hard,2024,R16,casper ruud,nicolas jarry,0.726639449596405,0
2024-403_85.0,hard,2024,R16,alex de minaur,fabian marozsan,0.8242239952087402,0
2024-403_86.0,hard,2024,R16,alexander zverev,karen khachanov,0.7249013185501099,1
2024-403_87.0,hard,2024,R16,grigor dimitrov,hubert hurkacz,0.6125535368919373,1
2024-403_88.0,hard,2024,R16,carlos alcaraz,lorenzo musetti,0.8864507675170898,1
2024-403_89.0,hard,2024,QF,jannik sinner,tomas machac,0.9001191854476929,1
2024-403_9.0,hard,2024,R128,marton fucsovics,max purcell,0.46385934948921204,1
2024-403_90.0,hard,2024,QF,daniil medvedev,nicolas jarry,0.8616394996643066,1
2024-403_91.0,hard,2024,QF,alexander zverev,fabian marozsan,0.7977175116539001,1
2024-403_92.0,hard,2024,QF,carlos alcaraz,grigor dimitrov,0.7490389347076416,0
2024-403_93.0,hard,2024,SF,daniil medvedev,jannik sinner,0.3932066559791565,0
2024-403_94.0,hard,2024,SF,alexander zverev,grigor dimitrov,0.5390824675559998,0
2024-403_95.0,hard,2024,F,grigor dimitrov,jannik sinner,0.24553991854190826,0
2024-404_1.0,hard,2024,R128,luca van assche,matteo arnaldi,0.2629563808441162,0
2024-404_10.0,hard,2024,R128,borna coric,sebastian ofner,0.5912496447563171,1
2024-404_11.0,hard,2024,R128,alexander shevchenko,dominik koepfer,0.49416905641555786,1
2024-404_12.0,hard,2024,R128,jakub mensik,seongchan hong,0.8500963449478149,1
2024-404_13.0,hard,2024,R128,daniel altmaier,lucas pouille,0.6898574233055115,0
2024-404_14.0,hard,2024,R128,dusan lajovic,emil ruusuvuori,0.507050096988678,1
2024-404_15.0,hard,2024,R128,brandon nakashima,christopher eubanks,0.34835609793663025,1
2024-404_16.0,hard,2024,R128,andy murray,david goffin,0.6638951897621155,1
2024-404_17.0,hard,2024,R128,milos raonic,sumit nagal,0.8029837012290955,1
2024-404_18.0,hard,2024,R128,botic van de zandschulp,denis shapovalov,0.3638954162597656,0
2024-404_19.0,hard,2024,R128,bernabe zapata miralles,fabio fognini,0.2003161907196045,0
2024-404_2.0,hard,2024,R128,constant lestienne,denis kudla,0.6585404872894287,1
2024-404_20.0,hard,2024,R128,alejandro tabilo,pavel kotov,0.7080502510070801,1
2024-404_21.0,hard,2024,R128,alexandre muller,hugo grenier,0.7034627199172974,1
2024-404_22.0,hard,2024,R128,stan wawrinka,tomas machac,0.27992361783981323,0
2024-404_23.0,hard,2024,R128,daniel evans,roman safiullin,0.302339643239975,0
2024-404_24.0,hard,2024,R128,flavio cobolli,roberto carballes baena,0.41306981444358826,0
2024-404_25.0,hard,2024,R128,gael monfils,max purcell,0.8154885768890381,1
2024-404_26.0,hard,2024,R128,lorenzo sonego,miomir kecmanovic,0.49447235465049744,1
2024-404_27.0,hard,2024,R128,arthur fils,nuno borges,0.5631836652755737,1
2024-404_28.0,hard,2024,R128,lukas klein,nicolas moreno de alboran,0.35093528032302856,1
2024-404_29.0,hard,2024,R128,ethan quinn,patrick kypson,0.27308177947998047,0
2024-404_3.0,hard,2024,R128,fabian marozsan,jurij rodionov,0.7255221009254456,1
2024-404_30.0,hard,2024,R128,alex michelsen,jaume munar,0.3802729845046997,1
2024-404_31.0,hard,2024,R128,aleksandar kovacevic,zhizhen zhang,0.3832293748855591,0
2024-404_32.0,hard,2024,R128,aleksandar vukic,shintaro mochizuki,0.7446624636650085,1
2024-404_33.0,hard,2024,R64,carlos alcaraz,matteo arnaldi,0.8413949608802795,1
2024-404_34.0,hard,2024,R64,constant lestienne,felix auger-aliassime,0.3386758267879486,0
2024-404_35.0,hard,2024,R64,fabian marozsan,nicolas jarry,0.3918265104293823,1
2024-404_36.0,hard,2024,R64,karen khachanov,thiago seyboth wild,0.7357140779495239,0
2024-404_37.0,hard,2024,R64,alex de minaur,taro daniel,0.8223780989646912,1
2024-404_38.0,hard,2024,R64,alexander bublik,juncheng shang,0.6578152775764465,1
2024-404_39.0,hard,2024,R64,tallon griekspoor,yannick hanfmann,0.6348430514335632,1
2024-404_4.0,hard,2024,R128,j.j. wolf,thiago seyboth wild,0.36947882175445557,0
2024-404_40.0,hard,2024,R64,alexander zverev,christopher o'connell,0.7628670334815979,1
2024-404_41.0,hard,2024,R64,jannik sinner,thanasi kokkinakis,0.8799423575401306,1
2024-404_42.0,hard,2024,R64,borna coric,jan-lennard struff,0.7449833750724792,0
2024-404_43.0,hard,2024,R64,alexander shevchenko,francisco cerundolo,0.7170109748840332,0
2024-404_44.0,hard,2024,R64,ben shelton,jakub mensik,0.48141539096832275,1
2024-404_45.0,hard,2024,R64,lucas pouille,stefanos tsitsipas,0.2825813293457031,0
2024-404_46.0,hard,2024,R64,dusan lajovic,frances tiafoe,0.32135632634162903,0
2024-404_47.0,hard,2024,R64,brandon nakashima,jiri lehecka,0.5745325088500977,0
2024-404_48.0,hard,2024,R64,andrey rublev,andy murray,0.7445418834686279,1
2024-404_49.0,hard,2024,R64,holger rune,milos raonic,0.7873333096504211,1
2024-404_5.0,hard,2024,R128,daniel elahi galan,taro daniel,0.2573697865009308,0
2024-404_50.0,hard,2024,R64,denis shapovalov,lorenzo musetti,0.48248714208602905,0
2024-404_51.0,hard,2024,R64,fabio fognini,sebastian baez,0.30339089035987854,0
2024-404_52.0,hard,2024,R64,alejandro tabilo,taylor fritz,0.21553561091423035,0
2024-404_53.0,hard,2024,R64,alexandre muller,grigor dimitrov,0.12874729931354523,0
2024-404_54.0,hard,2024,R64,adrian mannarino,tomas machac,0.6561864614486694,1
2024-404_55.0,hard,2024,R64,roman safiullin,sebastian korda,0.4128437042236328,0
2024-404_56.0,hard,2024,R64,daniil medvedev,roberto carballes baena,0.9208937883377075,1
2024-404_57.0,hard,2024,R64,gael monfils,hubert hurkacz,0.2917199432849884,1
2024-404_58.0,hard,2024,R64,cameron norrie,lorenzo sonego,0.49727553129196167,1
2024-404_59.0,hard,2024,R64,alejandro davidovich fokina,arthur fils,0.444951593875885,0
2024-404_6.0,hard,2024,R128,jordan thompson,juncheng shang,0.797796905040741,0
2024-404_60.0,hard,2024,R64,casper ruud,lukas klein,0.7660356163978577,1
2024-404_61.0,hard,2024,R64,patrick kypson,ugo humbert,0.11692147701978683,0
2024-404_62.0,hard,2024,R64,alex michelsen,tommy paul,0.35747066140174866,0
2024-404_63.0,hard,2024,R64,luca nardi,zhizhen zhang,0.19575165212154388,1
2024-404_64.0,hard,2024,R64,aleksandar vukic,novak djokovic,0.14570698142051697,0
2024-404_65.0,hard,2024,R32,carlos alcaraz,felix auger-aliassime,0.776429295539856,1
2024-404_66.0,hard,2024,R32,fabian marozsan,thiago seyboth wild,0.6256207227706909,1
2024-404_67.0,hard,2024,R32,alex de minaur,alexander bublik,0.7077791094779968,1
2024-404_68.0,hard,2024,R32,alexander zverev,tallon griekspoor,0.7521741986274719,1
2024-404_69.0,hard,2024,R32,jan-lennard struff,jannik sinner,0.04286579415202141,0
2024-404_7.0,hard,2024,R128,pedro cachin,yannick hanfmann,0.43027621507644653,0
2024-404_70.0,hard,2024,R32,ben shelton,francisco cerundolo,0.6329825520515442,1
2024-404_71.0,hard,2024,R32,frances tiafoe,stefanos tsitsipas,0.3371851444244385,0
2024-404_72.0,hard,2024,R32,andrey rublev,jiri lehecka,0.7664118409156799,0
2024-404_73.0,hard,2024,R32,holger rune,lorenzo musetti,0.7452259063720703,1
2024-404_74.0,hard,2024,R32,sebastian baez,taylor fritz,0.20376470685005188,0
2024-404_75.0,hard,2024,R32,adrian mannarino,grigor dimitrov,0.2978811264038086,0
2024-404_76.0,hard,2024,R32,daniil medvedev,sebastian korda,0.7673567533493042,1
2024-404_77.0,hard,2024,R32,cameron norrie,gael monfils,0.25796428322792053,0
2024-404_78.0,hard,2024,R32,arthur fils,casper ruud,0.25991886854171753,0
2024-404_79.0,hard,2024,R32,tommy paul,ugo humbert,0.5286169052124023,1
2024-404_8.0,hard,2024,R128,christopher o'connell,jack draper,0.32739976048469543,1
2024-404_80.0,hard,2024,R32,luca nardi,novak djokovic,0.014931375160813332,1
2024-404_81.0,hard,2024,R16,carlos alcaraz,fabian marozsan,0.8445155024528503,1
2024-404_82.0,hard,2024,R16,alex de minaur,alexander zverev,0.4968262314796448,0
2024-404_83.0,hard,2024,R16,ben shelton,jannik sinner,0.10474379360675812,0
2024-404_84.0,hard,2024,R16,jiri lehecka,stefanos tsitsipas,0.32476678490638733,1
2024-404_85.0,hard,2024,R16,holger rune,taylor fritz,0.440792053937912,1
2024-404_86.0,hard,2024,R16,daniil medvedev,grigor dimitrov,0.6888184547424316,1
2024-404_87.0,hard,2024,R16,casper ruud,gael monfils,0.6109563708305359,1
2024-404_88.0,hard,2024,R16,luca nardi,tommy paul,0.17821918427944183,0
2024-404_89.0,hard,2024,QF,alexander zverev,carlos alcaraz,0.38170379400253296,0
2024-404_9.0,hard,2024,R128,marcos giron,thanasi kokkinakis,0.601311206817627,0
2024-404_90.0,hard,2024,QF,jannik sinner,jiri lehecka,0.8816104531288147,1
2024-404_91.0,hard,2024,QF,daniil medvedev,holger rune,0.7746687531471252,1
2024-404_92.0,hard,2024,QF,casper ruud,tommy paul,0.5917787551879883,0
2024-404_93.0,hard,2024,SF,carlos alcaraz,jannik sinner,0.28791192173957825,1
2024-404_94.0,hard,2024,SF,daniil medvedev,tommy paul,0.8002827167510986,1
2024-404_95.0,hard,2024,F,carlos alcaraz,daniil medvedev,0.5350411534309387,1
2024-407_1.0,hard,2024,R32,andrey rublev,zizou bergs,0.7981301546096802,1
2024-407_10.0,hard,2024,R32,alejandro davidovich fokina,jan-lennard struff,0.44712576270103455,0
2024-407_11.0,hard,2024,R32,lorenzo musetti,tallon griekspoor,0.2067478895187378,0
2024-407_12.0,hard,2024,R32,hubert hurkacz,jiri lehecka,0.7886149287223816,1
2024-407_13.0,hard,2024,R32,alexander bublik,borna coric,0.7098997235298157,1
2024-407_14.0,hard,2024,R32,jesper de jong,milos raonic,0.08832219243049622,0
2024-407_15.0,hard,2024,R32,denis shapovalov,gael monfils,0.2650531232357025,0
2024-407_16.0,hard,2024,R32,botic van de zandschulp,jannik sinner,0.030491283163428307,0
2024-407_17.0,hard,2024,R16,andrey rublev,felix auger-aliassime,0.7567201852798462,1
2024-407_18.0,hard,2024,R16,alex de minaur,david goffin,0.9002655148506165,1
2024-407_19.0,hard,2024,R16,alexander shevchenko,holger rune,0.21705937385559082,1
2024-407_2.0,hard,2024,R32,felix auger-aliassime,maxime cressy,0.7889338135719299,1
2024-407_20.0,hard,2024,R16,grigor dimitrov,marton fucsovics,0.8035770058631897,1
2024-407_21.0,hard,2024,R16,emil ruusuvuori,jan-lennard struff,0.7608963847160339,1
2024-407_22.0,hard,2024,R16,hubert hurkacz,tallon griekspoor,0.593934953212738,0
2024-407_23.0,hard,2024,R16,alexander bublik,milos raonic,0.3907731771469116,0
2024-407_24.0,hard,2024,R16,gael monfils,jannik sinner,0.054969485849142075,0
2024-407_25.0,hard,2024,QF,alex de minaur,andrey rublev,0.4097359776496887,1
2024-407_26.0,hard,2024,QF,alexander shevchenko,grigor dimitrov,0.09411877393722534,0
2024-407_27.0,hard,2024,QF,emil ruusuvuori,tallon griekspoor,0.5636265873908997,0
2024-407_28.0,hard,2024,QF,jannik sinner,milos raonic,0.9129011034965515,1
2024-407_29.0,hard,2024,SF,alex de minaur,grigor dimitrov,0.46711769700050354,1
2024-407_3.0,hard,2024,R32,david goffin,dino prizmic,0.7289772629737854,1
2024-407_30.0,hard,2024,SF,jannik sinner,tallon griekspoor,0.8765531778335571,1
2024-407_31.0,hard,2024,F,alex de minaur,jannik sinner,0.22081546485424042,0
2024-407_4.0,hard,2024,R32,alex de minaur,sebastian korda,0.46670234203338623,1
2024-407_5.0,hard,2024,R32,holger rune,roman safiullin,0.7706136703491211,1
2024-407_6.0,hard,2024,R32,alexander shevchenko,zhizhen zhang,0.6731547117233276,1
2024-407_7.0,hard,2024,R32,fabian marozsan,marton fucsovics,0.488500714302063,0
2024-407_8.0,hard,2024,R32,grigor dimitrov,lorenzo sonego,0.8575212955474854,1
2024-407_9.0,hard,2024,R32,emil ruusuvuori,ugo humbert,0.43373456597328186,1
2024-418_1.0,hard,2024,R64,j.j. wolf,zachary svajda,0.5668053030967712,1
2024-418_10.0,hard,2024,R64,james duckworth,reilly opelka,0.26510047912597656,0
2024-418_11.0,hard,2024,R64,arthur cazaux,luca van assche,0.5423017740249634,0
2024-418_12.0,hard,2024,R64,luca nardi,mitchell krueger,0.38779762387275696,0
2024-418_13.0,hard,2024,R64,max purcell,thanasi kokkinakis,0.2728939354419708,0
2024-418_14.0,hard,2024,R64,aleksandar kovacevic,yoshihito nishioka,0.247609481215477,1
2024-418_15.0,hard,2024,R64,elias ymer,juncheng shang,0.22032909095287323,0
2024-418_16.0,hard,2024,R64,facundo diaz acosta,radu albot,0.6589661240577698,0
2024-418_17.0,hard,2024,R32,j.j. wolf,miomir kecmanovic,0.541803240776062,0
2024-418_18.0,hard,2024,R32,cristian garin,sebastian korda,0.24095359444618225,0
2024-418_19.0,hard,2024,R32,brandon nakashima,christopher o'connell,0.36870077252388,1
2024-418_2.0,hard,2024,R64,christopher o'connell,harold mayot,0.5936385989189148,1
2024-418_20.0,hard,2024,R32,daniel elahi galan,frances tiafoe,0.2889168858528137,0
2024-418_21.0,hard,2024,R32,adrian mannarino,denis shapovalov,0.45233166217803955,0
2024-418_22.0,hard,2024,R32,alejandro davidovich fokina,mitchell krueger,0.8397210836410522,1
2024-418_23.0,hard,2024,R32,aleksandar vukic,thanasi kokkinakis,0.5090541243553162,0
2024-418_24.0,hard,2024,R32,arthur rinderknech,juncheng shang,0.27881303429603577,1
2024-418_25.0,hard,2024,R32,aleksandar kovacevic,roberto carballes baena,0.5693936944007874,1
2024-418_26.0,hard,2024,R32,david goffin,flavio cobolli,0.3683106005191803,0
2024-418_27.0,hard,2024,R32,emil ruusuvuori,giovanni mpetshi perricard,0.7787492275238037,0
2024-418_28.0,hard,2024,R32,alex michelsen,mattia bellucci,0.3761136531829834,1
2024-418_29.0,hard,2024,R32,karen khachanov,seongchan hong,0.6883243918418884,0
2024-418_3.0,hard,2024,R64,aslan karatsev,cristian garin,0.6874037981033325,0
2024-418_30.0,hard,2024,R32,andrey rublev,luca van assche,0.7626473307609558,1
2024-418_31.0,hard,2024,R32,jordan thompson,reilly opelka,0.546500563621521,1
2024-418_32.0,hard,2024,R32,ben shelton,radu albot,0.7731731534004211,1
2024-418_33.0,hard,2024,R16,denis shapovalov,miomir kecmanovic,0.46782776713371277,1
2024-418_34.0,hard,2024,R16,alejandro davidovich fokina,flavio cobolli,0.5626197457313538,0
2024-418_35.0,hard,2024,R16,alex michelsen,seongchan hong,0.686942458152771,1
2024-418_36.0,hard,2024,R16,sebastian korda,thanasi kokkinakis,0.7408485412597656,1
2024-418_37.0,hard,2024,R16,giovanni mpetshi perricard,jordan thompson,0.36003103852272034,0
2024-418_38.0,hard,2024,R16,ben shelton,brandon nakashima,0.6592947840690613,1
2024-418_39.0,hard,2024,R16,aleksandar kovacevic,frances tiafoe,0.3648279011249542,0
2024-418_4.0,hard,2024,R64,daniel elahi galan,maxime cressy,0.5862324833869934,1
2024-418_40.0,hard,2024,R16,andrey rublev,arthur rinderknech,0.7691135406494141,1
2024-418_41.0,hard,2024,QF,alex michelsen,flavio cobolli,0.4308798015117645,0
2024-418_42.0,hard,2024,QF,ben shelton,denis shapovalov,0.6899835467338562,1
2024-418_43.0,hard,2024,QF,jordan thompson,sebastian korda,0.37428730726242065,0
2024-418_44.0,hard,2024,QF,andrey rublev,frances tiafoe,0.6414816379547119,0
2024-418_45.0,hard,2024,SF,ben shelton,flavio cobolli,0.6135499477386475,0
2024-418_46.0,hard,2024,SF,frances tiafoe,sebastian korda,0.5926204323768616,0
2024-418_47.0,hard,2024,F,flavio cobolli,sebastian korda,0.26878899335861206,0
2024-418_5.0,hard,2024,R64,borna coric,emil ruusuvuori,0.631911039352417,0
2024-418_6.0,hard,2024,R64,mackenzie mcdonald,mattia bellucci,0.6605366468429565,0
2024-418_7.0,hard,2024,R64,adam walton,seongchan hong,0.7315936088562012,0
2024-418_8.0,hard,2024,R64,denis shapovalov,roberto bautista agut,0.6591673493385315,1
2024-418_9.0,hard,2024,R64,camilo ugo carabelli,david goffin,0.47912630438804626,0
2024-421_1.0,hard,2024,R64,lorenzo sonego,tallon griekspoor,0.24759848415851593,1
2024-421_10.0,hard,2024,R64,luciano darderi,tommy paul,0.13436271250247955,0
2024-421_11.0,hard,2024,R64,rinky hijikata,taro daniel,0.5263984799385071,1
2024-421_12.0,hard,2024,R64,mackenzie mcdonald,matteo arnaldi,0.21855710446834564,0
2024-421_13.0,hard,2024,R64,alexander bublik,ben shelton,0.4463721811771393,0
2024-421_14.0,hard,2024,R64,alejandro davidovich fokina,roman safiullin,0.5581455826759338,1
2024-421_15.0,hard,2024,R64,arthur fils,ugo humbert,0.33403584361076355,0
2024-421_16.0,hard,2024,R64,borna coric,pedro martinez,0.5087080597877502,1
2024-421_17.0,hard,2024,R64,brandon nakashima,denis shapovalov,0.48531296849250793,1
2024-421_18.0,hard,2024,R64,james duckworth,marcos giron,0.3699440658092499,1
2024-421_19.0,hard,2024,R64,alexei popyrin,tomas machac,0.39367035031318665,1
2024-421_2.0,hard,2024,R64,alex michelsen,kei nishikori,0.5302898287773132,0
2024-421_20.0,hard,2024,R64,mariano navone,taylor fritz,0.1583884358406067,0
2024-421_21.0,hard,2024,R64,adrian mannarino,arthur rinderknech,0.4899030029773712,0
2024-421_22.0,hard,2024,R64,sebastian korda,vasek pospisil,0.9193249344825745,1
2024-421_23.0,hard,2024,R64,felix auger-aliassime,flavio cobolli,0.6360254287719727,0
2024-421_24.0,hard,2024,R64,gael monfils,thanasi kokkinakis,0.6551896929740906,0
2024-421_25.0,hard,2024,R32,nuno borges,ugo humbert,0.2575353980064392,1
2024-421_26.0,hard,2024,R32,alejandro davidovich fokina,daniil medvedev,0.15315282344818115,1
2024-421_27.0,hard,2024,R32,brandon nakashima,tommy paul,0.3236068785190582,1
2024-421_28.0,hard,2024,R32,kei nishikori,stefanos tsitsipas,0.2811571955680847,1
2024-421_29.0,hard,2024,R32,andrey rublev,tomas martin etcheverry,0.6373080611228943,1
2024-421_3.0,hard,2024,R64,nicolas jarry,tomas martin etcheverry,0.5810943841934204,0
2024-421_30.0,hard,2024,R32,alexander zverev,jordan thompson,0.7319838404655457,1
2024-421_31.0,hard,2024,R32,grigor dimitrov,rinky hijikata,0.8195388913154602,1
2024-421_32.0,hard,2024,R32,karen khachanov,matteo arnaldi,0.7542065978050232,0
2024-421_33.0,hard,2024,R32,casper ruud,james duckworth,0.7990999221801758,1
2024-421_34.0,hard,2024,R32,borna coric,jannik sinner,0.05756130814552307,0
2024-421_35.0,hard,2024,R32,holger rune,pablo carreno busta,0.8381726145744324,1
2024-421_36.0,hard,2024,R32,alexei popyrin,ben shelton,0.3617784380912781,1
2024-421_37.0,hard,2024,R32,alejandro tabilo,lorenzo sonego,0.5991121530532837,1
2024-421_38.0,hard,2024,R32,sebastian korda,taylor fritz,0.44933128356933594,1
2024-421_39.0,hard,2024,R32,hubert hurkacz,thanasi kokkinakis,0.6276752948760986,1
2024-421_4.0,hard,2024,R64,miomir kecmanovic,nuno borges,0.5231802463531494,0
2024-421_40.0,hard,2024,R32,arthur rinderknech,flavio cobolli,0.38434281945228577,1
2024-421_41.0,hard,2024,R16,alejandro davidovich fokina,matteo arnaldi,0.5550442934036255,0
2024-421_42.0,hard,2024,R16,andrey rublev,brandon nakashima,0.7006305456161499,1
2024-421_43.0,hard,2024,R16,kei nishikori,nuno borges,0.6079763770103455,1
2024-421_44.0,hard,2024,R16,alexei popyrin,grigor dimitrov,0.3651357591152191,1
2024-421_45.0,hard,2024,R16,alejandro tabilo,jannik sinner,0.1762022227048874,0
2024-421_46.0,hard,2024,R16,alexander zverev,holger rune,0.7014931440353394,1
2024-421_47.0,hard,2024,R16,casper ruud,sebastian korda,0.3310830891132355,0
2024-421_48.0,hard,2024,R16,arthur rinderknech,hubert hurkacz,0.1799590289592743,0
2024-421_49.0,hard,2024,QF,andrey rublev,jannik sinner,0.10213587433099747,1
2024-421_5.0,hard,2024,R64,gabriel diallo,karen khachanov,0.13876007497310638,0
2024-421_50.0,hard,2024,QF,kei nishikori,matteo arnaldi,0.4606221914291382,0
2024-421_51.0,hard,2024,QF,alexei popyrin,hubert hurkacz,0.2206977903842926,1
2024-421_52.0,hard,2024,QF,alexander zverev,sebastian korda,0.6852566599845886,0
2024-421_53.0,hard,2024,SF,andrey rublev,matteo arnaldi,0.6507149338722229,1
2024-421_54.0,hard,2024,SF,alexei popyrin,sebastian korda,0.28468310832977295,1
2024-421_55.0,hard,2024,F,alexei popyrin,andrey rublev,0.32620179653167725,1
2024-421_6.0,hard,2024,R64,fabian marozsan,pablo carreno busta,0.809955358505249,0
2024-421_7.0,hard,2024,R64,holger rune,roberto bautista agut,0.5314942598342896,1
2024-421_8.0,hard,2024,R64,alejandro tabilo,frances tiafoe,0.4666319489479065,1
2024-421_9.0,hard,2024,R64,jack draper,jordan thompson,0.3760470151901245,0
2024-422_1.0,hard,2024,R64,flavio cobolli,tommy paul,0.28357425332069397,1
2024-422_10.0,hard,2024,R64,ben shelton,reilly opelka,0.8241433501243591,1
2024-422_11.0,hard,2024,R64,lorenzo musetti,nicolas jarry,0.64070725440979,1
2024-422_12.0,hard,2024,R64,miomir kecmanovic,yoshihito nishioka,0.3119205832481384,0
2024-422_13.0,hard,2024,R64,brandon nakashima,taylor fritz,0.3604699969291687,1
2024-422_14.0,hard,2024,R64,arthur fils,brandon holt,0.8437450528144836,1
2024-422_15.0,hard,2024,R64,adrian mannarino,nuno borges,0.4276411235332489,0
2024-422_16.0,hard,2024,R64,corentin moutet,fabian marozsan,0.29282981157302856,0
2024-422_17.0,hard,2024,R64,aleksandar kovacevic,felix auger-aliassime,0.16717803478240967,0
2024-422_18.0,hard,2024,R64,jan-lennard struff,stefanos tsitsipas,0.231522336602211,0
2024-422_19.0,hard,2024,R64,holger rune,matteo berrettini,0.6305537819862366,1
2024-422_2.0,hard,2024,R64,francisco cerundolo,karen khachanov,0.24955140054225922,0
2024-422_20.0,hard,2024,R64,max purcell,tomas machac,0.20921343564987183,1
2024-422_21.0,hard,2024,R64,jack draper,jaume munar,0.8506112694740295,1
2024-422_22.0,hard,2024,R64,alexei popyrin,gael monfils,0.5880250930786133,0
2024-422_23.0,hard,2024,R64,pablo carreno busta,sebastian korda,0.18212464451789856,1
2024-422_24.0,hard,2024,R64,matteo arnaldi,tomas martin etcheverry,0.6256411075592041,0
2024-422_25.0,hard,2024,R32,alex michelsen,jannik sinner,0.06236191466450691,0
2024-422_26.0,hard,2024,R32,frances tiafoe,lorenzo musetti,0.6125797629356384,1
2024-422_27.0,hard,2024,R32,jordan thompson,sebastian baez,0.608773946762085,1
2024-422_28.0,hard,2024,R32,daniil medvedev,jiri lehecka,0.7054299116134644,0
2024-422_29.0,hard,2024,R32,hubert hurkacz,yoshihito nishioka,0.8149271607398987,1
2024-422_3.0,hard,2024,R64,giovanni mpetshi perricard,zhizhen zhang,0.45992088317871094,0
2024-422_30.0,hard,2024,R32,flavio cobolli,luciano darderi,0.6351043581962585,1
2024-422_31.0,hard,2024,R32,alexander zverev,karen khachanov,0.7831006646156311,1
2024-422_32.0,hard,2024,R32,max purcell,pablo carreno busta,0.4826444983482361,0
2024-422_33.0,hard,2024,R32,fabian marozsan,grigor dimitrov,0.24637342989444733,1
2024-422_34.0,hard,2024,R32,andrey rublev,zhizhen zhang,0.7041929960250854,1
2024-422_35.0,hard,2024,R32,arthur fils,brandon nakashima,0.5967392325401306,0
2024-422_36.0,hard,2024,R32,ben shelton,tomas martin etcheverry,0.661754310131073,1
2024-422_37.0,hard,2024,R32,jack draper,stefanos tsitsipas,0.36390507221221924,1
2024-422_38.0,hard,2024,R32,holger rune,nuno borges,0.7068204283714294,1
2024-422_39.0,hard,2024,R32,carlos alcaraz,gael monfils,0.8312883377075195,0
2024-422_4.0,hard,2024,R64,alejandro tabilo,luciano darderi,0.701483964920044,0
2024-422_40.0,hard,2024,R32,casper ruud,felix auger-aliassime,0.5201990604400635,0
2024-422_41.0,hard,2024,R16,alexander zverev,pablo carreno busta,0.8691067695617676,1
2024-422_42.0,hard,2024,R16,andrey rublev,brandon nakashima,0.8019158244132996,1
2024-422_43.0,hard,2024,R16,jannik sinner,jordan thompson,0.8685492873191833,1
2024-422_44.0,hard,2024,R16,ben shelton,fabian marozsan,0.5577239990234375,1
2024-422_45.0,hard,2024,R16,flavio cobolli,hubert hurkacz,0.2626252770423889,0
2024-422_46.0,hard,2024,R16,gael monfils,holger rune,0.4268793761730194,0
2024-422_47.0,hard,2024,R16,felix auger-aliassime,jack draper,0.5497839450836182,0
2024-422_48.0,hard,2024,R16,frances tiafoe,jiri lehecka,0.3942980468273163,1
2024-422_49.0,hard,2024,QF,andrey rublev,jannik sinner,0.14703838527202606,0
2024-422_5.0,hard,2024,R64,marcos giron,sebastian baez,0.7030722498893738,0
2024-422_50.0,hard,2024,QF,alexander zverev,ben shelton,0.7545135021209717,1
2024-422_51.0,hard,2024,QF,frances tiafoe,hubert hurkacz,0.3057432174682617,1
2024-422_52.0,hard,2024,QF,holger rune,jack draper,0.5439168810844421,1
2024-422_53.0,hard,2024,SF,alexander zverev,jannik sinner,0.29327476024627686,0
2024-422_54.0,hard,2024,SF,frances tiafoe,holger rune,0.37108010053634644,1
2024-422_55.0,hard,2024,F,frances tiafoe,jannik sinner,0.10576160252094269,0
2024-422_6.0,hard,2024,R64,alejandro davidovich fokina,frances tiafoe,0.5137487053871155,0
2024-422_7.0,hard,2024,R64,jiri lehecka,mariano navone,0.4461700916290283,1
2024-422_8.0,hard,2024,R64,alex michelsen,tallon griekspoor,0.31634047627449036,1
2024-422_9.0,hard,2024,R64,jordan thompson,ugo humbert,0.44576677680015564,1
2024-424_1.0,hard,2024,F,marcos giron,tommy paul,0.3281919062137604,0
2024-424_10.0,hard,2024,R16,adrian mannarino,yoshihito nishioka,0.6806850433349609,1
2024-424_11.0,hard,2024,R16,christopher eubanks,james duckworth,0.5908954739570618,0
2024-424_12.0,hard,2024,R16,denis kudla,jordan thompson,0.3412266671657562,0
2024-424_13.0,hard,2024,R16,ben shelton,michael mmoh,0.6658601760864258,1
2024-424_14.0,hard,2024,R16,dominik koepfer,rinky hijikata,0.5516080260276794,1
2024-424_15.0,hard,2024,R16,taro daniel,tommy paul,0.2877330780029297,0
2024-424_16.0,hard,2024,R32,alex michelsen,tennys sandgren,0.6598516702651978,1
2024-424_17.0,hard,2024,R32,marcos giron,nicolas moreno de alboran,0.818629801273346,1
2024-424_18.0,hard,2024,R32,max purcell,mitchell krueger,0.6891437768936157,1
2024-424_19.0,hard,2024,R32,terence atmane,yoshihito nishioka,0.15555109083652496,0
2024-424_2.0,hard,2024,SF,adrian mannarino,marcos giron,0.6847230195999146,0
2024-424_20.0,hard,2024,R32,james duckworth,zachary svajda,0.7226053476333618,1
2024-424_21.0,hard,2024,R32,christopher eubanks,steve johnson,0.6940654516220093,1
2024-424_22.0,hard,2024,R32,adam neff,jordan thompson,0.09653240442276001,0
2024-424_23.0,hard,2024,R32,denis kudla,radu albot,0.29872962832450867,1
2024-424_24.0,hard,2024,R32,emilio nava,michael mmoh,0.1894308179616928,0
2024-424_25.0,hard,2024,R32,aleksandar kovacevic,dominik koepfer,0.22855325043201447,0
2024-424_26.0,hard,2024,R32,ethan quinn,rinky hijikata,0.21030393242835999,0
2024-424_27.0,hard,2024,R32,constant lestienne,taro daniel,0.5892568230628967,0
2024-424_3.0,hard,2024,SF,ben shelton,tommy paul,0.4796377718448639,0
2024-424_4.0,hard,2024,QF,frances tiafoe,marcos giron,0.7982789278030396,0
2024-424_5.0,hard,2024,QF,adrian mannarino,james duckworth,0.8379037976264954,1
2024-424_6.0,hard,2024,QF,ben shelton,jordan thompson,0.6305323839187622,1
2024-424_7.0,hard,2024,QF,dominik koepfer,tommy paul,0.5668243765830994,0
2024-424_8.0,hard,2024,R16,alex michelsen,frances tiafoe,0.262440025806427,0
2024-424_9.0,hard,2024,R16,marcos giron,max purcell,0.7691363096237183,1
2024-429_1.0,hard,2024,R32,aleksandar kovacevic,dominic stricker,0.6581110954284668,0
2024-429_10.0,hard,2024,R32,alejandro davidovich fokina,thiago agustin tirante,0.7858779430389404,1
2024-429_11.0,hard,2024,R32,brandon nakashima,stan wawrinka,0.505598247051239,0
2024-429_12.0,hard,2024,R32,quentin halys,sumit nagal,0.373731404542923,1
2024-429_13.0,hard,2024,R16,jacob fearnley,tallon griekspoor,0.2490401566028595,0
2024-429_14.0,hard,2024,R16,dominic stricker,matteo berrettini,0.18231123685836792,1
2024-429_15.0,hard,2024,R16,casper ruud,lorenzo sonego,0.6495119333267212,1
2024-429_16.0,hard,2024,R16,laslo djere,tommy paul,0.1524355113506317,0
2024-429_17.0,hard,2024,R16,miomir kecmanovic,nicolas jarry,0.5294980406761169,1
2024-429_18.0,hard,2024,R16,alejandro davidovich fokina,stan wawrinka,0.7015786170959473,0
2024-429_19.0,hard,2024,R16,alexandre muller,andrey rublev,0.3427126109600067,0
2024-429_2.0,hard,2024,R32,lorenzo sonego,marc-andrea huesler,0.7800180315971375,1
2024-429_20.0,hard,2024,R16,grigor dimitrov,quentin halys,0.825727641582489,1
2024-429_21.0,hard,2024,QF,miomir kecmanovic,tommy paul,0.25769901275634766,0
2024-429_22.0,hard,2024,QF,andrey rublev,stan wawrinka,0.8240125179290771,0
2024-429_23.0,hard,2024,QF,casper ruud,tallon griekspoor,0.6481034755706787,0
2024-429_24.0,hard,2024,QF,dominic stricker,grigor dimitrov,0.13946619629859924,0
2024-429_25.0,hard,2024,SF,stan wawrinka,tommy paul,0.11365394294261932,0
2024-429_26.0,hard,2024,SF,grigor dimitrov,tallon griekspoor,0.7156097888946533,1
2024-429_27.0,hard,2024,F,grigor dimitrov,tommy paul,0.6119835376739502,0
2024-429_3.0,hard,2024,R32,pavel kotov,tallon griekspoor,0.1749643087387085,0
2024-429_4.0,hard,2024,R32,luciano darderi,matteo berrettini,0.1921103447675705,0
2024-429_5.0,hard,2024,R32,corentin moutet,jacob fearnley,0.688133180141449,0
2024-429_6.0,hard,2024,R32,cameron norrie,miomir kecmanovic,0.31785333156585693,0
2024-429_7.0,hard,2024,R32,laslo djere,pedro martinez,0.2943054139614105,1
2024-429_8.0,hard,2024,R32,elias ymer,nicolas jarry,0.2922298014163971,0
2024-429_9.0,hard,2024,R32,alexandre muller,leo borg,0.8629252910614014,1
2024-451_1.0,hard,2024,R32,fabian marozsan,vit kopriva,0.7704039812088013,1
2024-451_10.0,hard,2024,R32,alejandro davidovich fokina,jakub mensik,0.45314309000968933,0
2024-451_11.0,hard,2024,R32,alexandre muller,andy murray,0.2432485967874527,0
2024-451_12.0,hard,2024,R32,alexander shevchenko,richard gasquet,0.48341459035873413,0
2024-451_13.0,hard,2024,R16,fabian marozsan,karen khachanov,0.2420443743467331,0
2024-451_14.0,hard,2024,R16,christopher o'connell,emil ruusuvuori,0.2527187764644623,0
2024-451_15.0,hard,2024,R16,alexander bublik,marton fucsovics,0.7237287759780884,1
2024-451_16.0,hard,2024,R16,alexei popyrin,hugo grenier,0.7752560377120972,1
2024-451_17.0,hard,2024,R16,gael monfils,zhizhen zhang,0.7366594076156616,1
2024-451_18.0,hard,2024,R16,pavel kotov,ugo humbert,0.17881816625595093,0
2024-451_19.0,hard,2024,R16,andy murray,jakub mensik,0.3079471290111542,0
2024-451_2.0,hard,2024,R32,emil ruusuvuori,giulio zeppieri,0.8538083434104919,1
2024-451_20.0,hard,2024,R16,andrey rublev,richard gasquet,0.90313321352005,1
2024-451_21.0,hard,2024,QF,emil ruusuvuori,karen khachanov,0.2662050426006317,0
2024-451_22.0,hard,2024,QF,alexander bublik,alexei popyrin,0.4649782180786133,0
2024-451_23.0,hard,2024,QF,gael monfils,ugo humbert,0.44739830493927,1
2024-451_24.0,hard,2024,QF,andrey rublev,jakub mensik,0.8378117680549622,0
2024-451_25.0,hard,2024,SF,alexei popyrin,karen khachanov,0.17725905776023865,0
2024-451_26.0,hard,2024,SF,gael monfils,jakub mensik,0.48513370752334595,0
2024-451_27.0,hard,2024,F,jakub mensik,karen khachanov,0.21223968267440796,0
2024-451_3.0,hard,2024,R32,christopher o'connell,jan-lennard struff,0.6064900755882263,1
2024-451_4.0,hard,2024,R32,marton fucsovics,roberto bautista agut,0.7043324112892151,1
2024-451_5.0,hard,2024,R32,abdullah shelbayh,alexei popyrin,0.1866416037082672,0
2024-451_6.0,hard,2024,R32,hugo grenier,maximilian marterer,0.6959788203239441,1
2024-451_7.0,hard,2024,R32,lorenzo musetti,zhizhen zhang,0.3266843259334564,0
2024-451_8.0,hard,2024,R32,botic van de zandschulp,gael monfils,0.23862473666667938,0
2024-451_9.0,hard,2024,R32,lorenzo sonego,pavel kotov,0.38741153478622437,0
2024-4713_1.0,hard,2024,R32,fabian marozsan,luca nardi,0.7157027125358582,1
2024-4713_10.0,hard,2024,R32,coleman wong,yibing wu,0.6713433265686035,1
2024-4713_11.0,hard,2024,R32,aslan karatsev,mattia bellucci,0.36411282420158386,0
2024-4713_12.0,hard,2024,R32,denis yevseyev,zhizhen zhang,0.22117801010608673,0
2024-4713_13.0,hard,2024,R16,alexander shevchenko,mikhail kukushkin,0.48447346687316895,0
2024-4713_14.0,hard,2024,R16,fabian marozsan,rinky hijikata,0.7448256611824036,0
2024-4713_15.0,hard,2024,R16,brandon nakashima,coleman wong,0.711620032787323,1
2024-4713_16.0,hard,2024,R16,karen khachanov,yunchaokete bu,0.5201148986816406,0
2024-4713_17.0,hard,2024,R16,marin cilic,yoshihito nishioka,0.20210112631320953,1
2024-4713_18.0,hard,2024,R16,mitchell krueger,roberto carballes baena,0.24830803275108337,0
2024-4713_19.0,hard,2024,R16,holger rune,yasutaka uchiyama,0.8970237970352173,0
2024-4713_2.0,hard,2024,R32,luciano darderi,mikhail kukushkin,0.6820051074028015,0
2024-4713_20.0,hard,2024,R16,mattia bellucci,zhizhen zhang,0.3543907701969147,0
2024-4713_21.0,hard,2024,QF,brandon nakashima,rinky hijikata,0.66238933801651,1
2024-4713_22.0,hard,2024,QF,marin cilic,yasutaka uchiyama,0.630433976650238,1
2024-4713_23.0,hard,2024,QF,mikhail kukushkin,yunchaokete bu,0.49695682525634766,0
2024-4713_24.0,hard,2024,QF,roberto carballes baena,zhizhen zhang,0.2691052258014679,0
2024-4713_25.0,hard,2024,SF,brandon nakashima,marin cilic,0.8999273180961609,0
2024-4713_26.0,hard,2024,SF,yunchaokete bu,zhizhen zhang,0.33775389194488525,0
2024-4713_27.0,hard,2024,F,marin cilic,zhizhen zhang,0.2346809059381485,1
2024-4713_3.0,hard,2024,R32,marin cilic,zachary svajda,0.35807788372039795,1
2024-4713_4.0,hard,2024,R32,maximilian marterer,yoshihito nishioka,0.32299932837486267,0
2024-4713_5.0,hard,2024,R32,damir dzumhur,rinky hijikata,0.30842551589012146,0
2024-4713_6.0,hard,2024,R32,hugo gaston,yunchaokete bu,0.38696280121803284,0
2024-4713_7.0,hard,2024,R32,alexander shevchenko,marco trungelliti,0.7017318606376648,1
2024-4713_8.0,hard,2024,R32,corentin moutet,roberto carballes baena,0.3307342827320099,0
2024-4713_9.0,hard,2024,R32,james mccabe,yasutaka uchiyama,0.30401378870010376,0
2024-4787_1.0,hard,2024,R32,fabian marozsan,juncheng shang,0.604221761226654,1
2024-4787_10.0,hard,2024,R32,christopher o'connell,miomir kecmanovic,0.41636553406715393,1
2024-4787_11.0,hard,2024,R32,fabio fognini,roman safiullin,0.5768641829490662,0
2024-4787_12.0,hard,2024,R32,laslo djere,stan wawrinka,0.6612034440040588,1
2024-4787_13.0,hard,2024,R16,aleksandar kovacevic,hamad medjedovic,0.31884896755218506,0
2024-4787_14.0,hard,2024,R16,lukas klein,tomas martin etcheverry,0.28644025325775146,1
2024-4787_15.0,hard,2024,R16,jiri lehecka,marin cilic,0.6660086512565613,1
2024-4787_16.0,hard,2024,R16,francisco cerundolo,roman safiullin,0.4984526038169861,1
2024-4787_17.0,hard,2024,R16,christopher o'connell,daniel altmaier,0.608609676361084,1
2024-4787_18.0,hard,2024,R16,denis shapovalov,nuno borges,0.3704982101917267,1
2024-4787_19.0,hard,2024,R16,dusan lajovic,fabian marozsan,0.2915249764919281,0
2024-4787_2.0,hard,2024,R32,brandon nakashima,hamad medjedovic,0.7545339465141296,0
2024-4787_20.0,hard,2024,R16,duje ajdukovic,laslo djere,0.3088133633136749,0
2024-4787_21.0,hard,2024,QF,jiri lehecka,lukas klein,0.6922646760940552,1
2024-4787_22.0,hard,2024,QF,christopher o'connell,denis shapovalov,0.35938265919685364,0
2024-4787_23.0,hard,2024,QF,fabian marozsan,laslo djere,0.642673671245575,0
2024-4787_24.0,hard,2024,QF,francisco cerundolo,hamad medjedovic,0.44905707240104675,0
2024-4787_25.0,hard,2024,SF,denis shapovalov,jiri lehecka,0.4332714378833771,1
2024-4787_26.0,hard,2024,SF,hamad medjedovic,laslo djere,0.5506097078323364,1
2024-4787_27.0,hard,2024,F,denis shapovalov,hamad medjedovic,0.6231052279472351,1
2024-4787_3.0,hard,2024,R32,daniel altmaier,luciano darderi,0.3386206328868866,1
2024-4787_4.0,hard,2024,R32,alexandre muller,marin cilic,0.25473925471305847,0
2024-4787_5.0,hard,2024,R32,pavel kotov,tomas martin etcheverry,0.20814545452594757,0
2024-4787_6.0,hard,2024,R32,aleksandar kovacevic,branko djuric,0.7458739280700684,1
2024-4787_7.0,hard,2024,R32,james duckworth,lukas klein,0.7197937965393066,0
2024-4787_8.0,hard,2024,R32,dusan lajovic,mariano navone,0.7040178775787354,1
2024-4787_9.0,hard,2024,R32,denis shapovalov,marton fucsovics,0.7699289917945862,1
2024-495_1.0,hard,2024,R32,andrey rublev,zhizhen zhang,0.7996726036071777,1
2024-495_10.0,hard,2024,R32,andy murray,denis shapovalov,0.6773807406425476,1
2024-495_11.0,hard,2024,R32,christopher o'connell,maximilian marterer,0.6308162212371826,1
2024-495_12.0,hard,2024,R32,hubert hurkacz,jan-lennard struff,0.669385552406311,1
2024-495_13.0,hard,2024,R32,alejandro davidovich fokina,fabian marozsan,0.6456738710403442,1
2024-495_14.0,hard,2024,R32,borna coric,jakub mensik,0.37784767150878906,0
2024-495_15.0,hard,2024,R32,lorenzo sonego,sumit nagal,0.7692997455596924,1
2024-495_16.0,hard,2024,R32,alexander shevchenko,daniil medvedev,0.09425912797451019,0
2024-495_17.0,hard,2024,R16,andrey rublev,arthur cazaux,0.8392894864082336,1
2024-495_18.0,hard,2024,R16,botic van de zandschulp,sebastian korda,0.3691686987876892,0
2024-495_19.0,hard,2024,R16,jiri lehecka,karen khachanov,0.31396082043647766,1
2024-495_2.0,hard,2024,R32,arthur cazaux,lorenzo musetti,0.3071494996547699,1
2024-495_20.0,hard,2024,R16,alexander bublik,tallon griekspoor,0.48644354939460754,1
2024-495_21.0,hard,2024,R16,andy murray,ugo humbert,0.22437167167663574,0
2024-495_22.0,hard,2024,R16,christopher o'connell,hubert hurkacz,0.19128280878067017,0
2024-495_23.0,hard,2024,R16,alejandro davidovich fokina,jakub mensik,0.5448717474937439,1
2024-495_24.0,hard,2024,R16,daniil medvedev,lorenzo sonego,0.8030102849006653,1
2024-495_25.0,hard,2024,QF,andrey rublev,sebastian korda,0.7175402641296387,1
2024-495_26.0,hard,2024,QF,alexander bublik,jiri lehecka,0.5651757121086121,1
2024-495_27.0,hard,2024,QF,hubert hurkacz,ugo humbert,0.5968707203865051,0
2024-495_28.0,hard,2024,QF,alejandro davidovich fokina,daniil medvedev,0.1228577196598053,0
2024-495_29.0,hard,2024,SF,alexander bublik,andrey rublev,0.24708883464336395,1
2024-495_3.0,hard,2024,R32,pavel kotov,sebastian korda,0.5558521747589111,0
2024-495_30.0,hard,2024,SF,daniil medvedev,ugo humbert,0.6969573497772217,0
2024-495_31.0,hard,2024,F,alexander bublik,ugo humbert,0.4153155982494354,0
2024-495_4.0,hard,2024,R32,adrian mannarino,botic van de zandschulp,0.5245867371559143,0
2024-495_5.0,hard,2024,R32,karen khachanov,luca van assche,0.8660182356834412,1
2024-495_6.0,hard,2024,R32,jiri lehecka,marton fucsovics,0.35758501291275024,1
2024-495_7.0,hard,2024,R32,abdullah shelbayh,tallon griekspoor,0.2538287341594696,0
2024-495_8.0,hard,2024,R32,alexander bublik,tomas machac,0.7529565095901489,1
2024-495_9.0,hard,2024,R32,gael monfils,ugo humbert,0.3671802878379822,0
2024-496_1.0,hard,2024,R32,hugo grenier,sebastian korda,0.12107107788324356,0
2024-496_10.0,hard,2024,R32,lorenzo musetti,maximilian marterer,0.7661451101303101,1
2024-496_11.0,hard,2024,R32,andy murray,tomas machac,0.3041332960128784,0
2024-496_12.0,hard,2024,R32,alexander shevchenko,benjamin bonzi,0.5803804993629456,1
2024-496_13.0,hard,2024,R16,grigor dimitrov,sebastian korda,0.73038649559021,1
2024-496_14.0,hard,2024,R16,arthur rinderknech,jiri lehecka,0.30443766713142395,1
2024-496_15.0,hard,2024,R16,karen khachanov,roberto bautista agut,0.6796397566795349,1
2024-496_16.0,hard,2024,R16,felix auger-aliassime,zhizhen zhang,0.6895910501480103,0
2024-496_17.0,hard,2024,R16,alejandro davidovich fokina,emil ruusuvuori,0.5148881673812866,1
2024-496_18.0,hard,2024,R16,hugo gaston,ugo humbert,0.11709105223417282,0
2024-496_19.0,hard,2024,R16,lorenzo musetti,tomas machac,0.33798113465309143,0
2024-496_2.0,hard,2024,R32,arthur rinderknech,maxime cressy,0.5982555747032166,1
2024-496_20.0,hard,2024,R16,alexander shevchenko,hubert hurkacz,0.18477976322174072,0
2024-496_21.0,hard,2024,QF,arthur rinderknech,grigor dimitrov,0.2644406855106354,0
2024-496_22.0,hard,2024,QF,karen khachanov,zhizhen zhang,0.4873735308647156,1
2024-496_23.0,hard,2024,QF,alejandro davidovich fokina,ugo humbert,0.44954562187194824,0
2024-496_24.0,hard,2024,QF,hubert hurkacz,tomas machac,0.8650268316268921,1
2024-496_25.0,hard,2024,SF,grigor dimitrov,karen khachanov,0.6715357303619385,1
2024-496_26.0,hard,2024,SF,hubert hurkacz,ugo humbert,0.6275872588157654,0
2024-496_27.0,hard,2024,F,grigor dimitrov,ugo humbert,0.6855633854866028,0
2024-496_3.0,hard,2024,R32,david goffin,jiri lehecka,0.2623291313648224,0
2024-496_4.0,hard,2024,R32,richard gasquet,roberto bautista agut,0.4297086298465729,0
2024-496_5.0,hard,2024,R32,giulio zeppieri,zhizhen zhang,0.20122665166854858,0
2024-496_6.0,hard,2024,R32,felix auger-aliassime,quentin halys,0.6465637683868408,1
2024-496_7.0,hard,2024,R32,alejandro davidovich fokina,gregoire barrere,0.8209317326545715,1
2024-496_8.0,hard,2024,R32,emil ruusuvuori,luca van assche,0.7065442800521851,1
2024-496_9.0,hard,2024,R32,denis shapovalov,hugo gaston,0.527057945728302,0
2024-499_1.0,hard,2024,R32,juncheng shang,radu albot,0.3707262873649597,0
2024-499_10.0,hard,2024,R32,matteo arnaldi,yoshihito nishioka,0.6755020618438721,1
2024-499_11.0,hard,2024,R32,liam broady,rinky hijikata,0.3442029356956482,0
2024-499_12.0,hard,2024,R32,gabriel diallo,nuno borges,0.42898431420326233,0
2024-499_13.0,hard,2024,R16,frances tiafoe,radu albot,0.7673593163490295,1
2024-499_14.0,hard,2024,R16,flavio cobolli,zachary svajda,0.6538776755332947,1
2024-499_15.0,hard,2024,R16,alex michelsen,tommy paul,0.3170747756958008,0
2024-499_16.0,hard,2024,R16,jordan thompson,nicolas moreno de alboran,0.7506471872329712,1
2024-499_17.0,hard,2024,R16,constant lestienne,patrick kypson,0.5144945979118347,0
2024-499_18.0,hard,2024,R16,adrian mannarino,marcos giron,0.5051804184913635,0
2024-499_19.0,hard,2024,R16,matteo arnaldi,rinky hijikata,0.39036309719085693,0
2024-499_2.0,hard,2024,R32,flavio cobolli,taro daniel,0.3175967037677765,1
2024-499_20.0,hard,2024,R16,nuno borges,taylor fritz,0.31372249126434326,0
2024-499_21.0,hard,2024,QF,flavio cobolli,frances tiafoe,0.3281437158584595,0
2024-499_22.0,hard,2024,QF,jordan thompson,tommy paul,0.3494016230106354,0
2024-499_23.0,hard,2024,QF,marcos giron,patrick kypson,0.7438919544219971,1
2024-499_24.0,hard,2024,QF,rinky hijikata,taylor fritz,0.20868979394435883,0
2024-499_25.0,hard,2024,SF,frances tiafoe,tommy paul,0.41567912697792053,0
2024-499_26.0,hard,2024,SF,marcos giron,taylor fritz,0.2519108057022095,0
2024-499_27.0,hard,2024,F,taylor fritz,tommy paul,0.605800986289978,1
2024-499_3.0,hard,2024,R32,max purcell,zachary svajda,0.6668616533279419,0
2024-499_4.0,hard,2024,R32,alex michelsen,thanasi kokkinakis,0.6041908860206604,1
2024-499_5.0,hard,2024,R32,aleksandar kovacevic,nicolas moreno de alboran,0.5784246921539307,0
2024-499_6.0,hard,2024,R32,daniel evans,jordan thompson,0.319629430770874,0
2024-499_7.0,hard,2024,R32,miomir kecmanovic,patrick kypson,0.8332200050354004,0
2024-499_8.0,hard,2024,R32,aleksandar vukic,constant lestienne,0.3782547414302826,0
2024-499_9.0,hard,2024,R32,emilio nava,marcos giron,0.22686800360679626,0
2024-5014_1.0,hard,2024,R128,alexandre muller,luca nardi,0.5774386525154114,1
2024-5014_10.0,hard,2024,R128,aleksandar vukic,corentin moutet,0.4847162961959839,1
2024-5014_11.0,hard,2024,R128,adrian mannarino,zachary svajda,0.8054638504981995,0
2024-5014_12.0,hard,2024,R128,coleman wong,juncheng shang,0.16409389674663544,0
2024-5014_13.0,hard,2024,R128,alejandro davidovich fokina,gabriel diallo,0.7880480885505676,1
2024-5014_14.0,hard,2024,R128,egor gerasimov,taro daniel,0.3247106373310089,0
2024-5014_15.0,hard,2024,R128,daniel evans,thiago seyboth wild,0.6643344759941101,0
2024-5014_16.0,hard,2024,R128,kei nishikori,mariano navone,0.7220895290374756,1
2024-5014_17.0,hard,2024,R128,miomir kecmanovic,rinky hijikata,0.6604843139648438,1
2024-5014_18.0,hard,2024,R128,hugo gaston,jaume munar,0.7224732637405396,0
2024-5014_19.0,hard,2024,R128,david goffin,james duckworth,0.73077791929245,1
2024-5014_2.0,hard,2024,R128,arthur rinderknech,reilly opelka,0.6212858557701111,1
2024-5014_20.0,hard,2024,R128,yi zhou,yoshihito nishioka,0.16842889785766602,1
2024-5014_21.0,hard,2024,R128,christopher o'connell,matteo berrettini,0.23651960492134094,0
2024-5014_22.0,hard,2024,R128,jakub mensik,pedro martinez,0.7625004053115845,1
2024-5014_23.0,hard,2024,R128,facundo diaz acosta,tallon griekspoor,0.21951718628406525,0
2024-5014_24.0,hard,2024,R128,li tu,marcos giron,0.18829046189785004,0
2024-5014_25.0,hard,2024,R128,pavel kotov,yosuke watanuki,0.7308539152145386,0
2024-5014_26.0,hard,2024,R128,alexander shevchenko,ramkumar ramanathan,0.8268393874168396,1
2024-5014_27.0,hard,2024,R128,beibit zhukayev,roman safiullin,0.1993340402841568,0
2024-5014_28.0,hard,2024,R128,zhizhen zhang,zizou bergs,0.6213703155517578,0
2024-5014_29.0,hard,2024,R128,billy harris,mattia bellucci,0.34301066398620605,0
2024-5014_3.0,hard,2024,R128,sumit nagal,yibing wu,0.4578424394130707,0
2024-5014_30.0,hard,2024,R128,aleksandar kovacevic,terence atmane,0.591101884841919,0
2024-5014_31.0,hard,2024,R128,giovanni mpetshi perricard,stan wawrinka,0.6236264705657959,0
2024-5014_32.0,hard,2024,R128,alex michelsen,yunchaokete bu,0.5658009648323059,1
2024-5014_33.0,hard,2024,R64,fabio fognini,tommy paul,0.3396033048629761,0
2024-5014_34.0,hard,2024,R64,alejandro tabilo,arthur rinderknech,0.37493500113487244,1
2024-5014_35.0,hard,2024,R64,ben shelton,denis shapovalov,0.6171702742576599,1
2024-5014_36.0,hard,2024,R64,alexandre muller,felix auger-aliassime,0.3478231728076935,1
2024-5014_37.0,hard,2024,R64,gael monfils,sebastian baez,0.8093015551567078,1
2024-5014_38.0,hard,2024,R64,matteo arnaldi,zachary svajda,0.6586933135986328,1
2024-5014_39.0,hard,2024,R64,kei nishikori,stefanos tsitsipas,0.5078762769699097,0
2024-5014_4.0,hard,2024,R128,botic van de zandschulp,pablo carreno busta,0.3819408416748047,1
2024-5014_40.0,hard,2024,R64,arthur cazaux,ugo humbert,0.1666058599948883,0
2024-5014_41.0,hard,2024,R64,arthur fils,roberto carballes baena,0.5798355340957642,0
2024-5014_42.0,hard,2024,R64,botic van de zandschulp,tomas martin etcheverry,0.6808693408966064,0
2024-5014_43.0,hard,2024,R64,alejandro davidovich fokina,tomas machac,0.5913360118865967,0
2024-5014_44.0,hard,2024,R64,daniil medvedev,thiago seyboth wild,0.837265133857727,1
2024-5014_45.0,hard,2024,R64,nicolas jarry,yibing wu,0.7376779317855835,0
2024-5014_46.0,hard,2024,R64,aleksandar vukic,casper ruud,0.3480548560619354,1
2024-5014_47.0,hard,2024,R64,carlos alcaraz,juncheng shang,0.8236677050590515,1
2024-5014_48.0,hard,2024,R64,brandon nakashima,yosuke watanuki,0.7548401951789856,0
2024-5014_49.0,hard,2024,R64,andrey rublev,jakub mensik,0.7208764553070068,0
2024-5014_5.0,hard,2024,R128,damir dzumhur,gael monfils,0.14800341427326202,0
2024-5014_50.0,hard,2024,R64,alexander shevchenko,francisco cerundolo,0.5049043893814087,1
2024-5014_51.0,hard,2024,R64,jannik sinner,taro daniel,0.9653899669647217,1
2024-5014_52.0,hard,2024,R64,jaume munar,jiri lehecka,0.2869432866573334,0
2024-5014_53.0,hard,2024,R64,alexei popyrin,miomir kecmanovic,0.6992769241333008,1
2024-5014_54.0,hard,2024,R64,alex michelsen,novak djokovic,0.11209800094366074,0
2024-5014_55.0,hard,2024,R64,alexander zverev,mattia bellucci,0.8160231113433838,1
2024-5014_56.0,hard,2024,R64,taylor fritz,terence atmane,0.8657952547073364,1
2024-5014_57.0,hard,2024,R64,alexander bublik,roman safiullin,0.339367151260376,0
2024-5014_58.0,hard,2024,R64,jordan thompson,tallon griekspoor,0.5656266808509827,0
2024-5014_59.0,hard,2024,R64,grigor dimitrov,zizou bergs,0.713151216506958,1
2024-5014_6.0,hard,2024,R128,roberto bautista agut,roberto carballes baena,0.6005374193191528,0
2024-5014_60.0,hard,2024,R64,david goffin,lorenzo musetti,0.20320190489292145,1
2024-5014_61.0,hard,2024,R64,karen khachanov,marcos giron,0.4637675881385803,0
2024-5014_62.0,hard,2024,R64,frances tiafoe,yi zhou,0.891402542591095,1
2024-5014_63.0,hard,2024,R64,holger rune,matteo berrettini,0.5994232892990112,1
2024-5014_64.0,hard,2024,R64,flavio cobolli,stan wawrinka,0.6646658182144165,1
2024-5014_65.0,hard,2024,R32,daniil medvedev,matteo arnaldi,0.803397536277771,1
2024-5014_66.0,hard,2024,R32,jannik sinner,tomas martin etcheverry,0.9339724779129028,1
2024-5014_67.0,hard,2024,R32,carlos alcaraz,yibing wu,0.947320818901062,1
2024-5014_68.0,hard,2024,R32,alejandro tabilo,tommy paul,0.22366280853748322,0
2024-5014_69.0,hard,2024,R32,aleksandar vukic,tomas machac,0.273267924785614,0
2024-5014_7.0,hard,2024,R128,arthur cazaux,marin cilic,0.41268861293792725,1
2024-5014_70.0,hard,2024,R32,gael monfils,ugo humbert,0.40415170788764954,1
2024-5014_71.0,hard,2024,R32,alexandre muller,stefanos tsitsipas,0.22959262132644653,0
2024-5014_72.0,hard,2024,R32,alexander shevchenko,jakub mensik,0.40679529309272766,0
2024-5014_73.0,hard,2024,R32,taylor fritz,yosuke watanuki,0.8261367678642273,1
2024-5014_74.0,hard,2024,R32,ben shelton,roberto carballes baena,0.715035080909729,1
2024-5014_75.0,hard,2024,R32,alexei popyrin,grigor dimitrov,0.3391573131084442,0
2024-5014_76.0,hard,2024,R32,frances tiafoe,roman safiullin,0.6171762943267822,0
2024-5014_77.0,hard,2024,R32,holger rune,jiri lehecka,0.6154987215995789,1
2024-5014_78.0,hard,2024,R32,flavio cobolli,novak djokovic,0.13379491865634918,0
2024-5014_79.0,hard,2024,R32,david goffin,marcos giron,0.49205824732780457,1
2024-5014_8.0,hard,2024,R128,fabio fognini,luciano darderi,0.4154861569404602,1
2024-5014_80.0,hard,2024,R32,alexander zverev,tallon griekspoor,0.7989301681518555,1
2024-5014_81.0,hard,2024,R16,ben shelton,jannik sinner,0.13018639385700226,0
2024-5014_82.0,hard,2024,R16,daniil medvedev,stefanos tsitsipas,0.7117144465446472,1
2024-5014_83.0,hard,2024,R16,carlos alcaraz,gael monfils,0.826662003993988,1
2024-5014_84.0,hard,2024,R16,tomas machac,tommy paul,0.3726026117801666,1
2024-5014_85.0,hard,2024,R16,grigor dimitrov,jakub mensik,0.7452795505523682,0
2024-5014_86.0,hard,2024,R16,novak djokovic,roman safiullin,0.8720544576644897,1
2024-5014_87.0,hard,2024,R16,holger rune,taylor fritz,0.4000919759273529,0
2024-5014_88.0,hard,2024,R16,alexander zverev,david goffin,0.8333573341369629,0
2024-5014_89.0,hard,2024,QF,daniil medvedev,jannik sinner,0.2619111239910126,0
2024-5014_9.0,hard,2024,R128,denis shapovalov,lorenzo sonego,0.34512054920196533,1
2024-5014_90.0,hard,2024,QF,carlos alcaraz,tomas machac,0.8399750590324402,0
2024-5014_91.0,hard,2024,QF,david goffin,taylor fritz,0.23211559653282166,0
2024-5014_92.0,hard,2024,QF,jakub mensik,novak djokovic,0.11088299751281738,0
2024-5014_93.0,hard,2024,SF,jannik sinner,tomas machac,0.9090459942817688,1
2024-5014_94.0,hard,2024,SF,novak djokovic,taylor fritz,0.7078979015350342,1
2024-5014_95.0,hard,2024,F,jannik sinner,novak djokovic,0.7503579258918762,1
2024-560_1.0,hard,2024,R128,alexander zverev,maximilian marterer,0.9189504384994507,1
2024-560_10.0,hard,2024,R128,casper ruud,yunchaokete bu,0.8933258056640625,1
2024-560_100.0,hard,2024,R32,francisco comesana,taylor fritz,0.12789946794509888,0
2024-560_101.0,hard,2024,R32,casper ruud,juncheng shang,0.7649883031845093,1
2024-560_102.0,hard,2024,R32,brandon nakashima,lorenzo musetti,0.4152045249938965,1
2024-560_103.0,hard,2024,R32,alexei popyrin,novak djokovic,0.10778581351041794,1
2024-560_104.0,hard,2024,R32,alexander zverev,tomas martin etcheverry,0.8424584865570068,1
2024-560_105.0,hard,2024,R32,david goffin,tomas machac,0.3940986394882202,0
2024-560_106.0,hard,2024,R32,botic van de zandschulp,jack draper,0.3135053515434265,0
2024-560_107.0,hard,2024,R32,christopher o'connell,jannik sinner,0.04110017418861389,0
2024-560_108.0,hard,2024,R32,gabriel diallo,tommy paul,0.15769855678081512,0
2024-560_109.0,hard,2024,R32,jakub mensik,nuno borges,0.5279615521430969,0
2024-560_11.0,hard,2024,R128,alexei popyrin,soonwoo kwon,0.8516541719436646,1
2024-560_110.0,hard,2024,R32,jordan thompson,matteo arnaldi,0.5682041049003601,1
2024-560_111.0,hard,2024,R32,alex de minaur,daniel evans,0.8703504800796509,1
2024-560_112.0,hard,2024,R32,daniil medvedev,flavio cobolli,0.7730432152748108,1
2024-560_113.0,hard,2024,R16,andrey rublev,grigor dimitrov,0.5413903594017029,0
2024-560_114.0,hard,2024,R16,casper ruud,taylor fritz,0.5637449622154236,0
2024-560_115.0,hard,2024,R16,alexander zverev,brandon nakashima,0.8128748536109924,1
2024-560_116.0,hard,2024,R16,alexei popyrin,frances tiafoe,0.49690061807632446,0
2024-560_117.0,hard,2024,R16,jack draper,tomas machac,0.5996228456497192,1
2024-560_118.0,hard,2024,R16,daniil medvedev,nuno borges,0.8314226269721985,1
2024-560_119.0,hard,2024,R16,alex de minaur,jordan thompson,0.7483447790145874,1
2024-560_12.0,hard,2024,R128,maks kasnikowski,pedro martinez,0.3004913330078125,0
2024-560_120.0,hard,2024,R16,jannik sinner,tommy paul,0.8548412322998047,1
2024-560_121.0,hard,2024,QF,alexander zverev,taylor fritz,0.7180076241493225,0
2024-560_122.0,hard,2024,QF,frances tiafoe,grigor dimitrov,0.32047969102859497,1
2024-560_123.0,hard,2024,QF,alex de minaur,jack draper,0.7329502105712891,0
2024-560_124.0,hard,2024,QF,daniil medvedev,jannik sinner,0.30438193678855896,0
2024-560_125.0,hard,2024,SF,jack draper,jannik sinner,0.12735511362552643,0
2024-560_126.0,hard,2024,SF,frances tiafoe,taylor fritz,0.3935624957084656,0
2024-560_127.0,hard,2024,F,jannik sinner,taylor fritz,0.8258332014083862,1
2024-560_13.0,hard,2024,R128,andrey rublev,thiago seyboth wild,0.7794209122657776,1
2024-560_14.0,hard,2024,R128,camilo ugo carabelli,taylor fritz,0.07753743976354599,0
2024-560_15.0,hard,2024,R128,jiri lehecka,marton fucsovics,0.5351038575172424,1
2024-560_16.0,hard,2024,R128,lorenzo musetti,reilly opelka,0.7098582983016968,1
2024-560_17.0,hard,2024,R128,francisco cerundolo,sebastian ofner,0.7213063836097717,1
2024-560_18.0,hard,2024,R128,miomir kecmanovic,yoshihito nishioka,0.4278687834739685,1
2024-560_19.0,hard,2024,R128,giovanni mpetshi perricard,tomas martin etcheverry,0.32921528816223145,0
2024-560_2.0,hard,2024,R128,luca nardi,roberto bautista agut,0.20435598492622375,0
2024-560_20.0,hard,2024,R128,adam walton,alexandre muller,0.35469314455986023,0
2024-560_21.0,hard,2024,R128,diego schwartzman,gael monfils,0.1730574071407318,0
2024-560_22.0,hard,2024,R128,grigor dimitrov,kyrian jacquet,0.8306534886360168,1
2024-560_23.0,hard,2024,R128,alexander shevchenko,dominik koepfer,0.610831618309021,1
2024-560_24.0,hard,2024,R128,arthur rinderknech,christopher eubanks,0.6324132680892944,1
2024-560_25.0,hard,2024,R128,alejandro davidovich fokina,rinky hijikata,0.42121070623397827,0
2024-560_26.0,hard,2024,R128,brandon nakashima,holger rune,0.5499536991119385,1
2024-560_27.0,hard,2024,R128,luciano darderi,sebastian baez,0.39256948232650757,0
2024-560_28.0,hard,2024,R128,aleksandar kovacevic,frances tiafoe,0.1742788553237915,0
2024-560_29.0,hard,2024,R128,jan-lennard struff,laslo djere,0.5717912912368774,0
2024-560_3.0,hard,2024,R128,dominic stricker,francisco comesana,0.5597502589225769,0
2024-560_30.0,hard,2024,R128,arthur cazaux,pablo carreno busta,0.35139426589012146,1
2024-560_31.0,hard,2024,R128,sumit nagal,tallon griekspoor,0.2018120139837265,0
2024-560_32.0,hard,2024,R128,novak djokovic,radu albot,0.9535972476005554,1
2024-560_33.0,hard,2024,R128,hubert hurkacz,timofey skatov,0.9041939377784729,1
2024-560_34.0,hard,2024,R128,alejandro tabilo,david goffin,0.49791908264160156,0
2024-560_35.0,hard,2024,R128,constant lestienne,jordan thompson,0.22314976155757904,0
2024-560_36.0,hard,2024,R128,daniel altmaier,mariano navone,0.34839972853660583,0
2024-560_37.0,hard,2024,R128,stefanos tsitsipas,thanasi kokkinakis,0.7975149154663086,0
2024-560_38.0,hard,2024,R128,taro daniel,tristan schoolkate,0.5777065753936768,0
2024-560_39.0,hard,2024,R128,felix auger-aliassime,jakub mensik,0.7697652578353882,0
2024-560_4.0,hard,2024,R128,thiago monteiro,ugo humbert,0.2112518697977066,0
2024-560_40.0,hard,2024,R128,otto virtanen,quentin halys,0.26946836709976196,1
2024-560_41.0,hard,2024,R128,fabio fognini,tomas machac,0.2861638069152832,0
2024-560_42.0,hard,2024,R128,daniel evans,karen khachanov,0.315900593996048,1
2024-560_43.0,hard,2024,R128,alex michelsen,eliot spizzirri,0.8309019207954407,1
2024-560_44.0,hard,2024,R128,adrian mannarino,borna coric,0.43046319484710693,1
2024-560_45.0,hard,2024,R128,jack draper,zhizhen zhang,0.6721742749214172,1
2024-560_46.0,hard,2024,R128,matthew forbes,roman safiullin,0.05575020611286163,0
2024-560_47.0,hard,2024,R128,jannik sinner,mackenzie mcdonald,0.9497175216674805,1
2024-560_48.0,hard,2024,R128,matteo arnaldi,zachary svajda,0.654423713684082,1
2024-560_49.0,hard,2024,R128,federico coria,nuno borges,0.3021646738052368,0
2024-560_5.0,hard,2024,R128,hugo grenier,mitchell krueger,0.3519647717475891,0
2024-560_50.0,hard,2024,R128,facundo diaz acosta,hugo gaston,0.2505555748939514,1
2024-560_51.0,hard,2024,R128,alex de minaur,marcos giron,0.6079432368278503,1
2024-560_52.0,hard,2024,R128,arthur fils,learner tien,0.6240447163581848,1
2024-560_53.0,hard,2024,R128,daniil medvedev,dusan lajovic,0.8711156845092773,1
2024-560_54.0,hard,2024,R128,botic van de zandschulp,denis shapovalov,0.6557759642601013,1
2024-560_55.0,hard,2024,R128,aleksandar vukic,max purcell,0.6779300570487976,0
2024-560_56.0,hard,2024,R128,corentin moutet,sebastian korda,0.281108021736145,0
2024-560_57.0,hard,2024,R128,flavio cobolli,james duckworth,0.46871891617774963,1
2024-560_58.0,hard,2024,R128,fabian marozsan,hamad medjedovic,0.7181025743484497,1
2024-560_59.0,hard,2024,R128,gabriel diallo,jaume munar,0.3684128522872925,1
2024-560_6.0,hard,2024,R128,jan choinski,roberto carballes baena,0.23980869352817535,0
2024-560_60.0,hard,2024,R128,pavel kotov,zizou bergs,0.5934264659881592,0
2024-560_61.0,hard,2024,R128,christopher o'connell,nicolas jarry,0.614858865737915,1
2024-560_62.0,hard,2024,R128,mattia bellucci,stan wawrinka,0.4690820574760437,1
2024-560_63.0,hard,2024,R128,carlos alcaraz,li tu,0.9679902791976929,1
2024-560_64.0,hard,2024,R128,lorenzo sonego,tommy paul,0.47210192680358887,0
2024-560_65.0,hard,2024,R64,jiri lehecka,mitchell krueger,0.8122497200965881,1
2024-560_66.0,hard,2024,R64,francisco cerundolo,tomas martin etcheverry,0.5712741613388062,0
2024-560_67.0,hard,2024,R64,grigor dimitrov,rinky hijikata,0.8205841183662415,1
2024-560_68.0,hard,2024,R64,sebastian baez,tallon griekspoor,0.49682196974754333,0
2024-560_69.0,hard,2024,R64,arthur cazaux,brandon nakashima,0.43406325578689575,0
2024-560_7.0,hard,2024,R128,alexander bublik,juncheng shang,0.4199875593185425,0
2024-560_70.0,hard,2024,R64,alexander zverev,alexandre muller,0.8846926093101501,1
2024-560_71.0,hard,2024,R64,alexander shevchenko,frances tiafoe,0.22821947932243347,0
2024-560_72.0,hard,2024,R64,andrey rublev,arthur rinderknech,0.7830204963684082,1
2024-560_73.0,hard,2024,R64,francisco comesana,ugo humbert,0.1849173605442047,1
2024-560_74.0,hard,2024,R64,juncheng shang,roberto carballes baena,0.5453928112983704,1
2024-560_75.0,hard,2024,R64,alexei popyrin,pedro martinez,0.7273994088172913,1
2024-560_76.0,hard,2024,R64,ben shelton,roberto bautista agut,0.7340875267982483,1
2024-560_77.0,hard,2024,R64,lorenzo musetti,miomir kecmanovic,0.6714243292808533,1
2024-560_78.0,hard,2024,R64,casper ruud,gael monfils,0.6277856826782227,1
2024-560_79.0,hard,2024,R64,matteo berrettini,taylor fritz,0.34447258710861206,0
2024-560_8.0,hard,2024,R128,ben shelton,dominic thiem,0.830018162727356,1
2024-560_80.0,hard,2024,R64,laslo djere,novak djokovic,0.08477937430143356,0
2024-560_81.0,hard,2024,R64,matteo arnaldi,roman safiullin,0.6142212152481079,1
2024-560_82.0,hard,2024,R64,sebastian korda,tomas machac,0.7274038791656494,0
2024-560_83.0,hard,2024,R64,christopher o'connell,mattia bellucci,0.5956684350967407,1
2024-560_84.0,hard,2024,R64,hubert hurkacz,jordan thompson,0.6819099187850952,0
2024-560_85.0,hard,2024,R64,alex michelsen,jannik sinner,0.06918695569038391,0
2024-560_86.0,hard,2024,R64,nuno borges,thanasi kokkinakis,0.4781802296638489,1
2024-560_87.0,hard,2024,R64,adrian mannarino,david goffin,0.42484819889068604,0
2024-560_88.0,hard,2024,R64,facundo diaz acosta,jack draper,0.22174425423145294,0
2024-560_89.0,hard,2024,R64,alex de minaur,otto virtanen,0.8530463576316833,1
2024-560_9.0,hard,2024,R128,albert ramos-vinolas,matteo berrettini,0.0852925181388855,0
2024-560_90.0,hard,2024,R64,flavio cobolli,zizou bergs,0.7061053514480591,1
2024-560_91.0,hard,2024,R64,arthur fils,gabriel diallo,0.7617657780647278,0
2024-560_92.0,hard,2024,R64,jakub mensik,tristan schoolkate,0.7631561756134033,1
2024-560_93.0,hard,2024,R64,daniel evans,mariano navone,0.4927387535572052,1
2024-560_94.0,hard,2024,R64,max purcell,tommy paul,0.20387107133865356,0
2024-560_95.0,hard,2024,R64,daniil medvedev,fabian marozsan,0.8224959969520569,1
2024-560_96.0,hard,2024,R64,botic van de zandschulp,carlos alcaraz,0.07473855465650558,1
2024-560_97.0,hard,2024,R32,ben shelton,frances tiafoe,0.5436661243438721,0
2024-560_98.0,hard,2024,R32,andrey rublev,jiri lehecka,0.621106743812561,1
2024-560_99.0,hard,2024,R32,grigor dimitrov,tallon griekspoor,0.8411397337913513,1
2024-580_1.0,hard,2024,R128,dino prizmic,novak djokovic,0.012154849246144295,0
2024-580_10.0,hard,2024,R128,hugo gaston,roberto carballes baena,0.653106689453125,1
2024-580_100.0,hard,2024,R32,luca van assche,stefanos tsitsipas,0.1767989993095398,0
2024-580_101.0,hard,2024,R32,jannik sinner,sebastian baez,0.9150445461273193,1
2024-580_102.0,hard,2024,R32,karen khachanov,tomas machac,0.7422758936882019,1
2024-580_103.0,hard,2024,R32,alex de minaur,flavio cobolli,0.8394485712051392,1
2024-580_104.0,hard,2024,R32,andrey rublev,sebastian korda,0.7292261719703674,1
2024-580_105.0,hard,2024,R32,arthur cazaux,tallon griekspoor,0.2602930963039398,1
2024-580_106.0,hard,2024,R32,hubert hurkacz,ugo humbert,0.629806637763977,1
2024-580_107.0,hard,2024,R32,grigor dimitrov,nuno borges,0.870478630065918,0
2024-580_108.0,hard,2024,R32,daniil medvedev,felix auger-aliassime,0.8108051419258118,1
2024-580_109.0,hard,2024,R32,alex michelsen,alexander zverev,0.07123632729053497,0
2024-580_11.0,hard,2024,R128,fabian marozsan,marin cilic,0.6687785387039185,1
2024-580_110.0,hard,2024,R32,cameron norrie,casper ruud,0.3361361622810364,1
2024-580_111.0,hard,2024,R32,miomir kecmanovic,tommy paul,0.3645666241645813,1
2024-580_112.0,hard,2024,R32,carlos alcaraz,juncheng shang,0.8905124068260193,1
2024-580_113.0,hard,2024,R16,adrian mannarino,novak djokovic,0.11598469316959381,0
2024-580_114.0,hard,2024,R16,stefanos tsitsipas,taylor fritz,0.5644855499267578,0
2024-580_115.0,hard,2024,R16,jannik sinner,karen khachanov,0.820237398147583,1
2024-580_116.0,hard,2024,R16,alex de minaur,andrey rublev,0.41747984290122986,0
2024-580_117.0,hard,2024,R16,arthur cazaux,hubert hurkacz,0.14598777890205383,0
2024-580_118.0,hard,2024,R16,daniil medvedev,nuno borges,0.8901578783988953,1
2024-580_119.0,hard,2024,R16,alexander zverev,cameron norrie,0.8333191871643066,1
2024-580_12.0,hard,2024,R128,dane sweeny,francisco cerundolo,0.2023564726114273,0
2024-580_120.0,hard,2024,R16,carlos alcaraz,miomir kecmanovic,0.8679226636886597,1
2024-580_121.0,hard,2024,QF,novak djokovic,taylor fritz,0.8719033002853394,1
2024-580_122.0,hard,2024,QF,andrey rublev,jannik sinner,0.2552576959133148,0
2024-580_123.0,hard,2024,QF,daniil medvedev,hubert hurkacz,0.656674861907959,1
2024-580_124.0,hard,2024,QF,alexander zverev,carlos alcaraz,0.3616924583911896,1
2024-580_125.0,hard,2024,SF,jannik sinner,novak djokovic,0.34033268690109253,1
2024-580_126.0,hard,2024,SF,alexander zverev,daniil medvedev,0.3666391372680664,0
2024-580_127.0,hard,2024,F,daniil medvedev,jannik sinner,0.4405101239681244,0
2024-580_13.0,hard,2024,R128,benjamin bonzi,lorenzo musetti,0.2746378779411316,0
2024-580_14.0,hard,2024,R128,james duckworth,luca van assche,0.3321269154548645,0
2024-580_15.0,hard,2024,R128,aleksandar vukic,jordan thompson,0.23395566642284393,0
2024-580_16.0,hard,2024,R128,stefanos tsitsipas,zizou bergs,0.9180638790130615,1
2024-580_17.0,hard,2024,R128,botic van de zandschulp,jannik sinner,0.051048118621110916,0
2024-580_18.0,hard,2024,R128,jesper de jong,pedro cachin,0.3291233777999878,1
2024-580_19.0,hard,2024,R128,daniel elahi galan,jason kubler,0.25236421823501587,1
2024-580_2.0,hard,2024,R128,alexei popyrin,marc polmans,0.7980248332023621,1
2024-580_20.0,hard,2024,R128,j.j. wolf,sebastian baez,0.4566965103149414,0
2024-580_21.0,hard,2024,R128,borna coric,frances tiafoe,0.43526989221572876,0
2024-580_22.0,hard,2024,R128,shintaro mochizuki,tomas machac,0.27052319049835205,0
2024-580_23.0,hard,2024,R128,alejandro tabilo,aleksandar kovacevic,0.7794261574745178,0
2024-580_24.0,hard,2024,R128,daniel altmaier,karen khachanov,0.33916065096855164,0
2024-580_25.0,hard,2024,R128,alex de minaur,milos raonic,0.8656870722770691,1
2024-580_26.0,hard,2024,R128,adam walton,matteo arnaldi,0.2575557231903076,0
2024-580_27.0,hard,2024,R128,arthur rinderknech,pavel kotov,0.5735719799995422,0
2024-580_28.0,hard,2024,R128,flavio cobolli,nicolas jarry,0.18881048262119293,1
2024-580_29.0,hard,2024,R128,sebastian korda,vit kopriva,0.8495736718177795,1
2024-580_3.0,hard,2024,R128,gael monfils,yannick hanfmann,0.8105049729347229,1
2024-580_30.0,hard,2024,R128,lloyd harris,quentin halys,0.36484771966934204,0
2024-580_31.0,hard,2024,R128,christopher eubanks,taro daniel,0.4565953314304352,1
2024-580_32.0,hard,2024,R128,andrey rublev,thiago seyboth wild,0.8439822793006897,1
2024-580_33.0,hard,2024,R128,holger rune,yoshihito nishioka,0.7964814901351929,1
2024-580_34.0,hard,2024,R128,arthur cazaux,laslo djere,0.2131701558828354,1
2024-580_35.0,hard,2024,R128,arthur fils,jiri vesely,0.7960241436958313,1
2024-580_36.0,hard,2024,R128,roman safiullin,tallon griekspoor,0.5354686975479126,0
2024-580_37.0,hard,2024,R128,david goffin,ugo humbert,0.18111158907413483,0
2024-580_38.0,hard,2024,R128,federico coria,zhizhen zhang,0.2198074460029602,0
2024-580_39.0,hard,2024,R128,denis shapovalov,jakub mensik,0.7806088924407959,0
2024-580_4.0,hard,2024,R128,andy murray,tomas martin etcheverry,0.36942964792251587,0
2024-580_40.0,hard,2024,R128,hubert hurkacz,omar jasika,0.9159560203552246,1
2024-580_41.0,hard,2024,R128,grigor dimitrov,marton fucsovics,0.8406097888946533,1
2024-580_42.0,hard,2024,R128,sebastian ofner,thanasi kokkinakis,0.5705550909042358,0
2024-580_43.0,hard,2024,R128,maximilian marterer,nuno borges,0.330416202545166,0
2024-580_44.0,hard,2024,R128,alejandro davidovich fokina,constant lestienne,0.8584126830101013,1
2024-580_45.0,hard,2024,R128,dominic thiem,felix auger-aliassime,0.2553432583808899,0
2024-580_46.0,hard,2024,R128,alexandre muller,hugo grenier,0.6932103633880615,0
2024-580_47.0,hard,2024,R128,emil ruusuvuori,patrick kypson,0.8613954782485962,1
2024-580_48.0,hard,2024,R128,daniil medvedev,terence atmane,0.9296462535858154,1
2024-580_49.0,hard,2024,R128,alexander zverev,dominik koepfer,0.9060357809066772,1
2024-580_5.0,hard,2024,R128,adrian mannarino,stan wawrinka,0.8003406524658203,1
2024-580_50.0,hard,2024,R128,lukas klein,soonwoo kwon,0.6134293079376221,1
2024-580_51.0,hard,2024,R128,alex michelsen,james mccabe,0.5612567067146301,1
2024-580_52.0,hard,2024,R128,bernabe zapata miralles,jiri lehecka,0.20089681446552277,0
2024-580_53.0,hard,2024,R128,cameron norrie,juan pablo varillas,0.7667456269264221,1
2024-580_54.0,hard,2024,R128,dusan lajovic,giulio zeppieri,0.7774804830551147,0
2024-580_55.0,hard,2024,R128,mate valkusz,max purcell,0.2996903657913208,0
2024-580_56.0,hard,2024,R128,albert ramos-vinolas,casper ruud,0.1481744945049286,0
2024-580_57.0,hard,2024,R128,gregoire barrere,tommy paul,0.1577795147895813,0
2024-580_58.0,hard,2024,R128,jack draper,marcos giron,0.6686404347419739,1
2024-580_59.0,hard,2024,R128,miomir kecmanovic,yosuke watanuki,0.7450175881385803,1
2024-580_6.0,hard,2024,R128,alexander shevchenko,jaume munar,0.4653206169605255,0
2024-580_60.0,hard,2024,R128,jan-lennard struff,rinky hijikata,0.4253454804420471,1
2024-580_61.0,hard,2024,R128,alexander bublik,sumit nagal,0.8160504102706909,0
2024-580_62.0,hard,2024,R128,juncheng shang,mackenzie mcdonald,0.22483724355697632,1
2024-580_63.0,hard,2024,R128,daniel evans,lorenzo sonego,0.5023618340492249,0
2024-580_64.0,hard,2024,R128,carlos alcaraz,richard gasquet,0.8333727121353149,1
2024-580_65.0,hard,2024,R64,alexei popyrin,novak djokovic,0.03823293372988701,0
2024-580_66.0,hard,2024,R64,gael monfils,tomas martin etcheverry,0.6697914600372314,0
2024-580_67.0,hard,2024,R64,adrian mannarino,jaume munar,0.8580918312072754,1
2024-580_68.0,hard,2024,R64,ben shelton,christopher o'connell,0.7407687902450562,1
2024-580_69.0,hard,2024,R64,hugo gaston,taylor fritz,0.14491777122020721,0
2024-580_7.0,hard,2024,R128,christopher o'connell,cristian garin,0.619583785533905,1
2024-580_70.0,hard,2024,R64,fabian marozsan,francisco cerundolo,0.3866301476955414,1
2024-580_71.0,hard,2024,R64,lorenzo musetti,luca van assche,0.6649434566497803,0
2024-580_72.0,hard,2024,R64,jordan thompson,stefanos tsitsipas,0.3611389398574829,0
2024-580_73.0,hard,2024,R64,jannik sinner,jesper de jong,0.8495708107948303,1
2024-580_74.0,hard,2024,R64,daniel elahi galan,sebastian baez,0.35413217544555664,0
2024-580_75.0,hard,2024,R64,frances tiafoe,tomas machac,0.689080536365509,0
2024-580_76.0,hard,2024,R64,aleksandar kovacevic,karen khachanov,0.19949540495872498,0
2024-580_77.0,hard,2024,R64,alex de minaur,matteo arnaldi,0.7856754660606384,1
2024-580_78.0,hard,2024,R64,flavio cobolli,pavel kotov,0.33632326126098633,1
2024-580_79.0,hard,2024,R64,quentin halys,sebastian korda,0.2618883550167084,0
2024-580_8.0,hard,2024,R128,ben shelton,roberto bautista agut,0.7647765278816223,1
2024-580_80.0,hard,2024,R64,andrey rublev,christopher eubanks,0.8430981040000916,1
2024-580_81.0,hard,2024,R64,arthur cazaux,holger rune,0.1225539892911911,1
2024-580_82.0,hard,2024,R64,arthur fils,tallon griekspoor,0.48769256472587585,0
2024-580_83.0,hard,2024,R64,ugo humbert,zhizhen zhang,0.705193817615509,1
2024-580_84.0,hard,2024,R64,hubert hurkacz,jakub mensik,0.8177683353424072,1
2024-580_85.0,hard,2024,R64,grigor dimitrov,thanasi kokkinakis,0.8177419900894165,1
2024-580_86.0,hard,2024,R64,alejandro davidovich fokina,nuno borges,0.7249801158905029,0
2024-580_87.0,hard,2024,R64,felix auger-aliassime,hugo grenier,0.8141430020332336,1
2024-580_88.0,hard,2024,R64,daniil medvedev,emil ruusuvuori,0.8310986161231995,1
2024-580_89.0,hard,2024,R64,alexander zverev,lukas klein,0.8897224068641663,1
2024-580_9.0,hard,2024,R128,facundo diaz acosta,taylor fritz,0.09131157398223877,0
2024-580_90.0,hard,2024,R64,alex michelsen,jiri lehecka,0.212484210729599,1
2024-580_91.0,hard,2024,R64,cameron norrie,giulio zeppieri,0.7553109526634216,1
2024-580_92.0,hard,2024,R64,casper ruud,max purcell,0.8015232086181641,1
2024-580_93.0,hard,2024,R64,jack draper,tommy paul,0.4538383185863495,0
2024-580_94.0,hard,2024,R64,jan-lennard struff,miomir kecmanovic,0.5571346282958984,0
2024-580_95.0,hard,2024,R64,juncheng shang,sumit nagal,0.5573354959487915,1
2024-580_96.0,hard,2024,R64,carlos alcaraz,lorenzo sonego,0.8323251605033875,1
2024-580_97.0,hard,2024,R32,novak djokovic,tomas martin etcheverry,0.9478819370269775,1
2024-580_98.0,hard,2024,R32,adrian mannarino,ben shelton,0.5231576561927795,1
2024-580_99.0,hard,2024,R32,fabian marozsan,taylor fritz,0.25727638602256775,0
2024-605_1.0,hard,2024,RR,daniil medvedev,jannik sinner,0.15715298056602478,0
2024-605_10.0,hard,2024,RR,carlos alcaraz,casper ruud,0.8632961511611938,0
2024-605_11.0,hard,2024,RR,andrey rublev,carlos alcaraz,0.18775604665279388,0
2024-605_12.0,hard,2024,RR,andrey rublev,casper ruud,0.5841296911239624,0
2024-605_13.0,hard,2024,SF,casper ruud,jannik sinner,0.051936063915491104,0
2024-605_14.0,hard,2024,SF,alexander zverev,taylor fritz,0.5932833552360535,0
2024-605_15.0,hard,2024,F,jannik sinner,taylor fritz,0.8215445876121521,1
2024-605_2.0,hard,2024,RR,jannik sinner,taylor fritz,0.7532975673675537,1
2024-605_3.0,hard,2024,RR,alex de minaur,jannik sinner,0.13938675820827484,0
2024-605_4.0,hard,2024,RR,daniil medvedev,taylor fritz,0.3744276463985443,0
2024-605_5.0,hard,2024,RR,alex de minaur,daniil medvedev,0.4187656044960022,0
2024-605_6.0,hard,2024,RR,alex de minaur,taylor fritz,0.3188517689704895,0
2024-605_7.0,hard,2024,RR,alexander zverev,carlos alcaraz,0.46665316820144653,1
2024-605_8.0,hard,2024,RR,alexander zverev,casper ruud,0.8088777661323547,1
2024-605_9.0,hard,2024,RR,alexander zverev,andrey rublev,0.8079392313957214,1
2024-6116_1.0,hard,2024,R32,aleksandar vukic,mattia bellucci,0.4606768786907196,0
2024-6116_10.0,hard,2024,R32,christopher o'connell,max purcell,0.604155957698822,0
2024-6116_11.0,hard,2024,R32,david goffin,denis shapovalov,0.3387005031108856,1
2024-6116_12.0,hard,2024,R32,andres martin,juncheng shang,0.14271026849746704,0
2024-6116_13.0,hard,2024,R16,adrian mannarino,mattia bellucci,0.8394689559936523,0
2024-6116_14.0,hard,2024,R16,adam walton,arthur rinderknech,0.4082392454147339,0
2024-6116_15.0,hard,2024,R16,aslan karatsev,frances tiafoe,0.42879900336265564,0
2024-6116_16.0,hard,2024,R16,mackenzie mcdonald,yoshihito nishioka,0.465298056602478,0
2024-6116_17.0,hard,2024,R16,alejandro davidovich fokina,reilly opelka,0.6960435509681702,1
2024-6116_18.0,hard,2024,R16,harold mayot,jordan thompson,0.3248157203197479,0
2024-6116_19.0,hard,2024,R16,david goffin,max purcell,0.525528073310852,0
2024-6116_2.0,hard,2024,R32,arthur rinderknech,j.j. wolf,0.6927105784416199,1
2024-6116_20.0,hard,2024,R16,ben shelton,juncheng shang,0.46709632873535156,0
2024-6116_21.0,hard,2024,QF,arthur rinderknech,mattia bellucci,0.6216314435005188,1
2024-6116_22.0,hard,2024,QF,frances tiafoe,yoshihito nishioka,0.3204823136329651,0
2024-6116_23.0,hard,2024,QF,alejandro davidovich fokina,jordan thompson,0.5329456925392151,0
2024-6116_24.0,hard,2024,QF,juncheng shang,max purcell,0.5545791387557983,1
2024-6116_25.0,hard,2024,SF,arthur rinderknech,yoshihito nishioka,0.4484007656574249,0
2024-6116_26.0,hard,2024,SF,jordan thompson,juncheng shang,0.6080968379974365,1
2024-6116_27.0,hard,2024,F,jordan thompson,yoshihito nishioka,0.5296658873558044,0
2024-6116_3.0,hard,2024,R32,adam walton,miomir kecmanovic,0.2372273951768875,1
2024-6116_4.0,hard,2024,R32,aslan karatsev,billy harris,0.38490378856658936,1
2024-6116_5.0,hard,2024,R32,yoshihito nishioka,zachary svajda,0.4612760841846466,1
2024-6116_6.0,hard,2024,R32,brandon nakashima,mackenzie mcdonald,0.4596434235572815,0
2024-6116_7.0,hard,2024,R32,alejandro davidovich fokina,arthur cazaux,0.419063538312912,1
2024-6116_8.0,hard,2024,R32,aleksandar kovacevic,reilly opelka,0.3376637399196625,0
2024-6116_9.0,hard,2024,R32,borna coric,harold mayot,0.43482837080955505,0
2024-6242_1.0,hard,2024,R64,aleksandar vukic,daniel evans,0.6730825901031494,1
2024-6242_10.0,hard,2024,R64,dominic stricker,federico coria,0.5013256072998047,1
2024-6242_11.0,hard,2024,R64,laslo djere,zachary svajda,0.4676468074321747,0
2024-6242_12.0,hard,2024,R64,christopher o'connell,strong kirchheimer,0.8297179937362671,1
2024-6242_13.0,hard,2024,R64,learner tien,tristan schoolkate,0.34306207299232483,1
2024-6242_14.0,hard,2024,R64,david goffin,jaume munar,0.39039137959480286,1
2024-6242_15.0,hard,2024,R64,omni kumar,pablo carreno busta,0.17729663848876953,0
2024-6242_16.0,hard,2024,R64,corentin moutet,nicolas mejia,0.8050941824913025,1
2024-6242_17.0,hard,2024,R32,arthur cazaux,rinky hijikata,0.29057151079177856,0
2024-6242_18.0,hard,2024,R32,adrian mannarino,aleksandar vukic,0.7076555490493774,0
2024-6242_19.0,hard,2024,R32,nuno borges,thiago seyboth wild,0.4127811789512634,0
2024-6242_2.0,hard,2024,R64,borna coric,sumit nagal,0.7778052687644958,1
2024-6242_20.0,hard,2024,R32,francisco cerundolo,zachary svajda,0.6718826293945312,0
2024-6242_21.0,hard,2024,R32,arthur rinderknech,christopher o'connell,0.5003734827041626,1
2024-6242_22.0,hard,2024,R32,alexandre muller,pavel kotov,0.6665745973587036,0
2024-6242_23.0,hard,2024,R32,david goffin,luciano darderi,0.5852681398391724,1
2024-6242_24.0,hard,2024,R32,dominic stricker,lorenzo sonego,0.6545717120170593,0
2024-6242_25.0,hard,2024,R32,borna coric,sebastian baez,0.3873162865638733,1
2024-6242_26.0,hard,2024,R32,fabian marozsan,learner tien,0.5933550000190735,0
2024-6242_27.0,hard,2024,R32,alexander shevchenko,pablo carreno busta,0.2362663596868515,0
2024-6242_28.0,hard,2024,R32,juncheng shang,mariano navone,0.7133265137672424,1
2024-6242_29.0,hard,2024,R32,christopher eubanks,hugo gaston,0.638163685798645,1
2024-6242_3.0,hard,2024,R64,marton fucsovics,taro daniel,0.43376943469047546,1
2024-6242_30.0,hard,2024,R32,tomas martin etcheverry,zizou bergs,0.4882424771785736,0
2024-6242_31.0,hard,2024,R32,alex michelsen,marton fucsovics,0.49916625022888184,1
2024-6242_32.0,hard,2024,R32,corentin moutet,roman safiullin,0.5130593180656433,0
2024-6242_33.0,hard,2024,R16,pavel kotov,zachary svajda,0.6685683131217957,1
2024-6242_34.0,hard,2024,R16,arthur rinderknech,david goffin,0.3717306852340698,0
2024-6242_35.0,hard,2024,R16,juncheng shang,lorenzo sonego,0.4916250705718994,0
2024-6242_36.0,hard,2024,R16,borna coric,rinky hijikata,0.559321939945221,0
2024-6242_37.0,hard,2024,R16,learner tien,thiago seyboth wild,0.3526933491230011,1
2024-6242_38.0,hard,2024,R16,christopher eubanks,roman safiullin,0.6785225868225098,1
2024-6242_39.0,hard,2024,R16,alex michelsen,zizou bergs,0.423017680644989,1
2024-6242_4.0,hard,2024,R64,arthur cazaux,botic van de zandschulp,0.5990715026855469,1
2024-6242_40.0,hard,2024,R16,aleksandar vukic,pablo carreno busta,0.40292492508888245,0
2024-6242_41.0,hard,2024,QF,lorenzo sonego,pavel kotov,0.573924720287323,1
2024-6242_42.0,hard,2024,QF,david goffin,rinky hijikata,0.48170986771583557,1
2024-6242_43.0,hard,2024,QF,alex michelsen,christopher eubanks,0.5344164371490479,1
2024-6242_44.0,hard,2024,QF,learner tien,pablo carreno busta,0.29279759526252747,0
2024-6242_45.0,hard,2024,SF,david goffin,lorenzo sonego,0.3899160921573639,0
2024-6242_46.0,hard,2024,SF,alex michelsen,pablo carreno busta,0.46943971514701843,1
2024-6242_47.0,hard,2024,F,alex michelsen,lorenzo sonego,0.4468345046043396,0
2024-6242_5.0,hard,2024,R64,reilly opelka,zizou bergs,0.8000372052192688,0
2024-6242_6.0,hard,2024,R64,james duckworth,thiago seyboth wild,0.7527372241020203,0
2024-6242_7.0,hard,2024,R64,adam walton,christopher eubanks,0.4280945360660553,0
2024-6242_8.0,hard,2024,R64,alexandre muller,constant lestienne,0.7082607746124268,1
2024-6242_9.0,hard,2024,R64,francisco comesana,juncheng shang,0.18461830914020538,0
2024-747_1.0,hard,2024,R32,adrian mannarino,lorenzo sonego,0.5551661849021912,1
2024-747_10.0,hard,2024,R32,lorenzo musetti,zizou bergs,0.7894141674041748,1
2024-747_11.0,hard,2024,R32,daniil medvedev,gael monfils,0.8374203443527222,1
2024-747_12.0,hard,2024,R32,arthur rinderknech,roberto bautista agut,0.2911413609981537,0
2024-747_13.0,hard,2024,R32,karen khachanov,roberto carballes baena,0.7631236910820007,1
2024-747_14.0,hard,2024,R32,carlos alcaraz,giovanni mpetshi perricard,0.9222977161407471,1
2024-747_15.0,hard,2024,R32,alejandro davidovich fokina,zhizhen zhang,0.6580541729927063,1
2024-747_16.0,hard,2024,R32,andrey rublev,pablo carreno busta,0.8202747106552124,1
2024-747_17.0,hard,2024,R16,flavio cobolli,pavel kotov,0.7894343733787537,1
2024-747_18.0,hard,2024,R16,jiri lehecka,roberto bautista agut,0.6705160737037659,1
2024-747_19.0,hard,2024,R16,jannik sinner,roman safiullin,0.9538382291793823,1
2024-747_2.0,hard,2024,R32,pavel kotov,yi zhou,0.8150759935379028,1
2024-747_20.0,hard,2024,R16,adrian mannarino,daniil medvedev,0.07857470214366913,0
2024-747_21.0,hard,2024,R16,lorenzo musetti,yunchaokete bu,0.6101875305175781,0
2024-747_22.0,hard,2024,R16,francisco cerundolo,karen khachanov,0.36133185029029846,0
2024-747_23.0,hard,2024,R16,carlos alcaraz,tallon griekspoor,0.8987168073654175,1
2024-747_24.0,hard,2024,R16,alejandro davidovich fokina,andrey rublev,0.16593563556671143,0
2024-747_25.0,hard,2024,QF,carlos alcaraz,karen khachanov,0.8807539343833923,1
2024-747_26.0,hard,2024,QF,daniil medvedev,flavio cobolli,0.800926923751831,1
2024-747_27.0,hard,2024,QF,jannik sinner,jiri lehecka,0.9322300553321838,1
2024-747_28.0,hard,2024,QF,andrey rublev,yunchaokete bu,0.6958904266357422,0
2024-747_29.0,hard,2024,SF,carlos alcaraz,daniil medvedev,0.6874927282333374,1
2024-747_3.0,hard,2024,R32,jannik sinner,nicolas jarry,0.9392893314361572,1
2024-747_30.0,hard,2024,SF,jannik sinner,yunchaokete bu,0.9232887029647827,1
2024-747_31.0,hard,2024,F,carlos alcaraz,jannik sinner,0.37763169407844543,1
2024-747_4.0,hard,2024,R32,miomir kecmanovic,tallon griekspoor,0.2772529423236847,0
2024-747_5.0,hard,2024,R32,jiri lehecka,pedro martinez,0.8093733787536621,1
2024-747_6.0,hard,2024,R32,alexander bublik,flavio cobolli,0.2824643850326538,0
2024-747_7.0,hard,2024,R32,francisco cerundolo,jakub mensik,0.7009987831115723,1
2024-747_8.0,hard,2024,R32,roman safiullin,stan wawrinka,0.738560676574707,1
2024-747_9.0,hard,2024,R32,juncheng shang,yunchaokete bu,0.45652246475219727,0
2024-7480_1.0,hard,2024,R32,aleksandar vukic,rodrigo pacheco mendez,0.8033828735351562,1
2024-7480_10.0,hard,2024,R32,daniel evans,roman safiullin,0.5343753099441528,1
2024-7480_11.0,hard,2024,R32,jack draper,thanasi kokkinakis,0.42196154594421387,0
2024-7480_12.0,hard,2024,R32,flavio cobolli,yoshihito nishioka,0.46184486150741577,0
2024-7480_13.0,hard,2024,R16,aleksandar vukic,stefanos tsitsipas,0.15870952606201172,0
2024-7480_14.0,hard,2024,R16,aleksandar kovacevic,rinky hijikata,0.5665273070335388,1
2024-7480_15.0,hard,2024,R16,casper ruud,marcos giron,0.7466772198677063,1
2024-7480_16.0,hard,2024,R16,max purcell,nuno borges,0.46574604511260986,0
2024-7480_17.0,hard,2024,R16,emilio nava,jordan thompson,0.21444456279277802,0
2024-7480_18.0,hard,2024,R16,alex de minaur,alex michelsen,0.8597605228424072,0
2024-7480_19.0,hard,2024,R16,daniel evans,thanasi kokkinakis,0.5449893474578857,0
2024-7480_2.0,hard,2024,R32,aleksandar kovacevic,brandon holt,0.6816679239273071,1
2024-7480_20.0,hard,2024,R16,alexander zverev,yoshihito nishioka,0.8217493891716003,1
2024-7480_21.0,hard,2024,QF,aleksandar kovacevic,stefanos tsitsipas,0.3212074339389801,0
2024-7480_22.0,hard,2024,QF,casper ruud,nuno borges,0.596961498260498,1
2024-7480_23.0,hard,2024,QF,alex michelsen,jordan thompson,0.38327643275260925,0
2024-7480_24.0,hard,2024,QF,alexander zverev,thanasi kokkinakis,0.7068051099777222,1
2024-7480_25.0,hard,2024,SF,casper ruud,stefanos tsitsipas,0.48338478803634644,1
2024-7480_26.0,hard,2024,SF,alexander zverev,jordan thompson,0.8045064210891724,0
2024-7480_27.0,hard,2024,F,casper ruud,jordan thompson,0.6802073121070862,0
2024-7480_3.0,hard,2024,R32,miomir kecmanovic,rinky hijikata,0.41698533296585083,0
2024-7480_4.0,hard,2024,R32,marcos giron,taro daniel,0.7709811925888062,1
2024-7480_5.0,hard,2024,R32,dominik koepfer,nuno borges,0.35297897458076477,0
2024-7480_6.0,hard,2024,R32,matteo arnaldi,max purcell,0.6450966596603394,0
2024-7480_7.0,hard,2024,R32,ernesto escobedo,jordan thompson,0.10507515072822571,0
2024-7480_8.0,hard,2024,R32,diego schwartzman,emilio nava,0.510003924369812,0
2024-7480_9.0,hard,2024,R32,alex michelsen,constant lestienne,0.7400524616241455,1
2024-7485_1.0,hard,2024,R32,dominik koepfer,roberto carballes baena,0.36704665422439575,0
2024-7485_10.0,hard,2024,R32,facundo diaz acosta,zizou bergs,0.45277318358421326,0
2024-7485_11.0,hard,2024,R32,alexander blockx,arthur rinderknech,0.20668059587478638,0
2024-7485_12.0,hard,2024,R32,daniel altmaier,gilles arnaud bailly,0.8608510494232178,1
2024-7485_13.0,hard,2024,R16,roberto bautista agut,tomas martin etcheverry,0.4880843162536621,1
2024-7485_14.0,hard,2024,R16,hugo gaston,mariano navone,0.42944005131721497,1
2024-7485_15.0,hard,2024,R16,alex de minaur,roberto carballes baena,0.646291971206665,1
2024-7485_16.0,hard,2024,R16,felix auger-aliassime,marton fucsovics,0.4427483081817627,1
2024-7485_17.0,hard,2024,R16,daniel altmaier,jiri lehecka,0.1418267786502838,0
2024-7485_18.0,hard,2024,R16,arthur rinderknech,marcos giron,0.4573454260826111,0
2024-7485_19.0,hard,2024,R16,stefanos tsitsipas,thiago seyboth wild,0.7954307198524475,1
2024-7485_2.0,hard,2024,R32,mariano navone,thiago monteiro,0.669903576374054,1
2024-7485_20.0,hard,2024,R16,sebastian baez,zizou bergs,0.3628948926925659,0
2024-7485_21.0,hard,2024,QF,felix auger-aliassime,roberto bautista agut,0.6291115283966064,0
2024-7485_22.0,hard,2024,QF,alex de minaur,hugo gaston,0.8794552683830261,0
2024-7485_23.0,hard,2024,QF,jiri lehecka,stefanos tsitsipas,0.3702765703201294,1
2024-7485_24.0,hard,2024,QF,marcos giron,zizou bergs,0.5975058674812317,1
2024-7485_25.0,hard,2024,SF,hugo gaston,roberto bautista agut,0.3414667546749115,0
2024-7485_26.0,hard,2024,SF,jiri lehecka,marcos giron,0.6344748139381409,1
2024-7485_27.0,hard,2024,F,jiri lehecka,roberto bautista agut,0.6366323232650757,0
2024-7485_3.0,hard,2024,R32,richard gasquet,tomas martin etcheverry,0.26748278737068176,0
2024-7485_4.0,hard,2024,R32,marton fucsovics,raphael collignon,0.45648646354675293,1
2024-7485_5.0,hard,2024,R32,jaume munar,jiri lehecka,0.10766103863716125,0
2024-7485_6.0,hard,2024,R32,alexey vatutin,hugo gaston,0.28383761644363403,0
2024-7485_7.0,hard,2024,R32,botic van de zandschulp,marcos giron,0.4886169135570526,0
2024-7485_8.0,hard,2024,R32,luca van assche,roberto bautista agut,0.27261480689048767,0
2024-7485_9.0,hard,2024,R32,giovanni mpetshi perricard,thiago seyboth wild,0.2965913712978363,0
2024-7581_1.0,hard,2024,R32,adam walton,lukas klein,0.33029311895370483,0
2024-7581_10.0,hard,2024,R32,fabio fognini,roman safiullin,0.4830930829048157,0
2024-7581_11.0,hard,2024,R32,alexandre muller,federico agustin gomez,0.7242113947868347,0
2024-7581_12.0,hard,2024,R32,adrian mannarino,terence atmane,0.7460881471633911,1
2024-7581_13.0,hard,2024,R16,alibek kachmazov,taro daniel,0.3006203770637512,1
2024-7581_14.0,hard,2024,R16,giovanni mpetshi perricard,yannick hanfmann,0.2876491844654083,0
2024-7581_15.0,hard,2024,R16,lukas klein,nicolas jarry,0.5702861547470093,0
2024-7581_16.0,hard,2024,R16,aleksandar vukic,pedro martinez,0.30835628509521484,0
2024-7581_17.0,hard,2024,R16,adrian mannarino,yi zhou,0.8309864401817322,1
2024-7581_18.0,hard,2024,R16,christopher o'connell,lorenzo musetti,0.31095805764198303,0
2024-7581_19.0,hard,2024,R16,alexander bublik,federico agustin gomez,0.7654266953468323,1
2024-7581_2.0,hard,2024,R32,lorenzo sonego,taro daniel,0.507844090461731,0
2024-7581_20.0,hard,2024,R16,juncheng shang,roman safiullin,0.5943641662597656,1
2024-7581_21.0,hard,2024,QF,alibek kachmazov,nicolas jarry,0.24658752977848053,1
2024-7581_22.0,hard,2024,QF,adrian mannarino,lorenzo musetti,0.24210137128829956,0
2024-7581_23.0,hard,2024,QF,pedro martinez,yannick hanfmann,0.45608383417129517,0
2024-7581_24.0,hard,2024,QF,alexander bublik,juncheng shang,0.35125771164894104,0
2024-7581_25.0,hard,2024,SF,alibek kachmazov,lorenzo musetti,0.18402060866355896,0
2024-7581_26.0,hard,2024,SF,juncheng shang,yannick hanfmann,0.6011244654655457,1
2024-7581_27.0,hard,2024,F,juncheng shang,lorenzo musetti,0.34875285625457764,1
2024-7581_3.0,hard,2024,R32,fajing sun,giovanni mpetshi perricard,0.23824211955070496,0
2024-7581_4.0,hard,2024,R32,aleksandar vukic,borna coric,0.6426358222961426,1
2024-7581_5.0,hard,2024,R32,chun-hsin tseng,yi zhou,0.6039469242095947,0
2024-7581_6.0,hard,2024,R32,aleksandar kovacevic,alibek kachmazov,0.4010067582130432,0
2024-7581_7.0,hard,2024,R32,juncheng shang,kei nishikori,0.1928706169128418,1
2024-7581_8.0,hard,2024,R32,shintaro mochizuki,yannick hanfmann,0.1818319410085678,0
2024-7581_9.0,hard,2024,R32,christopher o'connell,pavel kotov,0.7255229949951172,1
2024-7696_1.0,hard,2024,F,joao fonseca,learner tien,0.5586549639701843,1
2024-7696_10.0,hard,2024,RR,alex michelsen,juncheng shang,0.6828697919845581,1
2024-7696_11.0,hard,2024,RR,alex michelsen,luca van assche,0.4506266117095947,1
2024-7696_12.0,hard,2024,RR,alex michelsen,nishesh basavareddy,0.7622784972190857,1
2024-7696_13.0,hard,2024,RR,juncheng shang,luca van assche,0.6737802624702454,0
2024-7696_14.0,hard,2024,RR,juncheng shang,nishesh basavareddy,0.7259653210639954,0
2024-7696_15.0,hard,2024,RR,luca van assche,nishesh basavareddy,0.353181391954422,1
2024-7696_2.0,hard,2024,SF,joao fonseca,luca van assche,0.584094762802124,1
2024-7696_3.0,hard,2024,SF,alex michelsen,learner tien,0.7414287328720093,0
2024-7696_4.0,hard,2024,RR,arthur fils,jakub mensik,0.5786126255989075,1
2024-7696_5.0,hard,2024,RR,arthur fils,learner tien,0.7882232666015625,0
2024-7696_6.0,hard,2024,RR,arthur fils,joao fonseca,0.5225919485092163,0
2024-7696_7.0,hard,2024,RR,jakub mensik,learner tien,0.702951192855835,0
2024-7696_8.0,hard,2024,RR,jakub mensik,joao fonseca,0.48982104659080505,0
2024-7696_9.0,hard,2024,RR,joao fonseca,learner tien,0.699840247631073,1
2024-807_1.0,hard,2024,R32,holger rune,michael mmoh,0.8057779669761658,1
2024-807_10.0,hard,2024,R32,felix auger-aliassime,flavio cobolli,0.5023452043533325,0
2024-807_11.0,hard,2024,R32,ernesto escobedo,sebastian ofner,0.18568778038024902,0
2024-807_12.0,hard,2024,R32,alex de minaur,taro daniel,0.8461044430732727,1
2024-807_13.0,hard,2024,R32,jack draper,tommy paul,0.5841879844665527,1
2024-807_14.0,hard,2024,R32,nuno borges,yoshihito nishioka,0.4748111367225647,0
2024-807_15.0,hard,2024,R32,diego schwartzman,miomir kecmanovic,0.433903306722641,0
2024-807_16.0,hard,2024,R32,alexander zverev,daniel altmaier,0.8950397968292236,0
2024-807_17.0,hard,2024,R16,aleksandar kovacevic,holger rune,0.2131980061531067,0
2024-807_18.0,hard,2024,R16,dominik koepfer,frances tiafoe,0.34172624349594116,1
2024-807_19.0,hard,2024,R16,ben shelton,matteo arnaldi,0.6824651956558228,1
2024-807_2.0,hard,2024,R32,aleksandar kovacevic,jordan thompson,0.20608825981616974,1
2024-807_20.0,hard,2024,R16,casper ruud,dusan lajovic,0.7707478404045105,1
2024-807_21.0,hard,2024,R16,flavio cobolli,stefanos tsitsipas,0.22584648430347443,0
2024-807_22.0,hard,2024,R16,alex de minaur,sebastian ofner,0.8189365267753601,1
2024-807_23.0,hard,2024,R16,jack draper,yoshihito nishioka,0.6220923662185669,1
2024-807_24.0,hard,2024,R16,daniel altmaier,miomir kecmanovic,0.39154839515686035,0
2024-807_25.0,hard,2024,QF,dominik koepfer,holger rune,0.2604718804359436,0
2024-807_26.0,hard,2024,QF,ben shelton,casper ruud,0.41665372252464294,0
2024-807_27.0,hard,2024,QF,alex de minaur,stefanos tsitsipas,0.6212049722671509,1
2024-807_28.0,hard,2024,QF,jack draper,miomir kecmanovic,0.6151264905929565,1
2024-807_29.0,hard,2024,SF,casper ruud,holger rune,0.48993661999702454,1
2024-807_3.0,hard,2024,R32,dominik koepfer,terence atmane,0.8006395697593689,1
2024-807_30.0,hard,2024,SF,alex de minaur,jack draper,0.7460446357727051,1
2024-807_31.0,hard,2024,F,alex de minaur,casper ruud,0.624387800693512,1
2024-807_4.0,hard,2024,R32,frances tiafoe,max purcell,0.5914280414581299,1
2024-807_5.0,hard,2024,R32,matteo arnaldi,taylor fritz,0.2837987542152405,1
2024-807_6.0,hard,2024,R32,ben shelton,daniel evans,0.43088147044181824,1
2024-807_7.0,hard,2024,R32,dusan lajovic,rodrigo pacheco mendez,0.8775620460510254,1
2024-807_8.0,hard,2024,R32,casper ruud,christopher eubanks,0.851087749004364,1
2024-807_9.0,hard,2024,R32,roman safiullin,stefanos tsitsipas,0.2143501192331314,0
2024-8998_1.0,hard,2024,R32,bernabe zapata miralles,matteo arnaldi,0.22442124783992767,0
2024-8998_10.0,hard,2024,R32,jack draper,sebastian baez,0.7742709517478943,1
2024-8998_11.0,hard,2024,R32,mackenzie mcdonald,miomir kecmanovic,0.37927982211112976,0
2024-8998_12.0,hard,2024,R32,alex bolt,thiago seyboth wild,0.6225292086601257,1
2024-8998_13.0,hard,2024,R16,matteo arnaldi,nicolas jarry,0.6217719912528992,0
2024-8998_14.0,hard,2024,R16,dusan lajovic,jiri lehecka,0.38977763056755066,0
2024-8998_15.0,hard,2024,R16,lorenzo sonego,sebastian korda,0.4152022898197174,0
2024-8998_16.0,hard,2024,R16,alexander shevchenko,christopher o'connell,0.5954890251159668,0
2024-8998_17.0,hard,2024,R16,alexander bublik,daniel evans,0.5394871830940247,1
2024-8998_18.0,hard,2024,R16,jordan thompson,lorenzo musetti,0.5463092923164368,0
2024-8998_19.0,hard,2024,R16,jack draper,miomir kecmanovic,0.7489485740661621,1
2024-8998_2.0,hard,2024,R32,dusan lajovic,thanasi kokkinakis,0.3254312574863434,1
2024-8998_20.0,hard,2024,R16,alex bolt,tommy paul,0.16195227205753326,0
2024-8998_21.0,hard,2024,QF,jiri lehecka,nicolas jarry,0.4411596357822418,1
2024-8998_22.0,hard,2024,QF,christopher o'connell,sebastian korda,0.20701739192008972,0
2024-8998_23.0,hard,2024,QF,alexander bublik,lorenzo musetti,0.3376652002334595,1
2024-8998_24.0,hard,2024,QF,jack draper,tommy paul,0.7158802151679993,1
2024-8998_25.0,hard,2024,SF,jiri lehecka,sebastian korda,0.41110342741012573,1
2024-8998_26.0,hard,2024,SF,alexander bublik,jack draper,0.4301666021347046,0
2024-8998_27.0,hard,2024,F,jack draper,jiri lehecka,0.5638062357902527,0
2024-8998_3.0,hard,2024,R32,adam walton,jiri lehecka,0.16482499241828918,0
2024-8998_4.0,hard,2024,R32,lorenzo sonego,yannick hanfmann,0.5999326705932617,1
2024-8998_5.0,hard,2024,R32,arthur rinderknech,christopher o'connell,0.34869393706321716,0
2024-8998_6.0,hard,2024,R32,alexander shevchenko,tomas martin etcheverry,0.4993729889392853,1
2024-8998_7.0,hard,2024,R32,alexander bublik,james mccabe,0.8279497623443604,1
2024-8998_8.0,hard,2024,R32,daniel evans,rinky hijikata,0.366977334022522,1
2024-8998_9.0,hard,2024,R32,facundo diaz acosta,jordan thompson,0.18752922117710114,0
2024-9210_1.0,hard,2024,RR,carlos alcaraz,taylor fritz,0.719900369644165,1
2024-9210_2.0,hard,2024,RR,ben shelton,daniil medvedev,0.24856078624725342,1
2024-9210_3.0,hard,2024,RR,alexander zverev,frances tiafoe,0.6481015086174011,1
2024-9210_4.0,hard,2024,RR,ben shelton,carlos alcaraz,0.16184251010417938,0
2024-9210_5.0,hard,2024,RR,alexander zverev,taylor fritz,0.6084200739860535,0
2024-9210_6.0,hard,2024,RR,daniil medvedev,frances tiafoe,0.7051658034324646,0
2024-9210_7.0,hard,2024,RR,casper ruud,francisco cerundolo,0.7092864513397217,0
2024-9210_8.0,hard,2024,RR,alejandro tabilo,grigor dimitrov,0.2946139872074127,0
2024-9210_9.0,hard,2024,RR,stefanos tsitsipas,thanasi kokkinakis,0.4293361008167267,1
2024-9410_1.0,hard,2024,R32,coleman wong,justin engel,0.4893532693386078,0
2024-9410_10.0,hard,2024,R32,alexander shevchenko,mikhail kukushkin,0.7293715476989746,1
2024-9410_11.0,hard,2024,R32,aleksandar vukic,james duckworth,0.5430403351783752,1
2024-9410_12.0,hard,2024,R32,timofey skatov,tomas machac,0.1450452357530594,0
2024-9410_13.0,hard,2024,R16,francisco cerundolo,justin engel,0.8708105087280273,1
2024-9410_14.0,hard,2024,R16,borna coric,gabriel diallo,0.5775285363197327,0
2024-9410_15.0,hard,2024,R16,alejandro tabilo,maximilian marterer,0.683844268321991,1
2024-9410_16.0,hard,2024,R16,alexander shevchenko,aslan karatsev,0.5473335385322571,1
2024-9410_17.0,hard,2024,R16,beibit zhukayev,tomas machac,0.1599075198173523,1
2024-9410_18.0,hard,2024,R16,karen khachanov,otto virtanen,0.7546038627624512,1
2024-9410_19.0,hard,2024,R16,adrian mannarino,aleksandar vukic,0.43654343485832214,0
2024-9410_2.0,hard,2024,R32,damir dzumhur,maximilian marterer,0.7102184891700745,0
2024-9410_20.0,hard,2024,R16,daniel evans,frances tiafoe,0.19927199184894562,0
2024-9410_21.0,hard,2024,QF,alejandro tabilo,gabriel diallo,0.40891125798225403,0
2024-9410_22.0,hard,2024,QF,alexander shevchenko,francisco cerundolo,0.38603493571281433,0
2024-9410_23.0,hard,2024,QF,aleksandar vukic,frances tiafoe,0.4225442409515381,1
2024-9410_24.0,hard,2024,QF,beibit zhukayev,karen khachanov,0.20835711061954498,0
2024-9410_25.0,hard,2024,SF,francisco cerundolo,gabriel diallo,0.6745604872703552,0
2024-9410_26.0,hard,2024,SF,aleksandar vukic,karen khachanov,0.3865167796611786,0
2024-9410_27.0,hard,2024,F,gabriel diallo,karen khachanov,0.3229643404483795,0
2024-9410_3.0,hard,2024,R32,borna coric,fabian marozsan,0.45406413078308105,1
2024-9410_4.0,hard,2024,R32,christopher o'connell,gabriel diallo,0.6320738196372986,0
2024-9410_5.0,hard,2024,R32,adrian mannarino,roman safiullin,0.3585646152496338,1
2024-9410_6.0,hard,2024,R32,fabio fognini,otto virtanen,0.7244526743888855,0
2024-9410_7.0,hard,2024,R32,beibit zhukayev,benjamin hassan,0.6349964737892151,1
2024-9410_8.0,hard,2024,R32,daniel evans,taro daniel,0.5031702518463135,1
2024-9410_9.0,hard,2024,R32,aslan karatsev,zhizhen zhang,0.2984945774078369,1
2024-9900_1.0,hard,2024,RR,casper ruud,tallon griekspoor,0.614938497543335,1
2024-9900_10.0,hard,2024,RR,alex de minaur,cameron norrie,0.7663180828094482,0
2024-9900_11.0,hard,2024,RR,alex de minaur,taylor fritz,0.5391132831573486,1
2024-9900_12.0,hard,2024,RR,cameron norrie,taylor fritz,0.4588088095188141,0
2024-9900_13.0,hard,2024,RR,nicolas jarry,steven diez,0.8632180094718933,1
2024-9900_14.0,hard,2024,RR,nicolas jarry,stefanos sakellaridis,0.8873577117919922,1
2024-9900_15.0,hard,2024,RR,stefanos tsitsipas,steven diez,0.9250625371932983,1
2024-9900_16.0,hard,2024,RR,alejandro davidovich fokina,thiago seyboth wild,0.7928429245948792,1
2024-9900_17.0,hard,2024,RR,hubert hurkacz,thiago seyboth wild,0.9038830399513245,1
2024-9900_18.0,hard,2024,RR,alejandro davidovich fokina,hubert hurkacz,0.2625834047794342,1
2024-9900_19.0,hard,2024,QF,alexander zverev,stefanos tsitsipas,0.531281590461731,1
2024-9900_2.0,hard,2024,RR,borna coric,casper ruud,0.6821908354759216,0
2024-9900_20.0,hard,2024,QF,alex de minaur,novak djokovic,0.1622905433177948,1
2024-9900_21.0,hard,2024,QF,adrian mannarino,casper ruud,0.43948885798454285,0
2024-9900_22.0,hard,2024,QF,hubert hurkacz,zhizhen zhang,0.7716629505157471,1
2024-9900_23.0,hard,2024,SF,alex de minaur,alexander zverev,0.4653697907924652,1
2024-9900_24.0,hard,2024,SF,adrian mannarino,hubert hurkacz,0.24330365657806396,0
2024-9900_25.0,hard,2024,F,alexander zverev,hubert hurkacz,0.6228305697441101,1
2024-9900_3.0,hard,2024,RR,borna coric,tallon griekspoor,0.3216492235660553,1
2024-9900_4.0,hard,2024,RR,novak djokovic,zhizhen zhang,0.9666898250579834,1
2024-9900_5.0,hard,2024,RR,jiri lehecka,novak djokovic,0.05097312107682228,0
2024-9900_6.0,hard,2024,RR,jiri lehecka,zhizhen zhang,0.5357339978218079,0
2024-9900_7.0,hard,2024,RR,alexander zverev,lorenzo sonego,0.8121863603591919,1
2024-9900_8.0,hard,2024,RR,adrian mannarino,alexander zverev,0.27082228660583496,0
2024-9900_9.0,hard,2024,RR,adrian mannarino,lorenzo sonego,0.7053635716438293,1
2024-M-DC-2024-FLS-1-M-A-BEL-BRA-01_1.0,hard,2024,RR,joao fonseca,raphael collignon,0.6277552247047424,1
2024-M-DC-2024-FLS-1-M-A-BEL-BRA-01_2.0,hard,2024,RR,thiago monteiro,zizou bergs,0.4870976209640503,1
2024-M-DC-2024-FLS-1-M-A-ITA-BEL-01_1.0,hard,2024,RR,alexander blockx,matteo berrettini,0.11038313060998917,0
2024-M-DC-2024-FLS-1-M-A-ITA-BEL-01_2.0,hard,2024,RR,flavio cobolli,zizou bergs,0.47809523344039917,0
2024-M-DC-2024-FLS-1-M-A-ITA-BRA-01_1.0,hard,2024,RR,joao fonseca,matteo berrettini,0.130589097738266,0
2024-M-DC-2024-FLS-1-M-A-ITA-BRA-01_2.0,hard,2024,RR,matteo arnaldi,thiago monteiro,0.6752046346664429,1
2024-M-DC-2024-FLS-1-M-A-ITA-NED-01_1.0,hard,2024,RR,botic van de zandschulp,matteo berrettini,0.2819037139415741,0
2024-M-DC-2024-FLS-1-M-A-ITA-NED-01_2.0,hard,2024,RR,flavio cobolli,tallon griekspoor,0.5447136759757996,1
2024-M-DC-2024-FLS-1-M-A-NED-BEL-01_1.0,hard,2024,RR,botic van de zandschulp,raphael collignon,0.47309643030166626,1
2024-M-DC-2024-FLS-1-M-A-NED-BEL-01_2.0,hard,2024,RR,tallon griekspoor,zizou bergs,0.7205945253372192,0
2024-M-DC-2024-FLS-1-M-A-NED-BRA-01_1.0,hard,2024,RR,botic van de zandschulp,joao fonseca,0.6732993721961975,0
2024-M-DC-2024-FLS-1-M-A-NED-BRA-01_2.0,hard,2024,RR,tallon griekspoor,thiago monteiro,0.6205185055732727,1
2024-M-DC-2024-FLS-2-M-B-AUS-CZE-01_1.0,hard,2024,RR,jakub mensik,thanasi kokkinakis,0.3079287111759186,0
2024-M-DC-2024-FLS-2-M-B-AUS-CZE-01_2.0,hard,2024,RR,alexei popyrin,tomas machac,0.5658901333808899,1
2024-M-DC-2024-FLS-2-M-B-AUS-ESP-01_1.0,hard,2024,RR,jordan thompson,pablo carreno busta,0.6583790183067322,0
2024-M-DC-2024-FLS-2-M-B-AUS-ESP-01_2.0,hard,2024,RR,alexei popyrin,pedro martinez,0.8360570073127747,1
2024-M-DC-2024-FLS-2-M-B-AUS-FRA-01_1.0,hard,2024,RR,arthur fils,thanasi kokkinakis,0.5672162771224976,0
2024-M-DC-2024-FLS-2-M-B-AUS-FRA-01_2.0,hard,2024,RR,alexei popyrin,ugo humbert,0.4916912913322449,0
2024-M-DC-2024-FLS-2-M-B-CZE-ESP-01_1.0,hard,2024,RR,jiri lehecka,roberto bautista agut,0.6892908811569214,0
2024-M-DC-2024-FLS-2-M-B-CZE-ESP-01_2.0,hard,2024,RR,carlos alcaraz,tomas machac,0.806161105632782,1
2024-M-DC-2024-FLS-2-M-B-CZE-FRA-01_1.0,hard,2024,RR,arthur rinderknech,jakub mensik,0.3183154761791229,0
2024-M-DC-2024-FLS-2-M-B-CZE-FRA-01_2.0,hard,2024,RR,arthur fils,jiri lehecka,0.4130539298057556,1
2024-M-DC-2024-FLS-2-M-B-FRA-ESP-01_1.0,hard,2024,RR,arthur fils,roberto bautista agut,0.5658444762229919,0
2024-M-DC-2024-FLS-2-M-B-FRA-ESP-01_2.0,hard,2024,RR,carlos alcaraz,ugo humbert,0.8252686858177185,1
2024-M-DC-2024-FLS-3-M-C-GER-CHI-01_1.0,hard,2024,RR,maximilian marterer,tomas barrios vera,0.6825454831123352,1
2024-M-DC-2024-FLS-3-M-C-GER-CHI-01_2.0,hard,2024,RR,alejandro tabilo,yannick hanfmann,0.6870008111000061,0
2024-M-DC-2024-FLS-3-M-C-GER-SVK-01_1.0,hard,2024,RR,lukas klein,maximilian marterer,0.35005903244018555,0
2024-M-DC-2024-FLS-3-M-C-GER-SVK-01_2.0,hard,2024,RR,jozef kovalik,yannick hanfmann,0.2791750431060791,0
2024-M-DC-2024-FLS-3-M-C-GER-USA-01_1.0,hard,2024,RR,henri squire,reilly opelka,0.22887064516544342,0
2024-M-DC-2024-FLS-3-M-C-GER-USA-01_2.0,hard,2024,RR,brandon nakashima,maximilian marterer,0.7791284918785095,1
2024-M-DC-2024-FLS-3-M-C-SVK-CHI-01_1.0,hard,2024,RR,cristian garin,norbert gombos,0.784890353679657,1
2024-M-DC-2024-FLS-3-M-C-SVK-CHI-01_2.0,hard,2024,RR,alejandro tabilo,jozef kovalik,0.6998829245567322,0
2024-M-DC-2024-FLS-3-M-C-USA-CHI-01_1.0,hard,2024,RR,cristian garin,reilly opelka,0.351561576128006,0
2024-M-DC-2024-FLS-3-M-C-USA-CHI-01_2.0,hard,2024,RR,alejandro tabilo,brandon nakashima,0.49792206287384033,0
2024-M-DC-2024-FLS-3-M-C-USA-SVK-01_1.0,hard,2024,RR,lukas klein,mackenzie mcdonald,0.5996536016464233,0
2024-M-DC-2024-FLS-3-M-C-USA-SVK-01_2.0,hard,2024,RR,brandon nakashima,jozef kovalik,0.7939255833625793,1
2024-M-DC-2024-FLS-4-M-D-CAN-ARG-01_1.0,hard,2024,RR,denis shapovalov,francisco cerundolo,0.43565770983695984,1
2024-M-DC-2024-FLS-4-M-D-CAN-ARG-01_2.0,hard,2024,RR,felix auger-aliassime,sebastian baez,0.6717907786369324,1
2024-M-DC-2024-FLS-4-M-D-CAN-FIN-01_1.0,hard,2024,RR,denis shapovalov,eero vasa,0.8804181814193726,1
2024-M-DC-2024-FLS-4-M-D-CAN-FIN-01_2.0,hard,2024,RR,felix auger-aliassime,otto virtanen,0.7609575390815735,1
2024-M-DC-2024-FLS-4-M-D-CAN-GBR-01_1.0,hard,2024,RR,daniel evans,denis shapovalov,0.4348470866680145,0
2024-M-DC-2024-FLS-4-M-D-CAN-GBR-01_2.0,hard,2024,RR,felix auger-aliassime,jack draper,0.3918370008468628,1
2024-M-DC-2024-FLS-4-M-D-FIN-ARG-01_1.0,hard,2024,RR,eero vasa,tomas martin etcheverry,0.1031426414847374,0
2024-M-DC-2024-FLS-4-M-D-FIN-ARG-01_2.0,hard,2024,RR,francisco cerundolo,otto virtanen,0.6966432332992554,1
2024-M-DC-2024-FLS-4-M-D-FIN-GBR-01_1.0,hard,2024,RR,daniel evans,eero vasa,0.8470279574394226,1
2024-M-DC-2024-FLS-4-M-D-FIN-GBR-01_2.0,hard,2024,RR,billy harris,otto virtanen,0.3058770000934601,1
2024-M-DC-2024-FLS-4-M-D-GBR-ARG-01_1.0,hard,2024,RR,daniel evans,tomas martin etcheverry,0.6281826496124268,0
2024-M-DC-2024-FLS-4-M-D-GBR-ARG-01_2.0,hard,2024,RR,francisco cerundolo,jack draper,0.4594265818595886,1
2024-M-DC-2024-FLS-M-GER-CAN-01_1.0,hard,2024,RR,daniel altmaier,gabriel diallo,0.5885192155838013,1
2024-M-DC-2024-FLS-M-GER-CAN-01_2.0,hard,2024,RR,denis shapovalov,jan-lennard struff,0.6115478277206421,0
2024-M-DC-2024-FLS-M-GER-NED-01_1.0,hard,2024,RR,botic van de zandschulp,daniel altmaier,0.5784798264503479,1
2024-M-DC-2024-FLS-M-GER-NED-01_2.0,hard,2024,RR,jan-lennard struff,tallon griekspoor,0.45368295907974243,0
2024-M-DC-2024-FLS-M-ITA-ARG-01_1.0,hard,2024,RR,francisco cerundolo,lorenzo musetti,0.582190752029419,1
2024-M-DC-2024-FLS-M-ITA-ARG-01_2.0,hard,2024,RR,jannik sinner,sebastian baez,0.9656419157981873,1
2024-M-DC-2024-FLS-M-ITA-AUS-01_1.0,hard,2024,RR,matteo berrettini,thanasi kokkinakis,0.37124767899513245,1
2024-M-DC-2024-FLS-M-ITA-AUS-01_2.0,hard,2024,RR,alex de minaur,jannik sinner,0.10904877632856369,0
2024-M-DC-2024-FLS-M-ITA-NED-01_1.0,hard,2024,RR,botic van de zandschulp,matteo berrettini,0.31907880306243896,0
2024-M-DC-2024-FLS-M-ITA-NED-01_2.0,hard,2024,RR,jannik sinner,tallon griekspoor,0.9280389547348022,1
2024-M-DC-2024-FLS-M-NED-ESP-01_1.0,hard,2024,RR,botic van de zandschulp,rafael nadal,0.40574467182159424,1
2024-M-DC-2024-FLS-M-NED-ESP-01_2.0,hard,2024,RR,carlos alcaraz,tallon griekspoor,0.8525606989860535,1
2024-M-DC-2024-FLS-M-USA-AUS-01_1.0,hard,2024,RR,ben shelton,thanasi kokkinakis,0.7701104283332825,0
2024-M-DC-2024-FLS-M-USA-AUS-01_2.0,hard,2024,RR,alex de minaur,taylor fritz,0.41385507583618164,0
2024-M-DC-2024-QLS-M-CAN-KOR-01_1.0,hard,2024,RR,gabriel diallo,soonwoo kwon,0.5547924041748047,1
2024-M-DC-2024-QLS-M-CAN-KOR-01_2.0,hard,2024,RR,seongchan hong,vasek pospisil,0.5124876499176025,0
2024-M-DC-2024-QLS-M-CAN-KOR-01_3.0,hard,2024,RR,gabriel diallo,seongchan hong,0.7425309419631958,1
2024-M-DC-2024-QLS-M-CHI-PER-01_1.0,hard,2024,RR,alejandro tabilo,juan pablo varillas,0.6395715475082397,1
2024-M-DC-2024-QLS-M-CHI-PER-01_2.0,hard,2024,RR,ignacio buse,nicolas jarry,0.16104747354984283,1
2024-M-DC-2024-QLS-M-CHI-PER-01_3.0,hard,2024,RR,juan pablo varillas,nicolas jarry,0.2743942439556122,0
2024-M-DC-2024-QLS-M-CHI-PER-01_4.0,hard,2024,RR,alejandro tabilo,ignacio buse,0.8316431045532227,1
2024-M-DC-2024-QLS-M-CRO-BEL-01_1.0,hard,2024,RR,marin cilic,zizou bergs,0.44569268822669983,0
2024-M-DC-2024-QLS-M-CRO-BEL-01_2.0,hard,2024,RR,duje ajdukovic,joris de loore,0.6154648661613464,1
2024-M-DC-2024-QLS-M-CRO-BEL-01_3.0,hard,2024,RR,duje ajdukovic,zizou bergs,0.35401174426078796,0
2024-M-DC-2024-QLS-M-CZE-ISR-01_1.0,hard,2024,RR,jakub mensik,yshai oliel,0.7916305065155029,1
2024-M-DC-2024-QLS-M-CZE-ISR-01_2.0,hard,2024,RR,daniel cukierman,jiri lehecka,0.10910795629024506,0
2024-M-DC-2024-QLS-M-CZE-ISR-01_3.0,hard,2024,RR,orel kimhi,vit kopriva,0.5065382719039917,0
2024-M-DC-2024-QLS-M-FIN-POR-01_1.0,hard,2024,RR,nuno borges,otto virtanen,0.7321545481681824,0
2024-M-DC-2024-QLS-M-FIN-POR-01_2.0,hard,2024,RR,emil ruusuvuori,joao sousa,0.8359239101409912,1
2024-M-DC-2024-QLS-M-FIN-POR-01_3.0,hard,2024,RR,eero vasa,henrique rocha,0.21240390837192535,0
2024-M-DC-2024-QLS-M-HUN-GER-01_1.0,hard,2024,RR,dominik koepfer,fabian marozsan,0.4419122338294983,1
2024-M-DC-2024-QLS-M-HUN-GER-01_2.0,hard,2024,RR,jan-lennard struff,marton fucsovics,0.5465036034584045,0
2024-M-DC-2024-QLS-M-HUN-GER-01_3.0,hard,2024,RR,jan-lennard struff,mate valkusz,0.811568021774292,1
2024-M-DC-2024-QLS-M-HUN-GER-01_4.0,hard,2024,RR,kevin krawietz,zsombor piros,0.04915172606706619,0
2024-M-DC-2024-QLS-M-NED-SUI-01_1.0,hard,2024,RR,marc-andrea huesler,tallon griekspoor,0.15026050806045532,0
2024-M-DC-2024-QLS-M-NED-SUI-01_2.0,hard,2024,RR,botic van de zandschulp,leandro riedi,0.8106846213340759,0
2024-M-DC-2024-QLS-M-NED-SUI-01_3.0,hard,2024,RR,leandro riedi,tallon griekspoor,0.22950392961502075,0
2024-M-DC-2024-QLS-M-NED-SUI-01_4.0,hard,2024,RR,botic van de zandschulp,marc-andrea huesler,0.6858587861061096,1
2024-M-DC-2024-QLS-M-SWE-BRA-01_1.0,hard,2024,RR,karl friberg,thiago monteiro,0.526196300983429,0
2024-M-DC-2024-QLS-M-SWE-BRA-01_2.0,hard,2024,RR,elias ymer,gustavo heide,0.6839601993560791,1
2024-M-DC-2024-QLS-M-SWE-BRA-01_3.0,hard,2024,RR,elias ymer,thiago monteiro,0.49162930250167847,0
2024-M-DC-2024-QLS-M-TPE-FRA-01_1.0,hard,2024,RR,luca van assche,yu hsiou hsu,0.6650012135505676,1
2024-M-DC-2024-QLS-M-TPE-FRA-01_2.0,hard,2024,RR,adrian mannarino,tung-lin wu,0.8719143271446228,1
2024-M-DC-2024-QLS-M-TPE-FRA-01_3.0,hard,2024,RR,chun-hsin tseng,quentin halys,0.2192835509777069,0
2024-M-DC-2024-QLS-M-UKR-USA-01_1.0,hard,2024,RR,oleksii krutykh,sebastian korda,0.13101930916309357,0
2024-M-DC-2024-QLS-M-UKR-USA-01_2.0,hard,2024,RR,christopher eubanks,viacheslav bielinskyi,0.8196904063224792,1
2024-M-DC-2024-QLS-M-UKR-USA-01_3.0,hard,2024,RR,taylor fritz,vladyslav orlov,0.9340267777442932,1
2024-M-DC-2024-WG1-M-CRO-LTU-01_1.0,hard,2024,RR,borna gojo,vilius gaubas,0.371633917093277,1
2024-M-DC-2024-WG1-M-CRO-LTU-01_2.0,hard,2024,RR,duje ajdukovic,edas butvilas,0.7179935574531555,1
2024-M-DC-2024-WG1-M-CRO-LTU-01_3.0,hard,2024,RR,matej dodig,vilius gaubas,0.6244192719459534,1
2024-M-DC-2024-WG1-M-ISR-UKR-01_1.0,hard,2024,RR,oleksandr ovcharenko,yshai oliel,0.36511778831481934,0
2024-M-DC-2024-WG1-M-ISR-UKR-01_2.0,hard,2024,RR,daniel cukierman,vitaliy sachko,0.6676108837127686,1
2024-M-DC-2024-WG1-M-ISR-UKR-01_3.0,hard,2024,RR,oleksii krutykh,yshai oliel,0.35202503204345703,0
2024-M-DC-2024-WG1-M-JPN-COL-01_1.0,hard,2024,RR,adria soriano barrera,yoshihito nishioka,0.13019542396068573,0
2024-M-DC-2024-WG1-M-JPN-COL-01_2.0,hard,2024,RR,kei nishikori,nicolas mejia,0.5923370122909546,1
2024-M-DC-2024-WG1-M-JPN-COL-01_3.0,hard,2024,RR,nicolas mejia,yoshihito nishioka,0.14559878408908844,0
2024-M-DC-2024-WG1-M-KAZ-DEN-01_1.0,hard,2024,RR,alexander bublik,elmer moller,0.836774468421936,0
2024-M-DC-2024-WG1-M-KAZ-DEN-01_2.0,hard,2024,RR,alexander shevchenko,august holmgren,0.7712604403495789,0
2024-M-DC-2024-WG1-M-KAZ-DEN-01_3.0,hard,2024,RR,beibit zhukayev,philip hjorth,0.6942331790924072,1
2024-M-DC-2024-WG1-M-NOR-POR-01_1.0,hard,2024,RR,jaime faria,nicolai budkov kjaer,0.7714228630065918,0
2024-M-DC-2024-WG1-M-NOR-POR-01_2.0,hard,2024,RR,casper ruud,henrique rocha,0.8983062505722046,0
2024-M-DC-2024-WG1-M-NOR-POR-01_3.0,hard,2024,RR,casper ruud,jaime faria,0.747545063495636,1
2024-M-DC-2024-WG1-M-POL-KOR-01_1.0,hard,2024,RR,maks kasnikowski,seongchan hong,0.712994396686554,0
2024-M-DC-2024-WG1-M-POL-KOR-01_2.0,hard,2024,RR,kamil majchrzak,soonwoo kwon,0.4495791494846344,0
2024-M-DC-2024-WG1-M-POL-KOR-01_3.0,hard,2024,RR,martyn pawelski,minkyu song,0.8561224937438965,1
2024-M-DC-2024-WG1-M-SRB-GRE-01_1.0,hard,2024,RR,aristotelis thanos,miomir kecmanovic,0.1549481302499771,0
2024-M-DC-2024-WG1-M-SRB-GRE-01_2.0,hard,2024,RR,ioannis xilas,novak djokovic,0.023200932890176773,0
2024-M-DC-2024-WG1-M-SRB-GRE-01_3.0,hard,2024,RR,dimitris azoidis,dusan lajovic,0.06538748741149902,1
2024-M-DC-2024-WG1-M-SUI-PER-01_1.0,hard,2024,RR,ignacio buse,jerome kym,0.6158105134963989,0
2024-M-DC-2024-WG1-M-SUI-PER-01_2.0,hard,2024,RR,juan pablo varillas,marc-andrea huesler,0.5053367614746094,0
2024-M-DC-2024-WG1-M-SUI-PER-01_3.0,hard,2024,RR,gonzalo bueno,remy bertola,0.35117197036743164,0
2024-M-DC-2024-WG1-M-SWE-IND-01_1.0,hard,2024,RR,elias ymer,n.sriram balaji,0.9119539856910706,1
2024-M-DC-2024-WG1-M-SWE-IND-01_2.0,hard,2024,RR,leo borg,ramkumar ramanathan,0.6286033391952515,1
2024-M-DC-2024-WG1-M-SWE-IND-01_3.0,hard,2024,RR,elias ymer,siddharth vishwakarma,0.773496687412262,1
2024-M-DC-2024-WG1-M-TPE-BIH-01_1.0,hard,2024,RR,chun-hsin tseng,mirza basic,0.6675168871879578,0
2024-M-DC-2024-WG1-M-TPE-BIH-01_2.0,hard,2024,RR,damir dzumhur,tung-lin wu,0.6517619490623474,0
2024-M-DC-2024-WG1-M-TPE-BIH-01_3.0,hard,2024,RR,chun-hsin tseng,damir dzumhur,0.6153093576431274,0
2024-M-DC-2024-WG1-M-TPE-BIH-01_4.0,hard,2024,RR,mirza basic,tung-lin wu,0.3065851330757141,0
2024-M-DC-2024-WG1-PO-BUL-BIH-01_1.0,hard,2024,RR,dimitar kuzmanov,nerman fatic,0.6398749947547913,0
2024-M-DC-2024-WG1-PO-BUL-BIH-01_2.0,hard,2024,RR,damir dzumhur,yanaki milev,0.7691291570663452,1
2024-M-DC-2024-WG1-PO-BUL-BIH-01_3.0,hard,2024,RR,andrej nedic,petr nesterov,0.34680110216140747,0
2024-M-DC-2024-WG1-PO-GRE-ROU-01_1.0,hard,2024,RR,marius copil,stefanos tsitsipas,0.1689167320728302,0
2024-M-DC-2024-WG1-PO-GRE-ROU-01_2.0,hard,2024,RR,aristotelis thanos,nicholas david ionel,0.17266081273555756,1
2024-M-DC-2024-WG1-PO-GRE-ROU-01_3.0,hard,2024,RR,ioannis xilas,luca preda,0.4600113332271576,1
2024-M-DC-2024-WG1-PO-IRL-AUT-01_1.0,hard,2024,RR,dominic thiem,michael agwi,0.8459571599960327,1
2024-M-DC-2024-WG1-PO-IRL-AUT-01_2.0,hard,2024,RR,osgar o'hoisin,sebastian ofner,0.0826781615614891,0
2024-M-DC-2024-WG1-PO-IRL-AUT-01_3.0,hard,2024,RR,lucas miedler,michael agwi,0.3176487684249878,1
2024-M-DC-2024-WG1-PO-LTU-GEO-01_1.0,hard,2024,RR,saba purtseladze,vilius gaubas,0.3354218602180481,1
2024-M-DC-2024-WG1-PO-LTU-GEO-01_2.0,hard,2024,RR,ricardas berankis,zura tkemaladze,0.6219115257263184,1
2024-M-DC-2024-WG1-PO-LTU-GEO-01_3.0,hard,2024,RR,ricardas berankis,saba purtseladze,0.6747313737869263,1
2024-M-DC-2024-WG1-PO-LTU-GEO-01_4.0,hard,2024,RR,vilius gaubas,zura tkemaladze,0.7412481904029846,1
2024-M-DC-2024-WG1-PO-NOR-LAT-01_1.0,hard,2024,RR,robert strombachs,viktor durasovic,0.6373023390769958,0
2024-M-DC-2024-WG1-PO-NOR-LAT-01_2.0,hard,2024,RR,casper ruud,martins rocens,0.9932543039321899,1
2024-M-DC-2024-WG1-PO-NOR-LAT-01_3.0,hard,2024,RR,davis rolis,nicolai budkov kjaer,0.6276081204414368,0
2024-M-DC-2024-WG1-PO-NZL-TUR-01_1.0,hard,2024,RR,cem ilkel,kiranpal pannu,0.5872267484664917,0
2024-M-DC-2024-WG1-PO-NZL-TUR-01_2.0,hard,2024,RR,ajeet rai,yanki erel,0.3653317391872406,0
2024-M-DC-2024-WG1-PO-NZL-TUR-01_3.0,hard,2024,RR,ajeet rai,altug celikbilek,0.528508722782135,0
2024-M-DC-2024-WG1-PO-UZB-POL-01_1.0,hard,2024,RR,hubert hurkacz,sergey fomin,0.9550869464874268,1
2024-M-DC-2024-WG1-PO-UZB-POL-01_2.0,hard,2024,RR,khumoyun sultanov,maks kasnikowski,0.5938274264335632,0
2024-M-DC-2024-WG1-PO-UZB-POL-01_3.0,hard,2024,RR,kamil majchrzak,maxim shin,0.7106606364250183,1
2024-M-DC-2024-WG2-M-BAR-PAK-01_1.0,hard,2024,RR,darian king,muhammad shoaib,0.8453412652015686,1
2024-M-DC-2024-WG2-M-BAR-PAK-01_2.0,hard,2024,RR,aqeel khan,kaipo marshall,0.5565047264099121,1
2024-M-DC-2024-WG2-M-BAR-PAK-01_3.0,hard,2024,RR,darian king,yousaf khalil,0.8535321354866028,1
2024-M-DC-2024-WG2-M-GEO-MEX-01_1.0,hard,2024,RR,alan fernando rubio fierros,saba purtseladze,0.2798073887825012,1
2024-M-DC-2024-WG2-M-GEO-MEX-01_2.0,hard,2024,RR,aleksandre bakshi,rodrigo pacheco mendez,0.34641239047050476,1
2024-M-DC-2024-WG2-M-GEO-MEX-01_3.0,hard,2024,RR,rodrigo pacheco mendez,saba purtseladze,0.471666544675827,1
2024-M-DC-2024-WG2-M-GEO-MEX-01_4.0,hard,2024,RR,alan fernando rubio fierros,aleksandre bakshi,0.45367878675460815,0
2024-M-DC-2024-WG2-M-HKG-ECU-01_1.0,hard,2024,RR,andres andrade,jack cheng,0.8445596098899841,1
2024-M-DC-2024-WG2-M-HKG-ECU-01_2.0,hard,2024,RR,coleman wong,marcos lee chan baratau,0.849594235420227,1
2024-M-DC-2024-WG2-M-HKG-ECU-01_3.0,hard,2024,RR,andres andrade,coleman wong,0.6199347972869873,0
2024-M-DC-2024-WG2-M-HKG-ECU-01_4.0,hard,2024,RR,gonzalo escobar,ki lung ng,0.3786157965660095,1
2024-M-DC-2024-WG2-M-NZL-LUX-01_1.0,hard,2024,RR,alex knaff,kiranpal pannu,0.6187381148338318,1
2024-M-DC-2024-WG2-M-NZL-LUX-01_2.0,hard,2024,RR,ajeet rai,chris rodesch,0.42270225286483765,0
2024-M-DC-2024-WG2-M-NZL-LUX-01_3.0,hard,2024,RR,chris rodesch,jack loutit,0.7459009885787964,0
2024-M-DC-2024-WG2-M-NZL-LUX-01_4.0,hard,2024,RR,alex knaff,rubin statham,0.848956286907196,1
2024-M-DC-2024-WG2-M-ROU-CHN-01_1.0,hard,2024,RR,cezar cretu,yunchaokete bu,0.6757918000221252,1
2024-M-DC-2024-WG2-M-ROU-CHN-01_2.0,hard,2024,RR,gabi adrian boitan,yi zhou,0.6269853115081787,1
2024-M-DC-2024-WG2-M-ROU-CHN-01_3.0,hard,2024,RR,gabi adrian boitan,yunchaokete bu,0.3025975525379181,0
2024-M-DC-2024-WG2-M-ROU-CHN-01_4.0,hard,2024,RR,cezar cretu,rigele te,0.746552050113678,1
2024-M-DC-2024-WG2-M-TOG-LAT-01_1.0,hard,2024,RR,davis rolis,thomas yaka kofi setodji,0.4635228216648102,0
2024-M-DC-2024-WG2-M-TOG-LAT-01_2.0,hard,2024,RR,daniels tens,liova ajavon,0.6603908538818359,0
2024-M-DC-2024-WG2-M-TOG-LAT-01_3.0,hard,2024,RR,daniels tens,thomas yaka kofi setodji,0.33421191573143005,0
2024-M-DC-2024-WG2-M-UZB-EST-01_1.0,hard,2024,RR,mark lajal,sergey fomin,0.6944437026977539,1
2024-M-DC-2024-WG2-M-UZB-EST-01_2.0,hard,2024,RR,khumoyun sultanov,kristjan tamm,0.8172646164894104,1
2024-M-DC-2024-WG2-M-UZB-EST-01_3.0,hard,2024,RR,khumoyun sultanov,mark lajal,0.34019729495048523,1
2024-M-DC-2024-WG2-PO-CHN-SLO-01_1.0,hard,2024,RR,matic kriznik,zhizhen zhang,0.06935356557369232,0
2024-M-DC-2024-WG2-PO-CHN-SLO-01_2.0,hard,2024,RR,sebastian dominko,yi zhou,0.30950167775154114,0
2024-M-DC-2024-WG2-PO-CHN-SLO-01_3.0,hard,2024,RR,sebastian dominko,zhizhen zhang,0.052840910851955414,1
2024-M-DC-2024-WG2-PO-CHN-SLO-01_4.0,hard,2024,RR,matic kriznik,yi zhou,0.27364081144332886,0
2024-M-DC-2024-WG2-PO-CYP-MAR-01_1.0,hard,2024,RR,petros chrysochos,yassine dlimi,0.1848028302192688,0
2024-M-DC-2024-WG2-PO-CYP-MAR-01_2.0,hard,2024,RR,elliot benchetrit,menelaos efstathiou,0.786873996257782,1
2024-M-DC-2024-WG2-PO-CYP-MAR-01_3.0,hard,2024,RR,hamza karmoussi,stylianos christodoulou,0.25953832268714905,0
2024-M-DC-2024-WG2-PO-ESA-POC-01_1.0,hard,2024,RR,diego duran,gillian osmont,0.3568565547466278,1
2024-M-DC-2024-WG2-PO-ESA-POC-01_2.0,hard,2024,RR,heve kelley,marcelo arevalo,0.5628343224525452,0
2024-M-DC-2024-WG2-PO-ESA-POC-01_3.0,hard,2024,RR,juan carlos fuentes vasquez,matavao fanguna,0.5018987655639648,1
2024-M-DC-2024-WG2-PO-HKG-ZIM-01_1.0,hard,2024,RR,benjamin lock,hong kit wong,0.9223529100418091,0
2024-M-DC-2024-WG2-PO-HKG-ZIM-01_2.0,hard,2024,RR,coleman wong,courtney john lock,0.9101433157920837,1
2024-M-DC-2024-WG2-PO-HKG-ZIM-01_3.0,hard,2024,RR,benedict badza,kwok shun dasson chan,0.5018987655639648,1
2024-M-DC-2024-WG2-PO-JAM-BAR-01_1.0,hard,2024,RR,blaise bicknell,kaipo marshall,0.9205172657966614,1
2024-M-DC-2024-WG2-PO-JAM-BAR-01_2.0,hard,2024,RR,darian king,rowland phillips,0.9143708944320679,1
2024-M-DC-2024-WG2-PO-JAM-BAR-01_3.0,hard,2024,RR,blaise bicknell,darian king,0.6119159460067749,1
2024-M-DC-2024-WG2-PO-JAM-BAR-01_4.0,hard,2024,RR,kaipo marshall,rowland phillips,0.34526780247688293,1
2024-M-DC-2024-WG2-PO-TOG-INA-01_1.0,hard,2024,RR,komlavi loglo,m rifki fitriadi,0.15127214789390564,0
2024-M-DC-2024-WG2-PO-TOG-INA-01_2.0,hard,2024,RR,anthony susanto,thomas yaka kofi setodji,0.3402805030345917,0
2024-M-DC-2024-WG2-PO-TOG-INA-01_3.0,hard,2024,RR,m rifki fitriadi,thomas yaka kofi setodji,0.834194540977478,1
2024-M-DC-2024-WG2-PO-TOG-INA-01_4.0,hard,2024,RR,anthony susanto,komlavi loglo,0.6033148765563965,0
2024-M-DC-2024-WG2-PO-TUN-CRC-01_1.0,hard,2024,RR,jesse flores,moez echargui,0.16953569650650024,0
2024-M-DC-2024-WG2-PO-TUN-CRC-01_2.0,hard,2024,RR,aziz dougaz,rodrigo crespo piedra,0.8696066737174988,1
2024-M-DC-2024-WG2-PO-VIE-RSA-01_1.0,hard,2024,RR,nam hoang ly,philip henning,0.3944196105003357,1
2024-M-DC-2024-WG2-PO-VIE-RSA-01_2.0,hard,2024,RR,kris van wyk,linh giang trinh,0.8752849102020264,1
2024-M-DC-2024-WG2-PO-VIE-RSA-01_3.0,hard,2024,RR,kris van wyk,nam hoang ly,0.4566129446029663,0
2024-M-DC-2024-WG2-PO-VIE-RSA-01_4.0,hard,2024,RR,linh giang trinh,philip henning,0.1273619532585144,0
2025-336_1.0,hard,2024,R32,luciano darderi,miomir kecmanovic,0.30775564908981323,0
2025-336_10.0,hard,2024,R32,denis shapovalov,kei nishikori,0.6452710628509521,0
2025-336_11.0,hard,2024,R32,gabriel diallo,roberto carballes baena,0.6829324960708618,1
2025-336_12.0,hard,2024,R32,coleman wong,juncheng shang,0.22128361463546753,0
2025-336_13.0,hard,2024,R16,alexandre muller,miomir kecmanovic,0.45463883876800537,1
2025-336_14.0,hard,2024,R16,cameron norrie,lorenzo sonego,0.5911141633987427,1
2025-336_15.0,hard,2024,R16,arthur fils,zizou bergs,0.4923560321331024,1
2025-336_16.0,hard,2024,R16,karen khachanov,kei nishikori,0.358482301235199,0
2025-336_17.0,hard,2024,R16,jaume munar,nuno borges,0.36041557788848877,1
2025-336_18.0,hard,2024,R16,gabriel diallo,lorenzo musetti,0.32495200634002686,0
2025-336_19.0,hard,2024,R16,juncheng shang,pedro martinez,0.5916202664375305,1
2025-336_2.0,hard,2024,R32,fabian marozsan,roman safiullin,0.4807916581630707,1
2025-336_20.0,hard,2024,R16,andrey rublev,fabian marozsan,0.45095089077949524,0
2025-336_21.0,hard,2024,QF,alexandre muller,arthur fils,0.31233134865760803,1
2025-336_22.0,hard,2024,QF,jaume munar,lorenzo musetti,0.4582477807998657,1
2025-336_23.0,hard,2024,QF,fabian marozsan,juncheng shang,0.5244726538658142,0
2025-336_24.0,hard,2024,QF,cameron norrie,kei nishikori,0.43610623478889465,0
2025-336_25.0,hard,2024,SF,alexandre muller,jaume munar,0.6477850079536438,1
2025-336_26.0,hard,2024,SF,juncheng shang,kei nishikori,0.37619465589523315,0
2025-336_27.0,hard,2024,F,alexandre muller,kei nishikori,0.30470016598701477,1
2025-336_3.0,hard,2024,R32,brandon nakashima,lorenzo sonego,0.6093233227729797,0
2025-336_4.0,hard,2024,R32,cameron norrie,learner tien,0.4008837044239044,1
2025-336_5.0,hard,2024,R32,alejandro moro canas,zizou bergs,0.24979546666145325,0
2025-336_6.0,hard,2024,R32,alexandre muller,marc-andrea huesler,0.7134625315666199,1
2025-336_7.0,hard,2024,R32,nuno borges,yunchaokete bu,0.5269765853881836,1
2025-336_8.0,hard,2024,R32,alejandro davidovich fokina,jaume munar,0.8085620403289795,0
2025-336_9.0,hard,2024,R32,francesco passaro,pedro martinez,0.30357930064201355,0
2025-339_1.0,hard,2024,R32,aleksandar vukic,david goffin,0.24938152730464935,1
2025-339_10.0,hard,2024,R32,alexei popyrin,matteo arnaldi,0.6229132413864136,0
2025-339_11.0,hard,2024,R32,adam walton,frances tiafoe,0.08120954781770706,0
2025-339_12.0,hard,2024,R32,jakub mensik,mikhail kukushkin,0.814520537853241,1
2025-339_13.0,hard,2024,R32,arthur cazaux,dusan lajovic,0.3536267578601837,0
2025-339_14.0,hard,2024,R32,giovanni mpetshi perricard,nick kyrgios,0.6375061869621277,1
2025-339_15.0,hard,2024,R32,gael monfils,nishesh basavareddy,0.5388498306274414,1
2025-339_16.0,hard,2024,R32,novak djokovic,rinky hijikata,0.8933531045913696,1
2025-339_17.0,hard,2024,R16,jiri lehecka,yoshihito nishioka,0.6463037729263306,1
2025-339_18.0,hard,2024,R16,benjamin bonzi,nicolas jarry,0.6867524981498718,0
2025-339_19.0,hard,2024,R16,aleksandar vukic,grigor dimitrov,0.20993994176387787,0
2025-339_2.0,hard,2024,R32,alex michelsen,christopher o'connell,0.743119478225708,1
2025-339_20.0,hard,2024,R16,alex michelsen,jordan thompson,0.42867717146873474,0
2025-339_21.0,hard,2024,R16,dusan lajovic,jakub mensik,0.39089280366897583,0
2025-339_22.0,hard,2024,R16,matteo arnaldi,reilly opelka,0.7059005498886108,0
2025-339_23.0,hard,2024,R16,frances tiafoe,giovanni mpetshi perricard,0.5654096603393555,0
2025-339_24.0,hard,2024,R16,gael monfils,novak djokovic,0.1218259185552597,0
2025-339_25.0,hard,2024,QF,jiri lehecka,nicolas jarry,0.686806321144104,1
2025-339_26.0,hard,2024,QF,grigor dimitrov,jordan thompson,0.6546586751937866,1
2025-339_27.0,hard,2024,QF,giovanni mpetshi perricard,jakub mensik,0.5267698764801025,1
2025-339_28.0,hard,2024,QF,novak djokovic,reilly opelka,0.9036120772361755,0
2025-339_29.0,hard,2024,SF,grigor dimitrov,jiri lehecka,0.6510695219039917,0
2025-339_3.0,hard,2024,R32,alejandro tabilo,benjamin bonzi,0.3670175075531006,0
2025-339_30.0,hard,2024,SF,giovanni mpetshi perricard,reilly opelka,0.7076883316040039,0
2025-339_31.0,hard,2024,F,jiri lehecka,reilly opelka,0.7512679696083069,1
2025-339_4.0,hard,2024,R32,arthur rinderknech,yoshihito nishioka,0.6824685335159302,0
2025-339_5.0,hard,2024,R32,jordan thompson,matteo berrettini,0.32509124279022217,1
2025-339_6.0,hard,2024,R32,mariano navone,nicolas jarry,0.2517856955528259,0
2025-339_7.0,hard,2024,R32,grigor dimitrov,yannick hanfmann,0.870285153388977,1
2025-339_8.0,hard,2024,R32,holger rune,jiri lehecka,0.5914713144302368,0
2025-339_9.0,hard,2024,R32,federico agustin gomez,reilly opelka,0.19323447346687317,0
2025-9900_1.0,hard,2024,RR,alexander shevchenko,pablo carreno busta,0.5836521983146667,0
2025-9900_10.0,hard,2024,RR,alexander zverev,thiago monteiro,0.9071599245071411,1
2025-9900_11.0,hard,2024,RR,casper ruud,hubert hurkacz,0.6071234345436096,1
2025-9900_12.0,hard,2024,RR,alexander shevchenko,stefanos tsitsipas,0.22516228258609772,1
2025-9900_13.0,hard,2024,RR,alexander zverev,zhizhen zhang,0.8990030884742737,1
2025-9900_14.0,hard,2024,RR,billy harris,tomas martin etcheverry,0.3453654944896698,0
2025-9900_15.0,hard,2024,RR,borna coric,taylor fritz,0.15939027070999146,0
2025-9900_16.0,hard,2024,RR,flavio cobolli,ugo humbert,0.3033369779586792,1
2025-9900_17.0,hard,2024,RR,taylor fritz,zhizhen zhang,0.8282720446586609,1
2025-9900_18.0,hard,2024,RR,alexander shevchenko,daniel masur,0.7885999083518982,1
2025-9900_19.0,hard,2024,RR,hubert hurkacz,tomas machac,0.5896812677383423,0
2025-9900_2.0,hard,2024,RR,thiago monteiro,zhizhen zhang,0.29438894987106323,0
2025-9900_20.0,hard,2024,RR,alex de minaur,billy harris,0.8447895646095276,1
2025-9900_21.0,hard,2024,RR,billy harris,hubert hurkacz,0.1791764199733734,0
2025-9900_22.0,hard,2024,RR,flavio cobolli,tomas machac,0.3368871212005615,0
2025-9900_23.0,hard,2024,RR,taylor fritz,tomas machac,0.7596472501754761,1
2025-9900_24.0,hard,2024,RR,alexander shevchenko,hubert hurkacz,0.27249565720558167,0
2025-9900_25.0,hard,2024,F,hubert hurkacz,taylor fritz,0.27302679419517517,0
2025-9900_3.0,hard,2024,RR,pablo carreno busta,stefanos tsitsipas,0.4226018488407135,0
2025-9900_4.0,hard,2024,RR,borna coric,felix auger-aliassime,0.23508910834789276,1
2025-9900_5.0,hard,2024,RR,dominic stricker,ugo humbert,0.15475903451442719,0
2025-9900_6.0,hard,2024,RR,alex de minaur,tomas martin etcheverry,0.8481271266937256,1
2025-9900_7.0,hard,2024,RR,felix auger-aliassime,taylor fritz,0.23433510959148407,1
2025-9900_8.0,hard,2024,RR,dominic stricker,flavio cobolli,0.23870956897735596,0
2025-9900_9.0,hard,2024,RR,casper ruud,tomas machac,0.6220773458480835,1
2025-1536_1.0,clay,2025,R128,borna coric,matteo arnaldi,0.2521492838859558,0
2025-1536_10.0,clay,2025,R128,daniel altmaier,nicolas jarry,0.5701113939285278,0
2025-1536_11.0,clay,2025,R128,alexandre muller,david goffin,0.6625217795372009,1
2025-1536_12.0,clay,2025,R128,aleksandar vukic,kei nishikori,0.25273799896240234,0
2025-1536_13.0,clay,2025,R128,cameron norrie,martin landaluce,0.7507201433181763,1
2025-1536_14.0,clay,2025,R128,reilly opelka,rinky hijikata,0.7007288932800293,1
2025-1536_15.0,clay,2025,R128,lorenzo sonego,miomir kecmanovic,0.29210442304611206,1
2025-1536_16.0,clay,2025,R128,botic van de zandschulp,jan-lennard struff,0.4671192765235901,0
2025-1536_17.0,clay,2025,R128,jaume munar,roberto bautista agut,0.6589316129684448,0
2025-1536_18.0,clay,2025,R128,benjamin bonzi,marin cilic,0.5483105182647705,1
2025-1536_19.0,clay,2025,R128,nuno borges,pablo carreno busta,0.5014500617980957,1
2025-1536_2.0,clay,2025,R128,luciano darderi,quentin halys,0.7182309031486511,1
2025-1536_20.0,clay,2025,R128,alex michelsen,alexander bublik,0.5073890686035156,0
2025-1536_21.0,clay,2025,R128,aleksandar kovacevic,juan manuel cerundolo,0.4688887596130371,0
2025-1536_22.0,clay,2025,R128,coleman wong,federico cina,0.5368251204490662,0
2025-1536_23.0,clay,2025,R128,fabian marozsan,flavio cobolli,0.36310309171676636,0
2025-1536_24.0,clay,2025,R128,francisco comesana,pedro martinez,0.34592241048812866,1
2025-1536_25.0,clay,2025,R128,fabio fognini,laslo djere,0.2550834119319916,0
2025-1536_26.0,clay,2025,R128,corentin moutet,harold mayot,0.7241227030754089,0
2025-1536_27.0,clay,2025,R128,borna gojo,gael monfils,0.33969783782958984,0
2025-1536_28.0,clay,2025,R128,giovanni mpetshi perricard,mariano navone,0.4637805223464966,0
2025-1536_29.0,clay,2025,R128,camilo ugo carabelli,christopher o'connell,0.4351942241191864,0
2025-1536_3.0,clay,2025,R128,gabriel diallo,zizou bergs,0.3532654643058777,1
2025-1536_30.0,clay,2025,R128,hugo gaston,sebastian ofner,0.6102430820465088,0
2025-1536_31.0,clay,2025,R128,dusan lajovic,ethan quinn,0.4104255139827728,0
2025-1536_32.0,clay,2025,R128,arthur rinderknech,roman safiullin,0.6639668345451355,1
2025-1536_33.0,clay,2025,R64,matteo arnaldi,novak djokovic,0.22485128045082092,1
2025-1536_34.0,clay,2025,R64,jack draper,tallon griekspoor,0.41170594096183777,1
2025-1536_35.0,clay,2025,R64,alex de minaur,lorenzo sonego,0.7274222373962402,1
2025-1536_36.0,clay,2025,R64,lorenzo musetti,tomas martin etcheverry,0.5968748331069946,1
2025-1536_37.0,clay,2025,R64,joao fonseca,tommy paul,0.6874459981918335,0
2025-1536_38.0,clay,2025,R64,grigor dimitrov,nicolas jarry,0.47263890504837036,1
2025-1536_39.0,clay,2025,R64,frances tiafoe,luciano darderi,0.3645588457584381,1
2025-1536_4.0,clay,2025,R128,damir dzumhur,mattia bellucci,0.6202399134635925,1
2025-1536_40.0,clay,2025,R64,jan-lennard struff,stefanos tsitsipas,0.1737113893032074,0
2025-1536_41.0,clay,2025,R64,jacob fearnley,tomas machac,0.4107145071029663,1
2025-1536_42.0,clay,2025,R64,alexandre muller,ugo humbert,0.42960265278816223,1
2025-1536_43.0,clay,2025,R64,karen khachanov,reilly opelka,0.5733005404472351,1
2025-1536_44.0,clay,2025,R64,cameron norrie,jiri lehecka,0.6137270927429199,1
2025-1536_45.0,clay,2025,R64,denis shapovalov,kei nishikori,0.508329451084137,1
2025-1536_46.0,clay,2025,R64,marcos giron,matteo berrettini,0.28078708052635193,0
2025-1536_47.0,clay,2025,R64,damir dzumhur,sebastian baez,0.23284359276294708,1
2025-1536_48.0,clay,2025,R64,gabriel diallo,kamil majchrzak,0.6042885780334473,1
2025-1536_49.0,clay,2025,R64,alexander zverev,roberto bautista agut,0.8868013024330139,1
2025-1536_5.0,clay,2025,R128,hamad medjedovic,tomas martin etcheverry,0.5724306702613831,0
2025-1536_50.0,clay,2025,R64,christopher o'connell,taylor fritz,0.142654150724411,0
2025-1536_51.0,clay,2025,R64,andrey rublev,gael monfils,0.5839789509773254,1
2025-1536_52.0,clay,2025,R64,flavio cobolli,holger rune,0.2538641095161438,1
2025-1536_53.0,clay,2025,R64,daniil medvedev,laslo djere,0.5674136877059937,1
2025-1536_54.0,clay,2025,R64,ben shelton,mariano navone,0.543803334236145,1
2025-1536_55.0,clay,2025,R64,arthur fils,francisco comesana,0.7146469950675964,0
2025-1536_56.0,clay,2025,R64,arthur rinderknech,casper ruud,0.13818977773189545,0
2025-1536_57.0,clay,2025,R64,felix auger-aliassime,juan manuel cerundolo,0.7076894640922546,0
2025-1536_58.0,clay,2025,R64,francisco cerundolo,harold mayot,0.714307427406311,1
2025-1536_59.0,clay,2025,R64,ethan quinn,jakub mensik,0.3367292582988739,0
2025-1536_6.0,clay,2025,R128,jacob fearnley,yunchaokete bu,0.5029330849647522,1
2025-1536_60.0,clay,2025,R64,federico cina,sebastian korda,0.2812526226043701,0
2025-1536_61.0,clay,2025,R64,alexander bublik,alexei popyrin,0.4076491594314575,1
2025-1536_62.0,clay,2025,R64,benjamin bonzi,hubert hurkacz,0.440082848072052,1
2025-1536_63.0,clay,2025,R64,alejandro davidovich fokina,nuno borges,0.490041047334671,1
2025-1536_64.0,clay,2025,R64,brandon nakashima,sebastian ofner,0.5269331336021423,1
2025-1536_65.0,clay,2025,R32,jack draper,matteo berrettini,0.5381318926811218,1
2025-1536_66.0,clay,2025,R32,alex de minaur,denis shapovalov,0.6541646718978882,1
2025-1536_67.0,clay,2025,R32,lorenzo musetti,stefanos tsitsipas,0.5279827117919922,1
2025-1536_68.0,clay,2025,R32,karen khachanov,tommy paul,0.5863522887229919,0
2025-1536_69.0,clay,2025,R32,alexandre muller,frances tiafoe,0.5038965940475464,0
2025-1536_7.0,clay,2025,R128,elmer moller,joao fonseca,0.22168461978435516,0
2025-1536_70.0,clay,2025,R32,cameron norrie,gabriel diallo,0.6030278205871582,0
2025-1536_71.0,clay,2025,R32,grigor dimitrov,jacob fearnley,0.7219488620758057,1
2025-1536_72.0,clay,2025,R32,damir dzumhur,matteo arnaldi,0.3118411898612976,0
2025-1536_73.0,clay,2025,R32,alejandro davidovich fokina,alexander zverev,0.28810179233551025,0
2025-1536_74.0,clay,2025,R32,benjamin bonzi,taylor fritz,0.28520187735557556,0
2025-1536_75.0,clay,2025,R32,alexander bublik,andrey rublev,0.18597157299518585,1
2025-1536_76.0,clay,2025,R32,daniil medvedev,juan manuel cerundolo,0.7460965514183044,1
2025-1536_77.0,clay,2025,R32,ben shelton,jakub mensik,0.4431987404823303,0
2025-1536_78.0,clay,2025,R32,casper ruud,sebastian korda,0.6353040933609009,1
2025-1536_79.0,clay,2025,R32,francisco cerundolo,francisco comesana,0.7101450562477112,1
2025-1536_8.0,clay,2025,R128,learner tien,marcos giron,0.43435606360435486,0
2025-1536_80.0,clay,2025,R32,brandon nakashima,flavio cobolli,0.3448788821697235,1
2025-1536_81.0,clay,2025,R16,jack draper,tommy paul,0.5796032547950745,1
2025-1536_82.0,clay,2025,R16,alex de minaur,lorenzo musetti,0.30825796723365784,0
2025-1536_83.0,clay,2025,R16,gabriel diallo,grigor dimitrov,0.3155907392501831,1
2025-1536_84.0,clay,2025,R16,frances tiafoe,matteo arnaldi,0.4224345088005066,0
2025-1536_85.0,clay,2025,R16,alexander zverev,francisco cerundolo,0.5643119812011719,0
2025-1536_86.0,clay,2025,R16,casper ruud,taylor fritz,0.5867021679878235,1
2025-1536_87.0,clay,2025,R16,brandon nakashima,daniil medvedev,0.30913618206977844,0
2025-1536_88.0,clay,2025,R16,alexander bublik,jakub mensik,0.30362647771835327,0
2025-1536_89.0,clay,2025,QF,jack draper,matteo arnaldi,0.619340717792511,1
2025-1536_9.0,clay,2025,R128,tallon griekspoor,vit kopriva,0.8329401016235352,1
2025-1536_90.0,clay,2025,QF,casper ruud,daniil medvedev,0.6787482500076294,1
2025-1536_91.0,clay,2025,QF,gabriel diallo,lorenzo musetti,0.15591731667518616,0
2025-1536_92.0,clay,2025,QF,francisco cerundolo,jakub mensik,0.6241536140441895,1
2025-1536_93.0,clay,2025,SF,jack draper,lorenzo musetti,0.3387984335422516,1
2025-1536_94.0,clay,2025,SF,casper ruud,francisco cerundolo,0.5474299192428589,1
2025-1536_95.0,clay,2025,F,casper ruud,jack draper,0.6115771532058716,1
2025-308_1.0,clay,2025,R32,felix auger-aliassime,mariano navone,0.6321477293968201,0
2025-308_10.0,clay,2025,R32,botic van de zandschulp,roberto bautista agut,0.5047698020935059,1
2025-308_11.0,clay,2025,R32,alexander zverev,alexandre muller,0.8094891905784607,1
2025-308_12.0,clay,2025,R32,ben shelton,borna gojo,0.7392240762710571,1
2025-308_13.0,clay,2025,R32,chun-hsin tseng,daniel altmaier,0.3435307443141937,0
2025-308_14.0,clay,2025,R32,billy harris,david goffin,0.3220149576663971,0
2025-308_15.0,clay,2025,R32,learner tien,tallon griekspoor,0.36024782061576843,0
2025-308_16.0,clay,2025,R32,marcos giron,miomir kecmanovic,0.3066908121109009,0
2025-308_17.0,clay,2025,R16,fabian marozsan,ugo humbert,0.5581185817718506,1
2025-308_18.0,clay,2025,R16,alexander shevchenko,francisco cerundolo,0.22396211326122284,0
2025-308_19.0,clay,2025,R16,diego dedura-palomero,zizou bergs,0.2799731194972992,0
2025-308_2.0,clay,2025,R32,nicolas jarry,ugo humbert,0.4028068780899048,0
2025-308_20.0,clay,2025,R16,david goffin,mariano navone,0.508216381072998,1
2025-308_21.0,clay,2025,R16,alexander zverev,daniel altmaier,0.8074460625648499,1
2025-308_22.0,clay,2025,R16,ben shelton,botic van de zandschulp,0.6852142810821533,1
2025-308_23.0,clay,2025,R16,luciano darderi,miomir kecmanovic,0.44713833928108215,1
2025-308_24.0,clay,2025,R16,tallon griekspoor,yannick hanfmann,0.6378399133682251,1
2025-308_25.0,clay,2025,QF,alexander zverev,tallon griekspoor,0.7625450491905212,1
2025-308_26.0,clay,2025,QF,ben shelton,luciano darderi,0.556472659111023,1
2025-308_27.0,clay,2025,QF,david goffin,francisco cerundolo,0.20924857258796692,0
2025-308_28.0,clay,2025,QF,fabian marozsan,zizou bergs,0.433535635471344,1
2025-308_29.0,clay,2025,SF,alexander zverev,fabian marozsan,0.7971856594085693,1
2025-308_3.0,clay,2025,R32,francisco cerundolo,jan-lennard struff,0.7280195355415344,1
2025-308_30.0,clay,2025,SF,ben shelton,francisco cerundolo,0.48679646849632263,1
2025-308_31.0,clay,2025,F,alexander zverev,ben shelton,0.7896583676338196,1
2025-308_4.0,clay,2025,R32,jakub mensik,yannick hanfmann,0.6365693211555481,0
2025-308_5.0,clay,2025,R32,denis shapovalov,diego dedura-palomero,0.7721841931343079,0
2025-308_6.0,clay,2025,R32,alexander bublik,zizou bergs,0.4038016200065613,0
2025-308_7.0,clay,2025,R32,christopher o'connell,luciano darderi,0.2613229751586914,0
2025-308_8.0,clay,2025,R32,fabian marozsan,justin engel,0.7500638961791992,1
2025-308_9.0,clay,2025,R32,alexander shevchenko,flavio cobolli,0.2349027544260025,1
2025-314_1.0,clay,2025,R32,david goffin,martin landaluce,0.7679007053375244,1
2025-314_10.0,clay,2025,R32,arthur cazaux,nikoloz basilashvili,0.6859590411186218,1
2025-314_11.0,clay,2025,R32,kamil majchrzak,terence atmane,0.7216779589653015,1
2025-314_12.0,clay,2025,R32,dominic stricker,pierre-hugues herbert,0.3829426169395447,1
2025-314_13.0,clay,2025,R16,alexander bublik,alexander shevchenko,0.6606394648551941,1
2025-314_14.0,clay,2025,R16,arthur cazaux,tomas martin etcheverry,0.3143552243709564,1
2025-314_15.0,clay,2025,R16,francisco comesana,roberto carballes baena,0.6358505487442017,1
2025-314_16.0,clay,2025,R16,francesco passaro,jerome kym,0.5120522379875183,0
2025-314_17.0,clay,2025,R16,casper ruud,dominic stricker,0.4503348767757416,1
2025-314_18.0,clay,2025,R16,david goffin,juan manuel cerundolo,0.4755394160747528,0
2025-314_19.0,clay,2025,R16,patrick zahraj,roman andres burruchaga,0.3052051067352295,0
2025-314_2.0,clay,2025,R32,francisco comesana,marco trungelliti,0.6638965010643005,1
2025-314_20.0,clay,2025,R16,ignacio buse,kamil majchrzak,0.3949875831604004,1
2025-314_21.0,clay,2025,QF,casper ruud,juan manuel cerundolo,0.8078078627586365,0
2025-314_22.0,clay,2025,QF,alexander bublik,francisco comesana,0.6533827781677246,1
2025-314_23.0,clay,2025,QF,ignacio buse,roman andres burruchaga,0.49817484617233276,1
2025-314_24.0,clay,2025,QF,arthur cazaux,jerome kym,0.5620191693305969,1
2025-314_25.0,clay,2025,SF,alexander bublik,arthur cazaux,0.5891505479812622,1
2025-314_26.0,clay,2025,SF,ignacio buse,juan manuel cerundolo,0.4269941449165344,0
2025-314_27.0,clay,2025,F,alexander bublik,juan manuel cerundolo,0.5860298871994019,1
2025-314_3.0,clay,2025,R32,arthur rinderknech,francesco passaro,0.7185401320457458,0
2025-314_4.0,clay,2025,R32,carlos taberner,roberto carballes baena,0.2725059986114502,0
2025-314_5.0,clay,2025,R32,jan-lennard struff,juan manuel cerundolo,0.6839059591293335,0
2025-314_6.0,clay,2025,R32,calvin hemery,jerome kym,0.2632685899734497,0
2025-314_7.0,clay,2025,R32,alexander shevchenko,stan wawrinka,0.6948513984680176,1
2025-314_8.0,clay,2025,R32,ignacio buse,laslo djere,0.25611642003059387,1
2025-314_9.0,clay,2025,R32,dalibor svrcina,roman andres burruchaga,0.35367897152900696,0
2025-316_1.0,clay,2025,R32,elmer moller,filip misolic,0.4627656638622284,0
2025-316_10.0,clay,2025,R32,elias ymer,tristan boyer,0.5269151329994202,1
2025-316_11.0,clay,2025,R32,luciano darderi,raphael collignon,0.7740158438682556,1
2025-316_12.0,clay,2025,R32,jesper de jong,william rejchtman vinciguerra,0.8785914182662964,1
2025-316_13.0,clay,2025,R16,francisco cerundolo,mariano navone,0.38580071926116943,1
2025-316_14.0,clay,2025,R16,filip misolic,nuno borges,0.6036562919616699,1
2025-316_15.0,clay,2025,R16,botic van de zandschulp,camilo ugo carabelli,0.2973842918872833,0
2025-316_16.0,clay,2025,R16,damir dzumhur,hugo gaston,0.43979117274284363,1
2025-316_17.0,clay,2025,R16,andrea pellegrino,tallon griekspoor,0.3047095239162445,0
2025-316_18.0,clay,2025,R16,nicolai budkov kjaer,sebastian baez,0.40857386589050293,0
2025-316_19.0,clay,2025,R16,elias ymer,luciano darderi,0.1300167590379715,0
2025-316_2.0,clay,2025,R32,mariano navone,tomas barrios vera,0.8018010258674622,1
2025-316_20.0,clay,2025,R16,jesper de jong,vit kopriva,0.6674113273620605,1
2025-316_21.0,clay,2025,QF,damir dzumhur,francisco cerundolo,0.1869436502456665,0
2025-316_22.0,clay,2025,QF,jesper de jong,tallon griekspoor,0.34413617849349976,1
2025-316_23.0,clay,2025,QF,luciano darderi,sebastian baez,0.5285566449165344,1
2025-316_24.0,clay,2025,QF,camilo ugo carabelli,filip misolic,0.382036417722702,1
2025-316_25.0,clay,2025,SF,francisco cerundolo,luciano darderi,0.5874988436698914,0
2025-316_26.0,clay,2025,SF,camilo ugo carabelli,jesper de jong,0.5032984018325806,0
2025-316_27.0,clay,2025,F,jesper de jong,luciano darderi,0.31163865327835083,0
2025-316_3.0,clay,2025,R32,camilo ugo carabelli,cristian garin,0.5032722353935242,1
2025-316_4.0,clay,2025,R32,damir dzumhur,sebastian ofner,0.3218311369419098,1
2025-316_5.0,clay,2025,R32,hugo dellien,vit kopriva,0.351840078830719,0
2025-316_6.0,clay,2025,R32,nicolai budkov kjaer,thiago monteiro,0.3161408603191376,1
2025-316_7.0,clay,2025,R32,chun-hsin tseng,hugo gaston,0.41396185755729675,0
2025-316_8.0,clay,2025,R32,andrea pellegrino,jaime faria,0.3016083538532257,1
2025-316_9.0,clay,2025,R32,botic van de zandschulp,mikael ymer,0.6919477581977844,1
2025-319_1.0,clay,2025,R32,filip misolic,tomas martin etcheverry,0.4445017874240875,1
2025-319_10.0,clay,2025,R32,joel schwaerzler,marton fucsovics,0.24035023152828217,0
2025-319_11.0,clay,2025,R32,hugo gaston,norbert gombos,0.6159350275993347,0
2025-319_12.0,clay,2025,R32,alexander shevchenko,daniel elahi galan,0.7081740498542786,1
2025-319_13.0,clay,2025,R16,alexander bublik,thiago agustin tirante,0.6153199076652527,1
2025-319_14.0,clay,2025,R16,sebastian baez,yannick hanfmann,0.47073957324028015,0
2025-319_15.0,clay,2025,R16,jan-lennard struff,pedro martinez,0.6914284229278564,1
2025-319_16.0,clay,2025,R16,roberto bautista agut,thiago seyboth wild,0.7019011974334717,0
2025-319_17.0,clay,2025,R16,arthur rinderknech,norbert gombos,0.7269123792648315,1
2025-319_18.0,clay,2025,R16,arthur cazaux,francisco comesana,0.42015570402145386,1
2025-319_19.0,clay,2025,R16,alexander shevchenko,marton fucsovics,0.6094481348991394,1
2025-319_2.0,clay,2025,R32,arthur cazaux,ignacio buse,0.4786629378795624,1
2025-319_20.0,clay,2025,R16,botic van de zandschulp,filip misolic,0.34207743406295776,1
2025-319_21.0,clay,2025,QF,alexander bublik,alexander shevchenko,0.6476346850395203,1
2025-319_22.0,clay,2025,QF,arthur rinderknech,yannick hanfmann,0.5169718265533447,1
2025-319_23.0,clay,2025,QF,arthur cazaux,jan-lennard struff,0.5587556958198547,1
2025-319_24.0,clay,2025,QF,botic van de zandschulp,thiago seyboth wild,0.3932383358478546,1
2025-319_25.0,clay,2025,SF,alexander bublik,botic van de zandschulp,0.700005292892456,1
2025-319_26.0,clay,2025,SF,arthur cazaux,arthur rinderknech,0.6547783613204956,1
2025-319_27.0,clay,2025,F,alexander bublik,arthur cazaux,0.5763031244277954,1
2025-319_3.0,clay,2025,R32,lukas neumayer,yannick hanfmann,0.3313194215297699,0
2025-319_4.0,clay,2025,R32,justin engel,thiago seyboth wild,0.35254091024398804,0
2025-319_5.0,clay,2025,R32,jan-lennard struff,sebastian ofner,0.372188538312912,1
2025-319_6.0,clay,2025,R32,jaime faria,thiago agustin tirante,0.4994344711303711,0
2025-319_7.0,clay,2025,R32,botic van de zandschulp,nicolas jarry,0.6224620342254639,1
2025-319_8.0,clay,2025,R32,arthur rinderknech,facundo bagnis,0.7351569533348083,1
2025-319_9.0,clay,2025,R32,francisco comesana,tristan boyer,0.7248129844665527,1
2025-322_1.0,clay,2025,R32,arthur cazaux,hubert hurkacz,0.1446574628353119,0
2025-322_10.0,clay,2025,R32,ivan gakhov,sebastian ofner,0.20560958981513977,0
2025-322_11.0,clay,2025,R32,alexei popyrin,nicolas jarry,0.746159017086029,1
2025-322_12.0,clay,2025,R32,alex michelsen,nuno borges,0.4988361597061157,0
2025-322_13.0,clay,2025,R16,quentin halys,taylor fritz,0.2762932777404785,0
2025-322_14.0,clay,2025,R16,marton fucsovics,novak djokovic,0.16667144000530243,0
2025-322_15.0,clay,2025,R16,cameron norrie,tomas machac,0.5791574716567993,1
2025-322_16.0,clay,2025,R16,alexei popyrin,jacob fearnley,0.6470249891281128,1
2025-322_17.0,clay,2025,R16,arthur rinderknech,hubert hurkacz,0.2111317366361618,0
2025-322_18.0,clay,2025,R16,fabian marozsan,matteo arnaldi,0.3660081923007965,0
2025-322_19.0,clay,2025,R16,nuno borges,sebastian ofner,0.5096272230148315,0
2025-322_2.0,clay,2025,R32,fabian marozsan,karue sell,0.7184476256370544,1
2025-322_20.0,clay,2025,R16,karen khachanov,kei nishikori,0.605782151222229,1
2025-322_21.0,clay,2025,QF,hubert hurkacz,taylor fritz,0.4581011235713959,1
2025-322_22.0,clay,2025,QF,matteo arnaldi,novak djokovic,0.23287516832351685,0
2025-322_23.0,clay,2025,QF,karen khachanov,sebastian ofner,0.4892319142818451,0
2025-322_24.0,clay,2025,QF,alexei popyrin,cameron norrie,0.532622218132019,0
2025-322_25.0,clay,2025,SF,cameron norrie,novak djokovic,0.35687705874443054,0
2025-322_26.0,clay,2025,SF,hubert hurkacz,sebastian ofner,0.6406195163726807,1
2025-322_27.0,clay,2025,F,hubert hurkacz,novak djokovic,0.3905196189880371,0
2025-322_3.0,clay,2025,R32,arthur rinderknech,miomir kecmanovic,0.2866857349872589,1
2025-322_4.0,clay,2025,R32,hugo gaston,matteo arnaldi,0.3472811281681061,0
2025-322_5.0,clay,2025,R32,dusan lajovic,jacob fearnley,0.3108769953250885,0
2025-322_6.0,clay,2025,R32,marton fucsovics,zizou bergs,0.3166519105434418,1
2025-322_7.0,clay,2025,R32,jaume munar,quentin halys,0.6781569123268127,0
2025-322_8.0,clay,2025,R32,kei nishikori,learner tien,0.42547285556793213,1
2025-322_9.0,clay,2025,R32,cameron norrie,dominic stricker,0.7511991858482361,1
2025-360_1.0,clay,2025,R32,luciano darderi,tristan boyer,0.7772759795188904,1
2025-360_10.0,clay,2025,R32,roberto carballes baena,taha baadi,0.8231423497200012,1
2025-360_11.0,clay,2025,R32,fabio fognini,raphael collignon,0.2888523042201996,0
2025-360_12.0,clay,2025,R32,aleksandar vukic,hugo dellien,0.7210001349449158,0
2025-360_13.0,clay,2025,R16,pablo carreno busta,tallon griekspoor,0.6290665864944458,0
2025-360_14.0,clay,2025,R16,lorenzo sonego,vit kopriva,0.7496911883354187,0
2025-360_15.0,clay,2025,R16,hugo gaston,luciano darderi,0.5093185901641846,0
2025-360_16.0,clay,2025,R16,mattia bellucci,pierre-hugues herbert,0.5818899273872375,1
2025-360_17.0,clay,2025,R16,alexandre muller,hugo dellien,0.5036725401878357,1
2025-360_18.0,clay,2025,R16,nuno borges,raphael collignon,0.4151979386806488,1
2025-360_19.0,clay,2025,R16,otto virtanen,roberto carballes baena,0.5032820105552673,0
2025-360_2.0,clay,2025,R32,borna gojo,vit kopriva,0.2462431639432907,0
2025-360_20.0,clay,2025,R16,jesper de jong,kamil majchrzak,0.5594782829284668,0
2025-360_21.0,clay,2025,QF,mattia bellucci,tallon griekspoor,0.27681344747543335,0
2025-360_22.0,clay,2025,QF,alexandre muller,kamil majchrzak,0.6299540400505066,0
2025-360_23.0,clay,2025,QF,nuno borges,roberto carballes baena,0.6135920286178589,0
2025-360_24.0,clay,2025,QF,luciano darderi,vit kopriva,0.7386316657066345,1
2025-360_25.0,clay,2025,SF,kamil majchrzak,tallon griekspoor,0.2926832437515259,0
2025-360_26.0,clay,2025,SF,luciano darderi,roberto carballes baena,0.6136814951896667,1
2025-360_27.0,clay,2025,F,luciano darderi,tallon griekspoor,0.5008199214935303,1
2025-360_3.0,clay,2025,R32,jaume munar,kamil majchrzak,0.7323269844055176,0
2025-360_4.0,clay,2025,R32,mattia bellucci,pavel kotov,0.5781469345092773,1
2025-360_5.0,clay,2025,R32,pablo carreno busta,younes lalami laaroussi,0.9222628474235535,1
2025-360_6.0,clay,2025,R32,elliot benchetrit,jesper de jong,0.2841727137565613,0
2025-360_7.0,clay,2025,R32,hugo gaston,juan manuel cerundolo,0.7357892394065857,1
2025-360_8.0,clay,2025,R32,federico coria,pierre-hugues herbert,0.5730459094047546,0
2025-360_9.0,clay,2025,R32,daniel altmaier,otto virtanen,0.6872242093086243,0
2025-410_1.0,clay,2025,R64,holger rune,nuno borges,0.629587709903717,0
2025-410_10.0,clay,2025,R64,alexei popyrin,ugo humbert,0.5356274843215942,1
2025-410_11.0,clay,2025,R64,daniil medvedev,karen khachanov,0.5465067625045776,1
2025-410_12.0,clay,2025,R64,alejandro davidovich fokina,ben shelton,0.5564339756965637,1
2025-410_13.0,clay,2025,R64,lorenzo musetti,yunchaokete bu,0.6165257692337036,1
2025-410_14.0,clay,2025,R64,daniel altmaier,felix auger-aliassime,0.27546924352645874,1
2025-410_15.0,clay,2025,R64,mariano navone,matteo berrettini,0.3409486413002014,0
2025-410_16.0,clay,2025,R64,fabio fognini,francisco cerundolo,0.1414240300655365,0
2025-410_17.0,clay,2025,R64,denis shapovalov,marcos giron,0.6671503782272339,0
2025-410_18.0,clay,2025,R64,jiri lehecka,sebastian korda,0.4398096799850464,1
2025-410_19.0,clay,2025,R64,fabian marozsan,gael monfils,0.47886618971824646,0
2025-410_2.0,clay,2025,R64,arthur fils,tallon griekspoor,0.4301719069480896,1
2025-410_20.0,clay,2025,R64,alexandre muller,camilo ugo carabelli,0.5097841620445251,1
2025-410_21.0,clay,2025,R64,alejandro tabilo,stan wawrinka,0.6717442870140076,1
2025-410_22.0,clay,2025,R64,matteo arnaldi,richard gasquet,0.7386214137077332,0
2025-410_23.0,clay,2025,R64,giovanni mpetshi perricard,jordan thompson,0.4485827684402466,0
2025-410_24.0,clay,2025,R64,jan-lennard struff,valentin vacherot,0.4751558303833008,0
2025-410_25.0,clay,2025,R32,carlos alcaraz,francisco cerundolo,0.7818517684936523,1
2025-410_26.0,clay,2025,R32,alejandro tabilo,novak djokovic,0.11923125386238098,1
2025-410_27.0,clay,2025,R32,casper ruud,roberto bautista agut,0.6899709701538086,1
2025-410_28.0,clay,2025,R32,andrey rublev,gael monfils,0.4270873963832855,1
2025-410_29.0,clay,2025,R32,alex de minaur,tomas machac,0.49714553356170654,1
2025-410_3.0,clay,2025,R64,frances tiafoe,miomir kecmanovic,0.5724355578422546,1
2025-410_30.0,clay,2025,R32,alexandre muller,daniil medvedev,0.29120928049087524,0
2025-410_31.0,clay,2025,R32,arthur fils,flavio cobolli,0.5389648675918579,1
2025-410_32.0,clay,2025,R32,jiri lehecka,lorenzo musetti,0.30295315384864807,0
2025-410_33.0,clay,2025,R32,alexei popyrin,frances tiafoe,0.5457273721694946,1
2025-410_34.0,clay,2025,R32,grigor dimitrov,valentin vacherot,0.7380613684654236,1
2025-410_35.0,clay,2025,R32,daniel altmaier,richard gasquet,0.6601466536521912,1
2025-410_36.0,clay,2025,R32,nuno borges,pedro martinez,0.4794984757900238,1
2025-410_37.0,clay,2025,R32,alejandro davidovich fokina,tomas martin etcheverry,0.6072781682014465,1
2025-410_38.0,clay,2025,R32,alexander zverev,matteo berrettini,0.5911924839019775,0
2025-410_39.0,clay,2025,R32,jack draper,marcos giron,0.5999812483787537,1
2025-410_4.0,clay,2025,R64,grigor dimitrov,nicolas jarry,0.441985547542572,1
2025-410_40.0,clay,2025,R32,jordan thompson,stefanos tsitsipas,0.12624385952949524,0
2025-410_41.0,clay,2025,R16,carlos alcaraz,daniel altmaier,0.931642472743988,1
2025-410_42.0,clay,2025,R16,alexei popyrin,casper ruud,0.19249071180820465,1
2025-410_43.0,clay,2025,R16,alejandro davidovich fokina,jack draper,0.48358669877052307,1
2025-410_44.0,clay,2025,R16,nuno borges,stefanos tsitsipas,0.15744662284851074,0
2025-410_45.0,clay,2025,R16,andrey rublev,arthur fils,0.45842137932777405,0
2025-410_46.0,clay,2025,R16,alex de minaur,daniil medvedev,0.5722317695617676,1
2025-410_47.0,clay,2025,R16,lorenzo musetti,matteo berrettini,0.5965415835380554,1
2025-410_48.0,clay,2025,R16,alejandro tabilo,grigor dimitrov,0.4037436246871948,0
2025-410_49.0,clay,2025,QF,arthur fils,carlos alcaraz,0.16562901437282562,0
2025-410_5.0,clay,2025,R64,brandon nakashima,roberto bautista agut,0.6868783235549927,0
2025-410_50.0,clay,2025,QF,lorenzo musetti,stefanos tsitsipas,0.3739616274833679,1
2025-410_51.0,clay,2025,QF,alex de minaur,grigor dimitrov,0.5978311896324158,1
2025-410_52.0,clay,2025,QF,alejandro davidovich fokina,alexei popyrin,0.45701074600219727,1
2025-410_53.0,clay,2025,SF,alejandro davidovich fokina,carlos alcaraz,0.12829922139644623,0
2025-410_54.0,clay,2025,SF,alex de minaur,lorenzo musetti,0.33640336990356445,0
2025-410_55.0,clay,2025,F,carlos alcaraz,lorenzo musetti,0.7238999009132385,1
2025-410_6.0,clay,2025,R64,dusan lajovic,flavio cobolli,0.28707805275917053,0
2025-410_7.0,clay,2025,R64,corentin moutet,tomas martin etcheverry,0.30413466691970825,0
2025-410_8.0,clay,2025,R64,sebastian baez,tomas machac,0.4694763720035553,0
2025-410_9.0,clay,2025,R64,lorenzo sonego,pedro martinez,0.428152471780777,0
2025-414_1.0,clay,2025,R32,frances tiafoe,yunchaokete bu,0.7039843201637268,1
2025-414_10.0,clay,2025,R32,brandon nakashima,raphael collignon,0.7804002165794373,1
2025-414_11.0,clay,2025,R32,marcos giron,roberto bautista agut,0.6097276210784912,0
2025-414_12.0,clay,2025,R32,jan-lennard struff,justin engel,0.7378354668617249,0
2025-414_13.0,clay,2025,R32,borna gojo,jiri lehecka,0.20165464282035828,0
2025-414_14.0,clay,2025,R32,alexandre muller,elias ymer,0.8399418592453003,1
2025-414_15.0,clay,2025,R32,francisco cerundolo,pedro martinez,0.8325625658035278,1
2025-414_16.0,clay,2025,R32,diego dedura-palomero,luciano darderi,0.192756786942482,0
2025-414_17.0,clay,2025,R16,alexander zverev,alexandre muller,0.7825577259063721,0
2025-414_18.0,clay,2025,R16,frances tiafoe,roberto bautista agut,0.45347997546195984,0
2025-414_19.0,clay,2025,R16,andrey rublev,justin engel,0.719392716884613,1
2025-414_2.0,clay,2025,R32,alejandro davidovich fokina,gael monfils,0.7102265954017639,1
2025-414_20.0,clay,2025,R16,francisco cerundolo,jiri lehecka,0.4712713062763214,0
2025-414_21.0,clay,2025,R16,alejandro davidovich fokina,flavio cobolli,0.5364280343055725,0
2025-414_22.0,clay,2025,R16,felix auger-aliassime,giovanni mpetshi perricard,0.6434610486030579,1
2025-414_23.0,clay,2025,R16,brandon nakashima,luciano darderi,0.42261913418769836,0
2025-414_24.0,clay,2025,R16,camilo ugo carabelli,tomas martin etcheverry,0.3736467659473419,0
2025-414_25.0,clay,2025,QF,andrey rublev,luciano darderi,0.6682332754135132,1
2025-414_26.0,clay,2025,QF,alexandre muller,felix auger-aliassime,0.4088706076145172,0
2025-414_27.0,clay,2025,QF,flavio cobolli,roberto bautista agut,0.6675024032592773,1
2025-414_28.0,clay,2025,QF,jiri lehecka,tomas martin etcheverry,0.5635831356048584,0
2025-414_29.0,clay,2025,SF,andrey rublev,felix auger-aliassime,0.6347278356552124,1
2025-414_3.0,clay,2025,R32,daniel altmaier,felix auger-aliassime,0.23115789890289307,0
2025-414_30.0,clay,2025,SF,flavio cobolli,tomas martin etcheverry,0.5453968048095703,1
2025-414_31.0,clay,2025,F,andrey rublev,flavio cobolli,0.48756134510040283,0
2025-414_4.0,clay,2025,R32,camilo ugo carabelli,sebastian baez,0.25191494822502136,1
2025-414_5.0,clay,2025,R32,flavio cobolli,vitaliy sachko,0.8355543613433838,1
2025-414_6.0,clay,2025,R32,francisco comesana,tomas martin etcheverry,0.4358450472354889,0
2025-414_7.0,clay,2025,R32,alexander bublik,giovanni mpetshi perricard,0.4977870583534241,0
2025-414_8.0,clay,2025,R32,aleksandar kovacevic,alexander zverev,0.08529443293809891,0
2025-414_9.0,clay,2025,R32,andrey rublev,damir dzumhur,0.8117569088935852,1
2025-416_1.0,clay,2025,R128,matteo arnaldi,roberto bautista agut,0.7216380834579468,0
2025-416_10.0,clay,2025,R128,jaume munar,tomas barrios vera,0.7397575378417969,1
2025-416_11.0,clay,2025,R128,flavio cobolli,luca nardi,0.7729833722114563,0
2025-416_12.0,clay,2025,R128,federico cina,mariano navone,0.3163163959980011,0
2025-416_13.0,clay,2025,R128,roberto carballes baena,sebastian ofner,0.3586103618144989,0
2025-416_14.0,clay,2025,R128,nuno borges,thiago seyboth wild,0.7301660776138306,0
2025-416_15.0,clay,2025,R128,learner tien,reilly opelka,0.5703288912773132,1
2025-416_16.0,clay,2025,R128,aleksandar vukic,nicolas moreno de alboran,0.5512353777885437,1
2025-416_17.0,clay,2025,R128,lorenzo sonego,roman andres burruchaga,0.7344833016395569,0
2025-416_18.0,clay,2025,R128,daniel altmaier,francisco comesana,0.47331562638282776,0
2025-416_19.0,clay,2025,R128,luciano darderi,yunchaokete bu,0.5691769123077393,1
2025-416_2.0,clay,2025,R128,alexander bublik,roman safiullin,0.4703843295574188,1
2025-416_20.0,clay,2025,R128,laslo djere,tomas martin etcheverry,0.49557000398635864,1
2025-416_21.0,clay,2025,R128,damir dzumhur,vilius gaubas,0.8089680671691895,0
2025-416_22.0,clay,2025,R128,miomir kecmanovic,tallon griekspoor,0.4270893335342407,0
2025-416_23.0,clay,2025,R128,quentin halys,vit kopriva,0.6145880818367004,0
2025-416_24.0,clay,2025,R128,dusan lajovic,yoshihito nishioka,0.6071110963821411,1
2025-416_25.0,clay,2025,R128,corentin moutet,rinky hijikata,0.4124700129032135,1
2025-416_26.0,clay,2025,R128,alexandre muller,jiri lehecka,0.3884686827659607,1
2025-416_27.0,clay,2025,R128,cameron norrie,christopher o'connell,0.6479158997535706,1
2025-416_28.0,clay,2025,R128,chun-hsin tseng,francesco passaro,0.5601071715354919,0
2025-416_29.0,clay,2025,R128,aleksandar kovacevic,carlos taberner,0.624864935874939,0
2025-416_3.0,clay,2025,R128,alexander shevchenko,jesper de jong,0.5029033422470093,0
2025-416_30.0,clay,2025,R128,giovanni mpetshi perricard,jordan thompson,0.5786036849021912,0
2025-416_31.0,clay,2025,R128,camilo ugo carabelli,pablo carreno busta,0.501037061214447,1
2025-416_32.0,clay,2025,R128,hamad medjedovic,otto virtanen,0.7395654320716858,0
2025-416_33.0,clay,2025,R64,jannik sinner,mariano navone,0.6026902794837952,1
2025-416_34.0,clay,2025,R64,marcos giron,taylor fritz,0.2265198528766632,1
2025-416_35.0,clay,2025,R64,alexander bublik,casper ruud,0.1359926462173462,0
2025-416_36.0,clay,2025,R64,alex de minaur,luca nardi,0.6626099348068237,1
2025-416_37.0,clay,2025,R64,roberto bautista agut,tommy paul,0.36900782585144043,0
2025-416_38.0,clay,2025,R64,ben shelton,jaume munar,0.5763626098632812,0
2025-416_39.0,clay,2025,R64,frances tiafoe,sebastian ofner,0.5093133449554443,0
2025-416_4.0,clay,2025,R128,fabio fognini,jacob fearnley,0.3895528018474579,0
2025-416_40.0,clay,2025,R64,andrey rublev,fabian marozsan,0.42123958468437195,0
2025-416_41.0,clay,2025,R64,francisco cerundolo,nicolas jarry,0.602695643901825,1
2025-416_42.0,clay,2025,R64,learner tien,tomas machac,0.4423186182975769,0
2025-416_43.0,clay,2025,R64,jakub mensik,matteo gigante,0.6139399409294128,1
2025-416_44.0,clay,2025,R64,aleksandar vukic,sebastian korda,0.34345006942749023,0
2025-416_45.0,clay,2025,R64,alejandro davidovich fokina,jesper de jong,0.5046076774597168,0
2025-416_46.0,clay,2025,R64,jacob fearnley,matteo berrettini,0.2660214900970459,0
2025-416_47.0,clay,2025,R64,hubert hurkacz,pedro martinez,0.544888436794281,1
2025-416_48.0,clay,2025,R64,hugo dellien,thiago seyboth wild,0.25950008630752563,1
2025-416_49.0,clay,2025,R64,alexander zverev,camilo ugo carabelli,0.7450129389762878,1
2025-416_5.0,clay,2025,R128,arthur rinderknech,matteo gigante,0.7077513933181763,0
2025-416_50.0,clay,2025,R64,carlos alcaraz,dusan lajovic,0.9621712565422058,1
2025-416_51.0,clay,2025,R64,jack draper,luciano darderi,0.5406482219696045,1
2025-416_52.0,clay,2025,R64,lorenzo musetti,otto virtanen,0.7641193866729736,1
2025-416_53.0,clay,2025,R64,francisco comesana,holger rune,0.24023620784282684,0
2025-416_54.0,clay,2025,R64,cameron norrie,daniil medvedev,0.4220031201839447,0
2025-416_55.0,clay,2025,R64,arthur fils,tallon griekspoor,0.49782794713974,1
2025-416_56.0,clay,2025,R64,francesco passaro,grigor dimitrov,0.26960739493370056,1
2025-416_57.0,clay,2025,R64,alexandre muller,stefanos tsitsipas,0.20049841701984406,0
2025-416_58.0,clay,2025,R64,corentin moutet,ugo humbert,0.5587863922119141,1
2025-416_59.0,clay,2025,R64,karen khachanov,roman andres burruchaga,0.5730079412460327,1
2025-416_6.0,clay,2025,R128,gabriel diallo,marcos giron,0.587675929069519,0
2025-416_60.0,clay,2025,R64,alexei popyrin,carlos taberner,0.572443425655365,1
2025-416_61.0,clay,2025,R64,denis shapovalov,vilius gaubas,0.5668650269508362,0
2025-416_62.0,clay,2025,R64,brandon nakashima,jordan thompson,0.4406883418560028,1
2025-416_63.0,clay,2025,R64,alex michelsen,laslo djere,0.4086945354938507,0
2025-416_64.0,clay,2025,R64,sebastian baez,vit kopriva,0.5000177621841431,0
2025-416_65.0,clay,2025,R32,jannik sinner,jesper de jong,0.9530017971992493,1
2025-416_66.0,clay,2025,R32,casper ruud,matteo berrettini,0.6582657694816589,1
2025-416_67.0,clay,2025,R32,alex de minaur,hugo dellien,0.9080737829208374,1
2025-416_68.0,clay,2025,R32,tomas machac,tommy paul,0.5853278636932373,0
2025-416_69.0,clay,2025,R32,francisco cerundolo,sebastian ofner,0.7858007550239563,1
2025-416_7.0,clay,2025,R128,hugo gaston,nicolas jarry,0.5256691575050354,0
2025-416_70.0,clay,2025,R32,fabian marozsan,jakub mensik,0.3671167492866516,0
2025-416_71.0,clay,2025,R32,jaume munar,sebastian korda,0.33584025502204895,1
2025-416_72.0,clay,2025,R32,hubert hurkacz,marcos giron,0.5581344962120056,1
2025-416_73.0,clay,2025,R32,alexander zverev,vilius gaubas,0.8606243133544922,1
2025-416_74.0,clay,2025,R32,carlos alcaraz,laslo djere,0.8862783312797546,1
2025-416_75.0,clay,2025,R32,jack draper,vit kopriva,0.8800510168075562,1
2025-416_76.0,clay,2025,R32,brandon nakashima,lorenzo musetti,0.17570781707763672,0
2025-416_77.0,clay,2025,R32,corentin moutet,holger rune,0.154970183968544,1
2025-416_78.0,clay,2025,R32,alexei popyrin,daniil medvedev,0.3273518681526184,0
2025-416_79.0,clay,2025,R32,arthur fils,stefanos tsitsipas,0.42499855160713196,1
2025-416_8.0,clay,2025,R128,fabian marozsan,joao fonseca,0.3491807281970978,1
2025-416_80.0,clay,2025,R32,francesco passaro,karen khachanov,0.2090076059103012,0
2025-416_81.0,clay,2025,R16,casper ruud,jaume munar,0.8000036478042603,1
2025-416_82.0,clay,2025,R16,francisco cerundolo,jannik sinner,0.24431133270263672,0
2025-416_83.0,clay,2025,R16,alexander zverev,arthur fils,0.6213246583938599,1
2025-416_84.0,clay,2025,R16,carlos alcaraz,karen khachanov,0.7700814604759216,1
2025-416_85.0,clay,2025,R16,corentin moutet,jack draper,0.22270391881465912,0
2025-416_86.0,clay,2025,R16,alex de minaur,tommy paul,0.6630947589874268,0
2025-416_87.0,clay,2025,R16,daniil medvedev,lorenzo musetti,0.3445601761341095,0
2025-416_88.0,clay,2025,R16,hubert hurkacz,jakub mensik,0.4777975082397461,1
2025-416_89.0,clay,2025,QF,casper ruud,jannik sinner,0.36076226830482483,0
2025-416_9.0,clay,2025,R128,mattia bellucci,pedro martinez,0.4756452441215515,0
2025-416_90.0,clay,2025,QF,hubert hurkacz,tommy paul,0.4854717254638672,0
2025-416_91.0,clay,2025,QF,alexander zverev,lorenzo musetti,0.39683347940444946,0
2025-416_92.0,clay,2025,QF,carlos alcaraz,jack draper,0.7578871846199036,1
2025-416_93.0,clay,2025,SF,jannik sinner,tommy paul,0.838097870349884,1
2025-416_94.0,clay,2025,SF,carlos alcaraz,lorenzo musetti,0.6700515747070312,1
2025-416_95.0,clay,2025,F,carlos alcaraz,jannik sinner,0.5113016963005066,1
2025-425_1.0,clay,2025,R32,carlos alcaraz,ethan quinn,0.9792419075965881,1
2025-425_10.0,clay,2025,R32,cameron norrie,karen khachanov,0.2580852508544922,0
2025-425_11.0,clay,2025,R32,andrey rublev,jesper de jong,0.8268919587135315,1
2025-425_12.0,clay,2025,R32,albert ramos-vinolas,holger rune,0.08922344446182251,0
2025-425_13.0,clay,2025,R32,jacob fearnley,roberto carballes baena,0.38422080874443054,1
2025-425_14.0,clay,2025,R32,matteo arnaldi,sebastian korda,0.38031378388404846,0
2025-425_15.0,clay,2025,R32,brandon nakashima,pedro martinez,0.5774349570274353,0
2025-425_16.0,clay,2025,R32,giovanni mpetshi perricard,hamad medjedovic,0.6284146308898926,0
2025-425_17.0,clay,2025,R16,carlos alcaraz,laslo djere,0.9124556183815002,1
2025-425_18.0,clay,2025,R16,alejandro davidovich fokina,andrey rublev,0.4199925363063812,1
2025-425_19.0,clay,2025,R16,alex de minaur,jacob fearnley,0.788291871547699,1
2025-425_2.0,clay,2025,R32,casper ruud,daniel elahi galan,0.9086652398109436,1
2025-425_20.0,clay,2025,R16,jaume munar,karen khachanov,0.2337896078824997,0
2025-425_21.0,clay,2025,R16,casper ruud,hamad medjedovic,0.7092847228050232,1
2025-425_22.0,clay,2025,R16,sebastian korda,stefanos tsitsipas,0.21319282054901123,0
2025-425_23.0,clay,2025,R16,holger rune,sebastian baez,0.6679403185844421,1
2025-425_24.0,clay,2025,R16,arthur fils,pedro martinez,0.7296086549758911,1
2025-425_25.0,clay,2025,QF,alex de minaur,carlos alcaraz,0.1860710084438324,0
2025-425_26.0,clay,2025,QF,casper ruud,holger rune,0.4168010652065277,0
2025-425_27.0,clay,2025,QF,arthur fils,stefanos tsitsipas,0.40195778012275696,1
2025-425_28.0,clay,2025,QF,alejandro davidovich fokina,karen khachanov,0.4714743494987488,0
2025-425_29.0,clay,2025,SF,arthur fils,carlos alcaraz,0.1940547525882721,0
2025-425_3.0,clay,2025,R32,reilly opelka,stefanos tsitsipas,0.12998607754707336,0
2025-425_30.0,clay,2025,SF,holger rune,karen khachanov,0.5995413064956665,1
2025-425_31.0,clay,2025,F,carlos alcaraz,holger rune,0.75240558385849,0
2025-425_4.0,clay,2025,R32,alex de minaur,tomas martin etcheverry,0.7429183721542358,1
2025-425_5.0,clay,2025,R32,arthur fils,pablo carreno busta,0.7509097456932068,1
2025-425_6.0,clay,2025,R32,frances tiafoe,jaume munar,0.709572970867157,0
2025-425_7.0,clay,2025,R32,damir dzumhur,sebastian baez,0.19627118110656738,0
2025-425_8.0,clay,2025,R32,alejandro davidovich fokina,stan wawrinka,0.8214189410209656,1
2025-425_9.0,clay,2025,R32,arthur rinderknech,laslo djere,0.30720943212509155,0
2025-439_1.0,clay,2025,R32,jesper de jong,mili poljicak,0.7868315577507019,1
2025-439_10.0,clay,2025,R32,alvaro guillen meza,stan wawrinka,0.3505038917064667,0
2025-439_11.0,clay,2025,R32,raphael collignon,vit kopriva,0.4710463285446167,0
2025-439_12.0,clay,2025,R32,francesco passaro,matej dodig,0.6391788721084595,1
2025-439_13.0,clay,2025,R16,carlos taberner,francisco cerundolo,0.21970732510089874,1
2025-439_14.0,clay,2025,R16,chun-hsin tseng,luciano darderi,0.227354034781456,0
2025-439_15.0,clay,2025,R16,damir dzumhur,stan wawrinka,0.6535654067993164,1
2025-439_16.0,clay,2025,R16,jesper de jong,mariano navone,0.40918880701065063,1
2025-439_17.0,clay,2025,R16,titouan droguet,vit kopriva,0.5029257535934448,1
2025-439_18.0,clay,2025,R16,dino prizmic,nikoloz basilashvili,0.5998277068138123,1
2025-439_19.0,clay,2025,R16,camilo ugo carabelli,francesco passaro,0.7184028029441833,1
2025-439_2.0,clay,2025,R32,dino prizmic,elmer moller,0.577207088470459,1
2025-439_20.0,clay,2025,R16,pablo llamas ruiz,terence atmane,0.35474711656570435,1
2025-439_21.0,clay,2025,QF,dino prizmic,luciano darderi,0.157880038022995,0
2025-439_22.0,clay,2025,QF,camilo ugo carabelli,pablo llamas ruiz,0.7855368852615356,1
2025-439_23.0,clay,2025,QF,damir dzumhur,titouan droguet,0.7817208170890808,1
2025-439_24.0,clay,2025,QF,carlos taberner,jesper de jong,0.36348631978034973,1
2025-439_25.0,clay,2025,SF,camilo ugo carabelli,luciano darderi,0.2523806393146515,0
2025-439_26.0,clay,2025,SF,carlos taberner,damir dzumhur,0.386617511510849,1
2025-439_27.0,clay,2025,F,carlos taberner,luciano darderi,0.20894363522529602,0
2025-439_3.0,clay,2025,R32,mariano navone,tomas barrios vera,0.8064881563186646,1
2025-439_4.0,clay,2025,R32,nikoloz basilashvili,roberto carballes baena,0.46483883261680603,1
2025-439_5.0,clay,2025,R32,kamil majchrzak,pablo llamas ruiz,0.6162707805633545,0
2025-439_6.0,clay,2025,R32,dusan lajovic,terence atmane,0.34181803464889526,0
2025-439_7.0,clay,2025,R32,cristian garin,titouan droguet,0.43554234504699707,0
2025-439_8.0,clay,2025,R32,carlos taberner,pierre-hugues herbert,0.6615420579910278,1
2025-439_9.0,clay,2025,R32,chun-hsin tseng,giulio zeppieri,0.696358323097229,1
2025-4462_1.0,clay,2025,R32,roberto bautista agut,yunchaokete bu,0.48526328802108765,1
2025-4462_10.0,clay,2025,R32,laslo djere,mariano navone,0.3593728244304657,0
2025-4462_11.0,clay,2025,R32,botic van de zandschulp,richard gasquet,0.8172862529754639,0
2025-4462_12.0,clay,2025,R32,filip cristian jianu,nishesh basavareddy,0.26092439889907837,1
2025-4462_13.0,clay,2025,R16,pedro martinez,stan wawrinka,0.5339889526367188,1
2025-4462_14.0,clay,2025,R16,christopher o'connell,nicolas jarry,0.5320539474487305,1
2025-4462_15.0,clay,2025,R16,mariano navone,marton fucsovics,0.6984723210334778,0
2025-4462_16.0,clay,2025,R16,damir dzumhur,filip cristian jianu,0.5635930895805359,1
2025-4462_17.0,clay,2025,R16,gabriel diallo,sebastian baez,0.33035752177238464,0
2025-4462_18.0,clay,2025,R16,flavio cobolli,richard gasquet,0.6795881390571594,1
2025-4462_19.0,clay,2025,R16,francisco comesana,roberto bautista agut,0.5539367198944092,1
2025-4462_2.0,clay,2025,R32,camilo ugo carabelli,radu albot,0.7089496850967407,1
2025-4462_20.0,clay,2025,R16,camilo ugo carabelli,filip misolic,0.5079912543296814,0
2025-4462_21.0,clay,2025,QF,francisco comesana,sebastian baez,0.23952724039554596,0
2025-4462_22.0,clay,2025,QF,damir dzumhur,pedro martinez,0.30625206232070923,1
2025-4462_23.0,clay,2025,QF,filip misolic,flavio cobolli,0.3925929367542267,0
2025-4462_24.0,clay,2025,QF,christopher o'connell,marton fucsovics,0.47123271226882935,0
2025-4462_25.0,clay,2025,SF,marton fucsovics,sebastian baez,0.21820880472660065,0
2025-4462_26.0,clay,2025,SF,damir dzumhur,flavio cobolli,0.3591064214706421,0
2025-4462_27.0,clay,2025,F,flavio cobolli,sebastian baez,0.30689212679862976,1
2025-4462_3.0,clay,2025,R32,francisco comesana,martin klizan,0.6825714707374573,1
2025-4462_4.0,clay,2025,R32,chun-hsin tseng,gabriel diallo,0.48486900329589844,0
2025-4462_5.0,clay,2025,R32,damir dzumhur,valentin vacherot,0.7297511100769043,1
2025-4462_6.0,clay,2025,R32,luca nardi,marton fucsovics,0.37687522172927856,0
2025-4462_7.0,clay,2025,R32,alexander shevchenko,filip misolic,0.6706555485725403,0
2025-4462_8.0,clay,2025,R32,christopher o'connell,dusan lajovic,0.5497626662254333,1
2025-4462_9.0,clay,2025,R32,stan wawrinka,timofey skatov,0.5824635028839111,1
2025-506_1.0,clay,2025,R32,diego schwartzman,nicolas jarry,0.14836254715919495,1
2025-506_10.0,clay,2025,R32,dusan lajovic,roberto carballes baena,0.3019627332687378,1
2025-506_11.0,clay,2025,R32,francisco comesana,mariano navone,0.22933267056941986,0
2025-506_12.0,clay,2025,R32,facundo diaz acosta,thiago seyboth wild,0.34744903445243835,0
2025-506_13.0,clay,2025,R16,holger rune,mariano navone,0.8275106549263,0
2025-506_14.0,clay,2025,R16,corentin moutet,lorenzo musetti,0.20034159719944,0
2025-506_15.0,clay,2025,R16,federico coria,joao fonseca,0.28728392720222473,0
2025-506_16.0,clay,2025,R16,diego schwartzman,pedro martinez,0.3425009250640869,0
2025-506_17.0,clay,2025,R16,alexander zverev,dusan lajovic,0.8159269094467163,1
2025-506_18.0,clay,2025,R16,alejandro tabilo,laslo djere,0.3635610044002533,0
2025-506_19.0,clay,2025,R16,francisco cerundolo,juan manuel cerundolo,0.7500591278076172,1
2025-506_2.0,clay,2025,R32,joao fonseca,tomas martin etcheverry,0.6405459642410278,1
2025-506_20.0,clay,2025,R16,sebastian baez,thiago seyboth wild,0.6341719627380371,0
2025-506_21.0,clay,2025,QF,alexander zverev,francisco cerundolo,0.797188937664032,0
2025-506_22.0,clay,2025,QF,laslo djere,thiago seyboth wild,0.4943827688694,1
2025-506_23.0,clay,2025,QF,joao fonseca,mariano navone,0.5957746505737305,1
2025-506_24.0,clay,2025,QF,lorenzo musetti,pedro martinez,0.765289843082428,0
2025-506_25.0,clay,2025,SF,francisco cerundolo,pedro martinez,0.7430840730667114,1
2025-506_26.0,clay,2025,SF,joao fonseca,laslo djere,0.639217734336853,1
2025-506_27.0,clay,2025,F,francisco cerundolo,joao fonseca,0.35777369141578674,0
2025-506_3.0,clay,2025,R32,federico coria,hugo gaston,0.25921347737312317,1
2025-506_4.0,clay,2025,R32,corentin moutet,sumit nagal,0.8156713843345642,1
2025-506_5.0,clay,2025,R32,francisco cerundolo,luciano darderi,0.7729885578155518,1
2025-506_6.0,clay,2025,R32,camilo ugo carabelli,sebastian baez,0.2289498746395111,0
2025-506_7.0,clay,2025,R32,juan manuel cerundolo,roman andres burruchaga,0.33018290996551514,1
2025-506_8.0,clay,2025,R32,damir dzumhur,pedro martinez,0.2738731801509857,0
2025-506_9.0,clay,2025,R32,alexandre muller,laslo djere,0.3508857488632202,0
2025-520_1.0,clay,2025,R128,alexander zverev,learner tien,0.7584798336029053,1
2025-520_10.0,clay,2025,R128,hubert hurkacz,joao fonseca,0.7212693095207214,0
2025-520_100.0,clay,2025,R32,filip misolic,novak djokovic,0.13128863275051117,0
2025-520_101.0,clay,2025,R32,andrey rublev,arthur fils,0.3397580683231354,1
2025-520_102.0,clay,2025,R32,alexander bublik,henrique rocha,0.49909722805023193,1
2025-520_103.0,clay,2025,R32,ethan quinn,tallon griekspoor,0.35038530826568604,0
2025-520_104.0,clay,2025,R32,cameron norrie,jacob fearnley,0.6409945487976074,1
2025-520_105.0,clay,2025,R32,carlos alcaraz,damir dzumhur,0.9756150245666504,1
2025-520_106.0,clay,2025,R32,lorenzo musetti,mariano navone,0.7923433184623718,1
2025-520_107.0,clay,2025,R32,holger rune,quentin halys,0.8149409294128418,1
2025-520_108.0,clay,2025,R32,karen khachanov,tommy paul,0.4698672592639923,0
2025-520_109.0,clay,2025,R32,ben shelton,matteo gigante,0.7106819748878479,1
2025-520_11.0,clay,2025,R128,alexander bublik,james duckworth,0.7969544529914856,1
2025-520_110.0,clay,2025,R32,frances tiafoe,sebastian korda,0.35982951521873474,1
2025-520_111.0,clay,2025,R32,alexei popyrin,nuno borges,0.587184488773346,1
2025-520_112.0,clay,2025,R32,daniel altmaier,hamad medjedovic,0.368611216545105,1
2025-520_113.0,clay,2025,R16,andrey rublev,jannik sinner,0.15864168107509613,0
2025-520_114.0,clay,2025,R16,alexander zverev,tallon griekspoor,0.7560640573501587,1
2025-520_115.0,clay,2025,R16,alexander bublik,jack draper,0.1830252707004547,1
2025-520_116.0,clay,2025,R16,cameron norrie,novak djokovic,0.2926892936229706,0
2025-520_117.0,clay,2025,R16,ben shelton,carlos alcaraz,0.07946281135082245,0
2025-520_118.0,clay,2025,R16,holger rune,lorenzo musetti,0.3642504811286926,0
2025-520_119.0,clay,2025,R16,alexei popyrin,tommy paul,0.3742448687553406,0
2025-520_12.0,clay,2025,R128,flavio cobolli,marin cilic,0.783543050289154,1
2025-520_120.0,clay,2025,R16,daniel altmaier,frances tiafoe,0.38728585839271545,0
2025-520_121.0,clay,2025,QF,alexander bublik,jannik sinner,0.08096671849489212,0
2025-520_122.0,clay,2025,QF,alexander zverev,novak djokovic,0.5262316465377808,0
2025-520_123.0,clay,2025,QF,carlos alcaraz,tommy paul,0.860785961151123,1
2025-520_124.0,clay,2025,QF,frances tiafoe,lorenzo musetti,0.19026361405849457,0
2025-520_125.0,clay,2025,SF,jannik sinner,novak djokovic,0.7122923135757446,1
2025-520_126.0,clay,2025,SF,carlos alcaraz,lorenzo musetti,0.7339751720428467,1
2025-520_127.0,clay,2025,F,carlos alcaraz,jannik sinner,0.5343131422996521,1
2025-520_13.0,clay,2025,R128,francesco passaro,jesper de jong,0.39071589708328247,0
2025-520_14.0,clay,2025,R128,aleksandar kovacevic,federico agustin gomez,0.5666834115982056,0
2025-520_15.0,clay,2025,R128,benjamin bonzi,pierre-hugues herbert,0.6762657165527344,0
2025-520_16.0,clay,2025,R128,gael monfils,hugo dellien,0.7684569358825684,1
2025-520_17.0,clay,2025,R128,clement tabur,corentin moutet,0.4285851716995239,0
2025-520_18.0,clay,2025,R128,henrique rocha,nikoloz basilashvili,0.3598378896713257,1
2025-520_19.0,clay,2025,R128,alexander shevchenko,dusan lajovic,0.4754895865917206,1
2025-520_2.0,clay,2025,R128,jack draper,mattia bellucci,0.8286107182502747,1
2025-520_20.0,clay,2025,R128,adam walton,maximilian marterer,0.5584096908569336,1
2025-520_21.0,clay,2025,R128,arthur rinderknech,jannik sinner,0.06902597844600677,0
2025-520_22.0,clay,2025,R128,carlos alcaraz,giulio zeppieri,0.9935624599456787,1
2025-520_23.0,clay,2025,R128,daniel altmaier,taylor fritz,0.19901293516159058,1
2025-520_24.0,clay,2025,R128,albert ramos-vinolas,casper ruud,0.055343929678201675,0
2025-520_25.0,clay,2025,R128,holger rune,roberto bautista agut,0.7470923066139221,1
2025-520_26.0,clay,2025,R128,arthur fils,nicolas jarry,0.7065300345420837,1
2025-520_27.0,clay,2025,R128,francisco cerundolo,gabriel diallo,0.8043414950370789,0
2025-520_28.0,clay,2025,R128,stefanos tsitsipas,tomas martin etcheverry,0.465420126914978,1
2025-520_29.0,clay,2025,R128,christopher o'connell,ugo humbert,0.4284079670906067,0
2025-520_3.0,clay,2025,R128,mackenzie mcdonald,novak djokovic,0.0789109542965889,0
2025-520_30.0,clay,2025,R128,luciano darderi,sebastian korda,0.6607694029808044,0
2025-520_31.0,clay,2025,R128,aleksandar vukic,karen khachanov,0.1499500870704651,0
2025-520_32.0,clay,2025,R128,alexei popyrin,yoshihito nishioka,0.6741315722465515,1
2025-520_33.0,clay,2025,R128,alejandro davidovich fokina,pablo llamas ruiz,0.8940508961677551,1
2025-520_34.0,clay,2025,R128,denis shapovalov,pedro martinez,0.47829973697662354,1
2025-520_35.0,clay,2025,R128,jacob fearnley,stan wawrinka,0.7891563773155212,1
2025-520_36.0,clay,2025,R128,richard gasquet,terence atmane,0.5651710629463196,1
2025-520_37.0,clay,2025,R128,hugo gaston,ugo blanchet,0.6368185877799988,1
2025-520_38.0,clay,2025,R128,marcos giron,tallon griekspoor,0.5217891931533813,0
2025-520_39.0,clay,2025,R128,miomir kecmanovic,sebastian baez,0.50772625207901,1
2025-520_4.0,clay,2025,R128,alex de minaur,laslo djere,0.6806400418281555,1
2025-520_40.0,clay,2025,R128,jiri lehecka,jordan thompson,0.7490728497505188,1
2025-520_41.0,clay,2025,R128,filip misolic,yunchaokete bu,0.35089394450187683,1
2025-520_42.0,clay,2025,R128,camilo ugo carabelli,jaume munar,0.4149666726589203,0
2025-520_43.0,clay,2025,R128,jan-lennard struff,sebastian ofner,0.4108237028121948,0
2025-520_44.0,clay,2025,R128,alejandro tabilo,arthur cazaux,0.35188841819763184,1
2025-520_45.0,clay,2025,R128,lorenzo musetti,yannick hanfmann,0.9437355399131775,1
2025-520_46.0,clay,2025,R128,elmer moller,tommy paul,0.17127862572669983,0
2025-520_47.0,clay,2025,R128,ben shelton,lorenzo sonego,0.7080084681510925,1
2025-520_48.0,clay,2025,R128,frances tiafoe,roman safiullin,0.7300739288330078,1
2025-520_49.0,clay,2025,R128,quentin halys,tomas machac,0.30168822407722473,1
2025-520_5.0,clay,2025,R128,cameron norrie,daniil medvedev,0.4347303509712219,1
2025-520_50.0,clay,2025,R128,brandon nakashima,mariano navone,0.6278653144836426,0
2025-520_51.0,clay,2025,R128,giovanni mpetshi perricard,zizou bergs,0.5065532326698303,1
2025-520_52.0,clay,2025,R128,alex michelsen,juan manuel cerundolo,0.6783053874969482,0
2025-520_53.0,clay,2025,R128,kyrian jacquet,nuno borges,0.2084825038909912,0
2025-520_54.0,clay,2025,R128,jaime faria,jenson brooksby,0.28796133399009705,0
2025-520_55.0,clay,2025,R128,francisco comesana,pablo carreno busta,0.6001796126365662,0
2025-520_56.0,clay,2025,R128,damir dzumhur,thiago agustin tirante,0.6339084506034851,1
2025-520_57.0,clay,2025,R128,marton fucsovics,tristan schoolkate,0.6995771527290344,1
2025-520_58.0,clay,2025,R128,daniel elahi galan,valentin royer,0.29819256067276,1
2025-520_59.0,clay,2025,R128,benjamin hassan,matteo gigante,0.3152722716331482,0
2025-520_6.0,clay,2025,R128,ethan quinn,grigor dimitrov,0.23809072375297546,1
2025-520_60.0,clay,2025,R128,thiago monteiro,vit kopriva,0.32264474034309387,0
2025-520_61.0,clay,2025,R128,fabian marozsan,luca nardi,0.7068203687667847,1
2025-520_62.0,clay,2025,R128,hamad medjedovic,kamil majchrzak,0.6458602547645569,1
2025-520_63.0,clay,2025,R128,botic van de zandschulp,emilio nava,0.3199927806854248,0
2025-520_64.0,clay,2025,R128,reilly opelka,rinky hijikata,0.5722317695617676,1
2025-520_65.0,clay,2025,R64,jannik sinner,richard gasquet,0.97699373960495,1
2025-520_66.0,clay,2025,R64,alexander zverev,jesper de jong,0.7881079912185669,1
2025-520_67.0,clay,2025,R64,gael monfils,jack draper,0.17717309296131134,0
2025-520_68.0,clay,2025,R64,corentin moutet,novak djokovic,0.17313268780708313,0
2025-520_69.0,clay,2025,R64,alex de minaur,alexander bublik,0.7721969485282898,0
2025-520_7.0,clay,2025,R128,andrey rublev,lloyd harris,0.9146867394447327,1
2025-520_70.0,clay,2025,R64,arthur fils,jaume munar,0.7591232061386108,1
2025-520_71.0,clay,2025,R64,adam walton,andrey rublev,0.18538214266300201,0
2025-520_72.0,clay,2025,R64,henrique rocha,jakub mensik,0.23641793429851532,1
2025-520_73.0,clay,2025,R64,jacob fearnley,ugo humbert,0.4825197458267212,1
2025-520_74.0,clay,2025,R64,alejandro davidovich fokina,jiri lehecka,0.43802011013031006,0
2025-520_75.0,clay,2025,R64,denis shapovalov,filip misolic,0.642980694770813,0
2025-520_76.0,clay,2025,R64,flavio cobolli,matteo arnaldi,0.4776965379714966,1
2025-520_77.0,clay,2025,R64,joao fonseca,pierre-hugues herbert,0.7561814188957214,1
2025-520_78.0,clay,2025,R64,gabriel diallo,tallon griekspoor,0.47340667247772217,0
2025-520_79.0,clay,2025,R64,cameron norrie,federico agustin gomez,0.8363803625106812,1
2025-520_8.0,clay,2025,R128,alexandre muller,jakub mensik,0.5473296046257019,0
2025-520_80.0,clay,2025,R64,alexander shevchenko,ethan quinn,0.5360900163650513,0
2025-520_81.0,clay,2025,R64,carlos alcaraz,fabian marozsan,0.9325203895568848,1
2025-520_82.0,clay,2025,R64,casper ruud,nuno borges,0.8446357250213623,0
2025-520_83.0,clay,2025,R64,daniel elahi galan,lorenzo musetti,0.06448406726121902,0
2025-520_84.0,clay,2025,R64,emilio nava,holger rune,0.07976147532463074,0
2025-520_85.0,clay,2025,R64,marton fucsovics,tommy paul,0.2855418920516968,0
2025-520_86.0,clay,2025,R64,ben shelton,hugo gaston,0.7139738202095032,1
2025-520_87.0,clay,2025,R64,frances tiafoe,pablo carreno busta,0.5864419341087341,1
2025-520_88.0,clay,2025,R64,matteo gigante,stefanos tsitsipas,0.13557343184947968,1
2025-520_89.0,clay,2025,R64,jenson brooksby,sebastian korda,0.41006404161453247,0
2025-520_9.0,clay,2025,R128,felix auger-aliassime,matteo arnaldi,0.4770357012748718,0
2025-520_90.0,clay,2025,R64,karen khachanov,sebastian ofner,0.6200488805770874,1
2025-520_91.0,clay,2025,R64,alejandro tabilo,alexei popyrin,0.42881035804748535,0
2025-520_92.0,clay,2025,R64,damir dzumhur,giovanni mpetshi perricard,0.45533445477485657,1
2025-520_93.0,clay,2025,R64,daniel altmaier,vit kopriva,0.5626125335693359,1
2025-520_94.0,clay,2025,R64,miomir kecmanovic,quentin halys,0.5430434346199036,0
2025-520_95.0,clay,2025,R64,hamad medjedovic,juan manuel cerundolo,0.6550548672676086,1
2025-520_96.0,clay,2025,R64,mariano navone,reilly opelka,0.6053102612495422,1
2025-520_97.0,clay,2025,R32,jannik sinner,jiri lehecka,0.8629103302955627,1
2025-520_98.0,clay,2025,R32,alexander zverev,flavio cobolli,0.616689920425415,1
2025-520_99.0,clay,2025,R32,jack draper,joao fonseca,0.6028397679328918,1
2025-6932_1.0,clay,2025,R32,alexander zverev,yunchaokete bu,0.8816727995872498,1
2025-6932_10.0,clay,2025,R32,mariano navone,roberto carballes baena,0.6846057772636414,1
2025-6932_11.0,clay,2025,R32,alejandro tabilo,chun-hsin tseng,0.4855029881000519,0
2025-6932_12.0,clay,2025,R32,juan manuel cerundolo,nicolas jarry,0.34861117601394653,0
2025-6932_13.0,clay,2025,R32,francisco comesana,gustavo heide,0.5250096321105957,1
2025-6932_14.0,clay,2025,R32,facundo diaz acosta,thiago monteiro,0.6588696837425232,0
2025-6932_15.0,clay,2025,R32,jaume munar,thiago seyboth wild,0.4765513837337494,1
2025-6932_16.0,clay,2025,R32,alexander shevchenko,felipe meligeni alves,0.6578546166419983,1
2025-6932_17.0,clay,2025,R16,francisco cerundolo,luciano darderi,0.7568590641021729,1
2025-6932_18.0,clay,2025,R16,alexandre muller,tomas martin etcheverry,0.3091157376766205,1
2025-6932_19.0,clay,2025,R16,jaime faria,jaume munar,0.4409087002277374,1
2025-6932_2.0,clay,2025,R32,francisco cerundolo,hugo gaston,0.7058337330818176,1
2025-6932_20.0,clay,2025,R16,camilo ugo carabelli,damir dzumhur,0.5571134090423584,1
2025-6932_21.0,clay,2025,R16,alexander shevchenko,alexander zverev,0.1377294957637787,0
2025-6932_22.0,clay,2025,R16,mariano navone,sebastian baez,0.29087674617767334,0
2025-6932_23.0,clay,2025,R16,francisco comesana,nicolas jarry,0.36036112904548645,1
2025-6932_24.0,clay,2025,R16,chun-hsin tseng,thiago monteiro,0.4731661379337311,1
2025-6932_25.0,clay,2025,QF,alexander zverev,francisco comesana,0.9034133553504944,0
2025-6932_26.0,clay,2025,QF,alexandre muller,francisco cerundolo,0.2323005646467209,1
2025-6932_27.0,clay,2025,QF,chun-hsin tseng,sebastian baez,0.1896894872188568,0
2025-6932_28.0,clay,2025,QF,camilo ugo carabelli,jaime faria,0.4696163535118103,1
2025-6932_29.0,clay,2025,SF,camilo ugo carabelli,sebastian baez,0.2297830432653427,0
2025-6932_3.0,clay,2025,R32,roman andres burruchaga,sebastian baez,0.26937007904052734,0
2025-6932_30.0,clay,2025,SF,alexandre muller,francisco comesana,0.5773876905441284,1
2025-6932_31.0,clay,2025,F,alexandre muller,sebastian baez,0.27657949924468994,0
2025-6932_4.0,clay,2025,R32,camilo ugo carabelli,pedro martinez,0.3238653838634491,1
2025-6932_5.0,clay,2025,R32,corentin moutet,tomas martin etcheverry,0.36275628209114075,0
2025-6932_6.0,clay,2025,R32,hugo dellien,luciano darderi,0.1877346783876419,0
2025-6932_7.0,clay,2025,R32,damir dzumhur,dusan lajovic,0.37671414017677307,1
2025-6932_8.0,clay,2025,R32,jaime faria,tomas barrios vera,0.6273442506790161,1
2025-6932_9.0,clay,2025,R32,alexandre muller,joao fonseca,0.28185248374938965,1
2025-717_1.0,clay,2025,R32,ethan quinn,jordan thompson,0.3678426146507263,1
2025-717_10.0,clay,2025,R32,jenson brooksby,taro daniel,0.696037232875824,1
2025-717_11.0,clay,2025,R32,brandon holt,corentin denolly,0.42614275217056274,0
2025-717_12.0,clay,2025,R32,alexander ritschard,cristian garin,0.21283745765686035,0
2025-717_13.0,clay,2025,R16,adam walton,frances tiafoe,0.3039788007736206,0
2025-717_14.0,clay,2025,R16,brandon nakashima,mackenzie mcdonald,0.5517705678939819,1
2025-717_15.0,clay,2025,R16,adrian mannarino,alex michelsen,0.26093918085098267,0
2025-717_16.0,clay,2025,R16,christopher eubanks,kei nishikori,0.24072147905826569,1
2025-717_17.0,clay,2025,R16,cristian garin,tommy paul,0.4987199306488037,0
2025-717_18.0,clay,2025,R16,alejandro tabilo,jenson brooksby,0.6345429420471191,0
2025-717_19.0,clay,2025,R16,aleksandar kovacevic,corentin denolly,0.5999522805213928,1
2025-717_2.0,clay,2025,R32,kei nishikori,mitchell krueger,0.7435574531555176,1
2025-717_20.0,clay,2025,R16,colton smith,ethan quinn,0.45121753215789795,1
2025-717_21.0,clay,2025,QF,colton smith,tommy paul,0.2784085273742676,0
2025-717_22.0,clay,2025,QF,alex michelsen,frances tiafoe,0.5519241094589233,0
2025-717_23.0,clay,2025,QF,brandon nakashima,christopher eubanks,0.6757194399833679,1
2025-717_24.0,clay,2025,QF,aleksandar kovacevic,jenson brooksby,0.6273326277732849,0
2025-717_25.0,clay,2025,SF,jenson brooksby,tommy paul,0.24723048508167267,1
2025-717_26.0,clay,2025,SF,brandon nakashima,frances tiafoe,0.575392484664917,0
2025-717_27.0,clay,2025,F,frances tiafoe,jenson brooksby,0.5856626629829407,0
2025-717_3.0,clay,2025,R32,christopher eubanks,rinky hijikata,0.37864604592323303,1
2025-717_4.0,clay,2025,R32,adrian mannarino,yannick hanfmann,0.16835354268550873,1
2025-717_5.0,clay,2025,R32,daniel elahi galan,mackenzie mcdonald,0.3567200303077698,0
2025-717_6.0,clay,2025,R32,colton smith,james duckworth,0.5966955423355103,1
2025-717_7.0,clay,2025,R32,adam walton,michael mmoh,0.586771547794342,1
2025-717_8.0,clay,2025,R32,alex michelsen,learner tien,0.6551439762115479,1
2025-717_9.0,clay,2025,R32,aleksandar kovacevic,tomas martin etcheverry,0.2935584485530853,1
2025-M-DC-2025-QLS-M-CRO-FRA-01_1.0,clay,2025,RR,arthur rinderknech,marin cilic,0.37274378538131714,1
2025-M-DC-2025-QLS-M-CRO-FRA-01_2.0,clay,2025,RR,corentin moutet,dino prizmic,0.7555017471313477,1
2025-M-DC-2025-QLS-M-CRO-FRA-01_3.0,clay,2025,RR,corentin moutet,marin cilic,0.5469902157783508,1
2025-M-DC-2025-QLS-M-ESP-DEN-01_1.0,clay,2025,RR,holger rune,pablo carreno busta,0.6124772429466248,1
2025-M-DC-2025-QLS-M-ESP-DEN-01_2.0,clay,2025,RR,elmer moller,jaume munar,0.4935309886932373,1
2025-M-DC-2025-QLS-M-ESP-DEN-01_3.0,clay,2025,RR,holger rune,pedro martinez,0.888450562953949,0
2025-M-DC-2025-QLS-M-ESP-DEN-01_4.0,clay,2025,RR,elmer moller,pablo carreno busta,0.5123594999313354,0
2025-M-DC-2025-WG1-PO-COL-BAR-01_1.0,clay,2025,RR,nicolas mejia,xavier lawrence,0.83538419008255,1
2025-M-DC-2025-WG1-PO-COL-BAR-01_2.0,clay,2025,RR,adria soriano barrera,darian king,0.7972431182861328,0
2025-M-DC-2025-WG1-PO-COL-BAR-01_3.0,clay,2025,RR,darian king,nicolas mejia,0.08124666661024094,1
2025-M-DC-2025-WG1-PO-COL-BAR-01_4.0,clay,2025,RR,adria soriano barrera,kaipo marshall,0.8391463756561279,1
2025-M-DC-2025-WG1-PO-GRE-EGY-01_1.0,clay,2025,RR,christos antonopoulos,mohamed safwat,0.13339468836784363,0
2025-M-DC-2025-WG1-PO-GRE-EGY-01_2.0,clay,2025,RR,karim-mohamed maamoun,stefanos sakellaridis,0.14879143238067627,0
2025-M-DC-2025-WG1-PO-GRE-EGY-01_3.0,clay,2025,RR,mohamed safwat,stefanos sakellaridis,0.6141067147254944,0
2025-M-DC-2025-WG1-PO-GRE-EGY-01_4.0,clay,2025,RR,amr elsayed abdou ah mohamed,aristotelis thanos,0.1091919019818306,0
2025-M-DC-2025-WG1-PO-LBN-PER-01_1.0,clay,2025,RR,benjamin hassan,ignacio buse,0.7206619381904602,0
2025-M-DC-2025-WG1-PO-LBN-PER-01_2.0,clay,2025,RR,gonzalo bueno,hady habib,0.33878540992736816,1
2025-M-DC-2025-WG1-PO-LBN-PER-01_3.0,clay,2025,RR,conner huertas del pino,fadi bidan,0.17390196025371552,1
2025-M-DC-2025-WG1-PO-MON-POR-01_1.0,clay,2025,RR,jaime faria,valentin vacherot,0.6098605990409851,0
2025-M-DC-2025-WG1-PO-MON-POR-01_2.0,clay,2025,RR,benjamin balleret,nuno borges,0.04948251694440842,0
2025-M-DC-2025-WG1-PO-MON-POR-01_3.0,clay,2025,RR,nuno borges,valentin vacherot,0.6834378838539124,0
2025-M-DC-2025-WG1-PO-MON-POR-01_4.0,clay,2025,RR,henrique rocha,romain arneodo,0.89097660779953,1
2025-M-DC-2025-WG1-R1-BUL-FIN-01_1.0,clay,2025,RR,emil ruusuvuori,ivan ivanov,0.5696931481361389,1
2025-M-DC-2025-WG1-R1-BUL-FIN-01_2.0,clay,2025,RR,alexander vasilev,otto virtanen,0.2801428735256195,1
2025-M-DC-2025-WG1-R1-BUL-FIN-01_3.0,clay,2025,RR,eero vasa,yanaki milev,0.5366849303245544,1
2025-M-DC-2025-WG1-R1-BUL-FIN-01_4.0,clay,2025,RR,alexander vasilev,emil ruusuvuori,0.35287073254585266,1
2025-M-DC-2025-WG1-R1-CHI-LUX-01_1.0,clay,2025,RR,alex knaff,tomas barrios vera,0.21530169248580933,0
2025-M-DC-2025-WG1-R1-CHI-LUX-01_2.0,clay,2025,RR,aaron gil garcia,cristian garin,0.16386815905570984,0
2025-M-DC-2025-WG1-R1-CHI-LUX-01_3.0,clay,2025,RR,daniel antonio nunez,louis van herck,0.621345043182373,1
2025-M-DC-2025-WG1-R1-ECU-BIH-01_1.0,clay,2025,RR,andres andrade,damir dzumhur,0.4507025182247162,0
2025-M-DC-2025-WG1-R1-ECU-BIH-01_2.0,clay,2025,RR,alvaro guillen meza,nerman fatic,0.5402272343635559,1
2025-M-DC-2025-WG1-R1-ECU-BIH-01_3.0,clay,2025,RR,alvaro guillen meza,damir dzumhur,0.35677143931388855,1
2025-M-DC-2025-WG1-R1-ECU-BIH-01_4.0,clay,2025,RR,andrej nedic,andres andrade,0.3284800946712494,0
2025-M-DC-2025-WG1-R1-PER-POR-01_1.0,clay,2025,RR,gonzalo bueno,nuno borges,0.23722563683986664,1
2025-M-DC-2025-WG1-R1-PER-POR-01_2.0,clay,2025,RR,ignacio buse,jaime faria,0.7075230479240417,1
2025-M-DC-2025-WG1-R1-PER-POR-01_3.0,clay,2025,RR,ignacio buse,nuno borges,0.45467376708984375,1
2025-M-DC-2025-WG2-PO-SLO-INA-01_1.0,clay,2025,RR,filip jeff planinsek,m rifki fitriadi,0.6019468307495117,1
2025-M-DC-2025-WG2-PO-SLO-INA-02_1.0,clay,2025,RR,bor artnak,gunawan trismuwantara,0.8170641660690308,1
2025-M-DC-2025-WG2-PO-SLO-INA-03_1.0,clay,2025,RR,bor artnak,lucky candra kurniawan,0.7797719240188599,1
2025-M-DC-2025-WG2-R1-LBN-BAR-01_1.0,clay,2025,RR,benjamin hassan,darian king,0.838986873626709,1
2025-M-DC-2025-WG2-R1-LBN-BAR-02_2.0,clay,2025,RR,hady habib,kaipo marshall,0.8795792460441589,1
2025-M-DC-2025-WG2-R1-LBN-BAR-04_4.0,clay,2025,RR,fadi bidan,stephen slocombe,0.47966504096984863,1
2025-M-DC-2025-WG2-R1-PAR-PAK-01_1.0,clay,2025,RR,alex santino nuã±ez vera,huzaifa abdul rehman,0.7073253989219666,1
2025-M-DC-2025-WG2-R1-PAR-PAK-02_2.0,clay,2025,RR,adolfo daniel vallejo,muzammil murtaza,0.8838908076286316,1
2025-M-DC-2025-WG2-R1-PAR-PAK-04_4.0,clay,2025,RR,huzaifa abdul rehman,martin antonio vergara del puerto,0.5619962811470032,1
2025-M-DC-2025-WG2-R1-UKR-DOM-01_1.0,clay,2025,RR,roberto cid subervi,vladyslav orlov,0.5114896297454834,0
2025-M-DC-2025-WG2-R1-UKR-DOM-02_2.0,clay,2025,RR,peter bertran,viacheslav bielinskyi,0.5455065369606018,0
2025-M-DC-2025-WG2-R1-UKR-DOM-04_4.0,clay,2025,RR,enmanuel munoz,oleksii krutykh,0.13689908385276794,0
2025-311_1.0,grass,2025,R32,adam walton,carlos alcaraz,0.020442090928554535,0
2025-311_10.0,grass,2025,R32,aleksandar vukic,alexei popyrin,0.27757787704467773,0
2025-311_11.0,grass,2025,R32,christopher o'connell,holger rune,0.17688246071338654,0
2025-311_12.0,grass,2025,R32,daniel evans,frances tiafoe,0.2421923726797104,1
2025-311_13.0,grass,2025,R32,cameron norrie,jakub mensik,0.4092569947242737,0
2025-311_14.0,grass,2025,R32,nuno borges,roberto bautista agut,0.5644082427024841,0
2025-311_15.0,grass,2025,R32,alex bolt,jacob fearnley,0.4010571837425232,0
2025-311_16.0,grass,2025,R32,gael monfils,mackenzie mcdonald,0.7046492099761963,0
2025-311_17.0,grass,2025,R16,carlos alcaraz,jaume munar,0.9423474073410034,1
2025-311_18.0,grass,2025,R16,corentin moutet,jacob fearnley,0.5581573247909546,0
2025-311_19.0,grass,2025,R16,gabriel diallo,jiri lehecka,0.38452449440956116,0
2025-311_2.0,grass,2025,R32,jack draper,jenson brooksby,0.7583379745483398,1
2025-311_20.0,grass,2025,R16,arthur rinderknech,reilly opelka,0.3363001048564911,1
2025-311_21.0,grass,2025,R16,alexei popyrin,jack draper,0.195302814245224,0
2025-311_22.0,grass,2025,R16,holger rune,mackenzie mcdonald,0.7422531843185425,1
2025-311_23.0,grass,2025,R16,jakub mensik,roberto bautista agut,0.6934365630149841,0
2025-311_24.0,grass,2025,R16,brandon nakashima,daniel evans,0.6954439878463745,1
2025-311_25.0,grass,2025,QF,arthur rinderknech,carlos alcaraz,0.04375181347131729,0
2025-311_26.0,grass,2025,QF,brandon nakashima,jack draper,0.1883593648672104,0
2025-311_27.0,grass,2025,QF,holger rune,roberto bautista agut,0.7513903379440308,0
2025-311_28.0,grass,2025,QF,jacob fearnley,jiri lehecka,0.24745894968509674,0
2025-311_29.0,grass,2025,SF,carlos alcaraz,roberto bautista agut,0.9437614679336548,1
2025-311_3.0,grass,2025,R32,corentin moutet,taylor fritz,0.19558212161064148,1
2025-311_30.0,grass,2025,SF,jack draper,jiri lehecka,0.693507969379425,0
2025-311_31.0,grass,2025,F,carlos alcaraz,jiri lehecka,0.8555646538734436,1
2025-311_4.0,grass,2025,R32,alex de minaur,jiri lehecka,0.5955042243003845,0
2025-311_5.0,grass,2025,R32,arthur rinderknech,ben shelton,0.19877789914608002,1
2025-311_6.0,grass,2025,R32,billy harris,gabriel diallo,0.1746281087398529,0
2025-311_7.0,grass,2025,R32,jaume munar,jordan thompson,0.3978025019168854,1
2025-311_8.0,grass,2025,R32,brandon nakashima,giovanni mpetshi perricard,0.5779786705970764,1
2025-311_9.0,grass,2025,R32,camilo ugo carabelli,reilly opelka,0.3001082241535187,0
2025-321_1.0,grass,2025,R32,arthur rinderknech,denis shapovalov,0.24851912260055542,1
2025-321_10.0,grass,2025,R32,benjamin bonzi,jiri lehecka,0.22896921634674072,0
2025-321_11.0,grass,2025,R32,giovanni mpetshi perricard,roman safiullin,0.5766094923019409,1
2025-321_12.0,grass,2025,R32,jan-lennard struff,matteo arnaldi,0.3249955475330353,1
2025-321_13.0,grass,2025,R16,alexander zverev,corentin moutet,0.8378795385360718,1
2025-321_14.0,grass,2025,R16,felix auger-aliassime,giovanni mpetshi perricard,0.5980919599533081,1
2025-321_15.0,grass,2025,R16,brandon nakashima,learner tien,0.6339352130889893,1
2025-321_16.0,grass,2025,R16,alex michelsen,justin engel,0.6693511009216309,0
2025-321_17.0,grass,2025,R16,quentin halys,taylor fritz,0.23528608679771423,0
2025-321_18.0,grass,2025,R16,ben shelton,pierre-hugues herbert,0.7575092315673828,1
2025-321_19.0,grass,2025,R16,jan-lennard struff,jiri lehecka,0.27225062251091003,0
2025-321_2.0,grass,2025,R32,alex michelsen,gael monfils,0.2619456946849823,1
2025-321_20.0,grass,2025,R16,arthur rinderknech,marton fucsovics,0.34636080265045166,0
2025-321_21.0,grass,2025,QF,alexander zverev,brandon nakashima,0.7718832492828369,1
2025-321_22.0,grass,2025,QF,marton fucsovics,taylor fritz,0.2564655542373657,0
2025-321_23.0,grass,2025,QF,ben shelton,jiri lehecka,0.47544625401496887,1
2025-321_24.0,grass,2025,QF,felix auger-aliassime,justin engel,0.7839593887329102,1
2025-321_25.0,grass,2025,SF,alexander zverev,ben shelton,0.6348469257354736,1
2025-321_26.0,grass,2025,SF,felix auger-aliassime,taylor fritz,0.3289148211479187,0
2025-321_27.0,grass,2025,F,alexander zverev,taylor fritz,0.6300082802772522,0
2025-321_3.0,grass,2025,R32,james duckworth,justin engel,0.46796512603759766,0
2025-321_4.0,grass,2025,R32,marton fucsovics,yannick hanfmann,0.5372332334518433,1
2025-321_5.0,grass,2025,R32,lorenzo sonego,quentin halys,0.4342558979988098,0
2025-321_6.0,grass,2025,R32,damir dzumhur,pierre-hugues herbert,0.4998636543750763,0
2025-321_7.0,grass,2025,R32,corentin moutet,fabio fognini,0.6370316743850708,1
2025-321_8.0,grass,2025,R32,learner tien,yoshihito nishioka,0.411064088344574,1
2025-321_9.0,grass,2025,R32,brandon nakashima,jacob fearnley,0.5547892451286316,1
2025-440_1.0,grass,2025,R32,hubert hurkacz,roberto bautista agut,0.7147875428199768,1
2025-440_10.0,grass,2025,R32,nishesh basavareddy,nuno borges,0.2530294358730316,0
2025-440_11.0,grass,2025,R32,luciano darderi,nicolas jarry,0.5980682969093323,0
2025-440_12.0,grass,2025,R32,aleksandar vukic,gabriel diallo,0.3656444847583771,0
2025-440_13.0,grass,2025,R16,adrian mannarino,daniil medvedev,0.15219232439994812,0
2025-440_14.0,grass,2025,R16,daniel evans,ugo humbert,0.23634658753871918,0
2025-440_15.0,grass,2025,R16,alexei popyrin,zizou bergs,0.6278254389762878,0
2025-440_16.0,grass,2025,R16,hubert hurkacz,mark lajal,0.8514796495437622,0
2025-440_17.0,grass,2025,R16,nicolas jarry,reilly opelka,0.36192065477371216,0
2025-440_18.0,grass,2025,R16,karen khachanov,mackenzie mcdonald,0.6897479295730591,1
2025-440_19.0,grass,2025,R16,gabriel diallo,jordan thompson,0.4901806116104126,1
2025-440_2.0,grass,2025,R32,daniel evans,rinky hijikata,0.4649898111820221,1
2025-440_20.0,grass,2025,R16,nuno borges,otto virtanen,0.6926043629646301,1
2025-440_21.0,grass,2025,QF,daniil medvedev,reilly opelka,0.7308881282806396,0
2025-440_22.0,grass,2025,QF,nuno borges,ugo humbert,0.43567758798599243,0
2025-440_23.0,grass,2025,QF,gabriel diallo,karen khachanov,0.3909336030483246,1
2025-440_24.0,grass,2025,QF,mark lajal,zizou bergs,0.3214167654514313,0
2025-440_25.0,grass,2025,SF,gabriel diallo,ugo humbert,0.38128456473350525,1
2025-440_26.0,grass,2025,SF,reilly opelka,zizou bergs,0.5356855988502502,0
2025-440_27.0,grass,2025,F,gabriel diallo,zizou bergs,0.5090096592903137,1
2025-440_3.0,grass,2025,R32,laslo djere,mark lajal,0.7803922295570374,0
2025-440_4.0,grass,2025,R32,adrian mannarino,christopher o'connell,0.40695124864578247,1
2025-440_5.0,grass,2025,R32,alexander blockx,zizou bergs,0.24576367437839508,0
2025-440_6.0,grass,2025,R32,mackenzie mcdonald,mattia bellucci,0.5839745998382568,1
2025-440_7.0,grass,2025,R32,jesper de jong,reilly opelka,0.3858219385147095,0
2025-440_8.0,grass,2025,R32,otto virtanen,tomas martin etcheverry,0.34746426343917847,1
2025-440_9.0,grass,2025,R32,aleksandar kovacevic,jordan thompson,0.20852729678153992,0
2025-500_1.0,grass,2025,R32,alexander zverev,marcos giron,0.7525691986083984,1
2025-500_10.0,grass,2025,R32,pedro martinez,tomas martin etcheverry,0.4265511631965637,0
2025-500_11.0,grass,2025,R32,jan-lennard struff,lorenzo sonego,0.5429044961929321,0
2025-500_12.0,grass,2025,R32,daniel altmaier,daniil medvedev,0.21518880128860474,0
2025-500_13.0,grass,2025,R32,alexander bublik,alexandre muller,0.5090800523757935,1
2025-500_14.0,grass,2025,R32,benjamin bonzi,quentin halys,0.4067065715789795,0
2025-500_15.0,grass,2025,R32,fabian marozsan,miomir kecmanovic,0.5508698225021362,1
2025-500_16.0,grass,2025,R32,luciano darderi,stefanos tsitsipas,0.24377857148647308,0
2025-500_17.0,grass,2025,R16,alexander bublik,jannik sinner,0.0612148717045784,1
2025-500_18.0,grass,2025,R16,alexander zverev,lorenzo sonego,0.8553985357284546,1
2025-500_19.0,grass,2025,R16,andrey rublev,tomas martin etcheverry,0.7058243751525879,0
2025-500_2.0,grass,2025,R32,karen khachanov,zizou bergs,0.6085453033447266,1
2025-500_20.0,grass,2025,R16,fabian marozsan,tomas machac,0.4067966043949127,0
2025-500_21.0,grass,2025,R16,felix auger-aliassime,karen khachanov,0.4577353298664093,0
2025-500_22.0,grass,2025,R16,denis shapovalov,flavio cobolli,0.45139026641845703,0
2025-500_23.0,grass,2025,R16,daniil medvedev,quentin halys,0.732505202293396,1
2025-500_24.0,grass,2025,R16,alex michelsen,stefanos tsitsipas,0.2749204635620117,1
2025-500_25.0,grass,2025,QF,alexander zverev,flavio cobolli,0.7085512280464172,1
2025-500_26.0,grass,2025,QF,alex michelsen,daniil medvedev,0.27026137709617615,0
2025-500_27.0,grass,2025,QF,alexander bublik,tomas machac,0.4993462860584259,1
2025-500_28.0,grass,2025,QF,karen khachanov,tomas martin etcheverry,0.6611601114273071,1
2025-500_29.0,grass,2025,SF,alexander zverev,daniil medvedev,0.6387102007865906,0
2025-500_3.0,grass,2025,R32,jannik sinner,yannick hanfmann,0.9697996377944946,1
2025-500_30.0,grass,2025,SF,alexander bublik,karen khachanov,0.4307061433792114,1
2025-500_31.0,grass,2025,F,alexander bublik,daniil medvedev,0.2971225082874298,1
2025-500_4.0,grass,2025,R32,andrey rublev,sebastian ofner,0.6533677577972412,1
2025-500_5.0,grass,2025,R32,alex michelsen,francisco cerundolo,0.25356823205947876,1
2025-500_6.0,grass,2025,R32,denis shapovalov,ugo humbert,0.4614773690700531,1
2025-500_7.0,grass,2025,R32,jesper de jong,tomas machac,0.26463761925697327,0
2025-500_8.0,grass,2025,R32,felix auger-aliassime,laslo djere,0.577191948890686,1
2025-500_9.0,grass,2025,R32,flavio cobolli,joao fonseca,0.5607060194015503,1
2025-540_1.0,grass,2025,R128,jannik sinner,luca nardi,0.9806389212608337,1
2025-540_10.0,grass,2025,R128,grigor dimitrov,yoshihito nishioka,0.7506973743438721,1
2025-540_100.0,grass,2025,R32,alex de minaur,august holmgren,0.8525388240814209,1
2025-540_101.0,grass,2025,R32,flavio cobolli,jakub mensik,0.42994099855422974,1
2025-540_102.0,grass,2025,R32,grigor dimitrov,sebastian ofner,0.6732501983642578,1
2025-540_103.0,grass,2025,R32,brandon nakashima,lorenzo sonego,0.6534767746925354,0
2025-540_104.0,grass,2025,R32,jaume munar,marin cilic,0.5206302404403687,0
2025-540_105.0,grass,2025,R32,carlos alcaraz,jan-lennard struff,0.9641470909118652,1
2025-540_106.0,grass,2025,R32,alejandro davidovich fokina,taylor fritz,0.3044375479221344,0
2025-540_107.0,grass,2025,R32,adrian mannarino,andrey rublev,0.20628468692302704,0
2025-540_108.0,grass,2025,R32,karen khachanov,nuno borges,0.665691077709198,1
2025-540_109.0,grass,2025,R32,joao fonseca,nicolas jarry,0.6644667387008667,0
2025-540_11.0,grass,2025,R128,damir dzumhur,tomas machac,0.27710282802581787,0
2025-540_110.0,grass,2025,R32,arthur rinderknech,kamil majchrzak,0.53484708070755,0
2025-540_111.0,grass,2025,R32,cameron norrie,mattia bellucci,0.6981896162033081,1
2025-540_112.0,grass,2025,R32,jordan thompson,luciano darderi,0.6343916654586792,1
2025-540_113.0,grass,2025,R16,grigor dimitrov,jannik sinner,0.10412853211164474,0
2025-540_114.0,grass,2025,R16,alex de minaur,novak djokovic,0.28564298152923584,0
2025-540_115.0,grass,2025,R16,ben shelton,lorenzo sonego,0.6731260418891907,1
2025-540_116.0,grass,2025,R16,flavio cobolli,marin cilic,0.6246995329856873,1
2025-540_117.0,grass,2025,R16,andrey rublev,carlos alcaraz,0.10135501623153687,0
2025-540_118.0,grass,2025,R16,jordan thompson,taylor fritz,0.23527950048446655,0
2025-540_119.0,grass,2025,R16,kamil majchrzak,karen khachanov,0.2690694034099579,0
2025-540_12.0,grass,2025,R128,beibit zhukayev,flavio cobolli,0.22501423954963684,0
2025-540_120.0,grass,2025,R16,cameron norrie,nicolas jarry,0.6486400961875916,1
2025-540_121.0,grass,2025,QF,ben shelton,jannik sinner,0.07996580749750137,0
2025-540_122.0,grass,2025,QF,flavio cobolli,novak djokovic,0.1837073117494583,0
2025-540_123.0,grass,2025,QF,cameron norrie,carlos alcaraz,0.07135038077831268,0
2025-540_124.0,grass,2025,QF,karen khachanov,taylor fritz,0.3623303472995758,0
2025-540_125.0,grass,2025,SF,jannik sinner,novak djokovic,0.7156766057014465,1
2025-540_126.0,grass,2025,SF,carlos alcaraz,taylor fritz,0.8005051016807556,1
2025-540_127.0,grass,2025,F,carlos alcaraz,jannik sinner,0.45068421959877014,0
2025-540_13.0,grass,2025,R128,denis shapovalov,mariano navone,0.6259835362434387,0
2025-540_14.0,grass,2025,R128,alexander bublik,jaume munar,0.6711335778236389,0
2025-540_15.0,grass,2025,R128,brandon nakashima,yunchaokete bu,0.7839685082435608,1
2025-540_16.0,grass,2025,R128,alex michelsen,miomir kecmanovic,0.5765487551689148,0
2025-540_17.0,grass,2025,R128,adam walton,arthur cazaux,0.40350833535194397,0
2025-540_18.0,grass,2025,R128,marin cilic,raphael collignon,0.7725661396980286,1
2025-540_19.0,grass,2025,R128,christopher eubanks,jesper de jong,0.5197262763977051,0
2025-540_2.0,grass,2025,R128,jack draper,sebastian baez,0.90379798412323,1
2025-540_20.0,grass,2025,R128,daniel evans,jay clarke,0.7208004593849182,1
2025-540_21.0,grass,2025,R128,aleksandar kovacevic,marton fucsovics,0.23581764101982117,0
2025-540_22.0,grass,2025,R128,camilo ugo carabelli,marcos giron,0.24937716126441956,0
2025-540_23.0,grass,2025,R128,david goffin,rinky hijikata,0.7167338132858276,0
2025-540_24.0,grass,2025,R128,august holmgren,quentin halys,0.3622094392776489,1
2025-540_25.0,grass,2025,R128,fabian marozsan,james mccabe,0.7583974003791809,1
2025-540_26.0,grass,2025,R128,george loffhagen,pedro martinez,0.38802024722099304,0
2025-540_27.0,grass,2025,R128,corentin moutet,francisco comesana,0.690744936466217,1
2025-540_28.0,grass,2025,R128,hamad medjedovic,sebastian ofner,0.532302737236023,0
2025-540_29.0,grass,2025,R128,alexander shevchenko,reilly opelka,0.31588125228881836,0
2025-540_3.0,grass,2025,R128,alexandre muller,novak djokovic,0.10282842814922333,0
2025-540_30.0,grass,2025,R128,jack pinnington jones,tomas martin etcheverry,0.29392412304878235,1
2025-540_31.0,grass,2025,R128,jaime faria,lorenzo sonego,0.3319687247276306,0
2025-540_32.0,grass,2025,R128,aleksandar vukic,chun-hsin tseng,0.6515954732894897,1
2025-540_33.0,grass,2025,R128,carlos alcaraz,fabio fognini,0.9766468405723572,1
2025-540_34.0,grass,2025,R128,alexander zverev,arthur rinderknech,0.8625999689102173,0
2025-540_35.0,grass,2025,R128,giovanni mpetshi perricard,taylor fritz,0.1788276880979538,0
2025-540_36.0,grass,2025,R128,holger rune,nicolas jarry,0.8164753317832947,0
2025-540_37.0,grass,2025,R128,benjamin bonzi,daniil medvedev,0.15273769199848175,1
2025-540_38.0,grass,2025,R128,elmer moller,frances tiafoe,0.25609898567199707,0
2025-540_39.0,grass,2025,R128,andrey rublev,laslo djere,0.6318432688713074,1
2025-540_4.0,grass,2025,R128,lorenzo musetti,nikoloz basilashvili,0.928766131401062,0
2025-540_40.0,grass,2025,R128,francisco cerundolo,nuno borges,0.6866905689239502,0
2025-540_41.0,grass,2025,R128,karen khachanov,mackenzie mcdonald,0.7200874090194702,1
2025-540_42.0,grass,2025,R128,alexei popyrin,arthur fery,0.8091302514076233,0
2025-540_43.0,grass,2025,R128,hugo dellien,jiri lehecka,0.09326401352882385,0
2025-540_44.0,grass,2025,R128,stefanos tsitsipas,valentin royer,0.8679500818252563,0
2025-540_45.0,grass,2025,R128,felix auger-aliassime,james duckworth,0.8250105381011963,1
2025-540_46.0,grass,2025,R128,alejandro davidovich fokina,brandon holt,0.8738173246383667,1
2025-540_47.0,grass,2025,R128,jenson brooksby,tallon griekspoor,0.41051000356674194,1
2025-540_48.0,grass,2025,R128,kamil majchrzak,matteo berrettini,0.20519520342350006,1
2025-540_49.0,grass,2025,R128,mattia bellucci,oliver crawford,0.5817919373512268,1
2025-540_5.0,grass,2025,R128,alex bolt,ben shelton,0.23958224058151245,0
2025-540_50.0,grass,2025,R128,luciano darderi,roman safiullin,0.4976937472820282,1
2025-540_51.0,grass,2025,R128,daniel altmaier,gabriel diallo,0.3009781241416931,0
2025-540_52.0,grass,2025,R128,jacob fearnley,joao fonseca,0.4348759651184082,0
2025-540_53.0,grass,2025,R128,chris rodesch,cristian garin,0.31701579689979553,0
2025-540_54.0,grass,2025,R128,billy harris,dusan lajovic,0.45576003193855286,1
2025-540_55.0,grass,2025,R128,lloyd harris,zizou bergs,0.3513088822364807,1
2025-540_56.0,grass,2025,R128,adrian mannarino,christopher o'connell,0.47258538007736206,1
2025-540_57.0,grass,2025,R128,giulio zeppieri,shintaro mochizuki,0.591166615486145,0
2025-540_58.0,grass,2025,R128,cameron norrie,roberto bautista agut,0.5084213018417358,1
2025-540_59.0,grass,2025,R128,ethan quinn,henry searle,0.5778823494911194,1
2025-540_6.0,grass,2025,R128,alex de minaur,roberto carballes baena,0.8295814394950867,1
2025-540_60.0,grass,2025,R128,filip misolic,jan-lennard struff,0.5186280012130737,0
2025-540_61.0,grass,2025,R128,leandro riedi,oliver tarvet,0.5176692605018616,0
2025-540_62.0,grass,2025,R128,jordan thompson,vit kopriva,0.7398990392684937,1
2025-540_63.0,grass,2025,R128,learner tien,nishesh basavareddy,0.6690434217453003,1
2025-540_64.0,grass,2025,R128,botic van de zandschulp,matteo arnaldi,0.33321642875671387,1
2025-540_65.0,grass,2025,R64,aleksandar vukic,jannik sinner,0.019095879048109055,0
2025-540_66.0,grass,2025,R64,jack draper,marin cilic,0.835554838180542,0
2025-540_67.0,grass,2025,R64,daniel evans,novak djokovic,0.079734668135643,0
2025-540_68.0,grass,2025,R64,ben shelton,rinky hijikata,0.8055661916732788,1
2025-540_69.0,grass,2025,R64,alex de minaur,arthur cazaux,0.8508577942848206,1
2025-540_7.0,grass,2025,R128,johannus monday,tommy paul,0.10447509586811066,0
2025-540_70.0,grass,2025,R64,sebastian ofner,tommy paul,0.22401724755764008,1
2025-540_71.0,grass,2025,R64,jakub mensik,marcos giron,0.5865980386734009,1
2025-540_72.0,grass,2025,R64,corentin moutet,grigor dimitrov,0.3620242178440094,0
2025-540_73.0,grass,2025,R64,august holmgren,tomas machac,0.19325579702854156,1
2025-540_74.0,grass,2025,R64,flavio cobolli,jack pinnington jones,0.8121054768562317,1
2025-540_75.0,grass,2025,R64,brandon nakashima,reilly opelka,0.534813642501831,1
2025-540_76.0,grass,2025,R64,gael monfils,marton fucsovics,0.6008341908454895,0
2025-540_77.0,grass,2025,R64,jesper de jong,miomir kecmanovic,0.4357677698135376,0
2025-540_78.0,grass,2025,R64,mariano navone,pedro martinez,0.627278208732605,0
2025-540_79.0,grass,2025,R64,fabian marozsan,jaume munar,0.5194935202598572,0
2025-540_8.0,grass,2025,R128,hugo gaston,jakub mensik,0.1715618222951889,0
2025-540_80.0,grass,2025,R64,lorenzo sonego,nikoloz basilashvili,0.6196416020393372,1
2025-540_81.0,grass,2025,R64,carlos alcaraz,oliver tarvet,0.979559063911438,1
2025-540_82.0,grass,2025,R64,gabriel diallo,taylor fritz,0.2772948741912842,0
2025-540_83.0,grass,2025,R64,cameron norrie,frances tiafoe,0.5230511426925659,1
2025-540_84.0,grass,2025,R64,andrey rublev,lloyd harris,0.7787818908691406,1
2025-540_85.0,grass,2025,R64,karen khachanov,shintaro mochizuki,0.9093492031097412,1
2025-540_86.0,grass,2025,R64,jiri lehecka,mattia bellucci,0.8545666933059692,0
2025-540_87.0,grass,2025,R64,felix auger-aliassime,jan-lennard struff,0.6913524866104126,0
2025-540_88.0,grass,2025,R64,alejandro davidovich fokina,botic van de zandschulp,0.7329636216163635,1
2025-540_89.0,grass,2025,R64,billy harris,nuno borges,0.29739582538604736,0
2025-540_9.0,grass,2025,R128,gael monfils,ugo humbert,0.5040673017501831,1
2025-540_90.0,grass,2025,R64,arthur fery,luciano darderi,0.3563820421695709,0
2025-540_91.0,grass,2025,R64,jenson brooksby,joao fonseca,0.6649681925773621,0
2025-540_92.0,grass,2025,R64,learner tien,nicolas jarry,0.5135707855224609,0
2025-540_93.0,grass,2025,R64,ethan quinn,kamil majchrzak,0.37520289421081543,0
2025-540_94.0,grass,2025,R64,adrian mannarino,valentin royer,0.5560524463653564,1
2025-540_95.0,grass,2025,R64,arthur rinderknech,cristian garin,0.5084004402160645,1
2025-540_96.0,grass,2025,R64,benjamin bonzi,jordan thompson,0.32797959446907043,0
2025-540_97.0,grass,2025,R32,jannik sinner,pedro martinez,0.9738981127738953,1
2025-540_98.0,grass,2025,R32,miomir kecmanovic,novak djokovic,0.1020979955792427,0
2025-540_99.0,grass,2025,R32,ben shelton,marton fucsovics,0.5884398818016052,1
2025-741_1.0,grass,2025,R32,flavio cobolli,jacob fearnley,0.6696807742118835,0
2025-741_10.0,grass,2025,R32,daniel evans,miomir kecmanovic,0.37968769669532776,1
2025-741_11.0,grass,2025,R32,joao fonseca,zizou bergs,0.5324794054031372,1
2025-741_12.0,grass,2025,R32,fabian marozsan,lorenzo sonego,0.6204639077186584,0
2025-741_13.0,grass,2025,R16,joao fonseca,taylor fritz,0.288359671831131,0
2025-741_14.0,grass,2025,R16,daniel evans,tommy paul,0.12113837897777557,1
2025-741_15.0,grass,2025,R16,jakub mensik,reilly opelka,0.6444157361984253,1
2025-741_16.0,grass,2025,R16,lorenzo sonego,ugo humbert,0.35869279503822327,0
2025-741_17.0,grass,2025,R16,alejandro davidovich fokina,james duckworth,0.8246060609817505,1
2025-741_18.0,grass,2025,R16,jenson brooksby,nuno borges,0.6386830806732178,1
2025-741_19.0,grass,2025,R16,jacob fearnley,marcos giron,0.43885233998298645,0
2025-741_2.0,grass,2025,R32,jack pinnington jones,nuno borges,0.2617841958999634,0
2025-741_20.0,grass,2025,R16,billy harris,mattia bellucci,0.3941168189048767,1
2025-741_21.0,grass,2025,QF,marcos giron,taylor fritz,0.3096690773963928,0
2025-741_22.0,grass,2025,QF,alejandro davidovich fokina,jakub mensik,0.42736899852752686,1
2025-741_23.0,grass,2025,QF,billy harris,ugo humbert,0.21822789311408997,0
2025-741_24.0,grass,2025,QF,daniel evans,jenson brooksby,0.2414805144071579,0
2025-741_25.0,grass,2025,SF,alejandro davidovich fokina,taylor fritz,0.32995855808258057,0
2025-741_26.0,grass,2025,SF,jenson brooksby,ugo humbert,0.5391395688056946,1
2025-741_27.0,grass,2025,F,jenson brooksby,taylor fritz,0.35144177079200745,0
2025-741_3.0,grass,2025,R32,francisco comesana,jenson brooksby,0.2364511340856552,0
2025-741_4.0,grass,2025,R32,aleksandar vukic,james duckworth,0.6122925877571106,0
2025-741_5.0,grass,2025,R32,luciano darderi,marcos giron,0.34800997376441956,0
2025-741_6.0,grass,2025,R32,billy harris,cameron norrie,0.18078212440013885,1
2025-741_7.0,grass,2025,R32,george loffhagen,reilly opelka,0.21992971003055573,0
2025-741_8.0,grass,2025,R32,alejandro davidovich fokina,chun-hsin tseng,0.8762894868850708,1
2025-741_9.0,grass,2025,R32,mattia bellucci,quentin halys,0.3396781384944916,1
2025-8994_1.0,grass,2025,R32,roberto bautista agut,tomas martin etcheverry,0.5833238959312439,1
2025-8994_10.0,grass,2025,R32,justin engel,learner tien,0.4279353618621826,0
2025-8994_11.0,grass,2025,R32,daniel altmaier,fabio fognini,0.6048341393470764,1
2025-8994_12.0,grass,2025,R32,laslo djere,yunchaokete bu,0.7049398422241211,1
2025-8994_13.0,grass,2025,R16,ben shelton,learner tien,0.7593321204185486,0
2025-8994_14.0,grass,2025,R16,alex michelsen,brandon holt,0.8027194738388062,1
2025-8994_15.0,grass,2025,R16,bernard tomic,roberto bautista agut,0.346544086933136,0
2025-8994_16.0,grass,2025,R16,corentin moutet,daniel altmaier,0.5884665846824646,1
2025-8994_17.0,grass,2025,R16,arthur rinderknech,felix auger-aliassime,0.34486502408981323,0
2025-8994_18.0,grass,2025,R16,ethan quinn,tallon griekspoor,0.1656104326248169,0
2025-8994_19.0,grass,2025,R16,gabriel diallo,laslo djere,0.5997517704963684,1
2025-8994_2.0,grass,2025,R32,benjamin bonzi,brandon holt,0.7014403939247131,0
2025-8994_20.0,grass,2025,R16,hamad medjedovic,roman safiullin,0.5876120924949646,1
2025-8994_21.0,grass,2025,QF,felix auger-aliassime,hamad medjedovic,0.5713616013526917,1
2025-8994_22.0,grass,2025,QF,alex michelsen,roberto bautista agut,0.4412866234779358,1
2025-8994_23.0,grass,2025,QF,gabriel diallo,tallon griekspoor,0.3975922763347626,0
2025-8994_24.0,grass,2025,QF,corentin moutet,learner tien,0.5864102244377136,1
2025-8994_25.0,grass,2025,SF,felix auger-aliassime,tallon griekspoor,0.4001989960670471,0
2025-8994_26.0,grass,2025,SF,alex michelsen,corentin moutet,0.5352784991264343,0
2025-8994_27.0,grass,2025,F,corentin moutet,tallon griekspoor,0.3064482808113098,0
2025-8994_3.0,grass,2025,R32,bernard tomic,rinky hijikata,0.5592858791351318,1
2025-8994_4.0,grass,2025,R32,alexandre muller,roman safiullin,0.6242612600326538,0
2025-8994_5.0,grass,2025,R32,gabriel diallo,jaume munar,0.6044875979423523,1
2025-8994_6.0,grass,2025,R32,hamad medjedovic,nishesh basavareddy,0.7287235856056213,1
2025-8994_7.0,grass,2025,R32,corentin moutet,pedro martinez,0.629981517791748,1
2025-8994_8.0,grass,2025,R32,camilo ugo carabelli,ethan quinn,0.5309619307518005,0
2025-8994_9.0,grass,2025,R32,arthur rinderknech,damir dzumhur,0.5421541929244995,1
2025-301_1.0,hard,2025,R32,luciano darderi,nuno borges,0.33974960446357727,0
2025-301_10.0,hard,2025,R32,jan-lennard struff,yunchaokete bu,0.35969892144203186,1
2025-301_11.0,hard,2025,R32,francisco comesana,nishesh basavareddy,0.3687051832675934,0
2025-301_12.0,hard,2025,R32,jakub mensik,pablo carreno busta,0.5648117065429688,1
2025-301_13.0,hard,2025,R16,alejandro tabilo,nishesh basavareddy,0.48012828826904297,0
2025-301_14.0,hard,2025,R16,luca nardi,zizou bergs,0.3244566321372986,0
2025-301_15.0,hard,2025,R16,alex michelsen,lorenzo sonego,0.5754942297935486,1
2025-301_16.0,hard,2025,R16,facundo diaz acosta,sebastian baez,0.24871069192886353,1
2025-301_17.0,hard,2025,R16,francisco cerundolo,roberto carballes baena,0.3822520971298218,0
2025-301_18.0,hard,2025,R16,gael monfils,jan-lennard struff,0.5635746121406555,1
2025-301_19.0,hard,2025,R16,mariano navone,nuno borges,0.4023154377937317,0
2025-301_2.0,hard,2025,R32,daniel altmaier,roberto carballes baena,0.2482101321220398,0
2025-301_20.0,hard,2025,R16,ben shelton,jakub mensik,0.3926180601119995,0
2025-301_21.0,hard,2025,QF,alex michelsen,nishesh basavareddy,0.7418771386146545,0
2025-301_22.0,hard,2025,QF,facundo diaz acosta,gael monfils,0.2329476773738861,0
2025-301_23.0,hard,2025,QF,roberto carballes baena,zizou bergs,0.5291179418563843,0
2025-301_24.0,hard,2025,QF,jakub mensik,nuno borges,0.5966305732727051,0
2025-301_25.0,hard,2025,SF,gael monfils,nishesh basavareddy,0.7856001257896423,1
2025-301_26.0,hard,2025,SF,nuno borges,zizou bergs,0.5523438453674316,0
2025-301_27.0,hard,2025,F,gael monfils,zizou bergs,0.6871309876441956,1
2025-301_3.0,hard,2025,R32,isaac becroft,zizou bergs,0.08787757158279419,0
2025-301_4.0,hard,2025,R32,alex michelsen,sumit nagal,0.8389087915420532,1
2025-301_5.0,hard,2025,R32,adrian mannarino,mariano navone,0.3527405858039856,0
2025-301_6.0,hard,2025,R32,flavio cobolli,luca nardi,0.8700617551803589,0
2025-301_7.0,hard,2025,R32,gabriel diallo,lorenzo sonego,0.45618218183517456,0
2025-301_8.0,hard,2025,R32,cameron norrie,facundo diaz acosta,0.5892949104309082,0
2025-301_9.0,hard,2025,R32,gael monfils,pedro martinez,0.7298045754432678,1
2025-328_1.0,hard,2025,R32,taylor fritz,valentin vacherot,0.8240963816642761,1
2025-328_10.0,hard,2025,R32,reilly opelka,sebastian baez,0.6490427851676941,1
2025-328_11.0,hard,2025,R32,raphael collignon,valentin royer,0.4887339770793915,0
2025-328_12.0,hard,2025,R32,miomir kecmanovic,stan wawrinka,0.7410876750946045,0
2025-328_13.0,hard,2025,R32,henry bernet,jakub mensik,0.09951742738485336,0
2025-328_14.0,hard,2025,R32,alejandro davidovich fokina,lorenzo sonego,0.6903380155563354,1
2025-328_15.0,hard,2025,R32,alexandre muller,jenson brooksby,0.5178706645965576,0
2025-328_16.0,hard,2025,R32,jaume munar,remy bertola,0.8255539536476135,1
2025-328_17.0,hard,2025,R16,ben shelton,jaume munar,0.7039610743522644,0
2025-328_18.0,hard,2025,R16,felix auger-aliassime,marin cilic,0.7751377820968628,1
2025-328_19.0,hard,2025,R16,denis shapovalov,valentin royer,0.6635997295379639,1
2025-328_2.0,hard,2025,R32,casper ruud,quentin halys,0.835013210773468,1
2025-328_20.0,hard,2025,R16,taylor fritz,ugo humbert,0.5665460228919983,0
2025-328_21.0,hard,2025,R16,casper ruud,stan wawrinka,0.8303890824317932,1
2025-328_22.0,hard,2025,R16,botic van de zandschulp,reilly opelka,0.49651193618774414,0
2025-328_23.0,hard,2025,R16,alejandro davidovich fokina,jenson brooksby,0.531933069229126,1
2025-328_24.0,hard,2025,R16,jakub mensik,joao fonseca,0.5296018123626709,0
2025-328_25.0,hard,2025,QF,alejandro davidovich fokina,casper ruud,0.38814181089401245,1
2025-328_26.0,hard,2025,QF,felix auger-aliassime,jaume munar,0.8364478349685669,0
2025-328_27.0,hard,2025,QF,denis shapovalov,joao fonseca,0.45244890451431274,0
2025-328_28.0,hard,2025,QF,reilly opelka,ugo humbert,0.34266310930252075,0
2025-328_29.0,hard,2025,SF,alejandro davidovich fokina,ugo humbert,0.5148000121116638,1
2025-328_3.0,hard,2025,R32,felix auger-aliassime,gabriel diallo,0.77244633436203,1
2025-328_30.0,hard,2025,SF,jaume munar,joao fonseca,0.4928590953350067,0
2025-328_31.0,hard,2025,F,alejandro davidovich fokina,joao fonseca,0.532451868057251,0
2025-328_4.0,hard,2025,R32,botic van de zandschulp,jiri lehecka,0.19312617182731628,1
2025-328_5.0,hard,2025,R32,sebastian korda,ugo humbert,0.44206395745277405,0
2025-328_6.0,hard,2025,R32,ben shelton,kamil majchrzak,0.5890073776245117,1
2025-328_7.0,hard,2025,R32,denis shapovalov,marcos giron,0.6324747800827026,1
2025-328_8.0,hard,2025,R32,david goffin,marin cilic,0.43863627314567566,0
2025-328_9.0,hard,2025,R32,giovanni mpetshi perricard,joao fonseca,0.5017813444137573,0
2025-329_nan,hard,2025,R32,jenson brooksby,ugo humbert,0.4211864769458771,1
2025-337_1.0,hard,2025,R32,daniel altmaier,jannik sinner,0.0528484508395195,0
2025-337_10.0,hard,2025,R32,nicolai budkov kjaer,tomas martin etcheverry,0.260879248380661,0
2025-337_11.0,hard,2025,R32,camilo ugo carabelli,filip misolic,0.5017374157905579,0
2025-337_12.0,hard,2025,R32,alex de minaur,jurij rodionov,0.8952688574790955,1
2025-337_13.0,hard,2025,R32,karen khachanov,tallon griekspoor,0.604569137096405,0
2025-337_14.0,hard,2025,R32,alejandro tabilo,alexander bublik,0.3509059250354767,0
2025-337_15.0,hard,2025,R32,aleksandar kovacevic,matteo arnaldi,0.38122767210006714,0
2025-337_16.0,hard,2025,R32,brandon nakashima,luciano darderi,0.7003288269042969,1
2025-337_17.0,hard,2025,R16,alex de minaur,filip misolic,0.8460618853569031,1
2025-337_18.0,hard,2025,R16,brandon nakashima,tallon griekspoor,0.5160722136497498,0
2025-337_19.0,hard,2025,R16,corentin moutet,daniil medvedev,0.30748093128204346,1
2025-337_2.0,hard,2025,R32,daniil medvedev,nuno borges,0.8608092069625854,1
2025-337_20.0,hard,2025,R16,cameron norrie,matteo berrettini,0.4382222890853882,0
2025-337_21.0,hard,2025,R16,lorenzo musetti,tomas martin etcheverry,0.7391719818115234,1
2025-337_22.0,hard,2025,R16,flavio cobolli,jannik sinner,0.0520167201757431,0
2025-337_23.0,hard,2025,R16,alexander zverev,matteo arnaldi,0.8229865431785583,1
2025-337_24.0,hard,2025,R16,alexander bublik,francisco cerundolo,0.40870749950408936,1
2025-337_25.0,hard,2025,QF,corentin moutet,lorenzo musetti,0.4192948341369629,0
2025-337_26.0,hard,2025,QF,alexander bublik,jannik sinner,0.07406850159168243,0
2025-337_27.0,hard,2025,QF,alexander zverev,tallon griekspoor,0.7512702941894531,1
2025-337_28.0,hard,2025,QF,alex de minaur,matteo berrettini,0.7289977073669434,1
2025-337_29.0,hard,2025,SF,alex de minaur,jannik sinner,0.13825133442878723,0
2025-337_3.0,hard,2025,R32,alexei popyrin,matteo berrettini,0.3247073292732239,0
2025-337_30.0,hard,2025,SF,alexander zverev,lorenzo musetti,0.574892520904541,1
2025-337_31.0,hard,2025,F,alexander zverev,jannik sinner,0.13421937823295593,0
2025-337_4.0,hard,2025,R32,flavio cobolli,tomas machac,0.528742253780365,1
2025-337_5.0,hard,2025,R32,corentin moutet,damir dzumhur,0.7197214365005493,1
2025-337_6.0,hard,2025,R32,alexander zverev,jacob fearnley,0.7722402811050415,1
2025-337_7.0,hard,2025,R32,hamad medjedovic,lorenzo musetti,0.2877037227153778,0
2025-337_8.0,hard,2025,R32,andrey rublev,cameron norrie,0.5937597751617432,0
2025-337_9.0,hard,2025,R32,alex michelsen,francisco cerundolo,0.6376984715461731,0
2025-341_1.0,hard,2025,R32,matteo berrettini,quentin halys,0.747757077217102,1
2025-341_10.0,hard,2025,R32,kyrian jacquet,luca van assche,0.5968401432037354,1
2025-341_11.0,hard,2025,R32,aleksandar vukic,corentin moutet,0.2842714190483093,1
2025-341_12.0,hard,2025,R32,alexander blockx,francesco passaro,0.6092978119850159,1
2025-341_13.0,hard,2025,R16,flavio cobolli,lorenzo sonego,0.39938488602638245,0
2025-341_14.0,hard,2025,R16,daniel altmaier,hugo gaston,0.655543863773346,1
2025-341_15.0,hard,2025,R16,dan added,kyrian jacquet,0.3312046229839325,0
2025-341_16.0,hard,2025,R16,alexander blockx,clement tabur,0.39350250363349915,0
2025-341_17.0,hard,2025,R16,learner tien,moez echargui,0.826614260673523,1
2025-341_18.0,hard,2025,R16,arthur cazaux,cameron norrie,0.3225879967212677,0
2025-341_19.0,hard,2025,R16,aleksandar vukic,matteo berrettini,0.32392045855522156,0
2025-341_2.0,hard,2025,R32,cameron norrie,valentin royer,0.6411616802215576,1
2025-341_20.0,hard,2025,R16,alexander bublik,vitaliy sachko,0.8207403421401978,0
2025-341_21.0,hard,2025,QF,cameron norrie,kyrian jacquet,0.7855349183082581,1
2025-341_22.0,hard,2025,QF,daniel altmaier,lorenzo sonego,0.4988255500793457,0
2025-341_23.0,hard,2025,QF,clement tabur,vitaliy sachko,0.5560952425003052,0
2025-341_24.0,hard,2025,QF,learner tien,matteo berrettini,0.5207412838935852,1
2025-341_25.0,hard,2025,SF,cameron norrie,lorenzo sonego,0.5923014283180237,1
2025-341_26.0,hard,2025,SF,learner tien,vitaliy sachko,0.828460693359375,1
2025-341_27.0,hard,2025,F,cameron norrie,learner tien,0.48451071977615356,0
2025-341_3.0,hard,2025,R32,giovanni mpetshi perricard,vitaliy sachko,0.8342924118041992,0
2025-341_4.0,hard,2025,R32,jan choinski,lorenzo sonego,0.21524496376514435,0
2025-341_5.0,hard,2025,R32,aleksandar kovacevic,clement tabur,0.6703172922134399,0
2025-341_6.0,hard,2025,R32,learner tien,ugo blanchet,0.8497344255447388,1
2025-341_7.0,hard,2025,R32,adrian mannarino,arthur cazaux,0.3795633614063263,0
2025-341_8.0,hard,2025,R32,hugo gaston,terence atmane,0.29687440395355225,1
2025-341_9.0,hard,2025,R32,arthur rinderknech,daniel altmaier,0.6773979663848877,0
2025-352_1.0,hard,2025,R64,alexander bublik,alexei popyrin,0.5976687073707581,1
2025-352_10.0,hard,2025,R64,learner tien,nuno borges,0.39545881748199463,1
2025-352_11.0,hard,2025,R64,aleksandar vukic,terence atmane,0.6580939292907715,1
2025-352_12.0,hard,2025,R64,ethan quinn,karen khachanov,0.19402608275413513,0
2025-352_13.0,hard,2025,R64,alex michelsen,zizou bergs,0.6199466586112976,0
2025-352_14.0,hard,2025,R64,giovanni mpetshi perricard,grigor dimitrov,0.5489397048950195,0
2025-352_15.0,hard,2025,R64,alexandre muller,brandon nakashima,0.3228754699230194,1
2025-352_16.0,hard,2025,R64,lorenzo sonego,sebastian korda,0.371573805809021,1
2025-352_17.0,hard,2025,R64,felix auger-aliassime,francisco comesana,0.8581832647323608,1
2025-352_18.0,hard,2025,R64,daniil medvedev,jaume munar,0.6433312892913818,1
2025-352_19.0,hard,2025,R64,jiri lehecka,valentin vacherot,0.6808999180793762,0
2025-352_2.0,hard,2025,R64,andrey rublev,jacob fearnley,0.8004574775695801,1
2025-352_20.0,hard,2025,R64,gabriel diallo,tallon griekspoor,0.3896944224834442,1
2025-352_21.0,hard,2025,R64,denis shapovalov,joao fonseca,0.3999665379524231,0
2025-352_22.0,hard,2025,R64,corentin moutet,reilly opelka,0.5887801051139832,1
2025-352_23.0,hard,2025,R64,camilo ugo carabelli,tomas martin etcheverry,0.3303568363189697,1
2025-352_24.0,hard,2025,R64,alejandro davidovich fokina,valentin royer,0.7461063861846924,1
2025-352_25.0,hard,2025,R32,aleksandar vukic,taylor fritz,0.13096755743026733,0
2025-352_26.0,hard,2025,R32,cameron norrie,carlos alcaraz,0.11428344994783401,1
2025-352_27.0,hard,2025,R32,ben shelton,flavio cobolli,0.6045620441436768,1
2025-352_28.0,hard,2025,R32,andrey rublev,learner tien,0.2953774929046631,1
2025-352_29.0,hard,2025,R32,jannik sinner,zizou bergs,0.9057954549789429,1
2025-352_3.0,hard,2025,R64,daniel altmaier,marcos giron,0.47182679176330566,1
2025-352_30.0,hard,2025,R32,alexander zverev,camilo ugo carabelli,0.8187100291252136,1
2025-352_31.0,hard,2025,R32,casper ruud,daniel altmaier,0.6654742956161499,0
2025-352_32.0,hard,2025,R32,alexandre muller,felix auger-aliassime,0.15706178545951843,0
2025-352_33.0,hard,2025,R32,daniil medvedev,grigor dimitrov,0.5177140831947327,1
2025-352_34.0,hard,2025,R32,alejandro davidovich fokina,arthur cazaux,0.7224199771881104,1
2025-352_35.0,hard,2025,R32,francisco cerundolo,miomir kecmanovic,0.710324227809906,1
2025-352_36.0,hard,2025,R32,arthur rinderknech,valentin vacherot,0.5791637301445007,0
2025-352_37.0,hard,2025,R32,alex de minaur,gabriel diallo,0.6759254336357117,1
2025-352_38.0,hard,2025,R32,lorenzo musetti,lorenzo sonego,0.692015528678894,0
2025-352_39.0,hard,2025,R32,joao fonseca,karen khachanov,0.5250992774963379,0
2025-352_4.0,hard,2025,R64,arthur cazaux,luciano darderi,0.3825455904006958,1
2025-352_40.0,hard,2025,R32,alexander bublik,corentin moutet,0.5886214971542358,1
2025-352_41.0,hard,2025,R16,francisco cerundolo,jannik sinner,0.08639165014028549,0
2025-352_42.0,hard,2025,R16,alejandro davidovich fokina,alexander zverev,0.3019780218601227,0
2025-352_43.0,hard,2025,R16,alexander bublik,taylor fritz,0.27508512139320374,1
2025-352_44.0,hard,2025,R16,andrey rublev,ben shelton,0.31253954768180847,0
2025-352_45.0,hard,2025,R16,alex de minaur,karen khachanov,0.7195029854774475,1
2025-352_46.0,hard,2025,R16,daniel altmaier,felix auger-aliassime,0.1698654145002365,0
2025-352_47.0,hard,2025,R16,daniil medvedev,lorenzo sonego,0.7941840887069702,1
2025-352_48.0,hard,2025,R16,cameron norrie,valentin vacherot,0.5426315665245056,0
2025-352_49.0,hard,2025,QF,felix auger-aliassime,valentin vacherot,0.701606273651123,1
2025-352_5.0,hard,2025,R64,damir dzumhur,francisco cerundolo,0.20824502408504486,0
2025-352_50.0,hard,2025,QF,alex de minaur,alexander bublik,0.6815052628517151,0
2025-352_51.0,hard,2025,QF,ben shelton,jannik sinner,0.09715460985898972,0
2025-352_52.0,hard,2025,QF,alexander zverev,daniil medvedev,0.5162543654441833,1
2025-352_53.0,hard,2025,SF,alexander bublik,felix auger-aliassime,0.32996976375579834,0
2025-352_54.0,hard,2025,SF,alexander zverev,jannik sinner,0.1821393072605133,0
2025-352_55.0,hard,2025,F,felix auger-aliassime,jannik sinner,0.1762453317642212,0
2025-352_6.0,hard,2025,R64,flavio cobolli,tomas machac,0.501861572265625,1
2025-352_7.0,hard,2025,R64,aleksandar kovacevic,miomir kecmanovic,0.3907177448272705,0
2025-352_8.0,hard,2025,R64,cameron norrie,sebastian baez,0.6864581108093262,1
2025-352_9.0,hard,2025,R64,arthur rinderknech,fabian marozsan,0.40540027618408203,1
2025-375_1.0,hard,2025,R32,aleksandar kovacevic,david goffin,0.2169600874185562,1
2025-375_10.0,hard,2025,R32,daniel altmaier,yunchaokete bu,0.45534616708755493,0
2025-375_11.0,hard,2025,R32,arthur cazaux,stan wawrinka,0.5037862062454224,1
2025-375_12.0,hard,2025,R32,dominik koepfer,gregoire barrere,0.7506464123725891,1
2025-375_13.0,hard,2025,R16,flavio cobolli,jesper de jong,0.519098162651062,0
2025-375_14.0,hard,2025,R16,richard gasquet,tallon griekspoor,0.276115357875824,0
2025-375_15.0,hard,2025,R16,arthur rinderknech,nikoloz basilashvili,0.7006471753120422,0
2025-375_16.0,hard,2025,R16,aleksandar kovacevic,mattia bellucci,0.4833202064037323,1
2025-375_17.0,hard,2025,R16,andrey rublev,christopher eubanks,0.7429394721984863,1
2025-375_18.0,hard,2025,R16,arthur cazaux,felix auger-aliassime,0.4272274076938629,0
2025-375_19.0,hard,2025,R16,alexander bublik,dominik koepfer,0.25375571846961975,1
2025-375_2.0,hard,2025,R32,mikhail kukushkin,nikoloz basilashvili,0.29322659969329834,0
2025-375_20.0,hard,2025,R16,constant lestienne,yunchaokete bu,0.3310491740703583,0
2025-375_21.0,hard,2025,QF,andrey rublev,nikoloz basilashvili,0.6431310176849365,1
2025-375_22.0,hard,2025,QF,felix auger-aliassime,yunchaokete bu,0.7411239147186279,1
2025-375_23.0,hard,2025,QF,aleksandar kovacevic,alexander bublik,0.3691999912261963,1
2025-375_24.0,hard,2025,QF,jesper de jong,tallon griekspoor,0.2737717032432556,1
2025-375_25.0,hard,2025,SF,aleksandar kovacevic,andrey rublev,0.2693732678890228,1
2025-375_26.0,hard,2025,SF,felix auger-aliassime,jesper de jong,0.7913157343864441,1
2025-375_27.0,hard,2025,F,aleksandar kovacevic,felix auger-aliassime,0.18038219213485718,0
2025-375_3.0,hard,2025,R32,jesper de jong,quentin halys,0.2943499684333801,1
2025-375_4.0,hard,2025,R32,botic van de zandschulp,tallon griekspoor,0.39813679456710815,0
2025-375_5.0,hard,2025,R32,arthur rinderknech,harold mayot,0.7450532913208008,1
2025-375_6.0,hard,2025,R32,lucas pouille,mattia bellucci,0.6956720948219299,0
2025-375_7.0,hard,2025,R32,alibek kachmazov,christopher eubanks,0.6604613065719604,0
2025-375_8.0,hard,2025,R32,adrian mannarino,richard gasquet,0.6498487591743469,0
2025-375_9.0,hard,2025,R32,borna coric,constant lestienne,0.7948455214500427,0
2025-403_1.0,hard,2025,R128,matteo arnaldi,yibing wu,0.8123143911361694,1
2025-403_10.0,hard,2025,R128,jakub mensik,roberto bautista agut,0.5985209345817566,1
2025-403_11.0,hard,2025,R128,christopher eubanks,reilly opelka,0.16799519956111908,0
2025-403_12.0,hard,2025,R128,jenson brooksby,roman safiullin,0.591849684715271,0
2025-403_13.0,hard,2025,R128,lorenzo sonego,mariano navone,0.6297027468681335,1
2025-403_14.0,hard,2025,R128,jordan thompson,marcos giron,0.5332275629043579,1
2025-403_15.0,hard,2025,R128,flavio cobolli,thiago agustin tirante,0.7406711578369141,0
2025-403_16.0,hard,2025,R128,coleman wong,daniel altmaier,0.2792864441871643,1
2025-403_17.0,hard,2025,R128,alexander bublik,sebastian baez,0.4544265568256378,1
2025-403_18.0,hard,2025,R128,christopher o'connell,roberto carballes baena,0.549700140953064,0
2025-403_19.0,hard,2025,R128,federico cina,francisco comesana,0.45500898361206055,1
2025-403_2.0,hard,2025,R128,nuno borges,zizou bergs,0.500838577747345,0
2025-403_20.0,hard,2025,R128,aleksandar vukic,david goffin,0.4614966809749603,0
2025-403_21.0,hard,2025,R128,quentin halys,thiago seyboth wild,0.5953216552734375,1
2025-403_22.0,hard,2025,R128,hamad medjedovic,rinky hijikata,0.41311731934547424,0
2025-403_23.0,hard,2025,R128,aleksandar kovacevic,miomir kecmanovic,0.30836567282676697,0
2025-403_24.0,hard,2025,R128,mackenzie mcdonald,nick kyrgios,0.5708665251731873,0
2025-403_25.0,hard,2025,R128,fabian marozsan,gael monfils,0.3045006990432739,0
2025-403_26.0,hard,2025,R128,alexander blockx,corentin moutet,0.2426757514476776,0
2025-403_27.0,hard,2025,R128,alexandre muller,rei sakamoto,0.6678298711776733,1
2025-403_28.0,hard,2025,R128,arthur rinderknech,jaume munar,0.5006242990493774,0
2025-403_29.0,hard,2025,R128,ethan quinn,tristan schoolkate,0.6211541891098022,0
2025-403_3.0,hard,2025,R128,cameron norrie,yunchaokete bu,0.5859213471412659,0
2025-403_30.0,hard,2025,R128,billy harris,eliot spizzirri,0.6050044894218445,0
2025-403_31.0,hard,2025,R128,chun-hsin tseng,mattia bellucci,0.19227911531925201,1
2025-403_32.0,hard,2025,R128,brandon holt,camilo ugo carabelli,0.26900413632392883,0
2025-403_33.0,hard,2025,R64,alexander zverev,jacob fearnley,0.8248189687728882,1
2025-403_34.0,hard,2025,R64,lorenzo sonego,taylor fritz,0.3504602313041687,0
2025-403_35.0,hard,2025,R64,jack draper,jakub mensik,0.6381473541259766,0
2025-403_36.0,hard,2025,R64,andrey rublev,zizou bergs,0.4865361750125885,0
2025-403_37.0,hard,2025,R64,alex de minaur,yunchaokete bu,0.6337469220161438,1
2025-403_38.0,hard,2025,R64,holger rune,reilly opelka,0.611975908279419,0
2025-403_39.0,hard,2025,R64,ben shelton,coleman wong,0.6751948595046997,0
2025-403_4.0,hard,2025,R128,luciano darderi,pedro martinez,0.5104823708534241,1
2025-403_40.0,hard,2025,R64,alejandro davidovich fokina,frances tiafoe,0.7374019026756287,0
2025-403_41.0,hard,2025,R64,arthur fils,gabriel diallo,0.495530366897583,1
2025-403_42.0,hard,2025,R64,joao fonseca,ugo humbert,0.457457035779953,1
2025-403_43.0,hard,2025,R64,matteo arnaldi,tomas machac,0.5805690288543701,0
2025-403_44.0,hard,2025,R64,alexei popyrin,roman safiullin,0.37737956643104553,0
2025-403_45.0,hard,2025,R64,denis shapovalov,thiago agustin tirante,0.6115402579307556,1
2025-403_46.0,hard,2025,R64,giovanni mpetshi perricard,jordan thompson,0.23502236604690552,0
2025-403_47.0,hard,2025,R64,hugo gaston,matteo berrettini,0.19499337673187256,0
2025-403_48.0,hard,2025,R64,adam walton,luciano darderi,0.4503994882106781,1
2025-403_49.0,hard,2025,R64,carlos alcaraz,david goffin,0.7814405560493469,0
2025-403_5.0,hard,2025,R128,alejandro davidovich fokina,jan-lennard struff,0.6392043232917786,1
2025-403_50.0,hard,2025,R64,novak djokovic,rinky hijikata,0.757923424243927,1
2025-403_51.0,hard,2025,R64,casper ruud,miomir kecmanovic,0.3763236403465271,1
2025-403_52.0,hard,2025,R64,daniil medvedev,jaume munar,0.6750749945640564,0
2025-403_53.0,hard,2025,R64,chun-hsin tseng,stefanos tsitsipas,0.12221270799636841,0
2025-403_54.0,hard,2025,R64,alexander bublik,tommy paul,0.3396326005458832,0
2025-403_55.0,hard,2025,R64,federico cina,grigor dimitrov,0.22610512375831604,0
2025-403_56.0,hard,2025,R64,lorenzo musetti,quentin halys,0.4344172179698944,1
2025-403_57.0,hard,2025,R64,felix auger-aliassime,tristan schoolkate,0.6468671560287476,1
2025-403_58.0,hard,2025,R64,karen khachanov,nick kyrgios,0.789146900177002,1
2025-403_59.0,hard,2025,R64,alexandre muller,francisco cerundolo,0.5530884265899658,0
2025-403_6.0,hard,2025,R128,gabriel diallo,tomas martin etcheverry,0.419690877199173,1
2025-403_60.0,hard,2025,R64,eliot spizzirri,sebastian korda,0.18157827854156494,0
2025-403_61.0,hard,2025,R64,gael monfils,jiri lehecka,0.7151745557785034,1
2025-403_62.0,hard,2025,R64,alejandro tabilo,corentin moutet,0.27654093503952026,1
2025-403_63.0,hard,2025,R64,brandon nakashima,roberto carballes baena,0.6638041734695435,1
2025-403_64.0,hard,2025,R64,alex michelsen,camilo ugo carabelli,0.5013705492019653,0
2025-403_65.0,hard,2025,R32,alexander zverev,jordan thompson,0.7597956657409668,1
2025-403_66.0,hard,2025,R32,denis shapovalov,taylor fritz,0.38014689087867737,0
2025-403_67.0,hard,2025,R32,alex de minaur,joao fonseca,0.736381471157074,1
2025-403_68.0,hard,2025,R32,arthur fils,frances tiafoe,0.5358858704566956,1
2025-403_69.0,hard,2025,R32,reilly opelka,tomas machac,0.2945208251476288,0
2025-403_7.0,hard,2025,R128,benjamin bonzi,jacob fearnley,0.5517493486404419,0
2025-403_70.0,hard,2025,R32,matteo berrettini,zizou bergs,0.4024031460285187,1
2025-403_71.0,hard,2025,R32,jakub mensik,roman safiullin,0.6153252720832825,1
2025-403_72.0,hard,2025,R32,adam walton,coleman wong,0.3317199647426605,1
2025-403_73.0,hard,2025,R32,camilo ugo carabelli,novak djokovic,0.0783056765794754,0
2025-403_74.0,hard,2025,R32,alejandro tabilo,casper ruud,0.23546941578388214,0
2025-403_75.0,hard,2025,R32,sebastian korda,stefanos tsitsipas,0.3869274854660034,1
2025-403_76.0,hard,2025,R32,francisco cerundolo,tommy paul,0.39300239086151123,1
2025-403_77.0,hard,2025,R32,grigor dimitrov,karen khachanov,0.6021638512611389,1
2025-403_78.0,hard,2025,R32,felix auger-aliassime,lorenzo musetti,0.5621277689933777,0
2025-403_79.0,hard,2025,R32,brandon nakashima,david goffin,0.35960301756858826,1
2025-403_8.0,hard,2025,R128,joao fonseca,learner tien,0.5439071655273438,1
2025-403_80.0,hard,2025,R32,gael monfils,jaume munar,0.7478954792022705,1
2025-403_81.0,hard,2025,R16,alexander zverev,arthur fils,0.7814975380897522,0
2025-403_82.0,hard,2025,R16,adam walton,taylor fritz,0.06185472756624222,0
2025-403_83.0,hard,2025,R16,lorenzo musetti,novak djokovic,0.16092927753925323,0
2025-403_84.0,hard,2025,R16,casper ruud,francisco cerundolo,0.47387000918388367,0
2025-403_85.0,hard,2025,R16,alex de minaur,matteo berrettini,0.6201983094215393,0
2025-403_86.0,hard,2025,R16,brandon nakashima,grigor dimitrov,0.3394676744937897,0
2025-403_87.0,hard,2025,R16,jakub mensik,tomas machac,0.40078088641166687,1
2025-403_88.0,hard,2025,R16,gael monfils,sebastian korda,0.5134916305541992,0
2025-403_89.0,hard,2025,QF,matteo berrettini,taylor fritz,0.3015506863594055,0
2025-403_9.0,hard,2025,R128,hugo gaston,yoshihito nishioka,0.5523372292518616,1
2025-403_90.0,hard,2025,QF,novak djokovic,sebastian korda,0.7342716455459595,1
2025-403_91.0,hard,2025,QF,arthur fils,jakub mensik,0.5371968150138855,0
2025-403_92.0,hard,2025,QF,francisco cerundolo,grigor dimitrov,0.4007977545261383,0
2025-403_93.0,hard,2025,SF,jakub mensik,taylor fritz,0.264460951089859,1
2025-403_94.0,hard,2025,SF,grigor dimitrov,novak djokovic,0.24110205471515656,0
2025-403_95.0,hard,2025,F,jakub mensik,novak djokovic,0.18481050431728363,1
2025-404_1.0,hard,2025,R128,aleksandar kovacevic,matteo arnaldi,0.2289772778749466,0
2025-404_10.0,hard,2025,R128,dusan lajovic,li tu,0.7862299084663391,1
2025-404_11.0,hard,2025,R128,alejandro davidovich fokina,mackenzie mcdonald,0.8170091509819031,0
2025-404_12.0,hard,2025,R128,jakub mensik,tomas martin etcheverry,0.5513615608215332,1
2025-404_13.0,hard,2025,R128,gael monfils,jan-lennard struff,0.6818940043449402,1
2025-404_14.0,hard,2025,R128,learner tien,mariano navone,0.6297540664672852,0
2025-404_15.0,hard,2025,R128,botic van de zandschulp,nick kyrgios,0.4751918911933899,1
2025-404_16.0,hard,2025,R128,adam walton,giulio zeppieri,0.6368309259414673,1
2025-404_17.0,hard,2025,R128,ethan quinn,zizou bergs,0.18364015221595764,0
2025-404_18.0,hard,2025,R128,aleksandar vukic,tristan boyer,0.4445456266403198,0
2025-404_19.0,hard,2025,R128,nishesh basavareddy,yunchaokete bu,0.3097316324710846,0
2025-404_2.0,hard,2025,R128,arthur rinderknech,nuno borges,0.2618674635887146,0
2025-404_20.0,hard,2025,R128,gabriel diallo,zhizhen zhang,0.67561936378479,1
2025-404_21.0,hard,2025,R128,damir dzumhur,roberto bautista agut,0.5591382384300232,1
2025-404_22.0,hard,2025,R128,marcos giron,nikoloz basilashvili,0.8261075615882874,1
2025-404_23.0,hard,2025,R128,miomir kecmanovic,tallon griekspoor,0.295246422290802,0
2025-404_24.0,hard,2025,R128,fabian marozsan,pedro martinez,0.7086136937141418,1
2025-404_25.0,hard,2025,R128,corentin moutet,jordan thompson,0.5071032047271729,1
2025-404_26.0,hard,2025,R128,jaume munar,kei nishikori,0.20943142473697662,0
2025-404_27.0,hard,2025,R128,cameron norrie,luca nardi,0.7620977759361267,1
2025-404_28.0,hard,2025,R128,christopher o'connell,roberto carballes baena,0.7154247164726257,1
2025-404_29.0,hard,2025,R128,reilly opelka,roman safiullin,0.3891807496547699,0
2025-404_3.0,hard,2025,R128,benjamin bonzi,jenson brooksby,0.633895754814148,0
2025-404_30.0,hard,2025,R128,alexandre muller,thiago seyboth wild,0.4356839060783386,0
2025-404_31.0,hard,2025,R128,colton smith,flavio cobolli,0.3695150911808014,1
2025-404_32.0,hard,2025,R128,alexander bublik,yosuke watanuki,0.6893268823623657,0
2025-404_33.0,hard,2025,R64,carlos alcaraz,quentin halys,0.9031395316123962,1
2025-404_34.0,hard,2025,R64,matteo gigante,taylor fritz,0.06131340190768242,0
2025-404_35.0,hard,2025,R64,botic van de zandschulp,novak djokovic,0.0729430615901947,1
2025-404_36.0,hard,2025,R64,andrey rublev,matteo arnaldi,0.6804523468017578,0
2025-404_37.0,hard,2025,R64,alex de minaur,david goffin,0.734559953212738,1
2025-404_38.0,hard,2025,R64,ben shelton,mariano navone,0.76674485206604,1
2025-404_39.0,hard,2025,R64,jack draper,joao fonseca,0.6126130819320679,1
2025-404_4.0,hard,2025,R128,jacob fearnley,joao fonseca,0.23964548110961914,0
2025-404_40.0,hard,2025,R64,grigor dimitrov,nuno borges,0.6883149743080139,1
2025-404_41.0,hard,2025,R64,felix auger-aliassime,jenson brooksby,0.910659670829773,0
2025-404_42.0,hard,2025,R64,hubert hurkacz,hugo gaston,0.5769116878509521,1
2025-404_43.0,hard,2025,R64,jakub mensik,karen khachanov,0.4360802173614502,0
2025-404_44.0,hard,2025,R64,gael monfils,sebastian korda,0.7249307632446289,1
2025-404_45.0,hard,2025,R64,francisco cerundolo,mackenzie mcdonald,0.507843017578125,1
2025-404_46.0,hard,2025,R64,adam walton,denis shapovalov,0.07488486915826797,0
2025-404_47.0,hard,2025,R64,alejandro tabilo,dusan lajovic,0.30787745118141174,1
2025-404_48.0,hard,2025,R64,brandon nakashima,rinky hijikata,0.4681209325790405,1
2025-404_49.0,hard,2025,R64,alexander zverev,tallon griekspoor,0.7877863645553589,0
2025-404_5.0,hard,2025,R128,hugo gaston,luciano darderi,0.5940195322036743,1
2025-404_50.0,hard,2025,R64,casper ruud,marcos giron,0.6618652939796448,0
2025-404_51.0,hard,2025,R64,daniil medvedev,yunchaokete bu,0.8143194913864136,1
2025-404_52.0,hard,2025,R64,stefanos tsitsipas,thiago seyboth wild,0.7988343834877014,1
2025-404_53.0,hard,2025,R64,tommy paul,tristan boyer,0.8957942724227905,1
2025-404_54.0,hard,2025,R64,corentin moutet,holger rune,0.24005475640296936,0
2025-404_55.0,hard,2025,R64,lorenzo musetti,roman safiullin,0.48318034410476685,1
2025-404_56.0,hard,2025,R64,damir dzumhur,frances tiafoe,0.26548507809638977,0
2025-404_57.0,hard,2025,R64,kei nishikori,ugo humbert,0.19477903842926025,0
2025-404_58.0,hard,2025,R64,tomas machac,yosuke watanuki,0.8093277812004089,0
2025-404_59.0,hard,2025,R64,arthur fils,gabriel diallo,0.6800735592842102,1
2025-404_6.0,hard,2025,R128,matteo gigante,sebastian baez,0.48923006653785706,1
2025-404_60.0,hard,2025,R64,cameron norrie,jiri lehecka,0.26891982555389404,1
2025-404_61.0,hard,2025,R64,alexei popyrin,zizou bergs,0.5475640892982483,1
2025-404_62.0,hard,2025,R64,christopher o'connell,matteo berrettini,0.28525587916374207,0
2025-404_63.0,hard,2025,R64,fabian marozsan,giovanni mpetshi perricard,0.388793021440506,0
2025-404_64.0,hard,2025,R64,alex michelsen,colton smith,0.8225064873695374,1
2025-404_65.0,hard,2025,R32,carlos alcaraz,denis shapovalov,0.7493165731430054,1
2025-404_66.0,hard,2025,R32,alejandro tabilo,taylor fritz,0.11137749254703522,0
2025-404_67.0,hard,2025,R32,alex de minaur,hubert hurkacz,0.6240032911300659,1
2025-404_68.0,hard,2025,R32,ben shelton,karen khachanov,0.5783830285072327,1
2025-404_69.0,hard,2025,R32,jack draper,jenson brooksby,0.9495515823364258,1
2025-404_7.0,hard,2025,R128,david goffin,lorenzo sonego,0.4680933952331543,1
2025-404_70.0,hard,2025,R32,gael monfils,grigor dimitrov,0.43807974457740784,0
2025-404_71.0,hard,2025,R32,botic van de zandschulp,francisco cerundolo,0.34399622678756714,0
2025-404_72.0,hard,2025,R32,brandon nakashima,matteo arnaldi,0.4910743236541748,1
2025-404_73.0,hard,2025,R32,alex michelsen,daniil medvedev,0.2897372841835022,0
2025-404_74.0,hard,2025,R32,matteo berrettini,stefanos tsitsipas,0.40699175000190735,0
2025-404_75.0,hard,2025,R32,cameron norrie,tommy paul,0.342820405960083,0
2025-404_76.0,hard,2025,R32,holger rune,ugo humbert,0.4780671298503876,1
2025-404_77.0,hard,2025,R32,arthur fils,lorenzo musetti,0.5164412260055542,1
2025-404_78.0,hard,2025,R32,frances tiafoe,yosuke watanuki,0.7975757718086243,0
2025-404_79.0,hard,2025,R32,alexei popyrin,marcos giron,0.5401031374931335,0
2025-404_8.0,hard,2025,R128,pablo carreno busta,quentin halys,0.3572181761264801,0
2025-404_80.0,hard,2025,R32,giovanni mpetshi perricard,tallon griekspoor,0.47263139486312866,0
2025-404_81.0,hard,2025,R16,carlos alcaraz,grigor dimitrov,0.7815086245536804,1
2025-404_82.0,hard,2025,R16,jack draper,taylor fritz,0.47199198603630066,1
2025-404_83.0,hard,2025,R16,alex de minaur,francisco cerundolo,0.680961012840271,0
2025-404_84.0,hard,2025,R16,ben shelton,brandon nakashima,0.6859718561172485,1
2025-404_85.0,hard,2025,R16,daniil medvedev,tommy paul,0.5491440296173096,1
2025-404_86.0,hard,2025,R16,holger rune,stefanos tsitsipas,0.4762263000011444,1
2025-404_87.0,hard,2025,R16,arthur fils,marcos giron,0.5102676153182983,1
2025-404_88.0,hard,2025,R16,tallon griekspoor,yosuke watanuki,0.7861402630805969,1
2025-404_89.0,hard,2025,QF,carlos alcaraz,francisco cerundolo,0.8147594928741455,1
2025-404_9.0,hard,2025,R128,alexander shevchenko,rinky hijikata,0.4998321235179901,0
2025-404_90.0,hard,2025,QF,arthur fils,daniil medvedev,0.3116290867328644,0
2025-404_91.0,hard,2025,QF,ben shelton,jack draper,0.3887905776500702,0
2025-404_92.0,hard,2025,QF,holger rune,tallon griekspoor,0.5167322158813477,1
2025-404_93.0,hard,2025,SF,carlos alcaraz,jack draper,0.7299450635910034,0
2025-404_94.0,hard,2025,SF,daniil medvedev,holger rune,0.6067395210266113,0
2025-404_95.0,hard,2025,F,holger rune,jack draper,0.36382633447647095,0
2025-407_1.0,hard,2025,R32,arthur fils,constant lestienne,0.8641536235809326,1
2025-407_10.0,hard,2025,R32,alexei popyrin,jiri lehecka,0.26821479201316833,0
2025-407_11.0,hard,2025,R32,pedro martinez,roberto bautista agut,0.6020575761795044,1
2025-407_12.0,hard,2025,R32,alexander bublik,jakub mensik,0.5480226874351501,0
2025-407_13.0,hard,2025,R32,daniil medvedev,stan wawrinka,0.7150099873542786,1
2025-407_14.0,hard,2025,R32,harold mayot,stefanos tsitsipas,0.34953126311302185,0
2025-407_15.0,hard,2025,R32,flavio cobolli,hubert hurkacz,0.57159024477005,0
2025-407_16.0,hard,2025,R32,mattia bellucci,mees rottgering,0.8328664302825928,1
2025-407_17.0,hard,2025,R16,andrea vavassori,carlos alcaraz,0.06183852255344391,0
2025-407_18.0,hard,2025,R16,alex de minaur,jakub mensik,0.7547010779380798,1
2025-407_19.0,hard,2025,R16,andrey rublev,fabian marozsan,0.5988558530807495,1
2025-407_2.0,hard,2025,R32,aleksandar kovacevic,daniel altmaier,0.5890100598335266,0
2025-407_20.0,hard,2025,R16,holger rune,pedro martinez,0.7840074300765991,0
2025-407_21.0,hard,2025,R16,stefanos tsitsipas,tallon griekspoor,0.629655659198761,1
2025-407_22.0,hard,2025,R16,arthur fils,daniel altmaier,0.7627723217010498,0
2025-407_23.0,hard,2025,R16,daniil medvedev,mattia bellucci,0.8344417810440063,0
2025-407_24.0,hard,2025,R16,hubert hurkacz,jiri lehecka,0.4773343503475189,1
2025-407_25.0,hard,2025,QF,carlos alcaraz,pedro martinez,0.8750619888305664,1
2025-407_26.0,hard,2025,QF,alex de minaur,daniel altmaier,0.8463402390480042,1
2025-407_27.0,hard,2025,QF,andrey rublev,hubert hurkacz,0.4493303596973419,0
2025-407_28.0,hard,2025,QF,mattia bellucci,stefanos tsitsipas,0.24758939445018768,1
2025-407_29.0,hard,2025,SF,carlos alcaraz,hubert hurkacz,0.8153781294822693,1
2025-407_3.0,hard,2025,R32,matteo berrettini,tallon griekspoor,0.38857361674308777,0
2025-407_30.0,hard,2025,SF,alex de minaur,mattia bellucci,0.8195191621780396,1
2025-407_31.0,hard,2025,F,alex de minaur,carlos alcaraz,0.2732434570789337,0
2025-407_4.0,hard,2025,R32,fabian marozsan,jan-lennard struff,0.6828634738922119,1
2025-407_5.0,hard,2025,R32,andrea vavassori,felix auger-aliassime,0.250671923160553,1
2025-407_6.0,hard,2025,R32,botic van de zandschulp,carlos alcaraz,0.16823680698871613,0
2025-407_7.0,hard,2025,R32,alex de minaur,david goffin,0.8366299271583557,1
2025-407_8.0,hard,2025,R32,andrey rublev,zhizhen zhang,0.6396747827529907,1
2025-407_9.0,hard,2025,R32,holger rune,lorenzo sonego,0.8250932097434998,1
2025-418_1.0,hard,2025,R64,david goffin,yunchaokete bu,0.6229444742202759,0
2025-418_10.0,hard,2025,R64,alexandre muller,beibit zhukayev,0.727423906326294,1
2025-418_11.0,hard,2025,R64,jenson brooksby,yoshihito nishioka,0.41395196318626404,0
2025-418_12.0,hard,2025,R64,billy harris,cameron norrie,0.1503806710243225,0
2025-418_13.0,hard,2025,R64,murphy cassone,reilly opelka,0.1765001267194748,0
2025-418_14.0,hard,2025,R64,christopher o'connell,ethan quinn,0.39341428875923157,0
2025-418_15.0,hard,2025,R64,emilio nava,learner tien,0.25098752975463867,0
2025-418_16.0,hard,2025,R64,aleksandar vukic,giovanni mpetshi perricard,0.5637171864509583,1
2025-418_17.0,hard,2025,R32,aleksandar vukic,taylor fritz,0.06412418931722641,0
2025-418_18.0,hard,2025,R32,andrey rublev,learner tien,0.6048890948295593,0
2025-418_19.0,hard,2025,R32,aleksandar kovacevic,frances tiafoe,0.29633498191833496,0
2025-418_2.0,hard,2025,R64,aleksandar kovacevic,quentin halys,0.47804608941078186,1
2025-418_20.0,hard,2025,R32,alex de minaur,yunchaokete bu,0.80955570936203,1
2025-418_21.0,hard,2025,R32,daniil medvedev,reilly opelka,0.8205662369728088,1
2025-418_22.0,hard,2025,R32,flavio cobolli,yoshihito nishioka,0.7399575114250183,1
2025-418_23.0,hard,2025,R32,alexei popyrin,yibing wu,0.46258071064949036,0
2025-418_24.0,hard,2025,R32,jiri lehecka,zachary svajda,0.8365786075592041,1
2025-418_25.0,hard,2025,R32,alejandro davidovich fokina,jaume munar,0.45625555515289307,1
2025-418_26.0,hard,2025,R32,lorenzo sonego,matteo arnaldi,0.29821503162384033,0
2025-418_27.0,hard,2025,R32,cameron norrie,lorenzo musetti,0.5285675525665283,1
2025-418_28.0,hard,2025,R32,ben shelton,mackenzie mcdonald,0.7701988816261292,1
2025-418_29.0,hard,2025,R32,alex michelsen,daniel evans,0.40243256092071533,0
2025-418_3.0,hard,2025,R64,jaume munar,marcos giron,0.3779405355453491,1
2025-418_30.0,hard,2025,R32,brandon nakashima,ethan quinn,0.8435059189796448,1
2025-418_31.0,hard,2025,R32,fabian marozsan,gabriel diallo,0.4134361147880554,0
2025-418_32.0,hard,2025,R32,alexandre muller,corentin moutet,0.468899130821228,0
2025-418_33.0,hard,2025,R16,matteo arnaldi,taylor fritz,0.21908576786518097,0
2025-418_34.0,hard,2025,R16,ben shelton,gabriel diallo,0.6216630935668945,1
2025-418_35.0,hard,2025,R16,flavio cobolli,frances tiafoe,0.42924851179122925,0
2025-418_36.0,hard,2025,R16,alex de minaur,jiri lehecka,0.5425853133201599,1
2025-418_37.0,hard,2025,R16,daniil medvedev,yibing wu,0.6580508351325989,1
2025-418_38.0,hard,2025,R16,alejandro davidovich fokina,learner tien,0.7778193354606628,1
2025-418_39.0,hard,2025,R16,brandon nakashima,cameron norrie,0.4816560745239258,1
2025-418_4.0,hard,2025,R64,miomir kecmanovic,zachary svajda,0.8352781534194946,0
2025-418_40.0,hard,2025,R16,corentin moutet,daniel evans,0.5958208441734314,1
2025-418_41.0,hard,2025,QF,alejandro davidovich fokina,taylor fritz,0.2507689297199249,1
2025-418_42.0,hard,2025,QF,ben shelton,frances tiafoe,0.5972079634666443,1
2025-418_43.0,hard,2025,QF,alex de minaur,brandon nakashima,0.6750544309616089,1
2025-418_44.0,hard,2025,QF,corentin moutet,daniil medvedev,0.24555979669094086,1
2025-418_45.0,hard,2025,SF,alejandro davidovich fokina,ben shelton,0.4347570836544037,1
2025-418_46.0,hard,2025,SF,alex de minaur,corentin moutet,0.7571857571601868,1
2025-418_47.0,hard,2025,F,alejandro davidovich fokina,alex de minaur,0.35876408219337463,0
2025-418_5.0,hard,2025,R64,gael monfils,yibing wu,0.5691056847572327,0
2025-418_6.0,hard,2025,R64,daniel altmaier,matteo arnaldi,0.26221367716789246,0
2025-418_7.0,hard,2025,R64,daniel evans,zizou bergs,0.4124596118927002,1
2025-418_8.0,hard,2025,R64,benjamin bonzi,fabian marozsan,0.2844846248626709,0
2025-418_9.0,hard,2025,R64,colton smith,mackenzie mcdonald,0.234845370054245,0
2025-421_1.0,hard,2025,R128,corentin moutet,jenson brooksby,0.512036919593811,1
2025-421_10.0,hard,2025,R128,adrian mannarino,marcos giron,0.2321699559688568,1
2025-421_11.0,hard,2025,R128,fabian marozsan,hugo dellien,0.8031384944915771,1
2025-421_12.0,hard,2025,R128,david goffin,mackenzie mcdonald,0.503197193145752,0
2025-421_13.0,hard,2025,R128,dan martin,jaume munar,0.04488939046859741,0
2025-421_14.0,hard,2025,R128,christopher o'connell,chun-hsin tseng,0.685626208782196,1
2025-421_15.0,hard,2025,R128,ethan quinn,yoshihito nishioka,0.39094117283821106,1
2025-421_16.0,hard,2025,R128,joao fonseca,tristan schoolkate,0.46605315804481506,0
2025-421_17.0,hard,2025,R128,alexander blockx,dalibor svrcina,0.3285158574581146,0
2025-421_18.0,hard,2025,R128,aleksandar vukic,pedro martinez,0.6351524591445923,1
2025-421_19.0,hard,2025,R128,daniel altmaier,yosuke watanuki,0.3112272620201111,0
2025-421_2.0,hard,2025,R128,aleksandar kovacevic,tristan boyer,0.6377447247505188,0
2025-421_20.0,hard,2025,R128,nicolas arseneault,valentin royer,0.43517956137657166,1
2025-421_21.0,hard,2025,R128,facundo bagnis,vasek pospisil,0.6206037998199463,1
2025-421_22.0,hard,2025,R128,gael monfils,tomas barrios vera,0.8201982378959656,0
2025-421_23.0,hard,2025,R128,james duckworth,juncheng shang,0.5912859439849854,1
2025-421_24.0,hard,2025,R128,pierre-hugues herbert,tomas martin etcheverry,0.37396958470344543,0
2025-421_25.0,hard,2025,R128,jacob fearnley,juan pablo ficovich,0.4301987290382385,0
2025-421_26.0,hard,2025,R128,miomir kecmanovic,quentin halys,0.6068324446678162,1
2025-421_27.0,hard,2025,R128,giovanni mpetshi perricard,shintaro mochizuki,0.8270610570907593,1
2025-421_28.0,hard,2025,R128,emilio nava,zizou bergs,0.5026379823684692,1
2025-421_29.0,hard,2025,R128,reilly opelka,sebastian ofner,0.7171039581298828,1
2025-421_3.0,hard,2025,R128,vit kopriva,yunchaokete bu,0.4712684154510498,0
2025-421_30.0,hard,2025,R128,roman safiullin,ugo blanchet,0.7881630659103394,1
2025-421_31.0,hard,2025,R128,colton smith,learner tien,0.21731019020080566,0
2025-421_32.0,hard,2025,R128,adam walton,benjamin bonzi,0.3025554418563843,1
2025-421_33.0,hard,2025,R64,roberto carballes baena,taylor fritz,0.14066249132156372,0
2025-421_34.0,hard,2025,R64,adrian mannarino,ben shelton,0.12578265368938446,0
2025-421_35.0,hard,2025,R64,andrey rublev,hugo gaston,0.7916685938835144,1
2025-421_36.0,hard,2025,R64,frances tiafoe,yosuke watanuki,0.7808976173400879,1
2025-421_37.0,hard,2025,R64,alex de minaur,francisco comesana,0.8341192603111267,1
2025-421_38.0,hard,2025,R64,jakub mensik,tristan boyer,0.8187082409858704,1
2025-421_39.0,hard,2025,R64,alexis galarneau,flavio cobolli,0.2531147301197052,0
2025-421_4.0,hard,2025,R128,camilo ugo carabelli,roberto carballes baena,0.5475870370864868,0
2025-421_40.0,hard,2025,R64,arthur fils,pablo carreno busta,0.6987377405166626,1
2025-421_41.0,hard,2025,R64,jiri lehecka,mackenzie mcdonald,0.7238965630531311,1
2025-421_42.0,hard,2025,R64,alejandro davidovich fokina,corentin moutet,0.6341620087623596,1
2025-421_43.0,hard,2025,R64,fabian marozsan,felix auger-aliassime,0.5790753364562988,1
2025-421_44.0,hard,2025,R64,christopher o'connell,stefanos tsitsipas,0.49313005805015564,1
2025-421_45.0,hard,2025,R64,brandon nakashima,ethan quinn,0.7167307138442993,1
2025-421_46.0,hard,2025,R64,gabriel diallo,matteo gigante,0.6578471064567566,1
2025-421_47.0,hard,2025,R64,lorenzo sonego,yunchaokete bu,0.5790072679519653,1
2025-421_48.0,hard,2025,R64,aleksandar vukic,cameron norrie,0.35918962955474854,1
2025-421_49.0,hard,2025,R64,adam walton,alexander zverev,0.10793828964233398,0
2025-421_5.0,hard,2025,R128,liam draxl,pablo carreno busta,0.5486127734184265,0
2025-421_50.0,hard,2025,R64,james duckworth,lorenzo musetti,0.17593295872211456,0
2025-421_51.0,hard,2025,R64,giovanni mpetshi perricard,holger rune,0.27047571539878845,0
2025-421_52.0,hard,2025,R64,casper ruud,roman safiullin,0.7494432330131531,1
2025-421_53.0,hard,2025,R64,dalibor svrcina,daniil medvedev,0.16244982182979584,0
2025-421_54.0,hard,2025,R64,juan pablo ficovich,karen khachanov,0.16306400299072266,0
2025-421_55.0,hard,2025,R64,francisco cerundolo,jaume munar,0.6260896325111389,1
2025-421_56.0,hard,2025,R64,reilly opelka,tomas machac,0.4888392388820648,1
2025-421_57.0,hard,2025,R64,alexei popyrin,nicolas arseneault,0.9032836556434631,1
2025-421_58.0,hard,2025,R64,denis shapovalov,learner tien,0.4706268012523651,0
2025-421_59.0,hard,2025,R64,tallon griekspoor,tomas martin etcheverry,0.5069916248321533,0
2025-421_6.0,hard,2025,R128,damir dzumhur,francisco comesana,0.5536671876907349,0
2025-421_60.0,hard,2025,R64,alex michelsen,tomas barrios vera,0.7924848794937134,1
2025-421_61.0,hard,2025,R64,alexandre muller,miomir kecmanovic,0.49597999453544617,1
2025-421_62.0,hard,2025,R64,facundo bagnis,nuno borges,0.17487797141075134,0
2025-421_63.0,hard,2025,R64,matteo arnaldi,tristan schoolkate,0.8053305149078369,1
2025-421_64.0,hard,2025,R64,emilio nava,terence atmane,0.5161362290382385,1
2025-421_65.0,hard,2025,R32,gabriel diallo,taylor fritz,0.20718064904212952,0
2025-421_66.0,hard,2025,R32,ben shelton,brandon nakashima,0.6311971545219421,1
2025-421_67.0,hard,2025,R32,andrey rublev,lorenzo sonego,0.6762964129447937,1
2025-421_68.0,hard,2025,R32,aleksandar vukic,frances tiafoe,0.26267266273498535,0
2025-421_69.0,hard,2025,R32,alejandro davidovich fokina,jakub mensik,0.7018213868141174,1
2025-421_7.0,hard,2025,R128,alexis galarneau,arthur rinderknech,0.2666936218738556,1
2025-421_70.0,hard,2025,R32,fabian marozsan,flavio cobolli,0.4320632219314575,0
2025-421_71.0,hard,2025,R32,arthur fils,jiri lehecka,0.33981335163116455,0
2025-421_72.0,hard,2025,R32,alexander zverev,matteo arnaldi,0.6905272603034973,1
2025-421_73.0,hard,2025,R32,alex michelsen,lorenzo musetti,0.2846647799015045,1
2025-421_74.0,hard,2025,R32,alexandre muller,holger rune,0.43680304288864136,0
2025-421_75.0,hard,2025,R32,casper ruud,nuno borges,0.7058652639389038,1
2025-421_76.0,hard,2025,R32,alexei popyrin,daniil medvedev,0.2969129979610443,1
2025-421_77.0,hard,2025,R32,emilio nava,karen khachanov,0.37329187989234924,0
2025-421_78.0,hard,2025,R32,francisco cerundolo,tomas martin etcheverry,0.7196223735809326,1
2025-421_79.0,hard,2025,R32,alex de minaur,christopher o'connell,0.7677144408226013,1
2025-421_8.0,hard,2025,R128,hugo gaston,mattia bellucci,0.606054961681366,1
2025-421_80.0,hard,2025,R32,learner tien,reilly opelka,0.4659518599510193,1
2025-421_81.0,hard,2025,R16,jiri lehecka,taylor fritz,0.3597472310066223,0
2025-421_82.0,hard,2025,R16,ben shelton,flavio cobolli,0.7563031911849976,1
2025-421_83.0,hard,2025,R16,alejandro davidovich fokina,andrey rublev,0.4160492718219757,0
2025-421_84.0,hard,2025,R16,alex de minaur,frances tiafoe,0.7039950489997864,1
2025-421_85.0,hard,2025,R16,alexander zverev,francisco cerundolo,0.6343417167663574,1
2025-421_86.0,hard,2025,R16,alexei popyrin,holger rune,0.30027931928634644,1
2025-421_87.0,hard,2025,R16,casper ruud,karen khachanov,0.5431827306747437,0
2025-421_88.0,hard,2025,R16,alex michelsen,learner tien,0.5447291135787964,1
2025-421_89.0,hard,2025,QF,andrey rublev,taylor fritz,0.26930147409439087,0
2025-421_9.0,hard,2025,R128,borna coric,matteo gigante,0.37376320362091064,0
2025-421_90.0,hard,2025,QF,alex de minaur,ben shelton,0.56541508436203,0
2025-421_91.0,hard,2025,QF,alexander zverev,alexei popyrin,0.8001551628112793,1
2025-421_92.0,hard,2025,QF,alex michelsen,karen khachanov,0.3217136561870575,0
2025-421_93.0,hard,2025,SF,alexander zverev,karen khachanov,0.703115701675415,0
2025-421_94.0,hard,2025,SF,ben shelton,taylor fritz,0.34362730383872986,1
2025-421_95.0,hard,2025,F,ben shelton,karen khachanov,0.575933575630188,1
2025-422_nan,hard,2025,R128,alexander blockx,marcos giron,0.21440227329730988,1
2025-424_1.0,hard,2025,R32,arthur rinderknech,taylor fritz,0.1768108755350113,0
2025-424_10.0,hard,2025,R32,aleksandar vukic,ben shelton,0.504514753818512,0
2025-424_11.0,hard,2025,R32,alex michelsen,cameron norrie,0.7474450469017029,0
2025-424_12.0,hard,2025,R32,frances tiafoe,taro daniel,0.7906595468521118,1
2025-424_13.0,hard,2025,R32,christopher eubanks,matteo arnaldi,0.6140015721321106,0
2025-424_14.0,hard,2025,R32,alejandro davidovich fokina,brandon holt,0.8335171341896057,1
2025-424_15.0,hard,2025,R32,adrian mannarino,rinky hijikata,0.26512107253074646,0
2025-424_16.0,hard,2025,R32,ethan quinn,trevor svajda,0.7061637043952942,1
2025-424_17.0,hard,2025,R16,denis shapovalov,taylor fritz,0.23329274356365204,1
2025-424_18.0,hard,2025,R16,casper ruud,michael mmoh,0.8619234561920166,1
2025-424_19.0,hard,2025,R16,ethan quinn,tommy paul,0.05914231762290001,0
2025-424_2.0,hard,2025,R32,kei nishikori,tomas machac,0.39849358797073364,0
2025-424_20.0,hard,2025,R16,ben shelton,jaume munar,0.7814324498176575,0
2025-424_21.0,hard,2025,R16,frances tiafoe,yoshihito nishioka,0.6696355938911438,0
2025-424_22.0,hard,2025,R16,rinky hijikata,tomas machac,0.21828140318393707,0
2025-424_23.0,hard,2025,R16,alejandro davidovich fokina,matteo arnaldi,0.5373170375823975,0
2025-424_24.0,hard,2025,R16,cameron norrie,reilly opelka,0.538686990737915,0
2025-424_25.0,hard,2025,QF,casper ruud,yoshihito nishioka,0.7506232857704163,1
2025-424_26.0,hard,2025,QF,reilly opelka,tommy paul,0.28323107957839966,0
2025-424_27.0,hard,2025,QF,denis shapovalov,tomas machac,0.37898820638656616,1
2025-424_28.0,hard,2025,QF,jaume munar,matteo arnaldi,0.340536892414093,1
2025-424_29.0,hard,2025,SF,casper ruud,jaume munar,0.7904162406921387,1
2025-424_3.0,hard,2025,R32,michael mmoh,roberto carballes baena,0.27517563104629517,1
2025-424_30.0,hard,2025,SF,denis shapovalov,tommy paul,0.28912144899368286,1
2025-424_31.0,hard,2025,F,casper ruud,denis shapovalov,0.640432596206665,0
2025-424_4.0,hard,2025,R32,jaume munar,yunchaokete bu,0.2575244605541229,1
2025-424_5.0,hard,2025,R32,brandon nakashima,yoshihito nishioka,0.28085315227508545,0
2025-424_6.0,hard,2025,R32,alexander shevchenko,reilly opelka,0.622333824634552,0
2025-424_7.0,hard,2025,R32,denis shapovalov,miomir kecmanovic,0.6603747606277466,1
2025-424_8.0,hard,2025,R32,casper ruud,james duckworth,0.876776397228241,1
2025-424_9.0,hard,2025,R32,jenson brooksby,tommy paul,0.12766969203948975,0
2025-429_1.0,hard,2025,R32,jacob fearnley,tallon griekspoor,0.5287233591079712,1
2025-429_10.0,hard,2025,R32,aleksandar kovacevic,camilo ugo carabelli,0.42892980575561523,1
2025-429_11.0,hard,2025,R32,jesper de jong,marton fucsovics,0.4670809507369995,0
2025-429_12.0,hard,2025,R32,arthur fery,lorenzo sonego,0.24274256825447083,0
2025-429_13.0,hard,2025,R16,denis shapovalov,leo borg,0.8118224740028381,1
2025-429_14.0,hard,2025,R16,casper ruud,marin cilic,0.7406846880912781,1
2025-429_15.0,hard,2025,R16,kamil majchrzak,sebastian korda,0.39761701226234436,0
2025-429_16.0,hard,2025,R16,matteo berrettini,ugo humbert,0.48557308316230774,0
2025-429_17.0,hard,2025,R16,miomir kecmanovic,tomas martin etcheverry,0.48810020089149475,0
2025-429_18.0,hard,2025,R16,aleksandar kovacevic,lorenzo sonego,0.4203571677207947,0
2025-429_19.0,hard,2025,R16,elias ymer,jacob fearnley,0.2891208231449127,1
2025-429_2.0,hard,2025,R32,alexandre muller,miomir kecmanovic,0.5139977335929871,0
2025-429_20.0,hard,2025,R16,holger rune,marton fucsovics,0.5146234631538391,1
2025-429_21.0,hard,2025,QF,holger rune,tomas martin etcheverry,0.7283350825309753,1
2025-429_22.0,hard,2025,QF,lorenzo sonego,ugo humbert,0.29986366629600525,0
2025-429_23.0,hard,2025,QF,casper ruud,sebastian korda,0.5897652506828308,1
2025-429_24.0,hard,2025,QF,denis shapovalov,elias ymer,0.7991718053817749,1
2025-429_25.0,hard,2025,SF,holger rune,ugo humbert,0.6187413334846497,0
2025-429_26.0,hard,2025,SF,casper ruud,denis shapovalov,0.6028829216957092,1
2025-429_27.0,hard,2025,F,casper ruud,ugo humbert,0.5602246522903442,1
2025-429_3.0,hard,2025,R32,alexei popyrin,sebastian korda,0.3367023468017578,0
2025-429_4.0,hard,2025,R32,leo borg,sebastian ofner,0.19933834671974182,1
2025-429_5.0,hard,2025,R32,elias ymer,mikael ymer,0.6702431440353394,1
2025-429_6.0,hard,2025,R32,marin cilic,nicolai budkov kjaer,0.7624438405036926,1
2025-429_7.0,hard,2025,R32,mark lajal,tomas martin etcheverry,0.24025748670101166,0
2025-429_8.0,hard,2025,R32,filip misolic,kamil majchrzak,0.2198430448770523,0
2025-429_9.0,hard,2025,R32,giulio zeppieri,matteo berrettini,0.11409223079681396,0
2025-451_1.0,hard,2025,R32,alex de minaur,roman safiullin,0.8717100620269775,1
2025-451_10.0,hard,2025,R32,luca nardi,zhizhen zhang,0.31479546427726746,1
2025-451_11.0,hard,2025,R32,abdullah shelbayh,botic van de zandschulp,0.20141488313674927,0
2025-451_12.0,hard,2025,R32,carlos alcaraz,marin cilic,0.940287709236145,1
2025-451_13.0,hard,2025,R32,grigor dimitrov,jiri lehecka,0.33283838629722595,0
2025-451_14.0,hard,2025,R32,alexei popyrin,jack draper,0.17194056510925293,0
2025-451_15.0,hard,2025,R32,aziz dougaz,fabian marozsan,0.13113723695278168,0
2025-451_16.0,hard,2025,R32,christopher o'connell,hady habib,0.7054870128631592,1
2025-451_17.0,hard,2025,R16,carlos alcaraz,luca nardi,0.912634551525116,1
2025-451_18.0,hard,2025,R16,alex de minaur,botic van de zandschulp,0.7722549438476562,1
2025-451_19.0,hard,2025,R16,daniil medvedev,zizou bergs,0.7342969179153442,1
2025-451_2.0,hard,2025,R32,matteo berrettini,novak djokovic,0.2552638351917267,1
2025-451_20.0,hard,2025,R16,andrey rublev,nuno borges,0.4997130036354065,1
2025-451_21.0,hard,2025,R16,christopher o'connell,jack draper,0.12317376583814621,0
2025-451_22.0,hard,2025,R16,felix auger-aliassime,hamad medjedovic,0.4323490858078003,1
2025-451_23.0,hard,2025,R16,matteo berrettini,tallon griekspoor,0.5226370692253113,1
2025-451_24.0,hard,2025,R16,fabian marozsan,jiri lehecka,0.1625719964504242,0
2025-451_25.0,hard,2025,QF,carlos alcaraz,jiri lehecka,0.8004781007766724,0
2025-451_26.0,hard,2025,QF,alex de minaur,andrey rublev,0.6595731377601624,0
2025-451_27.0,hard,2025,QF,daniil medvedev,felix auger-aliassime,0.6356182098388672,0
2025-451_28.0,hard,2025,QF,jack draper,matteo berrettini,0.7930949926376343,1
2025-451_29.0,hard,2025,SF,andrey rublev,felix auger-aliassime,0.44886985421180725,1
2025-451_3.0,hard,2025,R32,daniil medvedev,karen khachanov,0.7268930673599243,1
2025-451_30.0,hard,2025,SF,jack draper,jiri lehecka,0.5560888648033142,1
2025-451_31.0,hard,2025,F,andrey rublev,jack draper,0.5931023359298706,1
2025-451_4.0,hard,2025,R32,alexander bublik,andrey rublev,0.20872843265533447,0
2025-451_5.0,hard,2025,R32,hamad medjedovic,stefanos tsitsipas,0.6092208623886108,1
2025-451_6.0,hard,2025,R32,felix auger-aliassime,quentin halys,0.8471266627311707,1
2025-451_7.0,hard,2025,R32,roberto bautista agut,zizou bergs,0.28020939230918884,0
2025-451_8.0,hard,2025,R32,nuno borges,otto virtanen,0.7653859257698059,1
2025-451_9.0,hard,2025,R32,jan-lennard struff,tallon griekspoor,0.5535908341407776,0
2025-4713_nan,hard,2025,R32,camilo ugo carabelli,rinky hijikata,0.5363982915878296,0
2025-495_1.0,hard,2025,R32,daniil medvedev,jan-lennard struff,0.7763607501983643,1
2025-495_10.0,hard,2025,R32,luca nardi,marton fucsovics,0.38759079575538635,1
2025-495_11.0,hard,2025,R32,luca nardi,marton fucsovics,0.5945318341255188,1
2025-495_12.0,hard,2025,R32,lorenzo sonego,stefanos tsitsipas,0.18671344220638275,0
2025-495_13.0,hard,2025,R32,fabian marozsan,roberto bautista agut,0.379977822303772,0
2025-495_14.0,hard,2025,R32,aziz dougaz,zizou bergs,0.15176177024841309,0
2025-495_15.0,hard,2025,R32,daniel evans,karen khachanov,0.14160127937793732,0
2025-495_16.0,hard,2025,R32,giovanni mpetshi perricard,zhizhen zhang,0.7595024108886719,1
2025-495_17.0,hard,2025,R32,alexei popyrin,hady habib,0.7912880182266235,1
2025-495_18.0,hard,2025,R16,daniil medvedev,giovanni mpetshi perricard,0.7891409397125244,1
2025-495_19.0,hard,2025,R16,karen khachanov,stefanos tsitsipas,0.35518336296081543,0
2025-495_2.0,hard,2025,R32,alex de minaur,marin cilic,0.7630962133407593,0
2025-495_20.0,hard,2025,R16,tallon griekspoor,ugo humbert,0.2463570237159729,1
2025-495_21.0,hard,2025,R16,felix auger-aliassime,nuno borges,0.7787771224975586,1
2025-495_22.0,hard,2025,R16,christopher o'connell,matteo berrettini,0.19930975139141083,0
2025-495_23.0,hard,2025,R16,alexei popyrin,marin cilic,0.5053006410598755,0
2025-495_24.0,hard,2025,R16,quentin halys,roberto bautista agut,0.6386784315109253,1
2025-495_25.0,hard,2025,R16,luca nardi,zizou bergs,0.3345881700515747,1
2025-495_26.0,hard,2025,QF,daniil medvedev,tallon griekspoor,0.6521521210670471,0
2025-495_27.0,hard,2025,QF,matteo berrettini,stefanos tsitsipas,0.3429051637649536,0
2025-495_28.0,hard,2025,QF,felix auger-aliassime,marin cilic,0.7483292818069458,1
2025-495_29.0,hard,2025,QF,luca nardi,quentin halys,0.29494965076446533,0
2025-495_3.0,hard,2025,R32,andrey rublev,quentin halys,0.7061201930046082,0
2025-495_30.0,hard,2025,SF,stefanos tsitsipas,tallon griekspoor,0.7255463004112244,1
2025-495_31.0,hard,2025,SF,felix auger-aliassime,quentin halys,0.8489612936973572,1
2025-495_32.0,hard,2025,F,felix auger-aliassime,stefanos tsitsipas,0.5176109075546265,0
2025-495_4.0,hard,2025,R32,jiri lehecka,ugo humbert,0.6633333563804626,0
2025-495_5.0,hard,2025,R32,christopher o'connell,grigor dimitrov,0.30654433369636536,1
2025-495_6.0,hard,2025,R32,arthur fils,nuno borges,0.3877808153629303,0
2025-495_7.0,hard,2025,R32,alexander bublik,felix auger-aliassime,0.14200544357299805,0
2025-495_8.0,hard,2025,R32,gael monfils,matteo berrettini,0.3304740786552429,0
2025-495_9.0,hard,2025,R32,roman safiullin,tallon griekspoor,0.22345811128616333,0
2025-496_1.0,hard,2025,R32,arthur gea,hugo grenier,0.6383700966835022,0
2025-496_10.0,hard,2025,R32,otto virtanen,sebastian korda,0.3560711145401001,1
2025-496_11.0,hard,2025,R32,botic van de zandschulp,lorenzo sonego,0.40565258264541626,0
2025-496_12.0,hard,2025,R32,hamad medjedovic,raphael collignon,0.8145584464073181,1
2025-496_13.0,hard,2025,R16,daniil medvedev,pierre-hugues herbert,0.764022946357727,1
2025-496_14.0,hard,2025,R16,hubert hurkacz,zhizhen zhang,0.6408259868621826,0
2025-496_15.0,hard,2025,R16,nuno borges,zizou bergs,0.5418748259544373,0
2025-496_16.0,hard,2025,R16,hugo grenier,jan-lennard struff,0.2205243855714798,0
2025-496_17.0,hard,2025,R16,alexander bublik,ugo humbert,0.15146030485630035,0
2025-496_18.0,hard,2025,R16,hamad medjedovic,karen khachanov,0.5780966877937317,1
2025-496_19.0,hard,2025,R16,lorenzo sonego,luca van assche,0.7229310274124146,1
2025-496_2.0,hard,2025,R32,harold mayot,pierre-hugues herbert,0.5877671241760254,0
2025-496_20.0,hard,2025,R16,daniel altmaier,otto virtanen,0.5241832733154297,1
2025-496_21.0,hard,2025,QF,daniil medvedev,jan-lennard struff,0.754431962966919,1
2025-496_22.0,hard,2025,QF,lorenzo sonego,ugo humbert,0.26746895909309387,0
2025-496_23.0,hard,2025,QF,zhizhen zhang,zizou bergs,0.4479312300682068,0
2025-496_24.0,hard,2025,QF,daniel altmaier,hamad medjedovic,0.36893409490585327,0
2025-496_25.0,hard,2025,SF,daniil medvedev,hamad medjedovic,0.7856513261795044,0
2025-496_26.0,hard,2025,SF,ugo humbert,zizou bergs,0.8393124341964722,1
2025-496_27.0,hard,2025,F,hamad medjedovic,ugo humbert,0.2522810101509094,0
2025-496_3.0,hard,2025,R32,nuno borges,stan wawrinka,0.5993992686271667,1
2025-496_4.0,hard,2025,R32,daniel altmaier,luca nardi,0.7426766157150269,1
2025-496_5.0,hard,2025,R32,clement chidekh,zizou bergs,0.19851917028427124,0
2025-496_6.0,hard,2025,R32,alexander bublik,richard gasquet,0.7437747120857239,1
2025-496_7.0,hard,2025,R32,jan-lennard struff,manuel guinard,0.794365644454956,1
2025-496_8.0,hard,2025,R32,benjamin bonzi,luca van assche,0.7801333665847778,0
2025-496_9.0,hard,2025,R32,quentin halys,zhizhen zhang,0.31538620591163635,0
2025-499_1.0,hard,2025,R32,adam walton,learner tien,0.17675136029720306,0
2025-499_10.0,hard,2025,R32,alexander shevchenko,michael mmoh,0.5663375854492188,0
2025-499_11.0,hard,2025,R32,cameron norrie,zachary svajda,0.8252054452896118,1
2025-499_12.0,hard,2025,R32,ethan quinn,tristan boyer,0.6510756015777588,1
2025-499_13.0,hard,2025,R16,taylor fritz,yunchaokete bu,0.8296573162078857,1
2025-499_14.0,hard,2025,R16,learner tien,matteo arnaldi,0.2652258276939392,0
2025-499_15.0,hard,2025,R16,brandon nakashima,reilly opelka,0.4057334065437317,1
2025-499_16.0,hard,2025,R16,alejandro davidovich fokina,mackenzie mcdonald,0.6597383618354797,1
2025-499_17.0,hard,2025,R16,alex michelsen,michael mmoh,0.5735984444618225,1
2025-499_18.0,hard,2025,R16,ethan quinn,marcos giron,0.3610757887363434,0
2025-499_19.0,hard,2025,R16,miomir kecmanovic,yoshihito nishioka,0.5033048391342163,1
2025-499_2.0,hard,2025,R32,alejandro davidovich fokina,taro daniel,0.8089048862457275,1
2025-499_20.0,hard,2025,R16,arthur rinderknech,cameron norrie,0.3948509693145752,0
2025-499_21.0,hard,2025,QF,alejandro davidovich fokina,taylor fritz,0.23358501493930817,1
2025-499_22.0,hard,2025,QF,alex michelsen,cameron norrie,0.5564292669296265,1
2025-499_23.0,hard,2025,QF,brandon nakashima,matteo arnaldi,0.5036587715148926,0
2025-499_24.0,hard,2025,QF,marcos giron,miomir kecmanovic,0.5091490745544434,0
2025-499_25.0,hard,2025,SF,alex michelsen,miomir kecmanovic,0.5430456399917603,0
2025-499_26.0,hard,2025,SF,alejandro davidovich fokina,matteo arnaldi,0.5287298560142517,1
2025-499_27.0,hard,2025,F,alejandro davidovich fokina,miomir kecmanovic,0.5156296491622925,0
2025-499_3.0,hard,2025,R32,arthur rinderknech,dmitry popko,0.7622249126434326,1
2025-499_4.0,hard,2025,R32,rinky hijikata,yunchaokete bu,0.37821146845817566,0
2025-499_5.0,hard,2025,R32,kei nishikori,mackenzie mcdonald,0.44554951786994934,0
2025-499_6.0,hard,2025,R32,aleksandar vukic,yoshihito nishioka,0.481918066740036,0
2025-499_7.0,hard,2025,R32,christopher eubanks,reilly opelka,0.23701417446136475,0
2025-499_8.0,hard,2025,R32,brandon nakashima,james trotter,0.8029627203941345,1
2025-499_9.0,hard,2025,R32,borna gojo,miomir kecmanovic,0.260053426027298,0
2025-5014_nan,hard,2025,R128,botic van de zandschulp,nuno borges,0.3746916949748993,0
2025-5100_1.0,hard,2025,R32,alexandre muller,jan-lennard struff,0.5614514350891113,1
2025-5100_10.0,hard,2025,R32,mackenzie mcdonald,tomas martin etcheverry,0.2423391342163086,0
2025-5100_11.0,hard,2025,R32,ivan ivanov,yannick hanfmann,0.08003439754247665,0
2025-5100_12.0,hard,2025,R32,marcos giron,pedro martinez,0.7610402703285217,1
2025-5100_13.0,hard,2025,R16,alejandro tabilo,novak djokovic,0.4372241497039795,0
2025-5100_14.0,hard,2025,R16,damir dzumhur,sebastian korda,0.16841691732406616,0
2025-5100_15.0,hard,2025,R16,eliot spizzirri,nuno borges,0.4051775336265564,0
2025-5100_16.0,hard,2025,R16,vit kopriva,yannick hanfmann,0.3365122377872467,0
2025-5100_17.0,hard,2025,R16,luciano darderi,miomir kecmanovic,0.3773977756500244,0
2025-5100_18.0,hard,2025,R16,brandon nakashima,marcos giron,0.4979953169822693,0
2025-5100_19.0,hard,2025,R16,lorenzo musetti,stan wawrinka,0.8246228694915771,1
2025-5100_2.0,hard,2025,R32,damir dzumhur,jacob fearnley,0.6188199520111084,1
2025-5100_20.0,hard,2025,R16,alexandre muller,tomas martin etcheverry,0.48141607642173767,1
2025-5100_21.0,hard,2025,QF,alexandre muller,lorenzo musetti,0.23575466871261597,0
2025-5100_22.0,hard,2025,QF,miomir kecmanovic,sebastian korda,0.39966899156570435,0
2025-5100_23.0,hard,2025,QF,novak djokovic,nuno borges,0.8438347578048706,1
2025-5100_24.0,hard,2025,QF,marcos giron,yannick hanfmann,0.48370033502578735,0
2025-5100_25.0,hard,2025,SF,novak djokovic,yannick hanfmann,0.8465575575828552,1
2025-5100_26.0,hard,2025,SF,lorenzo musetti,sebastian korda,0.6511072516441345,1
2025-5100_27.0,hard,2025,F,lorenzo musetti,novak djokovic,0.2038525640964508,0
2025-5100_3.0,hard,2025,R32,kamil majchrzak,miomir kecmanovic,0.34602662920951843,0
2025-5100_4.0,hard,2025,R32,reilly opelka,vit kopriva,0.8024721145629883,0
2025-5100_5.0,hard,2025,R32,eliot spizzirri,laslo djere,0.44478732347488403,1
2025-5100_6.0,hard,2025,R32,botic van de zandschulp,stan wawrinka,0.6261368989944458,0
2025-5100_7.0,hard,2025,R32,nuno borges,stefanos sakellaridis,0.8111969828605652,1
2025-5100_8.0,hard,2025,R32,alexei popyrin,sebastian korda,0.4609743356704712,0
2025-5100_9.0,hard,2025,R32,adam walton,alejandro tabilo,0.26114556193351746,0
2025-560_nan,hard,2025,R128,alejandro davidovich fokina,alexander shevchenko,0.823815107345581,1
2025-580_1.0,hard,2025,R128,jenson brooksby,taylor fritz,0.048418741673231125,0
2025-580_10.0,hard,2025,R128,alexei popyrin,corentin moutet,0.5402845144271851,0
2025-580_100.0,hard,2025,R32,holger rune,miomir kecmanovic,0.8074619174003601,1
2025-580_101.0,hard,2025,R32,ben shelton,lorenzo musetti,0.611223578453064,1
2025-580_102.0,hard,2025,R32,alex michelsen,karen khachanov,0.33361485600471497,1
2025-580_103.0,hard,2025,R32,fabian marozsan,lorenzo sonego,0.5645930767059326,0
2025-580_104.0,hard,2025,R32,corentin moutet,learner tien,0.3548923134803772,0
2025-580_105.0,hard,2025,R32,alexander zverev,jacob fearnley,0.8975681066513062,1
2025-580_106.0,hard,2025,R32,carlos alcaraz,nuno borges,0.8428173661231995,1
2025-580_107.0,hard,2025,R32,novak djokovic,tomas machac,0.8795862197875977,1
2025-580_108.0,hard,2025,R32,roberto carballes baena,tommy paul,0.25941672921180725,0
2025-580_109.0,hard,2025,R32,arthur fils,ugo humbert,0.21228937804698944,0
2025-580_11.0,hard,2025,R128,gael monfils,giovanni mpetshi perricard,0.7499374151229858,1
2025-580_110.0,hard,2025,R32,aleksandar vukic,jack draper,0.4854513108730316,0
2025-580_111.0,hard,2025,R32,benjamin bonzi,jiri lehecka,0.4955025911331177,0
2025-580_112.0,hard,2025,R32,alejandro davidovich fokina,jakub mensik,0.422912061214447,1
2025-580_113.0,hard,2025,R16,holger rune,jannik sinner,0.11994270980358124,0
2025-580_114.0,hard,2025,R16,alex de minaur,alex michelsen,0.8133777379989624,1
2025-580_115.0,hard,2025,R16,ben shelton,gael monfils,0.6499199271202087,1
2025-580_116.0,hard,2025,R16,learner tien,lorenzo sonego,0.4350857734680176,0
2025-580_117.0,hard,2025,R16,alexander zverev,ugo humbert,0.7679212689399719,1
2025-580_118.0,hard,2025,R16,carlos alcaraz,jack draper,0.4949948191642761,1
2025-580_119.0,hard,2025,R16,jiri lehecka,novak djokovic,0.32351285219192505,0
2025-580_12.0,hard,2025,R128,alexander bublik,francisco cerundolo,0.25841018557548523,0
2025-580_120.0,hard,2025,R16,alejandro davidovich fokina,tommy paul,0.2938072979450226,0
2025-580_121.0,hard,2025,QF,alex de minaur,jannik sinner,0.12609930336475372,0
2025-580_122.0,hard,2025,QF,ben shelton,lorenzo sonego,0.721203088760376,1
2025-580_123.0,hard,2025,QF,alexander zverev,tommy paul,0.6493417620658875,1
2025-580_124.0,hard,2025,QF,carlos alcaraz,novak djokovic,0.4428980350494385,0
2025-580_125.0,hard,2025,SF,ben shelton,jannik sinner,0.07954748719930649,0
2025-580_126.0,hard,2025,SF,alexander zverev,novak djokovic,0.40921157598495483,1
2025-580_127.0,hard,2025,F,alexander zverev,jannik sinner,0.30862390995025635,0
2025-580_13.0,hard,2025,R128,flavio cobolli,tomas martin etcheverry,0.6073486804962158,0
2025-580_14.0,hard,2025,R128,daniel altmaier,francisco comesana,0.7073050141334534,1
2025-580_15.0,hard,2025,R128,cameron norrie,matteo berrettini,0.26034992933273315,0
2025-580_16.0,hard,2025,R128,federico coria,tristan boyer,0.324863076210022,0
2025-580_17.0,hard,2025,R128,kamil majchrzak,pablo carreno busta,0.3129635751247406,0
2025-580_18.0,hard,2025,R128,gabriel diallo,luca nardi,0.5856159925460815,1
2025-580_19.0,hard,2025,R128,facundo diaz acosta,zizou bergs,0.5593258738517761,1
2025-580_2.0,hard,2025,R128,daniil medvedev,kasidit samrej,0.9442405700683594,1
2025-580_20.0,hard,2025,R128,borna coric,cristian garin,0.37884998321533203,0
2025-580_21.0,hard,2025,R128,marcos giron,yannick hanfmann,0.7828851938247681,1
2025-580_22.0,hard,2025,R128,dusan lajovic,miomir kecmanovic,0.2882775366306305,0
2025-580_23.0,hard,2025,R128,mitchell krueger,rinky hijikata,0.2163684368133545,1
2025-580_24.0,hard,2025,R128,denis shapovalov,roberto bautista agut,0.5282351970672607,1
2025-580_25.0,hard,2025,R128,lorenzo sonego,stan wawrinka,0.6273512840270996,1
2025-580_26.0,hard,2025,R128,camilo ugo carabelli,learner tien,0.2979968786239624,0
2025-580_27.0,hard,2025,R128,jannik sinner,nicolas jarry,0.885145366191864,1
2025-580_28.0,hard,2025,R128,alexander shevchenko,carlos alcaraz,0.08922896534204483,0
2025-580_29.0,hard,2025,R128,nishesh basavareddy,novak djokovic,0.039198219776153564,0
2025-580_3.0,hard,2025,R128,alex de minaur,botic van de zandschulp,0.8565696477890015,1
2025-580_30.0,hard,2025,R128,francesco passaro,grigor dimitrov,0.09300372749567032,1
2025-580_31.0,hard,2025,R128,alex michelsen,stefanos tsitsipas,0.6119425892829895,1
2025-580_32.0,hard,2025,R128,christopher o'connell,tommy paul,0.22043566405773163,0
2025-580_33.0,hard,2025,R128,jack draper,mariano navone,0.8920113444328308,1
2025-580_34.0,hard,2025,R128,arthur rinderknech,frances tiafoe,0.515299916267395,0
2025-580_35.0,hard,2025,R128,lukas klein,sebastian korda,0.11728936433792114,0
2025-580_36.0,hard,2025,R128,alejandro tabilo,roberto carballes baena,0.5006518363952637,0
2025-580_37.0,hard,2025,R128,dominik koepfer,jordan thompson,0.23561406135559082,0
2025-580_38.0,hard,2025,R128,arthur cazaux,sebastian baez,0.4666151702404022,1
2025-580_39.0,hard,2025,R128,felix auger-aliassime,jan-lennard struff,0.6654651165008545,1
2025-580_4.0,hard,2025,R128,andrey rublev,joao fonseca,0.7485620975494385,0
2025-580_40.0,hard,2025,R128,benjamin bonzi,david goffin,0.38652822375297546,1
2025-580_41.0,hard,2025,R128,alexandre muller,nuno borges,0.34270843863487244,0
2025-580_42.0,hard,2025,R128,alejandro davidovich fokina,juncheng shang,0.6636899709701538,1
2025-580_43.0,hard,2025,R128,dominic stricker,james duckworth,0.46920856833457947,0
2025-580_44.0,hard,2025,R128,jaime faria,pavel kotov,0.3183519244194031,1
2025-580_45.0,hard,2025,R128,jacob fearnley,nick kyrgios,0.7231735587120056,1
2025-580_46.0,hard,2025,R128,roman safiullin,thanasi kokkinakis,0.36462628841400146,0
2025-580_47.0,hard,2025,R128,fabian marozsan,thiago seyboth wild,0.7211533188819885,1
2025-580_48.0,hard,2025,R128,james mccabe,martin landaluce,0.5647255182266235,1
2025-580_49.0,hard,2025,R128,jakub mensik,nikoloz basilashvili,0.8275269269943237,1
2025-580_5.0,hard,2025,R128,holger rune,zhizhen zhang,0.8551830649375916,1
2025-580_50.0,hard,2025,R128,aziz dougaz,yoshihito nishioka,0.18283329904079437,0
2025-580_51.0,hard,2025,R128,taro daniel,tristan schoolkate,0.3688712418079376,0
2025-580_52.0,hard,2025,R128,aleksandar vukic,damir dzumhur,0.777277410030365,1
2025-580_53.0,hard,2025,R128,alexander zverev,lucas pouille,0.9322666525840759,1
2025-580_54.0,hard,2025,R128,casper ruud,jaume munar,0.7883262038230896,1
2025-580_55.0,hard,2025,R128,matteo gigante,ugo humbert,0.09916871786117554,0
2025-580_56.0,hard,2025,R128,arthur fils,otto virtanen,0.8148739337921143,1
2025-580_57.0,hard,2025,R128,jiri lehecka,li tu,0.9016287922859192,1
2025-580_58.0,hard,2025,R128,sumit nagal,tomas machac,0.09821609407663345,0
2025-580_59.0,hard,2025,R128,hugo gaston,omar jasika,0.7039970755577087,1
2025-580_6.0,hard,2025,R128,lorenzo musetti,matteo arnaldi,0.5820824503898621,1
2025-580_60.0,hard,2025,R128,hady habib,yunchaokete bu,0.30685675144195557,1
2025-580_61.0,hard,2025,R128,adam walton,quentin halys,0.5853790044784546,0
2025-580_62.0,hard,2025,R128,luciano darderi,pedro martinez,0.4828355312347412,0
2025-580_63.0,hard,2025,R128,kei nishikori,thiago monteiro,0.7674685120582581,1
2025-580_64.0,hard,2025,R128,gauthier onclin,reilly opelka,0.1661357581615448,0
2025-580_65.0,hard,2025,R64,jannik sinner,tristan schoolkate,0.9771878123283386,1
2025-580_66.0,hard,2025,R64,cristian garin,taylor fritz,0.10436218976974487,0
2025-580_67.0,hard,2025,R64,daniil medvedev,learner tien,0.8462882041931152,0
2025-580_68.0,hard,2025,R64,alex de minaur,tristan boyer,0.9005497097969055,1
2025-580_69.0,hard,2025,R64,holger rune,matteo berrettini,0.7638255953788757,1
2025-580_7.0,hard,2025,R128,hubert hurkacz,tallon griekspoor,0.7008551955223083,1
2025-580_70.0,hard,2025,R64,denis shapovalov,lorenzo musetti,0.4820125997066498,0
2025-580_71.0,hard,2025,R64,fabian marozsan,frances tiafoe,0.3305802047252655,1
2025-580_72.0,hard,2025,R64,hubert hurkacz,miomir kecmanovic,0.6895744204521179,0
2025-580_73.0,hard,2025,R64,gabriel diallo,karen khachanov,0.2053752988576889,0
2025-580_74.0,hard,2025,R64,ben shelton,pablo carreno busta,0.8127784132957458,1
2025-580_75.0,hard,2025,R64,facundo diaz acosta,francisco cerundolo,0.22874632477760315,0
2025-580_76.0,hard,2025,R64,marcos giron,tomas martin etcheverry,0.5274572372436523,1
2025-580_77.0,hard,2025,R64,alex michelsen,james mccabe,0.8321986198425293,1
2025-580_78.0,hard,2025,R64,daniel altmaier,gael monfils,0.11805688589811325,0
2025-580_79.0,hard,2025,R64,corentin moutet,mitchell krueger,0.613335907459259,1
2025-580_8.0,hard,2025,R128,adrian mannarino,karen khachanov,0.3044130206108093,0
2025-580_80.0,hard,2025,R64,joao fonseca,lorenzo sonego,0.4615802764892578,0
2025-580_81.0,hard,2025,R64,alexander zverev,pedro martinez,0.9036011099815369,1
2025-580_82.0,hard,2025,R64,carlos alcaraz,yoshihito nishioka,0.8583669066429138,1
2025-580_83.0,hard,2025,R64,casper ruud,jakub mensik,0.6960760951042175,0
2025-580_84.0,hard,2025,R64,jaime faria,novak djokovic,0.032029129564762115,0
2025-580_85.0,hard,2025,R64,kei nishikori,tommy paul,0.38496214151382446,0
2025-580_86.0,hard,2025,R64,hady habib,ugo humbert,0.1818104088306427,0
2025-580_87.0,hard,2025,R64,jack draper,thanasi kokkinakis,0.7125909924507141,1
2025-580_88.0,hard,2025,R64,arthur fils,quentin halys,0.7080618739128113,1
2025-580_89.0,hard,2025,R64,aleksandar vukic,sebastian korda,0.2623932361602783,1
2025-580_9.0,hard,2025,R128,ben shelton,brandon nakashima,0.6594236493110657,1
2025-580_90.0,hard,2025,R64,hugo gaston,jiri lehecka,0.2171725034713745,0
2025-580_91.0,hard,2025,R64,reilly opelka,tomas machac,0.2675739824771881,0
2025-580_92.0,hard,2025,R64,jordan thompson,nuno borges,0.682930052280426,0
2025-580_93.0,hard,2025,R64,alejandro davidovich fokina,felix auger-aliassime,0.32092833518981934,1
2025-580_94.0,hard,2025,R64,benjamin bonzi,francesco passaro,0.6578966379165649,1
2025-580_95.0,hard,2025,R64,james duckworth,roberto carballes baena,0.3470374047756195,0
2025-580_96.0,hard,2025,R64,arthur cazaux,jacob fearnley,0.5737162232398987,0
2025-580_97.0,hard,2025,R32,jannik sinner,marcos giron,0.9507866501808167,1
2025-580_98.0,hard,2025,R32,gael monfils,taylor fritz,0.256842702627182,1
2025-580_99.0,hard,2025,R32,alex de minaur,francisco cerundolo,0.8229106664657593,1
2025-605_1.0,hard,2025,RR,alex de minaur,carlos alcaraz,0.23604382574558258,0
2025-605_10.0,hard,2025,RR,carlos alcaraz,lorenzo musetti,0.838151752948761,1
2025-605_11.0,hard,2025,RR,ben shelton,jannik sinner,0.05773308873176575,0
2025-605_13.0,hard,2025,RR,alexander zverev,felix auger-aliassime,0.5774703025817871,0
2025-605_14.0,hard,2025,SF,alex de minaur,jannik sinner,0.10543246567249298,0
2025-605_15.0,hard,2025,SF,carlos alcaraz,felix auger-aliassime,0.8244094848632812,1
2025-605_16.0,hard,2025,F,carlos alcaraz,jannik sinner,0.4056541621685028,0
2025-605_2.0,hard,2025,RR,alexander zverev,ben shelton,0.717272162437439,1
2025-605_3.0,hard,2025,RR,lorenzo musetti,taylor fritz,0.5953003168106079,0
2025-605_4.0,hard,2025,RR,felix auger-aliassime,jannik sinner,0.14759235084056854,0
2025-605_5.0,hard,2025,RR,carlos alcaraz,taylor fritz,0.8026036024093628,1
2025-605_6.0,hard,2025,RR,alex de minaur,lorenzo musetti,0.6374977231025696,0
2025-605_7.0,hard,2025,RR,ben shelton,felix auger-aliassime,0.434650182723999,0
2025-605_8.0,hard,2025,RR,alexander zverev,jannik sinner,0.16964025795459747,0
2025-605_9.0,hard,2025,RR,alex de minaur,taylor fritz,0.4790996313095093,1
2025-6242_nan,hard,2025,R64,chun-hsin tseng,yunchaokete bu,0.20449581742286682,0
2025-747_nan,hard,2025,R32,alex de minaur,yunchaokete bu,0.8597413301467896,1
2025-7480_1.0,hard,2025,R32,daniel altmaier,mitchell krueger,0.7124902606010437,1
2025-7480_10.0,hard,2025,R32,alibek kachmazov,juan pablo ficovich,0.35063204169273376,0
2025-7480_11.0,hard,2025,R32,alex hernandez,taro daniel,0.27989405393600464,1
2025-7480_12.0,hard,2025,R32,aleksandar vukic,emilio nava,0.7414803504943848,0
2025-7480_13.0,hard,2025,R16,alex hernandez,andrey rublev,0.22689010202884674,0
2025-7480_14.0,hard,2025,R16,alejandro davidovich fokina,james duckworth,0.6195759773254395,0
2025-7480_15.0,hard,2025,R16,denis shapovalov,govind nanda,0.7041934728622437,1
2025-7480_16.0,hard,2025,R16,juan pablo ficovich,quentin halys,0.6178808808326721,1
2025-7480_17.0,hard,2025,R16,daniel altmaier,tristan schoolkate,0.6100521683692932,0
2025-7480_18.0,hard,2025,R16,emilio nava,yunchaokete bu,0.4004104733467102,1
2025-7480_19.0,hard,2025,R16,aleksandar kovacevic,luis carlos alvarez,0.8189006447792053,1
2025-7480_2.0,hard,2025,R32,alan magadan,yunchaokete bu,0.18129780888557434,0
2025-7480_20.0,hard,2025,R16,adam walton,nishesh basavareddy,0.49277588725090027,1
2025-7480_21.0,hard,2025,QF,andrey rublev,emilio nava,0.8026947379112244,1
2025-7480_22.0,hard,2025,QF,denis shapovalov,tristan schoolkate,0.7629177570343018,1
2025-7480_23.0,hard,2025,QF,aleksandar kovacevic,juan pablo ficovich,0.49963414669036865,1
2025-7480_24.0,hard,2025,QF,adam walton,james duckworth,0.490369588136673,1
2025-7480_25.0,hard,2025,SF,aleksandar kovacevic,andrey rublev,0.20589621365070343,1
2025-7480_26.0,hard,2025,SF,adam walton,denis shapovalov,0.2126518189907074,0
2025-7480_27.0,hard,2025,F,aleksandar kovacevic,denis shapovalov,0.297370046377182,0
2025-7480_3.0,hard,2025,R32,adam walton,rodrigo pacheco mendez,0.6318109035491943,1
2025-7480_4.0,hard,2025,R32,james mccabe,luis carlos alvarez,0.7584498524665833,0
2025-7480_5.0,hard,2025,R32,nicolas mejia,nishesh basavareddy,0.2526075839996338,0
2025-7480_6.0,hard,2025,R32,adrian mannarino,james duckworth,0.5826610922813416,0
2025-7480_7.0,hard,2025,R32,colton smith,govind nanda,0.49762070178985596,0
2025-7480_8.0,hard,2025,R32,tristan schoolkate,yibing wu,0.5991846919059753,1
2025-7480_9.0,hard,2025,R32,aleksandar kovacevic,hady habib,0.6170129179954529,1
2025-7485_1.0,hard,2025,R32,benjamin bonzi,reilly opelka,0.46146851778030396,1
2025-7485_10.0,hard,2025,R32,nikoloz basilashvili,quentin halys,0.48457878828048706,1
2025-7485_11.0,hard,2025,R32,damir dzumhur,federico cina,0.6343900561332703,1
2025-7485_12.0,hard,2025,R32,matteo arnaldi,yannick hanfmann,0.32142308354377747,0
2025-7485_13.0,hard,2025,R16,botic van de zandschulp,eliot spizzirri,0.6702973246574402,0
2025-7485_14.0,hard,2025,R16,lorenzo musetti,yannick hanfmann,0.7787536382675171,1
2025-7485_15.0,hard,2025,R16,gilles arnaud bailly,jiri lehecka,0.1224919781088829,0
2025-7485_16.0,hard,2025,R16,benjamin bonzi,valentin royer,0.534213662147522,1
2025-7485_17.0,hard,2025,R16,alejandro davidovich fokina,marcos giron,0.6782203316688538,1
2025-7485_18.0,hard,2025,R16,francisco comesana,raphael collignon,0.5679397583007812,0
2025-7485_19.0,hard,2025,R16,damir dzumhur,felix auger-aliassime,0.3062354028224945,0
2025-7485_2.0,hard,2025,R32,marcos giron,mattia bellucci,0.5724819302558899,1
2025-7485_20.0,hard,2025,R16,giovanni mpetshi perricard,nikoloz basilashvili,0.6787461042404175,1
2025-7485_21.0,hard,2025,QF,giovanni mpetshi perricard,lorenzo musetti,0.3036838173866272,1
2025-7485_22.0,hard,2025,QF,benjamin bonzi,jiri lehecka,0.21023239195346832,0
2025-7485_23.0,hard,2025,QF,alejandro davidovich fokina,raphael collignon,0.5007878541946411,0
2025-7485_24.0,hard,2025,QF,eliot spizzirri,felix auger-aliassime,0.14751236140727997,0
2025-7485_25.0,hard,2025,SF,giovanni mpetshi perricard,jiri lehecka,0.5099192261695862,0
2025-7485_26.0,hard,2025,SF,felix auger-aliassime,raphael collignon,0.7974464297294617,1
2025-7485_27.0,hard,2025,F,felix auger-aliassime,jiri lehecka,0.5043357014656067,1
2025-7485_3.0,hard,2025,R32,david goffin,francisco comesana,0.5039966106414795,0
2025-7485_4.0,hard,2025,R32,emil ruusuvuori,giovanni mpetshi perricard,0.2609991133213043,0
2025-7485_5.0,hard,2025,R32,sebastian baez,valentin royer,0.44407135248184204,0
2025-7485_6.0,hard,2025,R32,daniel altmaier,gilles arnaud bailly,0.7980201244354248,0
2025-7485_7.0,hard,2025,R32,eliot spizzirri,pedro martinez,0.33871060609817505,1
2025-7485_8.0,hard,2025,R32,botic van de zandschulp,joao fonseca,0.5128560662269592,1
2025-7485_9.0,hard,2025,R32,raphael collignon,zizou bergs,0.16019006073474884,1
2025-7581_nan,hard,2025,R32,alexander shevchenko,gael monfils,0.6140721440315247,1
2025-7696_1.0,hard,2025,RR,learner tien,nicolai budkov kjaer,0.870619535446167,1
2025-7696_10.0,hard,2025,RR,alexander blockx,justin engel,0.5244688391685486,1
2025-7696_11.0,hard,2025,RR,dino prizmic,nishesh basavareddy,0.509903609752655,0
2025-7696_12.0,hard,2025,RR,martin landaluce,nicolai budkov kjaer,0.42178040742874146,0
2025-7696_13.0,hard,2025,SF,learner tien,nishesh basavareddy,0.7893385291099548,1
2025-7696_14.0,hard,2025,SF,alexander blockx,nicolai budkov kjaer,0.5133546590805054,1
2025-7696_15.0,hard,2025,F,alexander blockx,learner tien,0.21325965225696564,0
2025-7696_2.0,hard,2025,RR,alexander blockx,dino prizmic,0.3003748655319214,1
2025-7696_3.0,hard,2025,RR,martin landaluce,rafael jodar,0.36381450295448303,0
2025-7696_4.0,hard,2025,RR,justin engel,nishesh basavareddy,0.5072371959686279,0
2025-7696_5.0,hard,2025,RR,learner tien,martin landaluce,0.8457735776901245,1
2025-7696_6.0,hard,2025,RR,alexander blockx,nishesh basavareddy,0.5866042971611023,1
2025-7696_7.0,hard,2025,RR,dino prizmic,justin engel,0.67120361328125,1
2025-7696_8.0,hard,2025,RR,nicolai budkov kjaer,rafael jodar,0.4629494249820709,1
2025-7696_9.0,hard,2025,RR,learner tien,rafael jodar,0.8258121609687805,0
2025-807_1.0,hard,2025,R32,alexander zverev,matteo arnaldi,0.8614214062690735,1
2025-807_10.0,hard,2025,R32,gabriel diallo,tommy paul,0.14231885969638824,0
2025-807_11.0,hard,2025,R32,ben shelton,flavio cobolli,0.7419090270996094,1
2025-807_12.0,hard,2025,R32,jakub mensik,tomas machac,0.22168627381324768,0
2025-807_13.0,hard,2025,R32,daniel altmaier,miomir kecmanovic,0.439694881439209,1
2025-807_14.0,hard,2025,R32,adam walton,marcos giron,0.08192632347345352,0
2025-807_15.0,hard,2025,R32,david goffin,rinky hijikata,0.34419307112693787,1
2025-807_16.0,hard,2025,R32,cameron norrie,learner tien,0.5788248181343079,0
2025-807_17.0,hard,2025,R16,alexander zverev,learner tien,0.851565420627594,0
2025-807_18.0,hard,2025,R16,casper ruud,rodrigo pacheco mendez,0.8911587595939636,0
2025-807_19.0,hard,2025,R16,marcos giron,tommy paul,0.4430162310600281,1
2025-807_2.0,hard,2025,R32,holger rune,roberto carballes baena,0.8054324388504028,1
2025-807_20.0,hard,2025,R16,brandon nakashima,holger rune,0.30211079120635986,1
2025-807_21.0,hard,2025,R16,ben shelton,david goffin,0.5121555924415588,0
2025-807_22.0,hard,2025,R16,alejandro davidovich fokina,frances tiafoe,0.6173909902572632,1
2025-807_23.0,hard,2025,R16,daniel altmaier,tomas machac,0.3367002010345459,0
2025-807_24.0,hard,2025,R16,alex michelsen,denis shapovalov,0.2568260431289673,0
2025-807_25.0,hard,2025,QF,learner tien,tomas machac,0.3111568093299866,0
2025-807_26.0,hard,2025,QF,denis shapovalov,marcos giron,0.5729119777679443,1
2025-807_27.0,hard,2025,QF,alejandro davidovich fokina,rodrigo pacheco mendez,0.8469768762588501,1
2025-807_28.0,hard,2025,QF,brandon nakashima,david goffin,0.5619061589241028,1
2025-807_29.0,hard,2025,SF,brandon nakashima,tomas machac,0.33034834265708923,0
2025-807_3.0,hard,2025,R32,alexandre muller,frances tiafoe,0.2743297219276428,0
2025-807_30.0,hard,2025,SF,alejandro davidovich fokina,denis shapovalov,0.6267402768135071,1
2025-807_31.0,hard,2025,F,alejandro davidovich fokina,tomas machac,0.38595008850097656,0
2025-807_4.0,hard,2025,R32,denis shapovalov,nishesh basavareddy,0.8486641645431519,1
2025-807_5.0,hard,2025,R32,alejandro davidovich fokina,mattia bellucci,0.7810426354408264,1
2025-807_6.0,hard,2025,R32,alex michelsen,yunchaokete bu,0.7836634516716003,1
2025-807_7.0,hard,2025,R32,benjamin bonzi,brandon nakashima,0.2638261914253235,0
2025-807_8.0,hard,2025,R32,aleksandar vukic,rodrigo pacheco mendez,0.5935384631156921,0
2025-807_9.0,hard,2025,R32,arthur rinderknech,casper ruud,0.1844581812620163,0
2025-8996_1.0,hard,2025,R32,hugo gaston,tomas martin etcheverry,0.3811793625354767,0
2025-8996_10.0,hard,2025,R32,cristian garin,juan pablo ficovich,0.759425699710846,1
2025-8996_11.0,hard,2025,R32,facundo diaz acosta,yannick hanfmann,0.6216498613357544,0
2025-8996_12.0,hard,2025,R32,gustavo heide,thiago seyboth wild,0.37929755449295044,1
2025-8996_13.0,hard,2025,R16,alejandro tabilo,federico coria,0.7939812541007996,0
2025-8996_14.0,hard,2025,R16,francisco comesana,sebastian baez,0.40647080540657043,0
2025-8996_15.0,hard,2025,R16,damir dzumhur,mariano navone,0.44804704189300537,1
2025-8996_16.0,hard,2025,R16,camilo ugo carabelli,thiago monteiro,0.49381351470947266,1
2025-8996_17.0,hard,2025,R16,francisco cerundolo,yannick hanfmann,0.5582038760185242,1
2025-8996_18.0,hard,2025,R16,laslo djere,pedro martinez,0.6368811130523682,1
2025-8996_19.0,hard,2025,R16,cristian garin,tomas martin etcheverry,0.4415234327316284,0
2025-8996_2.0,hard,2025,R32,alexander shevchenko,mariano navone,0.5491623878479004,0
2025-8996_20.0,hard,2025,R16,gustavo heide,jaime faria,0.5260677933692932,0
2025-8996_21.0,hard,2025,QF,francisco cerundolo,tomas martin etcheverry,0.5635478496551514,1
2025-8996_22.0,hard,2025,QF,damir dzumhur,sebastian baez,0.4022125005722046,0
2025-8996_23.0,hard,2025,QF,jaime faria,laslo djere,0.44015389680862427,0
2025-8996_24.0,hard,2025,QF,camilo ugo carabelli,federico coria,0.5774401426315308,1
2025-8996_25.0,hard,2025,SF,francisco cerundolo,laslo djere,0.6158984303474426,0
2025-8996_26.0,hard,2025,SF,camilo ugo carabelli,sebastian baez,0.444094717502594,0
2025-8996_27.0,hard,2025,F,laslo djere,sebastian baez,0.6302135586738586,1
2025-8996_3.0,hard,2025,R32,camilo ugo carabelli,nicolas jarry,0.3894907236099243,1
2025-8996_4.0,hard,2025,R32,jaime faria,luciano darderi,0.6954675316810608,1
2025-8996_5.0,hard,2025,R32,felipe meligeni alves,francisco comesana,0.3165365159511566,0
2025-8996_6.0,hard,2025,R32,federico coria,tomas barrios vera,0.6929276585578918,1
2025-8996_7.0,hard,2025,R32,corentin moutet,damir dzumhur,0.6114473342895508,0
2025-8996_8.0,hard,2025,R32,juan manuel cerundolo,thiago monteiro,0.4754635989665985,0
2025-8996_9.0,hard,2025,R32,ignacio buse,laslo djere,0.22783832252025604,0
2025-8998_1.0,hard,2025,R32,denis shapovalov,zhizhen zhang,0.7587581872940063,1
2025-8998_10.0,hard,2025,R32,brandon nakashima,yannick hanfmann,0.5279873609542847,1
2025-8998_11.0,hard,2025,R32,david goffin,rinky hijikata,0.5973811149597168,0
2025-8998_12.0,hard,2025,R32,tomas martin etcheverry,tristan schoolkate,0.810651421546936,1
2025-8998_13.0,hard,2025,R16,arthur cazaux,felix auger-aliassime,0.4877818822860718,0
2025-8998_14.0,hard,2025,R16,denis shapovalov,marcos giron,0.34412887692451477,0
2025-8998_15.0,hard,2025,R16,christopher o'connell,miomir kecmanovic,0.4583154320716858,0
2025-8998_16.0,hard,2025,R16,brandon nakashima,rinky hijikata,0.6375464200973511,0
2025-8998_17.0,hard,2025,R16,benjamin bonzi,li tu,0.5201503038406372,1
2025-8998_18.0,hard,2025,R16,alejandro davidovich fokina,sebastian korda,0.23897601664066315,0
2025-8998_19.0,hard,2025,R16,manuel guinard,tommy paul,0.17317703366279602,0
2025-8998_2.0,hard,2025,R32,alejandro davidovich fokina,roberto bautista agut,0.5894083380699158,1
2025-8998_20.0,hard,2025,R16,thanasi kokkinakis,tomas martin etcheverry,0.5248358249664307,1
2025-8998_21.0,hard,2025,QF,rinky hijikata,tommy paul,0.5540556907653809,0
2025-8998_22.0,hard,2025,QF,felix auger-aliassime,marcos giron,0.562786877155304,1
2025-8998_23.0,hard,2025,QF,benjamin bonzi,miomir kecmanovic,0.47961506247520447,0
2025-8998_24.0,hard,2025,QF,sebastian korda,thanasi kokkinakis,0.42434948682785034,1
2025-8998_25.0,hard,2025,SF,felix auger-aliassime,tommy paul,0.38358017802238464,1
2025-8998_26.0,hard,2025,SF,miomir kecmanovic,sebastian korda,0.3165736794471741,0
2025-8998_27.0,hard,2025,F,felix auger-aliassime,sebastian korda,0.4245433807373047,1
2025-8998_3.0,hard,2025,R32,arthur rinderknech,christopher o'connell,0.548738420009613,0
2025-8998_4.0,hard,2025,R32,thanasi kokkinakis,yoshihito nishioka,0.3584877550601959,1
2025-8998_5.0,hard,2025,R32,james duckworth,li tu,0.7393714785575867,0
2025-8998_6.0,hard,2025,R32,manuel guinard,roman safiullin,0.20304405689239502,1
2025-8998_7.0,hard,2025,R32,aleksandar vukic,marcos giron,0.5781000852584839,0
2025-8998_8.0,hard,2025,R32,alexander bublik,miomir kecmanovic,0.3484126925468445,0
2025-8998_9.0,hard,2025,R32,adam walton,arthur cazaux,0.2839427888393402,0
2025-9210_nan,hard,2025,RR,alexander zverev,taylor fritz,0.3675234019756317,0
2025-9410_1.0,hard,2025,R32,alex michelsen,beibit zhukayev,0.7643347978591919,1
2025-9410_10.0,hard,2025,R32,bernard tomic,corentin moutet,0.29182037711143494,0
2025-9410_11.0,hard,2025,R32,james duckworth,ugo blanchet,0.343699187040329,1
2025-9410_12.0,hard,2025,R32,fabian marozsan,luca nardi,0.6244229078292847,1
2025-9410_13.0,hard,2025,R16,jan-lennard struff,karen khachanov,0.5382480621337891,1
2025-9410_14.0,hard,2025,R16,adam walton,daniil medvedev,0.19087064266204834,0
2025-9410_15.0,hard,2025,R16,luciano darderi,shintaro mochizuki,0.45757338404655457,0
2025-9410_16.0,hard,2025,R16,aleksandar vukic,alex michelsen,0.3896328806877136,0
2025-9410_17.0,hard,2025,R16,flavio cobolli,rinky hijikata,0.44856134057044983,1
2025-9410_18.0,hard,2025,R16,brandon nakashima,fabian marozsan,0.6099222898483276,0
2025-9410_19.0,hard,2025,R16,gabriel diallo,james duckworth,0.7322057485580444,0
2025-9410_2.0,hard,2025,R32,arthur cazaux,shintaro mochizuki,0.7128217220306396,0
2025-9410_20.0,hard,2025,R16,alexander shevchenko,corentin moutet,0.42786553502082825,0
2025-9410_21.0,hard,2025,QF,daniil medvedev,fabian marozsan,0.7096470594406128,1
2025-9410_22.0,hard,2025,QF,flavio cobolli,james duckworth,0.7328084111213684,0
2025-9410_23.0,hard,2025,QF,alex michelsen,shintaro mochizuki,0.72989422082901,1
2025-9410_24.0,hard,2025,QF,corentin moutet,jan-lennard struff,0.527714192867279,1
2025-9410_25.0,hard,2025,SF,daniil medvedev,james duckworth,0.8069697618484497,1
2025-9410_26.0,hard,2025,SF,alex michelsen,corentin moutet,0.42566239833831787,0
2025-9410_27.0,hard,2025,F,corentin moutet,daniil medvedev,0.3071778118610382,0
2025-9410_3.0,hard,2025,R32,jan-lennard struff,mackenzie mcdonald,0.3976276218891144,1
2025-9410_4.0,hard,2025,R32,brandon nakashima,hamad medjedovic,0.587988555431366,1
2025-9410_5.0,hard,2025,R32,rinky hijikata,timofey skatov,0.7127096056938171,1
2025-9410_6.0,hard,2025,R32,alexander shevchenko,laslo djere,0.48312729597091675,1
2025-9410_7.0,hard,2025,R32,aleksandar vukic,marko topo,0.7510165572166443,1
2025-9410_8.0,hard,2025,R32,adam walton,tristan schoolkate,0.5094397068023682,1
2025-9410_9.0,hard,2025,R32,amir omarkhanov,gabriel diallo,0.07649839669466019,0
2025-M-DC-2025-FLS-M-ARG-GER-01_1.0,hard,2025,RR,jan-lennard struff,tomas martin etcheverry,0.5273540019989014,0
2025-M-DC-2025-FLS-M-ARG-GER-01_2.0,hard,2025,RR,alexander zverev,francisco cerundolo,0.7428951263427734,1
2025-M-DC-2025-FLS-M-ESP-CZE-01_1.0,hard,2025,RR,jakub mensik,pablo carreno busta,0.767388641834259,1
2025-M-DC-2025-FLS-M-ESP-CZE-01_2.0,hard,2025,RR,jaume munar,jiri lehecka,0.3486036956310272,1
2025-M-DC-2025-FLS-M-ESP-GER-01_1.0,hard,2025,RR,jan-lennard struff,pablo carreno busta,0.49229204654693604,0
2025-M-DC-2025-FLS-M-ESP-GER-01_2.0,hard,2025,RR,alexander zverev,jaume munar,0.7513041496276855,1
2025-M-DC-2025-FLS-M-FRA-BEL-01_1.0,hard,2025,RR,corentin moutet,raphael collignon,0.7745293378829956,0
2025-M-DC-2025-FLS-M-FRA-BEL-01_2.0,hard,2025,RR,arthur rinderknech,zizou bergs,0.7341246008872986,0
2025-M-DC-2025-FLS-M-ITA-AUT-01_1.0,hard,2025,RR,jurij rodionov,matteo berrettini,0.17382174730300903,0
2025-M-DC-2025-FLS-M-ITA-AUT-01_2.0,hard,2025,RR,filip misolic,flavio cobolli,0.19751204550266266,0
2025-M-DC-2025-FLS-M-ITA-BEL-01_1.0,hard,2025,RR,matteo berrettini,raphael collignon,0.7013845443725586,1
2025-M-DC-2025-FLS-M-ITA-BEL-01_2.0,hard,2025,RR,flavio cobolli,zizou bergs,0.5263428092002869,1
2025-M-DC-2025-FLS-M-ITA-ESP-01_1.0,hard,2025,RR,matteo berrettini,pablo carreno busta,0.6083884239196777,1
2025-M-DC-2025-FLS-M-ITA-ESP-01_2.0,hard,2025,RR,flavio cobolli,jaume munar,0.4471941590309143,1
2025-M-DC-2025-QLS-M-AUS-BEL-01_1.0,hard,2025,RR,jordan thompson,zizou bergs,0.5616008043289185,0
2025-M-DC-2025-QLS-M-AUS-BEL-01_2.0,hard,2025,RR,alex de minaur,raphael collignon,0.8571620583534241,0
2025-M-DC-2025-QLS-M-AUS-BEL-01_3.0,hard,2025,RR,alex de minaur,zizou bergs,0.7504366636276245,1
2025-M-DC-2025-QLS-M-AUS-BEL-01_4.0,hard,2025,RR,aleksandar vukic,raphael collignon,0.34812426567077637,0
2025-M-DC-2025-QLS-M-AUT-FIN-01_1.0,hard,2025,RR,lukas neumayer,otto virtanen,0.3165699541568756,1
2025-M-DC-2025-QLS-M-AUT-FIN-01_2.0,hard,2025,RR,eero vasa,jurij rodionov,0.21421833336353302,0
2025-M-DC-2025-QLS-M-AUT-FIN-01_3.0,hard,2025,RR,eero vasa,filip misolic,0.546787679195404,0
2025-M-DC-2025-QLS-M-BEL-CHI-01_1.0,hard,2025,RR,tomas barrios vera,zizou bergs,0.21119721233844757,0
2025-M-DC-2025-QLS-M-BEL-CHI-01_2.0,hard,2025,RR,alexander blockx,cristian garin,0.22850212454795837,0
2025-M-DC-2025-QLS-M-BEL-CHI-01_3.0,hard,2025,RR,cristian garin,zizou bergs,0.5000582337379456,0
2025-M-DC-2025-QLS-M-CAN-HUN-01_1.0,hard,2025,RR,alexis galarneau,fabian marozsan,0.20853248238563538,0
2025-M-DC-2025-QLS-M-CAN-HUN-01_2.0,hard,2025,RR,gabriel diallo,marton fucsovics,0.625785768032074,0
2025-M-DC-2025-QLS-M-CAN-HUN-01_3.0,hard,2025,RR,fabian marozsan,gabriel diallo,0.6665177345275879,0
2025-M-DC-2025-QLS-M-CAN-HUN-01_4.0,hard,2025,RR,alexis galarneau,marton fucsovics,0.352538138628006,0
2025-M-DC-2025-QLS-M-CRO-SVK-01_1.0,hard,2025,RR,duje ajdukovic,lukas klein,0.3536071479320526,1
2025-M-DC-2025-QLS-M-CRO-SVK-01_2.0,hard,2025,RR,dino prizmic,jozef kovalik,0.2712910771369934,1
2025-M-DC-2025-QLS-M-CRO-SVK-01_3.0,hard,2025,RR,matej dodig,norbert gombos,0.5036565065383911,0
2025-M-DC-2025-QLS-M-CZE-KOR-01_1.0,hard,2025,RR,gerard campana lee,jiri lehecka,0.22054451704025269,0
2025-M-DC-2025-QLS-M-CZE-KOR-01_2.0,hard,2025,RR,soonwoo kwon,tomas machac,0.14847010374069214,0
2025-M-DC-2025-QLS-M-CZE-KOR-01_3.0,hard,2025,RR,maxim mrva,sanhui shin,0.43549007177352905,1
2025-M-DC-2025-QLS-M-DEN-SRB-01_1.0,hard,2025,RR,elmer moller,miomir kecmanovic,0.21329353749752045,0
2025-M-DC-2025-QLS-M-DEN-SRB-01_2.0,hard,2025,RR,hamad medjedovic,holger rune,0.22010862827301025,1
2025-M-DC-2025-QLS-M-DEN-SRB-01_3.0,hard,2025,RR,holger rune,miomir kecmanovic,0.7189284563064575,1
2025-M-DC-2025-QLS-M-DEN-SRB-01_4.0,hard,2025,RR,elmer moller,hamad medjedovic,0.2721979022026062,1
2025-M-DC-2025-QLS-M-ESP-SUI-01_1.0,hard,2025,RR,dominic stricker,pedro martinez,0.4550408720970154,0
2025-M-DC-2025-QLS-M-ESP-SUI-01_2.0,hard,2025,RR,jerome kym,roberto carballes baena,0.2788289487361908,0
2025-M-DC-2025-QLS-M-ESP-SUI-01_3.0,hard,2025,RR,martin landaluce,remy bertola,0.6253050565719604,0
2025-M-DC-2025-QLS-M-FRA-BRA-01_1.0,hard,2025,RR,joao fonseca,ugo humbert,0.23573674261569977,0
2025-M-DC-2025-QLS-M-FRA-BRA-01_2.0,hard,2025,RR,arthur fils,thiago seyboth wild,0.7161155939102173,1
2025-M-DC-2025-QLS-M-FRA-BRA-01_3.0,hard,2025,RR,giovanni mpetshi perricard,matheus pucinelli de almeida,0.835122287273407,1
2025-M-DC-2025-QLS-M-HUN-AUT-01_1.0,hard,2025,RR,lukas neumayer,marton fucsovics,0.18697088956832886,1
2025-M-DC-2025-QLS-M-HUN-AUT-01_2.0,hard,2025,RR,lukas neumayer,zsombor piros,0.6842462420463562,0
2025-M-DC-2025-QLS-M-HUN-AUT-01_3.0,hard,2025,RR,fabian marozsan,jurij rodionov,0.7354314923286438,0
2025-M-DC-2025-QLS-M-HUN-AUT-01_4.0,hard,2025,RR,jurij rodionov,marton fucsovics,0.31325507164001465,1
2025-M-DC-2025-QLS-M-ISR-GER-01_1.0,hard,2025,RR,maximilian marterer,yshai oliel,0.7610684633255005,1
2025-M-DC-2025-QLS-M-ISR-GER-01_2.0,hard,2025,RR,daniel cukierman,yannick hanfmann,0.15259391069412231,0
2025-M-DC-2025-QLS-M-ISR-GER-01_3.0,hard,2025,RR,daniel masur,ofek shimanov,0.7655954957008362,0
2025-M-DC-2025-QLS-M-JPN-GBR-01_1.0,hard,2025,RR,billy harris,yoshihito nishioka,0.5517760515213013,0
2025-M-DC-2025-QLS-M-JPN-GBR-01_2.0,hard,2025,RR,jacob fearnley,kei nishikori,0.24211592972278595,1
2025-M-DC-2025-QLS-M-JPN-GBR-01_3.0,hard,2025,RR,jacob fearnley,yoshihito nishioka,0.2321769893169403,0
2025-M-DC-2025-QLS-M-JPN-GBR-01_4.0,hard,2025,RR,billy harris,kei nishikori,0.11013058573007584,0
2025-M-DC-2025-QLS-M-JPN-GER-01_1.0,hard,2025,RR,jan-lennard struff,yoshihito nishioka,0.617077112197876,1
2025-M-DC-2025-QLS-M-JPN-GER-01_2.0,hard,2025,RR,shintaro mochizuki,yannick hanfmann,0.5404694080352783,0
2025-M-DC-2025-QLS-M-JPN-GER-01_3.0,hard,2025,RR,justin engel,rei sakamoto,0.641851544380188,1
2025-M-DC-2025-QLS-M-NED-ARG-01_1.0,hard,2025,RR,botic van de zandschulp,francisco cerundolo,0.3895683288574219,0
2025-M-DC-2025-QLS-M-NED-ARG-01_2.0,hard,2025,RR,jesper de jong,tomas martin etcheverry,0.4666321873664856,0
2025-M-DC-2025-QLS-M-NED-ARG-01_3.0,hard,2025,RR,francisco comesana,jesper de jong,0.3682990074157715,0
2025-M-DC-2025-QLS-M-NOR-ARG-01_1.0,hard,2025,RR,nicolai budkov kjaer,tomas martin etcheverry,0.1489143818616867,0
2025-M-DC-2025-QLS-M-NOR-ARG-01_2.0,hard,2025,RR,casper ruud,mariano navone,0.8053157329559326,1
2025-M-DC-2025-QLS-M-NOR-ARG-01_3.0,hard,2025,RR,casper ruud,tomas martin etcheverry,0.6973603963851929,1
2025-M-DC-2025-QLS-M-NOR-ARG-01_4.0,hard,2025,RR,mariano navone,nicolai budkov kjaer,0.7510508298873901,1
2025-M-DC-2025-QLS-M-SWE-ARG-01_1.0,hard,2025,RR,alex de minaur,mikael ymer,0.9907816052436829,1
2025-M-DC-2025-QLS-M-SWE-ARG-01_2.0,hard,2025,RR,aleksandar vukic,leo borg,0.8587800860404968,1
2025-M-DC-2025-QLS-M-SWE-ARG-01_3.0,hard,2025,RR,john peers,leo borg,0.17079727351665497,0
2025-M-DC-2025-QLS-M-TPE-USA-01_1.0,hard,2025,RR,chun-hsin tseng,marcos giron,0.09683611989021301,0
2025-M-DC-2025-QLS-M-TPE-USA-01_2.0,hard,2025,RR,alex michelsen,tung-lin wu,0.8366197943687439,1
2025-M-DC-2025-QLS-M-TPE-USA-01_3.0,hard,2025,RR,mackenzie mcdonald,tsung-hao huang,0.6506287455558777,1
2025-M-DC-2025-QLS-M-USA-CZE-01_1.0,hard,2025,RR,frances tiafoe,jiri lehecka,0.27511411905288696,0
2025-M-DC-2025-QLS-M-USA-CZE-01_2.0,hard,2025,RR,jakub mensik,taylor fritz,0.2711242735385895,0
2025-M-DC-2025-QLS-M-USA-CZE-01_3.0,hard,2025,RR,jiri lehecka,taylor fritz,0.22770439088344574,1
2025-M-DC-2025-QLS-M-USA-CZE-01_4.0,hard,2025,RR,frances tiafoe,jakub mensik,0.4652617573738098,0
2025-M-DC-2025-WG1-PO-ECU-URU-01_1.0,hard,2025,RR,andres andrade,francisco llanes,0.8784515857696533,1
2025-M-DC-2025-WG1-PO-ECU-URU-01_2.0,hard,2025,RR,alvaro guillen meza,franco roncadelli,0.38674256205558777,0
2025-M-DC-2025-WG1-PO-ECU-URU-01_3.0,hard,2025,RR,andres andrade,franco roncadelli,0.5290814638137817,1
2025-M-DC-2025-WG1-PO-GEO-POL-01_1.0,hard,2025,RR,aleksandre bakshi,kamil majchrzak,0.21051521599292755,0
2025-M-DC-2025-WG1-PO-GEO-POL-01_2.0,hard,2025,RR,maks kasnikowski,saba purtseladze,0.5836175680160522,1
2025-M-DC-2025-WG1-PO-GEO-POL-01_3.0,hard,2025,RR,martyn pawelski,zura tkemaladze,0.6992177963256836,0
2025-M-DC-2025-WG1-PO-IND-TOG-01_1.0,hard,2025,RR,liova ajavon,mukund sasikumar,0.7002930045127869,0
2025-M-DC-2025-WG1-PO-IND-TOG-01_2.0,hard,2025,RR,ramkumar ramanathan,thomas yaka kofi setodji,0.7523526549339294,1
2025-M-DC-2025-WG1-PO-IND-TOG-01_3.0,hard,2025,RR,hod'abalo padio,karan singh,0.13123659789562225,0
2025-M-DC-2025-WG1-PO-KAZ-PAK-01_1.0,hard,2025,RR,alexander shevchenko,muzammil murtaza,0.9761533141136169,1
2025-M-DC-2025-WG1-PO-KAZ-PAK-01_2.0,hard,2025,RR,beibit zhukayev,huzaifa abdul rehman,0.9181461930274963,1
2025-M-DC-2025-WG1-PO-KAZ-PAK-01_3.0,hard,2025,RR,ahmad nael qureshi,denis yevseyev,0.11675217747688293,0
2025-M-DC-2025-WG1-PO-LUX-LTU-01_1.0,hard,2025,RR,chris rodesch,edas butvilas,0.6652052402496338,0
2025-M-DC-2025-WG1-PO-LUX-LTU-01_2.0,hard,2025,RR,alex knaff,vilius gaubas,0.3110150694847107,1
2025-M-DC-2025-WG1-PO-LUX-LTU-01_3.0,hard,2025,RR,chris rodesch,vilius gaubas,0.5628042221069336,1
2025-M-DC-2025-WG1-PO-ROU-BUL-01_1.0,hard,2025,RR,cezar cretu,petr nesterov,0.5132492184638977,1
2025-M-DC-2025-WG1-PO-ROU-BUL-01_2.0,hard,2025,RR,filip cristian jianu,iliyan radulov,0.6894073486328125,0
2025-M-DC-2025-WG1-PO-ROU-BUL-01_3.0,hard,2025,RR,adrian andreev,filip cristian jianu,0.35103699564933777,1
2025-M-DC-2025-WG1-PO-TUN-UKR-01_1.0,hard,2025,RR,aziz dougaz,vitaliy sachko,0.6735897064208984,0
2025-M-DC-2025-WG1-PO-TUN-UKR-01_2.0,hard,2025,RR,moez echargui,oleksandr ovcharenko,0.3315504789352417,1
2025-M-DC-2025-WG1-PO-TUN-UKR-01_3.0,hard,2025,RR,aziz dougaz,oleksandr ovcharenko,0.5067555904388428,0
2025-M-DC-2025-WG1-PO-TUN-UKR-01_4.0,hard,2025,RR,moez echargui,vitaliy sachko,0.5270121693611145,1
2025-M-DC-2025-WG1-PO-TUR-MEX-01_1.0,hard,2025,RR,alex hernandez,ergi kirkin,0.26178181171417236,0
2025-M-DC-2025-WG1-PO-TUR-MEX-01_2.0,hard,2025,RR,rodrigo pacheco mendez,yanki erel,0.5897359848022461,0
2025-M-DC-2025-WG1-PO-TUR-MEX-01_3.0,hard,2025,RR,atakan karahan,rafael de alba,0.519385039806366,1
2025-M-DC-2025-WG1-PO-TUR-MEX-01_4.0,hard,2025,RR,eugenio gonzalez fitzmaurice,mert naci turker,0.1562039703130722,0
2025-M-DC-2025-WG1-PO-UZB-BIH-01_1.0,hard,2025,RR,khumoyun sultanov,mirza basic,0.6446071863174438,1
2025-M-DC-2025-WG1-PO-UZB-BIH-01_2.0,hard,2025,RR,damir dzumhur,sergey fomin,0.7795204520225525,1
2025-M-DC-2025-WG1-PO-UZB-BIH-01_3.0,hard,2025,RR,damir dzumhur,khumoyun sultanov,0.5306682586669922,1
2025-M-DC-2025-WG1-R1-CAN-ISR-01_1.0,hard,2025,RR,daniel cukierman,gabriel diallo,0.059713173657655716,0
2025-M-DC-2025-WG1-R1-CAN-ISR-01_2.0,hard,2025,RR,liam draxl,orel kimhi,0.6987558603286743,1
2025-M-DC-2025-WG1-R1-CAN-ISR-01_3.0,hard,2025,RR,cleeve harper,orel kimhi,0.5771648287773132,1
2025-M-DC-2025-WG1-R1-GRE-BRA-01_1.0,hard,2025,RR,stefanos tsitsipas,thiago seyboth wild,0.8227379322052002,1
2025-M-DC-2025-WG1-R1-GRE-BRA-01_2.0,hard,2025,RR,joao fonseca,stefanos sakellaridis,0.8272514939308167,1
2025-M-DC-2025-WG1-R1-GRE-BRA-01_3.0,hard,2025,RR,joao fonseca,stefanos tsitsipas,0.45936816930770874,1
2025-M-DC-2025-WG1-R1-KOR-KAZ-01_1.0,hard,2025,RR,alexander shevchenko,hyeon chung,0.21275699138641357,1
2025-M-DC-2025-WG1-R1-KOR-KAZ-01_2.0,hard,2025,RR,alexander bublik,soonwoo kwon,0.9239112734794617,0
2025-M-DC-2025-WG1-R1-KOR-KAZ-01_3.0,hard,2025,RR,dmitry popko,hyeon chung,0.5023587942123413,0
2025-M-DC-2025-WG1-R1-POL-GBR-01_1.0,hard,2025,RR,arthur fery,olaf pieczkowski,0.4528104066848755,1
2025-M-DC-2025-WG1-R1-POL-GBR-01_2.0,hard,2025,RR,cameron norrie,tomasz berkieta,0.9038227796554565,1
2025-M-DC-2025-WG1-R1-POL-GBR-01_3.0,hard,2025,RR,cameron norrie,olaf pieczkowski,0.8734839558601379,1
2025-M-DC-2025-WG1-R1-SRB-TUR-01_1.0,hard,2025,RR,hamad medjedovic,yanki erel,0.8354154825210571,1
2025-M-DC-2025-WG1-R1-SRB-TUR-01_2.0,hard,2025,RR,ergi kirkin,miomir kecmanovic,0.18003776669502258,0
2025-M-DC-2025-WG1-R1-SRB-TUR-01_3.0,hard,2025,RR,arda azkara,branko djuric,0.6250906586647034,1
2025-M-DC-2025-WG1-R1-SUI-IND-01_1.0,hard,2025,RR,dhakshineswar suresh,jerome kym,0.17249052226543427,1
2025-M-DC-2025-WG1-R1-SUI-IND-01_2.0,hard,2025,RR,marc-andrea huesler,sumit nagal,0.3730188012123108,0
2025-M-DC-2025-WG1-R1-SUI-IND-01_3.0,hard,2025,RR,henry bernet,sumit nagal,0.35326695442199707,0
2025-M-DC-2025-WG1-R1-SVK-COL-01_1.0,hard,2025,RR,alex molcan,nicolas mejia,0.4423890709877014,1
2025-M-DC-2025-WG1-R1-SVK-COL-01_2.0,hard,2025,RR,adria soriano barrera,lukas klein,0.4042752981185913,1
2025-M-DC-2025-WG1-R1-SVK-COL-01_3.0,hard,2025,RR,nicolas mejia,norbert gombos,0.6022881865501404,0
2025-M-DC-2025-WG1-R1-SWE-TUN-01_1.0,hard,2025,RR,leo borg,moez echargui,0.2394273728132248,0
2025-M-DC-2025-WG1-R1-SWE-TUN-01_2.0,hard,2025,RR,aziz ouakaa,olle wallin,0.28760144114494324,0
2025-M-DC-2025-WG1-R1-SWE-TUN-01_3.0,hard,2025,RR,moez echargui,olle wallin,0.6298306584358215,1
2025-M-DC-2025-WG1-R1-SWE-TUN-01_4.0,hard,2025,RR,aziz ouakaa,leo borg,0.5187056064605713,0
2025-M-DC-2025-WG1-R1-TPE-NOR-01_1.0,hard,2025,RR,nicolai budkov kjaer,tung-lin wu,0.6237705945968628,1
2025-M-DC-2025-WG1-R1-TPE-NOR-01_2.0,hard,2025,RR,chun-hsin tseng,viktor durasovic,0.6195632219314575,1
2025-M-DC-2025-WG1-R1-TPE-NOR-01_3.0,hard,2025,RR,chun-hsin tseng,nicolai budkov kjaer,0.4221332371234894,0
2025-M-DC-2025-WG1-R1-TPE-NOR-01_4.0,hard,2025,RR,tung-lin wu,viktor durasovic,0.567284345626831,0
2025-M-DC-2025-WG2-PO-BEN-LAT-01_1.0,hard,2025,RR,alexis klegou,robert strombachs,0.08753255754709244,0
2025-M-DC-2025-WG2-PO-BEN-LAT-02_1.0,hard,2025,RR,daniels tens,patrick agbo-panzo,0.3329494893550873,0
2025-M-DC-2025-WG2-PO-BEN-LAT-03_1.0,hard,2025,RR,patrick agbo-panzo,robert strombachs,0.13153836131095886,0
2025-M-DC-2025-WG2-PO-BEN-LAT-04_1.0,hard,2025,RR,daniels tens,sylvestre monnou,0.579214334487915,0
2025-M-DC-2025-WG2-PO-CHN-MNE-01_1.0,hard,2025,RR,jie cui,petar jovanovic,0.6780565977096558,1
2025-M-DC-2025-WG2-PO-CHN-MNE-02_1.0,hard,2025,RR,aleksa krivokapic,zhizhen zhang,0.09204430878162384,0
2025-M-DC-2025-WG2-PO-CHN-MNE-03_1.0,hard,2025,RR,fajing sun,petar jovanovic,0.6637129783630371,1
2025-M-DC-2025-WG2-PO-CYP-THA-01_1.0,hard,2025,RR,maximus jones,menelaos efstathiou,0.7250804305076599,0
2025-M-DC-2025-WG2-PO-CYP-THA-02_1.0,hard,2025,RR,kasidit samrej,stylianos christodoulou,0.8716208934783936,0
2025-M-DC-2025-WG2-PO-CYP-THA-03_1.0,hard,2025,RR,andreas timini,thanapet chanta,0.1911020278930664,1
2025-M-DC-2025-WG2-PO-DOM-BOL-01_1.0,hard,2025,RR,federico zeballos,peter bertran,0.1115218847990036,0
2025-M-DC-2025-WG2-PO-DOM-BOL-02_1.0,hard,2025,RR,raul garcia,roberto cid subervi,0.7702344655990601,0
2025-M-DC-2025-WG2-PO-DOM-BOL-03_1.0,hard,2025,RR,federico zeballos,roberto cid subervi,0.6478661894798279,0
2025-M-DC-2025-WG2-PO-ESA-MDA-01_1.0,hard,2025,RR,ilya snitari,marcelo arevalo,0.69972163438797,1
2025-M-DC-2025-WG2-PO-ESA-MDA-02_1.0,hard,2025,RR,andrei gorban,cesar cruz,0.35105836391448975,0
2025-M-DC-2025-WG2-PO-ESA-MDA-03_1.0,hard,2025,RR,cesar cruz,ilya snitari,0.10284236073493958,0
2025-M-DC-2025-WG2-PO-ESA-MDA-04_1.0,hard,2025,RR,ilie cazac,marcelo arevalo,0.559762716293335,0
2025-M-DC-2025-WG2-PO-EST-VEN-01_1.0,hard,2025,RR,ignacio parisca romera,oliver ojakaar,0.19833214581012726,0
2025-M-DC-2025-WG2-PO-EST-VEN-02_1.0,hard,2025,RR,mark lajal,ricardo rodriguez - pace,0.7198758125305176,1
2025-M-DC-2025-WG2-PO-EST-VEN-03_1.0,hard,2025,RR,ignacio parisca romera,markus molder,0.1900876760482788,0
2025-M-DC-2025-WG2-PO-IRL-KSA-01_1.0,hard,2025,RR,michael agwi,saud alhogbani,0.8711814880371094,1
2025-M-DC-2025-WG2-PO-IRL-KSA-02_1.0,hard,2025,RR,ammar alhogbani,osgar o'hoisin,0.48464640974998474,0
2025-M-DC-2025-WG2-PO-IRL-KSA-03_1.0,hard,2025,RR,abdulmajeed bukhari,ammar elamin,0.24194692075252533,0
2025-M-DC-2025-WG2-PO-IRL-KSA-04_1.0,hard,2025,RR,abdulmalek burasais,freddy murray,0.6051949262619019,0
2025-M-DC-2025-WG2-PO-JAM-NZL-01_1.0,hard,2025,RR,blaise bicknell,jack loutit,0.5047237277030945,0
2025-M-DC-2025-WG2-PO-JAM-NZL-02_1.0,hard,2025,RR,kiranpal pannu,rowland phillips,0.8720529079437256,0
2025-M-DC-2025-WG2-PO-JAM-NZL-03_1.0,hard,2025,RR,ajeet rai,blaise bicknell,0.6261386871337891,0
2025-M-DC-2025-WG2-PO-JAM-NZL-04_1.0,hard,2025,RR,jack loutit,rowland phillips,0.9065662622451782,1
2025-M-DC-2025-WG2-PO-MAR-ZIM-01_1.0,hard,2025,RR,courtney john lock,taha baadi,0.09880615770816803,0
2025-M-DC-2025-WG2-PO-MAR-ZIM-02_1.0,hard,2025,RR,elliot benchetrit,ethan denzel sibanda,0.839444637298584,1
2025-M-DC-2025-WG2-PO-MAR-ZIM-03_1.0,hard,2025,RR,karim bennani,ronan tashinga mtisi,0.7940978407859802,1
2025-M-DC-2025-WG2-PO-NAM-HKG-01_1.0,hard,2025,RR,chun hun wong,connor henry van schalkwyk,0.17482498288154602,0
2025-M-DC-2025-WG2-PO-NAM-HKG-02_1.0,hard,2025,RR,codie schalk van schalkwyk,coleman wong,0.08820126205682755,0
2025-M-DC-2025-WG2-PO-NAM-HKG-03_1.0,hard,2025,RR,coleman wong,connor henry van schalkwyk,0.7777107357978821,1
2025-M-DC-2025-WG2-PO-NAM-HKG-04_1.0,hard,2025,RR,codie schalk van schalkwyk,tsz fu wong,0.6904220581054688,1
2025-M-DC-2025-WG2-PO-RSA-NGR-01_1.0,hard,2025,RR,david ekpenyong,philip henning,0.09014251083135605,0
2025-M-DC-2025-WG2-PO-RSA-NGR-02_1.0,hard,2025,RR,christopher bulus,kris van wyk,0.3264731466770172,1
2025-M-DC-2025-WG2-PO-RSA-NGR-03_1.0,hard,2025,RR,christopher bulus,philip henning,0.31074294447898865,0
2025-M-DC-2025-WG2-R1-CYP-MON-01_1.0,hard,2025,RR,stylianos christodoulou,valentin vacherot,0.11493933945894241,0
2025-M-DC-2025-WG2-R1-CYP-MON-02_2.0,hard,2025,RR,menelaos efstathiou,romain arneodo,0.8043111562728882,1
2025-M-DC-2025-WG2-R1-CYP-MON-04_4.0,hard,2025,RR,menelaos efstathiou,valentin vacherot,0.32507646083831787,0
2025-M-DC-2025-WG2-R1-ESA-ROU-01_1.0,hard,2025,RR,marcelo arevalo,radu david turcanu,0.2621205747127533,0
2025-M-DC-2025-WG2-R1-ESA-ROU-02_2.0,hard,2025,RR,cesar cruz,gabriel ghetu,0.197279155254364,0
2025-M-DC-2025-WG2-R1-ESA-ROU-04_4.0,hard,2025,RR,cesar cruz,radu david turcanu,0.1506393849849701,0
2025-M-DC-2025-WG2-R1-EST-MEX-01_1.0,hard,2025,RR,luis carlos alvarez,mark lajal,0.43092599511146545,0
2025-M-DC-2025-WG2-R1-EST-MEX-02_2.0,hard,2025,RR,daniil glinka,rodrigo pacheco mendez,0.3368546664714813,0
2025-M-DC-2025-WG2-R1-EST-MEX-04_4.0,hard,2025,RR,mark lajal,rodrigo pacheco mendez,0.5796996355056763,0
2025-M-DC-2025-WG2-R1-HKG-UZB-01_1.0,hard,2025,RR,coleman wong,sergey fomin,0.8122067451477051,1
2025-M-DC-2025-WG2-R1-HKG-UZB-02_2.0,hard,2025,RR,khumoyun sultanov,tsz fu wong,0.8969804644584656,1
2025-M-DC-2025-WG2-R1-HKG-UZB-04_4.0,hard,2025,RR,coleman wong,khumoyun sultanov,0.7656482458114624,1
2025-M-DC-2025-WG2-R1-IRL-CHN-01_1.0,hard,2025,RR,peter buldorini,yunchaokete bu,0.18039770424365997,0
2025-M-DC-2025-WG2-R1-IRL-CHN-02_2.0,hard,2025,RR,michael agwi,yi zhou,0.5545942187309265,0
2025-M-DC-2025-WG2-R1-IRL-CHN-04_4.0,hard,2025,RR,fajing sun,michael agwi,0.4842187166213989,0
2025-M-DC-2025-WG2-R1-LTU-BEN-01_1.0,hard,2025,RR,alexis klegou,vilius gaubas,0.11439374834299088,0
2025-M-DC-2025-WG2-R1-LTU-BEN-02_2.0,hard,2025,RR,edas butvilas,patrick agbo-panzo,0.9040274024009705,1
2025-M-DC-2025-WG2-R1-LTU-BEN-04_4.0,hard,2025,RR,patrick agbo-panzo,pijus vaitiekunas,0.23109382390975952,0
2025-M-DC-2025-WG2-R1-NZL-GEO-01_1.0,hard,2025,RR,james watt,zura tkemaladze,0.7547755837440491,1
2025-M-DC-2025-WG2-R1-NZL-GEO-02_2.0,hard,2025,RR,aleksandre bakshi,jack loutit,0.6541959643363953,1
2025-M-DC-2025-WG2-R1-NZL-GEO-04_4.0,hard,2025,RR,aleksandre bakshi,james watt,0.5335783958435059,0
2025-M-DC-2025-WG2-R1-RSA-MAR-01_1.0,hard,2025,RR,alec beckley,yassine dlimi,0.5007065534591675,0
2025-M-DC-2025-WG2-R1-RSA-MAR-02_2.0,hard,2025,RR,marc van der merwe,taha baadi,0.2602953314781189,0
2025-M-DC-2025-WG2-R1-RSA-MAR-04_4.0,hard,2025,RR,connor doig,taha baadi,0.26017293334007263,0
2025-M-DC-2025-WG2-R1-RSA-MAR-05_5.0,hard,2025,RR,karim bennani,leo matthysen,0.7556106448173523,1
2025-M-DC-2025-WG2-R1-SLO-URU-01_1.0,hard,2025,RR,bor artnak,joaquin aguilar cardozo,0.7116414308547974,1
2025-M-DC-2025-WG2-R1-SLO-URU-02_2.0,hard,2025,RR,filip jeff planinsek,franco roncadelli,0.4574691355228424,1
2025-M-DC-2025-WG2-R1-SLO-URU-04_4.0,hard,2025,RR,francisco llanes,ziga sesko,0.34491416811943054,0
2025-M-DC-2025-WG2-R1-TOG-EGY-01_1.0,hard,2025,RR,fares zakaria,kodjo charles alipoe-tchotchodji,0.8542495965957642,1
2025-M-DC-2025-WG2-R1-TOG-EGY-02_2.0,hard,2025,RR,hod'abalo padio,michael bassem sobhy,0.22253912687301636,0
2025-M-DC-2025-WG2-R1-TOG-EGY-04_4.0,hard,2025,RR,akram el sallaly,hod'abalo padio,0.6379246711730957,0
