match_id,surface,year,round,p1_name,p2_name,prob,correct,p1_match_key,p2_match_key,surf_norm
2022-1536_16.0,clay,2022,R64,botic van de zandschulp,pablo carreno busta,0.3271250426769256,1,de zandschulp b,carreno busta p,clay
2022-1536_35.0,clay,2022,R32,botic van de zandschulp,david goffin,0.5234734416007996,0,de zandschulp b,goffin d,clay
2022-308_14.0,clay,2022,R16,botic van de zandschulp,egor gerasimov,0.6575837731361389,1,de zandschulp b,gerasimov e,clay
2022-308_21.0,clay,2022,QF,botic van de zandschulp,casper ruud,0.1306092441082,1,de zandschulp b,ruud c,clay
2022-308_25.0,clay,2022,SF,botic van de zandschulp,miomir kecmanovic,0.2708933353424072,1,de zandschulp b,kecmanovic m,clay
2022-308_27.0,clay,2022,F,botic van de zandschulp,holger rune,0.4190580248832702,0,de zandschulp b,rune h,clay
2022-308_3.0,clay,2022,R32,botic van de zandschulp,brandon nakashima,0.327493667602539,1,de zandschulp b,nakashima b,clay
2022-308_6.0,clay,2022,R32,max hans rehberg,miomir kecmanovic,0.1020354852080345,0,hans rehberg m,kecmanovic m,clay
2022-314_12.0,clay,2022,R32,jiri lehecka,tomas martin etcheverry,0.403436541557312,1,lehecka j,martin etcheverry t,clay
2022-314_15.0,clay,2022,R16,juan pablo varillas,roberto bautista agut,0.3421132564544678,1,pablo varillas j,bautista agut r,clay
2022-314_22.0,clay,2022,QF,dominic thiem,juan pablo varillas,0.6299983263015747,1,thiem d,pablo varillas j,clay
2022-314_4.0,clay,2022,R32,juan pablo varillas,lorenzo sonego,0.2397059202194214,1,pablo varillas j,sonego l,clay
2022-316_8.0,clay,2022,R32,albert ramos-vinolas,tomas martin etcheverry,0.6928033232688904,1,ramos-vinolas a,martin etcheverry t,clay
2022-319_12.0,clay,2022,R32,carlos taberner,juan pablo varillas,0.4151561260223388,0,taberner c,pablo varillas j,clay
2022-319_20.0,clay,2022,R16,albert ramos-vinolas,juan pablo varillas,0.6158042550086975,1,ramos-vinolas a,pablo varillas j,clay
2022-319_5.0,clay,2022,R32,daniel dutra da silva,filip misolic,0.2533710896968841,0,da silva d,misolic f,clay
2022-322_15.0,clay,2022,R16,christopher o'connell,reilly opelka,0.2708998024463653,0,oconnell c,opelka r,clay
2022-322_4.0,clay,2022,R32,albert ramos-vinolas,christopher o'connell,0.7534149289131165,0,ramos-vinolas a,oconnell c,clay
2022-360_13.0,clay,2022,R32,botic van de zandschulp,hugo dellien,0.783299446105957,1,de zandschulp b,dellien h,clay
2022-360_23.0,clay,2022,R16,botic van de zandschulp,vit kopriva,0.5295875668525696,1,de zandschulp b,kopriva v,clay
2022-360_28.0,clay,2022,QF,alex molcan,botic van de zandschulp,0.5594812035560608,1,molcan a,de zandschulp b,clay
2022-410_19.0,clay,2022,R64,botic van de zandschulp,sebastian korda,0.450721800327301,0,de zandschulp b,korda s,clay
2022-414_18.0,clay,2022,R16,aslan karatsev,daniel elahi galan,0.46604785323143,1,karatsev a,elahi galan d,clay
2022-414_3.0,clay,2022,R32,daniel elahi galan,federico coria,0.3639877438545227,1,elahi galan d,coria f,clay
2022-414_7.0,clay,2022,R32,jozef kovalik,max hans rehberg,0.8074072003364563,1,kovalik j,hans rehberg m,clay
2022-414_8.0,clay,2022,R32,alejandro davidovich fokina,botic van de zandschulp,0.7343553304672241,1,davidovich fokina a,de zandschulp b,clay
2022-416_13.0,clay,2022,R64,botic van de zandschulp,sebastian korda,0.3256027400493622,1,de zandschulp b,korda s,clay
2022-416_33.0,clay,2022,R32,botic van de zandschulp,casper ruud,0.2751297354698181,0,de zandschulp b,ruud c,clay
2022-425_14.0,clay,2022,R64,gian marco moroni,jaume munar,0.2818785309791565,0,marco moroni g,munar j,clay
2022-439_11.0,clay,2022,R32,facundo bagnis,tomas martin etcheverry,0.5647537708282471,1,bagnis f,martin etcheverry t,clay
2022-439_17.0,clay,2022,R16,daniel elahi galan,giulio zeppieri,0.3961333632469177,0,elahi galan d,zeppieri g,clay
2022-439_7.0,clay,2022,R32,daniel elahi galan,fabio fognini,0.6032360792160034,1,elahi galan d,fognini f,clay
2022-506_1.0,clay,2022,R32,jaume munar,tomas martin etcheverry,0.71071857213974,1,munar j,martin etcheverry t,clay
2022-506_8.0,clay,2022,R32,juan ignacio londero,pablo andujar,0.5887135863304138,0,ignacio londero j,andujar p,clay
2022-520_100.0,clay,2022,R32,botic van de zandschulp,rafael nadal,0.0896220430731773,0,de zandschulp b,nadal r,clay
2022-520_13.0,clay,2022,R128,botic van de zandschulp,pavel kotov,0.8094821572303772,1,de zandschulp b,kotov p,clay
2022-520_3.0,clay,2022,R128,aljaz bedene,christopher o'connell,0.6010675430297852,1,bedene a,oconnell c,clay
2022-520_32.0,clay,2022,R128,carlos alcaraz,juan ignacio londero,0.9731330275535583,1,alcaraz c,ignacio londero j,clay
2022-520_35.0,clay,2022,R128,chun-hsin tseng,joao sousa,0.3247024118900299,0,tseng c,sousa j,clay
2022-520_61.0,clay,2022,R128,miomir kecmanovic,tomas martin etcheverry,0.8111160397529602,1,kecmanovic m,martin etcheverry t,clay
2022-520_71.0,clay,2022,R64,botic van de zandschulp,fabio fognini,0.5526995062828064,1,de zandschulp b,fognini f,clay
2022-520_9.0,clay,2022,R128,felix auger-aliassime,juan pablo varillas,0.8957647681236267,1,auger-aliassime f,pablo varillas j,clay
2022-6932_11.0,clay,2022,R32,daniel elahi galan,federico delbonis,0.3798216879367828,0,elahi galan d,delbonis f,clay
2022-6932_13.0,clay,2022,R16,francisco cerundolo,roberto carballes baena,0.562088668346405,1,cerundolo f,carballes baena r,clay
2022-6932_2.0,clay,2022,R32,felipe meligeni alves,miomir kecmanovic,0.2382472455501556,0,meligeni alves f,kecmanovic m,clay
2022-6932_6.0,clay,2022,R32,albert ramos-vinolas,juan ignacio londero,0.5879648327827454,1,ramos-vinolas a,ignacio londero j,clay
2022-717_12.0,clay,2022,R32,daniel elahi galan,sam querrey,0.6267783045768738,0,elahi galan d,querrey s,clay
2022-717_9.0,clay,2022,R32,juan pablo varillas,mitchell krueger,0.3524875044822693,0,pablo varillas j,krueger m,clay
2022-7694_10.0,clay,2022,R32,sebastian baez,tomas martin etcheverry,0.786856472492218,1,baez s,martin etcheverry t,clay
2022-8996_1.0,clay,2022,R32,carlos taberner,juan manuel cerundolo,0.5390044450759888,1,taberner c,manuel cerundolo j,clay
2022-8996_11.0,clay,2022,R32,holger rune,matheus pucinelli de almeida,0.5753821730613708,0,rune h,de almeida m,clay
2022-8996_16.0,clay,2022,R16,juan ignacio londero,sebastian baez,0.5211369395256042,0,ignacio londero j,baez s,clay
2022-8996_19.0,clay,2022,R16,matheus pucinelli de almeida,miomir kecmanovic,0.350245863199234,0,de almeida m,kecmanovic m,clay
2022-8996_5.0,clay,2022,R32,juan ignacio londero,tomas martin etcheverry,0.5443927645683289,1,ignacio londero j,martin etcheverry t,clay
2022-8996_6.0,clay,2022,R32,juan pablo varillas,sebastian baez,0.3005620241165161,0,pablo varillas j,baez s,clay
2022-8996_9.0,clay,2022,R32,daniel elahi galan,jaume munar,0.3758913278579712,0,elahi galan d,munar j,clay
2022-9158_1.0,clay,2022,R32,nicolas jarry,tomas martin etcheverry,0.3302459716796875,0,jarry n,martin etcheverry t,clay
2022-9158_11.0,clay,2022,R32,daniel elahi galan,hugo dellien,0.6599235534667969,1,elahi galan d,dellien h,clay
2022-9158_12.0,clay,2022,R32,federico coria,juan pablo ficovich,0.8005675673484802,0,coria f,pablo ficovich j,clay
2022-9158_13.0,clay,2022,R16,nikola milojevic,tomas martin etcheverry,0.316230297088623,1,milojevic n,martin etcheverry t,clay
2022-9158_14.0,clay,2022,R16,juan ignacio londero,pedro martinez,0.3069536983966827,1,ignacio londero j,martinez p,clay
2022-9158_16.0,clay,2022,R16,albert ramos-vinolas,juan pablo varillas,0.5122175812721252,1,ramos-vinolas a,pablo varillas j,clay
2022-9158_19.0,clay,2022,R16,daniel elahi galan,jaume munar,0.6734921336174011,1,elahi galan d,munar j,clay
2022-9158_2.0,clay,2022,R32,juan ignacio londero,yannick hanfmann,0.2178945094347,1,ignacio londero j,hanfmann y,clay
2022-9158_20.0,clay,2022,R16,diego schwartzman,juan pablo ficovich,0.8386333584785461,1,schwartzman d,pablo ficovich j,clay
2022-9158_21.0,clay,2022,QF,juan ignacio londero,nikola milojevic,0.4631998836994171,1,ignacio londero j,milojevic n,clay
2022-9158_24.0,clay,2022,QF,daniel elahi galan,diego schwartzman,0.3715246617794037,0,elahi galan d,schwartzman d,clay
2022-9158_25.0,clay,2022,SF,albert ramos-vinolas,juan ignacio londero,0.5756281018257141,1,ramos-vinolas a,ignacio londero j,clay
2022-9158_5.0,clay,2022,R32,facundo bagnis,juan pablo varillas,0.5740190148353577,0,bagnis f,pablo varillas j,clay
2022-M-DC-2022-QLS-M-ARG-CZE-01_1.0,clay,2022,RR,jiri lehecka,sebastian baez,0.3000375926494598,0,lehecka j,baez s,clay
2022-M-DC-2022-QLS-M-ARG-CZE-01_2.0,clay,2022,RR,diego schwartzman,tomas machac,0.7632449865341187,1,schwartzman d,machac t,clay
2022-M-DC-2022-QLS-M-ARG-CZE-01_3.0,clay,2022,RR,federico coria,vit kopriva,0.7003345489501953,1,coria f,kopriva v,clay
2022-M-DC-2022-QLS-M-CAN-NED-01_1.0,clay,2022,RR,alexis galarneau,botic van de zandschulp,0.4220490753650665,0,galarneau a,de zandschulp b,clay
2022-M-DC-2022-QLS-M-CAN-NED-01_2.0,clay,2022,RR,steven diez,tallon griekspoor,0.4850475490093231,0,diez s,griekspoor t,clay
2022-M-DC-2022-QLS-M-CAN-NED-01_3.0,clay,2022,RR,robin haase,steven diez,0.3148272335529327,1,haase r,diez s,clay
2022-M-DC-2022-QLS-M-ESP-ROU-01_1.0,clay,2022,RR,gabi adrian boitan,roberto bautista agut,0.1231808066368103,0,adrian boitan g,bautista agut r,clay
2022-M-DC-2022-QLS-M-ESP-ROU-01_2.0,clay,2022,RR,carlos alcaraz,marius copil,0.8279708623886108,1,alcaraz c,copil m,clay
2022-M-DC-2022-QLS-M-ESP-ROU-01_3.0,clay,2022,RR,marius copil,roberto bautista agut,0.1158115863800048,0,copil m,bautista agut r,clay
2022-M-DC-2022-QLS-M-GER-BRA-01_1.0,clay,2022,RR,alexander zverev,thiago seyboth wild,0.953407108783722,1,zverev a,seyboth wild t,clay
2022-M-DC-2022-QLS-M-GER-BRA-01_2.0,clay,2022,RR,jan-lennard struff,thiago monteiro,0.3669125735759735,0,struff j,monteiro t,clay
2022-M-DC-2022-QLS-M-GER-BRA-01_3.0,clay,2022,RR,alexander zverev,thiago monteiro,0.9322789311408995,1,zverev a,monteiro t,clay
2022-M-DC-2022-WG1-M-AUT-PAK-01_1.0,clay,2022,RR,jurij rodionov,muhammad shoaib,0.8893647193908691,1,rodionov j,shoaib m,clay
2022-M-DC-2022-WG1-M-AUT-PAK-01_2.0,clay,2022,RR,filip misolic,muzammil murtaza,0.901533544063568,1,misolic f,murtaza m,clay
2022-M-DC-2022-WG1-M-AUT-PAK-01_3.0,clay,2022,RR,jurij rodionov,muzammil murtaza,0.8760952949523926,1,rodionov j,murtaza m,clay
2022-M-DC-2022-WG1-M-BIH-MEX-01_1.0,clay,2022,RR,gerardo lopez villasenor,nerman fatic,0.2151214629411697,0,lopez villasenor g,fatic n,clay
2022-M-DC-2022-WG1-M-BIH-MEX-01_2.0,clay,2022,RR,alan fernando rubio fierros,damir dzumhur,0.3614760339260101,0,rubio fierros a,dzumhur d,clay
2022-M-DC-2022-WG1-M-BIH-MEX-01_3.0,clay,2022,RR,andrej nedic,luis carlos alvarez,0.4447774589061737,0,nedic a,carlos alvarez l,clay
2022-M-DC-2022-WG1-M-CHI-PER-01_1.0,clay,2022,RR,alejandro tabilo,nicolas alvarez,0.6593703627586365,1,tabilo a,alvarez n,clay
2022-M-DC-2022-WG1-M-CHI-PER-01_2.0,clay,2022,RR,juan pablo varillas,nicolas jarry,0.3848045766353607,1,pablo varillas j,jarry n,clay
2022-M-DC-2022-WG1-M-CHI-PER-01_3.0,clay,2022,RR,alejandro tabilo,juan pablo varillas,0.6875579357147217,0,tabilo a,pablo varillas j,clay
2022-M-DC-2022-WG1-M-CHI-PER-01_4.0,clay,2022,RR,nicolas alvarez,nicolas jarry,0.2636904716491699,0,alvarez n,jarry n,clay
2022-M-DC-2022-WG1-M-COL-TUR-01_1.0,clay,2022,RR,altug celikbilek,nicolas mejia,0.5738326907157898,0,celikbilek a,mejia n,clay
2022-M-DC-2022-WG1-M-COL-TUR-01_2.0,clay,2022,RR,cem ilkel,daniel elahi galan,0.1390161365270614,0,ilkel c,elahi galan d,clay
2022-M-DC-2022-WG1-M-COL-TUR-01_3.0,clay,2022,RR,nicolas barrientos,yanki erel,0.2962575554847717,1,barrientos n,erel y,clay
2022-M-DC-2022-WG1-M-SVK-ROU-01_1.0,clay,2022,RR,nicholas david ionel,norbert gombos,0.4958944320678711,1,david ionel n,gombos n,clay
2022-M-DC-2022-WG1-M-SVK-ROU-01_2.0,clay,2022,RR,alex molcan,marius copil,0.8698409795761108,1,molcan a,copil m,clay
2022-M-DC-2022-WG1-M-SVK-ROU-01_3.0,clay,2022,RR,alex molcan,nicholas david ionel,0.634415864944458,1,molcan a,david ionel n,clay
2022-M-DC-2022-WG1-PO-CHI-SLO-01_1.0,clay,2022,RR,alejandro tabilo,bor artnak,0.9195321202278136,1,tabilo a,artnak b,clay
2022-M-DC-2022-WG1-PO-CHI-SLO-01_2.0,clay,2022,RR,blaz rola,nicolas jarry,0.2513435781002044,0,rola b,jarry n,clay
2022-M-DC-2022-WG1-PO-CHI-SLO-01_3.0,clay,2022,RR,diego fernandez flores,sebastian dominko,0.8075231909751892,1,fernandez flores d,dominko s,clay
2022-M-DC-2022-WG2-M-RSA-BUL-01_1.0,clay,2022,RR,dimitar kuzmanov,lleyton cronje,0.889816403388977,1,kuzmanov d,cronje l,clay
2022-M-DC-2022-WG2-M-RSA-BUL-01_2.0,clay,2022,RR,alexandar lazarov,philip henning,0.7826233506202698,1,lazarov a,henning p,clay
2022-M-DC-2022-WG2-M-SLO-EST-01_1.0,clay,2022,RR,bor artnak,mark lajal,0.250367134809494,1,artnak b,lajal m,clay
2022-M-DC-2022-WG2-M-SLO-EST-01_2.0,clay,2022,RR,aljaz bedene,kristjan tamm,0.8170214295387268,1,bedene a,tamm k,clay
2022-M-DC-2022-WG2-M-SLO-EST-01_3.0,clay,2022,RR,mark lajal,matic kriznik,0.8781653642654419,0,lajal m,kriznik m,clay
2022-M-DC-2022-WG2-M-URU-CHN-01_1.0,clay,2022,RR,ignacio carou,zhizhen zhang,0.287589818239212,0,carou i,zhang z,clay
2022-M-DC-2022-WG2-M-URU-CHN-01_2.0,clay,2022,RR,martin cuevas,yunchaokete bu,0.8977455496788025,1,cuevas m,yunchaokete b,clay
2022-M-DC-2022-WG2-M-URU-CHN-01_3.0,clay,2022,RR,martin cuevas,zhizhen zhang,0.1503088474273681,0,cuevas m,zhang z,clay
2022-M-DC-2022-WG2-M-URU-CHN-01_4.0,clay,2022,RR,ignacio carou,rigele te,0.3249830603599548,0,carou i,rigele t,clay
2022-M-DC-2022-WG2-PO-EGY-CYP-01_1.0,clay,2022,RR,menelaos efstathiou,mohamed safwat,0.1816393435001373,0,efstathiou m,safwat m,clay
2022-M-DC-2022-WG2-PO-EGY-CYP-01_2.0,clay,2022,RR,karim-mohamed maamoun,petros chrysochos,0.2584351003170013,0,maamoun k,chrysochos p,clay
2022-M-DC-2022-WG2-PO-EGY-CYP-01_3.0,clay,2022,RR,mohamed safwat,petros chrysochos,0.6229519248008728,1,safwat m,chrysochos p,clay
2022-M-DC-2022-WG2-PO-EGY-CYP-01_4.0,clay,2022,RR,amr elsayed abdou ah mohamed,stylianos christodoulou,0.1908572316169738,1,ah mohamed a,christodoulou s,clay
2022-M-DC-2022-WG2-PO-GRE-JAM-01_1.0,clay,2022,RR,michail pervolarakis,rowland phillips,0.6753709316253662,0,pervolarakis m,phillips r,clay
2022-M-DC-2022-WG2-PO-GRE-JAM-01_2.0,clay,2022,RR,blaise bicknell,petros tsitsipas,0.2218075543642044,1,bicknell b,tsitsipas p,clay
2022-M-DC-2022-WG2-PO-GRE-JAM-01_3.0,clay,2022,RR,aristotelis thanos,blaise bicknell,0.3363920152187347,1,thanos a,bicknell b,clay
2022-M-DC-2022-WG2-PO-GRE-JAM-01_4.0,clay,2022,RR,petros tsitsipas,rowland phillips,0.7590619325637817,1,tsitsipas p,phillips r,clay
2022-311_19.0,grass,2022,R16,botic van de zandschulp,grigor dimitrov,0.3518421649932861,1,de zandschulp b,dimitrov g,grass
2022-311_26.0,grass,2022,QF,alejandro davidovich fokina,botic van de zandschulp,0.4998856484889984,0,davidovich fokina a,de zandschulp b,grass
2022-311_29.0,grass,2022,SF,botic van de zandschulp,matteo berrettini,0.2576839923858642,0,de zandschulp b,berrettini m,grass
2022-311_6.0,grass,2022,R32,botic van de zandschulp,paul jubb,0.8172836899757385,1,de zandschulp b,jubb p,grass
2022-321_11.0,grass,2022,R32,andy murray,christopher o'connell,0.8409395217895508,1,murray a,oconnell c,grass
2022-440_10.0,grass,2022,R32,botic van de zandschulp,emil ruusuvuori,0.6057467460632324,0,de zandschulp b,ruusuvuori e,grass
2022-540_107.0,grass,2022,R32,brandon nakashima,daniel elahi galan,0.6112134456634521,1,nakashima b,elahi galan d,grass
2022-540_111.0,grass,2022,R32,botic van de zandschulp,richard gasquet,0.5819322466850281,1,de zandschulp b,gasquet r,grass
2022-540_120.0,grass,2022,R16,botic van de zandschulp,rafael nadal,0.098450019955635,0,de zandschulp b,nadal r,grass
2022-540_18.0,grass,2022,R128,tomas martin etcheverry,ugo humbert,0.2476719170808792,0,martin etcheverry t,humbert u,grass
2022-540_43.0,grass,2022,R128,daniel elahi galan,dominik koepfer,0.4830717146396637,1,elahi galan d,koepfer d,grass
2022-540_60.0,grass,2022,R128,botic van de zandschulp,feliciano lopez,0.838239312171936,1,de zandschulp b,lopez f,grass
2022-540_86.0,grass,2022,R64,daniel elahi galan,roberto bautista agut,0.172414019703865,1,elahi galan d,bautista agut r,grass
2022-540_94.0,grass,2022,R64,botic van de zandschulp,emil ruusuvuori,0.5841612219810486,1,de zandschulp b,ruusuvuori e,grass
2022-8994_4.0,grass,2022,R32,botic van de zandschulp,marcos giron,0.7089561820030212,0,de zandschulp b,giron m,grass
2022-M-DC-2022-WG1-PO-IND-DEN-01_1.0,grass,2022,RR,christian sigsgaard,ramkumar ramanathan,0.544018566608429,0,sigsgaard c,ramanathan r,grass
2022-M-DC-2022-WG1-PO-IND-DEN-01_2.0,grass,2022,RR,mikael torpegaard,yuki bhambri,0.484971821308136,0,torpegaard m,bhambri y,grass
2022-M-DC-2022-WG1-PO-IND-DEN-01_3.0,grass,2022,RR,johannes ingildsen,ramkumar ramanathan,0.4801833927631378,0,ingildsen j,ramanathan r,grass
2022-M-DC-2022-WG1-PO-PAK-LTU-01_1.0,grass,2022,RR,aqeel khan,laurynas grigelis,0.5635114312171936,1,khan a,grigelis l,grass
2022-M-DC-2022-WG1-PO-PAK-LTU-01_2.0,grass,2022,RR,muhammad shoaib,ricardas berankis,0.2995923161506653,0,shoaib m,berankis r,grass
2022-M-DC-2022-WG1-PO-PAK-LTU-01_3.0,grass,2022,RR,aqeel khan,ricardas berankis,0.3462206423282623,0,khan a,berankis r,grass
2022-M-DC-2022-WG1-PO-PAK-LTU-01_4.0,grass,2022,RR,aisam-ul-haq qureshi,edas butvilas,0.5681431889533997,1,qureshi a,butvilas e,grass
2022-2805_1.0,hard,2022,R32,daniel elahi galan,roberto carballes baena,0.3574579358100891,0,elahi galan d,carballes baena r,hard
2022-2809_17.0,hard,2022,R16,daniel elahi galan,nuno borges,0.734369158744812,1,elahi galan d,borges n,hard
2022-2809_23.0,hard,2022,QF,daniel elahi galan,lorenzo musetti,0.3535390794277191,0,elahi galan d,musetti l,hard
2022-2809_8.0,hard,2022,R32,bernabe zapata miralles,daniel elahi galan,0.2784629166126251,0,zapata miralles b,elahi galan d,hard
2022-328_15.0,hard,2022,R32,adrian mannarino,botic van de zandschulp,0.2924434840679168,0,mannarino a,de zandschulp b,hard
2022-328_24.0,hard,2022,R16,botic van de zandschulp,carlos alcaraz,0.2123557180166244,0,de zandschulp b,alcaraz c,hard
2022-329_8.0,hard,2022,R32,chun-hsin tseng,nick kyrgios,0.2167938351631164,0,tseng c,kyrgios n,hard
2022-352_23.0,hard,2022,R64,botic van de zandschulp,grigor dimitrov,0.5216158628463745,0,de zandschulp b,dimitrov g,hard
2022-375_5.0,hard,2022,R32,jo-wilfried tsonga,kacper zuk,0.4291334748268127,1,tsonga j,kacper z,hard
2022-403_20.0,hard,2022,R128,botic van de zandschulp,mikhail kukushkin,0.7485213875770569,0,de zandschulp b,kukushkin m,hard
2022-403_39.0,hard,2022,R64,alexander bublik,daniel elahi galan,0.4858333170413971,1,bublik a,elahi galan d,hard
2022-403_41.0,hard,2022,R64,juan manuel cerundolo,kevin anderson,0.5988375544548035,1,manuel cerundolo j,anderson k,hard
2022-403_69.0,hard,2022,R32,frances tiafoe,juan manuel cerundolo,0.7757986783981323,1,tiafoe f,manuel cerundolo j,hard
2022-403_7.0,hard,2022,R128,daniel elahi galan,john millman,0.2330687195062637,1,elahi galan d,millman j,hard
2022-403_9.0,hard,2022,R128,dusan lajovic,juan manuel cerundolo,0.6503328084945679,0,lajovic d,manuel cerundolo j,hard
2022-404_13.0,hard,2022,R128,botic van de zandschulp,tennys sandgren,0.7976741194725037,1,de zandschulp b,sandgren t,hard
2022-404_25.0,hard,2022,R128,jack sock,juan manuel cerundolo,0.4852178990840912,1,sock j,manuel cerundolo j,hard
2022-404_45.0,hard,2022,R64,botic van de zandschulp,felix auger-aliassime,0.3504738509654999,1,de zandschulp b,auger-aliassime f,hard
2022-404_71.0,hard,2022,R32,botic van de zandschulp,miomir kecmanovic,0.5970024466514587,0,de zandschulp b,kecmanovic m,hard
2022-407_10.0,hard,2022,R32,bernabe zapata miralles,botic van de zandschulp,0.4510215222835541,0,zapata miralles b,de zandschulp b,hard
2022-407_21.0,hard,2022,R16,botic van de zandschulp,jiri lehecka,0.7436220049858093,0,de zandschulp b,lehecka j,hard
2022-4138_14.0,hard,2022,R16,botic van de zandschulp,liam broady,0.7885130047798157,0,de zandschulp b,broady l,hard
2022-4138_17.0,hard,2022,R16,roman safiullin,tomas martin etcheverry,0.6330761313438416,1,safiullin r,martin etcheverry t,hard
2022-4138_3.0,hard,2022,R32,botic van de zandschulp,joao sousa,0.6849413514137268,1,de zandschulp b,sousa j,hard
2022-4138_7.0,hard,2022,R32,aslan karatsev,tomas martin etcheverry,0.6918953657150269,0,karatsev a,martin etcheverry t,hard
2022-4140_17.0,hard,2022,R16,aleksandar kovacevic,chun-hsin tseng,0.4923651814460754,1,kovacevic a,tseng c,hard
2022-4140_2.0,hard,2022,R32,soonwoo kwon,yun seong chung,0.7902505993843079,1,kwon s,seong chung y,hard
2022-4140_3.0,hard,2022,R32,jenson brooksby,tung-lin wu,0.8140324354171753,1,brooksby j,tung-lin w,hard
2022-4140_5.0,hard,2022,R32,jisung nam,steve johnson,0.0292066913098096,0,jisung n,johnson s,hard
2022-4140_8.0,hard,2022,R32,christopher o'connell,chun-hsin tseng,0.7227081060409546,0,oconnell c,tseng c,hard
2022-418_12.0,hard,2022,R64,alexei popyrin,tung-lin wu,0.6507487893104553,1,popyrin a,tung-lin w,hard
2022-418_24.0,hard,2022,R32,borna gojo,botic van de zandschulp,0.520733654499054,0,gojo b,de zandschulp b,hard
2022-418_36.0,hard,2022,R16,botic van de zandschulp,frances tiafoe,0.49748295545578,0,de zandschulp b,tiafoe f,hard
2022-421_14.0,hard,2022,R64,botic van de zandschulp,miomir kecmanovic,0.6436007618904114,1,de zandschulp b,kecmanovic m,hard
2022-421_34.0,hard,2022,R32,botic van de zandschulp,cameron norrie,0.2860377132892608,0,de zandschulp b,norrie c,hard
2022-422_24.0,hard,2022,R64,botic van de zandschulp,maxime cressy,0.5631870031356812,1,de zandschulp b,cressy m,hard
2022-422_40.0,hard,2022,R32,botic van de zandschulp,daniil medvedev,0.1730271875858307,0,de zandschulp b,medvedev d,hard
2022-451_12.0,hard,2022,R32,alex molcan,christopher o'connell,0.7077648043632507,1,molcan a,oconnell c,hard
2022-451_15.0,hard,2022,R16,botic van de zandschulp,marin cilic,0.5935525298118591,0,de zandschulp b,cilic m,hard
2022-451_4.0,hard,2022,R32,botic van de zandschulp,thomas fabbiano,0.8382146954536438,1,de zandschulp b,fabbiano t,hard
2022-495_6.0,hard,2022,R32,andy murray,christopher o'connell,0.7540213465690613,1,murray a,oconnell c,hard
2022-560_101.0,hard,2022,R32,alejandro davidovich fokina,daniel elahi galan,0.6123314499855042,1,davidovich fokina a,elahi galan d,hard
2022-560_17.0,hard,2022,R128,daniel elahi galan,stefanos tsitsipas,0.2425051778554916,1,elahi galan d,tsitsipas s,hard
2022-560_23.0,hard,2022,R128,hugo grenier,tomas martin etcheverry,0.7120600342750549,1,grenier h,martin etcheverry t,hard
2022-560_28.0,hard,2022,R128,botic van de zandschulp,tomas machac,0.7910255789756775,1,de zandschulp b,machac t,hard
2022-560_4.0,hard,2022,R128,nikoloz basilashvili,yibing wu,0.5112423300743103,0,basilashvili n,yibing w,hard
2022-560_43.0,hard,2022,R128,christopher o'connell,james duckworth,0.267949104309082,0,oconnell c,duckworth j,hard
2022-560_66.0,hard,2022,R64,nuno borges,yibing wu,0.6622501611709595,0,borges n,yibing w,hard
2022-560_73.0,hard,2022,R64,daniel elahi galan,jordan thompson,0.3636928796768188,1,elahi galan d,thompson j,hard
2022-560_78.0,hard,2022,R64,botic van de zandschulp,corentin moutet,0.5304166674613953,0,de zandschulp b,moutet c,hard
2022-560_90.0,hard,2022,R64,holger rune,john isner,0.2898596227169037,1,rune h,isner j,hard
2022-560_97.0,hard,2022,R32,daniil medvedev,yibing wu,0.917312502861023,1,medvedev d,yibing w,hard
2022-580_112.0,hard,2022,R32,christopher o'connell,maxime cressy,0.3002960979938507,0,oconnell c,cressy m,hard
2022-580_17.0,hard,2022,R128,pablo carreno busta,tomas martin etcheverry,0.8788340091705322,1,carreno busta p,martin etcheverry t,hard
2022-580_37.0,hard,2022,R128,taro daniel,tomas barrios vera,0.6480785608291626,1,daniel t,barrios vera t,hard
2022-580_50.0,hard,2022,R128,juan manuel cerundolo,tomas machac,0.6117308735847473,0,manuel cerundolo j,machac t,hard
2022-580_58.0,hard,2022,R128,christopher o'connell,hugo gaston,0.3666814267635345,1,oconnell c,gaston h,hard
2022-580_64.0,hard,2022,R128,botic van de zandschulp,jan-lennard struff,0.5231163501739502,1,de zandschulp b,struff j,hard
2022-580_74.0,hard,2022,R64,christopher o'connell,diego schwartzman,0.1481276601552963,1,oconnell c,schwartzman d,hard
2022-580_96.0,hard,2022,R64,botic van de zandschulp,richard gasquet,0.5697199106216431,1,de zandschulp b,gasquet r,hard
2022-580_97.0,hard,2022,R32,botic van de zandschulp,daniil medvedev,0.1178644001483917,0,de zandschulp b,medvedev d,hard
2022-6116_7.0,hard,2022,R32,adrian mannarino,peter gojowczyk,0.7421727776527405,1,mannarino a,gojowczyk p,hard
2022-6242_17.0,hard,2022,R32,botic van de zandschulp,tallon griekspoor,0.4532261788845062,1,de zandschulp b,griekspoor t,hard
2022-6242_33.0,hard,2022,R16,botic van de zandschulp,jaume munar,0.688332736492157,1,de zandschulp b,munar j,hard
2022-6242_41.0,hard,2022,QF,benjamin bonzi,botic van de zandschulp,0.3616866171360016,0,bonzi b,de zandschulp b,hard
2022-6242_45.0,hard,2022,SF,adrian mannarino,botic van de zandschulp,0.4645264446735382,1,mannarino a,de zandschulp b,hard
2022-6242_7.0,hard,2022,R64,adrian mannarino,christopher o'connell,0.8106475472450256,1,mannarino a,oconnell c,hard
2022-7434_3.0,hard,2022,R32,dragos nicolae madaras,oscar otte,0.2268828153610229,0,nicolae madaras d,otte o,hard
2022-7480_1.0,hard,2022,R32,alex hernandez,nicolas barrientos,0.6301686763763428,1,hernandez a,barrientos n,hard
2022-7480_15.0,hard,2022,R16,cameron norrie,chun-hsin tseng,0.848432719707489,1,norrie c,tseng c,hard
2022-7480_4.0,hard,2022,R32,chun-hsin tseng,nick chappell,0.5230691432952881,1,tseng c,chappell n,hard
2022-7480_6.0,hard,2022,R32,jason kubler,tomas martin etcheverry,0.4500986635684967,1,kubler j,martin etcheverry t,hard
2022-7485_4.0,hard,2022,R32,david goffin,gilles arnaud bailly,0.9184241890907288,1,goffin d,arnaud bailly g,hard
2022-7485_6.0,hard,2022,R32,botic van de zandschulp,dominic stricker,0.5632675290107727,0,de zandschulp b,stricker d,hard
2022-7696_1.0,hard,2022,RR,chun-hsin tseng,dominic stricker,0.3241782486438751,0,tseng c,stricker d,hard
2022-7696_10.0,hard,2022,RR,francesco passaro,matteo arnaldi,0.6222200393676758,1,passaro f,arnaldi m,hard
2022-7696_11.0,hard,2022,RR,jiri lehecka,matteo arnaldi,0.6129002571105957,1,lehecka j,arnaldi m,hard
2022-7696_12.0,hard,2022,RR,brandon nakashima,matteo arnaldi,0.7911063432693481,1,nakashima b,arnaldi m,hard
2022-7696_13.0,hard,2022,SF,dominic stricker,jiri lehecka,0.5752444863319397,0,stricker d,lehecka j,hard
2022-7696_14.0,hard,2022,SF,brandon nakashima,jack draper,0.5351075530052185,1,nakashima b,draper j,hard
2022-7696_15.0,hard,2022,F,brandon nakashima,jiri lehecka,0.7030901312828064,1,nakashima b,lehecka j,hard
2022-7696_2.0,hard,2022,RR,dominic stricker,jack draper,0.2296629846096038,1,stricker d,draper j,hard
2022-7696_3.0,hard,2022,RR,chun-hsin tseng,jack draper,0.2464809864759445,0,tseng c,draper j,hard
2022-7696_4.0,hard,2022,RR,dominic stricker,lorenzo musetti,0.2983393371105194,1,stricker d,musetti l,hard
2022-7696_5.0,hard,2022,RR,chun-hsin tseng,lorenzo musetti,0.1051548644900322,0,tseng c,musetti l,hard
2022-7696_6.0,hard,2022,RR,jack draper,lorenzo musetti,0.3971151113510132,1,draper j,musetti l,hard
2022-7696_7.0,hard,2022,RR,francesco passaro,jiri lehecka,0.4843555688858032,0,passaro f,lehecka j,hard
2022-7696_8.0,hard,2022,RR,brandon nakashima,francesco passaro,0.7631850242614746,1,nakashima b,passaro f,hard
2022-7696_9.0,hard,2022,RR,brandon nakashima,jiri lehecka,0.8072968125343323,1,nakashima b,lehecka j,hard
2022-8888_1.0,hard,2022,R128,aleksandre metreveli,federico delbonis,0.2518066763877868,0,metreveli a,delbonis f,hard
2022-8888_11.0,hard,2022,R128,kamil majchrzak,michail pervolarakis,0.7127417922019958,1,majchrzak k,pervolarakis m,hard
2022-8888_12.0,hard,2022,R128,aristotelis thanos,hubert hurkacz,0.0413337312638759,0,thanos a,hurkacz h,hard
2022-8888_13.0,hard,2022,R128,daniel evans,john isner,0.3139352202415466,1,evans d,isner j,hard
2022-8888_14.0,hard,2022,R128,cameron norrie,taylor fritz,0.6681814193725586,0,norrie c,fritz t,hard
2022-8888_15.0,hard,2022,R128,brayden schnur,john isner,0.1308062225580215,0,schnur b,isner j,hard
2022-8888_19.0,hard,2022,R128,jan-lennard struff,john isner,0.2199325710535049,1,struff j,isner j,hard
2022-8888_2.0,hard,2022,R128,diego schwartzman,nikoloz basilashvili,0.5879957675933838,1,schwartzman d,basilashvili n,hard
2022-8888_20.0,hard,2022,R128,alexander zverev,taylor fritz,0.7062295079231262,1,zverev a,fritz t,hard
2022-8888_21.0,hard,2022,R128,daniel evans,jan-lennard struff,0.611343264579773,1,evans d,struff j,hard
2022-8888_22.0,hard,2022,R128,alexander zverev,cameron norrie,0.8367294669151306,1,zverev a,norrie c,hard
2022-8888_23.0,hard,2022,R128,denis shapovalov,jan-lennard struff,0.5360584855079651,1,shapovalov d,struff j,hard
2022-8888_25.0,hard,2022,R128,arthur rinderknech,james duckworth,0.5965354442596436,1,rinderknech a,duckworth j,hard
2022-8888_27.0,hard,2022,R128,jannik sinner,max purcell,0.9104853272438048,1,sinner j,purcell m,hard
2022-8888_28.0,hard,2022,R128,alex de minaur,matteo berrettini,0.2300625145435333,1,de minaur a,berrettini m,hard
2022-8888_29.0,hard,2022,R128,arthur rinderknech,jannik sinner,0.1696256250143051,0,rinderknech a,sinner j,hard
2022-8888_3.0,hard,2022,R128,aleksandre bakshi,kamil majchrzak,0.1555626541376114,0,bakshi a,majchrzak k,hard
2022-8888_30.0,hard,2022,R128,matteo berrettini,ugo humbert,0.7484844923019409,1,berrettini m,humbert u,hard
2022-8888_31.0,hard,2022,R128,james duckworth,roman safiullin,0.7225167751312256,0,duckworth j,safiullin r,hard
2022-8888_34.0,hard,2022,R128,daniil medvedev,ugo humbert,0.7585997581481934,0,medvedev d,humbert u,hard
2022-8888_35.0,hard,2022,R128,jannik sinner,roman safiullin,0.9182790517807008,1,sinner j,safiullin r,hard
2022-8888_36.0,hard,2022,R128,daniil medvedev,matteo berrettini,0.8596913814544678,1,medvedev d,berrettini m,hard
2022-8888_37.0,hard,2022,R128,alejandro tabilo,pablo carreno busta,0.1509133577346801,0,tabilo a,carreno busta p,hard
2022-8888_38.0,hard,2022,R128,cristian garin,roberto bautista agut,0.1952915042638778,0,garin c,bautista agut r,hard
2022-8888_39.0,hard,2022,R128,pablo carreno busta,viktor durasovic,0.8953583240509033,1,carreno busta p,durasovic v,hard
2022-8888_4.0,hard,2022,R128,aleksandre metreveli,hubert hurkacz,0.0825335085391998,0,metreveli a,hurkacz h,hard
2022-8888_41.0,hard,2022,R128,alejandro tabilo,viktor durasovic,0.6191545128822327,1,tabilo a,durasovic v,hard
2022-8888_42.0,hard,2022,R128,casper ruud,cristian garin,0.8158320784568787,1,ruud c,garin c,hard
2022-8888_43.0,hard,2022,R128,filip krajinovic,pablo carreno busta,0.2455113530158996,0,krajinovic f,carreno busta p,hard
2022-8888_44.0,hard,2022,R128,dusan lajovic,roberto bautista agut,0.1353228390216827,0,lajovic d,bautista agut r,hard
2022-8888_45.0,hard,2022,R128,alejandro tabilo,filip krajinovic,0.3411255776882171,0,tabilo a,krajinovic f,hard
2022-8888_46.0,hard,2022,R128,cristian garin,dusan lajovic,0.5815050005912781,1,garin c,lajovic d,hard
2022-8888_47.0,hard,2022,R128,filip krajinovic,viktor durasovic,0.8097277879714966,1,krajinovic f,durasovic v,hard
2022-8888_49.0,hard,2022,SF,denis shapovalov,roman safiullin,0.7987099289894104,1,shapovalov d,safiullin r,hard
2022-8888_5.0,hard,2022,R128,federico delbonis,kamil majchrzak,0.607397735118866,0,delbonis f,majchrzak k,hard
2022-8888_51.0,hard,2022,SF,jan zielinski,pablo carreno busta,0.0559199266135692,0,zielinski j,carreno busta p,hard
2022-8888_52.0,hard,2022,SF,hubert hurkacz,roberto bautista agut,0.5650718212127686,0,hurkacz h,bautista agut r,hard
2022-8888_6.0,hard,2022,R128,diego schwartzman,hubert hurkacz,0.306289792060852,0,schwartzman d,hurkacz h,hard
2022-8888_7.0,hard,2022,R128,aleksandre metreveli,michail pervolarakis,0.3286910653114319,0,metreveli a,pervolarakis m,hard
2022-8888_8.0,hard,2022,R128,nikoloz basilashvili,stefanos tsitsipas,0.2545225620269775,0,basilashvili n,tsitsipas s,hard
2022-8888_9.0,hard,2022,R128,federico delbonis,michail pervolarakis,0.7388825416564941,1,delbonis f,pervolarakis m,hard
2022-891_12.0,hard,2022,R32,elias ymer,gian marco moroni,0.6241381764411926,1,ymer e,marco moroni g,hard
2022-8998_12.0,hard,2022,R32,alex bolt,juan manuel cerundolo,0.3631114065647125,0,bolt a,manuel cerundolo j,hard
2022-8998_20.0,hard,2022,R16,gael monfils,juan manuel cerundolo,0.8147597908973694,1,monfils g,manuel cerundolo j,hard
2022-9210_2.0,hard,2022,RR,frances tiafoe,stefanos tsitsipas,0.3114786744117737,1,tiafoe f,tsitsipas s,hard
2022-9210_3.0,hard,2022,RR,felix auger-aliassime,matteo berrettini,0.609914243221283,0,auger-aliassime f,berrettini m,hard
2022-9210_4.0,hard,2022,RR,frances tiafoe,novak djokovic,0.1945204585790634,0,tiafoe f,djokovic n,hard
2022-9210_5.0,hard,2022,RR,cameron norrie,taylor fritz,0.5787851810455322,0,norrie c,fritz t,hard
2022-9210_6.0,hard,2022,RR,alex de minaur,andy murray,0.5481123328208923,1,de minaur a,murray a,hard
2022-9210_7.0,hard,2022,RR,casper ruud,jack sock,0.8962981700897217,1,ruud c,sock j,hard
2022-9410_19.0,hard,2022,R16,botic van de zandschulp,novak djokovic,0.1226168647408485,0,de zandschulp b,djokovic n,hard
2022-9410_6.0,hard,2022,R32,beibit zhukayev,botic van de zandschulp,0.1584911942481994,0,zhukayev b,de zandschulp b,hard
2022-9569_14.0,hard,2022,R16,christopher o'connell,j.j. wolf,0.3621286153793335,1,oconnell c,wolf j,hard
2022-9569_15.0,hard,2022,R16,daniel elahi galan,pedro martinez,0.7136451601982117,1,elahi galan d,martinez p,hard
2022-9569_18.0,hard,2022,R16,marcos giron,tomas martin etcheverry,0.6867772936820984,1,giron m,martin etcheverry t,hard
2022-9569_2.0,hard,2022,R32,christopher o'connell,jason kubler,0.2333494275808334,1,oconnell c,kubler j,hard
2022-9569_21.0,hard,2022,QF,christopher o'connell,jenson brooksby,0.4017788767814636,1,oconnell c,brooksby j,hard
2022-9569_22.0,hard,2022,QF,brandon nakashima,daniel elahi galan,0.5856836438179016,1,nakashima b,elahi galan d,hard
2022-9569_25.0,hard,2022,SF,brandon nakashima,christopher o'connell,0.7030410766601562,1,nakashima b,oconnell c,hard
2022-9569_4.0,hard,2022,R32,daniel elahi galan,marc-andrea huesler,0.579724133014679,1,elahi galan d,huesler m,hard
2022-9569_9.0,hard,2022,R32,facundo mena,tomas martin etcheverry,0.751124382019043,0,mena f,martin etcheverry t,hard
2022-9663_17.0,hard,2022,R32,christopher o'connell,sebastian baez,0.3358119130134582,0,oconnell c,baez s,hard
2022-9665_16.0,hard,2022,R16,botic van de zandschulp,mackenzie mcdonald,0.5485038757324219,1,de zandschulp b,mcdonald m,hard
2022-9665_22.0,hard,2022,QF,botic van de zandschulp,grigor dimitrov,0.3613860309123993,0,de zandschulp b,dimitrov g,hard
2022-9665_5.0,hard,2022,R32,adrian mannarino,botic van de zandschulp,0.3103123307228088,0,mannarino a,de zandschulp b,hard
2022-9665_8.0,hard,2022,R32,christopher o'connell,jordan thompson,0.2867882251739502,0,oconnell c,thompson j,hard
2022-9667_18.0,hard,2022,R32,botic van de zandschulp,marton fucsovics,0.3720889091491699,0,de zandschulp b,fucsovics m,hard
2022-M-DC-2022-FLS-1-A-M-ARG-CRO-01_1.0,hard,2022,RR,borna gojo,sebastian baez,0.3806386888027191,1,gojo b,baez s,hard
2022-M-DC-2022-FLS-1-A-M-ARG-CRO-01_2.0,hard,2022,RR,borna coric,francisco cerundolo,0.7060260772705078,1,coric b,cerundolo f,hard
2022-M-DC-2022-FLS-1-A-M-ARG-SWE-01_1.0,hard,2022,RR,elias ymer,sebastian baez,0.3474175631999969,1,ymer e,baez s,hard
2022-M-DC-2022-FLS-1-A-M-ARG-SWE-01_2.0,hard,2022,RR,diego schwartzman,mikael ymer,0.6889666318893433,0,schwartzman d,ymer m,hard
2022-M-DC-2022-FLS-1-A-M-CRO-SWE-01_1.0,hard,2022,RR,borna gojo,elias ymer,0.5007952451705933,0,gojo b,ymer e,hard
2022-M-DC-2022-FLS-1-A-M-CRO-SWE-01_2.0,hard,2022,RR,borna coric,mikael ymer,0.7319026589393616,1,coric b,ymer m,hard
2022-M-DC-2022-FLS-1-A-M-ITA-ARG-01_1.0,hard,2022,RR,matteo berrettini,sebastian baez,0.8076223731040955,1,berrettini m,baez s,hard
2022-M-DC-2022-FLS-1-A-M-ITA-CRO-01_1.0,hard,2022,RR,borna gojo,lorenzo musetti,0.2949657440185547,0,gojo b,musetti l,hard
2022-M-DC-2022-FLS-1-A-M-ITA-CRO-01_2.0,hard,2022,RR,borna coric,matteo berrettini,0.4097135066986084,0,coric b,berrettini m,hard
2022-M-DC-2022-FLS-1-A-M-ITA-SWE-01_1.0,hard,2022,RR,elias ymer,matteo berrettini,0.1773577630519867,0,ymer e,berrettini m,hard
2022-M-DC-2022-FLS-2-B-M-ESP-CAN-01_1.0,hard,2022,RR,roberto bautista agut,vasek pospisil,0.7678733468055725,1,bautista agut r,pospisil v,hard
2022-M-DC-2022-FLS-2-B-M-ESP-KOR-01_1.0,hard,2022,RR,roberto bautista agut,tung-lin wu,0.8413183093070984,1,bautista agut r,tung-lin w,hard
2022-M-DC-2022-FLS-2-B-M-ESP-SRB-01_1.0,hard,2022,RR,albert ramos-vinolas,laslo djere,0.5233021378517151,1,ramos-vinolas a,djere l,hard
2022-M-DC-2022-FLS-2-B-M-ESP-SRB-01_2.0,hard,2022,RR,miomir kecmanovic,roberto bautista agut,0.3957836925983429,0,kecmanovic m,bautista agut r,hard
2022-M-DC-2022-FLS-2-B-M-KOR-CAN-01_1.0,hard,2022,RR,tung-lin wu,vasek pospisil,0.2163435369729995,0,tung-lin w,pospisil v,hard
2022-M-DC-2022-FLS-2-B-M-KOR-CAN-01_2.0,hard,2022,RR,felix auger-aliassime,soonwoo kwon,0.7991756796836853,0,auger-aliassime f,kwon s,hard
2022-M-DC-2022-FLS-2-B-M-KOR-SRB-01_1.0,hard,2022,RR,dusan lajovic,tung-lin wu,0.3751197457313537,1,lajovic d,tung-lin w,hard
2022-M-DC-2022-FLS-2-B-M-KOR-SRB-01_2.0,hard,2022,RR,miomir kecmanovic,soonwoo kwon,0.6448884606361389,1,kecmanovic m,kwon s,hard
2022-M-DC-2022-FLS-2-B-M-SRB-CAN-01_1.0,hard,2022,RR,gabriel diallo,laslo djere,0.2138427346944809,0,diallo g,djere l,hard
2022-M-DC-2022-FLS-3-C-M-AUS-BEL-01_1.0,hard,2022,RR,jason kubler,zizou bergs,0.7299759387969971,1,kubler j,bergs z,hard
2022-M-DC-2022-FLS-3-C-M-FRA-AUS-01_1.0,hard,2022,RR,jason kubler,richard gasquet,0.5885454416275024,0,kubler j,gasquet r,hard
2022-M-DC-2022-FLS-3-C-M-FRA-BEL-01_1.0,hard,2022,RR,michael geerts,richard gasquet,0.1776845902204513,0,geerts m,gasquet r,hard
2022-M-DC-2022-FLS-3-C-M-FRA-GER-01_1.0,hard,2022,RR,benjamin bonzi,jan-lennard struff,0.7148768901824951,0,bonzi b,struff j,hard
2022-M-DC-2022-FLS-3-C-M-FRA-GER-01_2.0,hard,2022,RR,adrian mannarino,oscar otte,0.5983220338821411,1,mannarino a,otte o,hard
2022-M-DC-2022-FLS-3-C-M-GER-AUS-01_1.0,hard,2022,RR,jan-lennard struff,max purcell,0.7250263690948486,1,struff j,purcell m,hard
2022-M-DC-2022-FLS-3-C-M-GER-AUS-01_2.0,hard,2022,RR,oscar otte,thanasi kokkinakis,0.6558531522750854,0,otte o,kokkinakis t,hard
2022-M-DC-2022-FLS-3-C-M-GER-BEL-01_1.0,hard,2022,RR,jan-lennard struff,zizou bergs,0.6510141491889954,1,struff j,bergs z,hard
2022-M-DC-2022-FLS-3-C-M-GER-BEL-01_2.0,hard,2022,RR,david goffin,oscar otte,0.4053318798542022,1,goffin d,otte o,hard
2022-M-DC-2022-FLS-4-D-M-GBR-KAZ-01_1.0,hard,2022,RR,andy murray,dmitry popko,0.8458497524261475,1,murray a,popko d,hard
2022-M-DC-2022-FLS-4-D-M-GBR-KAZ-01_2.0,hard,2022,RR,alexander bublik,cameron norrie,0.2339732050895691,1,bublik a,norrie c,hard
2022-M-DC-2022-FLS-4-D-M-GBR-NED-01_2.0,hard,2022,RR,botic van de zandschulp,cameron norrie,0.2422415763139724,1,de zandschulp b,norrie c,hard
2022-M-DC-2022-FLS-4-D-M-KAZ-NED-01_1.0,hard,2022,RR,mikhail kukushkin,tallon griekspoor,0.295483648777008,0,kukushkin m,griekspoor t,hard
2022-M-DC-2022-FLS-4-D-M-KAZ-NED-01_2.0,hard,2022,RR,alexander bublik,botic van de zandschulp,0.4742162525653839,0,bublik a,de zandschulp b,hard
2022-M-DC-2022-FLS-4-D-M-USA-GBR-01_2.0,hard,2022,RR,cameron norrie,taylor fritz,0.5512393116950989,1,norrie c,fritz t,hard
2022-M-DC-2022-FLS-4-D-M-USA-NED-01_2.0,hard,2022,RR,botic van de zandschulp,taylor fritz,0.3508608937263489,1,de zandschulp b,fritz t,hard
2022-M-DC-2022-FLS-M-AUS-CRO-01_2.0,hard,2022,RR,alex de minaur,marin cilic,0.5200340151786804,1,de minaur a,cilic m,hard
2022-M-DC-2022-FLS-M-AUS-NED-01_1.0,hard,2022,RR,jordan thompson,tallon griekspoor,0.36320561170578,1,thompson j,griekspoor t,hard
2022-M-DC-2022-FLS-M-AUS-NED-01_2.0,hard,2022,RR,alex de minaur,botic van de zandschulp,0.6421353220939636,1,de minaur a,de zandschulp b,hard
2022-M-DC-2022-FLS-M-CAN-AUS-01_1.0,hard,2022,RR,denis shapovalov,thanasi kokkinakis,0.7515413165092468,1,shapovalov d,kokkinakis t,hard
2022-M-DC-2022-FLS-M-CRO-ESP-01_2.0,hard,2022,RR,marin cilic,pablo carreno busta,0.4687485992908478,1,cilic m,carreno busta p,hard
2022-M-DC-2022-FLS-M-GER-CAN-01_1.0,hard,2022,RR,denis shapovalov,jan-lennard struff,0.8156634569168091,0,shapovalov d,struff j,hard
2022-M-DC-2022-QLS-M-AUS-HUN-01_1.0,hard,2022,RR,alex de minaur,zsombor piros,0.8053155541419983,1,de minaur a,piros z,hard
2022-M-DC-2022-QLS-M-AUS-HUN-01_2.0,hard,2022,RR,marton fucsovics,thanasi kokkinakis,0.5306397676467896,1,fucsovics m,kokkinakis t,hard
2022-M-DC-2022-QLS-M-AUS-HUN-01_3.0,hard,2022,RR,alex de minaur,marton fucsovics,0.5774245858192444,1,de minaur a,fucsovics m,hard
2022-M-DC-2022-QLS-M-AUS-HUN-01_4.0,hard,2022,RR,thanasi kokkinakis,zsombor piros,0.7742589712142944,1,kokkinakis t,piros z,hard
2022-M-DC-2022-QLS-M-AUT-KOR-01_1.0,hard,2022,RR,dennis novak,jisung nam,0.8786827921867371,1,novak d,jisung n,hard
2022-M-DC-2022-QLS-M-AUT-KOR-01_2.0,hard,2022,RR,jurij rodionov,soonwoo kwon,0.2278166562318802,0,rodionov j,kwon s,hard
2022-M-DC-2022-QLS-M-AUT-KOR-01_3.0,hard,2022,RR,dennis novak,soonwoo kwon,0.1694210171699524,0,novak d,kwon s,hard
2022-M-DC-2022-QLS-M-BEL-FIN-01_1.0,hard,2022,RR,david goffin,otto virtanen,0.7762359380722046,1,goffin d,virtanen o,hard
2022-M-DC-2022-QLS-M-BEL-FIN-01_2.0,hard,2022,RR,emil ruusuvuori,zizou bergs,0.7110517024993896,1,ruusuvuori e,bergs z,hard
2022-M-DC-2022-QLS-M-BEL-FIN-01_4.0,hard,2022,RR,otto virtanen,zizou bergs,0.3077179491519928,0,virtanen o,bergs z,hard
2022-M-DC-2022-QLS-M-FRA-ECU-01_1.0,hard,2022,RR,arthur rinderknech,emilio gomez,0.7902500033378601,1,rinderknech a,gomez e,hard
2022-M-DC-2022-QLS-M-FRA-ECU-01_2.0,hard,2022,RR,adrian mannarino,roberto quiroz,0.8264968395233154,1,mannarino a,quiroz r,hard
2022-M-DC-2022-QLS-M-FRA-ECU-01_3.0,hard,2022,RR,benjamin bonzi,cayetano march,0.8623268008232117,1,bonzi b,march c,hard
2022-M-DC-2022-QLS-M-ITA-SVK-01_1.0,hard,2022,RR,jannik sinner,norbert gombos,0.8547746539115906,1,sinner j,gombos n,hard
2022-M-DC-2022-QLS-M-ITA-SVK-01_2.0,hard,2022,RR,filip horansky,lorenzo sonego,0.4264425635337829,1,horansky f,sonego l,hard
2022-M-DC-2022-QLS-M-ITA-SVK-01_3.0,hard,2022,RR,filip horansky,jannik sinner,0.0456033833324909,0,horansky f,sinner j,hard
2022-M-DC-2022-QLS-M-ITA-SVK-01_4.0,hard,2022,RR,lorenzo musetti,norbert gombos,0.7369207143783569,1,musetti l,gombos n,hard
2022-M-DC-2022-QLS-M-KAZ-NOR-01_1.0,hard,2022,RR,casper ruud,mikhail kukushkin,0.8199375867843628,1,ruud c,kukushkin m,hard
2022-M-DC-2022-QLS-M-KAZ-NOR-01_2.0,hard,2022,RR,alexander bublik,viktor durasovic,0.8719537854194641,1,bublik a,durasovic v,hard
2022-M-DC-2022-QLS-M-SWE-JPN-01_1.0,hard,2022,RR,dragos nicolae madaras,yosuke watanuki,0.4799956977367401,0,nicolae madaras d,watanuki y,hard
2022-M-DC-2022-QLS-M-SWE-JPN-01_2.0,hard,2022,RR,elias ymer,taro daniel,0.4752785563468933,1,ymer e,daniel t,hard
2022-M-DC-2022-QLS-M-SWE-JPN-01_3.0,hard,2022,RR,dragos nicolae madaras,taro daniel,0.416936457157135,0,nicolae madaras d,daniel t,hard
2022-M-DC-2022-QLS-M-SWE-JPN-01_4.0,hard,2022,RR,elias ymer,yosuke watanuki,0.6705068945884705,1,ymer e,watanuki y,hard
2022-M-DC-2022-QLS-M-USA-COL-01_1.0,hard,2022,RR,nicolas mejia,sebastian korda,0.1385082453489303,0,mejia n,korda s,hard
2022-M-DC-2022-QLS-M-USA-COL-01_2.0,hard,2022,RR,alejandro gonzalez,taylor fritz,0.0961536094546318,0,gonzalez a,fritz t,hard
2022-M-DC-2022-QLS-M-USA-COL-01_3.0,hard,2022,RR,nicolas mejia,tommy paul,0.2844551503658294,0,mejia n,paul t,hard
2022-M-DC-2022-WG1-M-BRA-POR-01_1.0,hard,2022,RR,felipe meligeni alves,joao sousa,0.3011229336261749,0,meligeni alves f,sousa j,hard
2022-M-DC-2022-WG1-M-BRA-POR-01_2.0,hard,2022,RR,nuno borges,thiago monteiro,0.4072400331497192,1,borges n,monteiro t,hard
2022-M-DC-2022-WG1-M-CZE-ISR-01_1.0,hard,2022,RR,daniel cukierman,jiri lehecka,0.2036131918430328,0,cukierman d,lehecka j,hard
2022-M-DC-2022-WG1-M-CZE-ISR-01_2.0,hard,2022,RR,edan leshem,tomas machac,0.4240351021289825,0,leshem e,machac t,hard
2022-M-DC-2022-WG1-M-CZE-ISR-01_3.0,hard,2022,RR,edan leshem,jiri lehecka,0.2271578460931778,0,leshem e,lehecka j,hard
2022-M-DC-2022-WG1-M-ECU-SUI-01_1.0,hard,2022,RR,marc-andrea huesler,roberto quiroz,0.5955619812011719,1,huesler m,quiroz r,hard
2022-M-DC-2022-WG1-M-ECU-SUI-01_2.0,hard,2022,RR,emilio gomez,henri laaksonen,0.3398881256580353,1,gomez e,laaksonen h,hard
2022-M-DC-2022-WG1-M-ECU-SUI-01_3.0,hard,2022,RR,emilio gomez,marc-andrea huesler,0.6334841847419739,1,gomez e,huesler m,hard
2022-M-DC-2022-WG1-M-ECU-SUI-01_4.0,hard,2022,RR,alexander ritschard,roberto quiroz,0.6220824122428894,1,ritschard a,quiroz r,hard
2022-M-DC-2022-WG1-M-FIN-NZL-01_1.0,hard,2022,RR,emil ruusuvuori,kiranpal pannu,0.9112509489059448,1,ruusuvuori e,pannu k,hard
2022-M-DC-2022-WG1-M-FIN-NZL-01_2.0,hard,2022,RR,ajeet rai,otto virtanen,0.2596621215343475,0,ajeet r,virtanen o,hard
2022-M-DC-2022-WG1-M-FIN-NZL-01_3.0,hard,2022,RR,emil ruusuvuori,isaac becroft,0.8953235149383545,1,ruusuvuori e,becroft i,hard
2022-M-DC-2022-WG1-M-FIN-NZL-01_4.0,hard,2022,RR,eero vasa,kiranpal pannu,0.2731506526470184,1,vasa e,pannu k,hard
2022-M-DC-2022-WG1-M-HUN-UKR-01_1.0,hard,2022,RR,marton fucsovics,viacheslav bielinskyi,0.8722388744354248,1,fucsovics m,bielinskyi v,hard
2022-M-DC-2022-WG1-M-HUN-UKR-01_2.0,hard,2022,RR,vladyslav orlov,zsombor piros,0.4421415328979492,0,orlov v,piros z,hard
2022-M-DC-2022-WG1-M-HUN-UKR-01_3.0,hard,2022,RR,illya beloborodko,marton fucsovics,0.0962121710181236,0,beloborodko i,fucsovics m,hard
2022-M-DC-2022-WG1-M-IND-NOR-01_1.0,hard,2022,RR,casper ruud,prajnesh gunneswaran,0.9541885256767272,1,ruud c,gunneswaran p,hard
2022-M-DC-2022-WG1-M-IND-NOR-01_2.0,hard,2022,RR,ramkumar ramanathan,viktor durasovic,0.5975592136383057,0,ramanathan r,durasovic v,hard
2022-M-DC-2022-WG1-M-IND-NOR-01_3.0,hard,2022,RR,lukas hellum-lilleengen,sumit nagal,0.2798703908920288,0,hellum-lilleengen l,nagal s,hard
2022-M-DC-2022-WG1-M-JPN-UZB-01_1.0,hard,2022,RR,denis istomin,sho shimabukuro,0.3330512940883636,0,istomin d,shimabukuro s,hard
2022-M-DC-2022-WG1-M-JPN-UZB-01_2.0,hard,2022,RR,sergey fomin,shintaro mochizuki,0.3552351295948028,1,fomin s,mochizuki s,hard
2022-M-DC-2022-WG1-M-JPN-UZB-01_3.0,hard,2022,RR,sergey fomin,sho shimabukuro,0.4771387279033661,1,fomin s,shimabukuro s,hard
2022-M-DC-2022-WG1-PO-UZB-TUR-01_1.0,hard,2022,RR,cem ilkel,sanjar fayziev,0.7168581485748291,0,ilkel c,fayziev s,hard
2022-M-DC-2022-WG1-PO-UZB-TUR-01_2.0,hard,2022,RR,altug celikbilek,sergey fomin,0.8171788454055786,1,celikbilek a,fomin s,hard
2022-M-DC-2022-WG1-PO-UZB-TUR-01_3.0,hard,2022,RR,altug celikbilek,sanjar fayziev,0.5488379597663879,1,celikbilek a,fayziev s,hard
2022-M-DC-2022-WG1-PO-UZB-TUR-01_4.0,hard,2022,RR,cem ilkel,sergey fomin,0.6850891709327698,1,ilkel c,fomin s,hard
2022-M-DC-2022-WG2-M-BAR-IRL-01_1.0,hard,2022,RR,matthew foster-estwick,simon carr,0.1949337273836136,0,foster-estwick m,carr s,hard
2022-M-DC-2022-WG2-M-BAR-IRL-01_2.0,hard,2022,RR,darian king,osgar o'hoisin,0.5621922016143799,1,king d,ohoisin o,hard
2022-M-DC-2022-WG2-M-BAR-IRL-01_3.0,hard,2022,RR,darian king,simon carr,0.7469081282615662,1,king d,carr s,hard
2022-M-DC-2022-WG2-M-BAR-IRL-01_4.0,hard,2022,RR,kaipo marshall,osgar o'hoisin,0.1246509253978729,0,marshall k,ohoisin o,hard
2022-M-DC-2022-WG2-M-BOL-THA-01_1.0,hard,2022,RR,federico zeballos,kasidit samrej,0.2755494117736816,0,zeballos f,samrej k,hard
2022-M-DC-2022-WG2-M-BOL-THA-01_2.0,hard,2022,RR,murkel dellien,yuttana charoenphon,0.7490045428276062,0,dellien m,charoenphon y,hard
2022-M-DC-2022-WG2-M-BOL-THA-01_3.0,hard,2022,RR,kasidit samrej,murkel dellien,0.3753250539302826,1,samrej k,dellien m,hard
2022-M-DC-2022-WG2-M-DEN-ESA-01_1.0,hard,2022,RR,elmer moller,marcelo arevalo,0.3692374229431152,0,moller e,arevalo m,hard
2022-M-DC-2022-WG2-M-DEN-ESA-01_2.0,hard,2022,RR,cesar cruz,johannes ingildsen,0.2090968936681747,0,cruz c,ingildsen j,hard
2022-M-DC-2022-WG2-M-DEN-ESA-01_3.0,hard,2022,RR,christian sigsgaard,marcelo arevalo,0.5716080069541931,0,sigsgaard c,arevalo m,hard
2022-M-DC-2022-WG2-M-DEN-ESA-01_4.0,hard,2022,RR,cesar cruz,elmer moller,0.1447601467370987,0,cruz c,moller e,hard
2022-M-DC-2022-WG2-M-DOM-LAT-01_1.0,hard,2022,RR,peter bertran,robert strombachs,0.6239028573036194,0,bertran p,strombachs r,hard
2022-M-DC-2022-WG2-M-DOM-LAT-01_2.0,hard,2022,RR,karlis ozolins,nick hardt,0.1493024975061416,1,ozolins k,hardt n,hard
2022-M-DC-2022-WG2-M-DOM-LAT-01_3.0,hard,2022,RR,daniels tens,nick hardt,0.1213194727897644,0,tens d,hardt n,hard
2022-M-DC-2022-WG2-M-DOM-LAT-01_4.0,hard,2022,RR,karlis ozolins,peter bertran,0.323878139257431,0,ozolins k,bertran p,hard
2022-M-DC-2022-WG2-M-LBN-MON-01_1.0,hard,2022,RR,hady habib,valentin vacherot,0.335514485836029,1,habib h,vacherot v,hard
2022-M-DC-2022-WG2-M-LBN-MON-01_2.0,hard,2022,RR,benjamin hassan,lucas catarina,0.7210227847099304,1,hassan b,catarina l,hard
2022-M-DC-2022-WG2-M-LBN-MON-01_3.0,hard,2022,RR,benjamin hassan,valentin vacherot,0.3541087210178375,0,hassan b,vacherot v,hard
2022-M-DC-2022-WG2-M-LBN-MON-01_4.0,hard,2022,RR,hady habib,hugo nys,0.8195186853408813,1,habib h,hugo n,hard
2022-M-DC-2022-WG2-M-LTU-EGY-01_1.0,hard,2022,RR,edas butvilas,mohamed safwat,0.1919746249914169,0,butvilas e,safwat m,hard
2022-M-DC-2022-WG2-M-LTU-EGY-01_2.0,hard,2022,RR,amr elsayed abdou ah mohamed,ricardas berankis,0.0265824012458324,0,ah mohamed a,berankis r,hard
2022-M-DC-2022-WG2-M-LTU-EGY-01_3.0,hard,2022,RR,mohamed safwat,ricardas berankis,0.3238301575183868,0,safwat m,berankis r,hard
2022-M-DC-2022-WG2-M-LTU-EGY-01_4.0,hard,2022,RR,ainius sabaliauskas,michael bassem sobhy,0.2964111268520355,1,sabaliauskas a,bassem sobhy m,hard
2022-M-DC-2022-WG2-M-POL-INA-01_1.0,hard,2022,RR,kamil majchrzak,nathan anthony barki,0.9340621829032898,1,majchrzak k,anthony barki n,hard
2022-M-DC-2022-WG2-M-POL-INA-01_2.0,hard,2022,RR,m rifki fitriadi,olaf pieczkowski,0.2399390339851379,0,rifki fitriadi m,pieczkowski o,hard
2022-M-DC-2022-WG2-M-POL-INA-01_3.0,hard,2022,RR,kamil majchrzak,tegar abdi satrio wibowo,0.9394516348838806,1,majchrzak k,satrio wibowo t,hard
2022-M-DC-2022-WG2-M-POL-INA-01_4.0,hard,2022,RR,lucky candra kurniawan,olaf pieczkowski,0.1589140743017196,0,candra kurniawan l,pieczkowski o,hard
2022-M-DC-2022-WG2-M-TPE-HKG-01_1.0,hard,2022,RR,coleman wong,jason jung,0.3253785967826843,1,wong c,jung j,hard
2022-M-DC-2022-WG2-M-TPE-HKG-01_2.0,hard,2022,RR,hong kit wong,tung-lin wu,0.128634825348854,0,kit wong h,tung-lin w,hard
2022-M-DC-2022-WG2-M-TPE-HKG-01_3.0,hard,2022,RR,coleman wong,tung-lin wu,0.2444562315940857,0,wong c,tung-lin w,hard
2022-M-DC-2022-WG2-M-TUN-GRE-01_1.0,hard,2022,RR,aziz dougaz,stefanos tsitsipas,0.0693853124976158,0,dougaz a,tsitsipas s,hard
2022-M-DC-2022-WG2-M-TUN-GRE-01_2.0,hard,2022,RR,michail pervolarakis,skander mansouri,0.2569146156311035,1,pervolarakis m,mansouri s,hard
2022-M-DC-2022-WG2-M-TUN-GRE-01_3.0,hard,2022,RR,skander mansouri,stefanos tsitsipas,0.1729873418807983,0,mansouri s,tsitsipas s,hard
2022-M-DC-2022-WG2-PO-HKG-BEN-01_1.0,hard,2022,RR,alexis klegou,hong kit wong,0.3849540054798126,0,klegou a,kit wong h,hard
2022-M-DC-2022-WG2-PO-HKG-BEN-01_2.0,hard,2022,RR,coleman wong,delmas n'tcha,0.7372413873672485,1,wong c,ntcha d,hard
2022-M-DC-2022-WG2-PO-HKG-BEN-01_3.0,hard,2022,RR,ki lung ng,sylvestre monnou,0.5018987655639648,0,ki lung n,monnou s,hard
2023-1536_13.0,clay,2023,R128,adrian mannarino,tomas martin etcheverry,0.1850835084915161,0,mannarino a,martin etcheverry t,clay
2023-1536_17.0,clay,2023,R128,alexander bublik,daniel elahi galan,0.6576788425445557,1,bublik a,elahi galan d,clay
2023-1536_21.0,clay,2023,R128,juan pablo varillas,yannick hanfmann,0.5352119207382202,0,pablo varillas j,hanfmann y,clay
2023-1536_26.0,clay,2023,R128,alex molcan,yibing wu,0.7309039831161499,1,molcan a,yibing w,clay
2023-1536_35.0,clay,2023,R64,aslan karatsev,botic van de zandschulp,0.3291033804416656,1,karatsev a,de zandschulp b,clay
2023-1536_40.0,clay,2023,R64,christopher o'connell,taylor fritz,0.2395061552524566,0,oconnell c,fritz t,clay
2023-1536_45.0,clay,2023,R64,frances tiafoe,tomas martin etcheverry,0.5300821661949158,1,tiafoe f,martin etcheverry t,clay
2023-1536_8.0,clay,2023,R128,christopher o'connell,filip krajinovic,0.4132254719734192,1,oconnell c,krajinovic f,clay
2023-2841_1.0,clay,2023,R32,hugo gaston,juan pablo varillas,0.6014915704727173,0,gaston h,pablo varillas j,clay
2023-2841_13.0,clay,2023,R16,andrey rublev,juan pablo varillas,0.8287662267684937,1,rublev a,pablo varillas j,clay
2023-308_1.0,clay,2023,R32,marton fucsovics,max hans rehberg,0.8200478553771973,1,fucsovics m,hans rehberg m,clay
2023-308_15.0,clay,2023,R16,aslan karatsev,botic van de zandschulp,0.323669284582138,0,karatsev a,de zandschulp b,clay
2023-308_18.0,clay,2023,R16,alexander zverev,christopher o'connell,0.90143620967865,0,zverev a,oconnell c,clay
2023-308_22.0,clay,2023,QF,botic van de zandschulp,marcos giron,0.6675893664360046,1,de zandschulp b,giron m,clay
2023-308_23.0,clay,2023,QF,christopher o'connell,flavio cobolli,0.5657603144645691,1,oconnell c,cobolli f,clay
2023-308_25.0,clay,2023,SF,botic van de zandschulp,taylor fritz,0.3233880996704101,1,de zandschulp b,fritz t,clay
2023-308_26.0,clay,2023,SF,christopher o'connell,holger rune,0.1622414737939834,0,oconnell c,rune h,clay
2023-308_27.0,clay,2023,F,botic van de zandschulp,holger rune,0.2375516295433044,0,de zandschulp b,rune h,clay
2023-308_9.0,clay,2023,R32,christopher o'connell,ugo humbert,0.5279315710067749,1,oconnell c,humbert u,clay
2023-314_16.0,clay,2023,R16,facundo bagnis,juan pablo varillas,0.2115929424762725,0,bagnis f,pablo varillas j,clay
2023-314_22.0,clay,2023,QF,albert ramos-vinolas,juan pablo varillas,0.3447047173976898,1,ramos-vinolas a,pablo varillas j,clay
2023-314_6.0,clay,2023,R32,juan pablo varillas,otto virtanen,0.7448328733444214,1,pablo varillas j,virtanen o,clay
2023-316_10.0,clay,2023,R32,sebastian ofner,tomas martin etcheverry,0.331281840801239,1,ofner s,martin etcheverry t,clay
2023-316_12.0,clay,2023,R32,alexander shevchenko,juan manuel cerundolo,0.4873736500740051,1,shevchenko a,manuel cerundolo j,clay
2023-316_2.0,clay,2023,R32,daniel elahi galan,thiago monteiro,0.3852436542510986,0,elahi galan d,monteiro t,clay
2023-316_4.0,clay,2023,R32,dragos nicolae madaras,luca van assche,0.2299510389566421,0,nicolae madaras d,van assche l,clay
2023-319_1.0,clay,2023,R32,arthur rinderknech,juan manuel cerundolo,0.4681221842765808,1,rinderknech a,manuel cerundolo j,clay
2023-319_11.0,clay,2023,R32,daniel elahi galan,marco cecchinato,0.4922425150871277,1,elahi galan d,cecchinato m,clay
2023-319_19.0,clay,2023,R16,daniel altmaier,daniel elahi galan,0.6899859309196472,0,altmaier d,elahi galan d,clay
2023-319_20.0,clay,2023,R16,guido andreozzi,tomas martin etcheverry,0.1230827420949935,0,andreozzi g,martin etcheverry t,clay
2023-319_24.0,clay,2023,QF,daniel elahi galan,tomas martin etcheverry,0.2764719426631927,0,elahi galan d,martin etcheverry t,clay
2023-319_26.0,clay,2023,SF,sebastian baez,tomas martin etcheverry,0.4506611824035644,1,baez s,martin etcheverry t,clay
2023-319_4.0,clay,2023,R32,albert ramos-vinolas,juan pablo varillas,0.5023577213287354,1,ramos-vinolas a,pablo varillas j,clay
2023-319_6.0,clay,2023,R32,christopher o'connell,laslo djere,0.2568167448043823,0,oconnell c,djere l,clay
2023-322_16.0,clay,2023,R16,bernabe zapata miralles,christopher o'connell,0.7130004167556763,0,zapata miralles b,oconnell c,clay
2023-322_17.0,clay,2023,R16,marco cecchinato,yibing wu,0.5257182121276855,0,cecchinato m,yibing w,clay
2023-322_22.0,clay,2023,QF,christopher o'connell,grigor dimitrov,0.3172715008258819,0,oconnell c,dimitrov g,clay
2023-322_23.0,clay,2023,QF,alexander zverev,yibing wu,0.760031521320343,1,zverev a,yibing w,clay
2023-322_5.0,clay,2023,R32,christopher o'connell,nino serdarusic,0.7885294556617737,1,oconnell c,serdarusic n,clay
2023-322_8.0,clay,2023,R32,marc-andrea huesler,yibing wu,0.2762315273284912,0,huesler m,yibing w,clay
2023-360_18.0,clay,2023,R16,botic van de zandschulp,christopher o'connell,0.4294294118881225,0,de zandschulp b,oconnell c,clay
2023-360_23.0,clay,2023,QF,christopher o'connell,pavel kotov,0.4698696732521057,0,oconnell c,kotov p,clay
2023-360_9.0,clay,2023,R32,christopher o'connell,riccardo bonadio,0.6428374648094177,1,oconnell c,bonadio r,clay
2023-410_29.0,clay,2023,R32,botic van de zandschulp,casper ruud,0.2117976993322372,0,de zandschulp b,ruud c,clay
2023-410_7.0,clay,2023,R64,botic van de zandschulp,marton fucsovics,0.6440778374671936,1,de zandschulp b,fucsovics m,clay
2023-414_14.0,clay,2023,R32,arthur fils,daniel elahi galan,0.6562948226928711,1,fils a,elahi galan d,clay
2023-414_8.0,clay,2023,R32,laslo djere,tomas martin etcheverry,0.43207448720932,1,djere l,martin etcheverry t,clay
2023-416_18.0,clay,2023,R128,juan pablo varillas,sebastian baez,0.2695762813091278,0,pablo varillas j,baez s,clay
2023-416_19.0,clay,2023,R128,richard gasquet,yibing wu,0.4703344106674194,0,gasquet r,yibing w,clay
2023-416_25.0,clay,2023,R128,arthur fils,juan manuel cerundolo,0.3393747806549072,1,fils a,manuel cerundolo j,clay
2023-416_28.0,clay,2023,R128,alexei popyrin,christopher o'connell,0.4914197623729706,1,popyrin a,oconnell c,clay
2023-416_32.0,clay,2023,R128,luca van assche,tomas martin etcheverry,0.3817784488201141,0,van assche l,martin etcheverry t,clay
2023-416_51.0,clay,2023,R64,francisco cerundolo,yibing wu,0.3724735677242279,1,cerundolo f,yibing w,clay
2023-416_54.0,clay,2023,R64,botic van de zandschulp,laslo djere,0.3628961443901062,0,de zandschulp b,djere l,clay
2023-416_64.0,clay,2023,R64,novak djokovic,tomas martin etcheverry,0.7801658511161804,1,djokovic n,martin etcheverry t,clay
2023-425_14.0,clay,2023,R64,pablo andujar,tomas martin etcheverry,0.1651506870985031,0,andujar p,martin etcheverry t,clay
2023-425_30.0,clay,2023,R32,alejandro davidovich fokina,tomas martin etcheverry,0.4496539831161499,1,davidovich fokina a,martin etcheverry t,clay
2023-425_5.0,clay,2023,R64,diego schwartzman,yibing wu,0.6985293030738831,1,schwartzman d,yibing w,clay
2023-439_2.0,clay,2023,R32,fabian marozsan,juan manuel cerundolo,0.3517590165138244,1,marozsan f,manuel cerundolo j,clay
2023-439_7.0,clay,2023,R32,christopher o'connell,zsombor piros,0.6585524678230286,0,oconnell c,piros z,clay
2023-506_11.0,clay,2023,R32,camilo ugo carabelli,daniel elahi galan,0.3120273053646087,1,ugo carabelli c,elahi galan d,clay
2023-506_14.0,clay,2023,R16,roberto carballes baena,tomas martin etcheverry,0.6470967531204224,0,carballes baena r,martin etcheverry t,clay
2023-506_16.0,clay,2023,R16,dominic thiem,juan pablo varillas,0.6208907961845398,0,thiem d,pablo varillas j,clay
2023-506_2.0,clay,2023,R32,hugo dellien,tomas martin etcheverry,0.5908640027046204,0,dellien h,martin etcheverry t,clay
2023-506_21.0,clay,2023,QF,cameron norrie,tomas martin etcheverry,0.7692541480064392,1,norrie c,martin etcheverry t,clay
2023-506_22.0,clay,2023,QF,juan pablo varillas,lorenzo musetti,0.2007802873849868,1,pablo varillas j,musetti l,clay
2023-506_25.0,clay,2023,SF,cameron norrie,juan pablo varillas,0.6779407858848572,1,norrie c,pablo varillas j,clay
2023-506_5.0,clay,2023,R32,joao sousa,juan pablo varillas,0.2589682936668396,0,sousa j,pablo varillas j,clay
2023-520_102.0,clay,2023,R32,hubert hurkacz,juan pablo varillas,0.6539096236228943,0,hurkacz h,pablo varillas j,clay
2023-520_105.0,clay,2023,R32,genaro alberto olivieri,holger rune,0.1148885786533355,0,alberto olivieri g,rune h,clay
2023-520_111.0,clay,2023,R32,borna coric,tomas martin etcheverry,0.5693112015724182,0,coric b,martin etcheverry t,clay
2023-520_115.0,clay,2023,R16,juan pablo varillas,novak djokovic,0.0948486253619194,0,pablo varillas j,djokovic n,clay
2023-520_120.0,clay,2023,R16,tomas martin etcheverry,yoshihito nishioka,0.5898096561431885,1,martin etcheverry t,nishioka y,clay
2023-520_124.0,clay,2023,QF,alexander zverev,tomas martin etcheverry,0.6860013008117676,1,zverev a,martin etcheverry t,clay
2023-520_2.0,clay,2023,R128,christopher o'connell,taro daniel,0.6412251591682434,0,oconnell c,daniel t,clay
2023-520_21.0,clay,2023,R128,roberto bautista agut,yibing wu,0.3300413191318512,1,bautista agut r,yibing w,clay
2023-520_22.0,clay,2023,R128,juan pablo varillas,juncheng shang,0.7514875531196594,1,pablo varillas j,shang j,clay
2023-520_3.0,clay,2023,R128,daniel elahi galan,matteo arnaldi,0.2951262593269348,0,elahi galan d,arnaldi m,clay
2023-520_35.0,clay,2023,R128,genaro alberto olivieri,giovanni mpetshi perricard,0.3971284925937652,1,alberto olivieri g,mpetshi perricard g,clay
2023-520_45.0,clay,2023,R128,botic van de zandschulp,thiago agustin tirante,0.751867949962616,0,de zandschulp b,agustin tirante t,clay
2023-520_59.0,clay,2023,R128,jack draper,tomas martin etcheverry,0.6877212524414062,0,draper j,martin etcheverry t,clay
2023-520_75.0,clay,2023,R64,juan pablo varillas,roberto bautista agut,0.4515719413757324,1,pablo varillas j,bautista agut r,clay
2023-520_82.0,clay,2023,R64,andrea vavassori,genaro alberto olivieri,0.5073590874671936,0,vavassori a,alberto olivieri g,clay
2023-520_87.0,clay,2023,R64,thiago agustin tirante,zhizhen zhang,0.4232325553894043,0,agustin tirante t,zhang z,clay
2023-520_94.0,clay,2023,R64,alex de minaur,tomas martin etcheverry,0.5401560664176941,0,de minaur a,martin etcheverry t,clay
2023-6932_1.0,clay,2023,R32,cameron norrie,juan manuel cerundolo,0.8584743142127991,1,norrie c,manuel cerundolo j,clay
2023-6932_10.0,clay,2023,R32,hugo gaston,juan pablo varillas,0.3673415184020996,0,gaston h,pablo varillas j,clay
2023-6932_15.0,clay,2023,R32,fabio fognini,tomas barrios vera,0.6536018252372742,1,fognini f,barrios vera t,clay
2023-6932_20.0,clay,2023,R16,albert ramos-vinolas,daniel elahi galan,0.5068650245666504,1,ramos-vinolas a,elahi galan d,clay
2023-6932_21.0,clay,2023,R16,juan pablo varillas,sebastian baez,0.3427938222885132,0,pablo varillas j,baez s,clay
2023-6932_7.0,clay,2023,R32,daniel elahi galan,pedro cachin,0.6964761018753052,1,elahi galan d,cachin p,clay
2023-6932_8.0,clay,2023,R32,albert ramos-vinolas,tomas martin etcheverry,0.6668109893798828,1,ramos-vinolas a,martin etcheverry t,clay
2023-717_1.0,clay,2023,F,frances tiafoe,tomas martin etcheverry,0.6697403192520142,1,tiafoe f,martin etcheverry t,clay
2023-717_12.0,clay,2023,R16,max purcell,tomas martin etcheverry,0.3026354908943176,0,purcell m,martin etcheverry t,clay
2023-717_17.0,clay,2023,R32,daniel elahi galan,zhizhen zhang,0.5720832347869873,1,elahi galan d,zhang z,clay
2023-717_22.0,clay,2023,R32,juan manuel cerundolo,tomas martin etcheverry,0.3337295651435852,0,manuel cerundolo j,martin etcheverry t,clay
2023-717_3.0,clay,2023,SF,tomas martin etcheverry,yannick hanfmann,0.5923750996589661,1,martin etcheverry t,hanfmann y,clay
2023-717_6.0,clay,2023,QF,cristian garin,tomas martin etcheverry,0.3571662306785583,0,garin c,martin etcheverry t,clay
2023-717_9.0,clay,2023,R16,daniel elahi galan,jason kubler,0.379844069480896,0,elahi galan d,kubler j,clay
2023-7694_1.0,clay,2023,R32,alvaro lopez san martin,david goffin,0.3705849349498749,0,san martin a,goffin d,clay
2023-7694_15.0,clay,2023,R16,francisco cerundolo,juan pablo varillas,0.7067874670028687,1,cerundolo f,pablo varillas j,clay
2023-7694_4.0,clay,2023,R32,albert ramos-vinolas,juan pablo varillas,0.4547542035579681,0,ramos-vinolas a,pablo varillas j,clay
2023-8996_1.0,clay,2023,F,nicolas jarry,tomas martin etcheverry,0.706892192363739,1,jarry n,martin etcheverry t,clay
2023-8996_14.0,clay,2023,R16,dusan lajovic,juan manuel cerundolo,0.5052680969238281,1,lajovic d,manuel cerundolo j,clay
2023-8996_15.0,clay,2023,R16,francisco cerundolo,tomas martin etcheverry,0.6964000463485718,0,cerundolo f,martin etcheverry t,clay
2023-8996_19.0,clay,2023,R32,juan pablo varillas,nicolas jarry,0.3177784383296966,0,pablo varillas j,jarry n,clay
2023-8996_23.0,clay,2023,R32,daniel elahi galan,riccardo bonadio,0.6422591209411621,0,elahi galan d,bonadio r,clay
2023-8996_25.0,clay,2023,R32,juan manuel cerundolo,pedro cachin,0.683635950088501,1,manuel cerundolo j,cachin p,clay
2023-8996_27.0,clay,2023,R32,fabio fognini,tomas martin etcheverry,0.3772476315498352,0,fognini f,martin etcheverry t,clay
2023-8996_3.0,clay,2023,SF,sebastian baez,tomas martin etcheverry,0.5920210480690002,0,baez s,martin etcheverry t,clay
2023-8996_7.0,clay,2023,QF,dusan lajovic,tomas martin etcheverry,0.5873625874519348,0,lajovic d,martin etcheverry t,clay
2023-9158_12.0,clay,2023,R32,juan manuel cerundolo,pablo andujar,0.3520771861076355,1,manuel cerundolo j,andujar p,clay
2023-9158_17.0,clay,2023,R16,bernabe zapata miralles,tomas barrios vera,0.7248066663742065,0,zapata miralles b,barrios vera t,clay
2023-9158_20.0,clay,2023,R16,diego schwartzman,juan manuel cerundolo,0.3457199037075043,0,schwartzman d,manuel cerundolo j,clay
2023-9158_23.0,clay,2023,QF,sebastian baez,tomas barrios vera,0.7308662533760071,1,baez s,barrios vera t,clay
2023-9158_24.0,clay,2023,QF,hugo dellien,juan manuel cerundolo,0.2462657690048217,1,dellien h,manuel cerundolo j,clay
2023-9158_4.0,clay,2023,R32,dusan lajovic,juan pablo varillas,0.3712612390518188,1,lajovic d,pablo varillas j,clay
2023-9158_5.0,clay,2023,R32,joao sousa,tomas martin etcheverry,0.6673170924186707,1,sousa j,martin etcheverry t,clay
2023-9158_8.0,clay,2023,R32,daniel elahi galan,tomas barrios vera,0.3820753693580627,0,elahi galan d,barrios vera t,clay
2023-M-DC-2023-QLS-M-CZE-POR-01_1.0,clay,2023,RR,jiri lehecka,nuno borges,0.681272029876709,1,lehecka j,borges n,clay
2023-M-DC-2023-QLS-M-CZE-POR-01_2.0,clay,2023,RR,joao sousa,tomas machac,0.3724933862686157,0,sousa j,machac t,clay
2023-M-DC-2023-QLS-M-CZE-POR-01_3.0,clay,2023,RR,jiri lehecka,joao sousa,0.787479817867279,1,lehecka j,sousa j,clay
2023-M-DC-2023-QLS-M-GBR-COL-01_1.0,clay,2023,RR,daniel evans,nicolas mejia,0.7746559977531433,0,evans d,mejia n,clay
2023-M-DC-2023-QLS-M-GBR-COL-01_2.0,clay,2023,RR,cameron norrie,nicolas barrientos,0.9465357661247252,1,norrie c,barrientos n,clay
2023-M-DC-2023-QLS-M-GBR-COL-01_3.0,clay,2023,RR,cameron norrie,nicolas mejia,0.8509929180145264,1,norrie c,mejia n,clay
2023-M-DC-2023-QLS-M-KAZ-CHI-01_1.0,clay,2023,RR,cristian garin,timofey skatov,0.7554291486740112,0,garin c,skatov t,clay
2023-M-DC-2023-QLS-M-KAZ-CHI-01_3.0,clay,2023,RR,alexander bublik,cristian garin,0.4857701659202575,0,bublik a,garin c,clay
2023-M-DC-2023-WG1-M-ARG-LTU-01_1.0,clay,2023,RR,francisco cerundolo,vilius gaubas,0.8790643215179443,1,cerundolo f,gaubas v,clay
2023-M-DC-2023-WG1-M-ARG-LTU-01_2.0,clay,2023,RR,ricardas berankis,sebastian baez,0.102411925792694,0,berankis r,baez s,clay
2023-M-DC-2023-WG1-M-ARG-LTU-01_3.0,clay,2023,RR,edas butvilas,tomas martin etcheverry,0.1605207175016403,0,butvilas e,martin etcheverry t,clay
2023-M-DC-2023-WG1-M-BIH-GER-01_1.0,clay,2023,RR,daniel altmaier,nerman fatic,0.7353123426437378,1,altmaier d,fatic n,clay
2023-M-DC-2023-WG1-M-BIH-GER-01_2.0,clay,2023,RR,damir dzumhur,yannick hanfmann,0.2381443679332733,0,dzumhur d,hanfmann y,clay
2023-M-DC-2023-WG1-M-BIH-GER-01_3.0,clay,2023,RR,andrej nedic,maximilian marterer,0.2047446966171264,0,nedic a,marterer m,clay
2023-M-DC-2023-WG1-M-BUL-KAZ-01_1.0,clay,2023,RR,dimitar kuzmanov,timofey skatov,0.3110618591308594,0,kuzmanov d,skatov t,clay
2023-M-DC-2023-WG1-M-BUL-KAZ-01_2.0,clay,2023,RR,alexander bublik,yanaki milev,0.6834398508071899,1,bublik a,milev y,clay
2023-M-DC-2023-WG1-M-BUL-KAZ-01_3.0,clay,2023,RR,alexander bublik,dimitar kuzmanov,0.7028939723968506,1,bublik a,kuzmanov d,clay
2023-M-DC-2023-WG1-M-PER-NOR-01_1.0,clay,2023,RR,gonzalo bueno,viktor durasovic,0.651396632194519,0,bueno g,durasovic v,clay
2023-M-DC-2023-WG1-M-PER-NOR-01_2.0,clay,2023,RR,juan pablo varillas,nicolai budkov kjaer,0.9459987282752992,1,pablo varillas j,budkov kjaer n,clay
2023-M-DC-2023-WG1-M-PER-NOR-01_3.0,clay,2023,RR,juan pablo varillas,viktor durasovic,0.7138899564743042,1,pablo varillas j,durasovic v,clay
2023-M-DC-2023-WG1-M-PER-NOR-01_4.0,clay,2023,RR,ignacio buse,nicolai budkov kjaer,0.835919976234436,1,buse i,budkov kjaer n,clay
2023-M-DC-2023-WG2-M-ESA-IRL-01_1.0,clay,2023,RR,cesar cruz,conor gannon,0.3505039811134338,0,cruz c,gannon c,clay
2023-M-DC-2023-WG2-M-ESA-IRL-01_2.0,clay,2023,RR,marcelo arevalo,osgar o'hoisin,0.2009791731834411,1,arevalo m,ohoisin o,clay
2023-M-DC-2023-WG2-M-ESA-IRL-01_3.0,clay,2023,RR,diego duran,osgar o'hoisin,0.1165988594293594,0,duran d,ohoisin o,clay
2023-M-DC-2023-WG2-M-ESA-IRL-01_4.0,clay,2023,RR,atilio jose flores,freddy murray,0.3965413570404053,0,jose flores a,murray f,clay
2023-M-DC-2023-WG2-M-LBN-JAM-01_1.0,clay,2023,RR,benjamin hassan,rowland phillips,0.8719554543495178,1,hassan b,phillips r,clay
2023-M-DC-2023-WG2-M-LBN-JAM-01_2.0,clay,2023,RR,blaise bicknell,hady habib,0.5185078382492065,0,bicknell b,habib h,clay
2023-M-DC-2023-WG2-M-LBN-JAM-01_3.0,clay,2023,RR,daniel azar,mustapha el natour,0.4536574482917785,0,azar d,el natour m,clay
2023-M-DC-2023-WG2-M-MEX-CHN-01_1.0,clay,2023,RR,fajing sun,rodrigo pacheco mendez,0.7112849950790405,0,fajing s,pacheco mendez r,clay
2023-M-DC-2023-WG2-M-MEX-CHN-01_2.0,clay,2023,RR,ernesto escobedo,rigele te,0.5985886454582214,0,escobedo e,rigele t,clay
2023-M-DC-2023-WG2-M-MEX-CHN-01_3.0,clay,2023,RR,ernesto escobedo,yi zhou,0.7140112519264221,1,escobedo e,zhou y,clay
2023-M-DC-2023-WG2-M-MON-ECU-01_1.0,clay,2023,RR,alvaro guillen meza,valentin vacherot,0.3359604775905609,1,guillen meza a,vacherot v,clay
2023-M-DC-2023-WG2-M-MON-ECU-01_2.0,clay,2023,RR,emilio gomez,lucas catarina,0.7311441898345947,0,gomez e,catarina l,clay
2023-M-DC-2023-WG2-M-MON-ECU-01_3.0,clay,2023,RR,emilio gomez,valentin vacherot,0.4791394472122192,1,gomez e,vacherot v,clay
2023-M-DC-2023-WG2-M-SLO-LUX-01_1.0,clay,2023,RR,alex knaff,bor artnak,0.4628479182720184,1,knaff a,artnak b,clay
2023-M-DC-2023-WG2-M-SLO-LUX-01_2.0,clay,2023,RR,blaz rola,chris rodesch,0.3937056362628937,1,rola b,rodesch c,clay
2023-M-DC-2023-WG2-M-SLO-LUX-01_3.0,clay,2023,RR,alex knaff,blaz rola,0.6085700988769531,0,knaff a,rola b,clay
2023-M-DC-2023-WG2-M-SLO-LUX-01_4.0,clay,2023,RR,bor artnak,chris rodesch,0.5026922225952148,0,artnak b,rodesch c,clay
2023-M-DC-2023-WG2-M-URU-EGY-01_1.0,clay,2023,RR,ignacio carou,mohamed safwat,0.2420198321342468,0,carou i,safwat m,clay
2023-M-DC-2023-WG2-M-URU-EGY-01_2.0,clay,2023,RR,franco roncadelli,karim-mohamed maamoun,0.3506907820701599,0,roncadelli f,maamoun k,clay
2023-M-DC-2023-WG2-M-URU-EGY-01_3.0,clay,2023,RR,amr elsayed abdou ah mohamed,joaquin  aguilar cardozo,0.3122915923595428,0,ah mohamed a,aguilar cardozo j,clay
2023-311_12.0,grass,2023,R32,botic van de zandschulp,frances tiafoe,0.2868614494800567,0,de zandschulp b,tiafoe f,grass
2023-315_12.0,grass,2023,R32,ethan quinn,mukund sasikumar,0.5385363698005676,1,quinn e,sasikumar m,grass
2023-315_18.0,grass,2023,R16,li tu,mackenzie mcdonald,0.2380695790052414,0,li t,mcdonald m,grass
2023-315_4.0,grass,2023,R32,steve johnson,yun seong chung,0.6740120053291321,1,johnson s,seong chung y,grass
2023-315_9.0,grass,2023,R32,aleksandar vukic,li tu,0.6060848236083984,0,vukic a,li t,grass
2023-321_14.0,grass,2023,R16,marton fucsovics,yibing wu,0.5570761561393738,1,fucsovics m,yibing w,grass
2023-321_17.0,grass,2023,R16,christopher o'connell,lorenzo sonego,0.3097156584262848,1,oconnell c,sonego l,grass
2023-321_23.0,grass,2023,QF,christopher o'connell,hubert hurkacz,0.326774388551712,0,oconnell c,hurkacz h,grass
2023-321_3.0,grass,2023,R32,nick kyrgios,yibing wu,0.8786019086837769,0,kyrgios n,yibing w,grass
2023-321_8.0,grass,2023,R32,christopher o'connell,daniel altmaier,0.6104714870452881,1,oconnell c,altmaier d,grass
2023-440_11.0,grass,2023,R32,giovanni mpetshi perricard,jordan thompson,0.4375993609428406,0,mpetshi perricard g,thompson j,grass
2023-500_12.0,grass,2023,R32,andrey rublev,yibing wu,0.8366902470588684,1,rublev a,yibing w,grass
2023-540_103.0,grass,2023,R32,christopher eubanks,christopher o'connell,0.527656078338623,1,eubanks c,oconnell c,grass
2023-540_106.0,grass,2023,R32,daniel elahi galan,mikael ymer,0.3115672767162323,1,elahi galan d,ymer m,grass
2023-540_117.0,grass,2023,R16,daniel elahi galan,jannik sinner,0.1208041459321975,0,elahi galan d,sinner j,grass
2023-540_14.0,grass,2023,R128,botic van de zandschulp,zhizhen zhang,0.5585144758224487,1,de zandschulp b,zhang z,grass
2023-540_27.0,grass,2023,R128,christopher o'connell,hamad medjedovic,0.7320010662078857,1,oconnell c,medjedovic h,grass
2023-540_33.0,grass,2023,R128,jannik sinner,juan manuel cerundolo,0.8956928849220276,1,sinner j,manuel cerundolo j,grass
2023-540_37.0,grass,2023,R128,daniel elahi galan,yoshihito nishioka,0.2152221798896789,1,elahi galan d,nishioka y,grass
2023-540_51.0,grass,2023,R128,sebastian baez,tomas barrios vera,0.7012009024620056,0,baez s,barrios vera t,grass
2023-540_57.0,grass,2023,R128,juan pablo varillas,lorenzo musetti,0.2832967340946197,0,pablo varillas j,musetti l,grass
2023-540_61.0,grass,2023,R128,bernabe zapata miralles,tomas martin etcheverry,0.403961181640625,0,zapata miralles b,martin etcheverry t,grass
2023-540_71.0,grass,2023,R64,alejandro davidovich fokina,botic van de zandschulp,0.5996321439743042,1,davidovich fokina a,de zandschulp b,grass
2023-540_78.0,grass,2023,R64,christopher o'connell,jiri vesely,0.5434457063674927,1,oconnell c,vesely j,grass
2023-540_83.0,grass,2023,R64,daniel elahi galan,oscar otte,0.4992572367191314,1,elahi galan d,otte o,grass
2023-540_9.0,grass,2023,R128,frances tiafoe,yibing wu,0.8028342723846436,1,tiafoe f,yibing w,grass
2023-540_90.0,grass,2023,R64,david goffin,tomas barrios vera,0.6514804363250732,1,goffin d,barrios vera t,grass
2023-540_95.0,grass,2023,R64,stan wawrinka,tomas martin etcheverry,0.577595055103302,1,wawrinka s,martin etcheverry t,grass
2023-741_10.0,grass,2023,R32,botic van de zandschulp,mikael ymer,0.5922500491142273,0,de zandschulp b,ymer m,grass
2023-741_3.0,grass,2023,R32,j.j. wolf,tomas martin etcheverry,0.4116114974021911,1,wolf j,martin etcheverry t,grass
2023-741_6.0,grass,2023,R32,miomir kecmanovic,yibing wu,0.5186612010002136,1,kecmanovic m,yibing w,grass
2023-741_8.0,grass,2023,R32,daniel elahi galan,maxime cressy,0.4413460493087768,0,elahi galan d,cressy m,grass
2023-8994_1.0,grass,2023,R32,li tu,pavel kotov,0.4087085425853729,0,li t,kotov p,grass
2023-8994_8.0,grass,2023,R32,christopher o'connell,corentin moutet,0.5510661005973816,0,oconnell c,moutet c,grass
2023-M-DC-2023-WG2-M-PAK-INA-01_1.0,grass,2023,RR,aqeel khan,gunawan trismuwantara,0.5123448371887207,1,khan a,trismuwantara g,grass
2023-M-DC-2023-WG2-M-PAK-INA-01_2.0,grass,2023,RR,aisam-ul-haq qureshi,david agung susanto,0.6900081634521484,1,qureshi a,agung susanto d,grass
2023-M-DC-2023-WG2-M-PAK-INA-01_3.0,grass,2023,RR,aqeel khan,david agung susanto,0.6574716567993164,1,khan a,agung susanto d,grass
2023-M-DC-2023-WG2-M-PAK-INA-01_4.0,grass,2023,RR,gunawan trismuwantara,muhammad shoaib,0.5258814692497253,0,trismuwantara g,shoaib m,grass
2023-2843_11.0,hard,2023,R32,christopher o'connell,miomir kecmanovic,0.1840716898441314,0,oconnell c,kecmanovic m,hard
2023-2843_3.0,hard,2023,R32,daniel elahi galan,mackenzie mcdonald,0.3125019967556,0,elahi galan d,mcdonald m,hard
2023-328_11.0,hard,2023,R32,botic van de zandschulp,roberto bautista agut,0.4846239686012268,1,de zandschulp b,bautista agut r,hard
2023-328_14.0,hard,2023,R32,sebastian korda,tomas martin etcheverry,0.6506187319755554,0,korda s,martin etcheverry t,hard
2023-328_16.0,hard,2023,R32,christopher o'connell,sebastian baez,0.3895969092845917,0,oconnell c,baez s,hard
2023-328_22.0,hard,2023,R16,botic van de zandschulp,felix auger-aliassime,0.3795827329158783,0,de zandschulp b,auger-aliassime f,hard
2023-328_24.0,hard,2023,R16,andy murray,tomas martin etcheverry,0.6490603685379028,0,murray a,martin etcheverry t,hard
2023-328_29.0,hard,2023,QF,holger rune,tomas martin etcheverry,0.7569308280944824,1,rune h,martin etcheverry t,hard
2023-329_15.0,hard,2023,R32,shintaro mochizuki,tomas martin etcheverry,0.5198451280593872,1,mochizuki s,martin etcheverry t,hard
2023-329_3.0,hard,2023,R32,christopher o'connell,sebastian ofner,0.4961048662662506,0,oconnell c,ofner s,hard
2023-341_2.0,hard,2023,R32,botic van de zandschulp,luca van assche,0.6047366857528687,0,de zandschulp b,van assche l,hard
2023-352_14.0,hard,2023,R64,adrian mannarino,botic van de zandschulp,0.6429835557937622,0,mannarino a,de zandschulp b,hard
2023-352_24.0,hard,2023,R64,miomir kecmanovic,tomas martin etcheverry,0.502824068069458,0,kecmanovic m,martin etcheverry t,hard
2023-352_34.0,hard,2023,R32,botic van de zandschulp,tommy paul,0.3604937493801117,1,de zandschulp b,paul t,hard
2023-352_38.0,hard,2023,R32,daniel altmaier,taylor fritz,0.1507602483034134,1,altmaier d,fritz t,hard
2023-352_40.0,hard,2023,R32,novak djokovic,tomas martin etcheverry,0.8770913481712341,1,djokovic n,martin etcheverry t,hard
2023-352_45.0,hard,2023,R16,andrey rublev,botic van de zandschulp,0.7900694012641907,1,rublev a,de zandschulp b,hard
2023-403_1.0,hard,2023,R128,christopher o'connell,richard gasquet,0.2421866357326507,0,oconnell c,gasquet r,hard
2023-403_11.0,hard,2023,R128,daniel elahi galan,mackenzie mcdonald,0.2317587584257125,0,elahi galan d,mcdonald m,hard
2023-403_26.0,hard,2023,R128,kyle edmund,yibing wu,0.2651452720165252,0,edmund k,yibing w,hard
2023-403_27.0,hard,2023,R128,guido pella,juan pablo varillas,0.4470398128032684,1,pella g,pablo varillas j,hard
2023-403_36.0,hard,2023,R64,karen khachanov,tomas martin etcheverry,0.6443689465522766,1,khachanov k,martin etcheverry t,hard
2023-403_4.0,hard,2023,R128,pavel kotov,tomas martin etcheverry,0.3239974081516266,0,kotov p,martin etcheverry t,hard
2023-403_55.0,hard,2023,R64,alexei popyrin,botic van de zandschulp,0.5754533410072327,0,popyrin a,de zandschulp b,hard
2023-403_58.0,hard,2023,R64,diego schwartzman,yibing wu,0.2441418766975402,1,schwartzman d,yibing w,hard
2023-403_76.0,hard,2023,R32,botic van de zandschulp,casper ruud,0.366206020116806,1,de zandschulp b,ruud c,hard
2023-403_86.0,hard,2023,R16,botic van de zandschulp,emil ruusuvuori,0.523521900177002,0,de zandschulp b,ruusuvuori e,hard
2023-404_10.0,hard,2023,R128,cristian garin,daniel elahi galan,0.5271208882331848,1,garin c,elahi galan d,hard
2023-404_11.0,hard,2023,R128,jaume munar,yibing wu,0.540936291217804,0,munar j,yibing w,hard
2023-404_29.0,hard,2023,R128,andy murray,tomas martin etcheverry,0.6552799344062805,1,murray a,martin etcheverry t,hard
2023-404_37.0,hard,2023,R64,cameron norrie,tung-lin wu,0.7208153009414673,1,norrie c,tung-lin w,hard
2023-404_43.0,hard,2023,R64,alejandro davidovich fokina,yibing wu,0.6065566539764404,1,davidovich fokina a,yibing w,hard
2023-404_47.0,hard,2023,R64,botic van de zandschulp,ilya ivashka,0.4728306233882904,0,de zandschulp b,ivashka i,hard
2023-404_5.0,hard,2023,R128,alexander bublik,tung-lin wu,0.8183331489562988,0,bublik a,tung-lin w,hard
2023-407_20.0,hard,2023,R16,botic van de zandschulp,daniil medvedev,0.203235313296318,0,de zandschulp b,medvedev d,hard
2023-407_7.0,hard,2023,R32,botic van de zandschulp,quentin halys,0.4769603610038757,1,de zandschulp b,halys q,hard
2023-418_5.0,hard,2023,R64,yibing wu,yosuke watanuki,0.3593198359012604,0,yibing w,watanuki y,hard
2023-421_17.0,hard,2023,R64,sebastian korda,tomas martin etcheverry,0.7610766291618347,1,korda s,martin etcheverry t,hard
2023-422_1.0,hard,2023,R64,alejandro davidovich fokina,tomas martin etcheverry,0.8192067742347717,1,davidovich fokina a,martin etcheverry t,hard
2023-424_18.0,hard,2023,R16,denis shapovalov,yibing wu,0.5732349753379822,0,shapovalov d,yibing w,hard
2023-424_23.0,hard,2023,QF,adrian mannarino,yibing wu,0.6044412851333618,0,mannarino a,yibing w,hard
2023-424_26.0,hard,2023,SF,taylor fritz,yibing wu,0.8399291038513184,0,fritz t,yibing w,hard
2023-424_27.0,hard,2023,F,john isner,yibing wu,0.6563279628753662,0,isner j,yibing w,hard
2023-424_6.0,hard,2023,R32,chun-hsin tseng,john isner,0.218764841556549,0,tseng c,isner j,hard
2023-424_9.0,hard,2023,R32,michael mmoh,yibing wu,0.5238425135612488,0,mmoh m,yibing w,hard
2023-451_16.0,hard,2023,R16,christopher o'connell,roberto bautista agut,0.232980728149414,1,oconnell c,bautista agut r,hard
2023-451_17.0,hard,2023,R16,alexandre muller,botic van de zandschulp,0.2306717485189438,1,muller a,de zandschulp b,hard
2023-451_22.0,hard,2023,QF,christopher o'connell,daniil medvedev,0.0689058527350425,0,oconnell c,medvedev d,hard
2023-451_5.0,hard,2023,R32,christopher o'connell,fernando verdasco,0.3584608435630798,1,oconnell c,verdasco f,hard
2023-451_7.0,hard,2023,R32,botic van de zandschulp,ilya ivashka,0.570051372051239,1,de zandschulp b,ivashka i,hard
2023-495_12.0,hard,2023,R16,alexander zverev,christopher o'connell,0.7976620197296143,1,zverev a,oconnell c,hard
2023-495_14.0,hard,2023,R16,botic van de zandschulp,mikael ymer,0.5288460850715637,1,de zandschulp b,ymer m,hard
2023-495_25.0,hard,2023,R32,christopher o'connell,emil ruusuvuori,0.3496323525905609,1,oconnell c,ruusuvuori e,hard
2023-495_28.0,hard,2023,R32,botic van de zandschulp,karen khachanov,0.4285214245319366,1,de zandschulp b,khachanov k,hard
2023-495_7.0,hard,2023,QF,andrey rublev,botic van de zandschulp,0.7431679368019104,1,rublev a,de zandschulp b,hard
2023-499_12.0,hard,2023,R32,emilio gomez,tung-lin wu,0.6748796105384827,1,gomez e,tung-lin w,hard
2023-5014_11.0,hard,2023,R128,max purcell,yu hsiou hsu,0.7515144348144531,0,purcell m,yu hsiou h,hard
2023-5014_2.0,hard,2023,R128,miomir kecmanovic,yunchaokete bu,0.816971480846405,0,kecmanovic m,yunchaokete b,hard
2023-5014_20.0,hard,2023,R128,juan pablo varillas,sebastian ofner,0.4582492411136627,0,pablo varillas j,ofner s,hard
2023-5014_23.0,hard,2023,R128,botic van de zandschulp,christopher o'connell,0.6597910523414612,1,de zandschulp b,oconnell c,hard
2023-5014_34.0,hard,2023,R64,sebastian korda,yunchaokete bu,0.7301540970802307,1,korda s,yunchaokete b,hard
2023-5014_42.0,hard,2023,R64,tomas martin etcheverry,zhizhen zhang,0.6543127298355103,0,martin etcheverry t,zhang z,hard
2023-5014_43.0,hard,2023,R64,lorenzo musetti,yu hsiou hsu,0.7087080478668213,0,musetti l,yu hsiou h,hard
2023-5014_55.0,hard,2023,R64,botic van de zandschulp,ugo humbert,0.5122243762016296,0,de zandschulp b,humbert u,hard
2023-5014_6.0,hard,2023,R128,jaume munar,rigele te,0.6087175607681274,1,munar j,rigele t,hard
2023-5014_70.0,hard,2023,R32,hubert hurkacz,yu hsiou hsu,0.8236582279205322,1,hurkacz h,yu hsiou h,hard
2023-5014_8.0,hard,2023,R128,daniel elahi galan,marcos giron,0.2596448361873626,0,elahi galan d,giron m,hard
2023-560_13.0,hard,2023,R128,otto virtanen,tomas martin etcheverry,0.2547774016857147,0,virtanen o,martin etcheverry t,hard
2023-560_15.0,hard,2023,R128,lorenzo sonego,nicolas moreno de alboran,0.542487382888794,1,sonego l,de alboran n,hard
2023-560_18.0,hard,2023,R128,christopher o'connell,max purcell,0.3170197010040283,1,oconnell c,purcell m,hard
2023-560_23.0,hard,2023,R128,dusan lajovic,yibing wu,0.7277575135231018,0,lajovic d,yibing w,hard
2023-560_3.0,hard,2023,R128,botic van de zandschulp,jordan thompson,0.6424240469932556,1,de zandschulp b,thompson j,hard
2023-560_4.0,hard,2023,R128,daniel elahi galan,daniel evans,0.576592743396759,0,elahi galan d,evans d,hard
2023-560_43.0,hard,2023,R128,ilya ivashka,juan manuel cerundolo,0.6004267334938049,0,ivashka i,manuel cerundolo j,hard
2023-560_55.0,hard,2023,R128,juan pablo varillas,miomir kecmanovic,0.4494119584560394,1,pablo varillas j,kecmanovic m,hard
2023-560_66.0,hard,2023,R64,botic van de zandschulp,daniel evans,0.4802712798118591,0,de zandschulp b,evans d,hard
2023-560_68.0,hard,2023,R64,cameron norrie,yu hsiou hsu,0.8235083222389221,1,norrie c,yu hsiou h,hard
2023-560_7.0,hard,2023,R128,thanasi kokkinakis,yu hsiou hsu,0.8127647638320923,0,kokkinakis t,yu hsiou h,hard
2023-560_71.0,hard,2023,R64,stan wawrinka,tomas martin etcheverry,0.7278831005096436,1,wawrinka s,martin etcheverry t,hard
2023-560_73.0,hard,2023,R64,christopher o'connell,daniil medvedev,0.0933081284165382,0,oconnell c,medvedev d,hard
2023-560_76.0,hard,2023,R64,alex de minaur,yibing wu,0.7962494492530823,1,de minaur a,yibing w,hard
2023-560_86.0,hard,2023,R64,alejandro davidovich fokina,juan manuel cerundolo,0.7619873881340027,1,davidovich fokina a,manuel cerundolo j,hard
2023-560_92.0,hard,2023,R64,juan pablo varillas,taylor fritz,0.1186713054776191,0,pablo varillas j,fritz t,hard
2023-580_20.0,hard,2023,R128,botic van de zandschulp,ilya ivashka,0.6094468832015991,1,de zandschulp b,ivashka i,hard
2023-580_23.0,hard,2023,R128,gregoire barrere,tomas martin etcheverry,0.6081683039665222,0,barrere g,martin etcheverry t,hard
2023-580_30.0,hard,2023,R128,corentin moutet,yibing wu,0.8080998063087463,1,moutet c,yibing w,hard
2023-580_35.0,hard,2023,R128,daniel elahi galan,jeremy chardy,0.7635776996612549,0,elahi galan d,chardy j,hard
2023-580_44.0,hard,2023,R128,alex de minaur,yu hsiou hsu,0.7905933260917664,1,de minaur a,yu hsiou h,hard
2023-580_50.0,hard,2023,R128,alexei popyrin,chun-hsin tseng,0.7357659339904785,1,popyrin a,tseng c,hard
2023-580_56.0,hard,2023,R128,alexander zverev,juan pablo varillas,0.9126019477844238,1,zverev a,pablo varillas j,hard
2023-580_63.0,hard,2023,R128,christopher o'connell,jenson brooksby,0.2989243268966675,0,oconnell c,brooksby j,hard
2023-580_74.0,hard,2023,R64,botic van de zandschulp,tallon griekspoor,0.6363910436630249,0,de zandschulp b,griekspoor t,hard
2023-580_76.0,hard,2023,R64,jannik sinner,tomas martin etcheverry,0.856532096862793,1,sinner j,martin etcheverry t,hard
2023-6116_12.0,hard,2023,R32,corentin moutet,yibing wu,0.3780959546566009,0,moutet c,yibing w,hard
2023-6116_20.0,hard,2023,R16,taylor fritz,yibing wu,0.7942152619361877,1,fritz t,yibing w,hard
2023-6242_11.0,hard,2023,R64,alex michelsen,juan pablo varillas,0.3150978088378906,1,michelsen a,pablo varillas j,hard
2023-6242_14.0,hard,2023,R64,juan manuel cerundolo,roman safiullin,0.2128679007291793,1,manuel cerundolo j,safiullin r,hard
2023-6242_18.0,hard,2023,R32,andrey kuznetsov,max purcell,0.2119109630584716,0,kuznetsov a,purcell m,hard
2023-6242_25.0,hard,2023,R32,daniel elahi galan,sebastian baez,0.6876939535140991,0,elahi galan d,baez s,hard
2023-6242_29.0,hard,2023,R32,botic van de zandschulp,omni kumar,0.5700979828834534,0,de zandschulp b,kumar o,hard
2023-6242_30.0,hard,2023,R32,juan manuel cerundolo,yannick hanfmann,0.5275568962097168,1,manuel cerundolo j,hanfmann y,hard
2023-6242_39.0,hard,2023,R16,juan manuel cerundolo,omni kumar,0.6608304381370544,1,manuel cerundolo j,kumar o,hard
2023-6242_44.0,hard,2023,QF,borna coric,juan manuel cerundolo,0.749315619468689,1,coric b,manuel cerundolo j,hard
2023-6242_9.0,hard,2023,R64,daniel elahi galan,radu albot,0.4934346675872803,1,elahi galan d,albot r,hard
2023-7434_14.0,hard,2023,R16,christopher o'connell,sebastian ofner,0.4866802096366882,0,oconnell c,ofner s,hard
2023-7434_2.0,hard,2023,R32,christopher o'connell,hamad medjedovic,0.6448883414268494,1,oconnell c,medjedovic h,hard
2023-7434_5.0,hard,2023,R32,jurij rodionov,nicolas moreno de alboran,0.7137231826782227,1,rodionov j,de alboran n,hard
2023-747_14.0,hard,2023,R32,lloyd harris,tomas martin etcheverry,0.5007006525993347,0,harris l,martin etcheverry t,hard
2023-747_23.0,hard,2023,R16,casper ruud,tomas martin etcheverry,0.7635677456855774,1,ruud c,martin etcheverry t,hard
2023-7480_16.0,hard,2023,R16,alex de minaur,thiago agustin tirante,0.8251684308052063,1,de minaur a,agustin tirante t,hard
2023-7480_3.0,hard,2023,R32,dominik koepfer,tomas barrios vera,0.7647598385810852,1,koepfer d,barrios vera t,hard
2023-7480_5.0,hard,2023,R32,gonzalo lama,thiago agustin tirante,0.2930497229099273,0,lama g,agustin tirante t,hard
2023-7485_12.0,hard,2023,R32,botic van de zandschulp,dominic stricker,0.7094640135765076,1,de zandschulp b,stricker d,hard
2023-7485_16.0,hard,2023,R16,david goffin,giovanni mpetshi perricard,0.64570552110672,0,goffin d,mpetshi perricard g,hard
2023-7485_17.0,hard,2023,R16,alexander shevchenko,juan pablo varillas,0.4628718197345733,0,shevchenko a,pablo varillas j,hard
2023-7485_20.0,hard,2023,R16,botic van de zandschulp,stefanos tsitsipas,0.4765979051589966,0,de zandschulp b,tsitsipas s,hard
2023-7485_22.0,hard,2023,QF,alexander bublik,giovanni mpetshi perricard,0.7039656639099121,1,bublik a,mpetshi perricard g,hard
2023-7485_23.0,hard,2023,QF,arthur fils,juan pablo varillas,0.6145689487457275,1,fils a,pablo varillas j,hard
2023-7485_4.0,hard,2023,R32,daniel elahi galan,gregoire barrere,0.4333530962467193,0,elahi galan d,barrere g,hard
2023-7485_6.0,hard,2023,R32,giovanni mpetshi perricard,roberto carballes baena,0.2740551829338074,1,mpetshi perricard g,carballes baena r,hard
2023-7485_7.0,hard,2023,R32,fabian marozsan,juan pablo varillas,0.598858654499054,0,marozsan f,pablo varillas j,hard
2023-7581_11.0,hard,2023,R32,corentin moutet,tao mu,0.5673442482948303,1,moutet c,tao m,hard
2023-7581_12.0,hard,2023,R32,daniel elahi galan,pavel kotov,0.7454668879508972,0,elahi galan d,kotov p,hard
2023-7581_17.0,hard,2023,R16,christopher o'connell,taro daniel,0.4646378755569458,1,oconnell c,daniel t,hard
2023-7581_18.0,hard,2023,R16,grigor dimitrov,juan pablo varillas,0.7729769349098206,1,dimitrov g,pablo varillas j,hard
2023-7581_2.0,hard,2023,R32,arthur rinderknech,li tu,0.7870403528213501,1,rinderknech a,li t,hard
2023-7581_23.0,hard,2023,QF,christopher o'connell,grigor dimitrov,0.2559425830841064,0,oconnell c,dimitrov g,hard
2023-7581_8.0,hard,2023,R32,alibek kachmazov,christopher o'connell,0.1737279146909713,0,kachmazov a,oconnell c,hard
2023-7581_9.0,hard,2023,R32,jie cui,juan pablo varillas,0.2143820226192474,0,jie c,pablo varillas j,hard
2023-7696_1.0,hard,2023,RR,abdullah shelbayh,hamad medjedovic,0.4224113523960113,0,shelbayh a,medjedovic h,hard
2023-7696_10.0,hard,2023,RR,arthur fils,luca nardi,0.710598349571228,1,fils a,nardi l,hard
2023-7696_11.0,hard,2023,RR,arthur fils,flavio cobolli,0.4067454934120178,1,fils a,cobolli f,hard
2023-7696_13.0,hard,2023,SF,dominic stricker,hamad medjedovic,0.5552400350570679,0,stricker d,medjedovic h,hard
2023-7696_14.0,hard,2023,SF,arthur fils,luca van assche,0.6535443663597107,1,fils a,van assche l,hard
2023-7696_15.0,hard,2023,F,arthur fils,hamad medjedovic,0.6015229821205139,0,fils a,medjedovic h,hard
2023-7696_2.0,hard,2023,RR,abdullah shelbayh,alex michelsen,0.4067576229572296,1,shelbayh a,michelsen a,hard
2023-7696_3.0,hard,2023,RR,alex michelsen,hamad medjedovic,0.4596728384494781,0,michelsen a,medjedovic h,hard
2023-7696_4.0,hard,2023,RR,abdullah shelbayh,luca van assche,0.4196154475212097,0,shelbayh a,van assche l,hard
2023-7696_5.0,hard,2023,RR,hamad medjedovic,luca van assche,0.5177300572395325,1,medjedovic h,van assche l,hard
2023-7696_6.0,hard,2023,RR,alex michelsen,luca van assche,0.3482624888420105,0,michelsen a,van assche l,hard
2023-7696_7.0,hard,2023,RR,flavio cobolli,luca nardi,0.3618551790714264,0,cobolli f,nardi l,hard
2023-7696_8.0,hard,2023,RR,dominic stricker,luca nardi,0.4253825843334198,1,stricker d,nardi l,hard
2023-7696_9.0,hard,2023,RR,dominic stricker,flavio cobolli,0.6848252415657043,0,stricker d,cobolli f,hard
2023-891_1.0,hard,2023,R32,flavio cobolli,mukund sasikumar,0.662082850933075,1,cobolli f,sasikumar m,hard
2023-891_13.0,hard,2023,R16,botic van de zandschulp,flavio cobolli,0.7605855464935303,1,de zandschulp b,cobolli f,hard
2023-891_21.0,hard,2023,QF,botic van de zandschulp,maximilian marterer,0.8255529403686523,1,de zandschulp b,marterer m,hard
2023-891_25.0,hard,2023,SF,benjamin bonzi,botic van de zandschulp,0.2020490318536758,1,bonzi b,de zandschulp b,hard
2023-8998_11.0,hard,2023,R32,jason kubler,tomas martin etcheverry,0.7973700761795044,1,kubler j,martin etcheverry t,hard
2023-8998_6.0,hard,2023,R32,christopher o'connell,tommy paul,0.3834351897239685,0,oconnell c,paul t,hard
2023-8998_9.0,hard,2023,R32,benjamin bonzi,robin haase,0.691444993019104,0,bonzi b,haase r,hard
2023-9164_17.0,hard,2023,R16,dalibor svrcina,tomas martin etcheverry,0.3877211511135101,0,svrcina d,martin etcheverry t,hard
2023-9164_23.0,hard,2023,QF,sebastian korda,tomas martin etcheverry,0.5270103812217712,1,korda s,martin etcheverry t,hard
2023-9164_3.0,hard,2023,R32,andy murray,ye cong mo,0.9076860547065736,1,murray a,ye cong m,hard
2023-9164_7.0,hard,2023,R32,luke saville,tomas martin etcheverry,0.2383490204811096,0,saville l,martin etcheverry t,hard
2023-9164_8.0,hard,2023,R32,dalibor svrcina,zhe li,0.7756218314170837,1,svrcina d,zhe l,hard
2023-9210_2.0,hard,2023,RR,casper ruud,tommy paul,0.3313952088356018,1,ruud c,paul t,hard
2023-9210_3.0,hard,2023,RR,frances tiafoe,hubert hurkacz,0.5965043902397156,1,tiafoe f,hurkacz h,hard
2023-9210_4.0,hard,2023,RR,felix auger-aliassime,gael monfils,0.4740985035896301,1,auger-aliassime f,monfils g,hard
2023-9210_5.0,hard,2023,RR,alejandro davidovich fokina,francisco cerundolo,0.6038269996643066,0,davidovich fokina a,cerundolo f,hard
2023-9210_6.0,hard,2023,RR,arthur fils,ben shelton,0.6049714088439941,0,fils a,shelton b,hard
2023-9410_5.0,hard,2023,R32,dominic thiem,juan pablo varillas,0.4652402997016907,1,thiem d,pablo varillas j,hard
2023-9410_8.0,hard,2023,R32,alexander shevchenko,botic van de zandschulp,0.1905138343572616,1,shevchenko a,de zandschulp b,hard
2023-9900_1.0,hard,2023,RR,borna gojo,federico coria,0.4975952208042145,1,gojo b,coria f,hard
2023-9900_10.0,hard,2023,RR,casper ruud,matteo berrettini,0.7052007913589478,0,ruud c,berrettini m,hard
2023-9900_11.0,hard,2023,RR,felipe meligeni alves,lorenzo musetti,0.231645256280899,0,meligeni alves f,musetti l,hard
2023-9900_12.0,hard,2023,RR,matteo berrettini,thiago monteiro,0.8318818807601929,1,berrettini m,monteiro t,hard
2023-9900_13.0,hard,2023,RR,daniel evans,jason kubler,0.4679915904998779,0,evans d,kubler j,hard
2023-9900_15.0,hard,2023,RR,albert ramos-vinolas,daniel evans,0.3352028429508209,0,ramos-vinolas a,evans d,hard
2023-9900_16.0,hard,2023,RR,cameron norrie,rafael nadal,0.1318051964044571,1,norrie c,nadal r,hard
2023-9900_17.0,hard,2023,RR,albert ramos-vinolas,jason kubler,0.7621493339538574,0,ramos-vinolas a,kubler j,hard
2023-9900_18.0,hard,2023,RR,alex de minaur,rafael nadal,0.2369628846645355,1,de minaur a,nadal r,hard
2023-9900_19.0,hard,2023,RR,dalibor svrcina,oscar otte,0.6212737560272217,0,svrcina d,otte o,hard
2023-9900_2.0,hard,2023,RR,borna coric,francisco cerundolo,0.8481095433235168,1,coric b,cerundolo f,hard
2023-9900_21.0,hard,2023,RR,frances tiafoe,tomas machac,0.8560724258422852,1,tiafoe f,machac t,hard
2023-9900_23.0,hard,2023,RR,frances tiafoe,oscar otte,0.7983930706977844,1,tiafoe f,otte o,hard
2023-9900_24.0,hard,2023,RR,alexander zverev,taylor fritz,0.5455034375190735,0,zverev a,fritz t,hard
2023-9900_25.0,hard,2023,RR,marc-andrea huesler,timofey skatov,0.7837312817573547,1,huesler m,skatov t,hard
2023-9900_27.0,hard,2023,RR,daniel michalski,timofey skatov,0.5186589956283569,0,michalski d,skatov t,hard
2023-9900_29.0,hard,2023,RR,daniel michalski,marc-andrea huesler,0.2455149739980697,0,michalski d,huesler m,hard
2023-9900_3.0,hard,2023,RR,adrian mannarino,federico coria,0.7655900120735168,1,mannarino a,coria f,hard
2023-9900_30.0,hard,2023,RR,hubert hurkacz,stan wawrinka,0.7235385775566101,1,hurkacz h,wawrinka s,hard
2023-9900_31.0,hard,2023,RR,dimitar kuzmanov,zizou bergs,0.5414885878562927,1,kuzmanov d,bergs z,hard
2023-9900_32.0,hard,2023,RR,david goffin,grigor dimitrov,0.232791468501091,0,goffin d,dimitrov g,hard
2023-9900_33.0,hard,2023,RR,dimitar kuzmanov,michail pervolarakis,0.7728696465492249,1,kuzmanov d,pervolarakis m,hard
2023-9900_35.0,hard,2023,RR,stefanos sakellaridis,zizou bergs,0.3802482187747955,1,sakellaridis s,bergs z,hard
2023-9900_36.0,hard,2023,RR,david goffin,stefanos tsitsipas,0.1211239621043205,0,goffin d,tsitsipas s,hard
2023-9900_39.0,hard,2023,RR,daniel michalski,lorenzo musetti,0.1770455241203308,0,michalski d,musetti l,hard
2023-9900_4.0,hard,2023,RR,arthur rinderknech,francisco cerundolo,0.3405609428882599,1,rinderknech a,cerundolo f,hard
2023-9900_40.0,hard,2023,RR,hubert hurkacz,matteo berrettini,0.4920241832733154,0,hurkacz h,berrettini m,hard
2023-9900_41.0,hard,2023,RR,borna gojo,stefanos sakellaridis,0.826431393623352,1,gojo b,sakellaridis s,hard
2023-9900_43.0,hard,2023,SF,lorenzo musetti,stefanos sakellaridis,0.9281522631645204,1,musetti l,sakellaridis s,hard
2023-9900_44.0,hard,2023,SF,matteo berrettini,stefanos tsitsipas,0.3634689152240753,0,berrettini m,tsitsipas s,hard
2023-9900_45.0,hard,2023,SF,frances tiafoe,kacper zuk,0.8837085962295532,1,tiafoe f,kacper z,hard
2023-9900_46.0,hard,2023,SF,hubert hurkacz,taylor fritz,0.4110370576381683,0,hurkacz h,fritz t,hard
2023-9900_48.0,hard,2023,F,matteo berrettini,taylor fritz,0.5766125321388245,0,berrettini m,fritz t,hard
2023-9900_5.0,hard,2023,RR,adrian mannarino,borna gojo,0.800870418548584,0,mannarino a,gojo b,hard
2023-9900_7.0,hard,2023,RR,felipe meligeni alves,viktor durasovic,0.5687438249588013,1,meligeni alves f,durasovic v,hard
2023-9900_8.0,hard,2023,RR,casper ruud,thiago monteiro,0.8993460536003113,1,ruud c,monteiro t,hard
2023-9900_9.0,hard,2023,RR,lorenzo musetti,viktor durasovic,0.667179524898529,1,musetti l,durasovic v,hard
2023-M-DC-2023-FLS-1-A-M-CAN-CHI-01_1.0,hard,2023,RR,alejandro tabilo,alexis galarneau,0.3735064268112182,0,tabilo a,galarneau a,hard
2023-M-DC-2023-FLS-1-A-M-CAN-CHI-01_2.0,hard,2023,RR,gabriel diallo,nicolas jarry,0.2891874313354492,0,diallo g,jarry n,hard
2023-M-DC-2023-FLS-1-A-M-CAN-ITA-01_1.0,hard,2023,RR,alexis galarneau,lorenzo sonego,0.1684011965990066,1,galarneau a,sonego l,hard
2023-M-DC-2023-FLS-1-A-M-CAN-ITA-01_2.0,hard,2023,RR,gabriel diallo,lorenzo musetti,0.1329457610845565,1,diallo g,musetti l,hard
2023-M-DC-2023-FLS-1-A-M-CAN-SWE-01_1.0,hard,2023,RR,leo borg,vasek pospisil,0.5231318473815918,0,borg l,pospisil v,hard
2023-M-DC-2023-FLS-1-A-M-CAN-SWE-01_2.0,hard,2023,RR,elias ymer,gabriel diallo,0.5276632308959961,0,ymer e,diallo g,hard
2023-M-DC-2023-FLS-1-A-M-ITA-CHI-01_1.0,hard,2023,RR,cristian garin,matteo arnaldi,0.7129619121551514,0,garin c,arnaldi m,hard
2023-M-DC-2023-FLS-1-A-M-ITA-SWE-01_1.0,hard,2023,RR,leo borg,matteo arnaldi,0.1910239607095718,0,borg l,arnaldi m,hard
2023-M-DC-2023-FLS-1-A-M-ITA-SWE-01_2.0,hard,2023,RR,elias ymer,lorenzo sonego,0.2447087466716766,0,ymer e,sonego l,hard
2023-M-DC-2023-FLS-1-A-M-SWE-CHI-01_1.0,hard,2023,RR,cristian garin,leo borg,0.8063416481018066,1,garin c,borg l,hard
2023-M-DC-2023-FLS-1-A-M-SWE-CHI-01_2.0,hard,2023,RR,elias ymer,nicolas jarry,0.3083743155002594,0,ymer e,jarry n,hard
2023-M-DC-2023-FLS-2-B-M-AUS-FRA-01_1.0,hard,2023,RR,adrian mannarino,max purcell,0.7919359803199768,1,mannarino a,purcell m,hard
2023-M-DC-2023-FLS-2-B-M-AUS-GBR-01_1.0,hard,2023,RR,jack draper,thanasi kokkinakis,0.613989531993866,1,draper j,kokkinakis t,hard
2023-M-DC-2023-FLS-2-B-M-AUS-GBR-01_2.0,hard,2023,RR,alex de minaur,daniel evans,0.7245688438415527,0,de minaur a,evans d,hard
2023-M-DC-2023-FLS-2-B-M-AUS-SUI-01_1.0,hard,2023,RR,dominic stricker,thanasi kokkinakis,0.499381959438324,0,stricker d,kokkinakis t,hard
2023-M-DC-2023-FLS-2-B-M-AUS-SUI-01_2.0,hard,2023,RR,alex de minaur,marc-andrea huesler,0.8909915685653687,1,de minaur a,huesler m,hard
2023-M-DC-2023-FLS-2-B-M-FRA-SUI-01_1.0,hard,2023,RR,adrian mannarino,dominic stricker,0.6111240386962891,1,mannarino a,stricker d,hard
2023-M-DC-2023-FLS-2-B-M-FRA-SUI-01_2.0,hard,2023,RR,stan wawrinka,ugo humbert,0.5873842239379883,0,wawrinka s,humbert u,hard
2023-M-DC-2023-FLS-2-B-M-GBR-FRA-01_1.0,hard,2023,RR,arthur fils,daniel evans,0.2376729249954223,0,fils a,evans d,hard
2023-M-DC-2023-FLS-2-B-M-GBR-FRA-01_2.0,hard,2023,RR,cameron norrie,ugo humbert,0.5710334777832031,0,norrie c,humbert u,hard
2023-M-DC-2023-FLS-2-B-M-GBR-SUI-01_1.0,hard,2023,RR,andy murray,leandro riedi,0.8398798108100891,1,murray a,riedi l,hard
2023-M-DC-2023-FLS-2-B-M-GBR-SUI-01_2.0,hard,2023,RR,cameron norrie,stan wawrinka,0.2697156369686126,0,norrie c,wawrinka s,hard
2023-M-DC-2023-FLS-3-C-M-CZE-KOR-01_1.0,hard,2023,RR,seongchan hong,tomas machac,0.2972810566425323,0,hong s,machac t,hard
2023-M-DC-2023-FLS-3-C-M-CZE-KOR-01_2.0,hard,2023,RR,jiri lehecka,soonwoo kwon,0.7054696679115295,1,lehecka j,kwon s,hard
2023-M-DC-2023-FLS-3-C-M-ESP-CZE-01_1.0,hard,2023,RR,bernabe zapata miralles,tomas machac,0.5330401659011841,0,zapata miralles b,machac t,hard
2023-M-DC-2023-FLS-3-C-M-ESP-KOR-01_1.0,hard,2023,RR,bernabe zapata miralles,seongchan hong,0.5529645681381226,1,zapata miralles b,hong s,hard
2023-M-DC-2023-FLS-3-C-M-ESP-SRB-01_1.0,hard,2023,RR,albert ramos-vinolas,laslo djere,0.158692792057991,0,ramos-vinolas a,djere l,hard
2023-M-DC-2023-FLS-3-C-M-SRB-CZE-01_1.0,hard,2023,RR,dusan lajovic,jakub mensik,0.7621368169784546,0,lajovic d,mensik j,hard
2023-M-DC-2023-FLS-3-C-M-SRB-CZE-01_2.0,hard,2023,RR,jiri lehecka,laslo djere,0.5342594385147095,1,lehecka j,djere l,hard
2023-M-DC-2023-FLS-3-C-M-SRB-KOR-01_1.0,hard,2023,RR,dusan lajovic,seongchan hong,0.7950630784034729,1,lajovic d,hong s,hard
2023-M-DC-2023-FLS-3-C-M-SRB-KOR-01_2.0,hard,2023,RR,laslo djere,soonwoo kwon,0.5541319847106934,1,djere l,kwon s,hard
2023-M-DC-2023-FLS-4-D-M-CRO-FIN-01_1.0,hard,2023,RR,dino prizmic,otto virtanen,0.553024411201477,0,prizmic d,virtanen o,hard
2023-M-DC-2023-FLS-4-D-M-CRO-FIN-01_2.0,hard,2023,RR,borna gojo,emil ruusuvuori,0.4914830029010772,0,gojo b,ruusuvuori e,hard
2023-M-DC-2023-FLS-4-D-M-CRO-NED-01_1.0,hard,2023,RR,botic van de zandschulp,duje ajdukovic,0.8156235814094543,1,de zandschulp b,ajdukovic d,hard
2023-M-DC-2023-FLS-4-D-M-CRO-NED-01_2.0,hard,2023,RR,borna gojo,tallon griekspoor,0.3872641026973724,1,gojo b,griekspoor t,hard
2023-M-DC-2023-FLS-4-D-M-CRO-USA-01_1.0,hard,2023,RR,dino prizmic,mackenzie mcdonald,0.1581406593322754,0,prizmic d,mcdonald m,hard
2023-M-DC-2023-FLS-4-D-M-CRO-USA-01_2.0,hard,2023,RR,borna gojo,frances tiafoe,0.2656116485595703,1,gojo b,tiafoe f,hard
2023-M-DC-2023-FLS-4-D-M-NED-FIN-01_1.0,hard,2023,RR,botic van de zandschulp,otto virtanen,0.7271695137023926,0,de zandschulp b,virtanen o,hard
2023-M-DC-2023-FLS-4-D-M-NED-USA-01_1.0,hard,2023,RR,botic van de zandschulp,tommy paul,0.4080910980701446,1,de zandschulp b,paul t,hard
2023-M-DC-2023-FLS-4-D-M-USA-FIN-01_1.0,hard,2023,RR,mackenzie mcdonald,otto virtanen,0.7421196699142456,0,mcdonald m,virtanen o,hard
2023-M-DC-2023-FLS-4-D-M-USA-FIN-01_2.0,hard,2023,RR,emil ruusuvuori,tommy paul,0.3297747075557709,1,ruusuvuori e,paul t,hard
2023-M-DC-2023-FLS-M-CAN-FIN-01_1.0,hard,2023,RR,milos raonic,patrick kaukovalta,0.6746373176574707,1,raonic m,kaukovalta p,hard
2023-M-DC-2023-FLS-M-CAN-FIN-01_2.0,hard,2023,RR,gabriel diallo,otto virtanen,0.4966040849685669,0,diallo g,virtanen o,hard
2023-M-DC-2023-FLS-M-CZE-AUS-01_1.0,hard,2023,RR,jordan thompson,tomas machac,0.7334004640579224,0,thompson j,machac t,hard
2023-M-DC-2023-FLS-M-CZE-AUS-01_2.0,hard,2023,RR,alex de minaur,jiri lehecka,0.7279292345046997,1,de minaur a,lehecka j,hard
2023-M-DC-2023-FLS-M-FIN-AUS-01_1.0,hard,2023,RR,alexei popyrin,otto virtanen,0.4080340564250946,1,popyrin a,virtanen o,hard
2023-M-DC-2023-FLS-M-FIN-AUS-01_2.0,hard,2023,RR,alex de minaur,emil ruusuvuori,0.7872936129570007,1,de minaur a,ruusuvuori e,hard
2023-M-DC-2023-FLS-M-ITA-NED-01_1.0,hard,2023,RR,botic van de zandschulp,matteo arnaldi,0.7171313762664795,1,de zandschulp b,arnaldi m,hard
2023-M-DC-2023-QLS-M-ARG-FIN-01_1.0,hard,2023,RR,emil ruusuvuori,pedro cachin,0.6938533782958984,1,ruusuvuori e,cachin p,hard
2023-M-DC-2023-QLS-M-ARG-FIN-01_2.0,hard,2023,RR,francisco cerundolo,otto virtanen,0.7949773073196411,1,cerundolo f,virtanen o,hard
2023-M-DC-2023-QLS-M-ARG-FIN-01_3.0,hard,2023,RR,emil ruusuvuori,facundo bagnis,0.8267561793327332,1,ruusuvuori e,bagnis f,hard
2023-M-DC-2023-QLS-M-BEL-KOR-01_1.0,hard,2023,RR,soonwoo kwon,zizou bergs,0.7785632610321045,0,kwon s,bergs z,hard
2023-M-DC-2023-QLS-M-BEL-KOR-01_2.0,hard,2023,RR,david goffin,seongchan hong,0.8072410821914673,1,goffin d,hong s,hard
2023-M-DC-2023-QLS-M-BEL-KOR-01_3.0,hard,2023,RR,david goffin,soonwoo kwon,0.492487221956253,0,goffin d,kwon s,hard
2023-M-DC-2023-QLS-M-BEL-KOR-01_4.0,hard,2023,RR,seongchan hong,zizou bergs,0.5019662380218506,1,hong s,bergs z,hard
2023-M-DC-2023-QLS-M-CRO-AUT-01_1.0,hard,2023,RR,borna coric,dennis novak,0.8868972063064575,1,coric b,novak d,hard
2023-M-DC-2023-QLS-M-CRO-AUT-01_2.0,hard,2023,RR,borna gojo,dominic thiem,0.1482570469379425,1,gojo b,thiem d,hard
2023-M-DC-2023-QLS-M-CRO-AUT-01_3.0,hard,2023,RR,borna coric,dominic thiem,0.5933453440666199,1,coric b,thiem d,hard
2023-M-DC-2023-QLS-M-FRA-HUN-01_1.0,hard,2023,RR,benjamin bonzi,zsombor piros,0.7224507927894592,0,bonzi b,piros z,hard
2023-M-DC-2023-QLS-M-FRA-HUN-01_2.0,hard,2023,RR,marton fucsovics,ugo humbert,0.5586113333702087,0,fucsovics m,humbert u,hard
2023-M-DC-2023-QLS-M-FRA-HUN-01_3.0,hard,2023,RR,adrian mannarino,marton fucsovics,0.3243589103221893,1,mannarino a,fucsovics m,hard
2023-M-DC-2023-QLS-M-FRA-HUN-01_4.0,hard,2023,RR,fabian marozsan,ugo humbert,0.2132607996463775,0,marozsan f,humbert u,hard
2023-M-DC-2023-QLS-M-GER-SUI-01_1.0,hard,2023,RR,marc-andrea huesler,oscar otte,0.6216879487037659,1,huesler m,otte o,hard
2023-M-DC-2023-QLS-M-GER-SUI-01_2.0,hard,2023,RR,alexander zverev,stan wawrinka,0.8073962330818176,1,zverev a,wawrinka s,hard
2023-M-DC-2023-QLS-M-GER-SUI-01_3.0,hard,2023,RR,alexander zverev,marc-andrea huesler,0.7923405766487122,0,zverev a,huesler m,hard
2023-M-DC-2023-QLS-M-GER-SUI-01_4.0,hard,2023,RR,daniel altmaier,stan wawrinka,0.1230919808149337,0,altmaier d,wawrinka s,hard
2023-M-DC-2023-QLS-M-NED-SVK-01_1.0,hard,2023,RR,lukas klein,tallon griekspoor,0.2186658680438995,0,klein l,griekspoor t,hard
2023-M-DC-2023-QLS-M-NED-SVK-01_2.0,hard,2023,RR,alex molcan,tim van rijthoven,0.743377685546875,0,molcan a,van rijthoven t,hard
2023-M-DC-2023-QLS-M-NED-SVK-01_3.0,hard,2023,RR,jozef kovalik,matwe middelkoop,0.8922165036201477,0,kovalik j,middelkoop m,hard
2023-M-DC-2023-QLS-M-SRB-NOR-01_1.0,hard,2023,RR,andreja petrovic,miomir kecmanovic,0.0658720508217811,0,petrovic a,kecmanovic m,hard
2023-M-DC-2023-QLS-M-SRB-NOR-01_2.0,hard,2023,RR,laslo djere,viktor durasovic,0.8292368650436401,1,djere l,durasovic v,hard
2023-M-DC-2023-QLS-M-SRB-NOR-01_3.0,hard,2023,RR,hamad medjedovic,viktor durasovic,0.3803340494632721,1,medjedovic h,durasovic v,hard
2023-M-DC-2023-QLS-M-SWE-BIH-01_1.0,hard,2023,RR,mikael ymer,mirza basic,0.8266951441764832,1,ymer m,basic m,hard
2023-M-DC-2023-QLS-M-SWE-BIH-01_2.0,hard,2023,RR,damir dzumhur,elias ymer,0.3129187822341919,0,dzumhur d,ymer e,hard
2023-M-DC-2023-QLS-M-SWE-BIH-01_3.0,hard,2023,RR,damir dzumhur,mikael ymer,0.2424962222576141,0,dzumhur d,ymer m,hard
2023-M-DC-2023-QLS-M-USA-UZB-01_1.0,hard,2023,RR,mackenzie mcdonald,sergey fomin,0.8392022252082825,1,mcdonald m,fomin s,hard
2023-M-DC-2023-QLS-M-USA-UZB-01_2.0,hard,2023,RR,khumoyun sultanov,tommy paul,0.0884347483515739,0,sultanov k,paul t,hard
2023-M-DC-2023-QLS-M-USA-UZB-01_3.0,hard,2023,RR,amir milushev,denis kudla,0.1229577809572219,0,milushev a,kudla d,hard
2023-M-DC-2023-WG1-M-AUT-POR-01_1.0,hard,2023,RR,jurij rodionov,nuno borges,0.343138188123703,0,rodionov j,borges n,hard
2023-M-DC-2023-WG1-M-AUT-POR-01_2.0,hard,2023,RR,joao sousa,sebastian ofner,0.2786241173744201,1,sousa j,ofner s,hard
2023-M-DC-2023-WG1-M-AUT-POR-01_3.0,hard,2023,RR,dennis novak,nuno borges,0.2815782129764557,0,novak d,borges n,hard
2023-M-DC-2023-WG1-M-DEN-BRA-01_1.0,hard,2023,RR,holger rune,thiago monteiro,0.9033839106559752,0,rune h,monteiro t,hard
2023-M-DC-2023-WG1-M-DEN-BRA-01_2.0,hard,2023,RR,august holmgren,thiago seyboth wild,0.2796479761600494,0,holmgren a,seyboth wild t,hard
2023-M-DC-2023-WG1-M-DEN-BRA-01_3.0,hard,2023,RR,elmer moller,marcelo demoliner,0.8579663634300232,1,moller e,demoliner m,hard
2023-M-DC-2023-WG1-M-GRE-SVK-01_1.0,hard,2023,RR,alex molcan,alexandros skorilas,0.8723769187927246,1,molcan a,skorilas a,hard
2023-M-DC-2023-WG1-M-GRE-SVK-01_2.0,hard,2023,RR,lukas klein,stefanos tsitsipas,0.0685172528028488,0,klein l,tsitsipas s,hard
2023-M-DC-2023-WG1-M-GRE-SVK-01_3.0,hard,2023,RR,alex molcan,stefanos tsitsipas,0.1955583840608596,1,molcan a,tsitsipas s,hard
2023-M-DC-2023-WG1-M-ISR-JPN-01_1.0,hard,2023,RR,sho shimabukuro,yshai oliel,0.7308508157730103,1,shimabukuro s,oliel y,hard
2023-M-DC-2023-WG1-M-ISR-JPN-01_2.0,hard,2023,RR,daniel cukierman,shintaro mochizuki,0.3241270780563354,1,cukierman d,mochizuki s,hard
2023-M-DC-2023-WG1-M-ISR-JPN-01_3.0,hard,2023,RR,daniel cukierman,sho shimabukuro,0.3741836547851562,1,cukierman d,shimabukuro s,hard
2023-M-DC-2023-WG1-M-ISR-JPN-01_4.0,hard,2023,RR,shintaro mochizuki,yshai oliel,0.5764203667640686,0,mochizuki s,oliel y,hard
2023-M-DC-2023-WG1-M-UKR-COL-01_1.0,hard,2023,RR,nicolas mejia,oleksii krutykh,0.3373407423496246,0,mejia n,krutykh o,hard
2023-M-DC-2023-WG1-M-UKR-COL-01_2.0,hard,2023,RR,daniel elahi galan,vladyslav orlov,0.7566997408866882,1,elahi galan d,orlov v,hard
2023-M-DC-2023-WG1-M-UKR-COL-01_3.0,hard,2023,RR,daniel elahi galan,oleksii krutykh,0.6475164294242859,0,elahi galan d,krutykh o,hard
2023-M-DC-2023-WG1-M-UKR-COL-01_4.0,hard,2023,RR,nicolas mejia,vladyslav orlov,0.5127431154251099,0,mejia n,orlov v,hard
2023-M-DC-2023-WG1-PO-GRE-ECU-01_1.0,hard,2023,RR,alvaro guillen meza,stefanos tsitsipas,0.0864786878228187,0,guillen meza a,tsitsipas s,hard
2023-M-DC-2023-WG1-PO-GRE-ECU-01_2.0,hard,2023,RR,andres andrade,aristotelis thanos,0.8502116799354553,0,andrade a,thanos a,hard
2023-M-DC-2023-WG1-PO-GRE-ECU-01_3.0,hard,2023,RR,andres andrade,stefanos tsitsipas,0.050445195287466,0,andrade a,tsitsipas s,hard
2023-M-DC-2023-WG1-PO-IND-DEN-01_1.0,hard,2023,RR,holger rune,yuki bhambri,0.9438182711601256,1,rune h,bhambri y,hard
2023-M-DC-2023-WG1-PO-IND-DEN-01_2.0,hard,2023,RR,august holmgren,sumit nagal,0.3569688200950622,0,holmgren a,nagal s,hard
2023-M-DC-2023-WG1-PO-IND-DEN-01_3.0,hard,2023,RR,holger rune,sumit nagal,0.9325494170188904,1,rune h,nagal s,hard
2023-M-DC-2023-WG1-PO-IND-DEN-01_4.0,hard,2023,RR,elmer moller,prajnesh gunneswaran,0.5222071409225464,0,moller e,gunneswaran p,hard
2023-M-DC-2023-WG2-M-HKG-LAT-01_1.0,hard,2023,RR,hong kit wong,robert strombachs,0.1107658967375755,0,kit wong h,strombachs r,hard
2023-M-DC-2023-WG2-M-HKG-LAT-01_2.0,hard,2023,RR,coleman wong,martins rocens,0.847733736038208,1,wong c,rocens m,hard
2023-M-DC-2023-WG2-M-HKG-LAT-01_3.0,hard,2023,RR,coleman wong,robert strombachs,0.477792739868164,0,wong c,strombachs r,hard
2023-M-DC-2023-WG2-M-HKG-LAT-01_4.0,hard,2023,RR,daniels tens,ki lung ng,0.6193215847015381,0,tens d,ki lung n,hard
2023-M-DC-2023-WG2-M-IND-MAR-01_1.0,hard,2023,RR,mukund sasikumar,yassine dlimi,0.4111365377902984,0,sasikumar m,dlimi y,hard
2023-M-DC-2023-WG2-M-IND-MAR-01_2.0,hard,2023,RR,adam moundir,sumit nagal,0.3594345450401306,0,moundir a,nagal s,hard
2023-M-DC-2023-WG2-M-IND-MAR-01_3.0,hard,2023,RR,sumit nagal,yassine dlimi,0.714164137840271,1,nagal s,dlimi y,hard
2023-M-DC-2023-WG2-M-IND-MAR-01_4.0,hard,2023,RR,digvijaypratap singh,walid ahouda,0.7469346523284912,1,singh d,ahouda w,hard
2024-1536_24.0,clay,2024,R128,christopher o'connell,matteo arnaldi,0.2678596079349518,0,oconnell c,arnaldi m,clay
2024-1536_29.0,clay,2024,R128,daniel elahi galan,roberto bautista agut,0.477975994348526,0,elahi galan d,bautista agut r,clay
2024-1536_36.0,clay,2024,R64,botic van de zandschulp,ugo humbert,0.5362817645072937,0,de zandschulp b,humbert u,clay
2024-1536_4.0,clay,2024,R128,botic van de zandschulp,christopher eubanks,0.7408207058906555,1,de zandschulp b,eubanks c,clay
2024-1536_42.0,clay,2024,R64,denis shapovalov,tomas martin etcheverry,0.4706295430660248,1,shapovalov d,martin etcheverry t,clay
2024-308_1.0,clay,2024,R32,camilo ugo carabelli,daniel elahi galan,0.3506247997283935,0,ugo carabelli c,elahi galan d,clay
2024-308_11.0,clay,2024,R32,alex michelsen,max hans rehberg,0.7811979055404663,1,michelsen a,hans rehberg m,clay
2024-308_13.0,clay,2024,R16,daniel elahi galan,holger rune,0.1169065535068512,0,elahi galan d,rune h,clay
2024-308_15.0,clay,2024,R16,botic van de zandschulp,jan-lennard struff,0.5029309391975403,0,de zandschulp b,struff j,clay
2024-308_4.0,clay,2024,R32,botic van de zandschulp,ivan gakhov,0.743630051612854,1,de zandschulp b,gakhov i,clay
2024-308_5.0,clay,2024,R32,christopher o'connell,taro daniel,0.6837425231933594,0,oconnell c,daniel t,clay
2024-314_11.0,clay,2024,R32,botic van de zandschulp,dominic stricker,0.5130637288093567,1,de zandschulp b,stricker d,clay
2024-314_13.0,clay,2024,R16,fabio fognini,juan pablo varillas,0.7003476023674011,1,fognini f,pablo varillas j,clay
2024-314_14.0,clay,2024,R16,botic van de zandschulp,tomas martin etcheverry,0.32859867811203,0,de zandschulp b,martin etcheverry t,clay
2024-314_19.0,clay,2024,R16,daniel elahi galan,matteo berrettini,0.2119187265634536,0,elahi galan d,berrettini m,clay
2024-314_22.0,clay,2024,QF,jan-lennard struff,tomas martin etcheverry,0.7060688734054565,1,struff j,martin etcheverry t,clay
2024-314_4.0,clay,2024,R32,dominic thiem,juan pablo varillas,0.3752669095993042,0,thiem d,pablo varillas j,clay
2024-314_5.0,clay,2024,R32,daniel elahi galan,vit kopriva,0.4246151149272918,1,elahi galan d,kopriva v,clay
2024-314_6.0,clay,2024,R32,nicolas moreno de alboran,yannick hanfmann,0.3434086441993713,0,de alboran n,hanfmann y,clay
2024-316_16.0,clay,2024,R16,andrey rublev,thiago agustin tirante,0.6455129981040955,0,rublev a,agustin tirante t,clay
2024-316_23.0,clay,2024,QF,roberto carballes baena,thiago agustin tirante,0.6158038973808289,0,carballes baena r,agustin tirante t,clay
2024-316_26.0,clay,2024,SF,nuno borges,thiago agustin tirante,0.5185055732727051,1,borges n,agustin tirante t,clay
2024-316_4.0,clay,2024,R32,jaime faria,thiago agustin tirante,0.3520184457302093,0,faria j,agustin tirante t,clay
2024-319_12.0,clay,2024,R32,dominic thiem,thiago agustin tirante,0.3700665235519409,0,thiem d,agustin tirante t,clay
2024-319_14.0,clay,2024,R16,gustavo heide,yannick hanfmann,0.3983453214168548,0,heide g,hanfmann y,clay
2024-319_15.0,clay,2024,R16,lukas neumayer,nicolas moreno de alboran,0.4937641024589538,0,neumayer l,de alboran n,clay
2024-319_18.0,clay,2024,R16,daniel elahi galan,facundo diaz acosta,0.314873605966568,0,elahi galan d,diaz acosta f,clay
2024-319_19.0,clay,2024,R16,sebastian baez,thiago agustin tirante,0.7528511881828308,1,baez s,agustin tirante t,clay
2024-319_2.0,clay,2024,R32,andrea collarini,nicolas moreno de alboran,0.2670363783836365,0,collarini a,de alboran n,clay
2024-319_22.0,clay,2024,QF,matteo berrettini,nicolas moreno de alboran,0.8432416915893555,1,berrettini m,de alboran n,clay
2024-319_6.0,clay,2024,R32,daniel elahi galan,hamad medjedovic,0.3508170843124389,1,elahi galan d,medjedovic h,clay
2024-322_17.0,clay,2024,R16,nicolas moreno de alboran,tomas machac,0.4521112740039825,0,de alboran n,machac t,clay
2024-322_8.0,clay,2024,R32,david goffin,nicolas moreno de alboran,0.3309248983860016,0,goffin d,de alboran n,clay
2024-360_17.0,clay,2024,R16,david goffin,nicolas moreno de alboran,0.6499425172805786,0,goffin d,de alboran n,clay
2024-360_23.0,clay,2024,QF,nicolas moreno de alboran,roberto carballes baena,0.4094833135604858,0,de alboran n,carballes baena r,clay
2024-360_7.0,clay,2024,R32,facundo diaz acosta,nicolas moreno de alboran,0.7727085947990417,0,diaz acosta f,de alboran n,clay
2024-410_11.0,clay,2024,R64,nicolas jarry,tomas martin etcheverry,0.4167901575565338,0,jarry n,martin etcheverry t,clay
2024-410_13.0,clay,2024,R64,alejandro tabilo,christopher o'connell,0.5957182049751282,1,tabilo a,oconnell c,clay
2024-410_31.0,clay,2024,R32,stefanos tsitsipas,tomas martin etcheverry,0.8349942564964294,1,tsitsipas s,martin etcheverry t,clay
2024-414_8.0,clay,2024,R32,luciano darderi,nick hardt,0.8131460547447205,1,darderi l,hardt n,clay
2024-416_13.0,clay,2024,R128,christopher o'connell,roberto carballes baena,0.3510449528694153,0,oconnell c,carballes baena r,clay
2024-416_14.0,clay,2024,R128,botic van de zandschulp,nicolas moreno de alboran,0.7130354642868042,1,de zandschulp b,de alboran n,clay
2024-416_27.0,clay,2024,R128,daniel elahi galan,zhizhen zhang,0.386574387550354,0,elahi galan d,zhang z,clay
2024-416_39.0,clay,2024,R64,thiago seyboth wild,tomas martin etcheverry,0.5758374929428101,0,seyboth wild t,martin etcheverry t,clay
2024-416_46.0,clay,2024,R64,botic van de zandschulp,felix auger-aliassime,0.338421881198883,0,de zandschulp b,auger-aliassime f,clay
2024-416_68.0,clay,2024,R32,hubert hurkacz,tomas martin etcheverry,0.5288440585136414,1,hurkacz h,martin etcheverry t,clay
2024-425_18.0,clay,2024,R32,nick hardt,tomas martin etcheverry,0.3003001809120178,0,hardt n,martin etcheverry t,clay
2024-425_33.0,clay,2024,R16,brandon nakashima,tomas martin etcheverry,0.4006952345371246,0,nakashima b,martin etcheverry t,clay
2024-425_41.0,clay,2024,QF,cameron norrie,tomas martin etcheverry,0.4987451434135437,0,norrie c,martin etcheverry t,clay
2024-425_45.0,clay,2024,SF,casper ruud,tomas martin etcheverry,0.7520743012428284,1,ruud c,martin etcheverry t,clay
2024-439_20.0,clay,2024,R16,chun-hsin tseng,fabio fognini,0.2617254257202148,1,tseng c,fognini f,clay
2024-439_22.0,clay,2024,QF,chun-hsin tseng,jakub mensik,0.3673350214958191,0,tseng c,mensik j,clay
2024-506_12.0,clay,2024,R32,camilo ugo carabelli,juan pablo varillas,0.2597842514514923,1,ugo carabelli c,pablo varillas j,clay
2024-506_17.0,clay,2024,R16,daniel elahi galan,tomas martin etcheverry,0.2956199049949646,0,elahi galan d,martin etcheverry t,clay
2024-506_23.0,clay,2024,QF,nicolas jarry,tomas martin etcheverry,0.6383939385414124,1,jarry n,martin etcheverry t,clay
2024-506_7.0,clay,2024,R32,roberto carballes baena,tomas martin etcheverry,0.3701777458190918,0,carballes baena r,martin etcheverry t,clay
2024-506_8.0,clay,2024,R32,daniel elahi galan,diego schwartzman,0.3991363048553467,1,elahi galan d,schwartzman d,clay
2024-520_1.0,clay,2024,R128,brandon nakashima,nicolas moreno de alboran,0.4158232510089874,1,nakashima b,de alboran n,clay
2024-520_111.0,clay,2024,R32,casper ruud,tomas martin etcheverry,0.6692755222320557,1,ruud c,martin etcheverry t,clay
2024-520_3.0,clay,2024,R128,pedro martinez,thiago agustin tirante,0.7045095562934875,1,martinez p,agustin tirante t,clay
2024-520_37.0,clay,2024,R128,daniel elahi galan,lorenzo musetti,0.2466826289892196,0,elahi galan d,musetti l,clay
2024-520_43.0,clay,2024,R128,botic van de zandschulp,fabio fognini,0.6453757882118225,0,de zandschulp b,fognini f,clay
2024-520_45.0,clay,2024,R128,arthur cazaux,tomas martin etcheverry,0.2007508873939514,0,cazaux a,martin etcheverry t,clay
2024-520_54.0,clay,2024,R128,david goffin,giovanni mpetshi perricard,0.2879259288311004,1,goffin d,mpetshi perricard g,clay
2024-520_56.0,clay,2024,R128,jan-lennard struff,roman andres burruchaga,0.869979739189148,1,struff j,andres burruchaga r,clay
2024-520_96.0,clay,2024,R64,arthur rinderknech,tomas martin etcheverry,0.2568425238132477,0,rinderknech a,martin etcheverry t,clay
2024-6932_10.0,clay,2024,R32,daniel elahi galan,dusan lajovic,0.3698723316192627,0,elahi galan d,lajovic d,clay
2024-6932_11.0,clay,2024,R32,albert ramos-vinolas,juan pablo varillas,0.3945085704326629,1,ramos-vinolas a,pablo varillas j,clay
2024-6932_17.0,clay,2024,R16,cameron norrie,tomas barrios vera,0.8317363262176514,1,norrie c,barrios vera t,clay
2024-6932_2.0,clay,2024,R32,gustavo heide,tomas barrios vera,0.3686997890472412,0,heide g,barrios vera t,clay
2024-717_18.0,clay,2024,R16,daniel elahi galan,tomas martin etcheverry,0.2468618154525756,0,elahi galan d,martin etcheverry t,clay
2024-717_23.0,clay,2024,QF,michael mmoh,tomas martin etcheverry,0.3415106832981109,0,mmoh m,martin etcheverry t,clay
2024-717_26.0,clay,2024,SF,ben shelton,tomas martin etcheverry,0.5187527537345886,1,shelton b,martin etcheverry t,clay
2024-717_6.0,clay,2024,R32,jordan thompson,yibing wu,0.7115210294723511,1,thompson j,yibing w,clay
2024-717_8.0,clay,2024,R32,juan pablo varillas,michael mmoh,0.3226650655269623,0,pablo varillas j,mmoh m,clay
2024-717_9.0,clay,2024,R32,benoit paire,daniel elahi galan,0.2411406636238098,0,paire b,elahi galan d,clay
2024-7290_12.0,clay,2024,R32,botic van de zandschulp,federico coria,0.5795096755027771,1,de zandschulp b,coria f,clay
2024-7290_20.0,clay,2024,R16,botic van de zandschulp,casper ruud,0.1792730391025543,0,de zandschulp b,ruud c,clay
2024-7694_10.0,clay,2024,R32,nikolas sanchez izquierdo,tomas martin etcheverry,0.2370745837688446,0,sanchez izquierdo n,martin etcheverry t,clay
2024-7694_16.0,clay,2024,R16,giovanni mpetshi perricard,yoshihito nishioka,0.2771205306053161,1,mpetshi perricard g,nishioka y,clay
2024-7694_19.0,clay,2024,R16,thiago seyboth wild,tomas martin etcheverry,0.3738725781440735,0,seyboth wild t,martin etcheverry t,clay
2024-7694_22.0,clay,2024,QF,giovanni mpetshi perricard,hugo gaston,0.3877630531787872,1,mpetshi perricard g,gaston h,clay
2024-7694_24.0,clay,2024,QF,dominik koepfer,tomas martin etcheverry,0.2914656102657318,0,koepfer d,martin etcheverry t,clay
2024-7694_25.0,clay,2024,SF,alexander bublik,giovanni mpetshi perricard,0.555014967918396,0,bublik a,mpetshi perricard g,clay
2024-7694_26.0,clay,2024,SF,luciano darderi,tomas martin etcheverry,0.4886353313922882,0,darderi l,martin etcheverry t,clay
2024-7694_27.0,clay,2024,F,giovanni mpetshi perricard,tomas martin etcheverry,0.2989096045494079,1,mpetshi perricard g,martin etcheverry t,clay
2024-7694_4.0,clay,2024,R32,daniel elahi galan,hugo gaston,0.5735461115837097,0,elahi galan d,gaston h,clay
2024-7694_5.0,clay,2024,R32,giovanni mpetshi perricard,lorenzo sonego,0.589441180229187,1,mpetshi perricard g,sonego l,clay
2024-8996_1.0,clay,2024,R32,francisco comesana,juan pablo varillas,0.4436407685279846,0,comesana f,pablo varillas j,clay
2024-8996_11.0,clay,2024,R32,joao fonseca,thiago agustin tirante,0.5866771936416626,0,fonseca j,agustin tirante t,clay
2024-8996_13.0,clay,2024,R16,juan pablo varillas,sebastian baez,0.2238820791244506,0,pablo varillas j,baez s,clay
2024-8996_17.0,clay,2024,R16,juan manuel cerundolo,luciano darderi,0.2324548363685608,0,manuel cerundolo j,darderi l,clay
2024-8996_18.0,clay,2024,R16,alejandro tabilo,tomas barrios vera,0.626509428024292,1,tabilo a,barrios vera t,clay
2024-8996_19.0,clay,2024,R16,corentin moutet,thiago agustin tirante,0.4515083432197571,1,moutet c,agustin tirante t,clay
2024-8996_4.0,clay,2024,R32,roman andres burruchaga,thiago seyboth wild,0.3135192990303039,0,andres burruchaga r,seyboth wild t,clay
2024-8996_7.0,clay,2024,R32,juan manuel cerundolo,yannick hanfmann,0.4826004803180694,1,manuel cerundolo j,hanfmann y,clay
2024-8996_9.0,clay,2024,R32,cristian garin,tomas barrios vera,0.5034423470497131,0,garin c,barrios vera t,clay
2024-9158_11.0,clay,2024,R32,facundo bagnis,juan manuel cerundolo,0.5699653029441833,1,bagnis f,manuel cerundolo j,clay
2024-9158_12.0,clay,2024,R32,daniel elahi galan,jaume munar,0.2715179026126861,0,elahi galan d,munar j,clay
2024-9158_14.0,clay,2024,R16,facundo diaz acosta,thiago agustin tirante,0.5321784615516663,1,diaz acosta f,agustin tirante t,clay
2024-9158_16.0,clay,2024,R16,roman andres burruchaga,yannick hanfmann,0.4105063080787658,0,andres burruchaga r,hanfmann y,clay
2024-9158_18.0,clay,2024,R16,bernabe zapata miralles,tomas martin etcheverry,0.4310155212879181,0,zapata miralles b,martin etcheverry t,clay
2024-9158_2.0,clay,2024,R32,facundo diaz acosta,federico agustin gomez,0.4888513386249542,1,diaz acosta f,agustin gomez f,clay
2024-9158_23.0,clay,2024,QF,federico coria,tomas martin etcheverry,0.4728231132030487,1,coria f,martin etcheverry t,clay
2024-9158_3.0,clay,2024,R32,francisco comesana,thiago agustin tirante,0.5443333983421326,0,comesana f,agustin tirante t,clay
2024-9158_4.0,clay,2024,R32,luciano darderi,tomas barrios vera,0.5881303548812866,1,darderi l,barrios vera t,clay
2024-9158_5.0,clay,2024,R32,diego schwartzman,roman andres burruchaga,0.3329780995845794,0,schwartzman d,andres burruchaga r,clay
2024-9158_6.0,clay,2024,R32,juan pablo varillas,yannick hanfmann,0.5878593325614929,0,pablo varillas j,hanfmann y,clay
2024-96_1.0,clay,2024,R64,matthew ebden,novak djokovic,0.0098765389993786,0,ebden m,djokovic n,clay
2024-96_10.0,clay,2024,R64,tomas machac,zhizhen zhang,0.6512632966041565,1,machac t,zhang z,clay
2024-96_12.0,clay,2024,R64,alexei popyrin,nicolas jarry,0.4495605230331421,1,popyrin a,jarry n,clay
2024-96_14.0,clay,2024,R64,mariano navone,nuno borges,0.6439371705055237,1,navone m,borges n,clay
2024-96_16.0,clay,2024,R64,alexander bublik,taylor fritz,0.2078878134489059,0,bublik a,fritz t,clay
2024-96_17.0,clay,2024,R64,casper ruud,taro daniel,0.9290890693664552,1,ruud c,daniel t,clay
2024-96_18.0,clay,2024,R64,andrea vavassori,pedro martinez,0.2017894089221954,1,vavassori a,martinez p,clay
2024-96_19.0,clay,2024,R64,francisco cerundolo,tomas barrios vera,0.8404011130332947,1,cerundolo f,barrios vera t,clay
2024-96_2.0,clay,2024,R64,marton fucsovics,rafael nadal,0.3071355819702148,0,fucsovics m,nadal r,clay
2024-96_20.0,clay,2024,R64,fabian marozsan,ugo humbert,0.6567477583885193,0,marozsan f,humbert u,clay
2024-96_21.0,clay,2024,R64,felix auger-aliassime,marcos giron,0.7094913721084595,1,auger-aliassime f,giron m,clay
2024-96_22.0,clay,2024,R64,dusan lajovic,maximilian marterer,0.588772714138031,0,lajovic d,marterer m,clay
2024-96_23.0,clay,2024,R64,robin haase,sebastian ofner,0.1339933723211288,0,haase r,ofner s,clay
2024-96_24.0,clay,2024,R64,daniil medvedev,rinky hijikata,0.9001217484474182,1,medvedev d,hijikata r,clay
2024-96_25.0,clay,2024,R64,francisco cabral,jan-lennard struff,0.0406389348208904,0,cabral f,struff j,clay
2024-96_29.0,clay,2024,R64,alejandro tabilo,roman safiullin,0.6599377393722534,0,tabilo a,safiullin r,clay
2024-96_3.0,clay,2024,R64,dominik koepfer,milos raonic,0.6224580407142639,1,koepfer d,raonic m,clay
2024-96_30.0,clay,2024,R64,thiago seyboth wild,tomas martin etcheverry,0.4118180572986603,0,seyboth wild t,martin etcheverry t,clay
2024-96_31.0,clay,2024,R64,petros tsitsipas,tallon griekspoor,0.0360632017254829,0,tsitsipas p,griekspoor t,clay
2024-96_32.0,clay,2024,R64,carlos alcaraz,hady habib,0.991410791873932,1,alcaraz c,habib h,clay
2024-96_33.0,clay,2024,R32,novak djokovic,rafael nadal,0.7049564123153687,1,djokovic n,nadal r,clay
2024-96_34.0,clay,2024,R32,dominik koepfer,matteo arnaldi,0.3617741167545318,1,koepfer d,arnaldi m,clay
2024-96_35.0,clay,2024,R32,benjamin hassan,sebastian baez,0.1725080609321594,0,hassan b,baez s,clay
2024-96_36.0,clay,2024,R32,daniel evans,stefanos tsitsipas,0.0440882928669452,0,evans d,tsitsipas s,clay
2024-96_37.0,clay,2024,R32,alexander zverev,tomas machac,0.7749211192131042,1,zverev a,machac t,clay
2024-96_38.0,clay,2024,R32,alexei popyrin,stan wawrinka,0.6650710105895996,1,popyrin a,wawrinka s,clay
2024-96_39.0,clay,2024,R32,lorenzo musetti,mariano navone,0.7497692704200745,1,musetti l,navone m,clay
2024-96_41.0,clay,2024,R32,andrea vavassori,casper ruud,0.1263753473758697,0,vavassori a,ruud c,clay
2024-96_42.0,clay,2024,R32,francisco cerundolo,ugo humbert,0.780401885509491,1,cerundolo f,humbert u,clay
2024-96_44.0,clay,2024,R32,daniil medvedev,sebastian ofner,0.7518768310546875,1,medvedev d,ofner s,clay
2024-96_46.0,clay,2024,R32,jakub mensik,tommy paul,0.3271239399909973,0,mensik j,paul t,clay
2024-96_47.0,clay,2024,R32,roman safiullin,tomas martin etcheverry,0.3598944246768951,1,safiullin r,martin etcheverry t,clay
2024-96_49.0,clay,2024,R16,dominik koepfer,novak djokovic,0.1405957490205764,0,koepfer d,djokovic n,clay
2024-96_50.0,clay,2024,R16,sebastian baez,stefanos tsitsipas,0.2856330275535583,0,baez s,tsitsipas s,clay
2024-96_51.0,clay,2024,R16,alexander zverev,alexei popyrin,0.8305570483207703,1,zverev a,popyrin a,clay
2024-96_53.0,clay,2024,R16,casper ruud,francisco cerundolo,0.6599054932594299,1,ruud c,cerundolo f,clay
2024-96_55.0,clay,2024,R16,corentin moutet,tommy paul,0.3991001546382904,0,moutet c,paul t,clay
2024-96_56.0,clay,2024,R16,carlos alcaraz,roman safiullin,0.9518356919288636,1,alcaraz c,safiullin r,clay
2024-96_57.0,clay,2024,QF,novak djokovic,stefanos tsitsipas,0.7593234181404114,1,djokovic n,tsitsipas s,clay
2024-96_6.0,clay,2024,R64,benjamin hassan,christopher eubanks,0.3484536409378052,1,hassan b,eubanks c,clay
2024-96_63.0,clay,2024,BR,felix auger-aliassime,lorenzo musetti,0.3605080246925354,0,auger-aliassime f,musetti l,clay
2024-96_7.0,clay,2024,R64,daniel evans,moez echargui,0.575443685054779,1,evans d,echargui m,clay
2024-96_9.0,clay,2024,R64,alexander zverev,jaume munar,0.856539249420166,1,zverev a,munar j,clay
2024-M-DC-2024-QLS-M-ARG-KAZ-01_1.0,clay,2024,RR,dmitry popko,francisco cerundolo,0.2074028551578521,0,popko d,cerundolo f,clay
2024-M-DC-2024-QLS-M-ARG-KAZ-01_2.0,clay,2024,RR,timofey skatov,tomas martin etcheverry,0.4695746898651123,1,skatov t,martin etcheverry t,clay
2024-M-DC-2024-QLS-M-ARG-KAZ-01_3.0,clay,2024,RR,francisco cerundolo,timofey skatov,0.8360309600830078,0,cerundolo f,skatov t,clay
2024-M-DC-2024-QLS-M-ARG-KAZ-01_4.0,clay,2024,RR,dmitry popko,sebastian baez,0.1267905086278915,0,popko d,baez s,clay
2024-M-DC-2024-QLS-M-SRB-SVK-01_1.0,clay,2024,RR,lukas klein,miomir kecmanovic,0.311586320400238,1,klein l,kecmanovic m,clay
2024-M-DC-2024-QLS-M-SRB-SVK-01_2.0,clay,2024,RR,alex molcan,dusan lajovic,0.3028205931186676,1,molcan a,lajovic d,clay
2024-M-DC-2024-QLS-M-SRB-SVK-01_3.0,clay,2024,RR,laslo djere,lukas pokorny,0.7384485006332397,0,djere l,pokorny l,clay
2024-M-DC-2024-WG1-M-AUT-TUR-01_1.0,clay,2024,RR,jurij rodionov,yanki erel,0.739571213722229,1,rodionov j,erel y,clay
2024-M-DC-2024-WG1-M-AUT-TUR-01_2.0,clay,2024,RR,cem ilkel,lukas neumayer,0.1697639673948288,0,ilkel c,neumayer l,clay
2024-M-DC-2024-WG1-M-AUT-TUR-01_3.0,clay,2024,RR,cem ilkel,lukas neumayer,0.2610416412353515,0,ilkel c,neumayer l,clay
2024-M-DC-2024-WG1-M-EGY-HUN-01_1.0,clay,2024,RR,amr elsayed abdou ah mohamed,zsombor piros,0.0583196207880973,0,ah mohamed a,piros z,clay
2024-M-DC-2024-WG1-M-EGY-HUN-01_2.0,clay,2024,RR,mate valkusz,mohamed safwat,0.6016233563423157,0,valkusz m,safwat m,clay
2024-M-DC-2024-WG1-M-EGY-HUN-01_3.0,clay,2024,RR,mohamed safwat,zsombor piros,0.4067896008491516,0,safwat m,piros z,clay
2024-M-DC-2024-WG1-M-EGY-HUN-01_4.0,clay,2024,RR,fares zakaria,mate valkusz,0.096323013305664,0,zakaria f,valkusz m,clay
2024-M-DC-2024-WG1-PO-COL-LUX-01_1.0,clay,2024,RR,chris rodesch,nicolas mejia,0.4704169929027557,1,rodesch c,mejia n,clay
2024-M-DC-2024-WG1-PO-COL-LUX-01_2.0,clay,2024,RR,adria soriano barrera,alex knaff,0.4489652812480926,0,soriano barrera a,knaff a,clay
2024-M-DC-2024-WG1-PO-COL-LUX-01_3.0,clay,2024,RR,alex knaff,nicolas mejia,0.4768421947956085,0,knaff a,mejia n,clay
2024-M-DC-2024-WG1-PO-COL-LUX-01_4.0,clay,2024,RR,adria soriano barrera,chris rodesch,0.5771740078926086,1,soriano barrera a,rodesch c,clay
2024-M-DC-2024-WG1-PO-EGY-ECU-01_1.0,clay,2024,RR,alvaro guillen meza,mohamed safwat,0.6327729225158691,0,guillen meza a,safwat m,clay
2024-M-DC-2024-WG1-PO-EGY-ECU-01_2.0,clay,2024,RR,amr elsayed abdou ah mohamed,emilio gomez,0.0696672573685646,1,ah mohamed a,gomez e,clay
2024-M-DC-2024-WG1-PO-EGY-ECU-01_3.0,clay,2024,RR,andres andrade,michael bassem sobhy,0.7204293608665466,1,andrade a,bassem sobhy m,clay
2024-M-DC-2024-WG1-PO-LBN-JPN-01_1.0,clay,2024,RR,hady habib,yoshihito nishioka,0.186124101281166,0,habib h,nishioka y,clay
2024-M-DC-2024-WG1-PO-LBN-JPN-01_2.0,clay,2024,RR,benjamin hassan,yosuke watanuki,0.5957361459732056,1,hassan b,watanuki y,clay
2024-M-DC-2024-WG1-PO-LBN-JPN-01_3.0,clay,2024,RR,benjamin hassan,yoshihito nishioka,0.2926717400550842,0,hassan b,nishioka y,clay
2024-M-DC-2024-WG1-PO-MEX-DEN-01_1.0,clay,2024,RR,elmer moller,ernesto escobedo,0.3644538521766662,1,moller e,escobedo e,clay
2024-M-DC-2024-WG1-PO-MEX-DEN-01_2.0,clay,2024,RR,august holmgren,rodrigo pacheco mendez,0.7339502573013306,0,holmgren a,pacheco mendez r,clay
2024-M-DC-2024-WG1-PO-MEX-DEN-01_3.0,clay,2024,RR,august holmgren,ernesto escobedo,0.497673362493515,1,holmgren a,escobedo e,clay
2024-M-DC-2024-WG2-M-BOL-URU-01_1.0,clay,2024,RR,hugo dellien,joaquin  aguilar cardozo,0.9239922165870668,1,dellien h,aguilar cardozo j,clay
2024-M-DC-2024-WG2-M-BOL-URU-01_2.0,clay,2024,RR,franco roncadelli,murkel dellien,0.4848337471485138,1,roncadelli f,dellien m,clay
2024-M-DC-2024-WG2-M-BOL-URU-01_3.0,clay,2024,RR,franco roncadelli,hugo dellien,0.3059789836406708,1,roncadelli f,dellien h,clay
2024-M-DC-2024-WG2-M-BUL-ESA-01_1.0,clay,2024,RR,marcelo arevalo,petr nesterov,0.1390637308359146,1,arevalo m,nesterov p,clay
2024-M-DC-2024-WG2-M-BUL-ESA-01_2.0,clay,2024,RR,cesar cruz,yanaki milev,0.0781146958470344,0,cruz c,milev y,clay
2024-M-DC-2024-WG2-M-BUL-ESA-01_3.0,clay,2024,RR,iliyan radulov,juan carlos fuentes vasquez,0.7807611227035522,1,radulov i,fuentes vasquez j,clay
2024-M-DC-2024-WG2-M-BUL-ESA-01_4.0,clay,2024,RR,marcelo arevalo,yanaki milev,0.1506328284740448,0,arevalo m,milev y,clay
2024-M-DC-2024-WG2-M-LBN-RSA-01_1.0,clay,2024,RR,alec beckley,benjamin hassan,0.2038867622613906,0,beckley a,hassan b,clay
2024-M-DC-2024-WG2-M-LBN-RSA-01_2.0,clay,2024,RR,hady habib,philip henning,0.3653387129306793,1,habib h,henning p,clay
2024-M-DC-2024-WG2-M-LBN-RSA-01_3.0,clay,2024,RR,benjamin hassan,philip henning,0.7006130814552307,1,hassan b,henning p,clay
2024-M-DC-2024-WG2-M-MAR-MON-01_1.0,clay,2024,RR,hugo nys,yassine dlimi,0.1603415757417678,1,hugo n,dlimi y,clay
2024-M-DC-2024-WG2-M-MAR-MON-01_2.0,clay,2024,RR,elliot benchetrit,romain arneodo,0.7321034073829651,0,benchetrit e,arneodo r,clay
2024-M-DC-2024-WG2-M-MAR-MON-01_3.0,clay,2024,RR,benjamin balleret,younes lalami laaroussi,0.4112831652164459,1,balleret b,lalami laaroussi y,clay
2024-M-DC-2024-WG2-M-TUN-IRL-01_1.0,clay,2024,RR,michael agwi,skander mansouri,0.6700878143310547,1,agwi m,mansouri s,clay
2024-M-DC-2024-WG2-M-TUN-IRL-01_2.0,clay,2024,RR,aziz dougaz,conor gannon,0.7145512700080872,1,dougaz a,gannon c,clay
2024-M-DC-2024-WG2-M-TUN-IRL-01_3.0,clay,2024,RR,aziz dougaz,michael agwi,0.7053221464157104,0,dougaz a,agwi m,clay
2024-M-DC-2024-WG2-M-TUN-IRL-01_4.0,clay,2024,RR,conor gannon,skander mansouri,0.2888819277286529,0,gannon c,mansouri s,clay
2024-M-DC-2024-WG2-PO-BOL-THA-01_1.0,clay,2024,RR,juan carlos prado angelo,maximus jones,0.3340348601341247,1,prado angelo j,jones m,clay
2024-M-DC-2024-WG2-PO-BOL-THA-01_2.0,clay,2024,RR,murkel dellien,wishaya trongcharoenchaikul,0.6079063415527344,1,dellien m,trongcharoenchaikul w,clay
2024-M-DC-2024-WG2-PO-BOL-THA-01_3.0,clay,2024,RR,boris arias,thanapet chanta,0.1983702778816223,1,arias b,chanta t,clay
2024-M-DC-2024-WG2-PO-IRI-EST-01_1.0,clay,2024,RR,hamidreza nadaf,oliver ojakaar,0.180433303117752,0,nadaf h,ojakaar o,clay
2024-M-DC-2024-WG2-PO-IRI-EST-01_2.0,clay,2024,RR,kristjan tamm,sina moghimi,0.3272367119789123,0,tamm k,moghimi s,clay
2024-M-DC-2024-WG2-PO-IRI-EST-01_3.0,clay,2024,RR,oliver ojakaar,sina moghimi,0.6479607820510864,1,ojakaar o,moghimi s,clay
2024-M-DC-2024-WG2-PO-PAR-MON-01_1.0,clay,2024,RR,adolfo daniel vallejo,benjamin balleret,0.6748160123825073,1,daniel vallejo a,balleret b,clay
2024-M-DC-2024-WG2-PO-PAR-MON-01_2.0,clay,2024,RR,martin antonio vergara del puerto,valentin vacherot,0.0688614621758461,0,del puerto m,vacherot v,clay
2024-M-DC-2024-WG2-PO-PAR-MON-01_3.0,clay,2024,RR,adolfo daniel vallejo,valentin vacherot,0.0672821104526519,0,daniel vallejo a,vacherot v,clay
2024-M-DC-2024-WG2-PO-URU-MDA-01_1.0,clay,2024,RR,franco roncadelli,ilya snitari,0.3615657389163971,1,roncadelli f,snitari i,clay
2024-M-DC-2024-WG2-PO-URU-MDA-01_2.0,clay,2024,RR,joaquin  aguilar cardozo,radu albot,0.052614614367485,0,aguilar cardozo j,albot r,clay
2024-M-DC-2024-WG2-PO-URU-MDA-01_3.0,clay,2024,RR,franco roncadelli,radu albot,0.289596289396286,0,roncadelli f,albot r,clay
2024-M-DC-2024-WG2-PO-URU-MDA-01_4.0,clay,2024,RR,ilya snitari,joaquin  aguilar cardozo,0.8177847862243652,0,snitari i,aguilar cardozo j,clay
2024-311_12.0,grass,2024,R32,billy harris,tomas martin etcheverry,0.2168379426002502,1,harris b,martin etcheverry t,grass
2024-311_14.0,grass,2024,R32,ben shelton,giovanni mpetshi perricard,0.7386058568954468,0,shelton b,mpetshi perricard g,grass
2024-311_23.0,grass,2024,R16,billy harris,giovanni mpetshi perricard,0.3947385251522064,1,harris b,mpetshi perricard g,grass
2024-315_23.0,grass,2024,R32,eliot spizzirri,li tu,0.5382066965103149,1,spizzirri e,li t,grass
2024-321_5.0,grass,2024,R32,giovanni mpetshi perricard,lorenzo musetti,0.3746058046817779,0,mpetshi perricard g,musetti l,grass
2024-440_4.0,grass,2024,R32,botic van de zandschulp,mackenzie mcdonald,0.5334804058074951,0,de zandschulp b,mcdonald m,grass
2024-540_106.0,grass,2024,R32,emil ruusuvuori,giovanni mpetshi perricard,0.6163989305496216,0,ruusuvuori e,mpetshi perricard g,grass
2024-540_117.0,grass,2024,R16,giovanni mpetshi perricard,lorenzo musetti,0.3397918343544006,0,mpetshi perricard g,musetti l,grass
2024-540_24.0,grass,2024,R128,botic van de zandschulp,liam broady,0.5413259267807007,1,de zandschulp b,broady l,grass
2024-540_27.0,grass,2024,R128,daniel elahi galan,tallon griekspoor,0.1272128820419311,0,elahi galan d,griekspoor t,grass
2024-540_34.0,grass,2024,R128,giovanni mpetshi perricard,sebastian korda,0.1813839077949524,1,mpetshi perricard g,korda s,grass
2024-540_41.0,grass,2024,R128,luca nardi,tomas martin etcheverry,0.2566025257110595,0,nardi l,martin etcheverry t,grass
2024-540_55.0,grass,2024,R128,christopher o'connell,taylor fritz,0.1816751956939697,0,oconnell c,fritz t,grass
2024-540_68.0,grass,2024,R64,botic van de zandschulp,ugo humbert,0.2960942089557647,0,de zandschulp b,humbert u,grass
2024-540_83.0,grass,2024,R64,alexei popyrin,tomas martin etcheverry,0.4488331079483032,1,popyrin a,martin etcheverry t,grass
2024-540_95.0,grass,2024,R64,giovanni mpetshi perricard,yoshihito nishioka,0.4372021555900574,1,mpetshi perricard g,nishioka y,grass
2024-741_4.0,grass,2024,R32,juncheng shang,tomas martin etcheverry,0.3392198085784912,1,shang j,martin etcheverry t,grass
2024-M-DC-2024-WG1-PO-PAK-IND-01_1.0,grass,2024,RR,aisam-ul-haq qureshi,ramkumar ramanathan,0.66620272397995,0,qureshi a,ramanathan r,grass
2024-M-DC-2024-WG1-PO-PAK-IND-01_2.0,grass,2024,RR,aqeel khan,n.sriram balaji,0.5750601291656494,0,khan a,balaji n,grass
2024-M-DC-2024-WG1-PO-PAK-IND-01_3.0,grass,2024,RR,muhammad shoaib,niki kaliyanda poonacha,0.47821906208992,0,shoaib m,kaliyanda poonacha n,grass
2024-301_14.0,hard,2024,R16,alejandro tabilo,botic van de zandschulp,0.2364283353090286,1,tabilo a,de zandschulp b,hard
2024-301_3.0,hard,2024,R32,botic van de zandschulp,christopher eubanks,0.7214471101760864,1,de zandschulp b,eubanks c,hard
2024-328_1.0,hard,2024,R32,jerome kym,ugo humbert,0.1882792115211486,0,jerome k,humbert u,hard
2024-328_19.0,hard,2024,R16,botic van de zandschulp,stefanos tsitsipas,0.2284824699163437,0,de zandschulp b,tsitsipas s,hard
2024-328_24.0,hard,2024,R16,felix auger-aliassime,giovanni mpetshi perricard,0.5053629279136658,0,auger-aliassime f,mpetshi perricard g,hard
2024-328_28.0,hard,2024,QF,denis shapovalov,giovanni mpetshi perricard,0.6469670534133911,0,shapovalov d,mpetshi perricard g,hard
2024-328_30.0,hard,2024,SF,giovanni mpetshi perricard,holger rune,0.1949728727340698,1,mpetshi perricard g,rune h,hard
2024-328_31.0,hard,2024,F,ben shelton,giovanni mpetshi perricard,0.7774716019630432,0,shelton b,mpetshi perricard g,hard
2024-328_4.0,hard,2024,R32,giovanni mpetshi perricard,james duckworth,0.5169939994812012,1,mpetshi perricard g,duckworth j,hard
2024-328_8.0,hard,2024,R32,alexander bublik,botic van de zandschulp,0.3418892621994018,0,bublik a,de zandschulp b,hard
2024-328_9.0,hard,2024,R32,ben shelton,tomas martin etcheverry,0.8064137697219849,1,shelton b,martin etcheverry t,hard
2024-329_12.0,hard,2024,R32,christopher o'connell,tomas martin etcheverry,0.555020272731781,1,oconnell c,martin etcheverry t,hard
2024-329_2.0,hard,2024,R32,botic van de zandschulp,matteo berrettini,0.3056055605411529,0,de zandschulp b,berrettini m,hard
2024-329_22.0,hard,2024,R16,alex michelsen,christopher o'connell,0.553978443145752,1,michelsen a,oconnell c,hard
2024-336_17.0,hard,2024,R16,botic van de zandschulp,juncheng shang,0.4948803782463074,0,de zandschulp b,shang j,hard
2024-336_8.0,hard,2024,R32,botic van de zandschulp,shintaro mochizuki,0.8257784247398376,1,de zandschulp b,mochizuki s,hard
2024-339_11.0,hard,2024,R32,alexei popyrin,christopher o'connell,0.6538455486297607,1,popyrin a,oconnell c,hard
2024-339_15.0,hard,2024,R32,alexander shevchenko,luca van assche,0.7432590126991272,1,shevchenko a,van assche l,hard
2024-339_2.0,hard,2024,R32,daniel altmaier,li tu,0.714781641960144,1,altmaier d,li t,hard
2024-339_4.0,hard,2024,R32,tomas machac,tomas martin etcheverry,0.6437920331954956,1,machac t,martin etcheverry t,hard
2024-341_11.0,hard,2024,R32,adrian mannarino,yunchaokete bu,0.6629629135131836,0,mannarino a,yunchaokete b,hard
2024-341_20.0,hard,2024,R16,jesper de jong,yunchaokete bu,0.2392894476652145,0,de jong j,yunchaokete b,hard
2024-341_21.0,hard,2024,QF,andrey rublev,corentin moutet,0.790336012840271,0,rublev a,moutet c,hard
2024-341_24.0,hard,2024,QF,alex michelsen,yunchaokete bu,0.5695433020591736,1,michelsen a,yunchaokete b,hard
2024-352_18.0,hard,2024,R64,frances tiafoe,giovanni mpetshi perricard,0.6941125392913818,0,tiafoe f,mpetshi perricard g,hard
2024-352_19.0,hard,2024,R64,christopher o'connell,karen khachanov,0.1784932017326355,0,oconnell c,khachanov k,hard
2024-352_29.0,hard,2024,R32,grigor dimitrov,tomas martin etcheverry,0.6950642466545105,1,dimitrov g,martin etcheverry t,hard
2024-352_36.0,hard,2024,R32,giovanni mpetshi perricard,karen khachanov,0.3402100205421448,0,mpetshi perricard g,khachanov k,hard
2024-352_5.0,hard,2024,R64,tomas martin etcheverry,zhizhen zhang,0.5632524490356445,1,martin etcheverry t,zhang z,hard
2024-403_12.0,hard,2024,R128,botic van de zandschulp,rinky hijikata,0.7222099900245667,1,de zandschulp b,hijikata r,hard
2024-403_25.0,hard,2024,R128,alexander shevchenko,daniel elahi galan,0.6777034997940063,1,shevchenko a,elahi galan d,hard
2024-403_3.0,hard,2024,R128,christopher o'connell,vit kopriva,0.7807196378707886,1,oconnell c,kopriva v,hard
2024-403_35.0,hard,2024,R64,christopher o'connell,frances tiafoe,0.3803249001502991,1,oconnell c,tiafoe f,hard
2024-403_39.0,hard,2024,R64,andy murray,tomas martin etcheverry,0.6990386843681335,1,murray a,martin etcheverry t,hard
2024-403_44.0,hard,2024,R64,botic van de zandschulp,ugo humbert,0.3707601726055145,0,de zandschulp b,humbert u,hard
2024-403_66.0,hard,2024,R32,christopher o'connell,martin damm,0.676936149597168,1,oconnell c,damm m,hard
2024-403_81.0,hard,2024,R16,christopher o'connell,jannik sinner,0.0382434427738189,0,oconnell c,sinner j,hard
2024-404_18.0,hard,2024,R128,botic van de zandschulp,denis shapovalov,0.3638954162597656,0,de zandschulp b,shapovalov d,hard
2024-404_28.0,hard,2024,R128,lukas klein,nicolas moreno de alboran,0.3509352803230285,1,klein l,de alboran n,hard
2024-404_40.0,hard,2024,R64,alexander zverev,christopher o'connell,0.7628670334815979,1,zverev a,oconnell c,hard
2024-404_5.0,hard,2024,R128,daniel elahi galan,taro daniel,0.2573697865009308,0,elahi galan d,daniel t,hard
2024-404_8.0,hard,2024,R128,christopher o'connell,jack draper,0.3273997604846954,1,oconnell c,draper j,hard
2024-407_16.0,hard,2024,R32,botic van de zandschulp,jannik sinner,0.0304912831634283,0,de zandschulp b,sinner j,hard
2024-418_19.0,hard,2024,R32,brandon nakashima,christopher o'connell,0.36870077252388,1,nakashima b,oconnell c,hard
2024-418_2.0,hard,2024,R64,christopher o'connell,harold mayot,0.5936385989189148,1,oconnell c,mayot h,hard
2024-418_20.0,hard,2024,R32,daniel elahi galan,frances tiafoe,0.2889168858528137,0,elahi galan d,tiafoe f,hard
2024-418_27.0,hard,2024,R32,emil ruusuvuori,giovanni mpetshi perricard,0.7787492275238037,0,ruusuvuori e,mpetshi perricard g,hard
2024-418_37.0,hard,2024,R16,giovanni mpetshi perricard,jordan thompson,0.3600310385227203,0,mpetshi perricard g,thompson j,hard
2024-418_4.0,hard,2024,R64,daniel elahi galan,maxime cressy,0.5862324833869934,1,elahi galan d,cressy m,hard
2024-421_29.0,hard,2024,R32,andrey rublev,tomas martin etcheverry,0.6373080611228943,1,rublev a,martin etcheverry t,hard
2024-421_3.0,hard,2024,R64,nicolas jarry,tomas martin etcheverry,0.5810943841934204,0,jarry n,martin etcheverry t,hard
2024-421_7.0,hard,2024,R64,holger rune,roberto bautista agut,0.5314942598342896,1,rune h,bautista agut r,hard
2024-422_24.0,hard,2024,R64,matteo arnaldi,tomas martin etcheverry,0.6256411075592041,0,arnaldi m,martin etcheverry t,hard
2024-422_3.0,hard,2024,R64,giovanni mpetshi perricard,zhizhen zhang,0.4599208831787109,0,mpetshi perricard g,zhang z,hard
2024-422_36.0,hard,2024,R32,ben shelton,tomas martin etcheverry,0.661754310131073,1,shelton b,martin etcheverry t,hard
2024-424_17.0,hard,2024,R32,marcos giron,nicolas moreno de alboran,0.818629801273346,1,giron m,de alboran n,hard
2024-429_10.0,hard,2024,R32,alejandro davidovich fokina,thiago agustin tirante,0.7858779430389404,1,davidovich fokina a,agustin tirante t,hard
2024-451_14.0,hard,2024,R16,christopher o'connell,emil ruusuvuori,0.2527187764644623,0,oconnell c,ruusuvuori e,hard
2024-451_3.0,hard,2024,R32,christopher o'connell,jan-lennard struff,0.6064900755882263,1,oconnell c,struff j,hard
2024-451_8.0,hard,2024,R32,botic van de zandschulp,gael monfils,0.2386247366666793,0,de zandschulp b,monfils g,hard
2024-4713_10.0,hard,2024,R32,coleman wong,yibing wu,0.6713433265686035,1,wong c,yibing w,hard
2024-4713_16.0,hard,2024,R16,karen khachanov,yunchaokete bu,0.5201148986816406,0,khachanov k,yunchaokete b,hard
2024-4713_23.0,hard,2024,QF,mikhail kukushkin,yunchaokete bu,0.4969568252563476,0,kukushkin m,yunchaokete b,hard
2024-4713_26.0,hard,2024,SF,yunchaokete bu,zhizhen zhang,0.3377538919448852,0,yunchaokete b,zhang z,hard
2024-4713_6.0,hard,2024,R32,hugo gaston,yunchaokete bu,0.3869628012180328,0,gaston h,yunchaokete b,hard
2024-4787_10.0,hard,2024,R32,christopher o'connell,miomir kecmanovic,0.4163655340671539,1,oconnell c,kecmanovic m,hard
2024-4787_14.0,hard,2024,R16,lukas klein,tomas martin etcheverry,0.2864402532577514,1,klein l,martin etcheverry t,hard
2024-4787_17.0,hard,2024,R16,christopher o'connell,daniel altmaier,0.608609676361084,1,oconnell c,altmaier d,hard
2024-4787_22.0,hard,2024,QF,christopher o'connell,denis shapovalov,0.3593826591968536,0,oconnell c,shapovalov d,hard
2024-4787_5.0,hard,2024,R32,pavel kotov,tomas martin etcheverry,0.2081454545259475,0,kotov p,martin etcheverry t,hard
2024-495_11.0,hard,2024,R32,christopher o'connell,maximilian marterer,0.6308162212371826,1,oconnell c,marterer m,hard
2024-495_18.0,hard,2024,R16,botic van de zandschulp,sebastian korda,0.3691686987876892,0,de zandschulp b,korda s,hard
2024-495_22.0,hard,2024,R16,christopher o'connell,hubert hurkacz,0.1912828087806701,0,oconnell c,hurkacz h,hard
2024-495_4.0,hard,2024,R32,adrian mannarino,botic van de zandschulp,0.5245867371559143,0,mannarino a,de zandschulp b,hard
2024-496_5.0,hard,2024,R32,giulio zeppieri,zhizhen zhang,0.2012266516685485,0,zeppieri g,zhang z,hard
2024-499_16.0,hard,2024,R16,jordan thompson,nicolas moreno de alboran,0.7506471872329712,1,thompson j,de alboran n,hard
2024-499_5.0,hard,2024,R32,aleksandar kovacevic,nicolas moreno de alboran,0.5784246921539307,0,kovacevic a,de alboran n,hard
2024-5014_21.0,hard,2024,R128,christopher o'connell,matteo berrettini,0.2365196049213409,0,oconnell c,berrettini m,hard
2024-5014_24.0,hard,2024,R128,li tu,marcos giron,0.18829046189785,0,li t,giron m,hard
2024-5014_3.0,hard,2024,R128,sumit nagal,yibing wu,0.4578424394130707,0,nagal s,yibing w,hard
2024-5014_31.0,hard,2024,R128,giovanni mpetshi perricard,stan wawrinka,0.6236264705657959,0,mpetshi perricard g,wawrinka s,hard
2024-5014_32.0,hard,2024,R128,alex michelsen,yunchaokete bu,0.5658009648323059,1,michelsen a,yunchaokete b,hard
2024-5014_4.0,hard,2024,R128,botic van de zandschulp,pablo carreno busta,0.3819408416748047,1,de zandschulp b,carreno busta p,hard
2024-5014_42.0,hard,2024,R64,botic van de zandschulp,tomas martin etcheverry,0.6808693408966064,0,de zandschulp b,martin etcheverry t,hard
2024-5014_45.0,hard,2024,R64,nicolas jarry,yibing wu,0.7376779317855835,0,jarry n,yibing w,hard
2024-5014_66.0,hard,2024,R32,jannik sinner,tomas martin etcheverry,0.9339724779129028,1,sinner j,martin etcheverry t,hard
2024-5014_67.0,hard,2024,R32,carlos alcaraz,yibing wu,0.947320818901062,1,alcaraz c,yibing w,hard
2024-560_10.0,hard,2024,R128,casper ruud,yunchaokete bu,0.8933258056640625,1,ruud c,yunchaokete b,hard
2024-560_104.0,hard,2024,R32,alexander zverev,tomas martin etcheverry,0.8424584865570068,1,zverev a,martin etcheverry t,hard
2024-560_106.0,hard,2024,R32,botic van de zandschulp,jack draper,0.3135053515434265,0,de zandschulp b,draper j,hard
2024-560_107.0,hard,2024,R32,christopher o'connell,jannik sinner,0.0411001741886138,0,oconnell c,sinner j,hard
2024-560_19.0,hard,2024,R128,giovanni mpetshi perricard,tomas martin etcheverry,0.3292152881622314,0,mpetshi perricard g,martin etcheverry t,hard
2024-560_54.0,hard,2024,R128,botic van de zandschulp,denis shapovalov,0.6557759642601013,1,de zandschulp b,shapovalov d,hard
2024-560_61.0,hard,2024,R128,christopher o'connell,nicolas jarry,0.614858865737915,1,oconnell c,jarry n,hard
2024-560_63.0,hard,2024,R128,carlos alcaraz,li tu,0.9679902791976928,1,alcaraz c,li t,hard
2024-560_66.0,hard,2024,R64,francisco cerundolo,tomas martin etcheverry,0.5712741613388062,0,cerundolo f,martin etcheverry t,hard
2024-560_83.0,hard,2024,R64,christopher o'connell,mattia bellucci,0.5956684350967407,1,oconnell c,bellucci m,hard
2024-560_96.0,hard,2024,R64,botic van de zandschulp,carlos alcaraz,0.0747385546565055,1,de zandschulp b,alcaraz c,hard
2024-580_17.0,hard,2024,R128,botic van de zandschulp,jannik sinner,0.0510481186211109,0,de zandschulp b,sinner j,hard
2024-580_19.0,hard,2024,R128,daniel elahi galan,jason kubler,0.2523642182350158,1,elahi galan d,kubler j,hard
2024-580_4.0,hard,2024,R128,andy murray,tomas martin etcheverry,0.3694296479225158,0,murray a,martin etcheverry t,hard
2024-580_53.0,hard,2024,R128,cameron norrie,juan pablo varillas,0.7667456269264221,1,norrie c,pablo varillas j,hard
2024-580_66.0,hard,2024,R64,gael monfils,tomas martin etcheverry,0.6697914600372314,0,monfils g,martin etcheverry t,hard
2024-580_68.0,hard,2024,R64,ben shelton,christopher o'connell,0.7407687902450562,1,shelton b,oconnell c,hard
2024-580_7.0,hard,2024,R128,christopher o'connell,cristian garin,0.619583785533905,1,oconnell c,garin c,hard
2024-580_74.0,hard,2024,R64,daniel elahi galan,sebastian baez,0.3541321754455566,0,elahi galan d,baez s,hard
2024-580_97.0,hard,2024,R32,novak djokovic,tomas martin etcheverry,0.9478819370269777,1,djokovic n,martin etcheverry t,hard
2024-6116_10.0,hard,2024,R32,christopher o'connell,max purcell,0.604155957698822,0,oconnell c,purcell m,hard
2024-6242_12.0,hard,2024,R64,christopher o'connell,strong kirchheimer,0.8297179937362671,1,oconnell c,kirchheimer s,hard
2024-6242_21.0,hard,2024,R32,arthur rinderknech,christopher o'connell,0.5003734827041626,1,rinderknech a,oconnell c,hard
2024-6242_30.0,hard,2024,R32,tomas martin etcheverry,zizou bergs,0.4882424771785736,0,martin etcheverry t,bergs z,hard
2024-6242_4.0,hard,2024,R64,arthur cazaux,botic van de zandschulp,0.5990715026855469,1,cazaux a,de zandschulp b,hard
2024-747_14.0,hard,2024,R32,carlos alcaraz,giovanni mpetshi perricard,0.9222977161407472,1,alcaraz c,mpetshi perricard g,hard
2024-747_21.0,hard,2024,R16,lorenzo musetti,yunchaokete bu,0.6101875305175781,0,musetti l,yunchaokete b,hard
2024-747_28.0,hard,2024,QF,andrey rublev,yunchaokete bu,0.6958904266357422,0,rublev a,yunchaokete b,hard
2024-747_30.0,hard,2024,SF,jannik sinner,yunchaokete bu,0.9232887029647828,1,sinner j,yunchaokete b,hard
2024-747_9.0,hard,2024,R32,juncheng shang,yunchaokete bu,0.4565224647521972,0,shang j,yunchaokete b,hard
2024-7485_12.0,hard,2024,R32,daniel altmaier,gilles arnaud bailly,0.8608510494232178,1,altmaier d,arnaud bailly g,hard
2024-7485_13.0,hard,2024,R16,roberto bautista agut,tomas martin etcheverry,0.4880843162536621,1,bautista agut r,martin etcheverry t,hard
2024-7485_3.0,hard,2024,R32,richard gasquet,tomas martin etcheverry,0.2674827873706817,0,gasquet r,martin etcheverry t,hard
2024-7485_7.0,hard,2024,R32,botic van de zandschulp,marcos giron,0.4886169135570526,0,de zandschulp b,giron m,hard
2024-7485_9.0,hard,2024,R32,giovanni mpetshi perricard,thiago seyboth wild,0.2965913712978363,0,mpetshi perricard g,seyboth wild t,hard
2024-7581_11.0,hard,2024,R32,alexandre muller,federico agustin gomez,0.7242113947868347,0,muller a,agustin gomez f,hard
2024-7581_14.0,hard,2024,R16,giovanni mpetshi perricard,yannick hanfmann,0.2876491844654083,0,mpetshi perricard g,hanfmann y,hard
2024-7581_18.0,hard,2024,R16,christopher o'connell,lorenzo musetti,0.310958057641983,0,oconnell c,musetti l,hard
2024-7581_19.0,hard,2024,R16,alexander bublik,federico agustin gomez,0.7654266953468323,1,bublik a,agustin gomez f,hard
2024-7581_3.0,hard,2024,R32,fajing sun,giovanni mpetshi perricard,0.2382421195507049,0,fajing s,mpetshi perricard g,hard
2024-7581_9.0,hard,2024,R32,christopher o'connell,pavel kotov,0.7255229949951172,1,oconnell c,kotov p,hard
2024-7696_1.0,hard,2024,F,joao fonseca,learner tien,0.5586549639701843,1,fonseca j,tien l,hard
2024-7696_10.0,hard,2024,RR,alex michelsen,juncheng shang,0.6828697919845581,1,michelsen a,shang j,hard
2024-7696_11.0,hard,2024,RR,alex michelsen,luca van assche,0.4506266117095947,1,michelsen a,van assche l,hard
2024-7696_12.0,hard,2024,RR,alex michelsen,nishesh basavareddy,0.7622784972190857,1,michelsen a,basavareddy n,hard
2024-7696_13.0,hard,2024,RR,juncheng shang,luca van assche,0.6737802624702454,0,shang j,van assche l,hard
2024-7696_14.0,hard,2024,RR,juncheng shang,nishesh basavareddy,0.7259653210639954,0,shang j,basavareddy n,hard
2024-7696_15.0,hard,2024,RR,luca van assche,nishesh basavareddy,0.353181391954422,1,van assche l,basavareddy n,hard
2024-7696_2.0,hard,2024,SF,joao fonseca,luca van assche,0.584094762802124,1,fonseca j,van assche l,hard
2024-7696_3.0,hard,2024,SF,alex michelsen,learner tien,0.7414287328720093,0,michelsen a,tien l,hard
2024-7696_4.0,hard,2024,RR,arthur fils,jakub mensik,0.5786126255989075,1,fils a,mensik j,hard
2024-7696_7.0,hard,2024,RR,jakub mensik,learner tien,0.702951192855835,0,mensik j,tien l,hard
2024-7696_8.0,hard,2024,RR,jakub mensik,joao fonseca,0.489821046590805,0,mensik j,fonseca j,hard
2024-7696_9.0,hard,2024,RR,joao fonseca,learner tien,0.699840247631073,1,fonseca j,tien l,hard
2024-8998_16.0,hard,2024,R16,alexander shevchenko,christopher o'connell,0.5954890251159668,0,shevchenko a,oconnell c,hard
2024-8998_22.0,hard,2024,QF,christopher o'connell,sebastian korda,0.2070173919200897,0,oconnell c,korda s,hard
2024-8998_5.0,hard,2024,R32,arthur rinderknech,christopher o'connell,0.3486939370632171,0,rinderknech a,oconnell c,hard
2024-8998_6.0,hard,2024,R32,alexander shevchenko,tomas martin etcheverry,0.4993729889392853,1,shevchenko a,martin etcheverry t,hard
2024-9210_1.0,hard,2024,RR,carlos alcaraz,taylor fritz,0.719900369644165,1,alcaraz c,fritz t,hard
2024-9210_2.0,hard,2024,RR,ben shelton,daniil medvedev,0.2485607862472534,1,shelton b,medvedev d,hard
2024-9210_3.0,hard,2024,RR,alexander zverev,frances tiafoe,0.6481015086174011,1,zverev a,tiafoe f,hard
2024-9210_4.0,hard,2024,RR,ben shelton,carlos alcaraz,0.1618425101041793,0,shelton b,alcaraz c,hard
2024-9210_6.0,hard,2024,RR,daniil medvedev,frances tiafoe,0.7051658034324646,0,medvedev d,tiafoe f,hard
2024-9210_7.0,hard,2024,RR,casper ruud,francisco cerundolo,0.7092864513397217,0,ruud c,cerundolo f,hard
2024-9410_4.0,hard,2024,R32,christopher o'connell,gabriel diallo,0.6320738196372986,0,oconnell c,diallo g,hard
2024-9900_10.0,hard,2024,RR,alex de minaur,cameron norrie,0.7663180828094482,0,de minaur a,norrie c,hard
2024-9900_12.0,hard,2024,RR,cameron norrie,taylor fritz,0.4588088095188141,0,norrie c,fritz t,hard
2024-9900_13.0,hard,2024,RR,nicolas jarry,steven diez,0.8632180094718933,1,jarry n,diez s,hard
2024-9900_14.0,hard,2024,RR,nicolas jarry,stefanos sakellaridis,0.8873577117919922,1,jarry n,sakellaridis s,hard
2024-9900_15.0,hard,2024,RR,stefanos tsitsipas,steven diez,0.9250625371932985,1,tsitsipas s,diez s,hard
2024-9900_16.0,hard,2024,RR,alejandro davidovich fokina,thiago seyboth wild,0.7928429245948792,1,davidovich fokina a,seyboth wild t,hard
2024-9900_17.0,hard,2024,RR,hubert hurkacz,thiago seyboth wild,0.9038830399513244,1,hurkacz h,seyboth wild t,hard
2024-9900_18.0,hard,2024,RR,alejandro davidovich fokina,hubert hurkacz,0.2625834047794342,1,davidovich fokina a,hurkacz h,hard
2024-9900_2.0,hard,2024,RR,borna coric,casper ruud,0.6821908354759216,0,coric b,ruud c,hard
2024-9900_21.0,hard,2024,QF,adrian mannarino,casper ruud,0.4394888579845428,0,mannarino a,ruud c,hard
2024-9900_22.0,hard,2024,QF,hubert hurkacz,zhizhen zhang,0.7716629505157471,1,hurkacz h,zhang z,hard
2024-9900_24.0,hard,2024,SF,adrian mannarino,hubert hurkacz,0.2433036565780639,0,mannarino a,hurkacz h,hard
2024-9900_3.0,hard,2024,RR,borna coric,tallon griekspoor,0.3216492235660553,1,coric b,griekspoor t,hard
2024-9900_4.0,hard,2024,RR,novak djokovic,zhizhen zhang,0.9666898250579834,1,djokovic n,zhang z,hard
2024-9900_5.0,hard,2024,RR,jiri lehecka,novak djokovic,0.0509731210768222,0,lehecka j,djokovic n,hard
2024-9900_6.0,hard,2024,RR,jiri lehecka,zhizhen zhang,0.5357339978218079,0,lehecka j,zhang z,hard
2024-9900_8.0,hard,2024,RR,adrian mannarino,alexander zverev,0.2708222866058349,0,mannarino a,zverev a,hard
2024-M-DC-2024-FLS-1-M-A-BEL-BRA-01_1.0,hard,2024,RR,joao fonseca,raphael collignon,0.6277552247047424,1,fonseca j,collignon r,hard
2024-M-DC-2024-FLS-1-M-A-BEL-BRA-01_2.0,hard,2024,RR,thiago monteiro,zizou bergs,0.4870976209640503,1,monteiro t,bergs z,hard
2024-M-DC-2024-FLS-1-M-A-ITA-BEL-01_1.0,hard,2024,RR,alexander blockx,matteo berrettini,0.1103831306099891,0,blockx a,berrettini m,hard
2024-M-DC-2024-FLS-1-M-A-ITA-BRA-01_1.0,hard,2024,RR,joao fonseca,matteo berrettini,0.130589097738266,0,fonseca j,berrettini m,hard
2024-M-DC-2024-FLS-1-M-A-ITA-BRA-01_2.0,hard,2024,RR,matteo arnaldi,thiago monteiro,0.6752046346664429,1,arnaldi m,monteiro t,hard
2024-M-DC-2024-FLS-1-M-A-ITA-NED-01_1.0,hard,2024,RR,botic van de zandschulp,matteo berrettini,0.2819037139415741,0,de zandschulp b,berrettini m,hard
2024-M-DC-2024-FLS-1-M-A-ITA-NED-01_2.0,hard,2024,RR,flavio cobolli,tallon griekspoor,0.5447136759757996,1,cobolli f,griekspoor t,hard
2024-M-DC-2024-FLS-1-M-A-NED-BEL-01_1.0,hard,2024,RR,botic van de zandschulp,raphael collignon,0.4730964303016662,1,de zandschulp b,collignon r,hard
2024-M-DC-2024-FLS-1-M-A-NED-BEL-01_2.0,hard,2024,RR,tallon griekspoor,zizou bergs,0.7205945253372192,0,griekspoor t,bergs z,hard
2024-M-DC-2024-FLS-1-M-A-NED-BRA-01_1.0,hard,2024,RR,botic van de zandschulp,joao fonseca,0.6732993721961975,0,de zandschulp b,fonseca j,hard
2024-M-DC-2024-FLS-1-M-A-NED-BRA-01_2.0,hard,2024,RR,tallon griekspoor,thiago monteiro,0.6205185055732727,1,griekspoor t,monteiro t,hard
2024-M-DC-2024-FLS-2-M-B-AUS-CZE-01_1.0,hard,2024,RR,jakub mensik,thanasi kokkinakis,0.3079287111759186,0,mensik j,kokkinakis t,hard
2024-M-DC-2024-FLS-2-M-B-AUS-ESP-01_1.0,hard,2024,RR,jordan thompson,pablo carreno busta,0.6583790183067322,0,thompson j,carreno busta p,hard
2024-M-DC-2024-FLS-2-M-B-AUS-FRA-01_1.0,hard,2024,RR,arthur fils,thanasi kokkinakis,0.5672162771224976,0,fils a,kokkinakis t,hard
2024-M-DC-2024-FLS-2-M-B-AUS-FRA-01_2.0,hard,2024,RR,alexei popyrin,ugo humbert,0.4916912913322449,0,popyrin a,humbert u,hard
2024-M-DC-2024-FLS-2-M-B-CZE-FRA-01_1.0,hard,2024,RR,arthur rinderknech,jakub mensik,0.3183154761791229,0,rinderknech a,mensik j,hard
2024-M-DC-2024-FLS-2-M-B-CZE-FRA-01_2.0,hard,2024,RR,arthur fils,jiri lehecka,0.4130539298057556,1,fils a,lehecka j,hard
2024-M-DC-2024-FLS-2-M-B-FRA-ESP-01_1.0,hard,2024,RR,arthur fils,roberto bautista agut,0.5658444762229919,0,fils a,bautista agut r,hard
2024-M-DC-2024-FLS-3-M-C-GER-CHI-01_1.0,hard,2024,RR,maximilian marterer,tomas barrios vera,0.6825454831123352,1,marterer m,barrios vera t,hard
2024-M-DC-2024-FLS-3-M-C-GER-SVK-01_1.0,hard,2024,RR,lukas klein,maximilian marterer,0.3500590324401855,0,klein l,marterer m,hard
2024-M-DC-2024-FLS-3-M-C-GER-SVK-01_2.0,hard,2024,RR,jozef kovalik,yannick hanfmann,0.2791750431060791,0,kovalik j,hanfmann y,hard
2024-M-DC-2024-FLS-3-M-C-GER-USA-01_1.0,hard,2024,RR,henri squire,reilly opelka,0.2288706451654434,0,squire h,opelka r,hard
2024-M-DC-2024-FLS-3-M-C-GER-USA-01_2.0,hard,2024,RR,brandon nakashima,maximilian marterer,0.7791284918785095,1,nakashima b,marterer m,hard
2024-M-DC-2024-FLS-3-M-C-SVK-CHI-01_1.0,hard,2024,RR,cristian garin,norbert gombos,0.784890353679657,1,garin c,gombos n,hard
2024-M-DC-2024-FLS-3-M-C-SVK-CHI-01_2.0,hard,2024,RR,alejandro tabilo,jozef kovalik,0.6998829245567322,0,tabilo a,kovalik j,hard
2024-M-DC-2024-FLS-3-M-C-USA-CHI-01_1.0,hard,2024,RR,cristian garin,reilly opelka,0.351561576128006,0,garin c,opelka r,hard
2024-M-DC-2024-FLS-3-M-C-USA-SVK-01_1.0,hard,2024,RR,lukas klein,mackenzie mcdonald,0.5996536016464233,0,klein l,mcdonald m,hard
2024-M-DC-2024-FLS-3-M-C-USA-SVK-01_2.0,hard,2024,RR,brandon nakashima,jozef kovalik,0.7939255833625793,1,nakashima b,kovalik j,hard
2024-M-DC-2024-FLS-4-M-D-CAN-ARG-01_1.0,hard,2024,RR,denis shapovalov,francisco cerundolo,0.4356577098369598,1,shapovalov d,cerundolo f,hard
2024-M-DC-2024-FLS-4-M-D-CAN-FIN-01_1.0,hard,2024,RR,denis shapovalov,eero vasa,0.8804181814193726,1,shapovalov d,vasa e,hard
2024-M-DC-2024-FLS-4-M-D-CAN-FIN-01_2.0,hard,2024,RR,felix auger-aliassime,otto virtanen,0.7609575390815735,1,auger-aliassime f,virtanen o,hard
2024-M-DC-2024-FLS-4-M-D-CAN-GBR-01_1.0,hard,2024,RR,daniel evans,denis shapovalov,0.4348470866680145,0,evans d,shapovalov d,hard
2024-M-DC-2024-FLS-4-M-D-FIN-ARG-01_1.0,hard,2024,RR,eero vasa,tomas martin etcheverry,0.1031426414847374,0,vasa e,martin etcheverry t,hard
2024-M-DC-2024-FLS-4-M-D-FIN-ARG-01_2.0,hard,2024,RR,francisco cerundolo,otto virtanen,0.6966432332992554,1,cerundolo f,virtanen o,hard
2024-M-DC-2024-FLS-4-M-D-FIN-GBR-01_1.0,hard,2024,RR,daniel evans,eero vasa,0.8470279574394226,1,evans d,vasa e,hard
2024-M-DC-2024-FLS-4-M-D-FIN-GBR-01_2.0,hard,2024,RR,billy harris,otto virtanen,0.3058770000934601,1,harris b,virtanen o,hard
2024-M-DC-2024-FLS-4-M-D-GBR-ARG-01_1.0,hard,2024,RR,daniel evans,tomas martin etcheverry,0.6281826496124268,0,evans d,martin etcheverry t,hard
2024-M-DC-2024-FLS-4-M-D-GBR-ARG-01_2.0,hard,2024,RR,francisco cerundolo,jack draper,0.4594265818595886,1,cerundolo f,draper j,hard
2024-M-DC-2024-FLS-M-GER-CAN-01_1.0,hard,2024,RR,daniel altmaier,gabriel diallo,0.5885192155838013,1,altmaier d,diallo g,hard
2024-M-DC-2024-FLS-M-GER-CAN-01_2.0,hard,2024,RR,denis shapovalov,jan-lennard struff,0.6115478277206421,0,shapovalov d,struff j,hard
2024-M-DC-2024-FLS-M-GER-NED-01_1.0,hard,2024,RR,botic van de zandschulp,daniel altmaier,0.5784798264503479,1,de zandschulp b,altmaier d,hard
2024-M-DC-2024-FLS-M-GER-NED-01_2.0,hard,2024,RR,jan-lennard struff,tallon griekspoor,0.4536829590797424,0,struff j,griekspoor t,hard
2024-M-DC-2024-FLS-M-ITA-AUS-01_1.0,hard,2024,RR,matteo berrettini,thanasi kokkinakis,0.3712476789951324,1,berrettini m,kokkinakis t,hard
2024-M-DC-2024-FLS-M-ITA-NED-01_1.0,hard,2024,RR,botic van de zandschulp,matteo berrettini,0.3190788030624389,0,de zandschulp b,berrettini m,hard
2024-M-DC-2024-FLS-M-NED-ESP-01_1.0,hard,2024,RR,botic van de zandschulp,rafael nadal,0.4057446718215942,1,de zandschulp b,nadal r,hard
2024-M-DC-2024-FLS-M-USA-AUS-01_1.0,hard,2024,RR,ben shelton,thanasi kokkinakis,0.7701104283332825,0,shelton b,kokkinakis t,hard
2024-M-DC-2024-QLS-M-CAN-KOR-01_1.0,hard,2024,RR,gabriel diallo,soonwoo kwon,0.5547924041748047,1,diallo g,kwon s,hard
2024-M-DC-2024-QLS-M-CAN-KOR-01_2.0,hard,2024,RR,seongchan hong,vasek pospisil,0.5124876499176025,0,hong s,pospisil v,hard
2024-M-DC-2024-QLS-M-CAN-KOR-01_3.0,hard,2024,RR,gabriel diallo,seongchan hong,0.7425309419631958,1,diallo g,hong s,hard
2024-M-DC-2024-QLS-M-CHI-PER-01_1.0,hard,2024,RR,alejandro tabilo,juan pablo varillas,0.6395715475082397,1,tabilo a,pablo varillas j,hard
2024-M-DC-2024-QLS-M-CHI-PER-01_2.0,hard,2024,RR,ignacio buse,nicolas jarry,0.1610474735498428,1,buse i,jarry n,hard
2024-M-DC-2024-QLS-M-CHI-PER-01_3.0,hard,2024,RR,juan pablo varillas,nicolas jarry,0.2743942439556122,0,pablo varillas j,jarry n,hard
2024-M-DC-2024-QLS-M-CHI-PER-01_4.0,hard,2024,RR,alejandro tabilo,ignacio buse,0.8316431045532227,1,tabilo a,buse i,hard
2024-M-DC-2024-QLS-M-CRO-BEL-01_1.0,hard,2024,RR,marin cilic,zizou bergs,0.4456926882266998,0,cilic m,bergs z,hard
2024-M-DC-2024-QLS-M-CRO-BEL-01_2.0,hard,2024,RR,duje ajdukovic,joris de loore,0.6154648661613464,1,ajdukovic d,de loore j,hard
2024-M-DC-2024-QLS-M-CRO-BEL-01_3.0,hard,2024,RR,duje ajdukovic,zizou bergs,0.3540117442607879,0,ajdukovic d,bergs z,hard
2024-M-DC-2024-QLS-M-CZE-ISR-01_1.0,hard,2024,RR,jakub mensik,yshai oliel,0.7916305065155029,1,mensik j,oliel y,hard
2024-M-DC-2024-QLS-M-CZE-ISR-01_2.0,hard,2024,RR,daniel cukierman,jiri lehecka,0.109107956290245,0,cukierman d,lehecka j,hard
2024-M-DC-2024-QLS-M-CZE-ISR-01_3.0,hard,2024,RR,orel kimhi,vit kopriva,0.5065382719039917,0,kimhi o,kopriva v,hard
2024-M-DC-2024-QLS-M-FIN-POR-01_1.0,hard,2024,RR,nuno borges,otto virtanen,0.7321545481681824,0,borges n,virtanen o,hard
2024-M-DC-2024-QLS-M-FIN-POR-01_2.0,hard,2024,RR,emil ruusuvuori,joao sousa,0.8359239101409912,1,ruusuvuori e,sousa j,hard
2024-M-DC-2024-QLS-M-FIN-POR-01_3.0,hard,2024,RR,eero vasa,henrique rocha,0.2124039083719253,0,vasa e,rocha h,hard
2024-M-DC-2024-QLS-M-HUN-GER-01_1.0,hard,2024,RR,dominik koepfer,fabian marozsan,0.4419122338294983,1,koepfer d,marozsan f,hard
2024-M-DC-2024-QLS-M-HUN-GER-01_2.0,hard,2024,RR,jan-lennard struff,marton fucsovics,0.5465036034584045,0,struff j,fucsovics m,hard
2024-M-DC-2024-QLS-M-HUN-GER-01_3.0,hard,2024,RR,jan-lennard struff,mate valkusz,0.811568021774292,1,struff j,valkusz m,hard
2024-M-DC-2024-QLS-M-HUN-GER-01_4.0,hard,2024,RR,kevin krawietz,zsombor piros,0.0491517260670661,0,krawietz k,piros z,hard
2024-M-DC-2024-QLS-M-NED-SUI-01_1.0,hard,2024,RR,marc-andrea huesler,tallon griekspoor,0.1502605080604553,0,huesler m,griekspoor t,hard
2024-M-DC-2024-QLS-M-NED-SUI-01_2.0,hard,2024,RR,botic van de zandschulp,leandro riedi,0.8106846213340759,0,de zandschulp b,riedi l,hard
2024-M-DC-2024-QLS-M-NED-SUI-01_3.0,hard,2024,RR,leandro riedi,tallon griekspoor,0.2295039296150207,0,riedi l,griekspoor t,hard
2024-M-DC-2024-QLS-M-NED-SUI-01_4.0,hard,2024,RR,botic van de zandschulp,marc-andrea huesler,0.6858587861061096,1,de zandschulp b,huesler m,hard
2024-M-DC-2024-QLS-M-SWE-BRA-01_1.0,hard,2024,RR,karl friberg,thiago monteiro,0.526196300983429,0,friberg k,monteiro t,hard
2024-M-DC-2024-QLS-M-SWE-BRA-01_2.0,hard,2024,RR,elias ymer,gustavo heide,0.6839601993560791,1,ymer e,heide g,hard
2024-M-DC-2024-QLS-M-SWE-BRA-01_3.0,hard,2024,RR,elias ymer,thiago monteiro,0.4916293025016784,0,ymer e,monteiro t,hard
2024-M-DC-2024-QLS-M-TPE-FRA-01_1.0,hard,2024,RR,luca van assche,yu hsiou hsu,0.6650012135505676,1,van assche l,yu hsiou h,hard
2024-M-DC-2024-QLS-M-TPE-FRA-01_2.0,hard,2024,RR,adrian mannarino,tung-lin wu,0.8719143271446228,1,mannarino a,tung-lin w,hard
2024-M-DC-2024-QLS-M-TPE-FRA-01_3.0,hard,2024,RR,chun-hsin tseng,quentin halys,0.2192835509777069,0,tseng c,halys q,hard
2024-M-DC-2024-QLS-M-UKR-USA-01_1.0,hard,2024,RR,oleksii krutykh,sebastian korda,0.1310193091630935,0,krutykh o,korda s,hard
2024-M-DC-2024-QLS-M-UKR-USA-01_2.0,hard,2024,RR,christopher eubanks,viacheslav bielinskyi,0.8196904063224792,1,eubanks c,bielinskyi v,hard
2024-M-DC-2024-QLS-M-UKR-USA-01_3.0,hard,2024,RR,taylor fritz,vladyslav orlov,0.9340267777442932,1,fritz t,orlov v,hard
2024-M-DC-2024-WG1-M-CRO-LTU-01_1.0,hard,2024,RR,borna gojo,vilius gaubas,0.371633917093277,1,gojo b,gaubas v,hard
2024-M-DC-2024-WG1-M-CRO-LTU-01_2.0,hard,2024,RR,duje ajdukovic,edas butvilas,0.7179935574531555,1,ajdukovic d,butvilas e,hard
2024-M-DC-2024-WG1-M-CRO-LTU-01_3.0,hard,2024,RR,matej dodig,vilius gaubas,0.6244192719459534,1,dodig m,gaubas v,hard
2024-M-DC-2024-WG1-M-ISR-UKR-01_1.0,hard,2024,RR,oleksandr ovcharenko,yshai oliel,0.3651177883148193,0,ovcharenko o,oliel y,hard
2024-M-DC-2024-WG1-M-ISR-UKR-01_2.0,hard,2024,RR,daniel cukierman,vitaliy sachko,0.6676108837127686,1,cukierman d,sachko v,hard
2024-M-DC-2024-WG1-M-ISR-UKR-01_3.0,hard,2024,RR,oleksii krutykh,yshai oliel,0.352025032043457,0,krutykh o,oliel y,hard
2024-M-DC-2024-WG1-M-JPN-COL-01_1.0,hard,2024,RR,adria soriano barrera,yoshihito nishioka,0.1301954239606857,0,soriano barrera a,nishioka y,hard
2024-M-DC-2024-WG1-M-JPN-COL-01_2.0,hard,2024,RR,kei nishikori,nicolas mejia,0.5923370122909546,1,nishikori k,mejia n,hard
2024-M-DC-2024-WG1-M-JPN-COL-01_3.0,hard,2024,RR,nicolas mejia,yoshihito nishioka,0.1455987840890884,0,mejia n,nishioka y,hard
2024-M-DC-2024-WG1-M-KAZ-DEN-01_1.0,hard,2024,RR,alexander bublik,elmer moller,0.836774468421936,0,bublik a,moller e,hard
2024-M-DC-2024-WG1-M-KAZ-DEN-01_2.0,hard,2024,RR,alexander shevchenko,august holmgren,0.7712604403495789,0,shevchenko a,holmgren a,hard
2024-M-DC-2024-WG1-M-KAZ-DEN-01_3.0,hard,2024,RR,beibit zhukayev,philip hjorth,0.6942331790924072,1,zhukayev b,hjorth p,hard
2024-M-DC-2024-WG1-M-NOR-POR-01_1.0,hard,2024,RR,jaime faria,nicolai budkov kjaer,0.7714228630065918,0,faria j,budkov kjaer n,hard
2024-M-DC-2024-WG1-M-NOR-POR-01_2.0,hard,2024,RR,casper ruud,henrique rocha,0.8983062505722046,0,ruud c,rocha h,hard
2024-M-DC-2024-WG1-M-NOR-POR-01_3.0,hard,2024,RR,casper ruud,jaime faria,0.747545063495636,1,ruud c,faria j,hard
2024-M-DC-2024-WG1-M-POL-KOR-01_1.0,hard,2024,RR,maks kasnikowski,seongchan hong,0.712994396686554,0,kasnikowski m,hong s,hard
2024-M-DC-2024-WG1-M-POL-KOR-01_2.0,hard,2024,RR,kamil majchrzak,soonwoo kwon,0.4495791494846344,0,majchrzak k,kwon s,hard
2024-M-DC-2024-WG1-M-POL-KOR-01_3.0,hard,2024,RR,martyn pawelski,minkyu song,0.8561224937438965,1,pawelski m,song m,hard
2024-M-DC-2024-WG1-M-SRB-GRE-01_1.0,hard,2024,RR,aristotelis thanos,miomir kecmanovic,0.1549481302499771,0,thanos a,kecmanovic m,hard
2024-M-DC-2024-WG1-M-SRB-GRE-01_2.0,hard,2024,RR,ioannis xilas,novak djokovic,0.0232009328901767,0,xilas i,djokovic n,hard
2024-M-DC-2024-WG1-M-SRB-GRE-01_3.0,hard,2024,RR,dimitris azoidis,dusan lajovic,0.065387487411499,1,azoidis d,lajovic d,hard
2024-M-DC-2024-WG1-M-SUI-PER-01_1.0,hard,2024,RR,ignacio buse,jerome kym,0.6158105134963989,0,buse i,jerome k,hard
2024-M-DC-2024-WG1-M-SUI-PER-01_2.0,hard,2024,RR,juan pablo varillas,marc-andrea huesler,0.5053367614746094,0,pablo varillas j,huesler m,hard
2024-M-DC-2024-WG1-M-SUI-PER-01_3.0,hard,2024,RR,gonzalo bueno,remy bertola,0.3511719703674316,0,bueno g,bertola r,hard
2024-M-DC-2024-WG1-M-SWE-IND-01_1.0,hard,2024,RR,elias ymer,n.sriram balaji,0.9119539856910706,1,ymer e,balaji n,hard
2024-M-DC-2024-WG1-M-SWE-IND-01_2.0,hard,2024,RR,leo borg,ramkumar ramanathan,0.6286033391952515,1,borg l,ramanathan r,hard
2024-M-DC-2024-WG1-M-SWE-IND-01_3.0,hard,2024,RR,elias ymer,siddharth vishwakarma,0.773496687412262,1,ymer e,vishwakarma s,hard
2024-M-DC-2024-WG1-M-TPE-BIH-01_1.0,hard,2024,RR,chun-hsin tseng,mirza basic,0.6675168871879578,0,tseng c,basic m,hard
2024-M-DC-2024-WG1-M-TPE-BIH-01_2.0,hard,2024,RR,damir dzumhur,tung-lin wu,0.6517619490623474,0,dzumhur d,tung-lin w,hard
2024-M-DC-2024-WG1-M-TPE-BIH-01_3.0,hard,2024,RR,chun-hsin tseng,damir dzumhur,0.6153093576431274,0,tseng c,dzumhur d,hard
2024-M-DC-2024-WG1-M-TPE-BIH-01_4.0,hard,2024,RR,mirza basic,tung-lin wu,0.3065851330757141,0,basic m,tung-lin w,hard
2024-M-DC-2024-WG1-PO-BUL-BIH-01_1.0,hard,2024,RR,dimitar kuzmanov,nerman fatic,0.6398749947547913,0,kuzmanov d,fatic n,hard
2024-M-DC-2024-WG1-PO-BUL-BIH-01_2.0,hard,2024,RR,damir dzumhur,yanaki milev,0.7691291570663452,1,dzumhur d,milev y,hard
2024-M-DC-2024-WG1-PO-BUL-BIH-01_3.0,hard,2024,RR,andrej nedic,petr nesterov,0.3468011021614074,0,nedic a,nesterov p,hard
2024-M-DC-2024-WG1-PO-GRE-ROU-01_1.0,hard,2024,RR,marius copil,stefanos tsitsipas,0.1689167320728302,0,copil m,tsitsipas s,hard
2024-M-DC-2024-WG1-PO-GRE-ROU-01_2.0,hard,2024,RR,aristotelis thanos,nicholas david ionel,0.1726608127355575,1,thanos a,david ionel n,hard
2024-M-DC-2024-WG1-PO-GRE-ROU-01_3.0,hard,2024,RR,ioannis xilas,luca preda,0.4600113332271576,1,xilas i,preda l,hard
2024-M-DC-2024-WG1-PO-IRL-AUT-01_1.0,hard,2024,RR,dominic thiem,michael agwi,0.8459571599960327,1,thiem d,agwi m,hard
2024-M-DC-2024-WG1-PO-IRL-AUT-01_2.0,hard,2024,RR,osgar o'hoisin,sebastian ofner,0.0826781615614891,0,ohoisin o,ofner s,hard
2024-M-DC-2024-WG1-PO-IRL-AUT-01_3.0,hard,2024,RR,lucas miedler,michael agwi,0.3176487684249878,1,miedler l,agwi m,hard
2024-M-DC-2024-WG1-PO-LTU-GEO-01_1.0,hard,2024,RR,saba purtseladze,vilius gaubas,0.3354218602180481,1,purtseladze s,gaubas v,hard
2024-M-DC-2024-WG1-PO-LTU-GEO-01_2.0,hard,2024,RR,ricardas berankis,zura tkemaladze,0.6219115257263184,1,berankis r,tkemaladze z,hard
2024-M-DC-2024-WG1-PO-LTU-GEO-01_3.0,hard,2024,RR,ricardas berankis,saba purtseladze,0.6747313737869263,1,berankis r,purtseladze s,hard
2024-M-DC-2024-WG1-PO-LTU-GEO-01_4.0,hard,2024,RR,vilius gaubas,zura tkemaladze,0.7412481904029846,1,gaubas v,tkemaladze z,hard
2024-M-DC-2024-WG1-PO-NOR-LAT-01_1.0,hard,2024,RR,robert strombachs,viktor durasovic,0.6373023390769958,0,strombachs r,durasovic v,hard
2024-M-DC-2024-WG1-PO-NOR-LAT-01_2.0,hard,2024,RR,casper ruud,martins rocens,0.99325430393219,1,ruud c,rocens m,hard
2024-M-DC-2024-WG1-PO-NOR-LAT-01_3.0,hard,2024,RR,davis rolis,nicolai budkov kjaer,0.6276081204414368,0,rolis d,budkov kjaer n,hard
2024-M-DC-2024-WG1-PO-NZL-TUR-01_1.0,hard,2024,RR,cem ilkel,kiranpal pannu,0.5872267484664917,0,ilkel c,pannu k,hard
2024-M-DC-2024-WG1-PO-NZL-TUR-01_2.0,hard,2024,RR,ajeet rai,yanki erel,0.3653317391872406,0,ajeet r,erel y,hard
2024-M-DC-2024-WG1-PO-NZL-TUR-01_3.0,hard,2024,RR,ajeet rai,altug celikbilek,0.528508722782135,0,ajeet r,celikbilek a,hard
2024-M-DC-2024-WG1-PO-UZB-POL-01_1.0,hard,2024,RR,hubert hurkacz,sergey fomin,0.9550869464874268,1,hurkacz h,fomin s,hard
2024-M-DC-2024-WG1-PO-UZB-POL-01_2.0,hard,2024,RR,khumoyun sultanov,maks kasnikowski,0.5938274264335632,0,sultanov k,kasnikowski m,hard
2024-M-DC-2024-WG1-PO-UZB-POL-01_3.0,hard,2024,RR,kamil majchrzak,maxim shin,0.7106606364250183,1,majchrzak k,shin m,hard
2024-M-DC-2024-WG2-M-BAR-PAK-01_1.0,hard,2024,RR,darian king,muhammad shoaib,0.8453412652015686,1,king d,shoaib m,hard
2024-M-DC-2024-WG2-M-BAR-PAK-01_2.0,hard,2024,RR,aqeel khan,kaipo marshall,0.5565047264099121,1,khan a,marshall k,hard
2024-M-DC-2024-WG2-M-BAR-PAK-01_3.0,hard,2024,RR,darian king,yousaf khalil,0.8535321354866028,1,king d,khalil y,hard
2024-M-DC-2024-WG2-M-GEO-MEX-01_1.0,hard,2024,RR,alan fernando rubio fierros,saba purtseladze,0.2798073887825012,1,rubio fierros a,purtseladze s,hard
2024-M-DC-2024-WG2-M-GEO-MEX-01_2.0,hard,2024,RR,aleksandre bakshi,rodrigo pacheco mendez,0.3464123904705047,1,bakshi a,pacheco mendez r,hard
2024-M-DC-2024-WG2-M-GEO-MEX-01_3.0,hard,2024,RR,rodrigo pacheco mendez,saba purtseladze,0.471666544675827,1,pacheco mendez r,purtseladze s,hard
2024-M-DC-2024-WG2-M-GEO-MEX-01_4.0,hard,2024,RR,alan fernando rubio fierros,aleksandre bakshi,0.4536787867546081,0,rubio fierros a,bakshi a,hard
2024-M-DC-2024-WG2-M-HKG-ECU-01_1.0,hard,2024,RR,andres andrade,jack cheng,0.8445596098899841,1,andrade a,cheng j,hard
2024-M-DC-2024-WG2-M-HKG-ECU-01_2.0,hard,2024,RR,coleman wong,marcos lee chan baratau,0.849594235420227,1,wong c,chan baratau m,hard
2024-M-DC-2024-WG2-M-HKG-ECU-01_3.0,hard,2024,RR,andres andrade,coleman wong,0.6199347972869873,0,andrade a,wong c,hard
2024-M-DC-2024-WG2-M-HKG-ECU-01_4.0,hard,2024,RR,gonzalo escobar,ki lung ng,0.3786157965660095,1,escobar g,ki lung n,hard
2024-M-DC-2024-WG2-M-NZL-LUX-01_1.0,hard,2024,RR,alex knaff,kiranpal pannu,0.6187381148338318,1,knaff a,pannu k,hard
2024-M-DC-2024-WG2-M-NZL-LUX-01_2.0,hard,2024,RR,ajeet rai,chris rodesch,0.4227022528648376,0,ajeet r,rodesch c,hard
2024-M-DC-2024-WG2-M-NZL-LUX-01_3.0,hard,2024,RR,chris rodesch,jack loutit,0.7459009885787964,0,rodesch c,loutit j,hard
2024-M-DC-2024-WG2-M-NZL-LUX-01_4.0,hard,2024,RR,alex knaff,rubin statham,0.848956286907196,1,knaff a,statham r,hard
2024-M-DC-2024-WG2-M-ROU-CHN-01_1.0,hard,2024,RR,cezar cretu,yunchaokete bu,0.6757918000221252,1,cretu c,yunchaokete b,hard
2024-M-DC-2024-WG2-M-ROU-CHN-01_2.0,hard,2024,RR,gabi adrian boitan,yi zhou,0.6269853115081787,1,adrian boitan g,zhou y,hard
2024-M-DC-2024-WG2-M-ROU-CHN-01_3.0,hard,2024,RR,gabi adrian boitan,yunchaokete bu,0.3025975525379181,0,adrian boitan g,yunchaokete b,hard
2024-M-DC-2024-WG2-M-ROU-CHN-01_4.0,hard,2024,RR,cezar cretu,rigele te,0.746552050113678,1,cretu c,rigele t,hard
2024-M-DC-2024-WG2-M-TOG-LAT-01_1.0,hard,2024,RR,davis rolis,thomas yaka kofi setodji,0.4635228216648102,0,rolis d,kofi setodji t,hard
2024-M-DC-2024-WG2-M-TOG-LAT-01_2.0,hard,2024,RR,daniels tens,liova ajavon,0.6603908538818359,0,tens d,ajavon l,hard
2024-M-DC-2024-WG2-M-TOG-LAT-01_3.0,hard,2024,RR,daniels tens,thomas yaka kofi setodji,0.33421191573143,0,tens d,kofi setodji t,hard
2024-M-DC-2024-WG2-M-UZB-EST-01_1.0,hard,2024,RR,mark lajal,sergey fomin,0.6944437026977539,1,lajal m,fomin s,hard
2024-M-DC-2024-WG2-M-UZB-EST-01_2.0,hard,2024,RR,khumoyun sultanov,kristjan tamm,0.8172646164894104,1,sultanov k,tamm k,hard
2024-M-DC-2024-WG2-M-UZB-EST-01_3.0,hard,2024,RR,khumoyun sultanov,mark lajal,0.3401972949504852,1,sultanov k,lajal m,hard
2024-M-DC-2024-WG2-PO-CHN-SLO-01_1.0,hard,2024,RR,matic kriznik,zhizhen zhang,0.0693535655736923,0,kriznik m,zhang z,hard
2024-M-DC-2024-WG2-PO-CHN-SLO-01_2.0,hard,2024,RR,sebastian dominko,yi zhou,0.3095016777515411,0,dominko s,zhou y,hard
2024-M-DC-2024-WG2-PO-CHN-SLO-01_3.0,hard,2024,RR,sebastian dominko,zhizhen zhang,0.0528409108519554,1,dominko s,zhang z,hard
2024-M-DC-2024-WG2-PO-CHN-SLO-01_4.0,hard,2024,RR,matic kriznik,yi zhou,0.2736408114433288,0,kriznik m,zhou y,hard
2024-M-DC-2024-WG2-PO-CYP-MAR-01_1.0,hard,2024,RR,petros chrysochos,yassine dlimi,0.1848028302192688,0,chrysochos p,dlimi y,hard
2024-M-DC-2024-WG2-PO-CYP-MAR-01_2.0,hard,2024,RR,elliot benchetrit,menelaos efstathiou,0.786873996257782,1,benchetrit e,efstathiou m,hard
2024-M-DC-2024-WG2-PO-CYP-MAR-01_3.0,hard,2024,RR,hamza karmoussi,stylianos christodoulou,0.259538322687149,0,karmoussi h,christodoulou s,hard
2024-M-DC-2024-WG2-PO-ESA-POC-01_1.0,hard,2024,RR,diego duran,gillian osmont,0.3568565547466278,1,duran d,osmont g,hard
2024-M-DC-2024-WG2-PO-ESA-POC-01_2.0,hard,2024,RR,heve kelley,marcelo arevalo,0.5628343224525452,0,kelley h,arevalo m,hard
2024-M-DC-2024-WG2-PO-ESA-POC-01_3.0,hard,2024,RR,juan carlos fuentes vasquez,matavao fanguna,0.5018987655639648,1,fuentes vasquez j,fanguna m,hard
2024-M-DC-2024-WG2-PO-HKG-ZIM-01_1.0,hard,2024,RR,benjamin lock,hong kit wong,0.9223529100418092,0,lock b,kit wong h,hard
2024-M-DC-2024-WG2-PO-HKG-ZIM-01_2.0,hard,2024,RR,coleman wong,courtney john lock,0.9101433157920836,1,wong c,john lock c,hard
2024-M-DC-2024-WG2-PO-HKG-ZIM-01_3.0,hard,2024,RR,benedict badza,kwok shun dasson chan,0.5018987655639648,1,badza b,dasson chan k,hard
2024-M-DC-2024-WG2-PO-JAM-BAR-01_1.0,hard,2024,RR,blaise bicknell,kaipo marshall,0.9205172657966614,1,bicknell b,marshall k,hard
2024-M-DC-2024-WG2-PO-JAM-BAR-01_2.0,hard,2024,RR,darian king,rowland phillips,0.914370894432068,1,king d,phillips r,hard
2024-M-DC-2024-WG2-PO-JAM-BAR-01_3.0,hard,2024,RR,blaise bicknell,darian king,0.6119159460067749,1,bicknell b,king d,hard
2024-M-DC-2024-WG2-PO-JAM-BAR-01_4.0,hard,2024,RR,kaipo marshall,rowland phillips,0.3452678024768829,1,marshall k,phillips r,hard
2024-M-DC-2024-WG2-PO-TOG-INA-01_1.0,hard,2024,RR,komlavi loglo,m rifki fitriadi,0.1512721478939056,0,loglo k,rifki fitriadi m,hard
2024-M-DC-2024-WG2-PO-TOG-INA-01_2.0,hard,2024,RR,anthony susanto,thomas yaka kofi setodji,0.3402805030345917,0,susanto a,kofi setodji t,hard
2024-M-DC-2024-WG2-PO-TOG-INA-01_3.0,hard,2024,RR,m rifki fitriadi,thomas yaka kofi setodji,0.834194540977478,1,rifki fitriadi m,kofi setodji t,hard
2024-M-DC-2024-WG2-PO-TOG-INA-01_4.0,hard,2024,RR,anthony susanto,komlavi loglo,0.6033148765563965,0,susanto a,loglo k,hard
2024-M-DC-2024-WG2-PO-TUN-CRC-01_1.0,hard,2024,RR,jesse flores,moez echargui,0.1695356965065002,0,flores j,echargui m,hard
2024-M-DC-2024-WG2-PO-TUN-CRC-01_2.0,hard,2024,RR,aziz dougaz,rodrigo crespo piedra,0.8696066737174988,1,dougaz a,crespo piedra r,hard
2024-M-DC-2024-WG2-PO-VIE-RSA-01_1.0,hard,2024,RR,nam hoang ly,philip henning,0.3944196105003357,1,nam hoang l,henning p,hard
2024-M-DC-2024-WG2-PO-VIE-RSA-01_2.0,hard,2024,RR,kris van wyk,linh giang trinh,0.8752849102020264,1,kris van w,giang trinh l,hard
2024-M-DC-2024-WG2-PO-VIE-RSA-01_3.0,hard,2024,RR,kris van wyk,nam hoang ly,0.4566129446029663,0,kris van w,nam hoang l,hard
2024-M-DC-2024-WG2-PO-VIE-RSA-01_4.0,hard,2024,RR,linh giang trinh,philip henning,0.1273619532585144,0,giang trinh l,henning p,hard
2025-336_13.0,hard,2024,R16,alexandre muller,miomir kecmanovic,0.4546388387680053,1,muller a,kecmanovic m,hard
2025-336_15.0,hard,2024,R16,arthur fils,zizou bergs,0.4923560321331024,1,fils a,bergs z,hard
2025-336_16.0,hard,2024,R16,karen khachanov,kei nishikori,0.358482301235199,0,khachanov k,nishikori k,hard
2025-336_18.0,hard,2024,R16,gabriel diallo,lorenzo musetti,0.3249520063400268,0,diallo g,musetti l,hard
2025-336_19.0,hard,2024,R16,juncheng shang,pedro martinez,0.5916202664375305,1,shang j,martinez p,hard
2025-336_22.0,hard,2024,QF,jaume munar,lorenzo musetti,0.4582477807998657,1,munar j,musetti l,hard
2025-336_24.0,hard,2024,QF,cameron norrie,kei nishikori,0.4361062347888946,0,norrie c,nishikori k,hard
2025-336_25.0,hard,2024,SF,alexandre muller,jaume munar,0.6477850079536438,1,muller a,munar j,hard
2025-336_27.0,hard,2024,F,alexandre muller,kei nishikori,0.3047001659870147,1,muller a,nishikori k,hard
2025-336_7.0,hard,2024,R32,nuno borges,yunchaokete bu,0.5269765853881836,1,borges n,yunchaokete b,hard
2025-339_14.0,hard,2024,R32,giovanni mpetshi perricard,nick kyrgios,0.6375061869621277,1,mpetshi perricard g,kyrgios n,hard
2025-339_17.0,hard,2024,R16,jiri lehecka,yoshihito nishioka,0.6463037729263306,1,lehecka j,nishioka y,hard
2025-339_18.0,hard,2024,R16,benjamin bonzi,nicolas jarry,0.6867524981498718,0,bonzi b,jarry n,hard
2025-339_19.0,hard,2024,R16,aleksandar vukic,grigor dimitrov,0.2099399417638778,0,vukic a,dimitrov g,hard
2025-339_2.0,hard,2024,R32,alex michelsen,christopher o'connell,0.743119478225708,1,michelsen a,oconnell c,hard
2025-339_21.0,hard,2024,R16,dusan lajovic,jakub mensik,0.3908928036689758,0,lajovic d,mensik j,hard
2025-339_22.0,hard,2024,R16,matteo arnaldi,reilly opelka,0.7059005498886108,0,arnaldi m,opelka r,hard
2025-339_23.0,hard,2024,R16,frances tiafoe,giovanni mpetshi perricard,0.5654096603393555,0,tiafoe f,mpetshi perricard g,hard
2025-339_24.0,hard,2024,R16,gael monfils,novak djokovic,0.1218259185552597,0,monfils g,djokovic n,hard
2025-339_27.0,hard,2024,QF,giovanni mpetshi perricard,jakub mensik,0.5267698764801025,1,mpetshi perricard g,mensik j,hard
2025-339_28.0,hard,2024,QF,novak djokovic,reilly opelka,0.9036120772361756,0,djokovic n,opelka r,hard
2025-339_29.0,hard,2024,SF,grigor dimitrov,jiri lehecka,0.6510695219039917,0,dimitrov g,lehecka j,hard
2025-339_30.0,hard,2024,SF,giovanni mpetshi perricard,reilly opelka,0.7076883316040039,0,mpetshi perricard g,opelka r,hard
2025-339_31.0,hard,2024,F,jiri lehecka,reilly opelka,0.7512679696083069,1,lehecka j,opelka r,hard
2025-339_9.0,hard,2024,R32,federico agustin gomez,reilly opelka,0.1932344734668731,0,agustin gomez f,opelka r,hard
2025-9900_10.0,hard,2024,RR,alexander zverev,thiago monteiro,0.9071599245071412,1,zverev a,monteiro t,hard
2025-9900_12.0,hard,2024,RR,alexander shevchenko,stefanos tsitsipas,0.2251622825860977,1,shevchenko a,tsitsipas s,hard
2025-9900_14.0,hard,2024,RR,billy harris,tomas martin etcheverry,0.3453654944896698,0,harris b,martin etcheverry t,hard
2025-9900_15.0,hard,2024,RR,borna coric,taylor fritz,0.1593902707099914,0,coric b,fritz t,hard
2025-9900_16.0,hard,2024,RR,flavio cobolli,ugo humbert,0.3033369779586792,1,cobolli f,humbert u,hard
2025-9900_17.0,hard,2024,RR,taylor fritz,zhizhen zhang,0.8282720446586609,1,fritz t,zhang z,hard
2025-9900_18.0,hard,2024,RR,alexander shevchenko,daniel masur,0.7885999083518982,1,shevchenko a,masur d,hard
2025-9900_20.0,hard,2024,RR,alex de minaur,billy harris,0.8447895646095276,1,de minaur a,harris b,hard
2025-9900_21.0,hard,2024,RR,billy harris,hubert hurkacz,0.1791764199733734,0,harris b,hurkacz h,hard
2025-9900_22.0,hard,2024,RR,flavio cobolli,tomas machac,0.3368871212005615,0,cobolli f,machac t,hard
2025-9900_23.0,hard,2024,RR,taylor fritz,tomas machac,0.7596472501754761,1,fritz t,machac t,hard
2025-9900_3.0,hard,2024,RR,pablo carreno busta,stefanos tsitsipas,0.4226018488407135,0,carreno busta p,tsitsipas s,hard
2025-9900_4.0,hard,2024,RR,borna coric,felix auger-aliassime,0.2350891083478927,1,coric b,auger-aliassime f,hard
2025-9900_5.0,hard,2024,RR,dominic stricker,ugo humbert,0.1547590345144271,0,stricker d,humbert u,hard
2025-9900_6.0,hard,2024,RR,alex de minaur,tomas martin etcheverry,0.8481271266937256,1,de minaur a,martin etcheverry t,hard
2025-9900_7.0,hard,2024,RR,felix auger-aliassime,taylor fritz,0.234335109591484,1,auger-aliassime f,fritz t,hard
2025-9900_8.0,hard,2024,RR,dominic stricker,flavio cobolli,0.2387095689773559,0,stricker d,cobolli f,hard
2025-1536_16.0,clay,2025,R128,botic van de zandschulp,jan-lennard struff,0.4671192765235901,0,de zandschulp b,struff j,clay
2025-1536_21.0,clay,2025,R128,aleksandar kovacevic,juan manuel cerundolo,0.4688887596130371,0,kovacevic a,manuel cerundolo j,clay
2025-1536_28.0,clay,2025,R128,giovanni mpetshi perricard,mariano navone,0.4637805223464966,0,mpetshi perricard g,navone m,clay
2025-1536_29.0,clay,2025,R128,camilo ugo carabelli,christopher o'connell,0.4351942241191864,0,ugo carabelli c,oconnell c,clay
2025-1536_36.0,clay,2025,R64,lorenzo musetti,tomas martin etcheverry,0.5968748331069946,1,musetti l,martin etcheverry t,clay
2025-1536_5.0,clay,2025,R128,hamad medjedovic,tomas martin etcheverry,0.5724306702613831,0,medjedovic h,martin etcheverry t,clay
2025-1536_50.0,clay,2025,R64,christopher o'connell,taylor fritz,0.142654150724411,0,oconnell c,fritz t,clay
2025-1536_57.0,clay,2025,R64,felix auger-aliassime,juan manuel cerundolo,0.7076894640922546,0,auger-aliassime f,manuel cerundolo j,clay
2025-1536_6.0,clay,2025,R128,jacob fearnley,yunchaokete bu,0.5029330849647522,1,fearnley j,yunchaokete b,clay
2025-1536_76.0,clay,2025,R32,daniil medvedev,juan manuel cerundolo,0.7460965514183044,1,medvedev d,manuel cerundolo j,clay
2025-308_10.0,clay,2025,R32,botic van de zandschulp,roberto bautista agut,0.5047698020935059,1,de zandschulp b,bautista agut r,clay
2025-308_22.0,clay,2025,R16,ben shelton,botic van de zandschulp,0.6852142810821533,1,shelton b,de zandschulp b,clay
2025-308_7.0,clay,2025,R32,christopher o'connell,luciano darderi,0.2613229751586914,0,oconnell c,darderi l,clay
2025-314_14.0,clay,2025,R16,arthur cazaux,tomas martin etcheverry,0.3143552243709564,1,cazaux a,martin etcheverry t,clay
2025-314_16.0,clay,2025,R16,francesco passaro,jerome kym,0.5120522379875183,0,passaro f,jerome k,clay
2025-314_18.0,clay,2025,R16,david goffin,juan manuel cerundolo,0.4755394160747528,0,goffin d,manuel cerundolo j,clay
2025-314_19.0,clay,2025,R16,patrick zahraj,roman andres burruchaga,0.3052051067352295,0,zahraj p,andres burruchaga r,clay
2025-314_21.0,clay,2025,QF,casper ruud,juan manuel cerundolo,0.8078078627586365,0,ruud c,manuel cerundolo j,clay
2025-314_23.0,clay,2025,QF,ignacio buse,roman andres burruchaga,0.4981748461723327,1,buse i,andres burruchaga r,clay
2025-314_24.0,clay,2025,QF,arthur cazaux,jerome kym,0.5620191693305969,1,cazaux a,jerome k,clay
2025-314_26.0,clay,2025,SF,ignacio buse,juan manuel cerundolo,0.4269941449165344,0,buse i,manuel cerundolo j,clay
2025-314_27.0,clay,2025,F,alexander bublik,juan manuel cerundolo,0.5860298871994019,1,bublik a,manuel cerundolo j,clay
2025-314_5.0,clay,2025,R32,jan-lennard struff,juan manuel cerundolo,0.6839059591293335,0,struff j,manuel cerundolo j,clay
2025-314_6.0,clay,2025,R32,calvin hemery,jerome kym,0.2632685899734497,0,hemery c,jerome k,clay
2025-314_9.0,clay,2025,R32,dalibor svrcina,roman andres burruchaga,0.3536789715290069,0,svrcina d,andres burruchaga r,clay
2025-316_15.0,clay,2025,R16,botic van de zandschulp,camilo ugo carabelli,0.2973842918872833,0,de zandschulp b,ugo carabelli c,clay
2025-316_2.0,clay,2025,R32,mariano navone,tomas barrios vera,0.8018010258674622,1,navone m,barrios vera t,clay
2025-316_9.0,clay,2025,R32,botic van de zandschulp,mikael ymer,0.6919477581977844,1,de zandschulp b,ymer m,clay
2025-319_1.0,clay,2025,R32,filip misolic,tomas martin etcheverry,0.4445017874240875,1,misolic f,martin etcheverry t,clay
2025-319_12.0,clay,2025,R32,alexander shevchenko,daniel elahi galan,0.7081740498542786,1,shevchenko a,elahi galan d,clay
2025-319_13.0,clay,2025,R16,alexander bublik,thiago agustin tirante,0.6153199076652527,1,bublik a,agustin tirante t,clay
2025-319_20.0,clay,2025,R16,botic van de zandschulp,filip misolic,0.3420774340629577,1,de zandschulp b,misolic f,clay
2025-319_24.0,clay,2025,QF,botic van de zandschulp,thiago seyboth wild,0.3932383358478546,1,de zandschulp b,seyboth wild t,clay
2025-319_25.0,clay,2025,SF,alexander bublik,botic van de zandschulp,0.700005292892456,1,bublik a,de zandschulp b,clay
2025-319_6.0,clay,2025,R32,jaime faria,thiago agustin tirante,0.4994344711303711,0,faria j,agustin tirante t,clay
2025-319_7.0,clay,2025,R32,botic van de zandschulp,nicolas jarry,0.6224620342254639,1,de zandschulp b,jarry n,clay
2025-360_7.0,clay,2025,R32,hugo gaston,juan manuel cerundolo,0.7357892394065857,1,gaston h,manuel cerundolo j,clay
2025-410_13.0,clay,2025,R64,lorenzo musetti,yunchaokete bu,0.6165257692337036,1,musetti l,yunchaokete b,clay
2025-410_23.0,clay,2025,R64,giovanni mpetshi perricard,jordan thompson,0.4485827684402466,0,mpetshi perricard g,thompson j,clay
2025-410_37.0,clay,2025,R32,alejandro davidovich fokina,tomas martin etcheverry,0.6072781682014465,1,davidovich fokina a,martin etcheverry t,clay
2025-410_7.0,clay,2025,R64,corentin moutet,tomas martin etcheverry,0.3041346669197082,0,moutet c,martin etcheverry t,clay
2025-414_1.0,clay,2025,R32,frances tiafoe,yunchaokete bu,0.7039843201637268,1,tiafoe f,yunchaokete b,clay
2025-414_16.0,clay,2025,R32,diego dedura-palomero,luciano darderi,0.192756786942482,0,dedura-palomero d,darderi l,clay
2025-414_22.0,clay,2025,R16,felix auger-aliassime,giovanni mpetshi perricard,0.6434610486030579,1,auger-aliassime f,mpetshi perricard g,clay
2025-414_24.0,clay,2025,R16,camilo ugo carabelli,tomas martin etcheverry,0.3736467659473419,0,ugo carabelli c,martin etcheverry t,clay
2025-414_28.0,clay,2025,QF,jiri lehecka,tomas martin etcheverry,0.5635831356048584,0,lehecka j,martin etcheverry t,clay
2025-414_30.0,clay,2025,SF,flavio cobolli,tomas martin etcheverry,0.5453968048095703,1,cobolli f,martin etcheverry t,clay
2025-414_6.0,clay,2025,R32,francisco comesana,tomas martin etcheverry,0.4358450472354889,0,comesana f,martin etcheverry t,clay
2025-414_7.0,clay,2025,R32,alexander bublik,giovanni mpetshi perricard,0.4977870583534241,0,bublik a,mpetshi perricard g,clay
2025-416_10.0,clay,2025,R128,jaume munar,tomas barrios vera,0.7397575378417969,1,munar j,barrios vera t,clay
2025-416_16.0,clay,2025,R128,aleksandar vukic,nicolas moreno de alboran,0.5512353777885437,1,vukic a,de alboran n,clay
2025-416_17.0,clay,2025,R128,lorenzo sonego,roman andres burruchaga,0.7344833016395569,0,sonego l,andres burruchaga r,clay
2025-416_19.0,clay,2025,R128,luciano darderi,yunchaokete bu,0.5691769123077393,1,darderi l,yunchaokete b,clay
2025-416_20.0,clay,2025,R128,laslo djere,tomas martin etcheverry,0.4955700039863586,1,djere l,martin etcheverry t,clay
2025-416_27.0,clay,2025,R128,cameron norrie,christopher o'connell,0.6479158997535706,1,norrie c,oconnell c,clay
2025-416_30.0,clay,2025,R128,giovanni mpetshi perricard,jordan thompson,0.5786036849021912,0,mpetshi perricard g,thompson j,clay
2025-416_59.0,clay,2025,R64,karen khachanov,roman andres burruchaga,0.5730079412460327,1,khachanov k,andres burruchaga r,clay
2025-425_12.0,clay,2025,R32,albert ramos-vinolas,holger rune,0.0892234444618225,0,ramos-vinolas a,rune h,clay
2025-425_16.0,clay,2025,R32,giovanni mpetshi perricard,hamad medjedovic,0.6284146308898926,0,mpetshi perricard g,medjedovic h,clay
2025-425_2.0,clay,2025,R32,casper ruud,daniel elahi galan,0.9086652398109436,1,ruud c,elahi galan d,clay
2025-425_4.0,clay,2025,R32,alex de minaur,tomas martin etcheverry,0.7429183721542358,1,de minaur a,martin etcheverry t,clay
2025-439_3.0,clay,2025,R32,mariano navone,tomas barrios vera,0.8064881563186646,1,navone m,barrios vera t,clay
2025-4462_1.0,clay,2025,R32,roberto bautista agut,yunchaokete bu,0.4852632880210876,1,bautista agut r,yunchaokete b,clay
2025-4462_11.0,clay,2025,R32,botic van de zandschulp,richard gasquet,0.8172862529754639,0,de zandschulp b,gasquet r,clay
2025-4462_12.0,clay,2025,R32,filip cristian jianu,nishesh basavareddy,0.2609243988990783,1,cristian jianu f,basavareddy n,clay
2025-4462_14.0,clay,2025,R16,christopher o'connell,nicolas jarry,0.5320539474487305,1,oconnell c,jarry n,clay
2025-4462_16.0,clay,2025,R16,damir dzumhur,filip cristian jianu,0.5635930895805359,1,dzumhur d,cristian jianu f,clay
2025-4462_24.0,clay,2025,QF,christopher o'connell,marton fucsovics,0.4712327122688293,0,oconnell c,fucsovics m,clay
2025-4462_8.0,clay,2025,R32,christopher o'connell,dusan lajovic,0.5497626662254333,1,oconnell c,lajovic d,clay
2025-506_19.0,clay,2025,R16,francisco cerundolo,juan manuel cerundolo,0.7500591278076172,1,cerundolo f,manuel cerundolo j,clay
2025-506_2.0,clay,2025,R32,joao fonseca,tomas martin etcheverry,0.6405459642410278,1,fonseca j,martin etcheverry t,clay
2025-506_7.0,clay,2025,R32,juan manuel cerundolo,roman andres burruchaga,0.3301829099655151,1,manuel cerundolo j,andres burruchaga r,clay
2025-520_14.0,clay,2025,R128,aleksandar kovacevic,federico agustin gomez,0.5666834115982056,0,kovacevic a,agustin gomez f,clay
2025-520_24.0,clay,2025,R128,albert ramos-vinolas,casper ruud,0.0553439296782016,0,ramos-vinolas a,ruud c,clay
2025-520_28.0,clay,2025,R128,stefanos tsitsipas,tomas martin etcheverry,0.465420126914978,1,tsitsipas s,martin etcheverry t,clay
2025-520_29.0,clay,2025,R128,christopher o'connell,ugo humbert,0.4284079670906067,0,oconnell c,humbert u,clay
2025-520_41.0,clay,2025,R128,filip misolic,yunchaokete bu,0.3508939445018768,1,misolic f,yunchaokete b,clay
2025-520_51.0,clay,2025,R128,giovanni mpetshi perricard,zizou bergs,0.5065532326698303,1,mpetshi perricard g,bergs z,clay
2025-520_52.0,clay,2025,R128,alex michelsen,juan manuel cerundolo,0.6783053874969482,0,michelsen a,manuel cerundolo j,clay
2025-520_56.0,clay,2025,R128,damir dzumhur,thiago agustin tirante,0.6339084506034851,1,dzumhur d,agustin tirante t,clay
2025-520_58.0,clay,2025,R128,daniel elahi galan,valentin royer,0.29819256067276,1,elahi galan d,royer v,clay
2025-520_63.0,clay,2025,R128,botic van de zandschulp,emilio nava,0.3199927806854248,0,de zandschulp b,nava e,clay
2025-520_79.0,clay,2025,R64,cameron norrie,federico agustin gomez,0.8363803625106812,1,norrie c,agustin gomez f,clay
2025-520_83.0,clay,2025,R64,daniel elahi galan,lorenzo musetti,0.064484067261219,0,elahi galan d,musetti l,clay
2025-520_92.0,clay,2025,R64,damir dzumhur,giovanni mpetshi perricard,0.4553344547748565,1,dzumhur d,mpetshi perricard g,clay
2025-520_95.0,clay,2025,R64,hamad medjedovic,juan manuel cerundolo,0.6550548672676086,1,medjedovic h,manuel cerundolo j,clay
2025-6932_1.0,clay,2025,R32,alexander zverev,yunchaokete bu,0.8816727995872498,1,zverev a,yunchaokete b,clay
2025-6932_12.0,clay,2025,R32,juan manuel cerundolo,nicolas jarry,0.3486111760139465,0,manuel cerundolo j,jarry n,clay
2025-6932_18.0,clay,2025,R16,alexandre muller,tomas martin etcheverry,0.3091157376766205,1,muller a,martin etcheverry t,clay
2025-6932_3.0,clay,2025,R32,roman andres burruchaga,sebastian baez,0.2693700790405273,0,andres burruchaga r,baez s,clay
2025-6932_5.0,clay,2025,R32,corentin moutet,tomas martin etcheverry,0.3627562820911407,0,moutet c,martin etcheverry t,clay
2025-6932_8.0,clay,2025,R32,jaime faria,tomas barrios vera,0.6273442506790161,1,faria j,barrios vera t,clay
2025-717_5.0,clay,2025,R32,daniel elahi galan,mackenzie mcdonald,0.3567200303077698,0,elahi galan d,mcdonald m,clay
2025-717_9.0,clay,2025,R32,aleksandar kovacevic,tomas martin etcheverry,0.2935584485530853,1,kovacevic a,martin etcheverry t,clay
2025-M-DC-2025-QLS-M-CRO-FRA-01_1.0,clay,2025,RR,arthur rinderknech,marin cilic,0.3727437853813171,1,rinderknech a,cilic m,clay
2025-M-DC-2025-QLS-M-CRO-FRA-01_2.0,clay,2025,RR,corentin moutet,dino prizmic,0.7555017471313477,1,moutet c,prizmic d,clay
2025-M-DC-2025-QLS-M-CRO-FRA-01_3.0,clay,2025,RR,corentin moutet,marin cilic,0.5469902157783508,1,moutet c,cilic m,clay
2025-M-DC-2025-QLS-M-ESP-DEN-01_1.0,clay,2025,RR,holger rune,pablo carreno busta,0.6124772429466248,1,rune h,carreno busta p,clay
2025-M-DC-2025-QLS-M-ESP-DEN-01_2.0,clay,2025,RR,elmer moller,jaume munar,0.4935309886932373,1,moller e,munar j,clay
2025-M-DC-2025-QLS-M-ESP-DEN-01_4.0,clay,2025,RR,elmer moller,pablo carreno busta,0.5123594999313354,0,moller e,carreno busta p,clay
2025-M-DC-2025-WG1-PO-COL-BAR-01_1.0,clay,2025,RR,nicolas mejia,xavier lawrence,0.83538419008255,1,mejia n,lawrence x,clay
2025-M-DC-2025-WG1-PO-COL-BAR-01_2.0,clay,2025,RR,adria soriano barrera,darian king,0.7972431182861328,0,soriano barrera a,king d,clay
2025-M-DC-2025-WG1-PO-COL-BAR-01_3.0,clay,2025,RR,darian king,nicolas mejia,0.0812466666102409,1,king d,mejia n,clay
2025-M-DC-2025-WG1-PO-COL-BAR-01_4.0,clay,2025,RR,adria soriano barrera,kaipo marshall,0.8391463756561279,1,soriano barrera a,marshall k,clay
2025-M-DC-2025-WG1-PO-GRE-EGY-01_1.0,clay,2025,RR,christos antonopoulos,mohamed safwat,0.1333946883678436,0,antonopoulos c,safwat m,clay
2025-M-DC-2025-WG1-PO-GRE-EGY-01_2.0,clay,2025,RR,karim-mohamed maamoun,stefanos sakellaridis,0.1487914323806762,0,maamoun k,sakellaridis s,clay
2025-M-DC-2025-WG1-PO-GRE-EGY-01_3.0,clay,2025,RR,mohamed safwat,stefanos sakellaridis,0.6141067147254944,0,safwat m,sakellaridis s,clay
2025-M-DC-2025-WG1-PO-GRE-EGY-01_4.0,clay,2025,RR,amr elsayed abdou ah mohamed,aristotelis thanos,0.1091919019818306,0,ah mohamed a,thanos a,clay
2025-M-DC-2025-WG1-PO-LBN-PER-01_1.0,clay,2025,RR,benjamin hassan,ignacio buse,0.7206619381904602,0,hassan b,buse i,clay
2025-M-DC-2025-WG1-PO-LBN-PER-01_2.0,clay,2025,RR,gonzalo bueno,hady habib,0.3387854099273681,1,bueno g,habib h,clay
2025-M-DC-2025-WG1-PO-LBN-PER-01_3.0,clay,2025,RR,conner huertas del pino,fadi bidan,0.1739019602537155,1,del pino c,bidan f,clay
2025-M-DC-2025-WG1-PO-MON-POR-01_1.0,clay,2025,RR,jaime faria,valentin vacherot,0.6098605990409851,0,faria j,vacherot v,clay
2025-M-DC-2025-WG1-PO-MON-POR-01_2.0,clay,2025,RR,benjamin balleret,nuno borges,0.0494825169444084,0,balleret b,borges n,clay
2025-M-DC-2025-WG1-PO-MON-POR-01_3.0,clay,2025,RR,nuno borges,valentin vacherot,0.6834378838539124,0,borges n,vacherot v,clay
2025-M-DC-2025-WG1-PO-MON-POR-01_4.0,clay,2025,RR,henrique rocha,romain arneodo,0.89097660779953,1,rocha h,arneodo r,clay
2025-M-DC-2025-WG1-R1-BUL-FIN-01_1.0,clay,2025,RR,emil ruusuvuori,ivan ivanov,0.5696931481361389,1,ruusuvuori e,ivanov i,clay
2025-M-DC-2025-WG1-R1-BUL-FIN-01_2.0,clay,2025,RR,alexander vasilev,otto virtanen,0.2801428735256195,1,vasilev a,virtanen o,clay
2025-M-DC-2025-WG1-R1-BUL-FIN-01_3.0,clay,2025,RR,eero vasa,yanaki milev,0.5366849303245544,1,vasa e,milev y,clay
2025-M-DC-2025-WG1-R1-BUL-FIN-01_4.0,clay,2025,RR,alexander vasilev,emil ruusuvuori,0.3528707325458526,1,vasilev a,ruusuvuori e,clay
2025-M-DC-2025-WG1-R1-CHI-LUX-01_1.0,clay,2025,RR,alex knaff,tomas barrios vera,0.2153016924858093,0,knaff a,barrios vera t,clay
2025-M-DC-2025-WG1-R1-CHI-LUX-01_2.0,clay,2025,RR,aaron gil garcia,cristian garin,0.1638681590557098,0,gil garcia a,garin c,clay
2025-M-DC-2025-WG1-R1-CHI-LUX-01_3.0,clay,2025,RR,daniel antonio nunez,louis van herck,0.621345043182373,1,antonio nunez d,van herck l,clay
2025-M-DC-2025-WG1-R1-ECU-BIH-01_1.0,clay,2025,RR,andres andrade,damir dzumhur,0.4507025182247162,0,andrade a,dzumhur d,clay
2025-M-DC-2025-WG1-R1-ECU-BIH-01_2.0,clay,2025,RR,alvaro guillen meza,nerman fatic,0.5402272343635559,1,guillen meza a,fatic n,clay
2025-M-DC-2025-WG1-R1-ECU-BIH-01_3.0,clay,2025,RR,alvaro guillen meza,damir dzumhur,0.3567714393138885,1,guillen meza a,dzumhur d,clay
2025-M-DC-2025-WG1-R1-ECU-BIH-01_4.0,clay,2025,RR,andrej nedic,andres andrade,0.3284800946712494,0,nedic a,andrade a,clay
2025-M-DC-2025-WG1-R1-PER-POR-01_1.0,clay,2025,RR,gonzalo bueno,nuno borges,0.2372256368398666,1,bueno g,borges n,clay
2025-M-DC-2025-WG1-R1-PER-POR-01_2.0,clay,2025,RR,ignacio buse,jaime faria,0.7075230479240417,1,buse i,faria j,clay
2025-M-DC-2025-WG1-R1-PER-POR-01_3.0,clay,2025,RR,ignacio buse,nuno borges,0.4546737670898437,1,buse i,borges n,clay
2025-M-DC-2025-WG2-PO-SLO-INA-01_1.0,clay,2025,RR,filip jeff planinsek,m rifki fitriadi,0.6019468307495117,1,jeff planinsek f,rifki fitriadi m,clay
2025-M-DC-2025-WG2-PO-SLO-INA-02_1.0,clay,2025,RR,bor artnak,gunawan trismuwantara,0.8170641660690308,1,artnak b,trismuwantara g,clay
2025-M-DC-2025-WG2-PO-SLO-INA-03_1.0,clay,2025,RR,bor artnak,lucky candra kurniawan,0.7797719240188599,1,artnak b,candra kurniawan l,clay
2025-M-DC-2025-WG2-R1-LBN-BAR-01_1.0,clay,2025,RR,benjamin hassan,darian king,0.838986873626709,1,hassan b,king d,clay
2025-M-DC-2025-WG2-R1-LBN-BAR-02_2.0,clay,2025,RR,hady habib,kaipo marshall,0.8795792460441589,1,habib h,marshall k,clay
2025-M-DC-2025-WG2-R1-LBN-BAR-04_4.0,clay,2025,RR,fadi bidan,stephen slocombe,0.4796650409698486,1,bidan f,slocombe s,clay
2025-M-DC-2025-WG2-R1-PAR-PAK-01_1.0,clay,2025,RR,alex santino nuã±ez vera,huzaifa abdul rehman,0.7073253989219666,1,nuãez vera a,abdul rehman h,clay
2025-M-DC-2025-WG2-R1-PAR-PAK-02_2.0,clay,2025,RR,adolfo daniel vallejo,muzammil murtaza,0.8838908076286316,1,daniel vallejo a,murtaza m,clay
2025-M-DC-2025-WG2-R1-PAR-PAK-04_4.0,clay,2025,RR,huzaifa abdul rehman,martin antonio vergara del puerto,0.5619962811470032,1,abdul rehman h,del puerto m,clay
2025-M-DC-2025-WG2-R1-UKR-DOM-01_1.0,clay,2025,RR,roberto cid subervi,vladyslav orlov,0.5114896297454834,0,cid subervi r,orlov v,clay
2025-M-DC-2025-WG2-R1-UKR-DOM-02_2.0,clay,2025,RR,peter bertran,viacheslav bielinskyi,0.5455065369606018,0,bertran p,bielinskyi v,clay
2025-M-DC-2025-WG2-R1-UKR-DOM-04_4.0,clay,2025,RR,enmanuel munoz,oleksii krutykh,0.1368990838527679,0,munoz e,krutykh o,clay
2025-311_11.0,grass,2025,R32,christopher o'connell,holger rune,0.1768824607133865,0,oconnell c,rune h,grass
2025-311_8.0,grass,2025,R32,brandon nakashima,giovanni mpetshi perricard,0.5779786705970764,1,nakashima b,mpetshi perricard g,grass
2025-321_11.0,grass,2025,R32,giovanni mpetshi perricard,roman safiullin,0.5766094923019409,1,mpetshi perricard g,safiullin r,grass
2025-321_14.0,grass,2025,R16,felix auger-aliassime,giovanni mpetshi perricard,0.5980919599533081,1,auger-aliassime f,mpetshi perricard g,grass
2025-440_4.0,grass,2025,R32,adrian mannarino,christopher o'connell,0.4069512486457824,1,mannarino a,oconnell c,grass
2025-440_8.0,grass,2025,R32,otto virtanen,tomas martin etcheverry,0.3474642634391784,1,virtanen o,martin etcheverry t,grass
2025-500_10.0,grass,2025,R32,pedro martinez,tomas martin etcheverry,0.4265511631965637,0,martinez p,martin etcheverry t,grass
2025-500_19.0,grass,2025,R16,andrey rublev,tomas martin etcheverry,0.7058243751525879,0,rublev a,martin etcheverry t,grass
2025-500_28.0,grass,2025,QF,karen khachanov,tomas martin etcheverry,0.6611601114273071,1,khachanov k,martin etcheverry t,grass
2025-540_15.0,grass,2025,R128,brandon nakashima,yunchaokete bu,0.7839685082435608,1,nakashima b,yunchaokete b,grass
2025-540_30.0,grass,2025,R128,jack pinnington jones,tomas martin etcheverry,0.2939241230487823,1,pinnington jones j,martin etcheverry t,grass
2025-540_35.0,grass,2025,R128,giovanni mpetshi perricard,taylor fritz,0.1788276880979538,0,mpetshi perricard g,fritz t,grass
2025-540_56.0,grass,2025,R128,adrian mannarino,christopher o'connell,0.472585380077362,1,mannarino a,oconnell c,grass
2025-540_64.0,grass,2025,R128,botic van de zandschulp,matteo arnaldi,0.3332164287567138,1,de zandschulp b,arnaldi m,grass
2025-540_88.0,grass,2025,R64,alejandro davidovich fokina,botic van de zandschulp,0.7329636216163635,1,davidovich fokina a,de zandschulp b,grass
2025-8994_1.0,grass,2025,R32,roberto bautista agut,tomas martin etcheverry,0.5833238959312439,1,bautista agut r,martin etcheverry t,grass
2025-8994_12.0,grass,2025,R32,laslo djere,yunchaokete bu,0.7049398422241211,1,djere l,yunchaokete b,grass
2025-301_10.0,hard,2025,R32,jan-lennard struff,yunchaokete bu,0.3596989214420318,1,struff j,yunchaokete b,hard
2025-328_22.0,hard,2025,R16,botic van de zandschulp,reilly opelka,0.4965119361877441,0,de zandschulp b,opelka r,hard
2025-328_4.0,hard,2025,R32,botic van de zandschulp,jiri lehecka,0.1931261718273162,1,de zandschulp b,lehecka j,hard
2025-328_9.0,hard,2025,R32,giovanni mpetshi perricard,joao fonseca,0.5017813444137573,0,mpetshi perricard g,fonseca j,hard
2025-337_10.0,hard,2025,R32,nicolai budkov kjaer,tomas martin etcheverry,0.260879248380661,0,budkov kjaer n,martin etcheverry t,hard
2025-337_21.0,hard,2025,R16,lorenzo musetti,tomas martin etcheverry,0.7391719818115234,1,musetti l,martin etcheverry t,hard
2025-341_3.0,hard,2025,R32,giovanni mpetshi perricard,vitaliy sachko,0.8342924118041992,0,mpetshi perricard g,sachko v,hard
2025-352_23.0,hard,2025,R64,camilo ugo carabelli,tomas martin etcheverry,0.3303568363189697,1,ugo carabelli c,martin etcheverry t,hard
2025-375_10.0,hard,2025,R32,daniel altmaier,yunchaokete bu,0.4553461670875549,0,altmaier d,yunchaokete b,hard
2025-375_20.0,hard,2025,R16,constant lestienne,yunchaokete bu,0.3310491740703583,0,lestienne c,yunchaokete b,hard
2025-375_22.0,hard,2025,QF,felix auger-aliassime,yunchaokete bu,0.7411239147186279,1,auger-aliassime f,yunchaokete b,hard
2025-375_4.0,hard,2025,R32,botic van de zandschulp,tallon griekspoor,0.3981367945671081,0,de zandschulp b,griekspoor t,hard
2025-403_1.0,hard,2025,R128,matteo arnaldi,yibing wu,0.8123143911361694,1,arnaldi m,yibing w,hard
2025-403_15.0,hard,2025,R128,flavio cobolli,thiago agustin tirante,0.7406711578369141,0,cobolli f,agustin tirante t,hard
2025-403_18.0,hard,2025,R128,christopher o'connell,roberto carballes baena,0.549700140953064,0,oconnell c,carballes baena r,hard
2025-403_3.0,hard,2025,R128,cameron norrie,yunchaokete bu,0.5859213471412659,0,norrie c,yunchaokete b,hard
2025-403_37.0,hard,2025,R64,alex de minaur,yunchaokete bu,0.6337469220161438,1,de minaur a,yunchaokete b,hard
2025-403_45.0,hard,2025,R64,denis shapovalov,thiago agustin tirante,0.6115402579307556,1,shapovalov d,agustin tirante t,hard
2025-403_46.0,hard,2025,R64,giovanni mpetshi perricard,jordan thompson,0.2350223660469055,0,mpetshi perricard g,thompson j,hard
2025-403_6.0,hard,2025,R128,gabriel diallo,tomas martin etcheverry,0.419690877199173,1,diallo g,martin etcheverry t,hard
2025-404_10.0,hard,2025,R128,dusan lajovic,li tu,0.7862299084663391,1,lajovic d,li t,hard
2025-404_12.0,hard,2025,R128,jakub mensik,tomas martin etcheverry,0.5513615608215332,1,mensik j,martin etcheverry t,hard
2025-404_15.0,hard,2025,R128,botic van de zandschulp,nick kyrgios,0.4751918911933899,1,de zandschulp b,kyrgios n,hard
2025-404_19.0,hard,2025,R128,nishesh basavareddy,yunchaokete bu,0.3097316324710846,0,basavareddy n,yunchaokete b,hard
2025-404_28.0,hard,2025,R128,christopher o'connell,roberto carballes baena,0.7154247164726257,1,oconnell c,carballes baena r,hard
2025-404_35.0,hard,2025,R64,botic van de zandschulp,novak djokovic,0.0729430615901947,1,de zandschulp b,djokovic n,hard
2025-404_51.0,hard,2025,R64,daniil medvedev,yunchaokete bu,0.8143194913864136,1,medvedev d,yunchaokete b,hard
2025-404_62.0,hard,2025,R64,christopher o'connell,matteo berrettini,0.285255879163742,0,oconnell c,berrettini m,hard
2025-404_63.0,hard,2025,R64,fabian marozsan,giovanni mpetshi perricard,0.388793021440506,0,marozsan f,mpetshi perricard g,hard
2025-404_71.0,hard,2025,R32,botic van de zandschulp,francisco cerundolo,0.3439962267875671,0,de zandschulp b,cerundolo f,hard
2025-404_80.0,hard,2025,R32,giovanni mpetshi perricard,tallon griekspoor,0.4726313948631286,0,mpetshi perricard g,griekspoor t,hard
2025-407_6.0,hard,2025,R32,botic van de zandschulp,carlos alcaraz,0.1682368069887161,0,de zandschulp b,alcaraz c,hard
2025-418_1.0,hard,2025,R64,david goffin,yunchaokete bu,0.6229444742202759,0,goffin d,yunchaokete b,hard
2025-418_14.0,hard,2025,R64,christopher o'connell,ethan quinn,0.3934142887592315,0,oconnell c,quinn e,hard
2025-418_16.0,hard,2025,R64,aleksandar vukic,giovanni mpetshi perricard,0.5637171864509583,1,vukic a,mpetshi perricard g,hard
2025-418_20.0,hard,2025,R32,alex de minaur,yunchaokete bu,0.80955570936203,1,de minaur a,yunchaokete b,hard
2025-418_23.0,hard,2025,R32,alexei popyrin,yibing wu,0.4625807106494903,0,popyrin a,yibing w,hard
2025-418_37.0,hard,2025,R16,daniil medvedev,yibing wu,0.6580508351325989,1,medvedev d,yibing w,hard
2025-418_5.0,hard,2025,R64,gael monfils,yibing wu,0.5691056847572327,0,monfils g,yibing w,hard
2025-421_14.0,hard,2025,R128,christopher o'connell,chun-hsin tseng,0.685626208782196,1,oconnell c,tseng c,hard
2025-421_22.0,hard,2025,R128,gael monfils,tomas barrios vera,0.8201982378959656,0,monfils g,barrios vera t,hard
2025-421_24.0,hard,2025,R128,pierre-hugues herbert,tomas martin etcheverry,0.3739695847034454,0,herbert p,martin etcheverry t,hard
2025-421_25.0,hard,2025,R128,jacob fearnley,juan pablo ficovich,0.4301987290382385,0,fearnley j,pablo ficovich j,hard
2025-421_27.0,hard,2025,R128,giovanni mpetshi perricard,shintaro mochizuki,0.8270610570907593,1,mpetshi perricard g,mochizuki s,hard
2025-421_3.0,hard,2025,R128,vit kopriva,yunchaokete bu,0.4712684154510498,0,kopriva v,yunchaokete b,hard
2025-421_44.0,hard,2025,R64,christopher o'connell,stefanos tsitsipas,0.4931300580501556,1,oconnell c,tsitsipas s,hard
2025-421_47.0,hard,2025,R64,lorenzo sonego,yunchaokete bu,0.5790072679519653,1,sonego l,yunchaokete b,hard
2025-421_51.0,hard,2025,R64,giovanni mpetshi perricard,holger rune,0.2704757153987884,0,mpetshi perricard g,rune h,hard
2025-421_54.0,hard,2025,R64,juan pablo ficovich,karen khachanov,0.1630640029907226,0,pablo ficovich j,khachanov k,hard
2025-421_59.0,hard,2025,R64,tallon griekspoor,tomas martin etcheverry,0.5069916248321533,0,griekspoor t,martin etcheverry t,hard
2025-421_60.0,hard,2025,R64,alex michelsen,tomas barrios vera,0.7924848794937134,1,michelsen a,barrios vera t,hard
2025-421_78.0,hard,2025,R32,francisco cerundolo,tomas martin etcheverry,0.7196223735809326,1,cerundolo f,martin etcheverry t,hard
2025-421_79.0,hard,2025,R32,alex de minaur,christopher o'connell,0.7677144408226013,1,de minaur a,oconnell c,hard
2025-424_4.0,hard,2025,R32,jaume munar,yunchaokete bu,0.2575244605541229,1,munar j,yunchaokete b,hard
2025-429_17.0,hard,2025,R16,miomir kecmanovic,tomas martin etcheverry,0.4881002008914947,0,kecmanovic m,martin etcheverry t,hard
2025-429_21.0,hard,2025,QF,holger rune,tomas martin etcheverry,0.7283350825309753,1,rune h,martin etcheverry t,hard
2025-429_7.0,hard,2025,R32,mark lajal,tomas martin etcheverry,0.2402574867010116,0,lajal m,martin etcheverry t,hard
2025-451_11.0,hard,2025,R32,abdullah shelbayh,botic van de zandschulp,0.2014148831367492,0,shelbayh a,de zandschulp b,hard
2025-451_16.0,hard,2025,R32,christopher o'connell,hady habib,0.7054870128631592,1,oconnell c,habib h,hard
2025-451_18.0,hard,2025,R16,alex de minaur,botic van de zandschulp,0.7722549438476562,1,de minaur a,de zandschulp b,hard
2025-451_21.0,hard,2025,R16,christopher o'connell,jack draper,0.1231737658381462,0,oconnell c,draper j,hard
2025-495_16.0,hard,2025,R32,giovanni mpetshi perricard,zhizhen zhang,0.7595024108886719,1,mpetshi perricard g,zhang z,hard
2025-495_18.0,hard,2025,R16,daniil medvedev,giovanni mpetshi perricard,0.7891409397125244,1,medvedev d,mpetshi perricard g,hard
2025-495_22.0,hard,2025,R16,christopher o'connell,matteo berrettini,0.1993097513914108,0,oconnell c,berrettini m,hard
2025-495_5.0,hard,2025,R32,christopher o'connell,grigor dimitrov,0.3065443336963653,1,oconnell c,dimitrov g,hard
2025-496_1.0,hard,2025,R32,arthur gea,hugo grenier,0.6383700966835022,0,arthur g,grenier h,hard
2025-496_11.0,hard,2025,R32,botic van de zandschulp,lorenzo sonego,0.4056525826454162,0,de zandschulp b,sonego l,hard
2025-499_13.0,hard,2025,R16,taylor fritz,yunchaokete bu,0.8296573162078857,1,fritz t,yunchaokete b,hard
2025-499_4.0,hard,2025,R32,rinky hijikata,yunchaokete bu,0.3782114684581756,0,hijikata r,yunchaokete b,hard
2025-5014_nan,hard,2025,R128,botic van de zandschulp,nuno borges,0.3746916949748993,0,de zandschulp b,borges n,hard
2025-5100_10.0,hard,2025,R32,mackenzie mcdonald,tomas martin etcheverry,0.2423391342163086,0,mcdonald m,martin etcheverry t,hard
2025-5100_20.0,hard,2025,R16,alexandre muller,tomas martin etcheverry,0.4814160764217376,1,muller a,martin etcheverry t,hard
2025-5100_6.0,hard,2025,R32,botic van de zandschulp,stan wawrinka,0.6261368989944458,0,de zandschulp b,wawrinka s,hard
2025-580_11.0,hard,2025,R128,gael monfils,giovanni mpetshi perricard,0.7499374151229858,1,monfils g,mpetshi perricard g,hard
2025-580_13.0,hard,2025,R128,flavio cobolli,tomas martin etcheverry,0.6073486804962158,0,cobolli f,martin etcheverry t,hard
2025-580_3.0,hard,2025,R128,alex de minaur,botic van de zandschulp,0.8565696477890015,1,de minaur a,de zandschulp b,hard
2025-580_32.0,hard,2025,R128,christopher o'connell,tommy paul,0.2204356640577316,0,oconnell c,paul t,hard
2025-580_57.0,hard,2025,R128,jiri lehecka,li tu,0.9016287922859192,1,lehecka j,li t,hard
2025-580_60.0,hard,2025,R128,hady habib,yunchaokete bu,0.3068567514419555,1,habib h,yunchaokete b,hard
2025-580_76.0,hard,2025,R64,marcos giron,tomas martin etcheverry,0.5274572372436523,1,giron m,martin etcheverry t,hard
2025-6242_nan,hard,2025,R64,chun-hsin tseng,yunchaokete bu,0.2044958174228668,0,tseng c,yunchaokete b,hard
2025-747_nan,hard,2025,R32,alex de minaur,yunchaokete bu,0.8597413301467896,1,de minaur a,yunchaokete b,hard
2025-7480_10.0,hard,2025,R32,alibek kachmazov,juan pablo ficovich,0.3506320416927337,0,kachmazov a,pablo ficovich j,hard
2025-7480_16.0,hard,2025,R16,juan pablo ficovich,quentin halys,0.6178808808326721,1,pablo ficovich j,halys q,hard
2025-7480_18.0,hard,2025,R16,emilio nava,yunchaokete bu,0.4004104733467102,1,nava e,yunchaokete b,hard
2025-7480_19.0,hard,2025,R16,aleksandar kovacevic,luis carlos alvarez,0.8189006447792053,1,kovacevic a,carlos alvarez l,hard
2025-7480_2.0,hard,2025,R32,alan magadan,yunchaokete bu,0.1812978088855743,0,magadan a,yunchaokete b,hard
2025-7480_23.0,hard,2025,QF,aleksandar kovacevic,juan pablo ficovich,0.4996341466903686,1,kovacevic a,pablo ficovich j,hard
2025-7480_4.0,hard,2025,R32,james mccabe,luis carlos alvarez,0.7584498524665833,0,mccabe j,carlos alvarez l,hard
2025-7480_8.0,hard,2025,R32,tristan schoolkate,yibing wu,0.5991846919059753,1,schoolkate t,yibing w,hard
2025-7485_13.0,hard,2025,R16,botic van de zandschulp,eliot spizzirri,0.6702973246574402,0,de zandschulp b,spizzirri e,hard
2025-7485_15.0,hard,2025,R16,gilles arnaud bailly,jiri lehecka,0.1224919781088829,0,arnaud bailly g,lehecka j,hard
2025-7485_20.0,hard,2025,R16,giovanni mpetshi perricard,nikoloz basilashvili,0.6787461042404175,1,mpetshi perricard g,basilashvili n,hard
2025-7485_21.0,hard,2025,QF,giovanni mpetshi perricard,lorenzo musetti,0.3036838173866272,1,mpetshi perricard g,musetti l,hard
2025-7485_25.0,hard,2025,SF,giovanni mpetshi perricard,jiri lehecka,0.5099192261695862,0,mpetshi perricard g,lehecka j,hard
2025-7485_4.0,hard,2025,R32,emil ruusuvuori,giovanni mpetshi perricard,0.2609991133213043,0,ruusuvuori e,mpetshi perricard g,hard
2025-7485_6.0,hard,2025,R32,daniel altmaier,gilles arnaud bailly,0.7980201244354248,0,altmaier d,arnaud bailly g,hard
2025-7485_8.0,hard,2025,R32,botic van de zandschulp,joao fonseca,0.5128560662269592,1,de zandschulp b,fonseca j,hard
2025-7696_1.0,hard,2025,RR,learner tien,nicolai budkov kjaer,0.870619535446167,1,tien l,budkov kjaer n,hard
2025-7696_10.0,hard,2025,RR,alexander blockx,justin engel,0.5244688391685486,1,blockx a,engel j,hard
2025-7696_11.0,hard,2025,RR,dino prizmic,nishesh basavareddy,0.509903609752655,0,prizmic d,basavareddy n,hard
2025-7696_12.0,hard,2025,RR,martin landaluce,nicolai budkov kjaer,0.4217804074287414,0,landaluce m,budkov kjaer n,hard
2025-7696_14.0,hard,2025,SF,alexander blockx,nicolai budkov kjaer,0.5133546590805054,1,blockx a,budkov kjaer n,hard
2025-7696_15.0,hard,2025,F,alexander blockx,learner tien,0.2132596522569656,0,blockx a,tien l,hard
2025-7696_2.0,hard,2025,RR,alexander blockx,dino prizmic,0.3003748655319214,1,blockx a,prizmic d,hard
2025-7696_3.0,hard,2025,RR,martin landaluce,rafael jodar,0.363814502954483,0,landaluce m,jodar r,hard
2025-7696_4.0,hard,2025,RR,justin engel,nishesh basavareddy,0.5072371959686279,0,engel j,basavareddy n,hard
2025-7696_5.0,hard,2025,RR,learner tien,martin landaluce,0.8457735776901245,1,tien l,landaluce m,hard
2025-7696_6.0,hard,2025,RR,alexander blockx,nishesh basavareddy,0.5866042971611023,1,blockx a,basavareddy n,hard
2025-7696_7.0,hard,2025,RR,dino prizmic,justin engel,0.67120361328125,1,prizmic d,engel j,hard
2025-7696_8.0,hard,2025,RR,nicolai budkov kjaer,rafael jodar,0.4629494249820709,1,budkov kjaer n,jodar r,hard
2025-7696_9.0,hard,2025,RR,learner tien,rafael jodar,0.8258121609687805,0,tien l,jodar r,hard
2025-807_6.0,hard,2025,R32,alex michelsen,yunchaokete bu,0.7836634516716003,1,michelsen a,yunchaokete b,hard
2025-8996_1.0,hard,2025,R32,hugo gaston,tomas martin etcheverry,0.3811793625354767,0,gaston h,martin etcheverry t,hard
2025-8996_10.0,hard,2025,R32,cristian garin,juan pablo ficovich,0.759425699710846,1,garin c,pablo ficovich j,hard
2025-8996_19.0,hard,2025,R16,cristian garin,tomas martin etcheverry,0.4415234327316284,0,garin c,martin etcheverry t,hard
2025-8996_21.0,hard,2025,QF,francisco cerundolo,tomas martin etcheverry,0.5635478496551514,1,cerundolo f,martin etcheverry t,hard
2025-8996_6.0,hard,2025,R32,federico coria,tomas barrios vera,0.6929276585578918,1,coria f,barrios vera t,hard
2025-8996_8.0,hard,2025,R32,juan manuel cerundolo,thiago monteiro,0.4754635989665985,0,manuel cerundolo j,monteiro t,hard
2025-8998_12.0,hard,2025,R32,tomas martin etcheverry,tristan schoolkate,0.810651421546936,1,martin etcheverry t,schoolkate t,hard
2025-8998_15.0,hard,2025,R16,christopher o'connell,miomir kecmanovic,0.4583154320716858,0,oconnell c,kecmanovic m,hard
2025-8998_17.0,hard,2025,R16,benjamin bonzi,li tu,0.5201503038406372,1,bonzi b,li t,hard
2025-8998_20.0,hard,2025,R16,thanasi kokkinakis,tomas martin etcheverry,0.5248358249664307,1,kokkinakis t,martin etcheverry t,hard
2025-8998_3.0,hard,2025,R32,arthur rinderknech,christopher o'connell,0.548738420009613,0,rinderknech a,oconnell c,hard
2025-8998_5.0,hard,2025,R32,james duckworth,li tu,0.7393714785575867,0,duckworth j,li t,hard
2025-M-DC-2025-FLS-M-ARG-GER-01_1.0,hard,2025,RR,jan-lennard struff,tomas martin etcheverry,0.5273540019989014,0,struff j,martin etcheverry t,hard
2025-M-DC-2025-FLS-M-ESP-CZE-01_2.0,hard,2025,RR,jaume munar,jiri lehecka,0.3486036956310272,1,munar j,lehecka j,hard
2025-M-DC-2025-FLS-M-ESP-GER-01_1.0,hard,2025,RR,jan-lennard struff,pablo carreno busta,0.492292046546936,0,struff j,carreno busta p,hard
2025-M-DC-2025-FLS-M-ESP-GER-01_2.0,hard,2025,RR,alexander zverev,jaume munar,0.7513041496276855,1,zverev a,munar j,hard
2025-M-DC-2025-FLS-M-FRA-BEL-01_1.0,hard,2025,RR,corentin moutet,raphael collignon,0.7745293378829956,0,moutet c,collignon r,hard
2025-M-DC-2025-FLS-M-FRA-BEL-01_2.0,hard,2025,RR,arthur rinderknech,zizou bergs,0.7341246008872986,0,rinderknech a,bergs z,hard
2025-M-DC-2025-FLS-M-ITA-AUT-01_1.0,hard,2025,RR,jurij rodionov,matteo berrettini,0.173821747303009,0,rodionov j,berrettini m,hard
2025-M-DC-2025-FLS-M-ITA-BEL-01_1.0,hard,2025,RR,matteo berrettini,raphael collignon,0.7013845443725586,1,berrettini m,collignon r,hard
2025-M-DC-2025-FLS-M-ITA-BEL-01_2.0,hard,2025,RR,flavio cobolli,zizou bergs,0.5263428092002869,1,cobolli f,bergs z,hard
2025-M-DC-2025-FLS-M-ITA-ESP-01_1.0,hard,2025,RR,matteo berrettini,pablo carreno busta,0.6083884239196777,1,berrettini m,carreno busta p,hard
2025-M-DC-2025-QLS-M-AUS-BEL-01_1.0,hard,2025,RR,jordan thompson,zizou bergs,0.5616008043289185,0,thompson j,bergs z,hard
2025-M-DC-2025-QLS-M-AUS-BEL-01_2.0,hard,2025,RR,alex de minaur,raphael collignon,0.8571620583534241,0,de minaur a,collignon r,hard
2025-M-DC-2025-QLS-M-AUS-BEL-01_3.0,hard,2025,RR,alex de minaur,zizou bergs,0.7504366636276245,1,de minaur a,bergs z,hard
2025-M-DC-2025-QLS-M-AUS-BEL-01_4.0,hard,2025,RR,aleksandar vukic,raphael collignon,0.3481242656707763,0,vukic a,collignon r,hard
2025-M-DC-2025-QLS-M-AUT-FIN-01_1.0,hard,2025,RR,lukas neumayer,otto virtanen,0.3165699541568756,1,neumayer l,virtanen o,hard
2025-M-DC-2025-QLS-M-AUT-FIN-01_2.0,hard,2025,RR,eero vasa,jurij rodionov,0.214218333363533,0,vasa e,rodionov j,hard
2025-M-DC-2025-QLS-M-AUT-FIN-01_3.0,hard,2025,RR,eero vasa,filip misolic,0.546787679195404,0,vasa e,misolic f,hard
2025-M-DC-2025-QLS-M-BEL-CHI-01_1.0,hard,2025,RR,tomas barrios vera,zizou bergs,0.2111972123384475,0,barrios vera t,bergs z,hard
2025-M-DC-2025-QLS-M-BEL-CHI-01_2.0,hard,2025,RR,alexander blockx,cristian garin,0.2285021245479583,0,blockx a,garin c,hard
2025-M-DC-2025-QLS-M-BEL-CHI-01_3.0,hard,2025,RR,cristian garin,zizou bergs,0.5000582337379456,0,garin c,bergs z,hard
2025-M-DC-2025-QLS-M-CAN-HUN-01_1.0,hard,2025,RR,alexis galarneau,fabian marozsan,0.2085324823856353,0,galarneau a,marozsan f,hard
2025-M-DC-2025-QLS-M-CAN-HUN-01_2.0,hard,2025,RR,gabriel diallo,marton fucsovics,0.625785768032074,0,diallo g,fucsovics m,hard
2025-M-DC-2025-QLS-M-CAN-HUN-01_4.0,hard,2025,RR,alexis galarneau,marton fucsovics,0.352538138628006,0,galarneau a,fucsovics m,hard
2025-M-DC-2025-QLS-M-CRO-SVK-01_1.0,hard,2025,RR,duje ajdukovic,lukas klein,0.3536071479320526,1,ajdukovic d,klein l,hard
2025-M-DC-2025-QLS-M-CRO-SVK-01_2.0,hard,2025,RR,dino prizmic,jozef kovalik,0.2712910771369934,1,prizmic d,kovalik j,hard
2025-M-DC-2025-QLS-M-CRO-SVK-01_3.0,hard,2025,RR,matej dodig,norbert gombos,0.5036565065383911,0,dodig m,gombos n,hard
2025-M-DC-2025-QLS-M-CZE-KOR-01_1.0,hard,2025,RR,gerard campana lee,jiri lehecka,0.2205445170402526,0,gerard campana l,lehecka j,hard
2025-M-DC-2025-QLS-M-CZE-KOR-01_2.0,hard,2025,RR,soonwoo kwon,tomas machac,0.1484701037406921,0,kwon s,machac t,hard
2025-M-DC-2025-QLS-M-CZE-KOR-01_3.0,hard,2025,RR,maxim mrva,sanhui shin,0.435490071773529,1,mrva m,shin s,hard
2025-M-DC-2025-QLS-M-DEN-SRB-01_1.0,hard,2025,RR,elmer moller,miomir kecmanovic,0.2132935374975204,0,moller e,kecmanovic m,hard
2025-M-DC-2025-QLS-M-DEN-SRB-01_4.0,hard,2025,RR,elmer moller,hamad medjedovic,0.2721979022026062,1,moller e,medjedovic h,hard
2025-M-DC-2025-QLS-M-ESP-SUI-01_1.0,hard,2025,RR,dominic stricker,pedro martinez,0.4550408720970154,0,stricker d,martinez p,hard
2025-M-DC-2025-QLS-M-ESP-SUI-01_2.0,hard,2025,RR,jerome kym,roberto carballes baena,0.2788289487361908,0,jerome k,carballes baena r,hard
2025-M-DC-2025-QLS-M-ESP-SUI-01_3.0,hard,2025,RR,martin landaluce,remy bertola,0.6253050565719604,0,landaluce m,bertola r,hard
2025-M-DC-2025-QLS-M-FRA-BRA-01_2.0,hard,2025,RR,arthur fils,thiago seyboth wild,0.7161155939102173,1,fils a,seyboth wild t,hard
2025-M-DC-2025-QLS-M-FRA-BRA-01_3.0,hard,2025,RR,giovanni mpetshi perricard,matheus pucinelli de almeida,0.835122287273407,1,mpetshi perricard g,de almeida m,hard
2025-M-DC-2025-QLS-M-HUN-AUT-01_1.0,hard,2025,RR,lukas neumayer,marton fucsovics,0.1869708895683288,1,neumayer l,fucsovics m,hard
2025-M-DC-2025-QLS-M-HUN-AUT-01_2.0,hard,2025,RR,lukas neumayer,zsombor piros,0.6842462420463562,0,neumayer l,piros z,hard
2025-M-DC-2025-QLS-M-HUN-AUT-01_3.0,hard,2025,RR,fabian marozsan,jurij rodionov,0.7354314923286438,0,marozsan f,rodionov j,hard
2025-M-DC-2025-QLS-M-HUN-AUT-01_4.0,hard,2025,RR,jurij rodionov,marton fucsovics,0.3132550716400146,1,rodionov j,fucsovics m,hard
2025-M-DC-2025-QLS-M-ISR-GER-01_1.0,hard,2025,RR,maximilian marterer,yshai oliel,0.7610684633255005,1,marterer m,oliel y,hard
2025-M-DC-2025-QLS-M-ISR-GER-01_2.0,hard,2025,RR,daniel cukierman,yannick hanfmann,0.1525939106941223,0,cukierman d,hanfmann y,hard
2025-M-DC-2025-QLS-M-ISR-GER-01_3.0,hard,2025,RR,daniel masur,ofek shimanov,0.7655954957008362,0,masur d,shimanov o,hard
2025-M-DC-2025-QLS-M-JPN-GBR-01_1.0,hard,2025,RR,billy harris,yoshihito nishioka,0.5517760515213013,0,harris b,nishioka y,hard
2025-M-DC-2025-QLS-M-JPN-GBR-01_2.0,hard,2025,RR,jacob fearnley,kei nishikori,0.2421159297227859,1,fearnley j,nishikori k,hard
2025-M-DC-2025-QLS-M-JPN-GBR-01_3.0,hard,2025,RR,jacob fearnley,yoshihito nishioka,0.2321769893169403,0,fearnley j,nishioka y,hard
2025-M-DC-2025-QLS-M-JPN-GBR-01_4.0,hard,2025,RR,billy harris,kei nishikori,0.1101305857300758,0,harris b,nishikori k,hard
2025-M-DC-2025-QLS-M-JPN-GER-01_1.0,hard,2025,RR,jan-lennard struff,yoshihito nishioka,0.617077112197876,1,struff j,nishioka y,hard
2025-M-DC-2025-QLS-M-JPN-GER-01_2.0,hard,2025,RR,shintaro mochizuki,yannick hanfmann,0.5404694080352783,0,mochizuki s,hanfmann y,hard
2025-M-DC-2025-QLS-M-JPN-GER-01_3.0,hard,2025,RR,justin engel,rei sakamoto,0.641851544380188,1,engel j,sakamoto r,hard
2025-M-DC-2025-QLS-M-NED-ARG-01_1.0,hard,2025,RR,botic van de zandschulp,francisco cerundolo,0.3895683288574219,0,de zandschulp b,cerundolo f,hard
2025-M-DC-2025-QLS-M-NED-ARG-01_2.0,hard,2025,RR,jesper de jong,tomas martin etcheverry,0.4666321873664856,0,de jong j,martin etcheverry t,hard
2025-M-DC-2025-QLS-M-NED-ARG-01_3.0,hard,2025,RR,francisco comesana,jesper de jong,0.3682990074157715,0,comesana f,de jong j,hard
2025-M-DC-2025-QLS-M-NOR-ARG-01_1.0,hard,2025,RR,nicolai budkov kjaer,tomas martin etcheverry,0.1489143818616867,0,budkov kjaer n,martin etcheverry t,hard
2025-M-DC-2025-QLS-M-NOR-ARG-01_2.0,hard,2025,RR,casper ruud,mariano navone,0.8053157329559326,1,ruud c,navone m,hard
2025-M-DC-2025-QLS-M-NOR-ARG-01_3.0,hard,2025,RR,casper ruud,tomas martin etcheverry,0.6973603963851929,1,ruud c,martin etcheverry t,hard
2025-M-DC-2025-QLS-M-NOR-ARG-01_4.0,hard,2025,RR,mariano navone,nicolai budkov kjaer,0.7510508298873901,1,navone m,budkov kjaer n,hard
2025-M-DC-2025-QLS-M-SWE-ARG-01_1.0,hard,2025,RR,alex de minaur,mikael ymer,0.9907816052436828,1,de minaur a,ymer m,hard
2025-M-DC-2025-QLS-M-SWE-ARG-01_2.0,hard,2025,RR,aleksandar vukic,leo borg,0.8587800860404968,1,vukic a,borg l,hard
2025-M-DC-2025-QLS-M-SWE-ARG-01_3.0,hard,2025,RR,john peers,leo borg,0.1707972735166549,0,peers j,borg l,hard
2025-M-DC-2025-QLS-M-TPE-USA-01_1.0,hard,2025,RR,chun-hsin tseng,marcos giron,0.096836119890213,0,tseng c,giron m,hard
2025-M-DC-2025-QLS-M-TPE-USA-01_2.0,hard,2025,RR,alex michelsen,tung-lin wu,0.8366197943687439,1,michelsen a,tung-lin w,hard
2025-M-DC-2025-QLS-M-TPE-USA-01_3.0,hard,2025,RR,mackenzie mcdonald,tsung-hao huang,0.6506287455558777,1,mcdonald m,huang t,hard
2025-M-DC-2025-QLS-M-USA-CZE-01_1.0,hard,2025,RR,frances tiafoe,jiri lehecka,0.2751141190528869,0,tiafoe f,lehecka j,hard
2025-M-DC-2025-QLS-M-USA-CZE-01_4.0,hard,2025,RR,frances tiafoe,jakub mensik,0.4652617573738098,0,tiafoe f,mensik j,hard
2025-M-DC-2025-WG1-PO-ECU-URU-01_1.0,hard,2025,RR,andres andrade,francisco llanes,0.8784515857696533,1,andrade a,llanes f,hard
2025-M-DC-2025-WG1-PO-ECU-URU-01_2.0,hard,2025,RR,alvaro guillen meza,franco roncadelli,0.3867425620555877,0,guillen meza a,roncadelli f,hard
2025-M-DC-2025-WG1-PO-ECU-URU-01_3.0,hard,2025,RR,andres andrade,franco roncadelli,0.5290814638137817,1,andrade a,roncadelli f,hard
2025-M-DC-2025-WG1-PO-GEO-POL-01_1.0,hard,2025,RR,aleksandre bakshi,kamil majchrzak,0.2105152159929275,0,bakshi a,majchrzak k,hard
2025-M-DC-2025-WG1-PO-GEO-POL-01_2.0,hard,2025,RR,maks kasnikowski,saba purtseladze,0.5836175680160522,1,kasnikowski m,purtseladze s,hard
2025-M-DC-2025-WG1-PO-GEO-POL-01_3.0,hard,2025,RR,martyn pawelski,zura tkemaladze,0.6992177963256836,0,pawelski m,tkemaladze z,hard
2025-M-DC-2025-WG1-PO-IND-TOG-01_1.0,hard,2025,RR,liova ajavon,mukund sasikumar,0.7002930045127869,0,ajavon l,sasikumar m,hard
2025-M-DC-2025-WG1-PO-IND-TOG-01_2.0,hard,2025,RR,ramkumar ramanathan,thomas yaka kofi setodji,0.7523526549339294,1,ramanathan r,kofi setodji t,hard
2025-M-DC-2025-WG1-PO-IND-TOG-01_3.0,hard,2025,RR,hod'abalo padio,karan singh,0.1312365978956222,0,padio h,singh k,hard
2025-M-DC-2025-WG1-PO-KAZ-PAK-01_1.0,hard,2025,RR,alexander shevchenko,muzammil murtaza,0.9761533141136168,1,shevchenko a,murtaza m,hard
2025-M-DC-2025-WG1-PO-KAZ-PAK-01_2.0,hard,2025,RR,beibit zhukayev,huzaifa abdul rehman,0.9181461930274964,1,zhukayev b,abdul rehman h,hard
2025-M-DC-2025-WG1-PO-KAZ-PAK-01_3.0,hard,2025,RR,ahmad nael qureshi,denis yevseyev,0.1167521774768829,0,nael qureshi a,yevseyev d,hard
2025-M-DC-2025-WG1-PO-LUX-LTU-01_1.0,hard,2025,RR,chris rodesch,edas butvilas,0.6652052402496338,0,rodesch c,butvilas e,hard
2025-M-DC-2025-WG1-PO-LUX-LTU-01_2.0,hard,2025,RR,alex knaff,vilius gaubas,0.3110150694847107,1,knaff a,gaubas v,hard
2025-M-DC-2025-WG1-PO-LUX-LTU-01_3.0,hard,2025,RR,chris rodesch,vilius gaubas,0.5628042221069336,1,rodesch c,gaubas v,hard
2025-M-DC-2025-WG1-PO-ROU-BUL-01_1.0,hard,2025,RR,cezar cretu,petr nesterov,0.5132492184638977,1,cretu c,nesterov p,hard
2025-M-DC-2025-WG1-PO-ROU-BUL-01_2.0,hard,2025,RR,filip cristian jianu,iliyan radulov,0.6894073486328125,0,cristian jianu f,radulov i,hard
2025-M-DC-2025-WG1-PO-ROU-BUL-01_3.0,hard,2025,RR,adrian andreev,filip cristian jianu,0.3510369956493377,1,andreev a,cristian jianu f,hard
2025-M-DC-2025-WG1-PO-TUN-UKR-01_1.0,hard,2025,RR,aziz dougaz,vitaliy sachko,0.6735897064208984,0,dougaz a,sachko v,hard
2025-M-DC-2025-WG1-PO-TUN-UKR-01_2.0,hard,2025,RR,moez echargui,oleksandr ovcharenko,0.3315504789352417,1,echargui m,ovcharenko o,hard
2025-M-DC-2025-WG1-PO-TUN-UKR-01_3.0,hard,2025,RR,aziz dougaz,oleksandr ovcharenko,0.5067555904388428,0,dougaz a,ovcharenko o,hard
2025-M-DC-2025-WG1-PO-TUN-UKR-01_4.0,hard,2025,RR,moez echargui,vitaliy sachko,0.5270121693611145,1,echargui m,sachko v,hard
2025-M-DC-2025-WG1-PO-TUR-MEX-01_1.0,hard,2025,RR,alex hernandez,ergi kirkin,0.2617818117141723,0,hernandez a,kirkin e,hard
2025-M-DC-2025-WG1-PO-TUR-MEX-01_2.0,hard,2025,RR,rodrigo pacheco mendez,yanki erel,0.5897359848022461,0,pacheco mendez r,erel y,hard
2025-M-DC-2025-WG1-PO-TUR-MEX-01_3.0,hard,2025,RR,atakan karahan,rafael de alba,0.519385039806366,1,karahan a,de alba r,hard
2025-M-DC-2025-WG1-PO-TUR-MEX-01_4.0,hard,2025,RR,eugenio gonzalez fitzmaurice,mert naci turker,0.1562039703130722,0,gonzalez fitzmaurice e,naci turker m,hard
2025-M-DC-2025-WG1-PO-UZB-BIH-01_1.0,hard,2025,RR,khumoyun sultanov,mirza basic,0.6446071863174438,1,sultanov k,basic m,hard
2025-M-DC-2025-WG1-PO-UZB-BIH-01_2.0,hard,2025,RR,damir dzumhur,sergey fomin,0.7795204520225525,1,dzumhur d,fomin s,hard
2025-M-DC-2025-WG1-PO-UZB-BIH-01_3.0,hard,2025,RR,damir dzumhur,khumoyun sultanov,0.5306682586669922,1,dzumhur d,sultanov k,hard
2025-M-DC-2025-WG1-R1-CAN-ISR-01_1.0,hard,2025,RR,daniel cukierman,gabriel diallo,0.0597131736576557,0,cukierman d,diallo g,hard
2025-M-DC-2025-WG1-R1-CAN-ISR-01_2.0,hard,2025,RR,liam draxl,orel kimhi,0.6987558603286743,1,draxl l,kimhi o,hard
2025-M-DC-2025-WG1-R1-CAN-ISR-01_3.0,hard,2025,RR,cleeve harper,orel kimhi,0.5771648287773132,1,harper c,kimhi o,hard
2025-M-DC-2025-WG1-R1-GRE-BRA-01_2.0,hard,2025,RR,joao fonseca,stefanos sakellaridis,0.8272514939308167,1,fonseca j,sakellaridis s,hard
2025-M-DC-2025-WG1-R1-GRE-BRA-01_3.0,hard,2025,RR,joao fonseca,stefanos tsitsipas,0.4593681693077087,1,fonseca j,tsitsipas s,hard
2025-M-DC-2025-WG1-R1-KOR-KAZ-01_1.0,hard,2025,RR,alexander shevchenko,hyeon chung,0.2127569913864135,1,shevchenko a,chung h,hard
2025-M-DC-2025-WG1-R1-KOR-KAZ-01_2.0,hard,2025,RR,alexander bublik,soonwoo kwon,0.9239112734794616,0,bublik a,kwon s,hard
2025-M-DC-2025-WG1-R1-KOR-KAZ-01_3.0,hard,2025,RR,dmitry popko,hyeon chung,0.5023587942123413,0,popko d,chung h,hard
2025-M-DC-2025-WG1-R1-POL-GBR-01_1.0,hard,2025,RR,arthur fery,olaf pieczkowski,0.4528104066848755,1,fery a,pieczkowski o,hard
2025-M-DC-2025-WG1-R1-POL-GBR-01_2.0,hard,2025,RR,cameron norrie,tomasz berkieta,0.9038227796554564,1,norrie c,berkieta t,hard
2025-M-DC-2025-WG1-R1-POL-GBR-01_3.0,hard,2025,RR,cameron norrie,olaf pieczkowski,0.8734839558601379,1,norrie c,pieczkowski o,hard
2025-M-DC-2025-WG1-R1-SRB-TUR-01_1.0,hard,2025,RR,hamad medjedovic,yanki erel,0.8354154825210571,1,medjedovic h,erel y,hard
2025-M-DC-2025-WG1-R1-SRB-TUR-01_2.0,hard,2025,RR,ergi kirkin,miomir kecmanovic,0.1800377666950225,0,kirkin e,kecmanovic m,hard
2025-M-DC-2025-WG1-R1-SRB-TUR-01_3.0,hard,2025,RR,arda azkara,branko djuric,0.6250906586647034,1,azkara a,djuric b,hard
2025-M-DC-2025-WG1-R1-SUI-IND-01_1.0,hard,2025,RR,dhakshineswar suresh,jerome kym,0.1724905222654342,1,suresh d,jerome k,hard
2025-M-DC-2025-WG1-R1-SUI-IND-01_2.0,hard,2025,RR,marc-andrea huesler,sumit nagal,0.3730188012123108,0,huesler m,nagal s,hard
2025-M-DC-2025-WG1-R1-SUI-IND-01_3.0,hard,2025,RR,henry bernet,sumit nagal,0.353266954421997,0,bernet h,nagal s,hard
2025-M-DC-2025-WG1-R1-SVK-COL-01_1.0,hard,2025,RR,alex molcan,nicolas mejia,0.4423890709877014,1,molcan a,mejia n,hard
2025-M-DC-2025-WG1-R1-SVK-COL-01_2.0,hard,2025,RR,adria soriano barrera,lukas klein,0.4042752981185913,1,soriano barrera a,klein l,hard
2025-M-DC-2025-WG1-R1-SVK-COL-01_3.0,hard,2025,RR,nicolas mejia,norbert gombos,0.6022881865501404,0,mejia n,gombos n,hard
2025-M-DC-2025-WG1-R1-SWE-TUN-01_1.0,hard,2025,RR,leo borg,moez echargui,0.2394273728132248,0,borg l,echargui m,hard
2025-M-DC-2025-WG1-R1-SWE-TUN-01_2.0,hard,2025,RR,aziz ouakaa,olle wallin,0.2876014411449432,0,ouakaa a,wallin o,hard
2025-M-DC-2025-WG1-R1-SWE-TUN-01_3.0,hard,2025,RR,moez echargui,olle wallin,0.6298306584358215,1,echargui m,wallin o,hard
2025-M-DC-2025-WG1-R1-SWE-TUN-01_4.0,hard,2025,RR,aziz ouakaa,leo borg,0.5187056064605713,0,ouakaa a,borg l,hard
2025-M-DC-2025-WG1-R1-TPE-NOR-01_1.0,hard,2025,RR,nicolai budkov kjaer,tung-lin wu,0.6237705945968628,1,budkov kjaer n,tung-lin w,hard
2025-M-DC-2025-WG1-R1-TPE-NOR-01_2.0,hard,2025,RR,chun-hsin tseng,viktor durasovic,0.6195632219314575,1,tseng c,durasovic v,hard
2025-M-DC-2025-WG1-R1-TPE-NOR-01_3.0,hard,2025,RR,chun-hsin tseng,nicolai budkov kjaer,0.4221332371234894,0,tseng c,budkov kjaer n,hard
2025-M-DC-2025-WG1-R1-TPE-NOR-01_4.0,hard,2025,RR,tung-lin wu,viktor durasovic,0.567284345626831,0,tung-lin w,durasovic v,hard
2025-M-DC-2025-WG2-PO-BEN-LAT-01_1.0,hard,2025,RR,alexis klegou,robert strombachs,0.0875325575470924,0,klegou a,strombachs r,hard
2025-M-DC-2025-WG2-PO-BEN-LAT-02_1.0,hard,2025,RR,daniels tens,patrick agbo-panzo,0.3329494893550873,0,tens d,agbo-panzo p,hard
2025-M-DC-2025-WG2-PO-BEN-LAT-03_1.0,hard,2025,RR,patrick agbo-panzo,robert strombachs,0.1315383613109588,0,agbo-panzo p,strombachs r,hard
2025-M-DC-2025-WG2-PO-BEN-LAT-04_1.0,hard,2025,RR,daniels tens,sylvestre monnou,0.579214334487915,0,tens d,monnou s,hard
2025-M-DC-2025-WG2-PO-CHN-MNE-01_1.0,hard,2025,RR,jie cui,petar jovanovic,0.6780565977096558,1,jie c,jovanovic p,hard
2025-M-DC-2025-WG2-PO-CHN-MNE-02_1.0,hard,2025,RR,aleksa krivokapic,zhizhen zhang,0.0920443087816238,0,krivokapic a,zhang z,hard
2025-M-DC-2025-WG2-PO-CHN-MNE-03_1.0,hard,2025,RR,fajing sun,petar jovanovic,0.6637129783630371,1,fajing s,jovanovic p,hard
2025-M-DC-2025-WG2-PO-CYP-THA-01_1.0,hard,2025,RR,maximus jones,menelaos efstathiou,0.7250804305076599,0,jones m,efstathiou m,hard
2025-M-DC-2025-WG2-PO-CYP-THA-02_1.0,hard,2025,RR,kasidit samrej,stylianos christodoulou,0.8716208934783936,0,samrej k,christodoulou s,hard
2025-M-DC-2025-WG2-PO-CYP-THA-03_1.0,hard,2025,RR,andreas timini,thanapet chanta,0.1911020278930664,1,timini a,chanta t,hard
2025-M-DC-2025-WG2-PO-DOM-BOL-01_1.0,hard,2025,RR,federico zeballos,peter bertran,0.1115218847990036,0,zeballos f,bertran p,hard
2025-M-DC-2025-WG2-PO-DOM-BOL-02_1.0,hard,2025,RR,raul garcia,roberto cid subervi,0.7702344655990601,0,garcia r,cid subervi r,hard
2025-M-DC-2025-WG2-PO-DOM-BOL-03_1.0,hard,2025,RR,federico zeballos,roberto cid subervi,0.6478661894798279,0,zeballos f,cid subervi r,hard
2025-M-DC-2025-WG2-PO-ESA-MDA-01_1.0,hard,2025,RR,ilya snitari,marcelo arevalo,0.69972163438797,1,snitari i,arevalo m,hard
2025-M-DC-2025-WG2-PO-ESA-MDA-02_1.0,hard,2025,RR,andrei gorban,cesar cruz,0.3510583639144897,0,gorban a,cruz c,hard
2025-M-DC-2025-WG2-PO-ESA-MDA-03_1.0,hard,2025,RR,cesar cruz,ilya snitari,0.1028423607349395,0,cruz c,snitari i,hard
2025-M-DC-2025-WG2-PO-ESA-MDA-04_1.0,hard,2025,RR,ilie cazac,marcelo arevalo,0.559762716293335,0,cazac i,arevalo m,hard
2025-M-DC-2025-WG2-PO-EST-VEN-01_1.0,hard,2025,RR,ignacio parisca romera,oliver ojakaar,0.1983321458101272,0,parisca romera i,ojakaar o,hard
2025-M-DC-2025-WG2-PO-EST-VEN-02_1.0,hard,2025,RR,mark lajal,ricardo rodriguez - pace,0.7198758125305176,1,lajal m,rodriguez-pace r,hard
2025-M-DC-2025-WG2-PO-EST-VEN-03_1.0,hard,2025,RR,ignacio parisca romera,markus molder,0.1900876760482788,0,parisca romera i,molder m,hard
2025-M-DC-2025-WG2-PO-IRL-KSA-01_1.0,hard,2025,RR,michael agwi,saud alhogbani,0.8711814880371094,1,agwi m,alhogbani s,hard
2025-M-DC-2025-WG2-PO-IRL-KSA-02_1.0,hard,2025,RR,ammar alhogbani,osgar o'hoisin,0.4846464097499847,0,alhogbani a,ohoisin o,hard
2025-M-DC-2025-WG2-PO-IRL-KSA-03_1.0,hard,2025,RR,abdulmajeed bukhari,ammar elamin,0.2419469207525253,0,bukhari a,elamin a,hard
2025-M-DC-2025-WG2-PO-IRL-KSA-04_1.0,hard,2025,RR,abdulmalek burasais,freddy murray,0.6051949262619019,0,burasais a,murray f,hard
2025-M-DC-2025-WG2-PO-JAM-NZL-01_1.0,hard,2025,RR,blaise bicknell,jack loutit,0.5047237277030945,0,bicknell b,loutit j,hard
2025-M-DC-2025-WG2-PO-JAM-NZL-02_1.0,hard,2025,RR,kiranpal pannu,rowland phillips,0.8720529079437256,0,pannu k,phillips r,hard
2025-M-DC-2025-WG2-PO-JAM-NZL-03_1.0,hard,2025,RR,ajeet rai,blaise bicknell,0.6261386871337891,0,ajeet r,bicknell b,hard
2025-M-DC-2025-WG2-PO-JAM-NZL-04_1.0,hard,2025,RR,jack loutit,rowland phillips,0.9065662622451782,1,loutit j,phillips r,hard
2025-M-DC-2025-WG2-PO-MAR-ZIM-01_1.0,hard,2025,RR,courtney john lock,taha baadi,0.098806157708168,0,john lock c,baadi t,hard
2025-M-DC-2025-WG2-PO-MAR-ZIM-02_1.0,hard,2025,RR,elliot benchetrit,ethan denzel sibanda,0.839444637298584,1,benchetrit e,denzel sibanda e,hard
2025-M-DC-2025-WG2-PO-MAR-ZIM-03_1.0,hard,2025,RR,karim bennani,ronan tashinga mtisi,0.7940978407859802,1,bennani k,tashinga mtisi r,hard
2025-M-DC-2025-WG2-PO-NAM-HKG-01_1.0,hard,2025,RR,chun hun wong,connor henry van schalkwyk,0.174824982881546,0,hun wong c,van schalkwyk c,hard
2025-M-DC-2025-WG2-PO-NAM-HKG-02_1.0,hard,2025,RR,codie schalk van schalkwyk,coleman wong,0.0882012620568275,0,van schalkwyk c,wong c,hard
2025-M-DC-2025-WG2-PO-NAM-HKG-03_1.0,hard,2025,RR,coleman wong,connor henry van schalkwyk,0.7777107357978821,1,wong c,van schalkwyk c,hard
2025-M-DC-2025-WG2-PO-NAM-HKG-04_1.0,hard,2025,RR,codie schalk van schalkwyk,tsz fu wong,0.6904220581054688,1,van schalkwyk c,fu wong t,hard
2025-M-DC-2025-WG2-PO-RSA-NGR-01_1.0,hard,2025,RR,david ekpenyong,philip henning,0.090142510831356,0,ekpenyong d,henning p,hard
2025-M-DC-2025-WG2-PO-RSA-NGR-02_1.0,hard,2025,RR,christopher bulus,kris van wyk,0.3264731466770172,1,bulus c,kris van w,hard
2025-M-DC-2025-WG2-PO-RSA-NGR-03_1.0,hard,2025,RR,christopher bulus,philip henning,0.3107429444789886,0,bulus c,henning p,hard
2025-M-DC-2025-WG2-R1-CYP-MON-01_1.0,hard,2025,RR,stylianos christodoulou,valentin vacherot,0.1149393394589424,0,christodoulou s,vacherot v,hard
2025-M-DC-2025-WG2-R1-CYP-MON-02_2.0,hard,2025,RR,menelaos efstathiou,romain arneodo,0.8043111562728882,1,efstathiou m,arneodo r,hard
2025-M-DC-2025-WG2-R1-CYP-MON-04_4.0,hard,2025,RR,menelaos efstathiou,valentin vacherot,0.3250764608383178,0,efstathiou m,vacherot v,hard
2025-M-DC-2025-WG2-R1-ESA-ROU-01_1.0,hard,2025,RR,marcelo arevalo,radu david turcanu,0.2621205747127533,0,arevalo m,david turcanu r,hard
2025-M-DC-2025-WG2-R1-ESA-ROU-02_2.0,hard,2025,RR,cesar cruz,gabriel ghetu,0.197279155254364,0,cruz c,ghetu g,hard
2025-M-DC-2025-WG2-R1-ESA-ROU-04_4.0,hard,2025,RR,cesar cruz,radu david turcanu,0.1506393849849701,0,cruz c,david turcanu r,hard
2025-M-DC-2025-WG2-R1-EST-MEX-01_1.0,hard,2025,RR,luis carlos alvarez,mark lajal,0.4309259951114654,0,carlos alvarez l,lajal m,hard
2025-M-DC-2025-WG2-R1-EST-MEX-02_2.0,hard,2025,RR,daniil glinka,rodrigo pacheco mendez,0.3368546664714813,0,glinka d,pacheco mendez r,hard
2025-M-DC-2025-WG2-R1-EST-MEX-04_4.0,hard,2025,RR,mark lajal,rodrigo pacheco mendez,0.5796996355056763,0,lajal m,pacheco mendez r,hard
2025-M-DC-2025-WG2-R1-HKG-UZB-01_1.0,hard,2025,RR,coleman wong,sergey fomin,0.8122067451477051,1,wong c,fomin s,hard
2025-M-DC-2025-WG2-R1-HKG-UZB-02_2.0,hard,2025,RR,khumoyun sultanov,tsz fu wong,0.8969804644584656,1,sultanov k,fu wong t,hard
2025-M-DC-2025-WG2-R1-HKG-UZB-04_4.0,hard,2025,RR,coleman wong,khumoyun sultanov,0.7656482458114624,1,wong c,sultanov k,hard
2025-M-DC-2025-WG2-R1-IRL-CHN-01_1.0,hard,2025,RR,peter buldorini,yunchaokete bu,0.1803977042436599,0,buldorini p,yunchaokete b,hard
2025-M-DC-2025-WG2-R1-IRL-CHN-02_2.0,hard,2025,RR,michael agwi,yi zhou,0.5545942187309265,0,agwi m,zhou y,hard
2025-M-DC-2025-WG2-R1-IRL-CHN-04_4.0,hard,2025,RR,fajing sun,michael agwi,0.4842187166213989,0,fajing s,agwi m,hard
2025-M-DC-2025-WG2-R1-LTU-BEN-01_1.0,hard,2025,RR,alexis klegou,vilius gaubas,0.1143937483429908,0,klegou a,gaubas v,hard
2025-M-DC-2025-WG2-R1-LTU-BEN-02_2.0,hard,2025,RR,edas butvilas,patrick agbo-panzo,0.9040274024009703,1,butvilas e,agbo-panzo p,hard
2025-M-DC-2025-WG2-R1-LTU-BEN-04_4.0,hard,2025,RR,patrick agbo-panzo,pijus vaitiekunas,0.2310938239097595,0,agbo-panzo p,vaitiekunas p,hard
2025-M-DC-2025-WG2-R1-NZL-GEO-01_1.0,hard,2025,RR,james watt,zura tkemaladze,0.7547755837440491,1,watt j,tkemaladze z,hard
2025-M-DC-2025-WG2-R1-NZL-GEO-02_2.0,hard,2025,RR,aleksandre bakshi,jack loutit,0.6541959643363953,1,bakshi a,loutit j,hard
2025-M-DC-2025-WG2-R1-NZL-GEO-04_4.0,hard,2025,RR,aleksandre bakshi,james watt,0.5335783958435059,0,bakshi a,watt j,hard
2025-M-DC-2025-WG2-R1-RSA-MAR-01_1.0,hard,2025,RR,alec beckley,yassine dlimi,0.5007065534591675,0,beckley a,dlimi y,hard
2025-M-DC-2025-WG2-R1-RSA-MAR-02_2.0,hard,2025,RR,marc van der merwe,taha baadi,0.2602953314781189,0,der merwe m,baadi t,hard
2025-M-DC-2025-WG2-R1-RSA-MAR-04_4.0,hard,2025,RR,connor doig,taha baadi,0.2601729333400726,0,doig c,baadi t,hard
2025-M-DC-2025-WG2-R1-RSA-MAR-05_5.0,hard,2025,RR,karim bennani,leo matthysen,0.7556106448173523,1,bennani k,matthysen l,hard
2025-M-DC-2025-WG2-R1-SLO-URU-01_1.0,hard,2025,RR,bor artnak,joaquin aguilar cardozo,0.7116414308547974,1,artnak b,aguilar cardozo j,hard
2025-M-DC-2025-WG2-R1-SLO-URU-02_2.0,hard,2025,RR,filip jeff planinsek,franco roncadelli,0.4574691355228424,1,jeff planinsek f,roncadelli f,hard
2025-M-DC-2025-WG2-R1-SLO-URU-04_4.0,hard,2025,RR,francisco llanes,ziga sesko,0.3449141681194305,0,llanes f,sesko z,hard
2025-M-DC-2025-WG2-R1-TOG-EGY-01_1.0,hard,2025,RR,fares zakaria,kodjo charles alipoe-tchotchodji,0.8542495965957642,1,zakaria f,charles alipoe-tchotchodji k,hard
2025-M-DC-2025-WG2-R1-TOG-EGY-02_2.0,hard,2025,RR,hod'abalo padio,michael bassem sobhy,0.2225391268730163,0,padio h,bassem sobhy m,hard
2025-M-DC-2025-WG2-R1-TOG-EGY-04_4.0,hard,2025,RR,akram el sallaly,hod'abalo padio,0.6379246711730957,0,el sallaly a,padio h,hard
