scraped_at,rankings_date,official_rank,player_name,age,official_points
2026-07-03T14:30:14Z,2026-06-29,1,J. Sinner,,13450
2026-07-03T14:30:14Z,2026-06-29,1,Jannik Sinner,24,13450
2026-07-03T14:30:14Z,2026-06-29,2,C. Alcaraz,,9460
2026-07-03T14:30:14Z,2026-06-29,2,Carlos Alcaraz,23,9460
2026-07-03T14:30:14Z,2026-06-29,3,A. Zverev,,7190
2026-07-03T14:30:14Z,2026-06-29,3,Alexander Zverev,29,7190
2026-07-03T14:30:14Z,2026-06-29,4,F. Auger-Aliassime,,4390
2026-07-03T14:30:14Z,2026-06-29,4,Felix Auger-Aliassime,25,4390
2026-07-03T14:30:14Z,2026-06-29,5,B. Shelton,,4160
2026-07-03T14:30:14Z,2026-06-29,5,Ben Shelton,23,4160
2026-07-03T14:30:14Z,2026-06-29,6,A. de Minaur,,4110
2026-07-03T14:30:14Z,2026-06-29,6,Alex de Minaur,27,4110
2026-07-03T14:30:14Z,2026-06-29,7,T. Fritz,,3765
2026-07-03T14:30:14Z,2026-06-29,7,Taylor Fritz,28,3765
2026-07-03T14:30:14Z,2026-06-29,8,N. Djokovic,,3760
2026-07-03T14:30:14Z,2026-06-29,8,Novak Djokovic,39,3760
2026-07-03T14:30:14Z,2026-06-29,9,D. Medvedev,,3580
2026-07-03T14:30:14Z,2026-06-29,9,Daniil Medvedev,30,3580
2026-07-03T14:30:14Z,2026-06-29,10,F. Cobolli,,3460
2026-07-03T14:30:14Z,2026-06-29,10,Flavio Cobolli,24,3460
2026-07-03T14:30:14Z,2026-06-29,11,A. Bublik,,2620
2026-07-03T14:30:14Z,2026-06-29,11,Alexander Bublik,29,2620
2026-07-03T14:30:14Z,2026-06-29,12,C. Ruud,,2425
2026-07-03T14:30:14Z,2026-06-29,12,Casper Ruud,27,2425
2026-07-03T14:30:14Z,2026-06-29,13,A. Rublev,,2420
2026-07-03T14:30:14Z,2026-06-29,13,Andrey Rublev,28,2420
2026-07-03T14:30:14Z,2026-06-29,14,J. Lehecka,,2360
2026-07-03T14:30:14Z,2026-06-29,14,Jiri Lehecka,24,2360
2026-07-03T14:30:14Z,2026-06-29,15,L. Musetti,,2325
2026-07-03T14:30:14Z,2026-06-29,15,Lorenzo Musetti,24,2325
2026-07-03T14:30:14Z,2026-06-29,16,L. Darderi,,2300
2026-07-03T14:30:14Z,2026-06-29,16,Luciano Darderi,24,2300
2026-07-03T14:30:14Z,2026-06-29,17,L. Tien,,2270
2026-07-03T14:30:14Z,2026-06-29,17,Learner Tien,20,2270
2026-07-03T14:30:14Z,2026-06-29,18,J. Mensik,,2255
2026-07-03T14:30:14Z,2026-06-29,18,Jakub Mensik,20,2255
2026-07-03T14:30:14Z,2026-06-29,19,F. Tiafoe,,2180
2026-07-03T14:30:14Z,2026-06-29,19,Frances Tiafoe,28,2180
2026-07-03T14:30:14Z,2026-06-29,20,V. Vacherot,,2138
2026-07-03T14:30:14Z,2026-06-29,20,Valentin Vacherot,27,2138
2026-07-03T14:30:14Z,2026-06-29,21,F. Cerundolo,,2110
2026-07-03T14:30:14Z,2026-06-29,21,Francisco Cerundolo,27,2110
2026-07-03T14:30:14Z,2026-06-29,22,K. Khachanov,,2080
2026-07-03T14:30:14Z,2026-06-29,22,Karen Khachanov,30,2080
2026-07-03T14:30:14Z,2026-06-29,23,A. Davidovich Fokina,,2060
2026-07-03T14:30:14Z,2026-06-29,23,Alejandro Davidovich Fokina,27,2060
2026-07-03T14:30:14Z,2026-06-29,24,A. Fils,,1940
2026-07-03T14:30:14Z,2026-06-29,24,Arthur Fils,22,1940
2026-07-03T14:30:14Z,2026-06-29,25,T. Paul,,1925
2026-07-03T14:30:14Z,2026-06-29,25,Tommy Paul,29,1925
2026-07-03T14:30:14Z,2026-06-29,26,R. Jodar,,1839
2026-07-03T14:30:14Z,2026-06-29,26,Rafael Jodar,19,1839
2026-07-03T14:30:14Z,2026-06-29,27,J. Fonseca,,1710
2026-07-03T14:30:14Z,2026-06-29,27,Joao Fonseca,19,1710
2026-07-03T14:30:14Z,2026-06-29,28,A. Rinderknech,,1683
2026-07-03T14:30:14Z,2026-06-29,28,Arthur Rinderknech,30,1683
2026-07-03T14:30:14Z,2026-06-29,29,C. Norrie,,1595
2026-07-03T14:30:14Z,2026-06-29,29,Cameron Norrie,30,1595
2026-07-03T14:30:14Z,2026-06-29,30,U. Humbert,,1575
2026-07-03T14:30:14Z,2026-06-29,30,Ugo Humbert,28,1575
2026-07-03T14:30:14Z,2026-06-29,31,B. Nakashima,,1485
2026-07-03T14:30:14Z,2026-06-29,31,Brandon Nakashima,24,1485
2026-07-03T14:30:14Z,2026-06-29,32,T. Etcheverry,,1460
2026-07-03T14:30:14Z,2026-06-29,32,Tomas Martin Etcheverry,26,1460
2026-07-03T14:30:14Z,2026-06-29,33,A. Tabilo,,1428
2026-07-03T14:30:14Z,2026-06-29,33,Alejandro Tabilo,29,1428
2026-07-03T14:30:14Z,2026-06-29,34,I. Buse,,1375
2026-07-03T14:30:14Z,2026-06-29,34,Ignacio Buse,22,1375
2026-07-03T14:30:14Z,2026-06-29,35,M. Arnaldi,,1349
2026-07-03T14:30:14Z,2026-06-29,35,Matteo Arnaldi,25,1349
2026-07-03T14:30:14Z,2026-06-29,36,A. Blockx,,1275
2026-07-03T14:30:14Z,2026-06-29,36,Alexander Blockx,21,1275
2026-07-03T14:30:14Z,2026-06-29,37,Z. Bergs,,1250
2026-07-03T14:30:14Z,2026-06-29,37,Zizou Bergs,27,1250
2026-07-03T14:30:14Z,2026-06-29,38,M. Navone,,1165
2026-07-03T14:30:14Z,2026-06-29,38,Mariano Navone,25,1165
2026-07-03T14:30:14Z,2026-06-29,39,C. Moutet,,1163
2026-07-03T14:30:14Z,2026-06-29,39,Corentin Moutet,27,1163
2026-07-03T14:30:14Z,2026-06-29,40,A. Mannarino,,1139
2026-07-03T14:30:14Z,2026-06-29,40,Adrian Mannarino,37,1139
2026-07-03T14:30:14Z,2026-06-29,41,D. Shapovalov,,1130
2026-07-03T14:30:14Z,2026-06-29,41,Denis Shapovalov,27,1130
2026-07-03T14:30:14Z,2026-06-29,42,J. Cerundolo,,1108
2026-07-03T14:30:14Z,2026-06-29,42,Juan Manuel Cerundolo,24,1108
2026-07-03T14:30:14Z,2026-06-29,43,R. Collignon,,1091
2026-07-03T14:30:14Z,2026-06-29,43,Raphael Collignon,24,1091
2026-07-03T14:30:14Z,2026-06-29,44,J. Munar,,1075
2026-07-03T14:30:14Z,2026-06-29,44,Jaume Munar,29,1075
2026-07-03T14:30:14Z,2026-06-29,45,K. Majchrzak,,1032
2026-07-03T14:30:14Z,2026-06-29,45,Kamil Majchrzak,30,1032
2026-07-03T14:30:14Z,2026-06-29,46,A. Michelsen,,1025
2026-07-03T14:30:14Z,2026-06-29,46,Alex Michelsen,21,1025
2026-07-03T14:30:14Z,2026-06-29,47,E. Quinn,,1021
2026-07-03T14:30:14Z,2026-06-29,47,Ethan Quinn,22,1021
2026-07-03T14:30:14Z,2026-06-29,48,N. Borges,,1020
2026-07-03T14:30:14Z,2026-06-29,48,Nuno Borges,29,1020
2026-07-03T14:30:14Z,2026-06-29,49,T. Machac,,1020
2026-07-03T14:30:14Z,2026-06-29,49,Tomas Machac,25,1020
2026-07-03T14:30:14Z,2026-06-29,50,M. Kecmanovic,,1020
2026-07-03T14:30:14Z,2026-06-29,50,Miomir Kecmanovic,26,1020
2026-07-03T14:30:14Z,2026-06-29,51,M. Berrettini,,985
2026-07-03T14:30:14Z,2026-06-29,51,Matteo Berrettini,30,985
2026-07-03T14:30:14Z,2026-06-29,52,T. Atmane,,982
2026-07-03T14:30:14Z,2026-06-29,52,Terence Atmane,24,982
2026-07-03T14:30:14Z,2026-06-29,53,F. Marozsan,,970
2026-07-03T14:30:14Z,2026-06-29,53,Fabian Marozsan,26,970
2026-07-03T14:30:14Z,2026-06-29,54,B. van de Zandschulp,,969
2026-07-03T14:30:14Z,2026-06-29,54,Botic van de Zandschulp,30,969
2026-07-03T14:30:14Z,2026-06-29,55,T. Tirante,,961
2026-07-03T14:30:14Z,2026-06-29,55,Thiago Agustin Tirante,25,961
2026-07-03T14:30:14Z,2026-06-29,56,Y. Hanfmann,,949
2026-07-03T14:30:14Z,2026-06-29,56,Yannick Hanfmann,34,949
2026-07-03T14:30:14Z,2026-06-29,57,S. Baez,,935
2026-07-03T14:30:14Z,2026-06-29,57,Sebastian Baez,25,935
2026-07-03T14:30:14Z,2026-06-29,58,T. Griekspoor,,935
2026-07-03T14:30:14Z,2026-06-29,58,Tallon Griekspoor,29,935
2026-07-03T14:30:14Z,2026-06-29,59,C. Ugo Carabelli,,930
2026-07-03T14:30:14Z,2026-06-29,59,Camilo Ugo Carabelli,27,930
2026-07-03T14:30:14Z,2026-06-29,60,M. Landaluce,,926
2026-07-03T14:30:14Z,2026-06-29,60,Martin Landaluce,20,926
2026-07-03T14:30:14Z,2026-06-29,61,D. Altmaier,,924
2026-07-03T14:30:14Z,2026-06-29,61,Daniel Altmaier,27,924
2026-07-03T14:30:14Z,2026-06-29,62,M. Cilic,,911
2026-07-03T14:30:14Z,2026-06-29,62,Marin Cilic,37,911
2026-07-03T14:30:14Z,2026-06-29,63,S. Korda,,900
2026-07-03T14:30:14Z,2026-06-29,63,Sebastian Korda,25,900
2026-07-03T14:30:14Z,2026-06-29,64,V. Kopriva,,893
2026-07-03T14:30:14Z,2026-06-29,64,Vit Kopriva,29,893
2026-07-03T14:30:14Z,2026-06-29,65,R. Burruchaga,,875
2026-07-03T14:30:14Z,2026-06-29,65,Roman Andres Burruchaga,24,875
2026-07-03T14:30:14Z,2026-06-29,66,Z. Svajda,,855
2026-07-03T14:30:14Z,2026-06-29,66,Zachary Svajda,23,855
2026-07-03T14:30:14Z,2026-06-29,67,M. Bellucci,,851
2026-07-03T14:30:14Z,2026-06-29,67,Mattia Bellucci,25,851
2026-07-03T14:30:14Z,2026-06-29,68,H. Medjedovic,,844
2026-07-03T14:30:14Z,2026-06-29,68,Hamad Medjedovic,22,844
2026-07-03T14:30:14Z,2026-06-29,69,L. Sonego,,843
2026-07-03T14:30:14Z,2026-06-29,69,Lorenzo Sonego,31,843
2026-07-03T14:30:14Z,2026-06-29,70,A. Kovacevic,,837
2026-07-03T14:30:14Z,2026-06-29,70,Aleksandar Kovacevic,27,837
2026-07-03T14:30:14Z,2026-06-29,71,P. Carreno Busta,,834
2026-07-03T14:30:14Z,2026-06-29,71,Pablo Carreno Busta,34,834
2026-07-03T14:30:14Z,2026-06-29,72,A. Vallejo,,828
2026-07-03T14:30:14Z,2026-06-29,72,Adolfo Daniel Vallejo,22,828
2026-07-03T14:30:14Z,2026-06-29,73,J. de Jong,,808
2026-07-03T14:30:14Z,2026-06-29,73,Jesper de Jong,26,808
2026-07-03T14:30:14Z,2026-06-29,74,J. Struff,,804
2026-07-03T14:30:14Z,2026-06-29,74,Jan-Lennard Struff,36,804
2026-07-03T14:30:14Z,2026-06-29,75,V. Royer,,798
2026-07-03T14:30:14Z,2026-06-29,75,Valentin Royer,25,798
2026-07-03T14:30:14Z,2026-06-29,76,M. Fucsovics,,781
2026-07-03T14:30:14Z,2026-06-29,76,Marton Fucsovics,34,781
2026-07-03T14:30:14Z,2026-06-29,77,H. Rune,,760
2026-07-03T14:30:14Z,2026-06-29,77,Holger Rune,23,760
2026-07-03T14:30:14Z,2026-06-29,78,A. Cazaux,,757
2026-07-03T14:30:14Z,2026-06-29,78,Arthur Cazaux,23,757
2026-07-03T14:30:14Z,2026-06-29,79,J. Duckworth,,748
2026-07-03T14:30:14Z,2026-06-29,79,James Duckworth,34,748
2026-07-03T14:30:14Z,2026-06-29,80,L. Van Assche,,735
2026-07-03T14:30:14Z,2026-06-29,80,Luca Van Assche,22,735
2026-07-03T14:30:14Z,2026-06-29,81,J. Brooksby,,720
2026-07-03T14:30:14Z,2026-06-29,81,Jenson Brooksby,25,720
2026-07-03T14:30:14Z,2026-06-29,82,R. Hijikata,,717
2026-07-03T14:30:14Z,2026-06-29,82,Rinky Hijikata,25,717
2026-07-03T14:30:14Z,2026-06-29,83,G. Mpetshi Perricard,,710
2026-07-03T14:30:14Z,2026-06-29,83,Giovanni Mpetshi Perricard,22,710
2026-07-03T14:30:14Z,2026-06-29,84,D. Merida,,706
2026-07-03T14:30:14Z,2026-06-29,84,Daniel Merida,21,706
2026-07-03T14:30:14Z,2026-06-29,85,A. Walton,,704
2026-07-03T14:30:14Z,2026-06-29,85,Adam Walton,27,704
2026-07-03T14:30:14Z,2026-06-29,86,E. Nava,,704
2026-07-03T14:30:14Z,2026-06-29,86,Emilio Nava,24,704
2026-07-03T14:30:14Z,2026-06-29,87,S. Tsitsipas,,700
2026-07-03T14:30:14Z,2026-06-29,87,Stefanos Tsitsipas,27,700
2026-07-03T14:30:14Z,2026-06-29,88,G. Diallo,,695
2026-07-03T14:30:14Z,2026-06-29,88,Gabriel Diallo,24,695
2026-07-03T14:30:14Z,2026-06-29,89,D. Prizmic,,691
2026-07-03T14:30:14Z,2026-06-29,89,Dino Prizmic,20,691
2026-07-03T14:30:14Z,2026-06-29,90,S. Shimabukuro,,691
2026-07-03T14:30:14Z,2026-06-29,90,Sho Shimabukuro,28,691
2026-07-03T14:30:14Z,2026-06-29,91,F. Comesana,,688
2026-07-03T14:30:14Z,2026-06-29,91,Francisco Comesana,25,688
2026-07-03T14:30:14Z,2026-06-29,92,M. Giron,,680
2026-07-03T14:30:14Z,2026-06-29,92,Marcos Giron,32,680
2026-07-03T14:30:14Z,2026-06-29,93,B. Bonzi,,673
2026-07-03T14:30:14Z,2026-06-29,93,Benjamin Bonzi,30,673
2026-07-03T14:30:14Z,2026-06-29,94,M. Trungelliti,,670
2026-07-03T14:30:14Z,2026-06-29,94,Marco Trungelliti,36,670
2026-07-03T14:30:14Z,2026-06-29,95,Q. Halys,,666
2026-07-03T14:30:14Z,2026-06-29,95,Quentin Halys,29,666
2026-07-03T14:30:14Z,2026-06-29,96,H. Hurkacz,,665
2026-07-03T14:30:14Z,2026-06-29,96,Hubert Hurkacz,29,665
2026-07-03T14:30:14Z,2026-06-29,97,E. Spizzirri,,662
2026-07-03T14:30:14Z,2026-06-29,97,Eliot Spizzirri,24,662
2026-07-03T14:30:14Z,2026-06-29,98,J. Faria,,660
2026-07-03T14:30:14Z,2026-06-29,98,Jaime Faria,22,660
2026-07-03T14:30:14Z,2026-06-29,99,A. Shevchenko,,658
2026-07-03T14:30:14Z,2026-06-29,99,Aleksandr Shevchenko,25,658
2026-07-03T14:30:14Z,2026-06-29,100,J. Choinski,,657
2026-07-03T14:30:14Z,2026-06-29,100,Jan Choinski,30,657
2026-07-03T14:30:14Z,2026-06-29,101,A. Molcan,,639
2026-07-03T14:30:14Z,2026-06-29,101,Alex Molcan,28,639
2026-07-03T14:30:14Z,2026-06-29,102,Y. Wu,,634
2026-07-03T14:30:14Z,2026-06-29,102,Yibing Wu,26,634
2026-07-03T14:30:14Z,2026-06-29,103,A. Popyrin,,630
2026-07-03T14:30:14Z,2026-06-29,103,Alexei Popyrin,26,630
2026-07-03T14:30:14Z,2026-06-29,104,A. Vukic,,614
2026-07-03T14:30:14Z,2026-06-29,104,Aleksandar Vukic,30,614
2026-07-03T14:30:14Z,2026-06-29,105,D. Dzumhur,,604
2026-07-03T14:30:14Z,2026-06-29,105,Damir Dzumhur,34,604
2026-07-03T14:30:14Z,2026-06-29,106,M. Damm,,603
2026-07-03T14:30:14Z,2026-06-29,106,Martin Damm,22,603
2026-07-03T14:30:14Z,2026-06-29,107,Y. Bu,,598
2026-07-03T14:30:14Z,2026-06-29,107,Yunchaokete Bu,24,598
2026-07-03T14:30:14Z,2026-06-29,108,C. Wong,,584
2026-07-03T14:30:14Z,2026-06-29,108,Coleman Wong,22,584
2026-07-03T14:30:14Z,2026-06-29,109,S. Wawrinka,,563
2026-07-03T14:30:14Z,2026-06-29,109,Stan Wawrinka,41,563
2026-07-03T14:30:14Z,2026-06-29,110,S. Ofner,,557
2026-07-03T14:30:14Z,2026-06-29,110,Sebastian Ofner,30,557
2026-07-03T14:30:14Z,2026-06-29,111,N. Basilashvili,,554
2026-07-03T14:30:14Z,2026-06-29,111,Nikoloz Basilashvili,34,554
2026-07-03T14:30:14Z,2026-06-29,112,D. Svrcina,,550
2026-07-03T14:30:14Z,2026-06-29,112,Dalibor Svrcina,23,550
2026-07-03T14:30:14Z,2026-06-29,113,P. Kypson,,548
2026-07-03T14:30:14Z,2026-06-29,113,Patrick Kypson,26,548
2026-07-03T14:30:14Z,2026-06-29,114,A. Fery,,547
2026-07-03T14:30:14Z,2026-06-29,114,Arthur Fery,23,547
2026-07-03T14:30:14Z,2026-06-29,115,R. Opelka,,546
2026-07-03T14:30:14Z,2026-06-29,115,Reilly Opelka,28,546
2026-07-03T14:30:14Z,2026-06-29,116,T. Droguet,,534
2026-07-03T14:30:14Z,2026-06-29,116,Titouan Droguet,25,534
2026-07-03T14:30:14Z,2026-06-29,117,L. Riedi,,533
2026-07-03T14:30:14Z,2026-06-29,117,Leandro Riedi,24,533
2026-07-03T14:30:14Z,2026-06-29,118,H. Gaston,,533
2026-07-03T14:30:14Z,2026-06-29,118,Hugo Gaston,25,533
2026-07-03T14:30:14Z,2026-06-29,119,P. Llamas Ruiz,,525
2026-07-03T14:30:14Z,2026-06-29,119,Pablo Llamas Ruiz,23,525
2026-07-03T14:30:14Z,2026-06-29,120,F. Diaz Acosta,,525
2026-07-03T14:30:14Z,2026-06-29,120,Facundo Diaz Acosta,25,525
2026-07-03T14:30:14Z,2026-06-29,121,N. Budkov Kjaer,,522
2026-07-03T14:30:14Z,2026-06-29,121,Nicolai Budkov Kjaer,19,522
2026-07-03T14:30:14Z,2026-06-29,122,H. Rocha,,519
2026-07-03T14:30:14Z,2026-06-29,122,Henrique Rocha,22,519
2026-07-03T14:30:14Z,2026-06-29,123,T. Samuel,,515
2026-07-03T14:30:14Z,2026-06-29,123,Toby Samuel,23,515
2026-07-03T14:30:14Z,2026-06-29,124,C. O'Connell,,505
2026-07-03T14:30:14Z,2026-06-29,124,Christopher O'Connell,32,505
2026-07-03T14:30:14Z,2026-06-29,125,C. Garin,,504
2026-07-03T14:30:14Z,2026-06-29,125,Cristian Garin,30,504
2026-07-03T14:30:14Z,2026-06-29,126,A. Muller,,494
2026-07-03T14:30:14Z,2026-06-29,126,Alexandre Muller,29,494
2026-07-03T14:30:14Z,2026-06-29,127,D. Sweeny,,493
2026-07-03T14:30:14Z,2026-06-29,127,Dane Sweeny,25,493
2026-07-03T14:30:14Z,2026-06-29,128,F. Maestrelli,,480
2026-07-03T14:30:14Z,2026-06-29,128,Francesco Maestrelli,23,480
2026-07-03T14:30:14Z,2026-06-29,129,V. Gaubas,,474
2026-07-03T14:30:14Z,2026-06-29,129,Vilius Gaubas,21,474
2026-07-03T14:30:14Z,2026-06-29,130,S. Travaglia,,464
2026-07-03T14:30:14Z,2026-06-29,130,Stefano Travaglia,34,464
2026-07-03T14:30:14Z,2026-06-29,131,J. Draper,,460
2026-07-03T14:30:14Z,2026-06-29,131,Jack Draper,24,460
2026-07-03T14:30:14Z,2026-06-29,132,R. Safiullin,,458
2026-07-03T14:30:14Z,2026-06-29,132,Roman Safiullin,28,458
2026-07-03T14:30:14Z,2026-06-29,133,A. Pellegrino,,457
2026-07-03T14:30:14Z,2026-06-29,133,Andrea Pellegrino,29,457
2026-07-03T14:30:14Z,2026-06-29,134,P. Martinez,,451
2026-07-03T14:30:14Z,2026-06-29,134,Pedro Martinez,29,451
2026-07-03T14:30:14Z,2026-06-29,135,N. Basavareddy,,446
2026-07-03T14:30:14Z,2026-06-29,135,Nishesh Basavareddy,21,446
2026-07-03T14:30:14Z,2026-06-29,136,A. Gea,,445
2026-07-03T14:30:14Z,2026-06-29,136,Arthur Gea,21,445
2026-07-03T14:30:14Z,2026-06-29,137,T. Barrios Vera,,442
2026-07-03T14:30:14Z,2026-06-29,137,Tomas Barrios Vera,28,442
2026-07-03T14:30:14Z,2026-06-29,138,J. Pinnington Jones,,434
2026-07-03T14:30:14Z,2026-06-29,138,Jack Pinnington Jones,23,434
2026-07-03T14:30:14Z,2026-06-29,139,K. Jacquet,,433
2026-07-03T14:30:14Z,2026-06-29,139,Kyrian Jacquet,25,433
2026-07-03T14:30:14Z,2026-06-29,140,O. Virtanen,,432
2026-07-03T14:30:14Z,2026-06-29,140,Otto Virtanen,25,432
2026-07-03T14:30:14Z,2026-06-29,141,G. Heide,,430
2026-07-03T14:30:14Z,2026-06-29,141,Gustavo Heide,24,430
2026-07-03T14:30:14Z,2026-06-29,142,J. Rodionov,,426
2026-07-03T14:30:14Z,2026-06-29,142,Jurij Rodionov,27,426
2026-07-03T14:30:14Z,2026-06-29,143,A. Holmgren,,423
2026-07-03T14:30:14Z,2026-06-29,143,August Holmgren,28,423
2026-07-03T14:30:14Z,2026-06-29,144,M. Zheng,,410
2026-07-03T14:30:14Z,2026-06-29,144,Michael Zheng,22,410
2026-07-03T14:30:14Z,2026-06-29,145,M. McDonald,,409
2026-07-03T14:30:14Z,2026-06-29,145,Mackenzie McDonald,31,409
2026-07-03T14:30:14Z,2026-06-29,146,G. Dimitrov,,407
2026-07-03T14:30:14Z,2026-06-29,146,Grigor Dimitrov,35,407
2026-07-03T14:30:14Z,2026-06-29,147,E. Moller,,406
2026-07-03T14:30:14Z,2026-06-29,147,Elmer Moller,22,406
2026-07-03T14:30:14Z,2026-06-29,148,S. Sakellaridis,,404
2026-07-03T14:30:14Z,2026-06-29,148,Stefanos Sakellaridis,21,404
2026-07-03T14:30:14Z,2026-06-29,149,T. Schoolkate,,403
2026-07-03T14:30:14Z,2026-06-29,149,Tristan Schoolkate,25,403
2026-07-03T14:30:14Z,2026-06-29,150,R. Sakamoto,,403
2026-07-03T14:30:14Z,2026-06-29,150,Rei Sakamoto,20,403
2026-07-03T14:30:14Z,2026-06-29,151,S. Mochizuki,,397
2026-07-03T14:30:14Z,2026-06-29,151,Shintaro Mochizuki,23,397
2026-07-03T14:30:14Z,2026-06-29,152,A. Bolt,,381
2026-07-03T14:30:14Z,2026-06-29,152,Alex Bolt,33,381
2026-07-03T14:30:14Z,2026-06-29,153,D. Lajovic,,378
2026-07-03T14:30:14Z,2026-06-29,153,Dusan Lajovic,35,378
2026-07-03T14:30:14Z,2026-06-29,154,Z. Kolar,,378
2026-07-03T14:30:14Z,2026-06-29,154,Zdenek Kolar,29,378
2026-07-03T14:30:14Z,2026-06-29,155,B. Harris,,375
2026-07-03T14:30:14Z,2026-06-29,155,Billy Harris,31,375
2026-07-03T14:30:14Z,2026-06-29,156,J. Thompson,,373
2026-07-03T14:30:14Z,2026-06-29,156,Jordan Thompson,32,373
2026-07-03T14:30:14Z,2026-06-29,157,M. Echargui,,373
2026-07-03T14:30:14Z,2026-06-29,157,Moez Echargui,33,373
2026-07-03T14:30:14Z,2026-06-29,158,L. Draxl,,368
2026-07-03T14:30:14Z,2026-06-29,158,Liam Draxl,24,368
2026-07-03T14:30:14Z,2026-06-29,159,J. Fearnley,,362
2026-07-03T14:30:14Z,2026-06-29,159,Jacob Fearnley,24,362
2026-07-03T14:30:14Z,2026-06-29,160,L. Harris,,359
2026-07-03T14:30:14Z,2026-06-29,160,Lloyd Harris,29,359
2026-07-03T14:30:14Z,2026-06-29,161,Z. Zhang,,359
2026-07-03T14:30:14Z,2026-06-29,161,Zhizhen Zhang,29,359
2026-07-03T14:30:14Z,2026-06-29,162,H. Dellien,,357
2026-07-03T14:30:14Z,2026-06-29,162,Hugo Dellien,33,357
2026-07-03T14:30:14Z,2026-06-29,163,R. Carballes Baena,,353
2026-07-03T14:30:14Z,2026-06-29,163,Roberto Carballes Baena,33,353
2026-07-03T14:30:14Z,2026-06-29,164,M. Lajal,,352
2026-07-03T14:30:14Z,2026-06-29,164,Mark Lajal,23,352
2026-07-03T14:30:14Z,2026-06-29,165,N. Mejia,,349
2026-07-03T14:30:14Z,2026-06-29,165,Nicolas Mejia,26,349
2026-07-03T14:30:14Z,2026-06-29,166,L. Nardi,,348
2026-07-03T14:30:14Z,2026-06-29,166,Luca Nardi,22,348
2026-07-03T14:30:14Z,2026-06-29,167,L. Neumayer,,345
2026-07-03T14:30:14Z,2026-06-29,167,Lukas Neumayer,23,345
2026-07-03T14:30:14Z,2026-06-29,168,D. Glinka,,345
2026-07-03T14:30:14Z,2026-06-29,168,Daniil Glinka,26,345
2026-07-03T14:30:14Z,2026-06-29,169,Z. Piros,,342
2026-07-03T14:30:14Z,2026-06-29,169,Zsombor Piros,26,342
2026-07-03T14:30:14Z,2026-06-29,170,U. Blanchet,,341
2026-07-03T14:30:14Z,2026-06-29,170,Ugo Blanchet,27,341
2026-07-03T14:30:14Z,2026-06-29,171,L. Klein,,335
2026-07-03T14:30:14Z,2026-06-29,171,Lukas Klein,28,335
2026-07-03T14:30:14Z,2026-06-29,172,T. Skatov,,335
2026-07-03T14:30:14Z,2026-06-29,172,Timofey Skatov,25,335
2026-07-03T14:30:14Z,2026-06-29,173,C. Rodesch,,334
2026-07-03T14:30:14Z,2026-06-29,173,Chris Rodesch,24,334
2026-07-03T14:30:14Z,2026-06-29,174,F. Cina,,333
2026-07-03T14:30:14Z,2026-06-29,174,Federico Cina,19,333
2026-07-03T14:30:14Z,2026-06-29,175,B. Gojo,,332
2026-07-03T14:30:14Z,2026-06-29,175,Borna Gojo,28,332
2026-07-03T14:30:14Z,2026-06-29,176,Y. Nishioka,,331
2026-07-03T14:30:14Z,2026-06-29,176,Yoshihito Nishioka,30,331
2026-07-03T14:30:14Z,2026-06-29,177,J. Schwaerzler,,331
2026-07-03T14:30:14Z,2026-06-29,177,Joel Schwaerzler,20,331
2026-07-03T14:30:14Z,2026-06-29,178,G. Onclin,,331
2026-07-03T14:30:14Z,2026-06-29,178,Gauthier Onclin,25,331
2026-07-03T14:30:14Z,2026-06-29,179,A. Galarneau,,328
2026-07-03T14:30:14Z,2026-06-29,179,Alexis Galarneau,27,328
2026-07-03T14:30:14Z,2026-06-29,180,L. Mikrut,,328
2026-07-03T14:30:14Z,2026-06-29,180,Luka Mikrut,22,328
2026-07-03T14:30:14Z,2026-06-29,181,J. Prado Angelo,,327
2026-07-03T14:30:14Z,2026-06-29,181,Juan Carlos Prado Angelo,21,327
2026-07-03T14:30:14Z,2026-06-29,182,G. Bueno,,322
2026-07-03T14:30:14Z,2026-06-29,182,Gonzalo Bueno,22,322
2026-07-03T14:30:14Z,2026-06-29,183,R. Bautista Agut,,318
2026-07-03T14:30:14Z,2026-06-29,183,Roberto Bautista Agut,38,318
2026-07-03T14:30:14Z,2026-06-29,184,D. Jorda Sanchis,,312
2026-07-03T14:30:14Z,2026-06-29,184,David Jorda Sanchis,32,312
2026-07-03T14:30:14Z,2026-06-29,185,F. Passaro,,310
2026-07-03T14:30:14Z,2026-06-29,185,Francesco Passaro,25,310
2026-07-03T14:30:14Z,2026-06-29,186,C. Smith,,309
2026-07-03T14:30:14Z,2026-06-29,186,Colton Smith,23,309
2026-07-03T14:30:14Z,2026-06-29,187,R. Bertola,,308
2026-07-03T14:30:14Z,2026-06-29,187,Remy Bertola,27,308
2026-07-03T14:30:14Z,2026-06-29,188,E. Ymer,,305
2026-07-03T14:30:14Z,2026-06-29,188,Elias Ymer,30,305
2026-07-03T14:30:14Z,2026-06-29,189,C. Tabur,,303
2026-07-03T14:30:14Z,2026-06-29,189,Clement Tabur,26,303
2026-07-03T14:30:14Z,2026-06-29,190,G. Cadenasso,,303
2026-07-03T14:30:14Z,2026-06-29,190,Gianluca Cadenasso,21,303
2026-07-03T14:30:14Z,2026-06-29,191,T. Boyer,,302
2026-07-03T14:30:14Z,2026-06-29,191,Tristan Boyer,25,302
2026-07-03T14:30:14Z,2026-06-29,192,M. Mmoh,,301
2026-07-03T14:30:14Z,2026-06-29,192,Michael Mmoh,28,301
2026-07-03T14:30:14Z,2026-06-29,193,G. Zeppieri,,296
2026-07-03T14:30:14Z,2026-06-29,193,Giulio Zeppieri,24,296
2026-07-03T14:30:14Z,2026-06-29,194,C. Taberner,,295
2026-07-03T14:30:14Z,2026-06-29,194,Carlos Taberner,28,295
2026-07-03T14:30:14Z,2026-06-29,195,M. Cecchinato,,292
2026-07-03T14:30:14Z,2026-06-29,195,Marco Cecchinato,33,292
2026-07-03T14:30:14Z,2026-06-29,196,J. Kym,,291
2026-07-03T14:30:14Z,2026-06-29,196,Jerome Kym,23,291
2026-07-03T14:30:14Z,2026-06-29,197,J. Ficovich,,291
2026-07-03T14:30:14Z,2026-06-29,197,Juan Pablo Ficovich,29,291
2026-07-03T14:30:14Z,2026-06-29,198,V. Sachko,,291
2026-07-03T14:30:14Z,2026-06-29,198,Vitaliy Sachko,28,291
2026-07-03T14:30:14Z,2026-06-29,199,H. Mayot,,284
2026-07-03T14:30:14Z,2026-06-29,199,Harold Mayot,24,284
2026-07-03T14:30:14Z,2026-06-29,200,S. Kwon,,280
2026-07-03T14:30:14Z,2026-06-29,200,Soonwoo Kwon,28,280
2026-07-03T14:30:14Z,2026-06-29,201,G. Olivieri,,280
2026-07-03T14:30:14Z,2026-06-29,201,Genaro Alberto Olivieri,27,280
2026-07-03T14:30:14Z,2026-06-29,202,H. Wendelken,,280
2026-07-03T14:30:14Z,2026-06-29,202,Harry Wendelken,24,280
2026-07-03T14:30:14Z,2026-06-29,203,T. Daniel,,279
2026-07-03T14:30:14Z,2026-06-29,203,Taro Daniel,33,279
2026-07-03T14:30:14Z,2026-06-29,204,B. Tomic,,278
2026-07-03T14:30:14Z,2026-06-29,204,Bernard Tomic,33,278
2026-07-03T14:30:14Z,2026-06-29,205,C. Chidekh,,277
2026-07-03T14:30:14Z,2026-06-29,205,Clement Chidekh,25,277
2026-07-03T14:30:14Z,2026-06-29,206,Y. Hsu,,274
2026-07-03T14:30:14Z,2026-06-29,206,Yu Hsiou Hsu,27,274
2026-07-03T14:30:14Z,2026-06-29,207,J. McCabe,,273
2026-07-03T14:30:14Z,2026-06-29,207,James McCabe,22,273
2026-07-03T14:30:14Z,2026-06-29,208,M. Dodig,,272
2026-07-03T14:30:14Z,2026-06-29,208,Matej Dodig,20,272
2026-07-03T14:30:14Z,2026-06-29,209,L. Broady,,272
2026-07-03T14:30:14Z,2026-06-29,209,Liam Broady,32,272
2026-07-03T14:30:14Z,2026-06-29,210,G. Bailly,,272
2026-07-03T14:30:14Z,2026-06-29,210,Gilles Arnaud Bailly,20,272
2026-07-03T14:30:14Z,2026-06-29,211,N. Jarry,,270
2026-07-03T14:30:14Z,2026-06-29,211,Nicolas Jarry,30,270
2026-07-03T14:30:14Z,2026-06-29,212,F. Gomez,,270
2026-07-03T14:30:14Z,2026-06-29,212,Federico Agustin Gomez,29,270
2026-07-03T14:30:14Z,2026-06-29,213,R. Noguchi,,266
2026-07-03T14:30:14Z,2026-06-29,213,Rio Noguchi,27,266
2026-07-03T14:30:14Z,2026-06-29,214,N. Sanchez Izquierdo,,266
2026-07-03T14:30:14Z,2026-06-29,214,Nikolas Sanchez Izquierdo,27,266
2026-07-03T14:30:14Z,2026-06-29,215,M. Kouame,,264
2026-07-03T14:30:14Z,2026-06-29,215,Moise Kouame,17,264
2026-07-03T14:30:14Z,2026-06-29,216,T. Gentzsch,,263
2026-07-03T14:30:14Z,2026-06-29,216,Tom Gentzsch,22,263
2026-07-03T14:30:14Z,2026-06-29,217,L. Pavlovic,,261
2026-07-03T14:30:14Z,2026-06-29,217,Luka Pavlovic,26,261
2026-07-03T14:30:14Z,2026-06-29,218,P. Martin Tiffon,,261
2026-07-03T14:30:14Z,2026-06-29,218,Pol Martin Tiffon,26,261
2026-07-03T14:30:14Z,2026-06-29,219,S. Nagal,,260
2026-07-03T14:30:14Z,2026-06-29,219,Sumit Nagal,28,260
2026-07-03T14:30:14Z,2026-06-29,220,F. Gill,,260
2026-07-03T14:30:14Z,2026-06-29,220,Felix Gill,24,260
2026-07-03T14:30:14Z,2026-06-29,221,F. Misolic,,259
2026-07-03T14:30:14Z,2026-06-29,221,Filip Misolic,24,259
2026-07-03T14:30:14Z,2026-06-29,222,K. Coppejans,,258
2026-07-03T14:30:14Z,2026-06-29,222,Kimmer Coppejans,32,258
2026-07-03T14:30:14Z,2026-06-29,223,H. Grenier,,254
2026-07-03T14:30:14Z,2026-06-29,223,Hugo Grenier,30,254
2026-07-03T14:30:14Z,2026-06-29,224,D. Blanch,,253
2026-07-03T14:30:14Z,2026-06-29,224,Darwin Blanch,18,253
2026-07-03T14:30:14Z,2026-06-29,225,E. Butvilas,,253
2026-07-03T14:30:14Z,2026-06-29,225,Edas Butvilas,21,253
2026-07-03T14:30:14Z,2026-06-29,226,L. Giustino,,251
2026-07-03T14:30:14Z,2026-06-29,226,Lorenzo Giustino,34,251
2026-07-03T14:30:14Z,2026-06-29,227,A. Guerrieri,,248
2026-07-03T14:30:14Z,2026-06-29,227,Andrea Guerrieri,27,248
2026-07-03T14:30:14Z,2026-06-29,228,M. Alcala Gurri,,248
2026-07-03T14:30:14Z,2026-06-29,228,Max Alcala Gurri,23,248
2026-07-03T14:30:14Z,2026-06-29,229,C. Tseng,,247
2026-07-03T14:30:14Z,2026-06-29,229,Chun-Hsin Tseng,24,247
2026-07-03T14:30:14Z,2026-06-29,230,L. Midon,,247
2026-07-03T14:30:14Z,2026-06-29,230,Lautaro Midon,22,247
2026-07-03T14:30:14Z,2026-06-29,231,F. Ferreira Silva,,246
2026-07-03T14:30:14Z,2026-06-29,231,Frederico Ferreira Silva,31,246
2026-07-03T14:30:14Z,2026-06-29,232,O. Crawford,,243
2026-07-03T14:30:14Z,2026-06-29,232,Oliver Crawford,27,243
2026-07-03T14:30:14Z,2026-06-29,233,A. Moro Canas,,242
2026-07-03T14:30:14Z,2026-06-29,233,Alejandro Moro Canas,25,242
2026-07-03T14:30:14Z,2026-06-29,234,L. Djere,,241
2026-07-03T14:30:14Z,2026-06-29,234,Laslo Djere,31,241
2026-07-03T14:30:14Z,2026-06-29,235,H. Squire,,238
2026-07-03T14:30:14Z,2026-06-29,235,Henri Squire,25,238
2026-07-03T14:30:14Z,2026-06-29,236,J. Reis Da Silva,,238
2026-07-03T14:30:14Z,2026-06-29,236,Joao Lucas Reis Da Silva,26,238
2026-07-03T14:30:14Z,2026-06-29,237,D. Added,,237
2026-07-03T14:30:14Z,2026-06-29,237,Dan Added,27,237
2026-07-03T14:30:14Z,2026-06-29,238,G. Justo,,237
2026-07-03T14:30:14Z,2026-06-29,238,Guido Ivan Justo,28,237
2026-07-03T14:30:14Z,2026-06-29,239,M. Houkes,,236
2026-07-03T14:30:14Z,2026-06-29,239,Max Houkes,25,236
2026-07-03T14:30:14Z,2026-06-29,240,Y. Zhou,,234
2026-07-03T14:30:14Z,2026-06-29,240,Yi Zhou,21,234
2026-07-03T14:30:14Z,2026-06-29,241,D. Goffin,,233
2026-07-03T14:30:14Z,2026-06-29,241,David Goffin,35,233
2026-07-03T14:30:14Z,2026-06-29,242,S. Napolitano,,233
2026-07-03T14:30:14Z,2026-06-29,242,Stefano Napolitano,31,233
2026-07-03T14:30:14Z,2026-06-29,243,T. Seyboth Wild,,233
2026-07-03T14:30:14Z,2026-06-29,243,Thiago Seyboth Wild,26,233
2026-07-03T14:30:14Z,2026-06-29,244,G. Den Ouden,,232
2026-07-03T14:30:14Z,2026-06-29,244,Guy Den Ouden,24,232
2026-07-03T14:30:14Z,2026-06-29,245,F. Roncadelli,,232
2026-07-03T14:30:14Z,2026-06-29,245,Franco Roncadelli,26,232
2026-07-03T14:30:14Z,2026-06-29,246,J. Clarke,,230
2026-07-03T14:30:14Z,2026-06-29,246,Jay Clarke,27,230
2026-07-03T14:30:14Z,2026-06-29,247,K. Smith,,229
2026-07-03T14:30:14Z,2026-06-29,247,Keegan Smith,28,229
2026-07-03T14:30:14Z,2026-06-29,248,R. Brancaccio,,227
2026-07-03T14:30:14Z,2026-06-29,248,Raul Brancaccio,29,227
2026-07-03T14:30:14Z,2026-06-29,249,P. Kotov,,226
2026-07-03T14:30:14Z,2026-06-29,249,Pavel Kotov,27,226
2026-07-03T14:30:14Z,2026-06-29,250,A. Nedic,,226
2026-07-03T14:30:14Z,2026-06-29,250,Andrej Nedic,21,226
2026-07-03T14:30:14Z,2026-06-29,251,P. Herbert,,224
2026-07-03T14:30:14Z,2026-06-29,251,Pierre-Hugues Herbert,35,224
2026-07-03T14:30:14Z,2026-06-29,252,A. Andrade,,223
2026-07-03T14:30:14Z,2026-06-29,252,Andy Andrade,27,223
2026-07-03T14:30:14Z,2026-06-29,253,A. Barrena,,220
2026-07-03T14:30:14Z,2026-06-29,253,Alex Barrena,23,220
2026-07-03T14:30:14Z,2026-06-29,254,P. Henning,,219
2026-07-03T14:30:14Z,2026-06-29,254,Philip Henning,25,219
2026-07-03T14:30:14Z,2026-06-29,255,B. Gadamauri,,219
2026-07-03T14:30:14Z,2026-06-29,255,Buvaysar Gadamauri,25,219
2026-07-03T14:30:14Z,2026-06-29,256,H. Barton,,219
2026-07-03T14:30:14Z,2026-06-29,256,Hynek Barton,22,219
2026-07-03T14:30:14Z,2026-06-29,257,K. Uchida,,218
2026-07-03T14:30:14Z,2026-06-29,257,Kaichi Uchida,31,218
2026-07-03T14:30:14Z,2026-06-29,258,G. Hussey,,218
2026-07-03T14:30:14Z,2026-06-29,258,Giles Hussey,29,218
2026-07-03T14:30:14Z,2026-06-29,259,F. Balshaw,,217
2026-07-03T14:30:14Z,2026-06-29,259,Felix Balshaw,20,217
2026-07-03T14:30:14Z,2026-06-29,260,P. Boscardin Dias,,217
2026-07-03T14:30:14Z,2026-06-29,260,Pedro Boscardin Dias,23,217
2026-07-03T14:30:14Z,2026-06-29,261,D. Rincon,,215
2026-07-03T14:30:14Z,2026-06-29,261,Daniel Rincon,23,215
2026-07-03T14:30:14Z,2026-06-29,262,F. Bax,,215
2026-07-03T14:30:14Z,2026-06-29,262,Florent Bax,27,215
2026-07-03T14:30:14Z,2026-06-29,263,A. Ilagan,,215
2026-07-03T14:30:14Z,2026-06-29,263,Andre Ilagan,25,215
2026-07-03T14:30:14Z,2026-06-29,264,A. Shelbayh,,212
2026-07-03T14:30:14Z,2026-06-29,264,Abdullah Shelbayh,22,212
2026-07-03T14:30:14Z,2026-06-29,265,M. Ribecai,,211
2026-07-03T14:30:14Z,2026-06-29,265,Michele Ribecai,23,211
2026-07-03T14:30:14Z,2026-06-29,266,G. Monfils,,210
2026-07-03T14:30:14Z,2026-06-29,266,Gael Monfils,39,210
2026-07-03T14:30:14Z,2026-06-29,267,N. Hardt,,210
2026-07-03T14:30:14Z,2026-06-29,267,Nick Hardt,25,210
2026-07-03T14:30:14Z,2026-06-29,268,F. Agamenone,,210
2026-07-03T14:30:14Z,2026-06-29,268,Franco Agamenone,33,210
2026-07-03T14:30:14Z,2026-06-29,269,I. Montes-De La Torre,,209
2026-07-03T14:30:14Z,2026-06-29,269,Inaki Montes-De La Torre,23,209
2026-07-03T14:30:14Z,2026-06-29,270,F. Sun,,209
2026-07-03T14:30:14Z,2026-06-29,270,Fajing Sun,29,209
2026-07-03T14:30:14Z,2026-06-29,271,D. Dedura,,209
2026-07-03T14:30:14Z,2026-06-29,271,Diego Dedura,18,209
2026-07-03T14:30:14Z,2026-06-29,272,C. Cretu,,207
2026-07-03T14:30:14Z,2026-06-29,272,Cezar Cretu,25,207
2026-07-03T14:30:14Z,2026-06-29,273,H. Searle,,206
2026-07-03T14:30:14Z,2026-06-29,273,Henry Searle,20,206
2026-07-03T14:30:14Z,2026-06-29,274,J. Shang,,205
2026-07-03T14:30:14Z,2026-06-29,274,Juncheng Shang,21,205
2026-07-03T14:30:14Z,2026-06-29,275,S. Dostanic,,204
2026-07-03T14:30:14Z,2026-06-29,275,Stefan Dostanic,24,204
2026-07-03T14:30:14Z,2026-06-29,276,A. Guillen Meza,,204
2026-07-03T14:30:14Z,2026-06-29,276,Alvaro Guillen Meza,23,204
2026-07-03T14:30:14Z,2026-06-29,277,A. Gray,,203
2026-07-03T14:30:14Z,2026-06-29,277,Alastair Gray,28,203
2026-07-03T14:30:14Z,2026-06-29,278,F. Jianu,,203
2026-07-03T14:30:14Z,2026-06-29,278,Filip Cristian Jianu,24,203
2026-07-03T14:30:14Z,2026-06-29,279,J. Engel,,201
2026-07-03T14:30:14Z,2026-06-29,279,Justin Engel,18,201
2026-07-03T14:30:14Z,2026-06-29,280,M. Damas,,201
2026-07-03T14:30:14Z,2026-06-29,280,Miguel Damas,26,201
2026-07-03T14:30:14Z,2026-06-29,281,D. Ajdukovic,,200
2026-07-03T14:30:14Z,2026-06-29,281,Duje Ajdukovic,25,200
2026-07-03T14:30:14Z,2026-06-29,282,M. Krumich,,199
2026-07-03T14:30:14Z,2026-06-29,282,Martin Krumich,23,199
2026-07-03T14:30:14Z,2026-06-29,283,S. Gueymard Wayenburg,,198
2026-07-03T14:30:14Z,2026-06-29,283,Sascha Gueymard Wayenburg,22,198
2026-07-03T14:30:14Z,2026-06-29,284,M. Kasnikowski,,195
2026-07-03T14:30:14Z,2026-06-29,284,Maks Kasnikowski,22,195
2026-07-03T14:30:14Z,2026-06-29,285,C. Broom,,195
2026-07-03T14:30:14Z,2026-06-29,285,Charles Broom,28,195
2026-07-03T14:30:14Z,2026-06-29,286,P. Bar Biryukov,,194
2026-07-03T14:30:14Z,2026-06-29,286,Petr Bar Biryukov,24,194
2026-07-03T14:30:14Z,2026-06-29,287,J. La Serna,,192
2026-07-03T14:30:14Z,2026-06-29,287,Juan Manuel La Serna,22,192
2026-07-03T14:30:14Z,2026-06-29,288,K. Feldbausch,,191
2026-07-03T14:30:14Z,2026-06-29,288,Kilian Feldbausch,20,191
2026-07-03T14:30:14Z,2026-06-29,289,M. Cassone,,191
2026-07-03T14:30:14Z,2026-06-29,289,Murphy Cassone,23,191
2026-07-03T14:30:14Z,2026-06-29,290,J. Torres,,190
2026-07-03T14:30:14Z,2026-06-29,290,Juan Bautista Torres,24,190
2026-07-03T14:30:14Z,2026-06-29,291,C. Hemery,,189
2026-07-03T14:30:14Z,2026-06-29,291,Calvin Hemery,31,189
2026-07-03T14:30:14Z,2026-06-29,292,T. Monteiro,,187
2026-07-03T14:30:14Z,2026-06-29,292,Thiago Monteiro,32,187
2026-07-03T14:30:14Z,2026-06-29,293,S. Kopp,,187
2026-07-03T14:30:14Z,2026-06-29,293,Sandro Kopp,26,187
2026-07-03T14:30:14Z,2026-06-29,294,Y. Watanuki,,185
2026-07-03T14:30:14Z,2026-06-29,294,Yosuke Watanuki,28,185
2026-07-03T14:30:14Z,2026-06-29,295,M. Mrva,,185
2026-07-03T14:30:14Z,2026-06-29,295,Maxim Mrva,18,185
2026-07-03T14:30:14Z,2026-06-29,296,M. Soto,,183
2026-07-03T14:30:14Z,2026-06-29,296,Matias Soto,27,183
2026-07-03T14:30:14Z,2026-06-29,297,D. Galan,,181
2026-07-03T14:30:14Z,2026-06-29,297,Daniel Elahi Galan,30,181
2026-07-03T14:30:14Z,2026-06-29,298,A. Ghibaudo,,181
2026-07-03T14:30:14Z,2026-06-29,298,Antoine Ghibaudo,21,181
2026-07-03T14:30:14Z,2026-06-29,299,S. Fomin,,181
2026-07-03T14:30:14Z,2026-06-29,299,Sergey Fomin,25,181
2026-07-03T14:30:14Z,2026-06-29,300,H. Stewart,,180
2026-07-03T14:30:14Z,2026-06-29,300,Hamish Stewart,26,180
2026-07-03T14:30:14Z,2026-06-29,301,G. Loffhagen,,179
2026-07-03T14:30:14Z,2026-06-29,301,George Loffhagen,25,179
2026-07-03T14:30:14Z,2026-06-29,302,D. Michalski,,178
2026-07-03T14:30:14Z,2026-06-29,302,Daniel Michalski,26,178
2026-07-03T14:30:14Z,2026-06-29,303,L. Marmousez,,177
2026-07-03T14:30:14Z,2026-06-29,303,Lilian Marmousez,24,177
2026-07-03T14:30:14Z,2026-06-29,304,I. Simakin,,177
2026-07-03T14:30:14Z,2026-06-29,304,Ilia Simakin,22,177
2026-07-03T14:30:14Z,2026-06-29,305,M. Kukushkin,,177
2026-07-03T14:30:14Z,2026-06-29,305,Mikhail Kukushkin,38,177
2026-07-03T14:30:14Z,2026-06-29,306,A. Martin,,177
2026-07-03T14:30:14Z,2026-06-29,306,Andres Martin,24,177
2026-07-03T14:30:14Z,2026-06-29,307,M. Dellien,,177
2026-07-03T14:30:14Z,2026-06-29,307,Murkel Dellien,28,177
2026-07-03T14:30:14Z,2026-06-29,308,J. Varillas,,176
2026-07-03T14:30:14Z,2026-06-29,308,Juan Pablo Varillas,30,176
2026-07-03T14:30:14Z,2026-06-29,309,Dali Blanch,23,176
2026-07-03T14:30:14Z,2026-06-29,310,A. Santillan,,176
2026-07-03T14:30:14Z,2026-06-29,310,Akira Santillan,29,176
2026-07-03T14:30:14Z,2026-06-29,311,M. Huesler,,175
2026-07-03T14:30:14Z,2026-06-29,311,Marc-Andrea Huesler,30,175
2026-07-03T14:30:14Z,2026-06-29,312,F. Romano,,175
2026-07-03T14:30:14Z,2026-06-29,312,Filippo Romano,20,175
2026-07-03T14:30:14Z,2026-06-29,313,J. Monday,,174
2026-07-03T14:30:14Z,2026-06-29,313,Johannus Monday,24,174
2026-07-03T14:30:14Z,2026-06-29,314,E. Coulibaly,,174
2026-07-03T14:30:14Z,2026-06-29,314,Eliakim Coulibaly,24,174
2026-07-03T14:30:14Z,2026-06-29,315,J. Forejtek,,172
2026-07-03T14:30:14Z,2026-06-29,315,Jonas Forejtek,25,172
2026-07-03T14:30:14Z,2026-06-29,316,B. Zhukayev,,170
2026-07-03T14:30:14Z,2026-06-29,316,Beibit Zhukayev,25,170
2026-07-03T14:30:14Z,2026-06-29,317,S. Kozlov,,169
2026-07-03T14:30:14Z,2026-06-29,317,Stefan Kozlov,28,169
2026-07-03T14:30:14Z,2026-06-29,318,B. Bicknell,,169
2026-07-03T14:30:14Z,2026-06-29,318,Blaise Bicknell,24,169
2026-07-03T14:30:14Z,2026-06-29,319,O. Roca Batalla,,169
2026-07-03T14:30:14Z,2026-06-29,319,Oriol Roca Batalla,33,169
2026-07-03T14:30:14Z,2026-06-29,320,L. Ambrogi,,169
2026-07-03T14:30:14Z,2026-06-29,320,Luciano Emanuel Ambrogi,22,169
2026-07-03T14:30:14Z,2026-06-29,321,T. Faurel,,168
2026-07-03T14:30:14Z,2026-06-29,321,Thomas Faurel,20,168
2026-07-03T14:30:14Z,2026-06-29,322,P. Sekulic,,168
2026-07-03T14:30:14Z,2026-06-29,322,Philip Sekulic,22,168
2026-07-03T14:30:14Z,2026-06-29,323,A. Collarini,,167
2026-07-03T14:30:14Z,2026-06-29,323,Andrea Collarini,34,167
2026-07-03T14:30:14Z,2026-06-29,324,R. Bertrand,,167
2026-07-03T14:30:14Z,2026-06-29,324,Robin Bertrand,23,167
2026-07-03T14:30:14Z,2026-06-29,325,B. Shick,,166
2026-07-03T14:30:14Z,2026-06-29,325,Braden Shick,22,166
2026-07-03T14:30:14Z,2026-06-29,326,Y. Uchiyama,,164
2026-07-03T14:30:14Z,2026-06-29,326,Yasutaka Uchiyama,33,164
2026-07-03T14:30:14Z,2026-06-29,327,N. Kicker,,164
2026-07-03T14:30:14Z,2026-06-29,327,Nicolas Kicker,33,164
2026-07-03T14:30:14Z,2026-06-29,328,I. Marcondes,,163
2026-07-03T14:30:14Z,2026-06-29,328,Igor Marcondes,29,163
2026-07-03T14:30:14Z,2026-06-29,329,M. Basing,,162
2026-07-03T14:30:14Z,2026-06-29,329,Max Basing,23,162
2026-07-03T14:30:14Z,2026-06-29,330,T. Zink,,162
2026-07-03T14:30:14Z,2026-06-29,330,Tyler Zink,25,162
2026-07-03T14:30:14Z,2026-06-29,331,P. Jubb,,161
2026-07-03T14:30:14Z,2026-06-29,331,Paul Jubb,26,161
2026-07-03T14:30:14Z,2026-06-29,332,M. Alkaya,,161
2026-07-03T14:30:14Z,2026-06-29,332,Mert Alkaya,26,161
2026-07-03T14:30:14Z,2026-06-29,333,M. Geerts,,159
2026-07-03T14:30:14Z,2026-06-29,333,Michael Geerts,31,159
2026-07-03T14:30:14Z,2026-06-29,334,P. Brunclik,,158
2026-07-03T14:30:14Z,2026-06-29,334,Petr Brunclik,19,158
2026-07-03T14:30:14Z,2026-06-29,335,M. Schoenhaus,,158
2026-07-03T14:30:14Z,2026-06-29,335,Max Schoenhaus,18,158
2026-07-03T14:30:14Z,2026-06-29,336,M. Martineau,,158
2026-07-03T14:30:14Z,2026-06-29,336,Matteo Martineau,27,158
2026-07-03T14:30:14Z,2026-06-29,337,T. Pereira,,157
2026-07-03T14:30:14Z,2026-06-29,337,Tiago Pereira,22,157
2026-07-03T14:30:14Z,2026-06-29,338,R. Pacheco Mendez,,155
2026-07-03T14:30:14Z,2026-06-29,338,Rodrigo Pacheco Mendez,21,155
2026-07-03T14:30:14Z,2026-06-29,339,M. Dellavedova,,155
2026-07-03T14:30:14Z,2026-06-29,339,Matthew Dellavedova,26,155
2026-07-03T14:30:14Z,2026-06-29,340,Y. Erel,,153
2026-07-03T14:30:14Z,2026-06-29,340,Yanki Erel,25,153
2026-07-03T14:30:14Z,2026-06-29,341,J. Estevez,,153
2026-07-03T14:30:14Z,2026-06-29,341,Juan Estevez,20,153
2026-07-03T14:30:14Z,2026-06-29,342,C. Stebe,,152
2026-07-03T14:30:14Z,2026-06-29,342,Cedrik-Marcel Stebe,35,152
2026-07-03T14:30:14Z,2026-06-29,343,D. Stricker,,152
2026-07-03T14:30:14Z,2026-06-29,343,Dominic Stricker,23,152
2026-07-03T14:30:14Z,2026-06-29,344,M. Polmans,,152
2026-07-03T14:30:14Z,2026-06-29,344,Marc Polmans,29,152
2026-07-03T14:30:14Z,2026-06-29,345,T. Wu,,152
2026-07-03T14:30:14Z,2026-06-29,345,Tung-Lin Wu,28,152
2026-07-03T14:30:14Z,2026-06-29,346,H. Matsuoka,,150
2026-07-03T14:30:14Z,2026-06-29,346,Hayato Matsuoka,21,150
2026-07-03T14:30:14Z,2026-06-29,347,M. Poljicak,,149
2026-07-03T14:30:14Z,2026-06-29,347,Mili Poljicak,21,149
2026-07-03T14:30:14Z,2026-06-29,348,O. Tarvet,,147
2026-07-03T14:30:14Z,2026-06-29,348,Oliver Tarvet,22,147
2026-07-03T14:30:14Z,2026-06-29,349,M. Krueger,,147
2026-07-03T14:30:14Z,2026-06-29,349,Mitchell Krueger,32,147
2026-07-03T14:30:14Z,2026-06-29,350,M. Topo,,146
2026-07-03T14:30:14Z,2026-06-29,350,Marko Topo,22,146
2026-07-03T14:30:14Z,2026-06-29,351,A. Martinez,,146
2026-07-03T14:30:14Z,2026-06-29,351,Alex Martinez,25,146
2026-07-03T14:30:14Z,2026-06-29,352,M. Rosenkranz,,145
2026-07-03T14:30:14Z,2026-06-29,352,Mats Rosenkranz,27,145
2026-07-03T14:30:14Z,2026-06-29,353,F. Broska,,145
2026-07-03T14:30:14Z,2026-06-29,353,Florian Broska,28,145
2026-07-03T14:30:14Z,2026-06-29,354,F. Mena,,145
2026-07-03T14:30:14Z,2026-06-29,354,Facundo Mena,33,145
2026-07-03T14:30:14Z,2026-06-29,355,G. Villanueva,,145
2026-07-03T14:30:14Z,2026-06-29,355,Gonzalo Villanueva,31,145
2026-07-03T14:30:14Z,2026-06-29,356,Y. Shimizu,,144
2026-07-03T14:30:14Z,2026-06-29,356,Yuta Shimizu,27,144
2026-07-03T14:30:14Z,2026-06-29,357,O. Milic,,144
2026-07-03T14:30:14Z,2026-06-29,357,Ognjen Milic,19,144
2026-07-03T14:30:14Z,2026-06-29,358,R. Papoe,,144
2026-07-03T14:30:14Z,2026-06-29,358,Radu Mihai Papoe,23,144
2026-07-03T14:30:14Z,2026-06-29,359,E. Dalla Valle,,143
2026-07-03T14:30:14Z,2026-06-29,359,Enrico Dalla Valle,28,143
2026-07-03T14:30:14Z,2026-06-29,360,A. Chepelev,,143
2026-07-03T14:30:14Z,2026-06-29,360,Andrey Chepelev,27,143
2026-07-03T14:30:14Z,2026-06-29,361,S. Cuenin,,142
2026-07-03T14:30:14Z,2026-06-29,361,Sean Cuenin,22,142
2026-07-03T14:30:14Z,2026-06-29,362,I. Xilas,,142
2026-07-03T14:30:14Z,2026-06-29,362,Ioannis Xilas,25,142
2026-07-03T14:30:14Z,2026-06-29,363,F. Bondioli,,142
2026-07-03T14:30:14Z,2026-06-29,363,Federico Bondioli,21,142
2026-07-03T14:30:14Z,2026-06-29,364,N. Gombos,,140
2026-07-03T14:30:14Z,2026-06-29,364,Norbert Gombos,35,140
2026-07-03T14:30:14Z,2026-06-29,365,T. Compagnucci,,140
2026-07-03T14:30:14Z,2026-06-29,365,Tommaso Compagnucci,26,140
2026-07-03T14:30:14Z,2026-06-29,366,C. Sanchez Jover,,140
2026-07-03T14:30:14Z,2026-06-29,366,Carlos Sanchez Jover,25,140
2026-07-03T14:30:14Z,2026-06-29,367,D. Milavsky,,139
2026-07-03T14:30:14Z,2026-06-29,367,Daniel Milavsky,24,139
2026-07-03T14:30:14Z,2026-06-29,368,J. Vasami,,137
2026-07-03T14:30:14Z,2026-06-29,368,Jacopo Vasami,18,137
2026-07-03T14:30:14Z,2026-06-29,369,P. Nesterov,,136
2026-07-03T14:30:14Z,2026-06-29,369,Petr Nesterov,23,136
2026-07-03T14:30:14Z,2026-06-29,370,M. Gengel,,136
2026-07-03T14:30:14Z,2026-06-29,370,Marek Gengel,30,136
2026-07-03T14:30:14Z,2026-06-29,371,G. Piraino,,134
2026-07-03T14:30:14Z,2026-06-29,371,Gabriele Piraino,22,134
2026-07-03T14:30:14Z,2026-06-29,372,M. Moeller,,134
2026-07-03T14:30:14Z,2026-06-29,372,Marvin Moeller,27,134
2026-07-03T14:30:14Z,2026-06-29,373,N. Fatic,,133
2026-07-03T14:30:14Z,2026-06-29,373,Nerman Fatic,31,133
2026-07-03T14:30:14Z,2026-06-29,374,I. Marrero Curbelo,,133
2026-07-03T14:30:14Z,2026-06-29,374,Ivan Marrero Curbelo,27,133
2026-07-03T14:30:14Z,2026-06-29,375,E. Ribeiro,,133
2026-07-03T14:30:14Z,2026-06-29,375,Eduardo Ribeiro,28,133
2026-07-03T14:30:14Z,2026-06-29,376,A. Matusevich,,133
2026-07-03T14:30:14Z,2026-06-29,376,Anton Matusevich,25,133
2026-07-03T14:30:14Z,2026-06-29,377,M. Erhard,,133
2026-07-03T14:30:14Z,2026-06-29,377,Mathys Erhard,24,133
2026-07-03T14:30:14Z,2026-06-29,378,F. Forti,,132
2026-07-03T14:30:14Z,2026-06-29,378,Francesco Forti,26,132
2026-07-03T14:30:14Z,2026-06-29,379,D. Masur,,131
2026-07-03T14:30:14Z,2026-06-29,379,Daniel Masur,31,131
2026-07-03T14:30:14Z,2026-06-29,380,C. Caniato,,131
2026-07-03T14:30:14Z,2026-06-29,380,Carlo Alberto Caniato,20,131
2026-07-03T14:30:14Z,2026-06-29,381,M. Sharipov,,131
2026-07-03T14:30:14Z,2026-06-29,381,Marat Sharipov,23,131
2026-07-03T14:30:14Z,2026-06-29,382,G. Johns,,131
2026-07-03T14:30:14Z,2026-06-29,382,Garrett Johns,25,131
2026-07-03T14:30:14Z,2026-06-29,383,J. Delaney,,131
2026-07-03T14:30:14Z,2026-06-29,383,Jake Delaney,29,131
2026-07-03T14:30:14Z,2026-06-29,384,S. Rodriguez Taverna,,131
2026-07-03T14:30:14Z,2026-06-29,384,Santiago Rodriguez Taverna,26,131
2026-07-03T14:30:14Z,2026-06-29,385,D. Evans,,130
2026-07-03T14:30:14Z,2026-06-29,385,Daniel Evans,36,130
2026-07-03T14:30:14Z,2026-06-29,386,M. Dhamne,,130
2026-07-03T14:30:14Z,2026-06-29,386,Manas Dhamne,18,130
2026-07-03T14:30:14Z,2026-06-29,387,I. Gakhov,,130
2026-07-03T14:30:14Z,2026-06-29,387,Ivan Gakhov,29,130
2026-07-03T14:30:14Z,2026-06-29,388,K. Samrej,,130
2026-07-03T14:30:14Z,2026-06-29,388,Kasidit Samrej,25,130
2026-07-03T14:30:14Z,2026-06-29,389,R. Peniston,,129
2026-07-03T14:30:14Z,2026-06-29,389,Ryan Peniston,30,129
2026-07-03T14:30:14Z,2026-06-29,390,G. Blancaneaux,,129
2026-07-03T14:30:14Z,2026-06-29,390,Geoffrey Blancaneaux,27,129
2026-07-03T14:30:14Z,2026-06-29,391,T. Paris,,128
2026-07-03T14:30:14Z,2026-06-29,391,Tom Paris,23,128
2026-07-03T14:30:14Z,2026-06-29,392,R. Tokuda,,128
2026-07-03T14:30:14Z,2026-06-29,392,Renta Tokuda,28,128
2026-07-03T14:30:14Z,2026-06-29,393,V. Ursu,,128
2026-07-03T14:30:14Z,2026-06-29,393,Vadym Ursu,29,128
2026-07-03T14:30:14Z,2026-06-29,394,A. Boitan,,127
2026-07-03T14:30:14Z,2026-06-29,394,Adrian Boitan,26,127
2026-07-03T14:30:14Z,2026-06-29,395,R. Perot,,127
2026-07-03T14:30:14Z,2026-06-29,395,Raphael Perot,24,127
2026-07-03T14:30:14Z,2026-06-29,396,J. Boulais,,126
2026-07-03T14:30:14Z,2026-06-29,396,Justin Boulais,24,126
2026-07-03T14:30:14Z,2026-06-29,397,M. Pucinelli De Almeida,,125
2026-07-03T14:30:14Z,2026-06-29,397,Matheus Pucinelli De Almeida,25,125
2026-07-03T14:30:14Z,2026-06-29,398,L. Ratti,,123
2026-07-03T14:30:14Z,2026-06-29,398,Lucio Ratti,22,123
2026-07-03T14:30:14Z,2026-06-29,399,A. Weber,,122
2026-07-03T14:30:14Z,2026-06-29,399,Arthur Weber,34,122
2026-07-03T14:30:14Z,2026-06-29,400,A. Fenty,,122
2026-07-03T14:30:14Z,2026-06-29,400,Andrew Fenty,26,122
2026-07-03T14:30:14Z,2026-06-29,401,P. Zahraj,,122
2026-07-03T14:30:14Z,2026-06-29,401,Patrick Zahraj,26,122
2026-07-03T14:30:14Z,2026-06-29,402,Andrej Martin,36,121
2026-07-03T14:30:14Z,2026-06-29,403,G. Kravchenko,,121
2026-07-03T14:30:14Z,2026-06-29,403,Georgii Kravchenko,25,121
2026-07-03T14:30:14Z,2026-06-29,404,A. Nagel,,121
2026-07-03T14:30:14Z,2026-06-29,404,Arthur Nagel,23,121
2026-07-03T14:30:14Z,2026-06-29,405,L. Maxted,,120
2026-07-03T14:30:14Z,2026-06-29,405,Lui Maxted,22,120
2026-07-03T14:30:14Z,2026-06-29,406,S. Pieri,,120
2026-07-03T14:30:14Z,2026-06-29,406,Samuele Pieri,24,120
2026-07-03T14:30:14Z,2026-06-29,407,J. Friend,,119
2026-07-03T14:30:14Z,2026-06-29,407,Jay Friend,22,119
2026-07-03T14:30:14Z,2026-06-29,408,M. Brunold,,119
2026-07-03T14:30:14Z,2026-06-29,408,Mika Brunold,21,119
2026-07-03T14:30:14Z,2026-06-29,409,H. Casanova,,119
2026-07-03T14:30:14Z,2026-06-29,409,Hernan Casanova,32,119
2026-07-03T14:30:14Z,2026-06-29,410,L. Castelnuovo,,119
2026-07-03T14:30:14Z,2026-06-29,410,Luca Castelnuovo,29,119
2026-07-03T14:30:14Z,2026-06-29,411,S. Palosi,,118
2026-07-03T14:30:14Z,2026-06-29,411,Stefan Palosi,26,118
2026-07-03T14:30:14Z,2026-06-29,412,C. Zarate,,118
2026-07-03T14:30:14Z,2026-06-29,412,Carlos Maria Zarate,21,118
2026-07-03T14:30:14Z,2026-06-29,413,D. Dutra da Silva,,118
2026-07-03T14:30:14Z,2026-06-29,413,Daniel Dutra da Silva,37,118
2026-07-03T14:30:14Z,2026-06-29,414,J. Kennedy,,117
2026-07-03T14:30:14Z,2026-06-29,414,Jack Kennedy,18,117
2026-07-03T14:30:14Z,2026-06-29,415,G. Ferrari,,117
2026-07-03T14:30:14Z,2026-06-29,415,Gianmarco Ferrari,25,117
2026-07-03T14:30:14Z,2026-06-29,416,C. Vandermeersch,,117
2026-07-03T14:30:14Z,2026-06-29,416,Cyril Vandermeersch,27,117
2026-07-03T14:30:14Z,2026-06-29,417,M. Imamura,,117
2026-07-03T14:30:14Z,2026-06-29,417,Masamichi Imamura,27,117
2026-07-03T14:30:14Z,2026-06-29,418,S. Banerjee,,116
2026-07-03T14:30:14Z,2026-06-29,418,Samir Banerjee,22,116
2026-07-03T14:30:14Z,2026-06-29,419,B. Hassan,,115
2026-07-03T14:30:14Z,2026-06-29,419,Benjamin Hassan,31,115
2026-07-03T14:30:14Z,2026-06-29,420,J. Trotter,,114
2026-07-03T14:30:14Z,2026-06-29,420,James Trotter,26,114
2026-07-03T14:30:14Z,2026-06-29,421,L. Tu,,114
2026-07-03T14:30:14Z,2026-06-29,421,Li Tu,30,114
2026-07-03T14:30:14Z,2026-06-29,422,A. Hernandez,,114
2026-07-03T14:30:14Z,2026-06-29,422,Alex Hernandez,27,114
2026-07-03T14:30:14Z,2026-06-29,423,C. Denolly,,114
2026-07-03T14:30:14Z,2026-06-29,423,Corentin Denolly,29,114
2026-07-03T14:30:14Z,2026-06-29,424,J. Barranco Cosano,,113
2026-07-03T14:30:14Z,2026-06-29,424,Javier Barranco Cosano,27,113
2026-07-03T14:30:14Z,2026-06-29,425,J. Nikles,,113
2026-07-03T14:30:14Z,2026-06-29,425,Johan Nikles,29,113
2026-07-03T14:30:14Z,2026-06-29,426,J. Loge,,113
2026-07-03T14:30:14Z,2026-06-29,426,Jack Loge,21,113
2026-07-03T14:30:14Z,2026-06-29,427,D. Kuzmanov,,113
2026-07-03T14:30:14Z,2026-06-29,427,Dimitar Kuzmanov,32,113
2026-07-03T14:30:14Z,2026-06-29,428,O. Prihodko,,112
2026-07-03T14:30:14Z,2026-06-29,428,Oleg Prihodko,28,112
2026-07-03T14:30:14Z,2026-06-29,429,C. Kingsley,,112
2026-07-03T14:30:14Z,2026-06-29,429,Cannon Kingsley,25,112
2026-07-03T14:30:14Z,2026-06-29,430,C. Overbeck,,112
2026-07-03T14:30:14Z,2026-06-29,430,Carl Emil Overbeck,24,112
2026-07-03T14:30:14Z,2026-06-29,431,L. Poullain,,112
2026-07-03T14:30:14Z,2026-06-29,431,Lucas Poullain,30,112
2026-07-03T14:30:14Z,2026-06-29,432,A. Rybakov,,110
2026-07-03T14:30:14Z,2026-06-29,432,Alex Rybakov,29,110
2026-07-03T14:30:14Z,2026-06-29,433,A. Soriano Barrera,,109
2026-07-03T14:30:14Z,2026-06-29,433,Adria Soriano Barrera,27,109
2026-07-03T14:30:14Z,2026-06-29,434,E. Winter,,109
2026-07-03T14:30:14Z,2026-06-29,434,Edward Winter,21,109
2026-07-03T14:30:14Z,2026-06-29,435,B. Artnak,,109
2026-07-03T14:30:14Z,2026-06-29,435,Bor Artnak,22,109
2026-07-03T14:30:14Z,2026-06-29,436,S. Pankin,,109
2026-07-03T14:30:14Z,2026-06-29,436,Semen Pankin,26,109
2026-07-03T14:30:14Z,2026-06-29,437,M. Jones,,109
2026-07-03T14:30:14Z,2026-06-29,437,Maximus Jones,21,109
2026-07-03T14:30:14Z,2026-06-29,438,L. Potenza,,109
2026-07-03T14:30:14Z,2026-06-29,438,Luca Potenza,25,109
2026-07-03T14:30:14Z,2026-06-29,439,F. Bagnis,,108
2026-07-03T14:30:14Z,2026-06-29,439,Facundo Bagnis,36,108
2026-07-03T14:30:14Z,2026-06-29,440,R. Albot,,108
2026-07-03T14:30:14Z,2026-06-29,440,Radu Albot,36,108
2026-07-03T14:30:14Z,2026-06-29,441,S. Callejon Hernando,,108
2026-07-03T14:30:14Z,2026-06-29,441,Sergio Callejon Hernando,21,108
2026-07-03T14:30:14Z,2026-06-29,442,V. Aboian,,107
2026-07-03T14:30:14Z,2026-06-29,442,Valerio Aboian,24,107
2026-07-03T14:30:14Z,2026-06-29,443,M. Bouzige,,107
2026-07-03T14:30:14Z,2026-06-29,443,Moerani Bouzige,26,107
2026-07-03T14:30:14Z,2026-06-29,444,A. Ayeni,,106
2026-07-03T14:30:14Z,2026-06-29,444,Alafia Ayeni,26,106
2026-07-03T14:30:14Z,2026-06-29,445,M. Karol,,105
2026-07-03T14:30:14Z,2026-06-29,445,Milos Karol,23,105
2026-07-03T14:30:14Z,2026-06-29,446,P. Fellin,,105
2026-07-03T14:30:14Z,2026-06-29,446,Pietro Fellin,24,105
2026-07-03T14:30:14Z,2026-06-29,447,O. Wallin,,104
2026-07-03T14:30:14Z,2026-06-29,447,Olle Wallin,24,104
2026-07-03T14:30:14Z,2026-06-29,448,D. Yevseyev,,104
2026-07-03T14:30:14Z,2026-06-29,448,Denis Yevseyev,33,104
2026-07-03T14:30:14Z,2026-06-29,449,S. Shin,,104
2026-07-03T14:30:14Z,2026-06-29,449,Sanhui Shin,29,104
2026-07-03T14:30:14Z,2026-06-29,450,S. Sorger,,103
2026-07-03T14:30:14Z,2026-06-29,450,Sebastian Sorger,20,103
2026-07-03T14:30:14Z,2026-06-29,451,E. Vasa,,103
2026-07-03T14:30:14Z,2026-06-29,451,Eero Vasa,29,103
2026-07-03T14:30:14Z,2026-06-29,452,R. Strombachs,,103
2026-07-03T14:30:14Z,2026-06-29,452,Robert Strombachs,26,103
2026-07-03T14:30:14Z,2026-06-29,453,N. Visker,,103
2026-07-03T14:30:14Z,2026-06-29,453,Niels Visker,24,103
2026-07-03T14:30:14Z,2026-06-29,454,L. Rodriguez,,103
2026-07-03T14:30:14Z,2026-06-29,454,Lorenzo Joaquin Rodriguez,26,103
2026-07-03T14:30:14Z,2026-06-29,455,Q. Vandecasteele,,102
2026-07-03T14:30:14Z,2026-06-29,455,Quinn Vandecasteele,23,102
2026-07-03T14:30:14Z,2026-06-29,456,M. Alves,,101
2026-07-03T14:30:14Z,2026-06-29,456,Mateus Alves,25,101
2026-07-03T14:30:14Z,2026-06-29,457,N. Alvarez Varona,,100
2026-07-03T14:30:14Z,2026-06-29,457,Nicolas Alvarez Varona,25,100
2026-07-03T14:30:14Z,2026-06-29,458,H. Bernet,,100
2026-07-03T14:30:14Z,2026-06-29,458,Henry Bernet,19,100
2026-07-03T14:30:14Z,2026-06-29,459,A. Picchione,,98
2026-07-03T14:30:14Z,2026-06-29,459,Andrea Picchione,28,98
2026-07-03T14:30:14Z,2026-06-29,460,A. McHugh,,98
2026-07-03T14:30:14Z,2026-06-29,460,Aidan McHugh,25,98
2026-07-03T14:30:14Z,2026-06-29,461,A. Marti Pujolras,,98
2026-07-03T14:30:14Z,2026-06-29,461,Alex Marti Pujolras,27,98
2026-07-03T14:30:14Z,2026-06-29,462,H. Shiraishi,,98
2026-07-03T14:30:14Z,2026-06-29,462,Hikaru Shiraishi,26,98
2026-07-03T14:30:14Z,2026-06-29,463,M. Tobon,,98
2026-07-03T14:30:14Z,2026-06-29,463,Miguel Tobon,20,98
2026-07-03T14:30:14Z,2026-06-29,464,C. Langmo,,98
2026-07-03T14:30:14Z,2026-06-29,464,Christian Langmo,30,98
2026-07-03T14:30:14Z,2026-06-29,465,J. Kubler,,97
2026-07-03T14:30:14Z,2026-06-29,465,Jason Kubler,33,97
2026-07-03T14:30:14Z,2026-06-29,466,T. Svajda,,97
2026-07-03T14:30:14Z,2026-06-29,466,Trevor Svajda,20,97
2026-07-03T14:30:14Z,2026-06-29,467,T. Torres,,97
2026-07-03T14:30:14Z,2026-06-29,467,Tiago Torres,23,97
2026-07-03T14:30:14Z,2026-06-29,468,S. Perez Contri,,97
2026-07-03T14:30:14Z,2026-06-29,468,Sergi Perez Contri,28,97
2026-07-03T14:30:14Z,2026-06-29,469,M. Rottgering,,96
2026-07-03T14:30:14Z,2026-06-29,469,Mees Rottgering,18,96
2026-07-03T14:30:14Z,2026-06-29,470,J. Cui,,96
2026-07-03T14:30:14Z,2026-06-29,470,Jie Cui,28,96
2026-07-03T14:30:14Z,2026-06-29,471,F. Andaloro,,95
2026-07-03T14:30:14Z,2026-06-29,471,Fabrizio Andaloro,25,95
2026-07-03T14:30:14Z,2026-06-29,472,H. Moriya,,95
2026-07-03T14:30:14Z,2026-06-29,472,Hiroki Moriya,35,95
2026-07-03T14:30:14Z,2026-06-29,473,M. Giunta,,95
2026-07-03T14:30:14Z,2026-06-29,473,Massimo Giunta,21,95
2026-07-03T14:30:14Z,2026-06-29,474,L. Carboni,,95
2026-07-03T14:30:14Z,2026-06-29,474,Lorenzo Carboni,20,95
2026-07-03T14:30:14Z,2026-06-29,475,D. Suresh,,94
2026-07-03T14:30:14Z,2026-06-29,475,Dhakshineswar Suresh,26,94
2026-07-03T14:30:14Z,2026-06-29,476,L. Lokoli,,94
2026-07-03T14:30:14Z,2026-06-29,476,Laurent Lokoli,31,94
2026-07-03T14:30:14Z,2026-06-29,477,D. Siniakov,,94
2026-07-03T14:30:14Z,2026-06-29,477,Daniel Siniakov,23,94
2026-07-03T14:30:14Z,2026-06-29,478,V. Bielinskyi,,94
2026-07-03T14:30:14Z,2026-06-29,478,Viacheslav Bielinskyi,22,94
2026-07-03T14:30:14Z,2026-06-29,479,F. Peliwo,,94
2026-07-03T14:30:14Z,2026-06-29,479,Filip Peliwo,32,94
2026-07-03T14:30:14Z,2026-06-29,480,A. Binda,,94
2026-07-03T14:30:14Z,2026-06-29,480,Alexander Binda,24,94
2026-07-03T14:30:14Z,2026-06-29,481,V. Durasovic,,93
2026-07-03T14:30:14Z,2026-06-29,481,Viktor Durasovic,29,93
2026-07-03T14:30:14Z,2026-06-29,482,T. Colson,,92
2026-07-03T14:30:14Z,2026-06-29,482,Tibo Colson,25,92
2026-07-03T14:30:14Z,2026-06-29,483,K. Matsuda,,92
2026-07-03T14:30:14Z,2026-06-29,483,Koki Matsuda,25,92
2026-07-03T14:30:14Z,2026-06-29,484,R. Molleker,,92
2026-07-03T14:30:14Z,2026-06-29,484,Rudolf Molleker,25,92
2026-07-03T14:30:14Z,2026-06-29,485,G. La Vela,,92
2026-07-03T14:30:14Z,2026-06-29,485,Giuseppe La Vela,25,92
2026-07-03T14:30:14Z,2026-06-29,486,E. Vanshelboim,,92
2026-07-03T14:30:14Z,2026-06-29,486,Eric Vanshelboim,24,92
2026-07-03T14:30:14Z,2026-06-29,487,K. Singh,,92
2026-07-03T14:30:14Z,2026-06-29,487,Karan Singh,22,92
2026-07-03T14:30:14Z,2026-06-29,488,M. Chazal,,91
2026-07-03T14:30:14Z,2026-06-29,488,Maxime Chazal,33,91
2026-07-03T14:30:14Z,2026-06-29,489,C. Negritu,,91
2026-07-03T14:30:14Z,2026-06-29,489,Christoph Negritu,32,91
2026-07-03T14:30:14Z,2026-06-29,490,J. Sels,,91
2026-07-03T14:30:14Z,2026-06-29,490,Jelle Sels,30,91
2026-07-03T14:30:14Z,2026-06-29,491,T. Kokkinakis,,90
2026-07-03T14:30:14Z,2026-06-29,491,Thanasi Kokkinakis,30,90
2026-07-03T14:30:14Z,2026-06-29,492,E. Aguiard,,90
2026-07-03T14:30:14Z,2026-06-29,492,Enzo Aguiard,23,90
2026-07-03T14:30:14Z,2026-06-29,493,V. Orlov,,90
2026-07-03T14:30:14Z,2026-06-29,493,Vladyslav Orlov,31,90
2026-07-03T14:30:14Z,2026-06-29,494,J. Martin Manzano,,90
2026-07-03T14:30:14Z,2026-06-29,494,Juan Cruz Martin Manzano,21,90
2026-07-03T14:30:14Z,2026-06-29,495,M. Petkovic,,90
2026-07-03T14:30:14Z,2026-06-29,495,Mika Petkovic,19,90
2026-07-03T14:30:14Z,2026-06-29,496,P. Sakamoto,,90
2026-07-03T14:30:14Z,2026-06-29,496,Pedro Sakamoto,32,90
2026-07-03T14:30:14Z,2026-06-29,497,D. Martin,,89
2026-07-03T14:30:14Z,2026-06-29,497,Dan Martin,27,89
2026-07-03T14:30:14Z,2026-06-29,498,A. Sanchez Quilez,,89
2026-07-03T14:30:14Z,2026-06-29,498,Alejo Sanchez Quilez,21,89
2026-07-03T14:30:14Z,2026-06-29,499,M. Donald,,89
2026-07-03T14:30:14Z,2026-06-29,499,Matthew William Donald,21,89
2026-07-03T14:30:14Z,2026-06-29,500,D. Palan,,89
2026-07-03T14:30:14Z,2026-06-29,500,Dominik Palan,25,89
2026-07-03T14:30:14Z,2026-06-29,501,R. Nijboer,,89
2026-07-03T14:30:14Z,2026-06-29,501,Ryan Nijboer,26,89
2026-07-03T14:30:14Z,2026-06-29,502,B. Ellis,,88
2026-07-03T14:30:14Z,2026-06-29,502,Blake Ellis,27,88
2026-07-03T14:30:14Z,2026-06-29,503,J. Berrettini,,88
2026-07-03T14:30:14Z,2026-06-29,503,Jacopo Berrettini,27,88
2026-07-03T14:30:14Z,2026-06-29,504,J. Schiessl,,88
2026-07-03T14:30:14Z,2026-06-29,504,Joao Eduardo Schiessl,21,88
2026-07-03T14:30:14Z,2026-06-29,505,C. Sinclair,,88
2026-07-03T14:30:14Z,2026-06-29,505,Colin Sinclair,31,88
2026-07-03T14:30:14Z,2026-06-29,506,K. Poling,,87
2026-07-03T14:30:14Z,2026-06-29,506,Karl Poling,26,87
2026-07-03T14:30:14Z,2026-06-29,507,K. Bigun,,86
2026-07-03T14:30:14Z,2026-06-29,507,Kaylan Bigun,20,86
2026-07-03T14:30:14Z,2026-06-29,508,T. Sach,,86
2026-07-03T14:30:14Z,2026-06-29,508,Tai Sach,23,86
2026-07-03T14:30:14Z,2026-06-29,509,T. Kumasaka,,85
2026-07-03T14:30:14Z,2026-06-29,509,Takuya Kumasaka,27,85
2026-07-03T14:30:14Z,2026-06-29,510,M. Rehberg,,84
2026-07-03T14:30:14Z,2026-06-29,510,Max Hans Rehberg,22,84
2026-07-03T14:30:14Z,2026-06-29,511,A. Shepp,,84
2026-07-03T14:30:14Z,2026-06-29,511,Anton Shepp,23,84
2026-07-03T14:30:14Z,2026-06-29,512,P. Saraiva Dos Santos,,84
2026-07-03T14:30:14Z,2026-06-29,512,Paulo Andre Saraiva Dos Santos,26,84
2026-07-03T14:30:14Z,2026-06-29,513,C. Lopez Montagud,,83
2026-07-03T14:30:14Z,2026-06-29,513,Carlos Lopez Montagud,25,83
2026-07-03T14:30:14Z,2026-06-29,514,F. Zakaria,,83
2026-07-03T14:30:14Z,2026-06-29,514,Fares Zakaria,25,83
2026-07-03T14:30:14Z,2026-06-29,515,D. Obradovic,,83
2026-07-03T14:30:14Z,2026-06-29,515,Dusan Obradovic,25,83
2026-07-03T14:30:14Z,2026-06-29,516,S. Gima,,83
2026-07-03T14:30:14Z,2026-06-29,516,Sebastian Gima,24,83
2026-07-03T14:30:14Z,2026-06-29,517,K. Bennani,,82
2026-07-03T14:30:14Z,2026-06-29,517,Karim Bennani,18,82
2026-07-03T14:30:14Z,2026-06-29,518,M. Zhukov,,82
2026-07-03T14:30:14Z,2026-06-29,518,Maxim Zhukov,21,82
2026-07-03T14:30:14Z,2026-06-29,519,T. Baadi,,82
2026-07-03T14:30:14Z,2026-06-29,519,Taha Baadi,24,82
2026-07-03T14:30:14Z,2026-06-29,520,E. Hudd,,82
2026-07-03T14:30:14Z,2026-06-29,520,Emile Hudd,26,82
2026-07-03T14:30:14Z,2026-06-29,521,M. Gigante,,81
2026-07-03T14:30:14Z,2026-06-29,521,Matteo Gigante,24,81
2026-07-03T14:30:14Z,2026-06-29,522,L. Borg,,81
2026-07-03T14:30:14Z,2026-06-29,522,Leo Borg,23,81
2026-07-03T14:30:14Z,2026-06-29,523,C. Bouchelaghem,,81
2026-07-03T14:30:14Z,2026-06-29,523,Cesar Bouchelaghem,22,81
2026-07-03T14:30:14Z,2026-06-29,524,A. Ouakaa,,81
2026-07-03T14:30:14Z,2026-06-29,524,Aziz Ouakaa,26,81
2026-07-03T14:30:14Z,2026-06-29,525,T. Boogaard,,80
2026-07-03T14:30:14Z,2026-06-29,525,Thijs Boogaard,17,80
2026-07-03T14:30:14Z,2026-06-29,526,S. Rawat,,80
2026-07-03T14:30:14Z,2026-06-29,526,Sidharth Rawat,33,80
2026-07-03T14:30:14Z,2026-06-29,527,J. Paul,,79
2026-07-03T14:30:14Z,2026-06-29,527,Jakub Paul,27,79
2026-07-03T14:30:14Z,2026-06-29,528,A. Donski,,79
2026-07-03T14:30:14Z,2026-06-29,528,Alexander Donski,27,79
2026-07-03T14:30:14Z,2026-06-29,529,M. Bassem Sobhy,,79
2026-07-03T14:30:14Z,2026-06-29,529,Michael Bassem Sobhy,22,79
2026-07-03T14:30:14Z,2026-06-29,530,P. Marinkov,,79
2026-07-03T14:30:14Z,2026-06-29,530,Pavle Marinkov,20,79
2026-07-03T14:30:14Z,2026-06-29,531,O. Jasika,,79
2026-07-03T14:30:14Z,2026-06-29,531,Omar Jasika,29,79
2026-07-03T14:30:14Z,2026-06-29,532,J. Echeverria,,78
2026-07-03T14:30:14Z,2026-06-29,532,John Echeverria,24,78
2026-07-03T14:30:14Z,2026-06-29,533,T. Sahtali,,78
2026-07-03T14:30:14Z,2026-06-29,533,Toufik Sahtali,27,78
2026-07-03T14:30:14Z,2026-06-29,534,P. Vives Marcos,,77
2026-07-03T14:30:14Z,2026-06-29,534,Pedro Vives Marcos,25,77
2026-07-03T14:30:14Z,2026-06-29,535,R. Bennani,,77
2026-07-03T14:30:14Z,2026-06-29,535,Reda Bennani,19,77
2026-07-03T14:30:14Z,2026-06-29,536,D. Ostapenkov,,77
2026-07-03T14:30:14Z,2026-06-29,536,Daniil Ostapenkov,23,77
2026-07-03T14:30:14Z,2026-06-29,537,M. Wiskandt,,77
2026-07-03T14:30:14Z,2026-06-29,537,Max Wiskandt,24,77
2026-07-03T14:30:14Z,2026-06-29,538,P. Martinez Gomez,,76
2026-07-03T14:30:14Z,2026-06-29,538,Pablo Martinez Gomez,20,76
2026-07-03T14:30:14Z,2026-06-29,539,I. Ivashka,,76
2026-07-03T14:30:14Z,2026-06-29,539,Ilya Ivashka,32,76
2026-07-03T14:30:14Z,2026-06-29,540,M. Basic,,76
2026-07-03T14:30:14Z,2026-06-29,540,Mirza Basic,34,76
2026-07-03T14:30:14Z,2026-06-29,541,Y. Dlimi,,76
2026-07-03T14:30:14Z,2026-06-29,541,Yassine Dlimi,23,76
2026-07-03T14:30:14Z,2026-06-29,542,P. Schoen,,76
2026-07-03T14:30:14Z,2026-06-29,542,Patrick Schoen,21,76
2026-07-03T14:30:14Z,2026-06-29,543,T. Berkieta,,76
2026-07-03T14:30:14Z,2026-06-29,543,Tomasz Berkieta,19,76
2026-07-03T14:30:14Z,2026-06-29,544,K. Kivattsev,,76
2026-07-03T14:30:14Z,2026-06-29,544,Kirill Kivattsev,28,76
2026-07-03T14:30:14Z,2026-06-29,545,M. Sasikumar,,75
2026-07-03T14:30:14Z,2026-06-29,545,Mukund Sasikumar,29,75
2026-07-03T14:30:14Z,2026-06-29,546,M. Malige,,75
2026-07-03T14:30:14Z,2026-06-29,546,Mae Malige,20,75
2026-07-03T14:30:14Z,2026-06-29,547,M. Leong,,75
2026-07-03T14:30:14Z,2026-06-29,547,Mitsuki Wei Kang Leong,21,75
2026-07-03T14:30:14Z,2026-06-29,548,J. Aguilar Cardozo,,74
2026-07-03T14:30:14Z,2026-06-29,548,Joaquin Aguilar Cardozo,21,74
2026-07-03T14:30:14Z,2026-06-29,549,H. Chung,,74
2026-07-03T14:30:14Z,2026-06-29,549,Hyeon Chung,30,74
2026-07-03T14:30:14Z,2026-06-29,550,C. Bittoun Kouzmine,,74
2026-07-03T14:30:14Z,2026-06-29,550,Constantin Bittoun Kouzmine,27,74
2026-07-03T14:30:14Z,2026-06-29,551,J. Story,,73
2026-07-03T14:30:14Z,2026-06-29,551,James Story,25,73
2026-07-03T14:30:14Z,2026-06-29,552,A. Deckers,,73
2026-07-03T14:30:14Z,2026-06-29,552,Alec Deckers,26,73
2026-07-03T14:30:14Z,2026-06-29,553,M. Mckennon,,73
2026-07-03T14:30:14Z,2026-06-29,553,Maxwell Mckennon,24,73
2026-07-03T14:30:14Z,2026-06-29,554,S. Popovic,,73
2026-07-03T14:30:14Z,2026-06-29,554,Stefan Popovic,23,73
2026-07-03T14:30:14Z,2026-06-29,555,A. Beckley,,72
2026-07-03T14:30:14Z,2026-06-29,555,Alec Beckley,25,72
2026-07-03T14:30:14Z,2026-06-29,556,D. Singh,,72
2026-07-03T14:30:14Z,2026-06-29,556,Digvijay Pratap Singh,26,72
2026-07-03T14:30:14Z,2026-06-29,557,K. Isomura,,72
2026-07-03T14:30:14Z,2026-06-29,557,Kokoro Isomura,23,72
2026-07-03T14:30:14Z,2026-06-29,558,B. Holt,,71
2026-07-03T14:30:14Z,2026-06-29,558,Brandon Holt,28,71
2026-07-03T14:30:14Z,2026-06-29,559,A. Vavassori,,71
2026-07-03T14:30:14Z,2026-06-29,559,Andrea Vavassori,31,71
2026-07-03T14:30:14Z,2026-06-29,560,J. Rodriguez,,71
2026-07-03T14:30:14Z,2026-06-29,560,Johan Alexander Rodriguez,22,71
2026-07-03T14:30:14Z,2026-06-29,561,A. Mayo,,71
2026-07-03T14:30:14Z,2026-06-29,561,Aidan Mayo,23,71
2026-07-03T14:30:14Z,2026-06-29,562,J. Gomez,,71
2026-07-03T14:30:14Z,2026-06-29,562,Juan Sebastian Gomez,34,71
2026-07-03T14:30:14Z,2026-06-29,563,A. Elsayed,,71
2026-07-03T14:30:14Z,2026-06-29,563,Amr Elsayed,27,71
2026-07-03T14:30:14Z,2026-06-29,564,P. Makk,,71
2026-07-03T14:30:14Z,2026-06-29,564,Peter Makk,24,71
2026-07-03T14:30:14Z,2026-06-29,565,F. Planinsek,,71
2026-07-03T14:30:14Z,2026-06-29,565,Filip Jeff Planinsek,24,71
2026-07-03T14:30:14Z,2026-06-29,566,G. Dalmasso,,71
2026-07-03T14:30:14Z,2026-06-29,566,Guillaume Dalmasso,23,71
2026-07-03T14:30:14Z,2026-06-29,567,F. Tabacco,,71
2026-07-03T14:30:14Z,2026-06-29,567,Fausto Tabacco,24,71
2026-07-03T14:30:14Z,2026-06-29,568,L. Pokorny,,70
2026-07-03T14:30:14Z,2026-06-29,568,Lukas Pokorny,24,70
2026-07-03T14:30:14Z,2026-06-29,569,N. McDonald,,70
2026-07-03T14:30:14Z,2026-06-29,569,Niels McDonald,18,70
2026-07-03T14:30:14Z,2026-06-29,570,E. Kirkin,,70
2026-07-03T14:30:14Z,2026-06-29,570,Ergi Kirkin,27,70
2026-07-03T14:30:14Z,2026-06-29,571,C. Williams,,69
2026-07-03T14:30:14Z,2026-06-29,571,Cooper Williams,21,69
2026-07-03T14:30:14Z,2026-06-29,572,M. Janvier,,69
2026-07-03T14:30:14Z,2026-06-29,572,Maxime Janvier,29,69
2026-07-03T14:30:14Z,2026-06-29,573,A. Thanos,,68
2026-07-03T14:30:14Z,2026-06-29,573,Aristotelis Thanos,25,68
2026-07-03T14:30:14Z,2026-06-29,574,A. Rubio Fierros,,68
2026-07-03T14:30:14Z,2026-06-29,574,Alan Fernando Rubio Fierros,27,68
2026-07-03T14:30:14Z,2026-06-29,575,M. Gonzalez Fernandez,,68
2026-07-03T14:30:14Z,2026-06-29,575,Mario Gonzalez Fernandez,24,68
2026-07-03T14:30:14Z,2026-06-29,576,N. Ehrenschneider,,68
2026-07-03T14:30:14Z,2026-06-29,576,Nino Ehrenschneider,25,68
2026-07-03T14:30:14Z,2026-06-29,577,R. Faucon,,68
2026-07-03T14:30:14Z,2026-06-29,577,Romain Faucon,23,68
2026-07-03T14:30:14Z,2026-06-29,578,A. Ritschard,,67
2026-07-03T14:30:14Z,2026-06-29,578,Alexander Ritschard,32,67
2026-07-03T14:30:14Z,2026-06-29,579,R. Catry,,67
2026-07-03T14:30:14Z,2026-06-29,579,Robin Catry,24,67
2026-07-03T14:30:14Z,2026-06-29,580,Y. Kelm,,67
2026-07-03T14:30:14Z,2026-06-29,580,Yannik Kelm,21,67
2026-07-03T14:30:14Z,2026-06-29,581,A. Escoffier,,66
2026-07-03T14:30:14Z,2026-06-29,581,Antoine Escoffier,34,66
2026-07-03T14:30:14Z,2026-06-29,582,E. Donnet,,66
2026-07-03T14:30:14Z,2026-06-29,582,Etienne Donnet,25,66
2026-07-03T14:30:14Z,2026-06-29,583,O. Pieczkowski,,66
2026-07-03T14:30:14Z,2026-06-29,583,Olaf Pieczkowski,22,66
2026-07-03T14:30:14Z,2026-06-29,584,S. Gulin,,66
2026-07-03T14:30:14Z,2026-06-29,584,Svyatoslav Gulin,23,66
2026-07-03T14:30:14Z,2026-06-29,585,F. Arnaboldi,,66
2026-07-03T14:30:14Z,2026-06-29,585,Federico Arnaboldi,26,66
2026-07-03T14:30:14Z,2026-06-29,586,J. Sheehy,,65
2026-07-03T14:30:14Z,2026-06-29,586,Joshua Sheehy,29,65
2026-07-03T14:30:14Z,2026-06-29,587,D. Madaras,,65
2026-07-03T14:30:14Z,2026-06-29,587,Dragos Nicolae Madaras,28,65
2026-07-03T14:30:14Z,2026-06-29,588,E. Demanet,,65
2026-07-03T14:30:14Z,2026-06-29,588,Emilien Demanet,21,65
2026-07-03T14:30:14Z,2026-06-29,589,L. Staeheli,,65
2026-07-03T14:30:14Z,2026-06-29,589,Luca Staeheli,26,65
2026-07-03T14:30:14Z,2026-06-29,590,M. Zielinski,,65
2026-07-03T14:30:14Z,2026-06-29,590,Marcel Zielinski,25,65
2026-07-03T14:30:14Z,2026-06-29,591,N. Tepmahc,,65
2026-07-03T14:30:14Z,2026-06-29,591,Nicolas Tepmahc,25,65
2026-07-03T14:30:14Z,2026-06-29,592,A. Vasilev,,64
2026-07-03T14:30:14Z,2026-06-29,592,Alexander Vasilev,19,64
2026-07-03T14:30:14Z,2026-06-29,593,G. Young,,64
2026-07-03T14:30:14Z,2026-06-29,593,Gavin Young,23,64
2026-07-03T14:30:14Z,2026-06-29,594,J. Domingues,,64
2026-07-03T14:30:14Z,2026-06-29,594,Joao Domingues,32,64
2026-07-03T14:30:14Z,2026-06-29,595,J. Bradshaw,,64
2026-07-03T14:30:14Z,2026-06-29,595,Jacob Bradshaw,23,64
2026-07-03T14:30:14Z,2026-06-29,596,R. Dickerson,,64
2026-07-03T14:30:14Z,2026-06-29,596,Ryan Dickerson,29,64
2026-07-03T14:30:14Z,2026-06-29,597,G. Campana Lee,,64
2026-07-03T14:30:14Z,2026-06-29,597,Gerard Campana Lee,21,64
2026-07-03T14:30:14Z,2026-06-29,598,I. Almazan Valiente,,63
2026-07-03T14:30:14Z,2026-06-29,598,Izan Almazan Valiente,20,63
2026-07-03T14:30:14Z,2026-06-29,599,K. Filar,,63
2026-07-03T14:30:14Z,2026-06-29,599,Karol Filar,27,63
2026-07-03T14:30:14Z,2026-06-29,600,H. Habib,,62
2026-07-03T14:30:14Z,2026-06-29,600,Hady Habib,27,62
2026-07-03T14:30:14Z,2026-06-29,601,K. Lee,,62
2026-07-03T14:30:14Z,2026-06-29,601,Kuan-Yi Lee,29,62
2026-07-03T14:30:14Z,2026-06-29,602,A. Paulson,,61
2026-07-03T14:30:14Z,2026-06-29,602,Andrew Paulson,24,61
2026-07-03T14:30:14Z,2026-06-29,603,K. Sultanov,,61
2026-07-03T14:30:14Z,2026-06-29,603,Khumoyun Sultanov,27,61
2026-07-03T14:30:14Z,2026-06-29,604,T. McCormick,,61
2026-07-03T14:30:14Z,2026-06-29,604,Tristan McCormick,27,61
2026-07-03T14:30:14Z,2026-06-29,605,L. Wiedenmann,,61
2026-07-03T14:30:14Z,2026-06-29,605,Luca Wiedenmann,28,61
2026-07-03T14:30:14Z,2026-06-29,606,C. Hewitt,,61
2026-07-03T14:30:14Z,2026-06-29,606,Cruz Hewitt,17,61
2026-07-03T14:30:14Z,2026-06-29,607,L. Rossi,,61
2026-07-03T14:30:14Z,2026-06-29,607,Leonardo Rossi,23,61
2026-07-03T14:30:14Z,2026-06-29,608,D. Tomescu,,60
2026-07-03T14:30:14Z,2026-06-29,608,Dan Alexandru Tomescu,27,60
2026-07-03T14:30:14Z,2026-06-29,609,A. Vatutin,,60
2026-07-03T14:30:14Z,2026-06-29,609,Alexey Vatutin,33,60
2026-07-03T14:30:14Z,2026-06-29,610,A. Perez,,60
2026-07-03T14:30:14Z,2026-06-29,610,Alfredo Perez,29,60
2026-07-03T14:30:14Z,2026-06-29,611,J. Kumstat,,60
2026-07-03T14:30:14Z,2026-06-29,611,Jan Kumstat,19,60
2026-07-03T14:30:14Z,2026-06-29,612,T. Huang,,60
2026-07-03T14:30:14Z,2026-06-29,612,Tsung-Hao Huang,26,60
2026-07-03T14:30:14Z,2026-06-29,613,N. Mashtakov,,60
2026-07-03T14:30:14Z,2026-06-29,613,Nikita Mashtakov,27,60
2026-07-03T14:30:14Z,2026-06-29,614,M. Vankan,,60
2026-07-03T14:30:14Z,2026-06-29,614,Marlon Vankan,25,60
2026-07-03T14:30:14Z,2026-06-29,615,E. Arutiunian,,59
2026-07-03T14:30:14Z,2026-06-29,615,Erik Arutiunian,21,59
2026-07-03T14:30:14Z,2026-06-29,616,N. Oberleitner,,59
2026-07-03T14:30:14Z,2026-06-29,616,Neil Oberleitner,26,59
2026-07-03T14:30:14Z,2026-06-29,617,A. Shah,,59
2026-07-03T14:30:14Z,2026-06-29,617,Aryan Shah,20,59
2026-07-03T14:30:14Z,2026-06-29,618,A. Barroso Campos,,59
2026-07-03T14:30:14Z,2026-06-29,618,Alberto Barroso Campos,30,59
2026-07-03T14:30:14Z,2026-06-29,619,D. De Jonge,,59
2026-07-03T14:30:14Z,2026-06-29,619,Daniel De Jonge,26,59
2026-07-03T14:30:14Z,2026-06-29,620,I. Lopez Morillo,,59
2026-07-03T14:30:14Z,2026-06-29,620,Imanol Lopez Morillo,26,59
2026-07-03T14:30:14Z,2026-06-29,621,B. Kuzuhara,,59
2026-07-03T14:30:14Z,2026-06-29,621,Bruno Kuzuhara,22,59
2026-07-03T14:30:14Z,2026-06-29,622,I. Gimenez,,58
2026-07-03T14:30:14Z,2026-06-29,622,Igor Gimenez,26,58
2026-07-03T14:30:14Z,2026-06-29,623,K. Ozolins,,58
2026-07-03T14:30:14Z,2026-06-29,623,Karlis Ozolins,24,58
2026-07-03T14:30:14Z,2026-06-29,624,O. Ovcharenko,,58
2026-07-03T14:30:14Z,2026-06-29,624,Oleksandr Ovcharenko,24,58
2026-07-03T14:30:14Z,2026-06-29,625,L. Bocchi,,58
2026-07-03T14:30:14Z,2026-06-29,625,Lorenzo Bocchi,28,58
2026-07-03T14:30:14Z,2026-06-29,626,S. De La Fuente,,58
2026-07-03T14:30:14Z,2026-06-29,626,Santiago De La Fuente,24,58
2026-07-03T14:30:14Z,2026-06-29,627,M. Zeitune,,58
2026-07-03T14:30:14Z,2026-06-29,627,Maximo Zeitune,20,58
2026-07-03T14:30:14Z,2026-06-29,628,B. Fernandez,,58
2026-07-03T14:30:14Z,2026-06-29,628,Bruno Fernandez,21,58
2026-07-03T14:30:14Z,2026-06-29,629,A. Weis,,57
2026-07-03T14:30:14Z,2026-06-29,629,Alexander Weis,29,57
2026-07-03T14:30:14Z,2026-06-29,630,A. Bouquier,,57
2026-07-03T14:30:14Z,2026-06-29,630,Arthur Bouquier,25,57
2026-07-03T14:30:14Z,2026-06-29,631,O. Krutykh,,57
2026-07-03T14:30:14Z,2026-06-29,631,Oleksii Krutykh,26,57
2026-07-03T14:30:14Z,2026-06-29,632,A. Magadan,,57
2026-07-03T14:30:14Z,2026-06-29,632,Alan Magadan,25,57
2026-07-03T14:30:14Z,2026-06-29,633,F. Iannaccone,,57
2026-07-03T14:30:14Z,2026-06-29,633,Federico Iannaccone,27,57
2026-07-03T14:30:14Z,2026-06-29,634,S. Kirchheimer,,57
2026-07-03T14:30:14Z,2026-06-29,634,Strong Kirchheimer,31,57
2026-07-03T14:30:14Z,2026-06-29,635,A. Pecci,,56
2026-07-03T14:30:14Z,2026-06-29,635,Alessandro Pecci,25,56
2026-07-03T14:30:14Z,2026-06-29,636,J. Simundza,,56
2026-07-03T14:30:14Z,2026-06-29,636,Josip Simundza,21,56
2026-07-03T14:30:14Z,2026-06-29,637,A. Omarkhanov,,56
2026-07-03T14:30:14Z,2026-06-29,637,Amir Omarkhanov,18,56
2026-07-03T14:30:14Z,2026-06-29,638,M. Efstathiou,,56
2026-07-03T14:30:14Z,2026-06-29,638,Melios Efstathiou,27,56
2026-07-03T14:30:14Z,2026-06-29,639,C. Eubanks,,55
2026-07-03T14:30:14Z,2026-06-29,639,Christopher Eubanks,30,55
2026-07-03T14:30:14Z,2026-06-29,640,D. Chan,,55
2026-07-03T14:30:14Z,2026-06-29,640,Duncan Chan,20,55
2026-07-03T14:30:14Z,2026-06-29,641,C. Huertas del Pino,,55
2026-07-03T14:30:14Z,2026-06-29,641,Conner Huertas del Pino,30,55
2026-07-03T14:30:14Z,2026-06-29,642,I. Radulov,,55
2026-07-03T14:30:14Z,2026-06-29,642,Iliyan Radulov,21,55
2026-07-03T14:30:14Z,2026-06-29,643,S. Mitsui,,55
2026-07-03T14:30:14Z,2026-06-29,643,Shunsuke Mitsui,24,55
2026-07-03T14:30:14Z,2026-06-29,644,A. Ganesan,,55
2026-07-03T14:30:14Z,2026-06-29,644,Adhithya Ganesan,20,55
2026-07-03T14:30:14Z,2026-06-29,645,P. Fajta,,55
2026-07-03T14:30:14Z,2026-06-29,645,Peter Fajta,24,55
2026-07-03T14:30:14Z,2026-06-29,646,L. Raquillet,,55
2026-07-03T14:30:14Z,2026-06-29,646,Leo Raquillet,20,55
2026-07-03T14:30:14Z,2026-06-29,647,K. Wehnelt,,55
2026-07-03T14:30:14Z,2026-06-29,647,Kai Wehnelt,30,55
2026-07-03T14:30:14Z,2026-06-29,648,Y. Ghazouani Durand,,55
2026-07-03T14:30:14Z,2026-06-29,648,Yanis Ghazouani Durand,25,55
2026-07-03T14:30:14Z,2026-06-29,649,S. Purtseladze,,55
2026-07-03T14:30:14Z,2026-06-29,649,Saba Purtseladze,24,55
2026-07-03T14:30:14Z,2026-06-29,650,G. Oradini,,55
2026-07-03T14:30:14Z,2026-06-29,650,Giovanni Oradini,28,55
2026-07-03T14:30:14Z,2026-06-29,651,B. Djuric,,54
2026-07-03T14:30:14Z,2026-06-29,651,Branko Djuric,21,54
2026-07-03T14:30:14Z,2026-06-29,652,D. Popko,,54
2026-07-03T14:30:14Z,2026-06-29,652,Dmitry Popko,29,54
2026-07-03T14:30:14Z,2026-06-29,653,S. Dev,,54
2026-07-03T14:30:14Z,2026-06-29,653,S D Prajwal Dev,30,54
2026-07-03T14:30:14Z,2026-06-29,654,I. Ivanov,,54
2026-07-03T14:30:14Z,2026-06-29,654,Ivan Ivanov,17,54
2026-07-03T14:30:14Z,2026-06-29,655,M. Hurrion,,54
2026-07-03T14:30:14Z,2026-06-29,655,Millen Hurrion,27,54
2026-07-03T14:30:14Z,2026-06-29,656,S. Linde Palacios,,54
2026-07-03T14:30:14Z,2026-06-29,656,Samuel Alejandro Linde Palacios,18,54
2026-07-03T14:30:14Z,2026-06-29,657,Y. Dzhavakian,,54
2026-07-03T14:30:14Z,2026-06-29,657,Yurii Dzhavakian,33,54
2026-07-03T14:30:14Z,2026-06-29,658,D. Sakellaridis,,54
2026-07-03T14:30:14Z,2026-06-29,658,Dimitris Sakellaridis,20,54
2026-07-03T14:30:14Z,2026-06-29,659,R. Seggerman,,53
2026-07-03T14:30:14Z,2026-06-29,659,Ryan Seggerman,26,53
2026-07-03T14:30:14Z,2026-06-29,660,F. Lechno-Wasiutynski,,53
2026-07-03T14:30:14Z,2026-06-29,660,Fryderyk Lechno-Wasiutynski,21,53
2026-07-03T14:30:14Z,2026-06-29,661,A. Kim,,53
2026-07-03T14:30:14Z,2026-06-29,661,Aidan Kim,21,53
2026-07-03T14:30:14Z,2026-06-29,662,M. Vrbensky,,53
2026-07-03T14:30:14Z,2026-06-29,662,Michael Vrbensky,26,53
2026-07-03T14:30:14Z,2026-06-29,663,A. Bakshi,,53
2026-07-03T14:30:14Z,2026-06-29,663,Aleksandre Bakshi,28,53
2026-07-03T14:30:14Z,2026-06-29,664,I. Kudriashov,,53
2026-07-03T14:30:14Z,2026-06-29,664,Igor Kudriashov,22,53
2026-07-03T14:30:14Z,2026-06-29,665,R. Colby,,53
2026-07-03T14:30:14Z,2026-06-29,665,Ryan Colby,22,53
2026-07-03T14:30:14Z,2026-06-29,666,Y. Takahashi,,53
2026-07-03T14:30:14Z,2026-06-29,666,Yusuke Takahashi,28,53
2026-07-03T14:30:14Z,2026-06-29,667,N. Villalon,,53
2026-07-03T14:30:14Z,2026-06-29,667,Nicolas Villalon,22,53
2026-07-03T14:30:14Z,2026-06-29,668,K. Saitoh,,53
2026-07-03T14:30:14Z,2026-06-29,668,Keisuke Saitoh,25,53
2026-07-03T14:30:14Z,2026-06-29,669,G. Elias,,52
2026-07-03T14:30:14Z,2026-06-29,669,Gastao Elias,35,52
2026-07-03T14:30:14Z,2026-06-29,670,A. Boros,,52
2026-07-03T14:30:14Z,2026-06-29,670,Attila Boros,22,52
2026-07-03T14:30:14Z,2026-06-29,671,Y. Demin,,52
2026-07-03T14:30:14Z,2026-06-29,671,Yaroslav Demin,20,52
2026-07-03T14:30:14Z,2026-06-29,672,Y. Kikuchi,,52
2026-07-03T14:30:14Z,2026-06-29,672,Yuta Kikuchi,26,52
2026-07-03T14:30:14Z,2026-06-29,673,S. Andreescu,,52
2026-07-03T14:30:14Z,2026-06-29,673,Stefan Adrian Andreescu,24,52
2026-07-03T14:30:14Z,2026-06-29,674,N. Arseneault,,51
2026-07-03T14:30:14Z,2026-06-29,674,Nicolas Arseneault,19,51
2026-07-03T14:30:14Z,2026-06-29,675,C. Ferguson,,51
2026-07-03T14:30:14Z,2026-06-29,675,Chase Ferguson,27,51
2026-07-03T14:30:14Z,2026-06-29,676,L. Vithoontien,,51
2026-07-03T14:30:14Z,2026-06-29,676,Leo Vithoontien,26,51
2026-07-03T14:30:14Z,2026-06-29,677,L. Alvarez,,50
2026-07-03T14:30:14Z,2026-06-29,677,Luis Carlos Alvarez,21,50
2026-07-03T14:30:14Z,2026-06-29,678,J. Watt,,50
2026-07-03T14:30:14Z,2026-06-29,678,James Watt,26,50
2026-07-03T14:30:14Z,2026-06-29,679,Y. Kawahashi,,50
2026-07-03T14:30:14Z,2026-06-29,679,Yuta Kawahashi,28,50
2026-07-03T14:30:14Z,2026-06-29,680,M. Cerny,,50
2026-07-03T14:30:14Z,2026-06-29,680,Matyas Cerny,24,50
2026-07-03T14:30:14Z,2026-06-29,681,E. Agafonov,,50
2026-07-03T14:30:14Z,2026-06-29,681,Egor Agafonov,23,50
2026-07-03T14:30:14Z,2026-06-29,682,P. Sornlaksup,,50
2026-07-03T14:30:14Z,2026-06-29,682,Pawit Sornlaksup,26,50
2026-07-03T14:30:14Z,2026-06-29,683,L. Angelini,,50
2026-07-03T14:30:14Z,2026-06-29,683,Lorenzo Angelini,20,50
2026-07-03T14:30:14Z,2026-06-29,684,A. Oetzbach,,49
2026-07-03T14:30:14Z,2026-06-29,684,Adrian Oetzbach,28,49
2026-07-03T14:30:14Z,2026-06-29,685,J. Wolf,,48
2026-07-03T14:30:14Z,2026-06-29,685,J.J. Wolf,27,48
2026-07-03T14:30:14Z,2026-06-29,686,M. Kestelboim,,48
2026-07-03T14:30:14Z,2026-06-29,686,Mariano Kestelboim,30,48
2026-07-03T14:30:14Z,2026-06-29,687,M. Beauge,,48
2026-07-03T14:30:14Z,2026-06-29,687,Maxence Beauge,26,48
2026-07-03T14:30:14Z,2026-06-29,688,U. Park,,48
2026-07-03T14:30:14Z,2026-06-29,688,Uisung Park,25,48
2026-07-03T14:30:14Z,2026-06-29,689,D. Nunez,,48
2026-07-03T14:30:14Z,2026-06-29,689,Daniel Antonio Nunez,25,48
2026-07-03T14:30:14Z,2026-06-29,690,D. Klok,,48
2026-07-03T14:30:14Z,2026-06-29,690,Denis Klok,28,48
2026-07-03T14:30:14Z,2026-06-29,691,L. Wessels,,48
2026-07-03T14:30:14Z,2026-06-29,691,Louis Wessels,27,48
2026-07-03T14:30:14Z,2026-06-29,692,E. Zhu,,48
2026-07-03T14:30:14Z,2026-06-29,692,Evan Zhu,27,48
2026-07-03T14:30:14Z,2026-06-29,693,I. Monzon,,48
2026-07-03T14:30:14Z,2026-06-29,693,Ignacio Monzon,28,48
2026-07-03T14:30:14Z,2026-06-29,694,D. Dietrich,,47
2026-07-03T14:30:14Z,2026-06-29,694,Dylan Dietrich,21,47
2026-07-03T14:30:14Z,2026-06-29,695,K. Kang,,47
2026-07-03T14:30:14Z,2026-06-29,695,Kyle Kang,21,47
2026-07-03T14:30:14Z,2026-06-29,696,O. Baris,,47
2026-07-03T14:30:14Z,2026-06-29,696,Ozan Baris,22,47
2026-07-03T14:30:14Z,2026-06-29,697,A. Azkara,,47
2026-07-03T14:30:14Z,2026-06-29,697,Arda Azkara,23,47
2026-07-03T14:30:14Z,2026-06-29,698,O. Weightman,,47
2026-07-03T14:30:14Z,2026-06-29,698,Oscar Weightman,24,47
2026-07-03T14:30:14Z,2026-06-29,699,Y. Mo,,47
2026-07-03T14:30:14Z,2026-06-29,699,Ye Cong Mo,26,47
2026-07-03T14:30:14Z,2026-06-29,700,A. Huertas Del Pino Cordova,,47
2026-07-03T14:30:14Z,2026-06-29,700,Arklon Huertas Del Pino Cordova,31,47
2026-07-03T14:30:14Z,2026-06-29,701,S. Vincent Ruggeri,,47
2026-07-03T14:30:14Z,2026-06-29,701,Samuel Vincent Ruggeri,24,47
2026-07-03T14:30:14Z,2026-06-29,702,Y. Mochizuki,,47
2026-07-03T14:30:14Z,2026-06-29,702,Yuki Mochizuki,28,47
2026-07-03T14:30:14Z,2026-06-29,703,K. Rahmani,,47
2026-07-03T14:30:14Z,2026-06-29,703,Kasra Rahmani,19,47
2026-07-03T14:30:14Z,2026-06-29,704,A. Petrovic,,47
2026-07-03T14:30:14Z,2026-06-29,704,Andreja Petrovic,26,47
2026-07-03T14:30:14Z,2026-06-29,705,M. Steiner,,47
2026-07-03T14:30:14Z,2026-06-29,705,Maik Steiner,32,47
2026-07-03T14:30:14Z,2026-06-29,706,F. Ribero,,47
2026-07-03T14:30:14Z,2026-06-29,706,Franco Ribero,26,47
2026-07-03T14:30:14Z,2026-06-29,707,S. Andre,,47
2026-07-03T14:30:14Z,2026-06-29,707,Seydina Andre,22,47
2026-07-03T14:30:14Z,2026-06-29,708,S. Hazawa,,47
2026-07-03T14:30:14Z,2026-06-29,708,Shinji Hazawa,27,47
2026-07-03T14:30:14Z,2026-06-29,709,S. Hamza Reguig,,47
2026-07-03T14:30:14Z,2026-06-29,709,Samir Hamza Reguig,24,47
2026-07-03T14:30:14Z,2026-06-29,710,N. Vukadin,,46
2026-07-03T14:30:14Z,2026-06-29,710,Noa Vukadin,22,46
2026-07-03T14:30:14Z,2026-06-29,711,T. Papamalamis,,46
2026-07-03T14:30:14Z,2026-06-29,711,Theo Papamalamis,20,46
2026-07-03T14:30:14Z,2026-06-29,712,M. Fuele,,46
2026-07-03T14:30:14Z,2026-06-29,712,Matyas Fuele,27,46
2026-07-03T14:30:14Z,2026-06-29,713,D. Kim,,46
2026-07-03T14:30:14Z,2026-06-29,713,Dong Ju Kim,24,46
2026-07-03T14:30:14Z,2026-06-29,714,M. Van Der Meerschen,,46
2026-07-03T14:30:14Z,2026-06-29,714,Martin Van Der Meerschen,26,46
2026-07-03T14:30:14Z,2026-06-29,715,M. Bobichon,,46
2026-07-03T14:30:14Z,2026-06-29,715,Matisse Bobichon,24,46
2026-07-03T14:30:14Z,2026-06-29,716,R. Turcanu,,46
2026-07-03T14:30:14Z,2026-06-29,716,Radu David Turcanu,20,46
2026-07-03T14:30:14Z,2026-06-29,717,T. Cigarran,,46
2026-07-03T14:30:14Z,2026-06-29,717,Thiago Cigarran,26,46
2026-07-03T14:30:14Z,2026-06-29,718,M. Fitriadi,,46
2026-07-03T14:30:14Z,2026-06-29,718,M Rifki Fitriadi,27,46
2026-07-03T14:30:14Z,2026-06-29,719,M. Krajci,,46
2026-07-03T14:30:14Z,2026-06-29,719,Michal Krajci,21,46
2026-07-03T14:30:14Z,2026-06-29,720,K. Nishikori,,45
2026-07-03T14:30:14Z,2026-06-29,720,Kei Nishikori,36,45
2026-07-03T14:30:14Z,2026-06-29,721,L. Sciahbasi,,45
2026-07-03T14:30:14Z,2026-06-29,721,Lorenzo Sciahbasi,20,45
2026-07-03T14:30:14Z,2026-06-29,722,T. Duran,,45
2026-07-03T14:30:14Z,2026-06-29,722,Tuncay Duran,22,45
2026-07-03T14:30:14Z,2026-06-29,723,G. Ghetu,,45
2026-07-03T14:30:14Z,2026-06-29,723,Gabriel Ghetu,18,45
2026-07-03T14:30:14Z,2026-06-29,724,M. Sureshkumar,,45
2026-07-03T14:30:14Z,2026-06-29,724,Manish Sureshkumar,26,45
2026-07-03T14:30:14Z,2026-06-29,725,A. Vales,,45
2026-07-03T14:30:14Z,2026-06-29,725,Amit Vales,21,45
2026-07-03T14:30:14Z,2026-06-29,726,G. Bosio,,45
2026-07-03T14:30:14Z,2026-06-29,726,Gabriele Bosio,25,45
2026-07-03T14:30:14Z,2026-06-29,727,S. Heredia,,45
2026-07-03T14:30:14Z,2026-06-29,727,Samuel Heredia,20,45
2026-07-03T14:30:14Z,2026-06-29,728,G. De Almeida,,44
2026-07-03T14:30:14Z,2026-06-29,728,Gustavo Ribeiro De Almeida,20,44
2026-07-03T14:30:14Z,2026-06-29,729,H. Heck,,44
2026-07-03T14:30:14Z,2026-06-29,729,Hunter Heck,24,44
2026-07-03T14:30:14Z,2026-06-29,730,J. Nicod,,44
2026-07-03T14:30:14Z,2026-06-29,730,Jakub Nicod,21,44
2026-07-03T14:30:14Z,2026-06-29,731,R. Izquierdo Luque,,44
2026-07-03T14:30:14Z,2026-06-29,731,Rafael Izquierdo Luque,26,44
2026-07-03T14:30:14Z,2026-06-29,732,G. Tabacco,,44
2026-07-03T14:30:14Z,2026-06-29,732,Giorgio Tabacco,22,44
2026-07-03T14:30:14Z,2026-06-29,733,B. Jones,,44
2026-07-03T14:30:14Z,2026-06-29,733,Ben Jones,28,44
2026-07-03T14:30:14Z,2026-06-29,734,T. Zhang,,44
2026-07-03T14:30:14Z,2026-06-29,734,Tianhui Zhang,20,44
2026-07-03T14:30:14Z,2026-06-29,735,N. Barsukov,,44
2026-07-03T14:30:14Z,2026-06-29,735,Nikolai Barsukov,19,44
2026-07-03T14:30:14Z,2026-06-29,736,M. De Krom,,44
2026-07-03T14:30:14Z,2026-06-29,736,Michiel De Krom,28,44
2026-07-03T14:30:14Z,2026-06-29,737,F. Cavallo,,43
2026-07-03T14:30:14Z,2026-06-29,737,Fernando Cavallo,20,43
2026-07-03T14:30:14Z,2026-06-29,738,L. Massard,,43
2026-07-03T14:30:14Z,2026-06-29,738,Loann Massard,20,43
2026-07-03T14:30:14Z,2026-06-29,739,M. Covato,,43
2026-07-03T14:30:14Z,2026-06-29,739,Matteo Covato,21,43
2026-07-03T14:30:14Z,2026-06-29,740,S. Johnson,,42
2026-07-03T14:30:14Z,2026-06-29,740,Spencer Johnson,23,42
2026-07-03T14:30:14Z,2026-06-29,741,H. Roh,,42
2026-07-03T14:30:14Z,2026-06-29,741,Hoyoung Roh,20,42
2026-07-03T14:30:14Z,2026-06-29,742,F. Moroni,,42
2026-07-03T14:30:14Z,2026-06-29,742,Filippo Moroni,25,42
2026-07-03T14:30:14Z,2026-06-29,743,S. Jong,,42
2026-07-03T14:30:14Z,2026-06-29,743,Sander Jong,26,42
2026-07-03T14:30:14Z,2026-06-29,744,T. Farjat,,42
2026-07-03T14:30:14Z,2026-06-29,744,Tomas Farjat,25,42
2026-07-03T14:30:14Z,2026-06-29,745,N. Belozertsev,,42
2026-07-03T14:30:14Z,2026-06-29,745,Nikita Belozertsev,17,42
2026-07-03T14:30:14Z,2026-06-29,746,O. Poulsen,,42
2026-07-03T14:30:14Z,2026-06-29,746,Oskar Brostrom Poulsen,24,42
2026-07-03T14:30:14Z,2026-06-29,747,M. Mazza,,42
2026-07-03T14:30:14Z,2026-06-29,747,Manuel Mazza,27,42
2026-07-03T14:30:14Z,2026-06-29,748,P. Delage,,42
2026-07-03T14:30:14Z,2026-06-29,748,Pierre Delage,25,42
2026-07-03T14:30:14Z,2026-06-29,749,W. Leite,,42
2026-07-03T14:30:14Z,2026-06-29,749,Wilson Leite,34,42
2026-07-03T14:30:14Z,2026-06-29,750,M. Bertimon,,42
2026-07-03T14:30:14Z,2026-06-29,750,Maxence Bertimon,26,42
2026-07-03T14:30:14Z,2026-06-29,751,A. Braynin,,42
2026-07-03T14:30:14Z,2026-06-29,751,Aleksandr Braynin,26,42
2026-07-03T14:30:14Z,2026-06-29,752,E. Ejupovic,,41
2026-07-03T14:30:14Z,2026-06-29,752,Elmar Ejupovic,33,41
2026-07-03T14:30:14Z,2026-06-29,753,D. Jade,,41
2026-07-03T14:30:14Z,2026-06-29,753,Daniel Jade,17,41
2026-07-03T14:30:14Z,2026-06-29,754,A. Juan Mano,,41
2026-07-03T14:30:14Z,2026-06-29,754,Alejandro Juan Mano,21,41
2026-07-03T14:30:14Z,2026-06-29,755,R. Fishback,,41
2026-07-03T14:30:14Z,2026-06-29,755,Ryan Fishback,24,41
2026-07-03T14:30:14Z,2026-06-29,756,A. Turriziani Alvarez,,41
2026-07-03T14:30:14Z,2026-06-29,756,Alejandro Turriziani Alvarez,23,41
2026-07-03T14:30:14Z,2026-06-29,757,M. Kuhar,,41
2026-07-03T14:30:14Z,2026-06-29,757,Matt Kuhar,30,41
2026-07-03T14:30:14Z,2026-06-29,758,T. Derepasko,,41
2026-07-03T14:30:14Z,2026-06-29,758,Timofei Derepasko,19,41
2026-07-03T14:30:14Z,2026-06-29,759,J. Charlton,,41
2026-07-03T14:30:14Z,2026-06-29,759,Joshua Charlton,26,41
2026-07-03T14:30:14Z,2026-06-29,760,N. Zanellato,,41
2026-07-03T14:30:14Z,2026-06-29,760,Nicolas Zanellato,24,41
2026-07-03T14:30:14Z,2026-06-29,761,O. Gutierrez,,41
2026-07-03T14:30:14Z,2026-06-29,761,Oscar Jose Gutierrez,33,41
2026-07-03T14:30:14Z,2026-06-29,762,M. Valkusz,,40
2026-07-03T14:30:14Z,2026-06-29,762,Mate Valkusz,27,40
2026-07-03T14:30:14Z,2026-06-29,763,S. Parker,,40
2026-07-03T14:30:14Z,2026-06-29,763,Stuart Parker,28,40
2026-07-03T14:30:14Z,2026-06-29,764,K. Miyoshi,,40
2026-07-03T14:30:14Z,2026-06-29,764,Kenta Miyoshi,22,40
2026-07-03T14:30:14Z,2026-06-29,765,M. Agwi,,40
2026-07-03T14:30:14Z,2026-06-29,765,Michael Agwi,22,40
2026-07-03T14:30:14Z,2026-06-29,766,N. Vylegzhanin,,40
2026-07-03T14:30:14Z,2026-06-29,766,Nikolay Vylegzhanin,26,40
2026-07-03T14:30:14Z,2026-06-29,767,G. Pennaforti,,40
2026-07-03T14:30:14Z,2026-06-29,767,Gabriele Pennaforti,25,40
2026-07-03T14:30:14Z,2026-06-29,768,P. Lagutin,,40
2026-07-03T14:30:14Z,2026-06-29,768,Pavel Lagutin,21,40
2026-07-03T14:30:14Z,2026-06-29,769,R. Matsuda,,40
2026-07-03T14:30:14Z,2026-06-29,769,Ryuki Matsuda,26,40
2026-07-03T14:30:14Z,2026-06-29,770,Y. Milev,,40
2026-07-03T14:30:14Z,2026-06-29,770,Yanaki Milev,22,40
2026-07-03T14:30:14Z,2026-06-29,771,N. Honda,,40
2026-07-03T14:30:14Z,2026-06-29,771,Naoya Honda,20,40
2026-07-03T14:30:14Z,2026-06-29,772,J. Hallquist Lithen,,40
2026-07-03T14:30:14Z,2026-06-29,772,John Hallquist Lithen,24,40
2026-07-03T14:30:14Z,2026-06-29,773,G. Nanda,,39
2026-07-03T14:30:14Z,2026-06-29,773,Govind Nanda,25,39
2026-07-03T14:30:14Z,2026-06-29,774,N. Nakagawa,,39
2026-07-03T14:30:14Z,2026-06-29,774,Naoki Nakagawa,29,39
2026-07-03T14:30:14Z,2026-06-29,775,M. Miladinovic,,39
2026-07-03T14:30:14Z,2026-06-29,775,Marko Miladinovic,25,39
2026-07-03T14:30:14Z,2026-06-29,776,I. Parisca Romera,,39
2026-07-03T14:30:14Z,2026-06-29,776,Ignacio Parisca Romera,20,39
2026-07-03T14:30:14Z,2026-06-29,777,R. Alujas,,39
2026-07-03T14:30:14Z,2026-06-29,777,Rodrigo Alujas,23,39
2026-07-03T14:30:14Z,2026-06-29,778,C. Rolland De Ravel,,38
2026-07-03T14:30:14Z,2026-06-29,778,Cosme Rolland De Ravel,22,38
2026-07-03T14:30:14Z,2026-06-29,779,A. Kachmazov,,38
2026-07-03T14:30:14Z,2026-06-29,779,Alibek Kachmazov,23,38
2026-07-03T14:30:14Z,2026-06-29,780,J. Kovalik,,38
2026-07-03T14:30:14Z,2026-06-29,780,Jozef Kovalik,33,38
2026-07-03T14:30:14Z,2026-06-29,781,P. Maloney,,38
2026-07-03T14:30:14Z,2026-06-29,781,Patrick Maloney,26,38
2026-07-03T14:30:14Z,2026-06-29,782,A. Santamarta Roig,,38
2026-07-03T14:30:14Z,2026-06-29,782,Andres Santamarta Roig,19,38
2026-07-03T14:30:14Z,2026-06-29,783,G. Tanner,,38
2026-07-03T14:30:14Z,2026-06-29,783,Gian Luca Tanner,25,38
2026-07-03T14:30:14Z,2026-06-29,784,J. Pereira,,38
2026-07-03T14:30:14Z,2026-06-29,784,Jose Pereira,35,38
2026-07-03T14:30:14Z,2026-06-29,785,T. Handel,,38
2026-07-03T14:30:14Z,2026-06-29,785,Tim Handel,29,38
2026-07-03T14:30:14Z,2026-06-29,786,E. Ruusuvuori,,37
2026-07-03T14:30:14Z,2026-06-29,786,Emil Ruusuvuori,27,37
2026-07-03T14:30:14Z,2026-06-29,787,P. Bertran,,37
2026-07-03T14:30:14Z,2026-06-29,787,Peter Bertran,30,37
2026-07-03T14:30:14Z,2026-06-29,788,A. Gautier,,37
2026-07-03T14:30:14Z,2026-06-29,788,Alexis Gautier,29,37
2026-07-03T14:30:14Z,2026-06-29,789,M. Antonius,,37
2026-07-03T14:30:14Z,2026-06-29,789,Michael Antonius,16,37
2026-07-03T14:30:14Z,2026-06-29,790,R. Pascual Ferra,,37
2026-07-03T14:30:14Z,2026-06-29,790,Roger Pascual Ferra,20,37
2026-07-03T14:30:14Z,2026-06-29,791,T. Paroulek,,37
2026-07-03T14:30:14Z,2026-06-29,791,Tadeas Paroulek,26,37
2026-07-03T14:30:14Z,2026-06-29,792,M. Ponchet,,37
2026-07-03T14:30:14Z,2026-06-29,792,Matt Ponchet,22,37
2026-07-03T14:30:14Z,2026-06-29,793,A. Arzhankin,,37
2026-07-03T14:30:14Z,2026-06-29,793,Anton Arzhankin,23,37
2026-07-03T14:30:14Z,2026-06-29,794,S. Fukuda,,37
2026-07-03T14:30:14Z,2026-06-29,794,Sora Fukuda,28,37
2026-07-03T14:30:14Z,2026-06-29,795,N. Ionel,,37
2026-07-03T14:30:14Z,2026-06-29,795,Nicholas David Ionel,23,37
2026-07-03T14:30:14Z,2026-06-29,796,T. Ichikawa,,37
2026-07-03T14:30:14Z,2026-06-29,796,Taisei Ichikawa,25,37
2026-07-03T14:30:14Z,2026-06-29,797,A. Johnson,,36
2026-07-03T14:30:14Z,2026-06-29,797,Andrew Johnson,16,36
2026-07-03T14:30:14Z,2026-06-29,798,Y. Kusuhara,,36
2026-07-03T14:30:14Z,2026-06-29,798,Yusuke Kusuhara,28,36
2026-07-03T14:30:14Z,2026-06-29,799,M. Turker,,36
2026-07-03T14:30:14Z,2026-06-29,799,Mert Naci Turker,27,36
2026-07-03T14:30:14Z,2026-06-29,800,F. Juarez,,35
2026-07-03T14:30:14Z,2026-06-29,800,Facundo Juarez,28,35
2026-07-03T14:30:14Z,2026-06-29,801,S. Imai,,35
2026-07-03T14:30:14Z,2026-06-29,801,Shintaro Imai,32,35
2026-07-03T14:30:14Z,2026-06-29,802,P. Rodenas,,35
2026-07-03T14:30:14Z,2026-06-29,802,Pedro Rodenas,22,35
2026-07-03T14:30:14Z,2026-06-29,803,S. Jones,,35
2026-07-03T14:30:14Z,2026-06-29,803,Scott Jones,28,35
2026-07-03T14:30:14Z,2026-06-29,804,G. Shebekin,,35
2026-07-03T14:30:14Z,2026-06-29,804,Grigory Shebekin,21,35
2026-07-03T14:30:14Z,2026-06-29,805,N. Oliveira,,34
2026-07-03T14:30:14Z,2026-06-29,805,Nicolas Oliveira,20,34
2026-07-03T14:30:14Z,2026-06-29,806,D. Novak,,34
2026-07-03T14:30:14Z,2026-06-29,806,Dennis Novak,32,34
2026-07-03T14:30:14Z,2026-06-29,807,F. Meligeni Alves,,34
2026-07-03T14:30:14Z,2026-06-29,807,Felipe Meligeni Alves,28,34
2026-07-03T14:30:14Z,2026-06-29,808,A. Knaff,,34
2026-07-03T14:30:14Z,2026-06-29,808,Alex Knaff,28,34
2026-07-03T14:30:14Z,2026-06-29,809,V. Marysko,,34
2026-07-03T14:30:14Z,2026-06-29,809,Vincent Marysko,20,34
2026-07-03T14:30:14Z,2026-06-29,810,M. Mbithi,,34
2026-07-03T14:30:14Z,2026-06-29,810,Mwendwa Mbithi,28,34
2026-07-03T14:30:14Z,2026-06-29,811,B. Torrealba,,34
2026-07-03T14:30:14Z,2026-06-29,811,Benjamin Torrealba,21,34
2026-07-03T14:30:14Z,2026-06-29,812,F. Murgett,,34
2026-07-03T14:30:14Z,2026-06-29,812,Finn Murgett,24,34
2026-07-03T14:30:14Z,2026-06-29,813,L. Andrade Da Silva,,33
2026-07-03T14:30:14Z,2026-06-29,813,Lucas Andrade Da Silva,21,33
2026-07-03T14:30:14Z,2026-06-29,814,M. Van Der Merwe,,33
2026-07-03T14:30:14Z,2026-06-29,814,Marc Van Der Merwe,31,33
2026-07-03T14:30:14Z,2026-06-29,815,D. Kellovsky,,33
2026-07-03T14:30:14Z,2026-06-29,815,Dominik Kellovsky,29,33
2026-07-03T14:30:14Z,2026-06-29,816,M. Homberg,,33
2026-07-03T14:30:14Z,2026-06-29,816,Maximilian Homberg,23,33
2026-07-03T14:30:14Z,2026-06-29,817,N. Rodrigues,,33
2026-07-03T14:30:14Z,2026-06-29,817,Natan Rodrigues,24,33
2026-07-03T14:30:14Z,2026-06-29,818,A. Mazdrashki,,33
2026-07-03T14:30:14Z,2026-06-29,818,Anas Mazdrashki,20,33
2026-07-03T14:30:14Z,2026-06-29,819,M. Majdandzic,,33
2026-07-03T14:30:14Z,2026-06-29,819,Marc Majdandzic,21,33
2026-07-03T14:30:14Z,2026-06-29,820,D. Salazar,,33
2026-07-03T14:30:14Z,2026-06-29,820,Daniel Salazar,25,33
2026-07-03T14:30:14Z,2026-06-29,821,T. Yamanaka,,33
2026-07-03T14:30:14Z,2026-06-29,821,Taiyo Yamanaka,24,33
2026-07-03T14:30:14Z,2026-06-29,822,N. Slavic,,33
2026-07-03T14:30:14Z,2026-06-29,822,Nikola Slavic,25,33
2026-07-03T14:30:14Z,2026-06-29,823,D. Dinev,,33
2026-07-03T14:30:14Z,2026-06-29,823,Dinko Dinev,22,33
2026-07-03T14:30:14Z,2026-06-29,824,W. Grant,,33
2026-07-03T14:30:14Z,2026-06-29,824,William Grant,25,33
2026-07-03T14:30:14Z,2026-06-29,825,J. Plans,,33
2026-07-03T14:30:14Z,2026-06-29,825,Jorge Plans,24,33
2026-07-03T14:30:14Z,2026-06-29,826,J. Sperle,,33
2026-07-03T14:30:14Z,2026-06-29,826,John Sperle,24,33
2026-07-03T14:30:14Z,2026-06-29,827,D. Cazacu,,33
2026-07-03T14:30:14Z,2026-06-29,827,Dragos Nicolae Cazacu,22,33
2026-07-03T14:30:14Z,2026-06-29,828,A. Dougaz,,32
2026-07-03T14:30:14Z,2026-06-29,828,Aziz Dougaz,29,32
2026-07-03T14:30:14Z,2026-06-29,829,G. Miguel,,32
2026-07-03T14:30:14Z,2026-06-29,829,Guto Miguel,17,32
2026-07-03T14:30:14Z,2026-06-29,830,S. Slump,,32
2026-07-03T14:30:14Z,2026-06-29,830,Stijn Slump,27,32
2026-07-03T14:30:14Z,2026-06-29,831,S. D'Agostino,,32
2026-07-03T14:30:14Z,2026-06-29,831,Stefano D'Agostino,22,32
2026-07-03T14:30:14Z,2026-06-29,832,M. Neuchrist,,32
2026-07-03T14:30:14Z,2026-06-29,832,Maximilian Neuchrist,34,32
2026-07-03T14:30:14Z,2026-06-29,833,N. Jadoun,,32
2026-07-03T14:30:14Z,2026-06-29,833,Nicolas Jadoun,23,32
2026-07-03T14:30:14Z,2026-06-29,834,M. Summers,,32
2026-07-03T14:30:14Z,2026-06-29,834,Matthew Summers,27,32
2026-07-03T14:30:14Z,2026-06-29,835,A. Fiorentini,,32
2026-07-03T14:30:14Z,2026-06-29,835,Andrea Fiorentini,25,32
2026-07-03T14:30:14Z,2026-06-29,836,O. Bonding,,31
2026-07-03T14:30:14Z,2026-06-29,836,Oliver Bonding,19,31
2026-07-03T14:30:14Z,2026-06-29,837,D. Wenger,,31
2026-07-03T14:30:14Z,2026-06-29,837,Damien Wenger,26,31
2026-07-03T14:30:14Z,2026-06-29,838,T. Fancutt,,31
2026-07-03T14:30:14Z,2026-06-29,838,Thomas Fancutt,31,31
2026-07-03T14:30:14Z,2026-06-29,839,P. Basile,,31
2026-07-03T14:30:14Z,2026-06-29,839,Pierluigi Basile,19,31
2026-07-03T14:30:14Z,2026-06-29,840,J. Osorio,,31
2026-07-03T14:30:14Z,2026-06-29,840,Juan Sebastian Osorio,28,31
2026-07-03T14:30:14Z,2026-06-29,841,C. Mueller,,31
2026-07-03T14:30:14Z,2026-06-29,841,Calvin Mueller,26,31
2026-07-03T14:30:14Z,2026-06-29,842,J. Flores,,31
2026-07-03T14:30:14Z,2026-06-29,842,Jesse Flores,31,31
2026-07-03T14:30:14Z,2026-06-29,843,K. Van Wyk,,31
2026-07-03T14:30:14Z,2026-06-29,843,Kris Van Wyk,29,31
2026-07-03T14:30:14Z,2026-06-29,844,T. Cacao,,31
2026-07-03T14:30:14Z,2026-06-29,844,Tiago Cacao,28,31
2026-07-03T14:30:14Z,2026-06-29,845,X. Wang,,31
2026-07-03T14:30:14Z,2026-06-29,845,Xiaofei Wang,23,31
2026-07-03T14:30:14Z,2026-06-29,846,J. Loureiro,,31
2026-07-03T14:30:14Z,2026-06-29,846,Joao Victor Couto Loureiro,23,31
2026-07-03T14:30:14Z,2026-06-29,847,B. Coric,,30
2026-07-03T14:30:14Z,2026-06-29,847,Borna Coric,29,30
2026-07-03T14:30:14Z,2026-06-29,848,W. Shin,,30
2026-07-03T14:30:14Z,2026-06-29,848,Woobin Shin,22,30
2026-07-03T14:30:14Z,2026-06-29,849,F. Corwin,,30
2026-07-03T14:30:14Z,2026-06-29,849,Felix Corwin,30,30
2026-07-03T14:30:14Z,2026-06-29,850,K. De Schepper,,30
2026-07-03T14:30:14Z,2026-06-29,850,Kenny De Schepper,39,30
2026-07-03T14:30:14Z,2026-06-29,851,T. Chanta,,30
2026-07-03T14:30:14Z,2026-06-29,851,Thanapet Chanta,26,30
2026-07-03T14:30:14Z,2026-06-29,852,Miles Jones,25,30
2026-07-03T14:30:14Z,2026-06-29,853,C. Cordoba,,30
2026-07-03T14:30:14Z,2026-06-29,853,Carles Cordoba,20,30
2026-07-03T14:30:14Z,2026-06-29,854,F. Rocha,,30
2026-07-03T14:30:14Z,2026-06-29,854,Francisco Rocha,26,30
2026-07-03T14:30:14Z,2026-06-29,855,M. Zhu,,30
2026-07-03T14:30:14Z,2026-06-29,855,Michael Zhu,33,30
2026-07-03T14:30:14Z,2026-06-29,856,J. Kim,,29
2026-07-03T14:30:14Z,2026-06-29,856,Jangjun Kim,19,29
2026-07-03T14:30:14Z,2026-06-29,857,S. Haita,,29
2026-07-03T14:30:14Z,2026-06-29,857,Stefan Horia Haita,19,29
2026-07-03T14:30:14Z,2026-06-29,858,K. Hance,,29
2026-07-03T14:30:14Z,2026-06-29,858,Keaton Hance,18,29
2026-07-03T14:30:14Z,2026-06-29,859,A. Manzanera Pertusa,,29
2026-07-03T14:30:14Z,2026-06-29,859,Alejandro Manzanera Pertusa,23,29
2026-07-03T14:30:14Z,2026-06-29,860,N. Zamora,,29
2026-07-03T14:30:14Z,2026-06-29,860,Noah Zamora,23,29
2026-07-03T14:30:14Z,2026-06-29,861,J. Filip,,29
2026-07-03T14:30:14Z,2026-06-29,861,Jakub Filip,20,29
2026-07-03T14:30:14Z,2026-06-29,862,A. Raynel,,29
2026-07-03T14:30:14Z,2026-06-29,862,Amaury Raynel,24,29
2026-07-03T14:30:14Z,2026-06-29,863,D. Azoidis,,29
2026-07-03T14:30:14Z,2026-06-29,863,Dimitris Azoidis,25,29
2026-07-03T14:30:14Z,2026-06-29,864,A. Aubriot,,29
2026-07-03T14:30:14Z,2026-06-29,864,Alexandre Aubriot,27,29
2026-07-03T14:30:14Z,2026-06-29,865,C. Hernandez,,29
2026-07-03T14:30:14Z,2026-06-29,865,Carles Hernandez,25,29
2026-07-03T14:30:14Z,2026-06-29,866,K. Ogura,,29
2026-07-03T14:30:14Z,2026-06-29,866,Kosuke Ogura,30,29
2026-07-03T14:30:14Z,2026-06-29,867,N. Moreno De Alboran,,28
2026-07-03T14:30:14Z,2026-06-29,867,Nicolas Moreno De Alboran,28,28
2026-07-03T14:30:14Z,2026-06-29,868,A. Pedrico Kravtsov,,28
2026-07-03T14:30:14Z,2026-06-29,868,Albert Pedrico Kravtsov,21,28
2026-07-03T14:30:14Z,2026-06-29,869,P. Brady,,28
2026-07-03T14:30:14Z,2026-06-29,869,Patrick Brady,21,28
2026-07-03T14:30:14Z,2026-06-29,870,A. Gobat,,28
2026-07-03T14:30:14Z,2026-06-29,870,Adrien Gobat,24,28
2026-07-03T14:30:14Z,2026-06-29,871,A. Forger,,28
2026-07-03T14:30:14Z,2026-06-29,871,Abel Forger,20,28
2026-07-03T14:30:14Z,2026-06-29,872,Y. Zeng,,28
2026-07-03T14:30:14Z,2026-06-29,872,Yaojie Zeng,24,28
2026-07-03T14:30:14Z,2026-06-29,873,G. Noce,,28
2026-07-03T14:30:14Z,2026-06-29,873,Gabriele Maria Noce,30,28
2026-07-03T14:30:14Z,2026-06-29,874,M. Walters,,28
2026-07-03T14:30:14Z,2026-06-29,874,Marcus Walters,28,28
2026-07-03T14:30:14Z,2026-06-29,875,A. Trifi,,28
2026-07-03T14:30:14Z,2026-06-29,875,Alaa Trifi,19,28
2026-07-03T14:30:14Z,2026-06-29,876,E. Couacaud,,27
2026-07-03T14:30:14Z,2026-06-29,876,Enzo Couacaud,31,27
2026-07-03T14:30:14Z,2026-06-29,877,J. Anthrop,,27
2026-07-03T14:30:14Z,2026-06-29,877,Jack Anthrop,22,27
2026-07-03T14:30:14Z,2026-06-29,878,G. Fonio,,27
2026-07-03T14:30:14Z,2026-06-29,878,Giovanni Fonio,28,27
2026-07-03T14:30:14Z,2026-06-29,879,R. Karki,,27
2026-07-03T14:30:14Z,2026-06-29,879,Ronit Karki,18,27
2026-07-03T14:30:14Z,2026-06-29,880,M. Haliak,,27
2026-07-03T14:30:14Z,2026-06-29,880,Mikalai Haliak,27,27
2026-07-03T14:30:14Z,2026-06-29,881,I. Miletich,,27
2026-07-03T14:30:14Z,2026-06-29,881,Iannis Miletich,20,27
2026-07-03T14:30:14Z,2026-06-29,882,P. De Lange,,27
2026-07-03T14:30:14Z,2026-06-29,882,Pieter De Lange,20,27
2026-07-03T14:30:14Z,2026-06-29,883,T. Martinez,,27
2026-07-03T14:30:14Z,2026-06-29,883,Tomas Martinez,22,27
2026-07-03T14:30:14Z,2026-06-29,884,S. Ryan Ziegann,,27
2026-07-03T14:30:14Z,2026-06-29,884,Sam Ryan Ziegann,27,27
2026-07-03T14:30:14Z,2026-06-29,885,M. Hopp,,27
2026-07-03T14:30:14Z,2026-06-29,885,Michel Hopp,27,27
2026-07-03T14:30:14Z,2026-06-29,886,B. Pietri,,27
2026-07-03T14:30:14Z,2026-06-29,886,Benjamin Pietri,29,27
2026-07-03T14:30:14Z,2026-06-29,887,T. Curras Abasolo,,27
2026-07-03T14:30:14Z,2026-06-29,887,Tomas Curras Abasolo,26,27
2026-07-03T14:30:14Z,2026-06-29,888,M. Plunger,,26
2026-07-03T14:30:14Z,2026-06-29,888,Manuel Plunger,23,26
2026-07-03T14:30:14Z,2026-06-29,889,F. Coria,,26
2026-07-03T14:30:14Z,2026-06-29,889,Federico Coria,34,26
2026-07-03T14:30:14Z,2026-06-29,890,E. Van Loben Sels,,26
2026-07-03T14:30:14Z,2026-06-29,890,Emon Van Loben Sels,21,26
2026-07-03T14:30:14Z,2026-06-29,891,J. Von Der Schulenburg,,26
2026-07-03T14:30:14Z,2026-06-29,891,Jeffrey Von Der Schulenburg,24,26
2026-07-03T14:30:14Z,2026-06-29,892,B. Baker,,26
2026-07-03T14:30:14Z,2026-06-29,892,Blu Baker,24,26
2026-07-03T14:30:14Z,2026-06-29,893,S. Price,,26
2026-07-03T14:30:14Z,2026-06-29,893,Salvador Price,21,26
2026-07-03T14:30:14Z,2026-06-29,894,M. Molder,,26
2026-07-03T14:30:14Z,2026-06-29,894,Markus Molder,21,26
2026-07-03T14:30:14Z,2026-06-29,895,D. Rapagnetta,,26
2026-07-03T14:30:14Z,2026-06-29,895,Daniele Rapagnetta,19,26
2026-07-03T14:30:14Z,2026-06-29,896,Y. Lalami,,26
2026-07-03T14:30:14Z,2026-06-29,896,Younes Lalami,25,26
2026-07-03T14:30:14Z,2026-06-29,897,L. Castagnola,,26
2026-07-03T14:30:14Z,2026-06-29,897,Luca Castagnola,24,26
2026-07-03T14:30:14Z,2026-06-29,898,G. Lomakin,,26
2026-07-03T14:30:14Z,2026-06-29,898,Grigoriy Lomakin,28,26
2026-07-03T14:30:14Z,2026-06-29,899,N. Kyrgios,,25
2026-07-03T14:30:14Z,2026-06-29,899,Nick Kyrgios,31,25
2026-07-03T14:30:14Z,2026-06-29,900,J. Ingildsen,,25
2026-07-03T14:30:14Z,2026-06-29,900,Johannes Ingildsen,28,25
2026-07-03T14:30:14Z,2026-06-29,901,L. Miguel,,25
2026-07-03T14:30:14Z,2026-06-29,901,Luis Felipe Miguel,22,25
2026-07-03T14:30:14Z,2026-06-29,902,T. Stringer,,25
2026-07-03T14:30:14Z,2026-06-29,902,Tristan Stringer,20,25
2026-07-03T14:30:14Z,2026-06-29,903,I. Nedelko,,25
2026-07-03T14:30:14Z,2026-06-29,903,Ivan Nedelko,40,25
2026-07-03T14:30:14Z,2026-06-29,904,L. Gagliardo,,25
2026-07-03T14:30:14Z,2026-06-29,904,Lorenzo Gagliardo,26,25
2026-07-03T14:30:14Z,2026-06-29,905,N. Sinha,,25
2026-07-03T14:30:14Z,2026-06-29,905,Nitin Kumar Sinha,27,25
2026-07-03T14:30:14Z,2026-06-29,906,K. Juhas,,25
2026-07-03T14:30:14Z,2026-06-29,906,Kristijan Juhas,25,25
2026-07-03T14:30:14Z,2026-06-29,907,Q. Sun,,25
2026-07-03T14:30:14Z,2026-06-29,907,Qian Sun,24,25
2026-07-03T14:30:14Z,2026-06-29,908,D. Lee,,25
2026-07-03T14:30:14Z,2026-06-29,908,Duckhee Lee,28,25
2026-07-03T14:30:14Z,2026-06-29,909,K. Chopra,,25
2026-07-03T14:30:14Z,2026-06-29,909,Keshav Chopra,24,25
2026-07-03T14:30:14Z,2026-06-29,910,N. Catini,,25
2026-07-03T14:30:14Z,2026-06-29,910,Niccolo Catini,28,25
2026-07-03T14:30:14Z,2026-06-29,911,I. Becroft,,25
2026-07-03T14:30:14Z,2026-06-29,911,Isaac Becroft,25,25
2026-07-03T14:30:14Z,2026-06-29,912,A. Yazdani,,25
2026-07-03T14:30:14Z,2026-06-29,912,Ali Yazdani,22,25
2026-07-03T14:30:14Z,2026-06-29,913,P. Bailly,,24
2026-07-03T14:30:14Z,2026-06-29,913,Pierre Yves Bailly,22,24
2026-07-03T14:30:14Z,2026-06-29,914,L. Gerch,,24
2026-07-03T14:30:14Z,2026-06-29,914,Lucas Gerch,31,24
2026-07-03T14:30:14Z,2026-06-29,915,T. Dean,,24
2026-07-03T14:30:14Z,2026-06-29,915,Theodore Dean,24,24
2026-07-03T14:30:14Z,2026-06-29,916,J. Mackenzie,,24
2026-07-03T14:30:14Z,2026-06-29,916,Jamie Mackenzie,18,24
2026-07-03T14:30:14Z,2026-06-29,917,R. Tabata,,24
2026-07-03T14:30:14Z,2026-06-29,917,Ryo Tabata,18,24
2026-07-03T14:30:14Z,2026-06-29,918,H. Hoeyeraal,,24
2026-07-03T14:30:14Z,2026-06-29,918,Herman Hoeyeraal,24,24
2026-07-03T14:30:14Z,2026-06-29,919,C. Li,,24
2026-07-03T14:30:14Z,2026-06-29,919,Christopher Li,22,24
2026-07-03T14:30:14Z,2026-06-29,920,T. Zeuch,,24
2026-07-03T14:30:14Z,2026-06-29,920,Tom Zeuch,26,24
2026-07-03T14:30:14Z,2026-06-29,921,W. Rejchtman Vinciguerra,,24
2026-07-03T14:30:14Z,2026-06-29,921,William Rejchtman Vinciguerra,19,24
2026-07-03T14:30:14Z,2026-06-29,922,A. De Marchi,,24
2026-07-03T14:30:14Z,2026-06-29,922,Andrea De Marchi,19,24
2026-07-03T14:30:14Z,2026-06-29,923,D. Sarksian,,24
2026-07-03T14:30:14Z,2026-06-29,923,Daniil Sarksian,20,24
2026-07-03T14:30:14Z,2026-06-29,924,M. Shoaib,,23
2026-07-03T14:30:14Z,2026-06-29,924,Muhammad Shoaib,24,23
2026-07-03T14:30:14Z,2026-06-29,925,N. Barrientos,,23
2026-07-03T14:30:14Z,2026-06-29,925,Nicolas Barrientos,39,23
2026-07-03T14:30:14Z,2026-06-29,926,M. Forbes,,23
2026-07-03T14:30:14Z,2026-06-29,926,Matthew Forbes,20,23
2026-07-03T14:30:14Z,2026-06-29,927,T. Kodat,,23
2026-07-03T14:30:14Z,2026-06-29,927,Toby Kodat,23,23
2026-07-03T14:30:14Z,2026-06-29,928,O. Kimhi,,23
2026-07-03T14:30:14Z,2026-06-29,928,Orel Kimhi,22,23
2026-07-03T14:30:14Z,2026-06-29,929,A. Wang,,23
2026-07-03T14:30:14Z,2026-06-29,929,Aoran Wang,29,23
2026-07-03T14:30:14Z,2026-06-29,930,D. Recek,,23
2026-07-03T14:30:14Z,2026-06-29,930,Dominik Recek,31,23
2026-07-03T14:30:14Z,2026-06-29,931,A. Ciric,,23
2026-07-03T14:30:14Z,2026-06-29,931,Aleksa Ciric,26,23
2026-07-03T14:30:14Z,2026-06-29,932,H. Liu,,23
2026-07-03T14:30:14Z,2026-06-29,932,Hanyi Liu,25,23
2026-07-03T14:30:14Z,2026-06-29,933,D. Barreto Sanchez,,23
2026-07-03T14:30:14Z,2026-06-29,933,Diego Augusto Barreto Sanchez,24,23
2026-07-03T14:30:14Z,2026-06-29,934,L. Helguera Casado,,23
2026-07-03T14:30:14Z,2026-06-29,934,Lucca Helguera Casado,20,23
2026-07-03T14:30:14Z,2026-06-29,935,E. Pleshivtsev,,23
2026-07-03T14:30:14Z,2026-06-29,935,Egor Pleshivtsev,19,23
2026-07-03T14:30:14Z,2026-06-29,936,N. Kotzen,,22
2026-07-03T14:30:14Z,2026-06-29,936,Nicolas Ian Kotzen,23,22
2026-07-03T14:30:14Z,2026-06-29,937,C. Sigsgaard,,22
2026-07-03T14:30:14Z,2026-06-29,937,Christian Sigsgaard,29,22
2026-07-03T14:30:14Z,2026-06-29,938,S. Paardekooper,,22
2026-07-03T14:30:14Z,2026-06-29,938,Stijn Paardekooper,22,22
2026-07-03T14:30:14Z,2026-06-29,939,Z. Sesko,,22
2026-07-03T14:30:14Z,2026-06-29,939,Ziga Sesko,17,22
2026-07-03T14:30:14Z,2026-06-29,940,N. Hipfl,,22
2026-07-03T14:30:14Z,2026-06-29,940,Nico Hipfl,20,22
2026-07-03T14:30:14Z,2026-06-29,941,E. Kohlmann De Freitas,,22
2026-07-03T14:30:14Z,2026-06-29,941,Enzo Kohlmann De Freitas,19,22
2026-07-03T14:30:14Z,2026-06-29,942,A. Rai,,22
2026-07-03T14:30:14Z,2026-06-29,942,Ajeet Rai,27,22
2026-07-03T14:30:14Z,2026-06-29,943,B. Atlangeriev,,22
2026-07-03T14:30:14Z,2026-06-29,943,Bekkhan Atlangeriev,25,22
2026-07-03T14:30:14Z,2026-06-29,944,A. Kukasian,,22
2026-07-03T14:30:14Z,2026-06-29,944,Artur Kukasian,22,22
2026-07-03T14:30:14Z,2026-06-29,945,A. Nefve,,22
2026-07-03T14:30:14Z,2026-06-29,945,Axel Nefve,25,22
2026-07-03T14:30:14Z,2026-06-29,946,R. Piatti,,22
2026-07-03T14:30:14Z,2026-06-29,946,Rocco Piatti,21,22
2026-07-03T14:30:14Z,2026-06-29,947,R. Taguchi,,22
2026-07-03T14:30:14Z,2026-06-29,947,Ryotaro Taguchi,25,22
2026-07-03T14:30:14Z,2026-06-29,948,D. Javia,,22
2026-07-03T14:30:14Z,2026-06-29,948,Dev Javia,24,22
2026-07-03T14:30:14Z,2026-06-29,949,L. Larue,,22
2026-07-03T14:30:14Z,2026-06-29,949,Louis Larue,22,22
2026-07-03T14:30:14Z,2026-06-29,950,T. Suksumrarn,,22
2026-07-03T14:30:14Z,2026-06-29,950,Thantub Suksumrarn,25,22
2026-07-03T14:30:14Z,2026-06-29,951,A. Freire Da Silva,,22
2026-07-03T14:30:14Z,2026-06-29,951,Adan Freire Da Silva,27,22
2026-07-03T14:30:14Z,2026-06-29,952,B. George,,22
2026-07-03T14:30:14Z,2026-06-29,952,Benjamin Thomas George,23,22
2026-07-03T14:30:14Z,2026-06-29,953,J. Gschwendtner,,22
2026-07-03T14:30:14Z,2026-06-29,953,Jeremy Gschwendtner,27,22
2026-07-03T14:30:14Z,2026-06-29,954,K. Ibrahim,,22
2026-07-03T14:30:14Z,2026-06-29,954,Karim Ibrahim,22,22
2026-07-03T14:30:14Z,2026-06-29,955,Jesse Delaney,27,22
2026-07-03T14:30:14Z,2026-06-29,956,G. Misasi,,22
2026-07-03T14:30:14Z,2026-06-29,956,Giannicola Misasi,25,22
2026-07-03T14:30:14Z,2026-06-29,957,Z. Ludoski,,21
2026-07-03T14:30:14Z,2026-06-29,957,Zoran Ludoski,21,21
2026-07-03T14:30:14Z,2026-06-29,958,S. Gorzny,,21
2026-07-03T14:30:14Z,2026-06-29,958,Sebastian Gorzny,22,21
2026-07-03T14:30:14Z,2026-06-29,959,T. Lamasine,,21
2026-07-03T14:30:14Z,2026-06-29,959,Tristan Lamasine,33,21
2026-07-03T14:30:14Z,2026-06-29,960,A. Nordquist,,21
2026-07-03T14:30:14Z,2026-06-29,960,Arvid Nordquist,28,21
2026-07-03T14:30:14Z,2026-06-29,961,T. Legout,,21
2026-07-03T14:30:14Z,2026-06-29,961,Timo Legout,24,21
2026-07-03T14:30:14Z,2026-06-29,962,Y. Alexandrescou,,21
2026-07-03T14:30:14Z,2026-06-29,962,Yannick Theodor Alexandrescou,18,21
2026-07-03T14:30:14Z,2026-06-29,963,M. Braswell,,21
2026-07-03T14:30:14Z,2026-06-29,963,Micah Braswell,24,21
2026-07-03T14:30:14Z,2026-06-29,964,S. Nakagawa,,21
2026-07-03T14:30:14Z,2026-06-29,964,Shunsuke Nakagawa,26,21
2026-07-03T14:30:14Z,2026-06-29,965,C. Oh,,21
2026-07-03T14:30:14Z,2026-06-29,965,Chanyeong Oh,28,21
2026-07-03T14:30:14Z,2026-06-29,966,J. Roberts,,21
2026-07-03T14:30:14Z,2026-06-29,966,Justin Roberts,29,21
2026-07-03T14:30:14Z,2026-06-29,967,O. Okonkwo,,21
2026-07-03T14:30:14Z,2026-06-29,967,Oliver Okonkwo,26,21
2026-07-03T14:30:14Z,2026-06-29,968,M. Malaszszak,,21
2026-07-03T14:30:14Z,2026-06-29,968,Markus Malaszszak,21,21
2026-07-03T14:30:14Z,2026-06-29,969,R. Pieleanu,,21
2026-07-03T14:30:14Z,2026-06-29,969,Rares Teodor Pieleanu,19,21
2026-07-03T14:30:14Z,2026-06-29,970,K. Friberg,,21
2026-07-03T14:30:14Z,2026-06-29,970,Karl Friberg,27,21
2026-07-03T14:30:14Z,2026-06-29,971,A. Wazny,,21
2026-07-03T14:30:14Z,2026-06-29,971,Alan Wazny,19,21
2026-07-03T14:30:14Z,2026-06-29,972,N. Ciavarella,,21
2026-07-03T14:30:14Z,2026-06-29,972,Niccolò Ciavarella,22,21
2026-07-03T14:30:14Z,2026-06-29,973,E. Bynoe,,21
2026-07-03T14:30:14Z,2026-06-29,973,Evan Bynoe,27,21
2026-07-03T14:30:14Z,2026-06-29,974,W. Trongcharoenchaikul,,21
2026-07-03T14:30:14Z,2026-06-29,974,Wishaya Trongcharoenchaikul,31,21
2026-07-03T14:30:14Z,2026-06-29,975,P. Inchauspe,,20
2026-07-03T14:30:14Z,2026-06-29,975,Paul Inchauspe,22,20
2026-07-03T14:30:14Z,2026-06-29,976,D. Badenhorst,,20
2026-07-03T14:30:14Z,2026-06-29,976,Devin Badenhorst,22,20
2026-07-03T14:30:14Z,2026-06-29,977,K. Montsi,,20
2026-07-03T14:30:14Z,2026-06-29,977,Khololwam Montsi,23,20
2026-07-03T14:30:14Z,2026-06-29,978,I. Snitari,,20
2026-07-03T14:30:14Z,2026-06-29,978,Ilya Snitari,24,20
2026-07-03T14:30:14Z,2026-06-29,979,G. Brunkow,,20
2026-07-03T14:30:14Z,2026-06-29,979,Gianluca Brunkow,23,20
2026-07-03T14:30:14Z,2026-06-29,980,T. Al Azmeh,,20
2026-07-03T14:30:14Z,2026-06-29,980,Taym Al Azmeh,22,20
2026-07-03T14:30:14Z,2026-06-29,981,I. Vasa,,20
2026-07-03T14:30:14Z,2026-06-29,981,Iiro Vasa,23,20
2026-07-03T14:30:14Z,2026-06-29,982,K. Szymkowiak,,20
2026-07-03T14:30:14Z,2026-06-29,982,Kacper Szymkowiak,21,20
2026-07-03T14:30:14Z,2026-06-29,983,S. Stankovic,,20
2026-07-03T14:30:14Z,2026-06-29,983,Simeon Stankovic,19,20
2026-07-03T14:30:14Z,2026-06-29,984,L. Preda,,20
2026-07-03T14:30:14Z,2026-06-29,984,Luca Preda,20,20
2026-07-03T14:30:14Z,2026-06-29,985,B. Malla,,20
2026-07-03T14:30:14Z,2026-06-29,985,Bastian Malla,29,20
2026-07-03T14:30:14Z,2026-06-29,986,R. Guna,,20
2026-07-03T14:30:14Z,2026-06-29,986,Robert Guna,20,20
2026-07-03T14:30:14Z,2026-06-29,987,A. Funk,,20
2026-07-03T14:30:14Z,2026-06-29,987,Aaron Funk,20,20
2026-07-03T14:30:14Z,2026-06-29,988,G. Perego,,20
2026-07-03T14:30:14Z,2026-06-29,988,Giulio Perego,23,20
2026-07-03T14:30:14Z,2026-06-29,989,M. Mecarelli,,20
2026-07-03T14:30:14Z,2026-06-29,989,Michele Mecarelli,19,20
2026-07-03T14:30:14Z,2026-06-29,990,M. Maksimovic,,20
2026-07-03T14:30:14Z,2026-06-29,990,Marko Maksimovic,20,20
2026-07-03T14:30:14Z,2026-06-29,991,L. Rottoli,,20
2026-07-03T14:30:14Z,2026-06-29,991,Lorenzo Rottoli,24,20
2026-07-03T14:30:14Z,2026-06-29,992,A. Vishal Balsekar,,20
2026-07-03T14:30:14Z,2026-06-29,992,Aditya Vishal Balsekar,23,20
2026-07-03T14:30:14Z,2026-06-29,993,D. Eichenseher,,20
2026-07-03T14:30:14Z,2026-06-29,993,David Eichenseher,20,20
2026-07-03T14:30:14Z,2026-06-29,994,Y. Tomida,,20
2026-07-03T14:30:14Z,2026-06-29,994,Yuta Tomida,19,20
2026-07-03T14:30:14Z,2026-06-29,995,F. Tenti,,20
2026-07-03T14:30:14Z,2026-06-29,995,Fermin Tenti,29,20
2026-07-03T14:30:14Z,2026-06-29,996,K. Yilmaz,,20
2026-07-03T14:30:14Z,2026-06-29,996,Kerem Yilmaz,19,20
2026-07-03T14:30:14Z,2026-06-29,997,N. Schell,,20
2026-07-03T14:30:14Z,2026-06-29,997,Niklas Schell,27,20
2026-07-03T14:30:14Z,2026-06-29,998,V. Iakubenko,,20
2026-07-03T14:30:14Z,2026-06-29,998,Volodymyr Iakubenko,20,20
2026-07-03T14:30:14Z,2026-06-29,999,L. Pow,,19
2026-07-03T14:30:14Z,2026-06-29,999,Luca Pow,21,19
2026-07-03T14:30:14Z,2026-06-29,1000,J. Guilleme,,19
2026-07-03T14:30:14Z,2026-06-29,1000,Joaquin Guilleme,20,19
2026-07-03T14:30:14Z,2026-06-29,1001,C. Robertson,,19
2026-07-03T14:30:14Z,2026-06-29,1001,Charlie Robertson,19,19
2026-07-03T14:30:14Z,2026-06-29,1002,L. Falabella,,19
2026-07-03T14:30:14Z,2026-06-29,1002,Lautaro Agustin Falabella,28,19
2026-07-03T14:30:14Z,2026-06-29,1003,P. Buldorini,,19
2026-07-03T14:30:14Z,2026-06-29,1003,Peter Buldorini,21,19
2026-07-03T14:30:14Z,2026-06-29,1004,M. Exsted,,19
2026-07-03T14:30:14Z,2026-06-29,1004,Maxwell Exsted,19,19
2026-07-03T14:30:14Z,2026-06-29,1005,N. Schachter,,19
2026-07-03T14:30:14Z,2026-06-29,1005,Noah Schachter,26,19
2026-07-03T14:30:14Z,2026-06-29,1006,R. Te,,19
2026-07-03T14:30:14Z,2026-06-29,1006,Rigele Te,28,19
2026-07-03T14:30:14Z,2026-06-29,1007,J. Cundom,,19
2026-07-03T14:30:14Z,2026-06-29,1007,Julian Cundom,25,19
2026-07-03T14:30:14Z,2026-06-29,1008,P. Tsitsipas,,19
2026-07-03T14:30:14Z,2026-06-29,1008,Petros Tsitsipas,25,19
2026-07-03T14:30:14Z,2026-06-29,1009,N. Ianin,,19
2026-07-03T14:30:14Z,2026-06-29,1009,Nikita Ianin,24,19
2026-07-03T14:30:14Z,2026-06-29,1010,S. Zick,,19
2026-07-03T14:30:14Z,2026-06-29,1010,Sydney Zick,19,19
2026-07-03T14:30:14Z,2026-06-29,1011,E. Monferrer,,19
2026-07-03T14:30:14Z,2026-06-29,1011,Ezequiel Monferrer,23,19
2026-07-03T14:30:14Z,2026-06-29,1012,R. Tosetto,,19
2026-07-03T14:30:14Z,2026-06-29,1012,Rafael Tosetto,27,19
2026-07-03T14:30:14Z,2026-06-29,1013,K. Tyagi,,18
2026-07-03T14:30:14Z,2026-06-29,1013,Kriish Tyagi,19,18
2026-07-03T14:30:14Z,2026-06-29,1014,R. Berankis,,18
2026-07-03T14:30:14Z,2026-06-29,1014,Ricardas Berankis,36,18
2026-07-03T14:30:14Z,2026-06-29,1015,N. Koizumi,,18
2026-07-03T14:30:14Z,2026-06-29,1015,Noritaka Koizumi,23,18
2026-07-03T14:30:14Z,2026-06-29,1016,K. Sell,,18
2026-07-03T14:30:14Z,2026-06-29,1016,Karue Sell,32,18
2026-07-03T14:30:14Z,2026-06-29,1017,F. Pieczonka,,18
2026-07-03T14:30:14Z,2026-06-29,1017,Filip Pieczonka,22,18
2026-07-03T14:30:14Z,2026-06-29,1018,J. Nam,,18
2026-07-03T14:30:14Z,2026-06-29,1018,JiSung Nam,32,18
2026-07-03T14:30:14Z,2026-06-29,1019,D. Rolland,,18
2026-07-03T14:30:14Z,2026-06-29,1019,Dominique Rolland,21,18
2026-07-03T14:30:14Z,2026-06-29,1020T,A. Kuperstein,,18
2026-07-03T14:30:14Z,2026-06-29,1020T,D. Pagani,,18
2026-07-03T14:30:14Z,2026-06-29,1020T,Alex Kuperstein,27,18
2026-07-03T14:30:14Z,2026-06-29,1020T,Dante Pagani,17,18
2026-07-03T14:30:14Z,2026-06-29,1022,D. Sumizawa,,18
2026-07-03T14:30:14Z,2026-06-29,1022,Daisuke Sumizawa,27,18
2026-07-03T14:30:14Z,2026-06-29,1023,A. Garcian,,18
2026-07-03T14:30:14Z,2026-06-29,1023,Axel Garcian,24,18
2026-07-03T14:30:14Z,2026-06-29,1024,P. Araujo,,18
2026-07-03T14:30:14Z,2026-06-29,1024,Pedro Araujo,24,18
2026-07-03T14:30:14Z,2026-06-29,1025,J. Yamasaki,,18
2026-07-03T14:30:14Z,2026-06-29,1025,Jumpei Yamasaki,28,18
2026-07-03T14:30:14Z,2026-06-29,1026,E. Philippov,,18
2026-07-03T14:30:14Z,2026-06-29,1026,Evgeny Philippov,24,18
2026-07-03T14:30:14Z,2026-06-29,1027,C. Gannon,,18
2026-07-03T14:30:14Z,2026-06-29,1027,Conor Gannon,24,18
2026-07-03T14:30:14Z,2026-06-29,1028,L. Xiao,,18
2026-07-03T14:30:14Z,2026-06-29,1028,Linang Xiao,26,18
2026-07-03T14:30:14Z,2026-06-29,1029,V. Gogineni,,17
2026-07-03T14:30:14Z,2026-06-29,1029,Vignesh Gogineni,22,17
2026-07-03T14:30:14Z,2026-06-29,1030,A. Reymond,,17
2026-07-03T14:30:14Z,2026-06-29,1030,Arthur Reymond,27,17
2026-07-03T14:30:14Z,2026-06-29,1031,B. Vilicich,,17
2026-07-03T14:30:14Z,2026-06-29,1031,Bautista Vilicich,24,17
2026-07-03T14:30:14Z,2026-06-29,1032,R. Hohmann,,17
2026-07-03T14:30:14Z,2026-06-29,1032,Ronald Hohmann,24,17
2026-07-03T14:30:14Z,2026-06-29,1033,N. Djosic,,17
2026-07-03T14:30:14Z,2026-06-29,1033,Nikola Djosic,18,17
2026-07-03T14:30:14Z,2026-06-29,1034,Z. Stephens,,17
2026-07-03T14:30:14Z,2026-06-29,1034,Zach Stephens,20,17
2026-07-03T14:30:14Z,2026-06-29,1035,M. Kaouk,,17
2026-07-03T14:30:14Z,2026-06-29,1035,Mickael Kaouk,17,17
2026-07-03T14:30:14Z,2026-06-29,1036,J. Scramin Do Lago,,17
2026-07-03T14:30:14Z,2026-06-29,1036,Joao Vitor Scramin Do Lago,20,17
2026-07-03T14:30:14Z,2026-06-29,1037,A. Jeran,,17
2026-07-03T14:30:14Z,2026-06-29,1037,Aljaz Jeran,22,17
2026-07-03T14:30:14Z,2026-06-29,1038,V. Frydrych,,17
2026-07-03T14:30:14Z,2026-06-29,1038,Viktor Frydrych,20,17
2026-07-03T14:30:14Z,2026-06-29,1039,S. Vujic,,17
2026-07-03T14:30:14Z,2026-06-29,1039,Stefan Vujic,28,17
2026-07-03T14:30:14Z,2026-06-29,1040,Pavlos Tsitsipas,20,17
2026-07-03T14:30:14Z,2026-06-29,1041,M. Marinescu,,17
2026-07-03T14:30:14Z,2026-06-29,1041,Mihai Razvan Marinescu,24,17
2026-07-03T14:30:14Z,2026-06-29,1042,A. Ramos-Vinolas,,16
2026-07-03T14:30:14Z,2026-06-29,1042,Albert Ramos-Vinolas,38,16
2026-07-03T14:30:14Z,2026-06-29,1043,A. Delgado,,16
2026-07-03T14:30:14Z,2026-06-29,1043,Andrew Delgado,21,16
2026-07-03T14:30:14Z,2026-06-29,1044,J. Cesar Porras,,16
2026-07-03T14:30:14Z,2026-06-29,1044,Julio Cesar Porras,28,16
2026-07-03T14:30:14Z,2026-06-29,1045,E. Gerasimov,,16
2026-07-03T14:30:14Z,2026-06-29,1045,Egor Gerasimov,33,16
2026-07-03T14:30:14Z,2026-06-29,1046,Y. Chung,,16
2026-07-03T14:30:14Z,2026-06-29,1046,Yun seong Chung,28,16
2026-07-03T14:30:14Z,2026-06-29,1047,V. Lilov,,16
2026-07-03T14:30:14Z,2026-06-29,1047,Victor Lilov,22,16
2026-07-03T14:30:14Z,2026-06-29,1048,G. Kim,,16
2026-07-03T14:30:14Z,2026-06-29,1048,Geun Jun Kim,24,16
2026-07-03T14:30:14Z,2026-06-29,1049,Y. Chen,,16
2026-07-03T14:30:14Z,2026-06-29,1049,Yan Cheng Chen,24,16
2026-07-03T14:30:14Z,2026-06-29,1050,V. Basel,,16
2026-07-03T14:30:14Z,2026-06-29,1050,Valentin Basel,22,16
2026-07-03T14:30:14Z,2026-06-29,1051,T. Longwe-Smit,,16
2026-07-03T14:30:14Z,2026-06-29,1051,Thando Longwe-Smit,25,16
2026-07-03T14:30:14Z,2026-06-29,1052,R. Tiukaev,,16
2026-07-03T14:30:14Z,2026-06-29,1052,Ruslan Tiukaev,21,16
2026-07-03T14:30:14Z,2026-06-29,1053,J. Brumm,,16
2026-07-03T14:30:14Z,2026-06-29,1053,Jacob Brumm,27,16
2026-07-03T14:30:14Z,2026-06-29,1054,M. Del Pino,,16
2026-07-03T14:30:14Z,2026-06-29,1054,Mateo Del Pino,23,16
2026-07-03T14:30:14Z,2026-06-29,1055,D. Fernandez Flores,,16
2026-07-03T14:30:14Z,2026-06-29,1055,Diego Fernandez Flores,25,16
2026-07-03T14:30:14Z,2026-06-29,1056,A. Alhogbani,,16
2026-07-03T14:30:14Z,2026-06-29,1056,Ammar Alhogbani,27,16
2026-07-03T14:30:14Z,2026-06-29,1057,P. Marino,,16
2026-07-03T14:30:14Z,2026-06-29,1057,Pietro Marino,25,16
2026-07-03T14:30:14Z,2026-06-29,1058,N. Bruna,,16
2026-07-03T14:30:14Z,2026-06-29,1058,Nicolas Bruna,27,16
2026-07-03T14:30:14Z,2026-06-29,1059,N. Ifi,,16
2026-07-03T14:30:14Z,2026-06-29,1059,Nicolas Ifi,28,16
2026-07-03T14:30:14Z,2026-06-29,1060,J. Bilardo,,16
2026-07-03T14:30:14Z,2026-06-29,1060,Jacopo Bilardo,21,16
2026-07-03T14:30:14Z,2026-06-29,1061,J. de Almeida,,15
2026-07-03T14:30:14Z,2026-06-29,1061,Joaquim de Almeida,24,15
2026-07-03T14:30:14Z,2026-06-29,1062,D. Pichler,,15
2026-07-03T14:30:14Z,2026-06-29,1062,David Pichler,30,15
2026-07-03T14:30:14Z,2026-06-29,1063,O. Luz,,15
2026-07-03T14:30:14Z,2026-06-29,1063,Orlando Luz,28,15
2026-07-03T14:30:14Z,2026-06-29,1064,P. Perez Ramos,,15
2026-07-03T14:30:14Z,2026-06-29,1064,Pablo Perez Ramos,23,15
2026-07-03T14:30:14Z,2026-06-29,1065,B. Winter Lopez,,15
2026-07-03T14:30:14Z,2026-06-29,1065,Benjamin Winter Lopez,28,15
2026-07-03T14:30:14Z,2026-06-29,1066,A. Reco,,15
2026-07-03T14:30:14Z,2026-06-29,1066,Alexandre Reco,27,15
2026-07-03T14:30:14Z,2026-06-29,1067,F. Bass,,15
2026-07-03T14:30:14Z,2026-06-29,1067,Finn Bass,26,15
2026-07-03T14:30:14Z,2026-06-29,1068,A. Klintcharov,,15
2026-07-03T14:30:14Z,2026-06-29,1068,Alexander Klintcharov,29,15
2026-07-03T14:30:14Z,2026-06-29,1069,J. Lien,,15
2026-07-03T14:30:14Z,2026-06-29,1069,Johan Oscar Lien,18,15
2026-07-03T14:30:14Z,2026-06-29,1070,E. Wallart,,15
2026-07-03T14:30:14Z,2026-06-29,1070,Enzo Wallart,29,15
2026-07-03T14:30:14Z,2026-06-29,1071,J. Schlageter,,15
2026-07-03T14:30:14Z,2026-06-29,1071,Justin Schlageter,25,15
2026-07-03T14:30:14Z,2026-06-29,1072,C. Papa,,15
2026-07-03T14:30:14Z,2026-06-29,1072,Christopher Papa,25,15
2026-07-03T14:30:14Z,2026-06-29,1073,F. Van Sambeek,,15
2026-07-03T14:30:14Z,2026-06-29,1073,Fons Van Sambeek,24,15
2026-07-03T14:30:14Z,2026-06-29,1074,D. Markovina,,15
2026-07-03T14:30:14Z,2026-06-29,1074,Duje Markovina,18,15
2026-07-03T14:30:14Z,2026-06-29,1075,H. Naw,,15
2026-07-03T14:30:14Z,2026-06-29,1075,Hazem Naw,26,15
2026-07-03T14:30:14Z,2026-06-29,1076T,A. Colombo,,15
2026-07-03T14:30:14Z,2026-06-29,1076T,C. Dong,,15
2026-07-03T14:30:14Z,2026-06-29,1076T,Andrea Colombo,23,15
2026-07-03T14:30:14Z,2026-06-29,1076T,Chen Dong,23,15
2026-07-03T14:30:14Z,2026-06-29,1078,N. Garcia Longo,,15
2026-07-03T14:30:14Z,2026-06-29,1078,Nicolas Garcia Longo,21,15
2026-07-03T14:30:14Z,2026-06-29,1079,B. Suarez,,15
2026-07-03T14:30:14Z,2026-06-29,1079,Billy Suarez,24,15
2026-07-03T14:30:14Z,2026-06-29,1080,M. Makhlouf,,15
2026-07-03T14:30:14Z,2026-06-29,1080,Mohamed Nazim Makhlouf,29,15
2026-07-03T14:30:14Z,2026-06-29,1081,O. Otte,,14
2026-07-03T14:30:14Z,2026-06-29,1081,Oscar Otte,32,14
2026-07-03T14:30:14Z,2026-06-29,1082,T. Hilderbrand,,14
2026-07-03T14:30:14Z,2026-06-29,1082,Trey Hilderbrand,26,14
2026-07-03T14:30:14Z,2026-06-29,1083,S. Reveniau,,14
2026-07-03T14:30:14Z,2026-06-29,1083,Simon Reveniau,28,14
2026-07-03T14:30:14Z,2026-06-29,1084,K. Tamm,,14
2026-07-03T14:30:14Z,2026-06-29,1084,Kristjan Tamm,28,14
2026-07-03T14:30:14Z,2026-06-29,1085,Z. Tkemaladze,,14
2026-07-03T14:30:14Z,2026-06-29,1085,Zura Tkemaladze,26,14
2026-07-03T14:30:14Z,2026-06-29,1086,D. Petak,,14
2026-07-03T14:30:14Z,2026-06-29,1086,Denis Petak,19,14
2026-07-03T14:30:14Z,2026-06-29,1087,M. Scaglia,,14
2026-07-03T14:30:14Z,2026-06-29,1087,Mathieu Scaglia,27,14
2026-07-03T14:30:14Z,2026-06-29,1088,H. Koyama,,14
2026-07-03T14:30:14Z,2026-06-29,1088,Hiromasa Koyama,18,14
2026-07-03T14:30:14Z,2026-06-29,1089,D. Uta,,14
2026-07-03T14:30:14Z,2026-06-29,1089,Daniel Uta,19,14
2026-07-03T14:30:14Z,2026-06-29,1090,V. Melnic,,14
2026-07-03T14:30:14Z,2026-06-29,1090,Vladislav Melnic,27,14
2026-07-03T14:30:14Z,2026-06-29,1091,B. Bozemoj,,14
2026-07-03T14:30:14Z,2026-06-29,1091,Brian Bozemoj,22,14
2026-07-03T14:30:14Z,2026-06-29,1092,J. Goncalves Ceolin,,14
2026-07-03T14:30:14Z,2026-06-29,1092,Joao Vitor Goncalves Ceolin,27,14
2026-07-03T14:30:14Z,2026-06-29,1093,J. Schifris,,14
2026-07-03T14:30:14Z,2026-06-29,1093,Jeremy Schifris,24,14
2026-07-03T14:30:14Z,2026-06-29,1094,F. Meng,,14
2026-07-03T14:30:14Z,2026-06-29,1094,Fanming Meng,18,14
2026-07-03T14:30:14Z,2026-06-29,1095,Y. Oki,,14
2026-07-03T14:30:14Z,2026-06-29,1095,Yuto Oki,20,14
2026-07-03T14:30:14Z,2026-06-29,1096,A. Habib,,14
2026-07-03T14:30:14Z,2026-06-29,1096,Ali Habib,23,14
2026-07-03T14:30:14Z,2026-06-29,1097,C. Djonov,,14
2026-07-03T14:30:14Z,2026-06-29,1097,Christian Djonov,26,14
2026-07-03T14:30:14Z,2026-06-29,1098,M. Anavatan,,14
2026-07-03T14:30:14Z,2026-06-29,1098,Melih Anavatan,20,14
2026-07-03T14:30:14Z,2026-06-29,1099,V. Remondy Pagotto,,14
2026-07-03T14:30:14Z,2026-06-29,1099,Victor Hugo Remondy Pagotto,21,14
2026-07-03T14:30:14Z,2026-06-29,1100,B. O'Connell,,14
2026-07-03T14:30:14Z,2026-06-29,1100,Benjamin O'Connell,27,14
2026-07-03T14:30:14Z,2026-06-29,1101,K. Pearson,,13
2026-07-03T14:30:14Z,2026-06-29,1101,Kody Pearson,26,13
2026-07-03T14:30:14Z,2026-06-29,1102,O. Ojakaar,,13
2026-07-03T14:30:14Z,2026-06-29,1102,Oliver Ojakaar,21,13
2026-07-03T14:30:14Z,2026-06-29,1103,K. Rice,,13
2026-07-03T14:30:14Z,2026-06-29,1103,Keegan Rice,20,13
2026-07-03T14:30:14Z,2026-06-29,1104,A. Hayen,,13
2026-07-03T14:30:14Z,2026-06-29,1104,Alejandro Hayen,28,13
2026-07-03T14:30:14Z,2026-06-29,1105T,S. Choo,,13
2026-07-03T14:30:14Z,2026-06-29,1105T,J. De Loore,,13
2026-07-03T14:30:14Z,2026-06-29,1105T,Suk Hyun Choo,25,13
2026-07-03T14:30:14Z,2026-06-29,1105T,Joris De Loore,33,13
2026-07-03T14:30:14Z,2026-06-29,1107,J. Jung,,13
2026-07-03T14:30:14Z,2026-06-29,1107,Jason Jung,37,13
2026-07-03T14:30:14Z,2026-06-29,1108,J. Opitz,,13
2026-07-03T14:30:14Z,2026-06-29,1108,Jannik Opitz,28,13
2026-07-03T14:30:14Z,2026-06-29,1109,V. Jankanj,,13
2026-07-03T14:30:14Z,2026-06-29,1109,Vlado Jankanj,19,13
2026-07-03T14:30:14Z,2026-06-29,1110,M. Kesharwani,,13
2026-07-03T14:30:14Z,2026-06-29,1110,Maan Kesharwani,25,13
2026-07-03T14:30:14Z,2026-06-29,1111,S. Matsuoka,,13
2026-07-03T14:30:14Z,2026-06-29,1111,Shu Matsuoka,22,13
2026-07-03T14:30:14Z,2026-06-29,1112,K. Kirci,,13
2026-07-03T14:30:14Z,2026-06-29,1112,Koray Kirci,27,13
2026-07-03T14:30:14Z,2026-06-29,1113,L. Mcfadzean,,13
2026-07-03T14:30:14Z,2026-06-29,1113,Lachlan James Mcfadzean,19,13
2026-07-03T14:30:14Z,2026-06-29,1114,M. Serafini,,13
2026-07-03T14:30:14Z,2026-06-29,1114,Marcello Serafini,23,13
2026-07-03T14:30:14Z,2026-06-29,1115,R. De Alba,,13
2026-07-03T14:30:14Z,2026-06-29,1115,Rafael De Alba,24,13
2026-07-03T14:30:14Z,2026-06-29,1116,J. Van Herzeele,,13
2026-07-03T14:30:14Z,2026-06-29,1116,James Van Herzeele,23,13
2026-07-03T14:30:14Z,2026-06-29,1117,G. Crisostomo,,13
2026-07-03T14:30:14Z,2026-06-29,1117,Giacomo Crisostomo,22,13
2026-07-03T14:30:14Z,2026-06-29,1118,D. Marques,,13
2026-07-03T14:30:14Z,2026-06-29,1118,Diogo Marques,26,13
2026-07-03T14:30:14Z,2026-06-29,1119,S. Cho,,13
2026-07-03T14:30:14Z,2026-06-29,1119,Seongwoo Cho,28,13
2026-07-03T14:30:14Z,2026-06-29,1120,P. Scomparin,,13
2026-07-03T14:30:14Z,2026-06-29,1120,Pietro Romeo Scomparin,25,13
2026-07-03T14:30:14Z,2026-06-29,1121,E. Camargo Lima,,13
2026-07-03T14:30:14Z,2026-06-29,1121,Enzo Camargo Lima,22,13
2026-07-03T14:30:14Z,2026-06-29,1122,L. Lorusso,,13
2026-07-03T14:30:14Z,2026-06-29,1122,Lorenzo Lorusso,26,13
2026-07-03T14:30:14Z,2026-06-29,1123,S. Ivanov,,13
2026-07-03T14:30:14Z,2026-06-29,1123,Saveliy Ivanov,21,13
2026-07-03T14:30:14Z,2026-06-29,1124,B. Sanchez Martinez,,12
2026-07-03T14:30:14Z,2026-06-29,1124,Benito Sanchez Martinez,24,12
2026-07-03T14:30:14Z,2026-06-29,1125,M. Ponce De Leon Gomila,,12
2026-07-03T14:30:14Z,2026-06-29,1125,Matias Ponce De Leon Gomila,23,12
2026-07-03T14:30:14Z,2026-06-29,1126,H. Car,,12
2026-07-03T14:30:14Z,2026-06-29,1126,Hugo Car,23,12
2026-07-03T14:30:14Z,2026-06-29,1127,L. Koenig,,12
2026-07-03T14:30:14Z,2026-06-29,1127,Luc Koenig,22,12
2026-07-03T14:30:14Z,2026-06-29,1128,J. Roddick,,12
2026-07-03T14:30:14Z,2026-06-29,1128,Jerry Roddick,24,12
2026-07-03T14:30:14Z,2026-06-29,1129,G. Brouwer,,12
2026-07-03T14:30:14Z,2026-06-29,1129,Gijs Brouwer,30,12
2026-07-03T14:30:14Z,2026-06-29,1130,R. Mehra,,12
2026-07-03T14:30:14Z,2026-06-29,1130,Rohan Mehra,24,12
2026-07-03T14:30:14Z,2026-06-29,1131,J. Alonso Jr,,12
2026-07-03T14:30:14Z,2026-06-29,1131,Julian Alonso Jr,21,12
2026-07-03T14:30:14Z,2026-06-29,1132,E. Sanogo,,12
2026-07-03T14:30:14Z,2026-06-29,1132,Elijah Sanogo,17,12
2026-07-03T14:30:14Z,2026-06-29,1133,A. Andreev,,12
2026-07-03T14:30:14Z,2026-06-29,1133,Adrian Andreev,25,12
2026-07-03T14:30:14Z,2026-06-29,1134,T. Pernas,,12
2026-07-03T14:30:14Z,2026-06-29,1134,Thiago Agustin Pernas,25,12
2026-07-03T14:30:14Z,2026-06-29,1135,A. Kotzen,,12
2026-07-03T14:30:14Z,2026-06-29,1135,Alexander Kotzen,25,12
2026-07-03T14:30:14Z,2026-06-29,1136,S. Seifert,,12
2026-07-03T14:30:14Z,2026-06-29,1136,Stefan Seifert,41,12
2026-07-03T14:30:14Z,2026-06-29,1137,G. Lazarov,,12
2026-07-03T14:30:14Z,2026-06-29,1137,George Lazarov,21,12
2026-07-03T14:30:14Z,2026-06-29,1138,E. Khoeblal,,12
2026-07-03T14:30:14Z,2026-06-29,1138,Elgin Khoeblal,24,12
2026-07-03T14:30:14Z,2026-06-29,1139,M. Rivet,,12
2026-07-03T14:30:14Z,2026-06-29,1139,Maxence Rivet,22,12
2026-07-03T14:30:14Z,2026-06-29,1140,R. Valente,,12
2026-07-03T14:30:14Z,2026-06-29,1140,Rocco Valente,21,12
2026-07-03T14:30:14Z,2026-06-29,1141,J. Wendler Filho,,12
2026-07-03T14:30:14Z,2026-06-29,1141,Jefferson Wendler Filho,30,12
2026-07-03T14:30:14Z,2026-06-29,1142,M. Ochi,,12
2026-07-03T14:30:14Z,2026-06-29,1142,Makoto Ochi,30,12
2026-07-03T14:30:14Z,2026-06-29,1143,M. Figl,,12
2026-07-03T14:30:14Z,2026-06-29,1143,Maximilian Figl,22,12
2026-07-03T14:30:14Z,2026-06-29,1144,L. Rivera,,12
2026-07-03T14:30:14Z,2026-06-29,1144,Leyton Rivera,24,12
2026-07-03T14:30:14Z,2026-06-29,1145,Bryce Nakashima,22,11
2026-07-03T14:30:14Z,2026-06-29,1146,D. Mosejczuk,,11
2026-07-03T14:30:14Z,2026-06-29,1146,Dominick Mosejczuk,19,11
2026-07-03T14:30:14Z,2026-06-29,1147,C. Woestendick,,11
2026-07-03T14:30:14Z,2026-06-29,1147,Cooper Woestendick,19,11
2026-07-03T14:30:14Z,2026-06-29,1148,K. Ivanovski,,11
2026-07-03T14:30:14Z,2026-06-29,1148,Kalin Ivanovski,22,11
2026-07-03T14:30:14Z,2026-06-29,1149,Y. Jang,,11
2026-07-03T14:30:14Z,2026-06-29,1149,Yunseok Jang,23,11
2026-07-03T14:30:14Z,2026-06-29,1150,A. Tudorica,,11
2026-07-03T14:30:14Z,2026-06-29,1150,Alvin Nicholas Tudorica,24,11
2026-07-03T14:30:14Z,2026-06-29,1151,A. Jilly,,11
2026-07-03T14:30:14Z,2026-06-29,1151,Adam Jilly,19,11
2026-07-03T14:30:14Z,2026-06-29,1152,E. cherie Ligniere,,11
2026-07-03T14:30:14Z,2026-06-29,1152,Edoardo cherie Ligniere,22,11
2026-07-03T14:30:14Z,2026-06-29,1153,C. Thomson,,11
2026-07-03T14:30:14Z,2026-06-29,1153,Connor Thomson,25,11
2026-07-03T14:30:14Z,2026-06-29,1154,M. Hulme,,11
2026-07-03T14:30:14Z,2026-06-29,1154,Matt Hulme,27,11
2026-07-03T14:30:14Z,2026-06-29,1155,F. Aguilar Cardozo,,11
2026-07-03T14:30:14Z,2026-06-29,1155,Federico Aguilar Cardozo,21,11
2026-07-03T14:30:14Z,2026-06-29,1156,M. Bondaz,,11
2026-07-03T14:30:14Z,2026-06-29,1156,Mathis Bondaz,24,11
2026-07-03T14:30:14Z,2026-06-29,1157,L. Gavrielides,,11
2026-07-03T14:30:14Z,2026-06-29,1157,Liam Gavrielides,22,11
2026-07-03T14:30:14Z,2026-06-29,1158,D. Kakhniuk,,11
2026-07-03T14:30:14Z,2026-06-29,1158,Daniil Kakhniuk,23,11
2026-07-03T14:30:14Z,2026-06-29,1159,V. Markov,,11
2026-07-03T14:30:14Z,2026-06-29,1159,Viktor Markov,21,11
2026-07-03T14:30:14Z,2026-06-29,1160,H. Jones,,11
2026-07-03T14:30:14Z,2026-06-29,1160,Hayden Jones,19,11
2026-07-03T14:30:14Z,2026-06-29,1161,L. Malgaroli,,11
2026-07-03T14:30:14Z,2026-06-29,1161,Leonardo Malgaroli,23,11
2026-07-03T14:30:14Z,2026-06-29,1162,S. Cooper,,11
2026-07-03T14:30:14Z,2026-06-29,1162,Stefan Cooper,30,11
2026-07-03T14:30:14Z,2026-06-29,1163,K. Nishiwaki,,11
2026-07-03T14:30:14Z,2026-06-29,1163,Kazuki Nishiwaki,31,11
2026-07-03T14:30:14Z,2026-06-29,1164,G. Ortenzi,,11
2026-07-03T14:30:14Z,2026-06-29,1164,Gian Marco Ortenzi,26,11
2026-07-03T14:30:14Z,2026-06-29,1165,L. Branger,,11
2026-07-03T14:30:14Z,2026-06-29,1165,Liam Branger,25,11
2026-07-03T14:30:14Z,2026-06-29,1166,L. Comino,,11
2026-07-03T14:30:14Z,2026-06-29,1166,Lorenzo Comino,20,11
2026-07-03T14:30:14Z,2026-06-29,1167,J. Kupcic,,11
2026-07-03T14:30:14Z,2026-06-29,1167,Jan Kupcic,25,11
2026-07-03T14:30:14Z,2026-06-29,1168,V. Lapalu,,11
2026-07-03T14:30:14Z,2026-06-29,1168,Valentin Lapalu,24,11
2026-07-03T14:30:14Z,2026-06-29,1169,L. Primucci,,11
2026-07-03T14:30:14Z,2026-06-29,1169,Leonardo Primucci,23,11
2026-07-03T14:30:14Z,2026-06-29,1170,S. Sim,,11
2026-07-03T14:30:14Z,2026-06-29,1170,Sungbeen Sim,29,11
2026-07-03T14:30:14Z,2026-06-29,1171,F. Mazzola,,11
2026-07-03T14:30:14Z,2026-06-29,1171,Filippo Mazzola,21,11
2026-07-03T14:30:14Z,2026-06-29,1172,S. Fita Juan,,11
2026-07-03T14:30:14Z,2026-06-29,1172,Sergi Fita Juan,19,11
2026-07-03T14:30:14Z,2026-06-29,1173,N. Parizzia,,11
2026-07-03T14:30:14Z,2026-06-29,1173,Nicolas Parizzia,27,11
2026-07-03T14:30:14Z,2026-06-29,1174,N. Toffanin,,11
2026-07-03T14:30:14Z,2026-06-29,1174,Nicolo Toffanin,23,11
2026-07-03T14:30:14Z,2026-06-29,1175,T. Martin,,11
2026-07-03T14:30:14Z,2026-06-29,1175,Toby Martin,33,11
2026-07-03T14:30:14Z,2026-06-29,1176,L. Martinez,,10
2026-07-03T14:30:14Z,2026-06-29,1176,Luis David Martinez,37,10
2026-07-03T14:30:14Z,2026-06-29,1177,S. Banthia,,10
2026-07-03T14:30:14Z,2026-06-29,1177,Siddhant Banthia,25,10
2026-07-03T14:30:14Z,2026-06-29,1178T,G. Brymer,,10
2026-07-03T14:30:14Z,2026-06-29,1178T,P. Karthik,,10
2026-07-03T14:30:14Z,2026-06-29,1178T,Gage Brymer,31,10
2026-07-03T14:30:14Z,2026-06-29,1178T,Pranav Karthik,21,10
2026-07-03T14:30:14Z,2026-06-29,1180,T. Chavez,,10
2026-07-03T14:30:14Z,2026-06-29,1180,Tito Chavez,18,10
2026-07-03T14:30:14Z,2026-06-29,1181,D. Poljak,,10
2026-07-03T14:30:14Z,2026-06-29,1181,David Poljak,30,10
2026-07-03T14:30:14Z,2026-06-29,1182,L. Marionneau,,10
2026-07-03T14:30:14Z,2026-06-29,1182,Lucas Marionneau,19,10
2026-07-03T14:30:14Z,2026-06-29,1183,S. Goity Zapico,,10
2026-07-03T14:30:14Z,2026-06-29,1183,Segundo Goity Zapico,20,10
2026-07-03T14:30:14Z,2026-06-29,1184,A. Bernard,,10
2026-07-03T14:30:14Z,2026-06-29,1184,Alexander Bernard,22,10
2026-07-03T14:30:14Z,2026-06-29,1185,P. Rodrigues,,10
2026-07-03T14:30:14Z,2026-06-29,1185,Pedro Rodrigues,20,10
2026-07-03T14:30:14Z,2026-06-29,1186,G. Marques,,10
2026-07-03T14:30:14Z,2026-06-29,1186,Goncalo Marques,20,10
2026-07-03T14:30:14Z,2026-06-29,1187,M. Sabas,,10
2026-07-03T14:30:14Z,2026-06-29,1187,Martin Sabas,24,10
2026-07-03T14:30:14Z,2026-06-29,1188,K. Edengren,,10
2026-07-03T14:30:14Z,2026-06-29,1188,Kevin Edengren,20,10
2026-07-03T14:30:14Z,2026-06-29,1189,J. Choe,,10
2026-07-03T14:30:14Z,2026-06-29,1189,Jaesung Choe,26,10
2026-07-03T14:30:14Z,2026-06-29,1190,M. Arseneault,,10
2026-07-03T14:30:14Z,2026-06-29,1190,Mikael Arseneault,19,10
2026-07-03T14:30:14Z,2026-06-29,1191,T. Genier,,10
2026-07-03T14:30:14Z,2026-06-29,1191,Tanguy Genier,28,10
2026-07-03T14:30:14Z,2026-06-29,1192,M. Lipp,,10
2026-07-03T14:30:14Z,2026-06-29,1192,Mika Lipp,22,10
2026-07-03T14:30:14Z,2026-06-29,1193,S. Fanselow,,10
2026-07-03T14:30:14Z,2026-06-29,1193,Sebastian Fanselow,34,10
2026-07-03T14:30:14Z,2026-06-29,1194,O. Anderson,,10
2026-07-03T14:30:14Z,2026-06-29,1194,Oliver Anderson,28,10
2026-07-03T14:30:14Z,2026-06-29,1195,L. Krall,,10
2026-07-03T14:30:14Z,2026-06-29,1195,Liam Krall,24,10
2026-07-03T14:30:14Z,2026-06-29,1196,E. Tiurnev,,10
2026-07-03T14:30:14Z,2026-06-29,1196,Evgenii Tiurnev,29,10
2026-07-03T14:30:14Z,2026-06-29,1197,E. Cook,,10
2026-07-03T14:30:14Z,2026-06-29,1197,Ethan Cook,23,10
2026-07-03T14:30:14Z,2026-06-29,1198,C. Bertimon,,10
2026-07-03T14:30:14Z,2026-06-29,1198,Charles Bertimon,26,10
2026-07-03T14:30:14Z,2026-06-29,1199T,E. Ambarzumjan,,10
2026-07-03T14:30:14Z,2026-06-29,1199T,K. Knitter,,10
2026-07-03T14:30:14Z,2026-06-29,1199T,Edison Ambarzumjan,29,10
2026-07-03T14:30:14Z,2026-06-29,1199T,Kacper Knitter,18,10
2026-07-03T14:30:14Z,2026-06-29,1201,M. Kamrowski,,10
2026-07-03T14:30:14Z,2026-06-29,1201,Marcel Kamrowski,23,10
2026-07-03T14:30:14Z,2026-06-29,1202,T. Baragiola Mordini,,10
2026-07-03T14:30:14Z,2026-06-29,1202,Tobia Costanzo Baragiola Mordini,19,10
2026-07-03T14:30:14Z,2026-06-29,1203T,M. Gloeckler,,10
2026-07-03T14:30:14Z,2026-06-29,1203T,N. Larwig,,10
2026-07-03T14:30:14Z,2026-06-29,1203T,Michael Gloeckler,27,10
2026-07-03T14:30:14Z,2026-06-29,1203T,Noel Larwig,24,10
2026-07-03T14:30:14Z,2026-06-29,1205,H. Pierre,,10
2026-07-03T14:30:14Z,2026-06-29,1205,Hugo Pierre,30,10
2026-07-03T14:30:14Z,2026-06-29,1206,M. Shin,,10
2026-07-03T14:30:14Z,2026-06-29,1206,Maxim Shin,23,10
2026-07-03T14:30:14Z,2026-06-29,1207,N. Robert,,10
2026-07-03T14:30:14Z,2026-06-29,1207,Nicolas Robert,19,10
2026-07-03T14:30:14Z,2026-06-29,1208,F. Livet Novkirichka,,10
2026-07-03T14:30:14Z,2026-06-29,1208,Ferdinand Livet Novkirichka,18,10
2026-07-03T14:30:14Z,2026-06-29,1209,P. Brown,,10
2026-07-03T14:30:14Z,2026-06-29,1209,Preston Brown,24,10
2026-07-03T14:30:14Z,2026-06-29,1210,Z. Velcz,,9
2026-07-03T14:30:14Z,2026-06-29,1210,Zsombor Velcz,23,9
2026-07-03T14:30:14Z,2026-06-29,1211T,K. Mayo,,9
2026-07-03T14:30:14Z,2026-06-29,1211T,A. Meduri,,9
2026-07-03T14:30:14Z,2026-06-29,1211T,D. Pham,,9
2026-07-03T14:30:14Z,2026-06-29,1211T,Keenan Mayo,26,9
2026-07-03T14:30:14Z,2026-06-29,1211T,Andrea Meduri,21,9
2026-07-03T14:30:14Z,2026-06-29,1211T,Derek Pham,22,9
2026-07-03T14:30:14Z,2026-06-29,1214,O. Shimanov,,9
2026-07-03T14:30:14Z,2026-06-29,1214,Ofek Shimanov,20,9
2026-07-03T14:30:14Z,2026-06-29,1215,I. Fahim,,9
2026-07-03T14:30:14Z,2026-06-29,1215,Ilyas Milad Fahim,20,9
2026-07-03T14:30:14Z,2026-06-29,1216,A. Loncarevic,,9
2026-07-03T14:30:14Z,2026-06-29,1216,Andrej Loncarevic,20,9
2026-07-03T14:30:14Z,2026-06-29,1217,B. Arias,,9
2026-07-03T14:30:14Z,2026-06-29,1217,Boris Arias,32,9
2026-07-03T14:30:14Z,2026-06-29,1218,S. Kielan,,9
2026-07-03T14:30:14Z,2026-06-29,1218,Szymon Kielan,23,9
2026-07-03T14:30:14Z,2026-06-29,1219,M. Borisiouk,,9
2026-07-03T14:30:14Z,2026-06-29,1219,Martin Borisiouk,25,9
2026-07-03T14:30:14Z,2026-06-29,1220T,E. Karlovskiy,,9
2026-07-03T14:30:14Z,2026-06-29,1220T,M. Martinez Serrano,,9
2026-07-03T14:30:14Z,2026-06-29,1220T,Evgeny Karlovskiy,31,9
2026-07-03T14:30:14Z,2026-06-29,1220T,Mario Martinez Serrano,22,9
2026-07-03T14:30:14Z,2026-06-29,1222,M. Sik,,9
2026-07-03T14:30:14Z,2026-06-29,1222,Mustafa Ege Sik,16,9
2026-07-03T14:30:14Z,2026-06-29,1223,S. Dominko,,9
2026-07-03T14:30:14Z,2026-06-29,1223,Sebastian Dominko,23,9
2026-07-03T14:30:14Z,2026-06-29,1224,C. Papoe,,9
2026-07-03T14:30:14Z,2026-06-29,1224,Cezar Gabriel Papoe,18,9
2026-07-03T14:30:14Z,2026-06-29,1225,L. Bouquet,,9
2026-07-03T14:30:14Z,2026-06-29,1225,Lucas Bouquet,28,9
2026-07-03T14:30:14Z,2026-06-29,1226,T. Batin,,9
2026-07-03T14:30:14Z,2026-06-29,1226,Tudor Batin,19,9
2026-07-03T14:30:14Z,2026-06-29,1227,J. Connel,,9
2026-07-03T14:30:14Z,2026-06-29,1227,James Connel,23,9
2026-07-03T14:30:14Z,2026-06-29,1228,A. Rathi,,9
2026-07-03T14:30:14Z,2026-06-29,1228,Arjun Rathi,18,9
2026-07-03T14:30:14Z,2026-06-29,1229,V. Radjenovic,,9
2026-07-03T14:30:14Z,2026-06-29,1229,Vuk Radjenovic,21,9
2026-07-03T14:30:14Z,2026-06-29,1230,M. Thomson,,9
2026-07-03T14:30:14Z,2026-06-29,1230,Matthew Thomson,26,9
2026-07-03T14:30:14Z,2026-06-29,1231,U. Kamboj,,9
2026-07-03T14:30:14Z,2026-06-29,1231,Udit Kamboj,25,9
2026-07-03T14:30:14Z,2026-06-29,1232,R. Tanuma,,9
2026-07-03T14:30:14Z,2026-06-29,1232,Ryota Tanuma,30,9
2026-07-03T14:30:14Z,2026-06-29,1233,A. Shanmugam,,9
2026-07-03T14:30:14Z,2026-06-29,1233,Abhinav Sanjeev Shanmugam,27,9
2026-07-03T14:30:14Z,2026-06-29,1234,D. Spiridon,,9
2026-07-03T14:30:14Z,2026-06-29,1234,Denis Spiridon,23,9
2026-07-03T14:30:14Z,2026-06-29,1235,I. Eqbal,,9
2026-07-03T14:30:14Z,2026-06-29,1235,Ishaque Eqbal,28,9
2026-07-03T14:30:14Z,2026-06-29,1236,A. Mujakic,,9
2026-07-03T14:30:14Z,2026-06-29,1236,Alen Mujakic,22,9
2026-07-03T14:30:14Z,2026-06-29,1237,A. Chayka,,9
2026-07-03T14:30:14Z,2026-06-29,1237,Aleksander Chayka,21,9
2026-07-03T14:30:14Z,2026-06-29,1238,L. Sheyngezikht,,9
2026-07-03T14:30:14Z,2026-06-29,1238,Leonid Sheyngezikht,25,9
2026-07-03T14:30:14Z,2026-06-29,1239,T. Takamisawa,,9
2026-07-03T14:30:14Z,2026-06-29,1239,Taketo Takamisawa,28,9
2026-07-03T14:30:14Z,2026-06-29,1240,F. De Dios,,9
2026-07-03T14:30:14Z,2026-06-29,1240,Felipe De Dios,22,9
2026-07-03T14:30:14Z,2026-06-29,1241,N. Lopez Cherubino,,9
2026-07-03T14:30:14Z,2026-06-29,1241,Noah Lopez Cherubino,19,9
2026-07-03T14:30:14Z,2026-06-29,1242,S. Cocola,,9
2026-07-03T14:30:14Z,2026-06-29,1242,Sebastiano Cocola,20,9
2026-07-03T14:30:14Z,2026-06-29,1243T,J. Mridha,,9
2026-07-03T14:30:14Z,2026-06-29,1243T,T. Trufelli,,9
2026-07-03T14:30:14Z,2026-06-29,1243T,Jonathan Mridha,31,9
2026-07-03T14:30:14Z,2026-06-29,1243T,Timeo Trufelli,18,9
2026-07-03T14:30:14Z,2026-06-29,1245,P. Pinter,,9
2026-07-03T14:30:14Z,2026-06-29,1245,Piet Luis Pinter,21,9
2026-07-03T14:30:14Z,2026-06-29,1246,G. Schenekenberg,,9
2026-07-03T14:30:14Z,2026-06-29,1246,Gabriel Schenekenberg,21,9
2026-07-03T14:30:14Z,2026-06-29,1247,B. Butulija,,9
2026-07-03T14:30:14Z,2026-06-29,1247,Boris Butulija,27,9
2026-07-03T14:30:14Z,2026-06-29,1248,J. Hrazdil,,9
2026-07-03T14:30:14Z,2026-06-29,1248,Jan Hrazdil,21,9
2026-07-03T14:30:14Z,2026-06-29,1249,I. Gretskiy,,9
2026-07-03T14:30:14Z,2026-06-29,1249,Ivan Gretskiy,20,9
2026-07-03T14:30:14Z,2026-06-29,1250,M. Ujvary,,9
2026-07-03T14:30:14Z,2026-06-29,1250,Matthias Ujvary,21,9
2026-07-03T14:30:14Z,2026-06-29,1251,D. Vale,,8
2026-07-03T14:30:14Z,2026-06-29,1251,Duarte Vale,27,8
2026-07-03T14:30:14Z,2026-06-29,1252,T. Yuzuki,,8
2026-07-03T14:30:14Z,2026-06-29,1252,Takeru Yuzuki,27,8
2026-07-03T14:30:14Z,2026-06-29,1253,T. Konduri,,8
2026-07-03T14:30:14Z,2026-06-29,1253,Tanishk Konduri,17,8
2026-07-03T14:30:14Z,2026-06-29,1254,M. Kudernatsch,,8
2026-07-03T14:30:14Z,2026-06-29,1254,Moritz Kudernatsch,21,8
2026-07-03T14:30:14Z,2026-06-29,1255,Y. Kadiri Hassani,,8
2026-07-03T14:30:14Z,2026-06-29,1255,Youssef Kadiri Hassani,22,8
2026-07-03T14:30:14Z,2026-06-29,1256,A. Rozin,,8
2026-07-03T14:30:14Z,2026-06-29,1256,Alexander Rozin,20,8
2026-07-03T14:30:14Z,2026-06-29,1257,P. Lu,,8
2026-07-03T14:30:14Z,2026-06-29,1257,Pengyu Lu,24,8
2026-07-03T14:30:14Z,2026-06-29,1258,M. Mesarovic,,8
2026-07-03T14:30:14Z,2026-06-29,1258,Marko Mesarovic,21,8
2026-07-03T14:30:14Z,2026-06-29,1259,G. Goode,,8
2026-07-03T14:30:14Z,2026-06-29,1259,Gavin Goode,18,8
2026-07-03T14:30:14Z,2026-06-29,1260,S. Mansouri,,8
2026-07-03T14:30:14Z,2026-06-29,1260,Skander Mansouri,30,8
2026-07-03T14:30:14Z,2026-06-29,1261,R. Fernandes,,8
2026-07-03T14:30:14Z,2026-06-29,1261,Rodrigo Fernandes,19,8
2026-07-03T14:30:14Z,2026-06-29,1262,D. Jarry Fillol,,8
2026-07-03T14:30:14Z,2026-06-29,1262,Diego Jarry Fillol,23,8
2026-07-03T14:30:14Z,2026-06-29,1263,L. Lagarrigue,,8
2026-07-03T14:30:14Z,2026-06-29,1263,Leo Lagarrigue,19,8
2026-07-03T14:30:14Z,2026-06-29,1264,B. Munk Mesa,,8
2026-07-03T14:30:14Z,2026-06-29,1264,Bernardo Munk Mesa,20,8
2026-07-03T14:30:14Z,2026-06-29,1265,R. Dugardin,,8
2026-07-03T14:30:14Z,2026-06-29,1265,Remy Dugardin,23,8
2026-07-03T14:30:14Z,2026-06-29,1266,V. Manukyan,,8
2026-07-03T14:30:14Z,2026-06-29,1266,Vardan Manukyan,21,8
2026-07-03T14:30:14Z,2026-06-29,1267,D. Bagnolini,,8
2026-07-03T14:30:14Z,2026-06-29,1267,Daniel Bagnolini,23,8
2026-07-03T14:30:14Z,2026-06-29,1268,J. Eriksson Ziverts,,8
2026-07-03T14:30:14Z,2026-06-29,1268,Jonas Eriksson Ziverts,27,8
2026-07-03T14:30:14Z,2026-06-29,1269,N. Lopez,,8
2026-07-03T14:30:14Z,2026-06-29,1269,Noah Lopez,24,8
2026-07-03T14:30:14Z,2026-06-29,1270,L. Tessa,,8
2026-07-03T14:30:14Z,2026-06-29,1270,Louis Tessa,28,8
2026-07-03T14:30:14Z,2026-06-29,1271,E. Carrascosa Diaz,,8
2026-07-03T14:30:14Z,2026-06-29,1271,Enrique Carrascosa Diaz,18,8
2026-07-03T14:30:14Z,2026-06-29,1272T,M. Abibsi,,8
2026-07-03T14:30:14Z,2026-06-29,1272T,A. Mcleod,,8
2026-07-03T14:30:14Z,2026-06-29,1272T,Mohamed Ali Abibsi,24,8
2026-07-03T14:30:14Z,2026-06-29,1272T,Ashton Mcleod,18,8
2026-07-03T14:30:14Z,2026-06-29,1274,B. Willwerth,,8
2026-07-03T14:30:14Z,2026-06-29,1274,Benjamin Willwerth,18,8
2026-07-03T14:30:14Z,2026-06-29,1275,L. Borrelli,,8
2026-07-03T14:30:14Z,2026-06-29,1275,Leonardo Borrelli,21,8
2026-07-03T14:30:14Z,2026-06-29,1276,A. Fabre,,8
2026-07-03T14:30:14Z,2026-06-29,1276,Antoni Fabre,22,8
2026-07-03T14:30:14Z,2026-06-29,1277,E. Villoslada,,8
2026-07-03T14:30:14Z,2026-06-29,1277,Edouard Villoslada,26,8
2026-07-03T14:30:14Z,2026-06-29,1278,N. Ponwith,,8
2026-07-03T14:30:14Z,2026-06-29,1278,Nathan Ponwith,28,8
2026-07-03T14:30:14Z,2026-06-29,1279,R. Falck,,8
2026-07-03T14:30:14Z,2026-06-29,1279,Reece Falck,24,8
2026-07-03T14:30:14Z,2026-06-29,1280,A. Gil Garcia,,8
2026-07-03T14:30:14Z,2026-06-29,1280,Aaron Gil Garcia,22,8
2026-07-03T14:30:14Z,2026-06-29,1281,L. Hooper,,8
2026-07-03T14:30:14Z,2026-06-29,1281,Luke Hooper,20,8
2026-07-03T14:30:14Z,2026-06-29,1282T,E. Clark,,8
2026-07-03T14:30:14Z,2026-06-29,1282T,L. Pinto,,8
2026-07-03T14:30:14Z,2026-06-29,1282T,Ezekiel Clark,27,8
2026-07-03T14:30:14Z,2026-06-29,1282T,Lucca Pinto,23,8
2026-07-03T14:30:14Z,2026-06-29,1284T,J. Beaven,,8
2026-07-03T14:30:14Z,2026-06-29,1284T,L. Talan Lopatic,,8
2026-07-03T14:30:14Z,2026-06-29,1284T,James Beaven,21,8
2026-07-03T14:30:14Z,2026-06-29,1284T,Luka Talan Lopatic,18,8
2026-07-03T14:30:14Z,2026-06-29,1286,N. Waldner,,8
2026-07-03T14:30:14Z,2026-06-29,1286,Niklas Waldner,24,8
2026-07-03T14:30:14Z,2026-06-29,1287,T. Masabayashi,,8
2026-07-03T14:30:14Z,2026-06-29,1287,Tomohiro Masabayashi,28,8
2026-07-03T14:30:14Z,2026-06-29,1288,Y. Smiej,,8
2026-07-03T14:30:14Z,2026-06-29,1288,Yassine Smiej,26,8
2026-07-03T14:30:14Z,2026-06-29,1289,M. Vasiliauskas,,8
2026-07-03T14:30:14Z,2026-06-29,1289,Matas Vasiliauskas,24,8
2026-07-03T14:30:14Z,2026-06-29,1290,A. Karatsev,,7
2026-07-03T14:30:14Z,2026-06-29,1290,Aslan Karatsev,32,7
2026-07-03T14:30:14Z,2026-06-29,1291,C. Harper,,7
2026-07-03T14:30:14Z,2026-06-29,1291,Cleeve Harper,25,7
2026-07-03T14:30:14Z,2026-06-29,1292,S. Latinovic,,7
2026-07-03T14:30:14Z,2026-06-29,1292,Stefan Latinovic,26,7
2026-07-03T14:30:14Z,2026-06-29,1293,G. Barrere,,7
2026-07-03T14:30:14Z,2026-06-29,1293,Gregoire Barrere,32,7
2026-07-03T14:30:14Z,2026-06-29,1294,P. Stearns,,7
2026-07-03T14:30:14Z,2026-06-29,1294,Preston Stearns,22,7
2026-07-03T14:30:14Z,2026-06-29,1295,N. Johnston,,7
2026-07-03T14:30:14Z,2026-06-29,1295,Noah Johnston,18,7
2026-07-03T14:30:14Z,2026-06-29,1296,A. Chang,,7
2026-07-03T14:30:14Z,2026-06-29,1296,Alex Chang,22,7
2026-07-03T14:30:14Z,2026-06-29,1297,S. Beaupain,,7
2026-07-03T14:30:14Z,2026-06-29,1297,Simon Beaupain,27,7
2026-07-03T14:30:14Z,2026-06-29,1298,M. Ymer,,7
2026-07-03T14:30:14Z,2026-06-29,1298,Mikael Ymer,27,7
2026-07-03T14:30:14Z,2026-06-29,1299,N. Godsick,,7
2026-07-03T14:30:14Z,2026-06-29,1299,Nicholas Godsick,21,7
2026-07-03T14:30:14Z,2026-06-29,1300,A. Lynch,,7
2026-07-03T14:30:14Z,2026-06-29,1300,Adam Lynch,22,7
2026-07-03T14:30:14Z,2026-06-29,1301,L. Aboian,,7
2026-07-03T14:30:14Z,2026-06-29,1301,Leonardo Aboian,28,7
2026-07-03T14:30:14Z,2026-06-29,1302T,D. King,,7
2026-07-03T14:30:14Z,2026-06-29,1302T,F. Nidunjianzan,,7
2026-07-03T14:30:14Z,2026-06-29,1302T,Darian King,34,7
2026-07-03T14:30:14Z,2026-06-29,1302T,Fnu Nidunjianzan,22,7
2026-07-03T14:30:14Z,2026-06-29,1304,D. Tortora,,7
2026-07-03T14:30:14Z,2026-06-29,1304,Davide Tortora,25,7
2026-07-03T14:30:14Z,2026-06-29,1305,R. Cid Subervi,,7
2026-07-03T14:30:14Z,2026-06-29,1305,Roberto Cid Subervi,32,7
2026-07-03T14:30:14Z,2026-06-29,1306T,R. Quan,,7
2026-07-03T14:30:14Z,2026-06-29,1306T,G. Sekachov,,7
2026-07-03T14:30:14Z,2026-06-29,1306T,Rudy Quan,20,7
2026-07-03T14:30:14Z,2026-06-29,1306T,Glib Sekachov,19,7
2026-07-03T14:30:14Z,2026-06-29,1308,N. Malesevic,,7
2026-07-03T14:30:14Z,2026-06-29,1308,Nemanja Malesevic,24,7
2026-07-03T14:30:14Z,2026-06-29,1309,O. Brown,,7
2026-07-03T14:30:14Z,2026-06-29,1309,Oscar Brown,24,7
2026-07-03T14:30:14Z,2026-06-29,1310T,M. Sciahbasi,,7
2026-07-03T14:30:14Z,2026-06-29,1310T,T. Silva,,7
2026-07-03T14:30:14Z,2026-06-29,1310T,L. Teunissen,,7
2026-07-03T14:30:14Z,2026-06-29,1310T,Matteo Sciahbasi,19,7
2026-07-03T14:30:14Z,2026-06-29,1310T,Tiago Silva,21,7
2026-07-03T14:30:14Z,2026-06-29,1310T,Laurence Teunissen,17,7
2026-07-03T14:30:14Z,2026-06-29,1313T,M. Alimli,,7
2026-07-03T14:30:14Z,2026-06-29,1313T,L. Liu,,7
2026-07-03T14:30:14Z,2026-06-29,1313T,S. Petre,,7
2026-07-03T14:30:14Z,2026-06-29,1313T,Mikail Alimli,22,7
2026-07-03T14:30:14Z,2026-06-29,1313T,Lucca Liu,22,7
2026-07-03T14:30:14Z,2026-06-29,1313T,Stefan Ilie Bogdan Petre,17,7
2026-07-03T14:30:14Z,2026-06-29,1316T,I. Becerra Otarola,,7
2026-07-03T14:30:14Z,2026-06-29,1316T,M. Visser,,7
2026-07-03T14:30:14Z,2026-06-29,1316T,Ignacio Antonio Becerra Otarola,25,7
2026-07-03T14:30:14Z,2026-06-29,1316T,Mac Visser,21,7
2026-07-03T14:30:14Z,2026-06-29,1318,R. Rodriguez - Pace,,7
2026-07-03T14:30:14Z,2026-06-29,1318,Ricardo Rodriguez - Pace,33,7
2026-07-03T14:30:14Z,2026-06-29,1319,P. Jordan,,7
2026-07-03T14:30:14Z,2026-06-29,1319,Phillip Jordan,25,7
2026-07-03T14:30:14Z,2026-06-29,1320,A. Battiston,,7
2026-07-03T14:30:14Z,2026-06-29,1320,Alessandro Battiston,19,7
2026-07-03T14:30:14Z,2026-06-29,1321T,N. Stoot,,7
2026-07-03T14:30:14Z,2026-06-29,1321T,V. Vardhan,,7
2026-07-03T14:30:14Z,2026-06-29,1321T,Nikolas Stoot,18,7
2026-07-03T14:30:14Z,2026-06-29,1321T,Vishnu Vardhan,38,7
2026-07-03T14:30:14Z,2026-06-29,1323,R. Giotis,,7
2026-07-03T14:30:14Z,2026-06-29,1323,Rafael Giotis,25,7
2026-07-03T14:30:14Z,2026-06-29,1324,O. Paldanius,,7
2026-07-03T14:30:14Z,2026-06-29,1324,Oskari Paldanius,19,7
2026-07-03T14:30:14Z,2026-06-29,1325,D. Van Orderlain,,7
2026-07-03T14:30:14Z,2026-06-29,1325,Drew Van Orderlain,31,7
2026-07-03T14:30:14Z,2026-06-29,1326,A. Basile,,7
2026-07-03T14:30:14Z,2026-06-29,1326,Alessio Basile,21,7
2026-07-03T14:30:14Z,2026-06-29,1327,A. Bellegy,,7
2026-07-03T14:30:14Z,2026-06-29,1327,Arthur Bellegy,25,7
2026-07-03T14:30:14Z,2026-06-29,1328,A. Wagner,,7
2026-07-03T14:30:14Z,2026-06-29,1328,Alexander Wagner,19,7
2026-07-03T14:30:14Z,2026-06-29,1329,F. Ferrari,,7
2026-07-03T14:30:14Z,2026-06-29,1329,Francesco Ferrari,29,7
2026-07-03T14:30:14Z,2026-06-29,1330,J. Otegui,,7
2026-07-03T14:30:14Z,2026-06-29,1330,Juan Bautista Otegui,27,7
2026-07-03T14:30:14Z,2026-06-29,1331,V. Braga,,7
2026-07-03T14:30:14Z,2026-06-29,1331,Victor Braga,21,7
2026-07-03T14:30:14Z,2026-06-29,1332,A. Jamji,,7
2026-07-03T14:30:14Z,2026-06-29,1332,Amine Jamji,19,7
2026-07-03T14:30:14Z,2026-06-29,1333,G. Voelzke,,7
2026-07-03T14:30:14Z,2026-06-29,1333,Gray Voelzke,23,7
2026-07-03T14:30:14Z,2026-06-29,1334T,C. Duhan,,7
2026-07-03T14:30:14Z,2026-06-29,1334T,T. Host,,7
2026-07-03T14:30:14Z,2026-06-29,1334T,Chirag Duhan,22,7
2026-07-03T14:30:14Z,2026-06-29,1334T,Ty Host,19,7
2026-07-03T14:30:14Z,2026-06-29,1336,X. Chen,,7
2026-07-03T14:30:14Z,2026-06-29,1336,Xing Dao Chen,22,7
2026-07-03T14:30:14Z,2026-06-29,1337T,T. Bieldiugin,,7
2026-07-03T14:30:14Z,2026-06-29,1337T,R. Kharlamov,,7
2026-07-03T14:30:14Z,2026-06-29,1337T,Tymur Bieldiugin,20,7
2026-07-03T14:30:14Z,2026-06-29,1337T,Roman Kharlamov,18,7
2026-07-03T14:30:14Z,2026-06-29,1339,J. Peck,,7
2026-07-03T14:30:14Z,2026-06-29,1339,Joshua Peck,27,7
2026-07-03T14:30:14Z,2026-06-29,1340,N. Thurner,,7
2026-07-03T14:30:14Z,2026-06-29,1340,Noah Thurner,26,7
2026-07-03T14:30:14Z,2026-06-29,1341,L. Ardila,,6
2026-07-03T14:30:14Z,2026-06-29,1341,Landon Ardila,22,6
2026-07-03T14:30:14Z,2026-06-29,1342T,Y. Alvarez,,6
2026-07-03T14:30:14Z,2026-06-29,1342T,B. Blaydes,,6
2026-07-03T14:30:14Z,2026-06-29,1342T,D. Cukierman,,6
2026-07-03T14:30:14Z,2026-06-29,1342T,R. Ramanathan,,6
2026-07-03T14:30:14Z,2026-06-29,1342T,K. Uesugi,,6
2026-07-03T14:30:14Z,2026-06-29,1342T,F. Zeballos,,6
2026-07-03T14:30:14Z,2026-06-29,1342T,Yannik Alvarez,17,6
2026-07-03T14:30:14Z,2026-06-29,1342T,Billy Blaydes,22,6
2026-07-03T14:30:14Z,2026-06-29,1342T,Daniel Cukierman,30,6
2026-07-03T14:30:14Z,2026-06-29,1342T,Ramkumar Ramanathan,31,6
2026-07-03T14:30:14Z,2026-06-29,1342T,Kaito Uesugi,31,6
2026-07-03T14:30:14Z,2026-06-29,1342T,Federico Zeballos,38,6
2026-07-03T14:30:14Z,2026-06-29,1348T,M. Dahlin,,6
2026-07-03T14:30:14Z,2026-06-29,1348T,S. Hernandez Ramirez,,6
2026-07-03T14:30:14Z,2026-06-29,1348T,Max Dahlin,20,6
2026-07-03T14:30:14Z,2026-06-29,1348T,Sergio Luis Hernandez Ramirez,26,6
2026-07-03T14:30:14Z,2026-06-29,1350,R. Storrie,,6
2026-07-03T14:30:14Z,2026-06-29,1350,Ryan James Storrie,28,6
2026-07-03T14:30:14Z,2026-06-29,1351,N. Niedner,,6
2026-07-03T14:30:14Z,2026-06-29,1351,Neo Niedner,22,6
2026-07-03T14:30:14Z,2026-06-29,1352,A. Lim,,6
2026-07-03T14:30:14Z,2026-06-29,1352,Alberto Lim,27,6
2026-07-03T14:30:14Z,2026-06-29,1353T,F. Gustafsson,,6
2026-07-03T14:30:14Z,2026-06-29,1353T,N. Ratiu,,6
2026-07-03T14:30:14Z,2026-06-29,1353T,Filip Gustafsson,21,6
2026-07-03T14:30:14Z,2026-06-29,1353T,Niels Ratiu,20,6
2026-07-03T14:30:14Z,2026-06-29,1355,A. Kalyanpur,,6
2026-07-03T14:30:14Z,2026-06-29,1355,Adil Kalyanpur,26,6
2026-07-03T14:30:14Z,2026-06-29,1356,P. Barbier Gazeu,,6
2026-07-03T14:30:14Z,2026-06-29,1356,Paul Barbier Gazeu,21,6
2026-07-03T14:30:14Z,2026-06-29,1357T,S. Giamichelle,,6
2026-07-03T14:30:14Z,2026-06-29,1357T,H. Huens,,6
2026-07-03T14:30:14Z,2026-06-29,1357T,M. Murtaza,,6
2026-07-03T14:30:14Z,2026-06-29,1357T,M. Novansky,,6
2026-07-03T14:30:14Z,2026-06-29,1357T,Santiago Giamichelle,22,6
2026-07-03T14:30:14Z,2026-06-29,1357T,Harold Huens,24,6
2026-07-03T14:30:14Z,2026-06-29,1357T,Muzammil Murtaza,26,6
2026-07-03T14:30:14Z,2026-06-29,1357T,Michal Novansky,23,6
2026-07-03T14:30:14Z,2026-06-29,1361,M. Domenc,,6
2026-07-03T14:30:14Z,2026-06-29,1361,Mathys Domenc,16,6
2026-07-03T14:30:14Z,2026-06-29,1362,D. Phillips,,6
2026-07-03T14:30:14Z,2026-06-29,1362,Daniel Phillips,21,6
2026-07-03T14:30:14Z,2026-06-29,1363,A. Alekseychuk,,6
2026-07-03T14:30:14Z,2026-06-29,1363,Artem Alekseychuk,21,6
2026-07-03T14:30:14Z,2026-06-29,1364,L. Berto,,6
2026-07-03T14:30:14Z,2026-06-29,1364,Lorenzo Berto,19,6
2026-07-03T14:30:14Z,2026-06-29,1365,M. Castañeda,,6
2026-07-03T14:30:14Z,2026-06-29,1365,Mateo Castañeda,20,6
2026-07-03T14:30:14Z,2026-06-29,1366,C. Lemire,,6
2026-07-03T14:30:14Z,2026-06-29,1366,Clement Lemire,19,6
2026-07-03T14:30:14Z,2026-06-29,1367,F. Rengifo,,6
2026-07-03T14:30:14Z,2026-06-29,1367,Frazier Rengifo,27,6
2026-07-03T14:30:14Z,2026-06-29,1368,P. Munkhammar,,6
2026-07-03T14:30:14Z,2026-06-29,1368,Patrik Munkhammar,18,6
2026-07-03T14:30:14Z,2026-06-29,1369T,A. Belkovics,,6
2026-07-03T14:30:14Z,2026-06-29,1369T,L. Lagerbohm,,6
2026-07-03T14:30:14Z,2026-06-29,1369T,A. Timini,,6
2026-07-03T14:30:14Z,2026-06-29,1369T,Achilles Belkovics,22,6
2026-07-03T14:30:14Z,2026-06-29,1369T,Linus Lagerbohm,18,6
2026-07-03T14:30:14Z,2026-06-29,1369T,Andreas Timini,20,6
2026-07-03T14:30:14Z,2026-06-29,1372,M. Kumar,,6
2026-07-03T14:30:14Z,2026-06-29,1372,Melvin Kumar,20,6
2026-07-03T14:30:14Z,2026-06-29,1373T,J. Aguilar,,6
2026-07-03T14:30:14Z,2026-06-29,1373T,K. Cekirge,,6
2026-07-03T14:30:14Z,2026-06-29,1373T,Juan Carlos Aguilar,27,6
2026-07-03T14:30:14Z,2026-06-29,1373T,Kuzey Cekirge,26,6
2026-07-03T14:30:14Z,2026-06-29,1375,J. Silva,,6
2026-07-03T14:30:14Z,2026-06-29,1375,Joao Silva,19,6
2026-07-03T14:30:14Z,2026-06-29,1376,G. Grumet,,6
2026-07-03T14:30:14Z,2026-06-29,1376,Gus Grumet,18,6
2026-07-03T14:30:14Z,2026-06-29,1377T,G. Ramskogler,,6
2026-07-03T14:30:14Z,2026-06-29,1377T,N. Tajima,,6
2026-07-03T14:30:14Z,2026-06-29,1377T,Gregor Ramskogler,27,6
2026-07-03T14:30:14Z,2026-06-29,1377T,Naoki Tajima,25,6
2026-07-03T14:30:14Z,2026-06-29,1379,B. Chan,,6
2026-07-03T14:30:14Z,2026-06-29,1379,Bill Chan,20,6
2026-07-03T14:30:14Z,2026-06-29,1380T,K. Hans,,6
2026-07-03T14:30:14Z,2026-06-29,1380T,L. Seidman,,6
2026-07-03T14:30:14Z,2026-06-29,1380T,Kabir Hans,24,6
2026-07-03T14:30:14Z,2026-06-29,1380T,Lev Seidman,18,6
2026-07-03T14:30:14Z,2026-06-29,1382,M. Zhang,,6
2026-07-03T14:30:14Z,2026-06-29,1382,Minghui Zhang,21,6
2026-07-03T14:30:14Z,2026-06-29,1383,M. Tammaro,,6
2026-07-03T14:30:14Z,2026-06-29,1383,Mariano Tammaro,22,6
2026-07-03T14:30:14Z,2026-06-29,1384T,F. Bidan,,6
2026-07-03T14:30:14Z,2026-06-29,1384T,T. Herrmann,,6
2026-07-03T14:30:14Z,2026-06-29,1384T,J. Kucera,,6
2026-07-03T14:30:14Z,2026-06-29,1384T,J. Szajrych,,6
2026-07-03T14:30:14Z,2026-06-29,1384T,Fadi Bidan,20,6
2026-07-03T14:30:14Z,2026-06-29,1384T,Theo Herrmann,21,6
2026-07-03T14:30:14Z,2026-06-29,1384T,Jonas Kucera,19,6
2026-07-03T14:30:14Z,2026-06-29,1384T,Jasza Szajrych,24,6
2026-07-03T14:30:14Z,2026-06-29,1388,F. Thomas,,6
2026-07-03T14:30:14Z,2026-06-29,1388,Flynn Thomas,17,6
2026-07-03T14:30:14Z,2026-06-29,1389,M. Kamath,,6
2026-07-03T14:30:14Z,2026-06-29,1389,Madhwin Kamath,24,6
2026-07-03T14:30:14Z,2026-06-29,1390,J. Hartenstein,,6
2026-07-03T14:30:14Z,2026-06-29,1390,Jonas Pelle Hartenstein,24,6
2026-07-03T14:30:14Z,2026-06-29,1391,H. Maia,,6
2026-07-03T14:30:14Z,2026-06-29,1391,Hugo Maia,25,6
2026-07-03T14:30:14Z,2026-06-29,1392,M. Vetrih,,6
2026-07-03T14:30:14Z,2026-06-29,1392,Miha Vetrih,23,6
2026-07-03T14:30:14Z,2026-06-29,1393,N. Guttau,,6
2026-07-03T14:30:14Z,2026-06-29,1393,Niklas Guttau,26,6
2026-07-03T14:30:14Z,2026-06-29,1394,N. Karma,,6
2026-07-03T14:30:14Z,2026-06-29,1394,Noah Karma,18,6
2026-07-03T14:30:14Z,2026-06-29,1395,W. Pan,,6
2026-07-03T14:30:14Z,2026-06-29,1395,Weiwen Pan,20,6
2026-07-03T14:30:14Z,2026-06-29,1396T,P. Aggarwal,,6
2026-07-03T14:30:14Z,2026-06-29,1396T,R. Antoni,,6
2026-07-03T14:30:14Z,2026-06-29,1396T,Parth Aggarwal,28,6
2026-07-03T14:30:14Z,2026-06-29,1396T,Richard Antoni,21,6
2026-07-03T14:30:14Z,2026-06-29,1398T,A. Casanova,,6
2026-07-03T14:30:14Z,2026-06-29,1398T,S. Planella Hernandez,,6
2026-07-03T14:30:14Z,2026-06-29,1398T,Andrin Casanova,21,6
2026-07-03T14:30:14Z,2026-06-29,1398T,Sergio Planella Hernandez,19,6
2026-07-03T14:30:14Z,2026-06-29,1400,L. Beraldo,,6
2026-07-03T14:30:14Z,2026-06-29,1400,Lorenzo Beraldo,19,6
2026-07-03T14:30:14Z,2026-06-29,1401,R. Michalik,,6
2026-07-03T14:30:14Z,2026-06-29,1401,Radovan Michalik,23,6
2026-07-03T14:30:14Z,2026-06-29,1402T,D. Bessonov,,6
2026-07-03T14:30:14Z,2026-06-29,1402T,V. Dell'Elba,,6
2026-07-03T14:30:14Z,2026-06-29,1402T,M. Fondriest,,6
2026-07-03T14:30:14Z,2026-06-29,1402T,V. Grippo,,6
2026-07-03T14:30:14Z,2026-06-29,1402T,Dmitry Bessonov,20,6
2026-07-03T14:30:14Z,2026-06-29,1402T,Vito Dell'Elba,27,6
2026-07-03T14:30:14Z,2026-06-29,1402T,Matteo Fondriest,21,6
2026-07-03T14:30:14Z,2026-06-29,1402T,Valentino Grippo,19,6
2026-07-03T14:30:14Z,2026-06-29,1406,M. Coman,,6
2026-07-03T14:30:14Z,2026-06-29,1406,Mihai Alexandru Coman,21,6
2026-07-03T14:30:14Z,2026-06-29,1407,X. Yang,,6
2026-07-03T14:30:14Z,2026-06-29,1407,Xiaoyin Yang,21,6
2026-07-03T14:30:14Z,2026-06-29,1408,S. Seghetti,,6
2026-07-03T14:30:14Z,2026-06-29,1408,Samuele Seghetti,19,6
2026-07-03T14:30:14Z,2026-06-29,1409T,N. Jovic,,6
2026-07-03T14:30:14Z,2026-06-29,1409T,L. Van Herck,,6
2026-07-03T14:30:14Z,2026-06-29,1409T,Nikola Jovic,19,6
2026-07-03T14:30:14Z,2026-06-29,1409T,Louis Van Herck,26,6
2026-07-03T14:30:14Z,2026-06-29,1411,C. Chen,,6
2026-07-03T14:30:14Z,2026-06-29,1411,Charles Chen,18,6
2026-07-03T14:30:14Z,2026-06-29,1412T,A. Aleshchev,,6
2026-07-03T14:30:14Z,2026-06-29,1412T,N. Perfetti,,6
2026-07-03T14:30:14Z,2026-06-29,1412T,Alexey Aleshchev,27,6
2026-07-03T14:30:14Z,2026-06-29,1412T,Noah Perfetti,25,6
2026-07-03T14:30:14Z,2026-06-29,1414,S. Lora,,5
2026-07-03T14:30:14Z,2026-06-29,1414,Santiago Lora,18,5
2026-07-03T14:30:14Z,2026-06-29,1415,P. Niklas-Salminen,,5
2026-07-03T14:30:14Z,2026-06-29,1415,Patrik Niklas-Salminen,29,5
2026-07-03T14:30:14Z,2026-06-29,1416T,J. Hopper,,5
2026-07-03T14:30:14Z,2026-06-29,1416T,J. Jin,,5
2026-07-03T14:30:14Z,2026-06-29,1416T,James Hopper,24,5
2026-07-03T14:30:14Z,2026-06-29,1416T,Jeremy Jin,22,5
2026-07-03T14:30:14Z,2026-06-29,1418,J. Zhang,,5
2026-07-03T14:30:14Z,2026-06-29,1418,Jeremy Zhang,20,5
2026-07-03T14:30:14Z,2026-06-29,1419T,A. Harazaki,,5
2026-07-03T14:30:14Z,2026-06-29,1419T,P. Juszczak,,5
2026-07-03T14:30:14Z,2026-06-29,1419T,Asahi Harazaki,22,5
2026-07-03T14:30:14Z,2026-06-29,1419T,Pawel Juszczak,32,5
2026-07-03T14:30:14Z,2026-06-29,1421,F. Virgili,,5
2026-07-03T14:30:14Z,2026-06-29,1421,Felipe Virgili,21,5
2026-07-03T14:30:14Z,2026-06-29,1422,A. Vasquez,,5
2026-07-03T14:30:14Z,2026-06-29,1422,Alessio Vasquez,23,5
2026-07-03T14:30:14Z,2026-06-29,1423T,A. Frusina,,5
2026-07-03T14:30:14Z,2026-06-29,1423T,N. Schlagenhauf,,5
2026-07-03T14:30:14Z,2026-06-29,1423T,Alexander Frusina,20,5
2026-07-03T14:30:14Z,2026-06-29,1423T,Noah Schlagenhauf,23,5
2026-07-03T14:30:14Z,2026-06-29,1425,W. Mirarchi,,5
2026-07-03T14:30:14Z,2026-06-29,1425,William Mirarchi,19,5
2026-07-03T14:30:14Z,2026-06-29,1426,D. Salvestre,,5
2026-07-03T14:30:14Z,2026-06-29,1426,Damien Salvestre,24,5
2026-07-03T14:30:14Z,2026-06-29,1427T,B. Chelía,,5
2026-07-03T14:30:14Z,2026-06-29,1427T,Y. Ibraimi,,5
2026-07-03T14:30:14Z,2026-06-29,1427T,Benjamin Chelía,18,5
2026-07-03T14:30:14Z,2026-06-29,1427T,Ymerali Ibraimi,17,5
2026-07-03T14:30:14Z,2026-06-29,1429T,D. Donders,,5
2026-07-03T14:30:14Z,2026-06-29,1429T,O. Reyes Tirado,,5
2026-07-03T14:30:14Z,2026-06-29,1429T,Dax Donders,25,5
2026-07-03T14:30:14Z,2026-06-29,1429T,Oswaldo Alejandro Reyes Tirado,18,5
2026-07-03T14:30:14Z,2026-06-29,1431,L. Dussin,,5
2026-07-03T14:30:14Z,2026-06-29,1431,Louis Dussin,26,5
2026-07-03T14:30:14Z,2026-06-29,1432T,I. Denisov,,5
2026-07-03T14:30:14Z,2026-06-29,1432T,S. Muto,,5
2026-07-03T14:30:14Z,2026-06-29,1432T,Ivan Denisov,26,5
2026-07-03T14:30:14Z,2026-06-29,1432T,Shu Muto,20,5
2026-07-03T14:30:14Z,2026-06-29,1434T,F. Garbero,,5
2026-07-03T14:30:14Z,2026-06-29,1434T,U. Ignatik,,5
2026-07-03T14:30:14Z,2026-06-29,1434T,Filippo Francesco Garbero,17,5
2026-07-03T14:30:14Z,2026-06-29,1434T,Uladzimir Ignatik,35,5
2026-07-03T14:30:14Z,2026-06-29,1436,I. Chirita,,5
2026-07-03T14:30:14Z,2026-06-29,1436,Ioan Alexandru Chirita,23,5
2026-07-03T14:30:14Z,2026-06-29,1437,M. Segura,,5
2026-07-03T14:30:14Z,2026-06-29,1437,Matthew Segura,25,5
2026-07-03T14:30:14Z,2026-06-29,1438T,A. Elamin,,5
2026-07-03T14:30:14Z,2026-06-29,1438T,J. Jans,,5
2026-07-03T14:30:14Z,2026-06-29,1438T,T. Karigyo,,5
2026-07-03T14:30:14Z,2026-06-29,1438T,A. Pisaric,,5
2026-07-03T14:30:14Z,2026-06-29,1438T,Ammar Elamin,24,5
2026-07-03T14:30:14Z,2026-06-29,1438T,Jarno Jans,26,5
2026-07-03T14:30:14Z,2026-06-29,1438T,Toshiki Karigyo,24,5
2026-07-03T14:30:14Z,2026-06-29,1438T,Aleksa Pisaric,20,5
2026-07-03T14:30:14Z,2026-06-29,1442,P. Alam,,5
2026-07-03T14:30:14Z,2026-06-29,1442,Peter Alam,24,5
2026-07-03T14:30:14Z,2026-06-29,1443T,F. Alberti,,5
2026-07-03T14:30:14Z,2026-06-29,1443T,A. Bonnaud,,5
2026-07-03T14:30:14Z,2026-06-29,1443T,T. Gerbaud,,5
2026-07-03T14:30:14Z,2026-06-29,1443T,Filippo Alberti,23,5
2026-07-03T14:30:14Z,2026-06-29,1443T,Arthur Bonnaud,29,5
2026-07-03T14:30:14Z,2026-06-29,1443T,Thomas Gerbaud,22,5
2026-07-03T14:30:14Z,2026-06-29,1446,S. Petrov,,5
2026-07-03T14:30:14Z,2026-06-29,1446,Sergey Petrov,21,5
2026-07-03T14:30:14Z,2026-06-29,1447T,Y. Charoenphon,,5
2026-07-03T14:30:14Z,2026-06-29,1447T,R. Jauregui Sainz de Rozas,,5
2026-07-03T14:30:14Z,2026-06-29,1447T,Yuttana Charoenphon,25,5
2026-07-03T14:30:14Z,2026-06-29,1447T,Rodolfo Jauregui Sainz de Rozas,32,5
2026-07-03T14:30:14Z,2026-06-29,1449T,H. Lieberman,,5
2026-07-03T14:30:14Z,2026-06-29,1449T,R. Takahata,,5
2026-07-03T14:30:14Z,2026-06-29,1449T,Henry Lieberman,26,5
2026-07-03T14:30:14Z,2026-06-29,1449T,Riku Takahata,24,5
2026-07-03T14:30:14Z,2026-06-29,1451,J. Dembo,,5
2026-07-03T14:30:14Z,2026-06-29,1451,Jake Dembo,18,5
2026-07-03T14:30:14Z,2026-06-29,1452T,D. Beckles,,5
2026-07-03T14:30:14Z,2026-06-29,1452T,M. Breazu,,5
2026-07-03T14:30:14Z,2026-06-29,1452T,F. Fumagalli,,5
2026-07-03T14:30:14Z,2026-06-29,1452T,Dillon Beckles,19,5
2026-07-03T14:30:14Z,2026-06-29,1452T,Matei Florin Breazu,18,5
2026-07-03T14:30:14Z,2026-06-29,1452T,Filiberto Fumagalli,24,5
2026-07-03T14:30:14Z,2026-06-29,1455,E. Werner,,5
2026-07-03T14:30:14Z,2026-06-29,1455,Elias Julian Werner,23,5
2026-07-03T14:30:14Z,2026-06-29,1456,A. Burdet,,5
2026-07-03T14:30:14Z,2026-06-29,1456,Adrien Burdet,24,5
2026-07-03T14:30:14Z,2026-06-29,1457T,P. Faut,,5
2026-07-03T14:30:14Z,2026-06-29,1457T,L. Verwerft,,5
2026-07-03T14:30:14Z,2026-06-29,1457T,Pierre Antoine Faut,18,5
2026-07-03T14:30:14Z,2026-06-29,1457T,Lars Goran Verwerft,23,5
2026-07-03T14:30:14Z,2026-06-29,1459T,J. Cizek,,5
2026-07-03T14:30:14Z,2026-06-29,1459T,V. Gurenko,,5
2026-07-03T14:30:14Z,2026-06-29,1459T,R. Jaisinghani,,5
2026-07-03T14:30:14Z,2026-06-29,1459T,A. Salazar,,5
2026-07-03T14:30:14Z,2026-06-29,1459T,P. Vaitiekunas,,5
2026-07-03T14:30:14Z,2026-06-29,1459T,A. Zgirovsky,,5
2026-07-03T14:30:14Z,2026-06-29,1459T,Jiri Cizek,20,5
2026-07-03T14:30:14Z,2026-06-29,1459T,Volodymyr Gurenko,18,5
2026-07-03T14:30:14Z,2026-06-29,1459T,Raghav Jaisinghani,28,5
2026-07-03T14:30:14Z,2026-06-29,1459T,Amador Salazar,25,5
2026-07-03T14:30:14Z,2026-06-29,1459T,Pijus Vaitiekunas,23,5
2026-07-03T14:30:14Z,2026-06-29,1459T,Alexander Zgirovsky,24,5
2026-07-03T14:30:14Z,2026-06-29,1465,N. Rico Arias,,5
2026-07-03T14:30:14Z,2026-06-29,1465,Nicolas Esteban Rico Arias,25,5
2026-07-03T14:30:14Z,2026-06-29,1466,T. Avcibasi,,5
2026-07-03T14:30:14Z,2026-06-29,1466,Toprak Avcibasi,22,5
2026-07-03T14:30:14Z,2026-06-29,1467T,B. Braga,,5
2026-07-03T14:30:14Z,2026-06-29,1467T,B. De La Pena,,5
2026-07-03T14:30:14Z,2026-06-29,1467T,J. Leather,,5
2026-07-03T14:30:14Z,2026-06-29,1467T,Breno Braga,21,5
2026-07-03T14:30:14Z,2026-06-29,1467T,Bautista De La Pena,17,5
2026-07-03T14:30:14Z,2026-06-29,1467T,Joe Leather,25,5
2026-07-03T14:30:14Z,2026-06-29,1470T,M. Picard,,5
2026-07-03T14:30:14Z,2026-06-29,1470T,S. Storch,,5
2026-07-03T14:30:14Z,2026-06-29,1470T,A. Voljavec,,5
2026-07-03T14:30:14Z,2026-06-29,1470T,Mathys Picard,18,5
2026-07-03T14:30:14Z,2026-06-29,1470T,Stefan Storch,24,5
2026-07-03T14:30:14Z,2026-06-29,1470T,Antonio Voljavec,20,5
2026-07-03T14:30:14Z,2026-06-29,1473,I. Biletic,,5
2026-07-03T14:30:14Z,2026-06-29,1473,Ivan Biletic,19,5
2026-07-03T14:30:14Z,2026-06-29,1474,I. Iutkin,,5
2026-07-03T14:30:14Z,2026-06-29,1474,Ivan Iutkin,19,5
2026-07-03T14:30:14Z,2026-06-29,1475T,A. Bojarski,,5
2026-07-03T14:30:14Z,2026-06-29,1475T,A. Setkic,,5
2026-07-03T14:30:14Z,2026-06-29,1475T,Alan Bojarski,22,5
2026-07-03T14:30:14Z,2026-06-29,1475T,Aldin Setkic,38,5
2026-07-03T14:30:14Z,2026-06-29,1477T,J. Bruce-Smith,,5
2026-07-03T14:30:14Z,2026-06-29,1477T,G. Crivellaro,,5
2026-07-03T14:30:14Z,2026-06-29,1477T,Y. Jin,,5
2026-07-03T14:30:14Z,2026-06-29,1477T,Jack Bruce-Smith,24,5
2026-07-03T14:30:14Z,2026-06-29,1477T,Gabriele Crivellaro,19,5
2026-07-03T14:30:14Z,2026-06-29,1477T,Yuquan Jin,25,5
2026-07-03T14:30:14Z,2026-06-29,1480T,V. Konovchuk,,5
2026-07-03T14:30:14Z,2026-06-29,1480T,A. Mehrotra,,5
2026-07-03T14:30:14Z,2026-06-29,1480T,Vadym Konovchuk,22,5
2026-07-03T14:30:14Z,2026-06-29,1480T,Arjun Mehrotra,29,5
2026-07-03T14:30:14Z,2026-06-29,1482T,A. Bacaloni,,5
2026-07-03T14:30:14Z,2026-06-29,1482T,H. Chauhan,,5
2026-07-03T14:30:14Z,2026-06-29,1482T,E. Lumsden,,5
2026-07-03T14:30:14Z,2026-06-29,1482T,G. Ravasio,,5
2026-07-03T14:30:14Z,2026-06-29,1482T,Andrea Bacaloni,24,5
2026-07-03T14:30:14Z,2026-06-29,1482T,Hitesh Chauhan,18,5
2026-07-03T14:30:14Z,2026-06-29,1482T,Ewen Lumsden,26,5
2026-07-03T14:30:14Z,2026-06-29,1482T,Gilberto Ravasio,21,5
2026-07-03T14:30:14Z,2026-06-29,1486,C. Crowther,,5
2026-07-03T14:30:14Z,2026-06-29,1486,Corban Crowther,23,5
2026-07-03T14:30:14Z,2026-06-29,1487,Y. Inui,,5
2026-07-03T14:30:14Z,2026-06-29,1487,Yuichiro Inui,31,5
2026-07-03T14:30:14Z,2026-06-29,1488T,G. Iradukunda,,4
2026-07-03T14:30:14Z,2026-06-29,1488T,A. Nasridinov,,4
2026-07-03T14:30:14Z,2026-06-29,1488T,N. Serdarusic,,4
2026-07-03T14:30:14Z,2026-06-29,1488T,T. Winegar,,4
2026-07-03T14:30:14Z,2026-06-29,1488T,Guy Orly Iradukunda,30,4
2026-07-03T14:30:14Z,2026-06-29,1488T,Amirkhamza Nasridinov,20,4
2026-07-03T14:30:14Z,2026-06-29,1488T,Nino Serdarusic,29,4
2026-07-03T14:30:14Z,2026-06-29,1488T,Theodore Winegar,24,4
2026-07-03T14:30:14Z,2026-06-29,1492,A. Veliz,,4
2026-07-03T14:30:14Z,2026-06-29,1492,Angel Veliz,17,4
2026-07-03T14:30:14Z,2026-06-29,1493,J. Maginley,,4
2026-07-03T14:30:14Z,2026-06-29,1493,Jody Maginley,31,4
2026-07-03T14:30:14Z,2026-06-29,1494,T. Loof,,4
2026-07-03T14:30:14Z,2026-06-29,1494,Thijmen Loof,23,4
2026-07-03T14:30:14Z,2026-06-29,1495T,S. Eriksson,,4
2026-07-03T14:30:14Z,2026-06-29,1495T,A. Visaya,,4
2026-07-03T14:30:14Z,2026-06-29,1495T,Sebastian Eriksson,21,4
2026-07-03T14:30:14Z,2026-06-29,1495T,Azuma Visaya,22,4
2026-07-03T14:30:14Z,2026-06-29,1497T,W. Mayew,,4
2026-07-03T14:30:14Z,2026-06-29,1497T,H. Shylov,,4
2026-07-03T14:30:14Z,2026-06-29,1497T,Will Mayew,22,4
2026-07-03T14:30:14Z,2026-06-29,1497T,Heorhii Shylov,18,4
2026-07-03T14:30:14Z,2026-06-29,1499T,H. Gokpinar,,4
2026-07-03T14:30:14Z,2026-06-29,1499T,S. Katayama,,4
2026-07-03T14:30:14Z,2026-06-29,1499T,Haydar Cem Gokpinar,19,4
2026-07-03T14:30:14Z,2026-06-29,1499T,Sho Katayama,37,4
2026-07-03T14:30:14Z,2026-06-29,1501T,M. Farzam,,4
2026-07-03T14:30:14Z,2026-06-29,1501T,R. Gales,,4
2026-07-03T14:30:14Z,2026-06-29,1501T,V. Kalina,,4
2026-07-03T14:30:14Z,2026-06-29,1501T,Matisse Farzam,19,4
2026-07-03T14:30:14Z,2026-06-29,1501T,Romain Gales,21,4
2026-07-03T14:30:14Z,2026-06-29,1501T,Vit Kalina,20,4
2026-07-03T14:30:14Z,2026-06-29,1504,N. Novakovic,,4
2026-07-03T14:30:14Z,2026-06-29,1504,Novak Novakovic,25,4
2026-07-03T14:30:14Z,2026-06-29,1505T,S. Baum,,4
2026-07-03T14:30:14Z,2026-06-29,1505T,R. Lawlor,,4
2026-07-03T14:30:14Z,2026-06-29,1505T,Stepan Baum,22,4
2026-07-03T14:30:14Z,2026-06-29,1505T,Rhys Lawlor,17,4
2026-07-03T14:30:14Z,2026-06-29,1507,L. Lestir,,4
2026-07-03T14:30:14Z,2026-06-29,1507,Loan Lestir,20,4
2026-07-03T14:30:14Z,2026-06-29,1508T,S. Auytayakul,,4
2026-07-03T14:30:14Z,2026-06-29,1508T,J. Bothma,,4
2026-07-03T14:30:14Z,2026-06-29,1508T,J. Hasson,,4
2026-07-03T14:30:14Z,2026-06-29,1508T,Y. Jeong,,4
2026-07-03T14:30:14Z,2026-06-29,1508T,A. Majchrzak,,4
2026-07-03T14:30:14Z,2026-06-29,1508T,A. Milushev,,4
2026-07-03T14:30:14Z,2026-06-29,1508T,D. Pontoglio,,4
2026-07-03T14:30:14Z,2026-06-29,1508T,J. Satterfield,,4
2026-07-03T14:30:14Z,2026-06-29,1508T,K. Wang,,4
2026-07-03T14:30:14Z,2026-06-29,1508T,Siwanat Auytayakul,21,4
2026-07-03T14:30:14Z,2026-06-29,1508T,John Bothma,18,4
2026-07-03T14:30:14Z,2026-06-29,1508T,Jordan Hasson,26,4
2026-07-03T14:30:14Z,2026-06-29,1508T,Yeonsu Jeong,19,4
2026-07-03T14:30:14Z,2026-06-29,1508T,Adam Majchrzak,20,4
2026-07-03T14:30:14Z,2026-06-29,1508T,Amir Milushev,21,4
2026-07-03T14:30:14Z,2026-06-29,1508T,Davide Pontoglio,33,4
2026-07-03T14:30:14Z,2026-06-29,1508T,Jack Satterfield,18,4
2026-07-03T14:30:14Z,2026-06-29,1508T,Kai-I Wang,21,4
2026-07-03T14:30:14Z,2026-06-29,1517,V. Leote Prata,,4
2026-07-03T14:30:14Z,2026-06-29,1517,Vasco Leote Prata,22,4
2026-07-03T14:30:14Z,2026-06-29,1518,M. Pawelski,,4
2026-07-03T14:30:14Z,2026-06-29,1518,Martyn Pawelski,21,4
2026-07-03T14:30:14Z,2026-06-29,1519T,C. Congcar,,4
2026-07-03T14:30:14Z,2026-06-29,1519T,A. Jones,,4
2026-07-03T14:30:14Z,2026-06-29,1519T,J. Lee,,4
2026-07-03T14:30:14Z,2026-06-29,1519T,B. Torres,,4
2026-07-03T14:30:14Z,2026-06-29,1519T,Congsup Congcar,29,4
2026-07-03T14:30:14Z,2026-06-29,1519T,Alex Jones,27,4
2026-07-03T14:30:14Z,2026-06-29,1519T,Junhyeon Lee,24,4
2026-07-03T14:30:14Z,2026-06-29,1519T,Benjamin Torres,22,4
2026-07-03T14:30:14Z,2026-06-29,1523T,N. Baroni,,4
2026-07-03T14:30:14Z,2026-06-29,1523T,Z. Stevens,,4
2026-07-03T14:30:14Z,2026-06-29,1523T,Niccolo Baroni,22,4
2026-07-03T14:30:14Z,2026-06-29,1523T,Zane Stevens,20,4
2026-07-03T14:30:14Z,2026-06-29,1525T,G. Albieri,,4
2026-07-03T14:30:14Z,2026-06-29,1525T,A. Lakshmanan,,4
2026-07-03T14:30:14Z,2026-06-29,1525T,G. Vulpitta,,4
2026-07-03T14:30:14Z,2026-06-29,1525T,Gustavo Albieri,18,4
2026-07-03T14:30:14Z,2026-06-29,1525T,Aryan Lakshmanan,21,4
2026-07-03T14:30:14Z,2026-06-29,1525T,Gabriele Vulpitta,21,4
2026-07-03T14:30:14Z,2026-06-29,1528,N. Rispoli,,4
2026-07-03T14:30:14Z,2026-06-29,1528,Nicola Rispoli,28,4
2026-07-03T14:30:14Z,2026-06-29,1529T,K. Kajin,,4
2026-07-03T14:30:14Z,2026-06-29,1529T,J. Penzlin,,4
2026-07-03T14:30:14Z,2026-06-29,1529T,Karlo Kajin,26,4
2026-07-03T14:30:14Z,2026-06-29,1529T,Julien Penzlin,24,4
2026-07-03T14:30:14Z,2026-06-29,1531T,R. Augusto Dos Santos,,4
2026-07-03T14:30:14Z,2026-06-29,1531T,E. Bulut,,4
2026-07-03T14:30:14Z,2026-06-29,1531T,A. Gurmendi,,4
2026-07-03T14:30:14Z,2026-06-29,1531T,M. Mikovic,,4
2026-07-03T14:30:14Z,2026-06-29,1531T,J. Navasirisomboon,,4
2026-07-03T14:30:14Z,2026-06-29,1531T,Ryan Augusto Dos Santos,22,4
2026-07-03T14:30:14Z,2026-06-29,1531T,Emirhan Bulut,20,4
2026-07-03T14:30:14Z,2026-06-29,1531T,Alexis Gurmendi,28,4
2026-07-03T14:30:14Z,2026-06-29,1531T,Mak Mikovic,20,4
2026-07-03T14:30:14Z,2026-06-29,1531T,Jirat Navasirisomboon,29,4
2026-07-03T14:30:14Z,2026-06-29,1536T,V. Guadagno,,4
2026-07-03T14:30:14Z,2026-06-29,1536T,S. Hodkin,,4
2026-07-03T14:30:14Z,2026-06-29,1536T,M. Kleiman,,4
2026-07-03T14:30:14Z,2026-06-29,1536T,Valentin Guadagno,20,4
2026-07-03T14:30:14Z,2026-06-29,1536T,Sean Hodkin,27,4
2026-07-03T14:30:14Z,2026-06-29,1536T,Matt Kleiman,24,4
2026-07-03T14:30:14Z,2026-06-29,1539T,O. Eerola,,4
2026-07-03T14:30:14Z,2026-06-29,1539T,J. Gallego,,4
2026-07-03T14:30:14Z,2026-06-29,1539T,L. Poertner,,4
2026-07-03T14:30:14Z,2026-06-29,1539T,S. Rybkin,,4
2026-07-03T14:30:14Z,2026-06-29,1539T,B. Sengul,,4
2026-07-03T14:30:14Z,2026-06-29,1539T,Oskari Eerola,24,4
2026-07-03T14:30:14Z,2026-06-29,1539T,Juan Ignacio Gallego,19,4
2026-07-03T14:30:14Z,2026-06-29,1539T,Lasse Poertner,20,4
2026-07-03T14:30:14Z,2026-06-29,1539T,Savva Rybkin,17,4
2026-07-03T14:30:14Z,2026-06-29,1539T,Bora Sengul,24,4
2026-07-03T14:30:14Z,2026-06-29,1544T,V. Breazu,,4
2026-07-03T14:30:14Z,2026-06-29,1544T,S. Corbinais,,4
2026-07-03T14:30:14Z,2026-06-29,1544T,V. Garay,,4
2026-07-03T14:30:14Z,2026-06-29,1544T,S. Jorgensen,,4
2026-07-03T14:30:14Z,2026-06-29,1544T,G. Schinteie,,4
2026-07-03T14:30:14Z,2026-06-29,1544T,G. Volpi,,4
2026-07-03T14:30:14Z,2026-06-29,1544T,Vlad Cristian Breazu,22,4
2026-07-03T14:30:14Z,2026-06-29,1544T,Sven Corbinais,23,4
2026-07-03T14:30:14Z,2026-06-29,1544T,Valentin Garay,19,4
2026-07-03T14:30:14Z,2026-06-29,1544T,Sebastian Grundtvig Jorgensen,25,4
2026-07-03T14:30:14Z,2026-06-29,1544T,Stevan Popovic,24,4
2026-07-03T14:30:14Z,2026-06-29,1544T,Gheorghe Claudiu Schinteie,24,4
2026-07-03T14:30:14Z,2026-06-29,1544T,Gabriele Volpi,30,4
2026-07-03T14:30:14Z,2026-06-29,1551T,G. Gandolfi,,4
2026-07-03T14:30:14Z,2026-06-29,1551T,E. Ivanisevic,,4
2026-07-03T14:30:14Z,2026-06-29,1551T,D. Naharro,,4
2026-07-03T14:30:14Z,2026-06-29,1551T,Giammarco Gandolfi,22,4
2026-07-03T14:30:14Z,2026-06-29,1551T,Emanuel Ivanisevic,18,4
2026-07-03T14:30:14Z,2026-06-29,1551T,David Naharro,22,4
2026-07-03T14:30:14Z,2026-06-29,1554T,M. Lazaro Juncadella,,4
2026-07-03T14:30:14Z,2026-06-29,1554T,K. Shibano,,4
2026-07-03T14:30:14Z,2026-06-29,1554T,Manel Lazaro Juncadella,20,4
2026-07-03T14:30:14Z,2026-06-29,1554T,Kosuke Shibano,30,4
2026-07-03T14:30:14Z,2026-06-29,1556T,B. Perez,,4
2026-07-03T14:30:14Z,2026-06-29,1556T,T. Stice,,4
2026-07-03T14:30:14Z,2026-06-29,1556T,Brandon Perez,26,4
2026-07-03T14:30:14Z,2026-06-29,1556T,Tyler Stice,25,4
2026-07-03T14:30:14Z,2026-06-29,1558T,K. Malirz,,4
2026-07-03T14:30:14Z,2026-06-29,1558T,S. Mencaglia,,4
2026-07-03T14:30:14Z,2026-06-29,1558T,D. Petrovic,,4
2026-07-03T14:30:14Z,2026-06-29,1558T,Karol Malirz,23,4
2026-07-03T14:30:14Z,2026-06-29,1558T,Silvio Mencaglia,21,4
2026-07-03T14:30:14Z,2026-06-29,1558T,Drazen Petrovic,23,4
2026-07-03T14:30:14Z,2026-06-29,1561,A. Arcon,,4
2026-07-03T14:30:14Z,2026-06-29,1561,Adrian Arcon,24,4
2026-07-03T14:30:14Z,2026-06-29,1562,Darrshan Suresh,25,4
2026-07-03T14:30:14Z,2026-06-29,1563,C. Giraldi,,4
2026-07-03T14:30:14Z,2026-06-29,1563,Carlos Giraldi,21,4
2026-07-03T14:30:14Z,2026-06-29,1564,A. Berger,,4
2026-07-03T14:30:14Z,2026-06-29,1564,Antoine Berger,28,4
2026-07-03T14:30:14Z,2026-06-29,1565T,A. Horoz,,4
2026-07-03T14:30:14Z,2026-06-29,1565T,T. Serrano Luis,,4
2026-07-03T14:30:14Z,2026-06-29,1565T,Alp Horoz,31,4
2026-07-03T14:30:14Z,2026-06-29,1565T,Tomas Serrano Luis,24,4
2026-07-03T14:30:14Z,2026-06-29,1567,X. Palomar,,4
2026-07-03T14:30:14Z,2026-06-29,1567,Xavi Palomar,18,4
2026-07-03T14:30:14Z,2026-06-29,1568,T. Meneo,,4
2026-07-03T14:30:14Z,2026-06-29,1568,Tadeo Meneo,21,4
2026-07-03T14:30:14Z,2026-06-29,1569,L. Garcia Paez,,4
2026-07-03T14:30:14Z,2026-06-29,1569,Luis Garcia Paez,20,4
2026-07-03T14:30:14Z,2026-06-29,1570,I. Kountourakis,,4
2026-07-03T14:30:14Z,2026-06-29,1570,Ioannis Kountourakis,23,4
2026-07-03T14:30:14Z,2026-06-29,1571,J. Graca,,4
2026-07-03T14:30:14Z,2026-06-29,1571,Joao Graca,25,4
2026-07-03T14:30:14Z,2026-06-29,1572T,B. Bolangi,,3
2026-07-03T14:30:14Z,2026-06-29,1572T,L. Britto,,3
2026-07-03T14:30:14Z,2026-06-29,1572T,L. Byers,,3
2026-07-03T14:30:14Z,2026-06-29,1572T,M. Guinard,,3
2026-07-03T14:30:14Z,2026-06-29,1572T,S. Iftikhar,,3
2026-07-03T14:30:14Z,2026-06-29,1572T,A. Kshitij,,3
2026-07-03T14:30:14Z,2026-06-29,1572T,C. Lock,,3
2026-07-03T14:30:14Z,2026-06-29,1572T,S. Montsi,,3
2026-07-03T14:30:14Z,2026-06-29,1572T,B. Mott,,3
2026-07-03T14:30:14Z,2026-06-29,1572T,K. Pannu,,3
2026-07-03T14:30:14Z,2026-06-29,1572T,R. Stalder,,3
2026-07-03T14:30:14Z,2026-06-29,1572T,P. Trhac,,3
2026-07-03T14:30:14Z,2026-06-29,1572T,M. Whitehouse,,3
2026-07-03T14:30:14Z,2026-06-29,1572T,Bienvenue Bolangi,24,3
2026-07-03T14:30:14Z,2026-06-29,1572T,Luis Britto,33,3
2026-07-03T14:30:14Z,2026-06-29,1572T,Loren Thomas Byers,24,3
2026-07-03T14:30:14Z,2026-06-29,1572T,Manuel Guinard,30,3
2026-07-03T14:30:14Z,2026-06-29,1572T,Samir Iftikhar,34,3
2026-07-03T14:30:14Z,2026-06-29,1572T,Aradhya Kshitij,17,3
2026-07-03T14:30:14Z,2026-06-29,1572T,Courtney John Lock,29,3
2026-07-03T14:30:14Z,2026-06-29,1572T,Siphosothando Montsi,26,3
2026-07-03T14:30:14Z,2026-06-29,1572T,Blake Mott,30,3
2026-07-03T14:30:14Z,2026-06-29,1572T,Kiranpal Pannu,29,3
2026-07-03T14:30:14Z,2026-06-29,1572T,Reese Stalder,29,3
2026-07-03T14:30:14Z,2026-06-29,1572T,Patrik Trhac,27,3
2026-07-03T14:30:14Z,2026-06-29,1572T,Mark Whitehouse,33,3
2026-07-03T14:30:14Z,2026-06-29,1585T,M. Dussault,,3
2026-07-03T14:30:14Z,2026-06-29,1585T,T. Hands,,3
2026-07-03T14:30:14Z,2026-06-29,1585T,O. Martinez De Freitas,,3
2026-07-03T14:30:14Z,2026-06-29,1585T,G. Tunas,,3
2026-07-03T14:30:14Z,2026-06-29,1585T,Maximus Dussault,19,3
2026-07-03T14:30:14Z,2026-06-29,1585T,Tom Hands,29,3
2026-07-03T14:30:14Z,2026-06-29,1585T,Oscar Andres Martinez De Freitas,20,3
2026-07-03T14:30:14Z,2026-06-29,1585T,Guillermo Tunas,25,3
2026-07-03T14:30:14Z,2026-06-29,1589T,J. Barki,,3
2026-07-03T14:30:14Z,2026-06-29,1589T,A. Lingua Lavallen,,3
2026-07-03T14:30:14Z,2026-06-29,1589T,H. Satara,,3
2026-07-03T14:30:14Z,2026-06-29,1589T,R. Senthil Kumar,,3
2026-07-03T14:30:14Z,2026-06-29,1589T,Justin Barki,26,3
2026-07-03T14:30:14Z,2026-06-29,1589T,Alejo Lorenzo Lingua Lavallen,25,3
2026-07-03T14:30:14Z,2026-06-29,1589T,Harrison Satara,19,3
2026-07-03T14:30:14Z,2026-06-29,1589T,Rethin Pranav Senthil Kumar,18,3
2026-07-03T14:30:14Z,2026-06-29,1593T,D. Clerc,,3
2026-07-03T14:30:14Z,2026-06-29,1593T,Y. Khalil,,3
2026-07-03T14:30:14Z,2026-06-29,1593T,T. Kwiatkowski,,3
2026-07-03T14:30:14Z,2026-06-29,1593T,P. Perez Navarro,,3
2026-07-03T14:30:14Z,2026-06-29,1593T,Damien Clerc,18,3
2026-07-03T14:30:14Z,2026-06-29,1593T,Yousaf Khalil,27,3
2026-07-03T14:30:14Z,2026-06-29,1593T,Thai-Son Kwiatkowski,31,3
2026-07-03T14:30:14Z,2026-06-29,1593T,Pablo Perez Navarro,18,3
2026-07-03T14:30:14Z,2026-06-29,1597T,W. Abderrahman,,3
2026-07-03T14:30:14Z,2026-06-29,1597T,F. Alberca De Las Casas,,3
2026-07-03T14:30:14Z,2026-06-29,1597T,A. Caruso,,3
2026-07-03T14:30:14Z,2026-06-29,1597T,C. Cruz,,3
2026-07-03T14:30:14Z,2026-06-29,1597T,W. Jansen,,3
2026-07-03T14:30:14Z,2026-06-29,1597T,P. Meszaros,,3
2026-07-03T14:30:14Z,2026-06-29,1597T,H. Ortenblad Nogueira,,3
2026-07-03T14:30:14Z,2026-06-29,1597T,A. Razeghi,,3
2026-07-03T14:30:14Z,2026-06-29,1597T,I. Strode,,3
2026-07-03T14:30:14Z,2026-06-29,1597T,I. Stroemberg,,3
2026-07-03T14:30:14Z,2026-06-29,1597T,Wissam Abderrahman,22,3
2026-07-03T14:30:14Z,2026-06-29,1597T,Fantino Alberca De Las Casas,21,3
2026-07-03T14:30:14Z,2026-06-29,1597T,Antonio Caruso,26,3
2026-07-03T14:30:14Z,2026-06-29,1597T,Cesar Cruz,19,3
2026-07-03T14:30:14Z,2026-06-29,1597T,William Jansen,21,3
2026-07-03T14:30:14Z,2026-06-29,1597T,Patrik Meszaros,20,3
2026-07-03T14:30:14Z,2026-06-29,1597T,Henrique Ortenblad Nogueira,23,3
2026-07-03T14:30:14Z,2026-06-29,1597T,Alexander Razeghi,20,3
2026-07-03T14:30:14Z,2026-06-29,1597T,Isaiah Strode,28,3
2026-07-03T14:30:14Z,2026-06-29,1597T,Isac Stroemberg,23,3
2026-07-03T14:30:14Z,2026-06-29,1607T,A. Chekhov,,3
2026-07-03T14:30:14Z,2026-06-29,1607T,C. Cosnet,,3
2026-07-03T14:30:14Z,2026-06-29,1607T,J. Vrba,,3
2026-07-03T14:30:14Z,2026-06-29,1607T,Anton Chekhov,33,3
2026-07-03T14:30:14Z,2026-06-29,1607T,Charlelie Cosnet,23,3
2026-07-03T14:30:14Z,2026-06-29,1607T,Jakub Vrba,21,3
2026-07-03T14:30:14Z,2026-06-29,1610T,K. Giese,,3
2026-07-03T14:30:14Z,2026-06-29,1610T,R. Watzka,,3
2026-07-03T14:30:14Z,2026-06-29,1610T,R. Zusman,,3
2026-07-03T14:30:14Z,2026-06-29,1610T,Kelly Giese,21,3
2026-07-03T14:30:14Z,2026-06-29,1610T,Robert Watzka,20,3
2026-07-03T14:30:14Z,2026-06-29,1610T,Richard Zusman,25,3
2026-07-03T14:30:14Z,2026-06-29,1613T,T. Davidov,,3
2026-07-03T14:30:14Z,2026-06-29,1613T,J. De Cuyper,,3
2026-07-03T14:30:14Z,2026-06-29,1613T,G. Madarasz,,3
2026-07-03T14:30:14Z,2026-06-29,1613T,V. Mohar,,3
2026-07-03T14:30:14Z,2026-06-29,1613T,M. Rajski,,3
2026-07-03T14:30:14Z,2026-06-29,1613T,V. Reisach,,3
2026-07-03T14:30:14Z,2026-06-29,1613T,A. Sabaliauskas,,3
2026-07-03T14:30:14Z,2026-06-29,1613T,A. Shvangiradze,,3
2026-07-03T14:30:14Z,2026-06-29,1613T,J. Weber,,3
2026-07-03T14:30:14Z,2026-06-29,1613T,Z. Zhao,,3
2026-07-03T14:30:14Z,2026-06-29,1613T,Teodor Davidov,15,3
2026-07-03T14:30:14Z,2026-06-29,1613T,Julien De Cuyper,27,3
2026-07-03T14:30:14Z,2026-06-29,1613T,Gergely Madarasz,31,3
2026-07-03T14:30:14Z,2026-06-29,1613T,Vid Mohar,20,3
2026-07-03T14:30:14Z,2026-06-29,1613T,Maciej Rajski,35,3
2026-07-03T14:30:14Z,2026-06-29,1613T,Vincent Jakob Reisach,17,3
2026-07-03T14:30:14Z,2026-06-29,1613T,Ainius Sabaliauskas,22,3
2026-07-03T14:30:14Z,2026-06-29,1613T,Aleksandre Shvangiradze,20,3
2026-07-03T14:30:14Z,2026-06-29,1613T,James Weber,19,3
2026-07-03T14:30:14Z,2026-06-29,1613T,Zhao Zhao,26,3
2026-07-03T14:30:14Z,2026-06-29,1623T,M. Furlanetto,,3
2026-07-03T14:30:14Z,2026-06-29,1623T,P. Galus,,3
2026-07-03T14:30:14Z,2026-06-29,1623T,G. Matijasic,,3
2026-07-03T14:30:14Z,2026-06-29,1623T,A. Witz,,3
2026-07-03T14:30:14Z,2026-06-29,1623T,Marco Furlanetto,25,3
2026-07-03T14:30:14Z,2026-06-29,1623T,Piotr Galus,25,3
2026-07-03T14:30:14Z,2026-06-29,1623T,Gasper Matijasic,18,3
2026-07-03T14:30:14Z,2026-06-29,1623T,Antonin Witz,17,3
2026-07-03T14:30:14Z,2026-06-29,1627,D. Wassermann,,3
2026-07-03T14:30:14Z,2026-06-29,1627,Deney Wassermann,25,3
2026-07-03T14:30:14Z,2026-06-29,1628T,M. Balciunas,,3
2026-07-03T14:30:14Z,2026-06-29,1628T,M. Latak,,3
2026-07-03T14:30:14Z,2026-06-29,1628T,J. Loutit,,3
2026-07-03T14:30:14Z,2026-06-29,1628T,P. Pohjola,,3
2026-07-03T14:30:14Z,2026-06-29,1628T,D. Pop,,3
2026-07-03T14:30:14Z,2026-06-29,1628T,S. Tange,,3
2026-07-03T14:30:14Z,2026-06-29,1628T,Manvydas Balciunas,20,3
2026-07-03T14:30:14Z,2026-06-29,1628T,Marcel Latak,17,3
2026-07-03T14:30:14Z,2026-06-29,1628T,Jack Loutit,22,3
2026-07-03T14:30:14Z,2026-06-29,1628T,Peetu Pohjola,25,3
2026-07-03T14:30:14Z,2026-06-29,1628T,Darius Florin Pop,22,3
2026-07-03T14:30:14Z,2026-06-29,1628T,Saki Tange,22,3
2026-07-03T14:30:14Z,2026-06-29,1634T,F. Geschwind,,3
2026-07-03T14:30:14Z,2026-06-29,1634T,D. Khazime,,3
2026-07-03T14:30:14Z,2026-06-29,1634T,S. Massellani,,3
2026-07-03T14:30:14Z,2026-06-29,1634T,A. Mihailovic,,3
2026-07-03T14:30:14Z,2026-06-29,1634T,R. Neimanis,,3
2026-07-03T14:30:14Z,2026-06-29,1634T,M. Sakellaridis,,3
2026-07-03T14:30:14Z,2026-06-29,1634T,J. Trainauskas,,3
2026-07-03T14:30:14Z,2026-06-29,1634T,Francisco Tomas Geschwind,23,3
2026-07-03T14:30:14Z,2026-06-29,1634T,Daniel Khazime,21,3
2026-07-03T14:30:14Z,2026-06-29,1634T,Simone Massellani,18,3
2026-07-03T14:30:14Z,2026-06-29,1634T,Aleksandar Mihailovic,23,3
2026-07-03T14:30:14Z,2026-06-29,1634T,Rihards Neimanis,21,3
2026-07-03T14:30:14Z,2026-06-29,1634T,Michalis Sakellaridis,25,3
2026-07-03T14:30:14Z,2026-06-29,1634T,Justas Trainauskas,24,3
2026-07-03T14:30:14Z,2026-06-29,1641T,H. Hashimoto,,3
2026-07-03T14:30:14Z,2026-06-29,1641T,A. Kobelt,,3
2026-07-03T14:30:14Z,2026-06-29,1641T,W. Kong,,3
2026-07-03T14:30:14Z,2026-06-29,1641T,T. Stepanov,,3
2026-07-03T14:30:14Z,2026-06-29,1641T,Hugo Hashimoto,23,3
2026-07-03T14:30:14Z,2026-06-29,1641T,Alex Kobelt,29,3
2026-07-03T14:30:14Z,2026-06-29,1641T,Weiyi Kong,18,3
2026-07-03T14:30:14Z,2026-06-29,1641T,Timofey Stepanov,22,3
2026-07-03T14:30:14Z,2026-06-29,1645T,J. Bianchi,,3
2026-07-03T14:30:14Z,2026-06-29,1645T,N. Cox,,3
2026-07-03T14:30:14Z,2026-06-29,1645T,H. Escurra Isnardi,,3
2026-07-03T14:30:14Z,2026-06-29,1645T,R. Nakamura,,3
2026-07-03T14:30:14Z,2026-06-29,1645T,A. Paparkar,,3
2026-07-03T14:30:14Z,2026-06-29,1645T,D. Shirokyi,,3
2026-07-03T14:30:14Z,2026-06-29,1645T,Juan Jose Bianchi,25,3
2026-07-03T14:30:14Z,2026-06-29,1645T,Nathan Cox,22,3
2026-07-03T14:30:14Z,2026-06-29,1645T,Hernando Jose Escurra Isnardi,28,3
2026-07-03T14:30:14Z,2026-06-29,1645T,Ren Nakamura,31,3
2026-07-03T14:30:14Z,2026-06-29,1645T,Arnav Vijay Paparkar,18,3
2026-07-03T14:30:14Z,2026-06-29,1645T,Dmytro Shirokyi,19,3
2026-07-03T14:30:14Z,2026-06-29,1651T,P. Alvarado,,3
2026-07-03T14:30:14Z,2026-06-29,1651T,N. Basic,,3
2026-07-03T14:30:14Z,2026-06-29,1651T,J. Gaines Jr,,3
2026-07-03T14:30:14Z,2026-06-29,1651T,N. Hollender,,3
2026-07-03T14:30:14Z,2026-06-29,1651T,D. Jovanovski,,3
2026-07-03T14:30:14Z,2026-06-29,1651T,Patricio Alvarado,36,3
2026-07-03T14:30:14Z,2026-06-29,1651T,Nikola Basic,24,3
2026-07-03T14:30:14Z,2026-06-29,1651T,Ye Chen,19,3
2026-07-03T14:30:14Z,2026-06-29,1651T,Jerrid Gaines Jr,17,3
2026-07-03T14:30:14Z,2026-06-29,1651T,Nicolas Hollender,24,3
2026-07-03T14:30:14Z,2026-06-29,1651T,Daniel Jovanovski,18,3
2026-07-03T14:30:14Z,2026-06-29,1657T,N. Brownrigg,,3
2026-07-03T14:30:14Z,2026-06-29,1657T,M. Chetouane,,3
2026-07-03T14:30:14Z,2026-06-29,1657T,D. Fix,,3
2026-07-03T14:30:14Z,2026-06-29,1657T,S. Heisnam,,3
2026-07-03T14:30:14Z,2026-06-29,1657T,K. Pantaratorn,,3
2026-07-03T14:30:14Z,2026-06-29,1657T,R. Postolka,,3
2026-07-03T14:30:14Z,2026-06-29,1657T,P. Trochu,,3
2026-07-03T14:30:14Z,2026-06-29,1657T,Noah Brownrigg,19,3
2026-07-03T14:30:14Z,2026-06-29,1657T,Mahmoud Chetouane,18,3
2026-07-03T14:30:14Z,2026-06-29,1657T,David Fix,21,3
2026-07-03T14:30:14Z,2026-06-29,1657T,Shanker Heisnam,19,3
2026-07-03T14:30:14Z,2026-06-29,1657T,Kunanan Pantaratorn,17,3
2026-07-03T14:30:14Z,2026-06-29,1657T,Roman Postolka,27,3
2026-07-03T14:30:14Z,2026-06-29,1657T,Pablo Trochu,22,3
2026-07-03T14:30:14Z,2026-06-29,1664T,V. Gonzalez-Galino,,3
2026-07-03T14:30:14Z,2026-06-29,1664T,G. Hornung,,3
2026-07-03T14:30:14Z,2026-06-29,1664T,S. Liu,,3
2026-07-03T14:30:14Z,2026-06-29,1664T,Valentin Gonzalez-Galino,17,3
2026-07-03T14:30:14Z,2026-06-29,1664T,Gabor Hornung,21,3
2026-07-03T14:30:14Z,2026-06-29,1664T,Shaoyun Liu,24,3
2026-07-03T14:30:14Z,2026-06-29,1667T,P. Bastiaansen,,3
2026-07-03T14:30:14Z,2026-06-29,1667T,K. Collignon,,3
2026-07-03T14:30:14Z,2026-06-29,1667T,P. De Almeida Santos,,3
2026-07-03T14:30:14Z,2026-06-29,1667T,S. Kamendje,,3
2026-07-03T14:30:14Z,2026-06-29,1667T,A. M'Chich,,3
2026-07-03T14:30:14Z,2026-06-29,1667T,M. Nannelli,,3
2026-07-03T14:30:14Z,2026-06-29,1667T,Y. Sborowsky,,3
2026-07-03T14:30:14Z,2026-06-29,1667T,E. Zanada,,3
2026-07-03T14:30:14Z,2026-06-29,1667T,Pepijn Bastiaansen,20,3
2026-07-03T14:30:14Z,2026-06-29,1667T,Kylian Collignon,21,3
2026-07-03T14:30:14Z,2026-06-29,1667T,Pedro Andre De Almeida Santos,21,3
2026-07-03T14:30:14Z,2026-06-29,1667T,Stephane Pierre-Jo Kamendje,19,3
2026-07-03T14:30:14Z,2026-06-29,1667T,Andrea M'Chich,20,3
2026-07-03T14:30:14Z,2026-06-29,1667T,Mattia Nannelli,21,3
2026-07-03T14:30:14Z,2026-06-29,1667T,Yoshka Sborowsky,19,3
2026-07-03T14:30:14Z,2026-06-29,1667T,Edoardo Zanada,25,3
2026-07-03T14:30:14Z,2026-06-29,1675T,A. Bellifemine,,3
2026-07-03T14:30:14Z,2026-06-29,1675T,M. Mouilleron Salvo,,3
2026-07-03T14:30:14Z,2026-06-29,1675T,Z. Nurlanuly,,3
2026-07-03T14:30:14Z,2026-06-29,1675T,Alessandro Bellifemine,25,3
2026-07-03T14:30:14Z,2026-06-29,1675T,Manuel Mouilleron Salvo,23,3
2026-07-03T14:30:14Z,2026-06-29,1675T,Zangar Nurlanuly,17,3
2026-07-03T14:30:14Z,2026-06-29,1678T,P. Aunion,,3
2026-07-03T14:30:14Z,2026-06-29,1678T,B. Hannestad,,3
2026-07-03T14:30:14Z,2026-06-29,1678T,Pablo Aunion,19,3
2026-07-03T14:30:14Z,2026-06-29,1678T,Benjamin Hannestad,29,3
2026-07-03T14:30:14Z,2026-06-29,1680T,D. Domingos,,3
2026-07-03T14:30:14Z,2026-06-29,1680T,B. Gusic - Wan,,3
2026-07-03T14:30:14Z,2026-06-29,1680T,Daniel Domingos,18,3
2026-07-03T14:30:14Z,2026-06-29,1680T,Benjamin Gusic - Wan,18,3
2026-07-03T14:30:14Z,2026-06-29,1682T,O. Grzegorzewski,,3
2026-07-03T14:30:14Z,2026-06-29,1682T,J. Klimas,,3
2026-07-03T14:30:14Z,2026-06-29,1682T,N. Mikovic,,3
2026-07-03T14:30:14Z,2026-06-29,1682T,B. Torcq,,3
2026-07-03T14:30:14Z,2026-06-29,1682T,C. Tufekci,,3
2026-07-03T14:30:14Z,2026-06-29,1682T,Oskar Grzegorzewski,21,3
2026-07-03T14:30:14Z,2026-06-29,1682T,Jan Klimas,19,3
2026-07-03T14:30:14Z,2026-06-29,1682T,Nik Mikovic,21,3
2026-07-03T14:30:14Z,2026-06-29,1682T,Benoit Torcq,20,3
2026-07-03T14:30:14Z,2026-06-29,1682T,Cagan Efe Tufekci,22,3
2026-07-03T14:30:14Z,2026-06-29,1687T,L. Cattaneo,,3
2026-07-03T14:30:14Z,2026-06-29,1687T,L. Delicata,,3
2026-07-03T14:30:14Z,2026-06-29,1687T,F. Jiang,,3
2026-07-03T14:30:14Z,2026-06-29,1687T,A. Peiro Serrano,,3
2026-07-03T14:30:14Z,2026-06-29,1687T,E. Talavera Cortes,,3
2026-07-03T14:30:14Z,2026-06-29,1687T,F. Valle,,3
2026-07-03T14:30:14Z,2026-06-29,1687T,Leonardo Cattaneo,20,3
2026-07-03T14:30:14Z,2026-06-29,1687T,Liam Delicata,25,3
2026-07-03T14:30:14Z,2026-06-29,1687T,Fumin Jiang,18,3
2026-07-03T14:30:14Z,2026-06-29,1687T,Alvaro Peiro Serrano,22,3
2026-07-03T14:30:14Z,2026-06-29,1687T,Esteban Talavera Cortes,21,3
2026-07-03T14:30:14Z,2026-06-29,1687T,Federico Valle,26,3
2026-07-03T14:30:14Z,2026-06-29,1693T,D. Batista,,3
2026-07-03T14:30:14Z,2026-06-29,1693T,A. Coccioli,,3
2026-07-03T14:30:14Z,2026-06-29,1693T,J. Fradkin,,3
2026-07-03T14:30:14Z,2026-06-29,1693T,C. Holder,,3
2026-07-03T14:30:14Z,2026-06-29,1693T,A. Lopez Escribano,,3
2026-07-03T14:30:14Z,2026-06-29,1693T,Daniel Batista,27,3
2026-07-03T14:30:14Z,2026-06-29,1693T,Alessandro Coccioli,23,3
2026-07-03T14:30:14Z,2026-06-29,1693T,Jeffrey Fradkin,24,3
2026-07-03T14:30:14Z,2026-06-29,1693T,Carl Holder,19,3
2026-07-03T14:30:14Z,2026-06-29,1693T,Alejandro Lopez Escribano,20,3
2026-07-03T14:30:14Z,2026-06-29,1698T,K. Mabrouk,,3
2026-07-03T14:30:14Z,2026-06-29,1698T,T. Sickenberger,,3
2026-07-03T14:30:14Z,2026-06-29,1698T,A. Susanto,,3
2026-07-03T14:30:14Z,2026-06-29,1698T,P. Tailleu,,3
2026-07-03T14:30:14Z,2026-06-29,1698T,O. Vasser,,3
2026-07-03T14:30:14Z,2026-06-29,1698T,Karim Mabrouk,19,3
2026-07-03T14:30:14Z,2026-06-29,1698T,Tom Sickenberger,19,3
2026-07-03T14:30:14Z,2026-06-29,1698T,Anthony Susanto,29,3
2026-07-03T14:30:14Z,2026-06-29,1698T,Pierre Antoine Tailleu,22,3
2026-07-03T14:30:14Z,2026-06-29,1698T,Oren Vasser,26,3
2026-07-03T14:30:14Z,2026-06-29,1703,A. Farag Cao,,3
2026-07-03T14:30:14Z,2026-06-29,1703,Adam Farag Cao,18,3
2026-07-03T14:30:14Z,2026-06-29,1704,D. Verbeek,,3
2026-07-03T14:30:14Z,2026-06-29,1704,Daniel Verbeek,22,3
2026-07-03T14:30:14Z,2026-06-29,1705,L. Bataljin,,3
2026-07-03T14:30:14Z,2026-06-29,1705,Lawrence Bataljin,30,3
2026-07-03T14:30:14Z,2026-06-29,1706T,N. Chappell,,2
2026-07-03T14:30:14Z,2026-06-29,1706T,C. Doig,,2
2026-07-03T14:30:14Z,2026-06-29,1706T,N. Fathalla,,2
2026-07-03T14:30:14Z,2026-06-29,1706T,N. Lammons,,2
2026-07-03T14:30:14Z,2026-06-29,1706T,I. Liutarevich,,2
2026-07-03T14:30:14Z,2026-06-29,1706T,M. Mansilla Diez,,2
2026-07-03T14:30:14Z,2026-06-29,1706T,P. Manzano Lapuerta,,2
2026-07-03T14:30:14Z,2026-06-29,1706T,D. Munoz,,2
2026-07-03T14:30:14Z,2026-06-29,1706T,R. Murali,,2
2026-07-03T14:30:14Z,2026-06-29,1706T,I. Novo,,2
2026-07-03T14:30:14Z,2026-06-29,1706T,B. Pujol Navarro,,2
2026-07-03T14:30:14Z,2026-06-29,1706T,M. Purcell,,2
2026-07-03T14:30:14Z,2026-06-29,1706T,P. Ricci,,2
2026-07-03T14:30:14Z,2026-06-29,1706T,C. Rodriguez,,2
2026-07-03T14:30:14Z,2026-06-29,1706T,O. Solis Encinas,,2
2026-07-03T14:30:14Z,2026-06-29,1706T,A. Urrea,,2
2026-07-03T14:30:14Z,2026-06-29,1706T,S. Watanabe,,2
2026-07-03T14:30:14Z,2026-06-29,1706T,T. Zurmendi,,2
2026-07-03T14:30:14Z,2026-06-29,1706T,Nick Chappell,33,2
2026-07-03T14:30:14Z,2026-06-29,1706T,Connor Doig,18,2
2026-07-03T14:30:14Z,2026-06-29,1706T,Nour Fathalla,19,2
2026-07-03T14:30:14Z,2026-06-29,1706T,Nathaniel Lammons,32,2
2026-07-03T14:30:14Z,2026-06-29,1706T,Ivan Liutarevich,30,2
2026-07-03T14:30:14Z,2026-06-29,1706T,Mario Mansilla Diez,24,2
2026-07-03T14:30:14Z,2026-06-29,1706T,Pablo Manzano Lapuerta,24,2
2026-07-03T14:30:14Z,2026-06-29,1706T,Diego Munoz,20,2
2026-07-03T14:30:14Z,2026-06-29,1706T,Rohan Murali,21,2
2026-07-03T14:30:14Z,2026-06-29,1706T,Ignacio Novo,25,2
2026-07-03T14:30:14Z,2026-06-29,1706T,Bruno Pujol Navarro,24,2
2026-07-03T14:30:14Z,2026-06-29,1706T,Max Purcell,28,2
2026-07-03T14:30:14Z,2026-06-29,1706T,Pietro Ricci,17,2
2026-07-03T14:30:14Z,2026-06-29,1706T,Cristian Rodriguez,36,2
2026-07-03T14:30:14Z,2026-06-29,1706T,Oliver Andre Solis Encinas,17,2
2026-07-03T14:30:14Z,2026-06-29,1706T,Andres Urrea,31,2
2026-07-03T14:30:14Z,2026-06-29,1706T,Seita Watanabe,25,2
2026-07-03T14:30:14Z,2026-06-29,1706T,Tomas Zurmendi,17,2
2026-07-03T14:30:14Z,2026-06-29,1724T,I. Abd Hazli,,2
2026-07-03T14:30:14Z,2026-06-29,1724T,D. Bakonyi,,2
2026-07-03T14:30:14Z,2026-06-29,1724T,V. Conte,,2
2026-07-03T14:30:14Z,2026-06-29,1724T,S. Danilov,,2
2026-07-03T14:30:14Z,2026-06-29,1724T,N. Filin,,2
2026-07-03T14:30:14Z,2026-06-29,1724T,E. Gonzalez,,2
2026-07-03T14:30:14Z,2026-06-29,1724T,S. Jayaraman,,2
2026-07-03T14:30:14Z,2026-06-29,1724T,M. Kalovelonis,,2
2026-07-03T14:30:14Z,2026-06-29,1724T,H. Rivera,,2
2026-07-03T14:30:14Z,2026-06-29,1724T,T. Srirat,,2
2026-07-03T14:30:14Z,2026-06-29,1724T,N. Trouve,,2
2026-07-03T14:30:14Z,2026-06-29,1724T,B. Wiger Nordas,,2
2026-07-03T14:30:14Z,2026-06-29,1724T,Imran Daniel Abd Hazli,21,2
2026-07-03T14:30:14Z,2026-06-29,1724T,David Bakonyi,19,2
2026-07-03T14:30:14Z,2026-06-29,1724T,Valentino Conte,21,2
2026-07-03T14:30:14Z,2026-06-29,1724T,Savriyan Danilov,26,2
2026-07-03T14:30:14Z,2026-06-29,1724T,Nikita Samuel Filin,20,2
2026-07-03T14:30:14Z,2026-06-29,1724T,Eudald Gonzalez,18,2
2026-07-03T14:30:14Z,2026-06-29,1724T,Saahith Jayaraman,20,2
2026-07-03T14:30:14Z,2026-06-29,1724T,Markos Kalovelonis,32,2
2026-07-03T14:30:14Z,2026-06-29,1724T,Benjamin Perez,17,2
2026-07-03T14:30:14Z,2026-06-29,1724T,Hudson Rivera,22,2
2026-07-03T14:30:14Z,2026-06-29,1724T,Tanakorn Srirat,24,2
2026-07-03T14:30:14Z,2026-06-29,1724T,Nathan Trouve,20,2
2026-07-03T14:30:14Z,2026-06-29,1724T,Baltazar Wiger Nordas,22,2
2026-07-03T14:30:14Z,2026-06-29,1737T,M. Benchakroun,,2
2026-07-03T14:30:14Z,2026-06-29,1737T,B. Berenz,,2
2026-07-03T14:30:14Z,2026-06-29,1737T,B. Bobrov,,2
2026-07-03T14:30:14Z,2026-06-29,1737T,C. Craig,,2
2026-07-03T14:30:14Z,2026-06-29,1737T,I. De Armas,,2
2026-07-03T14:30:14Z,2026-06-29,1737T,D. Duran,,2
2026-07-03T14:30:14Z,2026-06-29,1737T,C. Gayk,,2
2026-07-03T14:30:14Z,2026-06-29,1737T,G. Georgiev,,2
2026-07-03T14:30:14Z,2026-06-29,1737T,O. Johansson,,2
2026-07-03T14:30:14Z,2026-06-29,1737T,B. Kisantal,,2
2026-07-03T14:30:14Z,2026-06-29,1737T,S. Klaassen,,2
2026-07-03T14:30:14Z,2026-06-29,1737T,C. Kucukhuseyin,,2
2026-07-03T14:30:14Z,2026-06-29,1737T,O. Lacides,,2
2026-07-03T14:30:14Z,2026-06-29,1737T,I. Marchenko,,2
2026-07-03T14:30:14Z,2026-06-29,1737T,Y. Shyla,,2
2026-07-03T14:30:14Z,2026-06-29,1737T,L. Sloboda,,2
2026-07-03T14:30:14Z,2026-06-29,1737T,F. Speziali,,2
2026-07-03T14:30:14Z,2026-06-29,1737T,B. Vitter,,2
2026-07-03T14:30:14Z,2026-06-29,1737T,N. Volonski,,2
2026-07-03T14:30:14Z,2026-06-29,1737T,S. Zhu,,2
2026-07-03T14:30:14Z,2026-06-29,1737T,Mehdi Benchakroun,22,2
2026-07-03T14:30:14Z,2026-06-29,1737T,Bastian Berenz,18,2
2026-07-03T14:30:14Z,2026-06-29,1737T,Bogdan Bobrov,28,2
2026-07-03T14:30:14Z,2026-06-29,1737T,Corey Craig,22,2
2026-07-03T14:30:14Z,2026-06-29,1737T,Ignacio De Armas,17,2
2026-07-03T14:30:14Z,2026-06-29,1737T,Diego Duran,21,2
2026-07-03T14:30:14Z,2026-06-29,1737T,Christoph Gayk,20,2
2026-07-03T14:30:14Z,2026-06-29,1737T,Georgi Georgiev,19,2
2026-07-03T14:30:14Z,2026-06-29,1737T,Oliver Johansson,25,2
2026-07-03T14:30:14Z,2026-06-29,1737T,Botond Kisantal,20,2
2026-07-03T14:30:14Z,2026-06-29,1737T,Stian Klaassen,23,2
2026-07-03T14:30:14Z,2026-06-29,1737T,Cem Christopher Kucukhuseyin,19,2
2026-07-03T14:30:14Z,2026-06-29,1737T,Oscar Lacides,21,2
2026-07-03T14:30:14Z,2026-06-29,1737T,Illya Marchenko,38,2
2026-07-03T14:30:14Z,2026-06-29,1737T,Agustín Salazar Salazar,22,2
2026-07-03T14:30:14Z,2026-06-29,1737T,Yaraslav Shyla,33,2
2026-07-03T14:30:14Z,2026-06-29,1737T,Leon Sloboda,17,2
2026-07-03T14:30:14Z,2026-06-29,1737T,Filippo Speziali,26,2
2026-07-03T14:30:14Z,2026-06-29,1737T,Benjamin Vitter,23,2
2026-07-03T14:30:14Z,2026-06-29,1737T,Nikita Volonski,24,2
2026-07-03T14:30:14Z,2026-06-29,1737T,Shixun Zhu,19,2
2026-07-03T14:30:14Z,2026-06-29,1758T,Y. Bai,,2
2026-07-03T14:30:14Z,2026-06-29,1758T,R. Ciurnelli,,2
2026-07-03T14:30:14Z,2026-06-29,1758T,O. Horak,,2
2026-07-03T14:30:14Z,2026-06-29,1758T,H. Koay,,2
2026-07-03T14:30:14Z,2026-06-29,1758T,P. Kumar,,2
2026-07-03T14:30:14Z,2026-06-29,1758T,M. Milosavljevic,,2
2026-07-03T14:30:14Z,2026-06-29,1758T,K. Santos Gava,,2
2026-07-03T14:30:14Z,2026-06-29,1758T,E. Stephenson,,2
2026-07-03T14:30:14Z,2026-06-29,1758T,V. Tonejc,,2
2026-07-03T14:30:14Z,2026-06-29,1758T,K. Zhzhenov,,2
2026-07-03T14:30:14Z,2026-06-29,1758T,Yan Bai,37,2
2026-07-03T14:30:14Z,2026-06-29,1758T,Raffaele Ciurnelli,18,2
2026-07-03T14:30:14Z,2026-06-29,1758T,Ondrej Horak,23,2
2026-07-03T14:30:14Z,2026-06-29,1758T,Hao Sheng Koay,27,2
2026-07-03T14:30:14Z,2026-06-29,1758T,Pranav Kumar,26,2
2026-07-03T14:30:14Z,2026-06-29,1758T,Marko Milosavljevic,19,2
2026-07-03T14:30:14Z,2026-06-29,1758T,Kaua Lorenzo Santos Gava,22,2
2026-07-03T14:30:14Z,2026-06-29,1758T,Eli Stephenson,21,2
2026-07-03T14:30:14Z,2026-06-29,1758T,Vito Tonejc,26,2
2026-07-03T14:30:14Z,2026-06-29,1758T,Konstantin Zhzhenov,22,2
2026-07-03T14:30:14Z,2026-06-29,1768T,W. Ahouda,,2
2026-07-03T14:30:14Z,2026-06-29,1768T,T. Berard,,2
2026-07-03T14:30:14Z,2026-06-29,1768T,T. Braithwaite,,2
2026-07-03T14:30:14Z,2026-06-29,1768T,E. Burnett,,2
2026-07-03T14:30:14Z,2026-06-29,1768T,P. Jovanovic,,2
2026-07-03T14:30:14Z,2026-06-29,1768T,D. Kisimov,,2
2026-07-03T14:30:14Z,2026-06-29,1768T,M. Ko,,2
2026-07-03T14:30:14Z,2026-06-29,1768T,Y. Lahjomri,,2
2026-07-03T14:30:14Z,2026-06-29,1768T,P. Michnev,,2
2026-07-03T14:30:14Z,2026-06-29,1768T,D. Morais,,2
2026-07-03T14:30:14Z,2026-06-29,1768T,M. Park,,2
2026-07-03T14:30:14Z,2026-06-29,1768T,J. Paz,,2
2026-07-03T14:30:14Z,2026-06-29,1768T,M. Pizzigoni,,2
2026-07-03T14:30:14Z,2026-06-29,1768T,B. Reinhard,,2
2026-07-03T14:30:14Z,2026-06-29,1768T,M. Rocens,,2
2026-07-03T14:30:14Z,2026-06-29,1768T,M. Statham,,2
2026-07-03T14:30:14Z,2026-06-29,1768T,Walid Ahouda,22,2
2026-07-03T14:30:14Z,2026-06-29,1768T,Tristan Berard,21,2
2026-07-03T14:30:14Z,2026-06-29,1768T,Thomas Braithwaite,26,2
2026-07-03T14:30:14Z,2026-06-29,1768T,Evan Burnett,20,2
2026-07-03T14:30:14Z,2026-06-29,1768T,Petar Jovanovic,22,2
2026-07-03T14:30:14Z,2026-06-29,1768T,Dimitar Kisimov,18,2
2026-07-03T14:30:14Z,2026-06-29,1768T,Min Ho Ko,18,2
2026-07-03T14:30:14Z,2026-06-29,1768T,Yazid Lahjomri,21,2
2026-07-03T14:30:14Z,2026-06-29,1768T,Jordan Lee,16,2
2026-07-03T14:30:14Z,2026-06-29,1768T,Petr Michnev,36,2
2026-07-03T14:30:14Z,2026-06-29,1768T,Diogo Morais,21,2
2026-07-03T14:30:14Z,2026-06-29,1768T,Minjong Park,24,2
2026-07-03T14:30:14Z,2026-06-29,1768T,Juan Pablo Paz,31,2
2026-07-03T14:30:14Z,2026-06-29,1768T,Massimo Pizzigoni,20,2
2026-07-03T14:30:14Z,2026-06-29,1768T,Bengt Johan Reinhard,19,2
2026-07-03T14:30:14Z,2026-06-29,1768T,Martins Rocens,26,2
2026-07-03T14:30:14Z,2026-06-29,1768T,Mikal Statham,39,2
2026-07-03T14:30:14Z,2026-06-29,1785T,R. Horiuchi,,2
2026-07-03T14:30:14Z,2026-06-29,1785T,K. Kosaner,,2
2026-07-03T14:30:14Z,2026-06-29,1785T,B. Zhang,,2
2026-07-03T14:30:14Z,2026-06-29,1785T,Ryusuke Horiuchi,27,2
2026-07-03T14:30:14Z,2026-06-29,1785T,Kaan Isik Kosaner,17,2
2026-07-03T14:30:14Z,2026-06-29,1785T,Boxiong Zhang,19,2
2026-07-03T14:30:14Z,2026-06-29,1788T,S. Agostini,,2
2026-07-03T14:30:14Z,2026-06-29,1788T,S. Betov,,2
2026-07-03T14:30:14Z,2026-06-29,1788T,T. Boosarawongse,,2
2026-07-03T14:30:14Z,2026-06-29,1788T,A. Bronzetti,,2
2026-07-03T14:30:14Z,2026-06-29,1788T,N. Dayal,,2
2026-07-03T14:30:14Z,2026-06-29,1788T,M. Dedura-Palomero,,2
2026-07-03T14:30:14Z,2026-06-29,1788T,F. Dreer,,2
2026-07-03T14:30:14Z,2026-06-29,1788T,T. Grandinetti,,2
2026-07-03T14:30:14Z,2026-06-29,1788T,W. Lee,,2
2026-07-03T14:30:14Z,2026-06-29,1788T,C. Meng,,2
2026-07-03T14:30:14Z,2026-06-29,1788T,E. Mohamed Sherif,,2
2026-07-03T14:30:14Z,2026-06-29,1788T,D. Nedev,,2
2026-07-03T14:30:14Z,2026-06-29,1788T,V. Ovchinnikov,,2
2026-07-03T14:30:14Z,2026-06-29,1788T,I. Palavestra,,2
2026-07-03T14:30:14Z,2026-06-29,1788T,S. Park,,2
2026-07-03T14:30:14Z,2026-06-29,1788T,L. Rocha,,2
2026-07-03T14:30:14Z,2026-06-29,1788T,K. Thompson,,2
2026-07-03T14:30:14Z,2026-06-29,1788T,V. Vanta,,2
2026-07-03T14:30:14Z,2026-06-29,1788T,Simone Agostini,29,2
2026-07-03T14:30:14Z,2026-06-29,1788T,Sergey Betov,38,2
2026-07-03T14:30:14Z,2026-06-29,1788T,Thanaphat Boosarawongse,20,2
2026-07-03T14:30:14Z,2026-06-29,1788T,Alberto Bronzetti,28,2
2026-07-03T14:30:14Z,2026-06-29,1788T,Nav Dayal,19,2
2026-07-03T14:30:14Z,2026-06-29,1788T,Mariano Dedura-Palomero,20,2
2026-07-03T14:30:14Z,2026-06-29,1788T,Felipe Dreer,20,2
2026-07-03T14:30:14Z,2026-06-29,1788T,Tobia Grandinetti,22,2
2026-07-03T14:30:14Z,2026-06-29,1788T,Kaigaoge Kang,17,2
2026-07-03T14:30:14Z,2026-06-29,1788T,Jea Moon Lee,32,2
2026-07-03T14:30:14Z,2026-06-29,1788T,Woong Bi Lee,21,2
2026-07-03T14:30:14Z,2026-06-29,1788T,Cing-Yang Meng,27,2
2026-07-03T14:30:14Z,2026-06-29,1788T,Eyad Reda Ezzat Mohamed Sherif,18,2
2026-07-03T14:30:14Z,2026-06-29,1788T,Dian Nedev,25,2
2026-07-03T14:30:14Z,2026-06-29,1788T,Viacheslav Ovchinnikov,23,2
2026-07-03T14:30:14Z,2026-06-29,1788T,Ilija Palavestra,18,2
2026-07-03T14:30:14Z,2026-06-29,1788T,Seungmin Park,20,2
2026-07-03T14:30:14Z,2026-06-29,1788T,David Petrovic,21,2
2026-07-03T14:30:14Z,2026-06-29,1788T,Lautaro Rocha,19,2
2026-07-03T14:30:14Z,2026-06-29,1788T,Kai Thompson,17,2
2026-07-03T14:30:14Z,2026-06-29,1788T,Valentin Vanta,28,2
2026-07-03T14:30:14Z,2026-06-29,1809T,H. Kawanishi,,2
2026-07-03T14:30:14Z,2026-06-29,1809T,A. Lobanov,,2
2026-07-03T14:30:14Z,2026-06-29,1809T,M. Martinez,,2
2026-07-03T14:30:14Z,2026-06-29,1809T,S. Pesino,,2
2026-07-03T14:30:14Z,2026-06-29,1809T,Hyu Kawanishi,17,2
2026-07-03T14:30:14Z,2026-06-29,1809T,Aleksandr Lobanov,25,2
2026-07-03T14:30:14Z,2026-06-29,1809T,Mikel Martinez,25,2
2026-07-03T14:30:14Z,2026-06-29,1809T,Santiago Pesino,19,2
2026-07-03T14:30:14Z,2026-06-29,1813T,D. Amarandei,,2
2026-07-03T14:30:14Z,2026-06-29,1813T,L. Angeloni,,2
2026-07-03T14:30:14Z,2026-06-29,1813T,H. Best,,2
2026-07-03T14:30:14Z,2026-06-29,1813T,I. Dreycopp,,2
2026-07-03T14:30:14Z,2026-06-29,1813T,M. Kriznik,,2
2026-07-03T14:30:14Z,2026-06-29,1813T,A. Laborde,,2
2026-07-03T14:30:14Z,2026-06-29,1813T,E. Lagarde,,2
2026-07-03T14:30:14Z,2026-06-29,1813T,J. Leroux,,2
2026-07-03T14:30:14Z,2026-06-29,1813T,M. Nikolic,,2
2026-07-03T14:30:14Z,2026-06-29,1813T,A. Orlikowski,,2
2026-07-03T14:30:14Z,2026-06-29,1813T,D. Ortiz Gamonsl,,2
2026-07-03T14:30:14Z,2026-06-29,1813T,H. Ouzilou,,2
2026-07-03T14:30:14Z,2026-06-29,1813T,N. Senn,,2
2026-07-03T14:30:14Z,2026-06-29,1813T,G. Trismuwantara,,2
2026-07-03T14:30:14Z,2026-06-29,1813T,B. Yin,,2
2026-07-03T14:30:14Z,2026-06-29,1813T,L. Zhao,,2
2026-07-03T14:30:14Z,2026-06-29,1813T,Daniel Aleksandar Amarandei,18,2
2026-07-03T14:30:14Z,2026-06-29,1813T,Leonardo Angeloni,21,2
2026-07-03T14:30:14Z,2026-06-29,1813T,Henry Best,19,2
2026-07-03T14:30:14Z,2026-06-29,1813T,Ivan Dreycopp,22,2
2026-07-03T14:30:14Z,2026-06-29,1813T,Matic Kriznik,20,2
2026-07-03T14:30:14Z,2026-06-29,1813T,Arthur Laborde,22,2
2026-07-03T14:30:14Z,2026-06-29,1813T,Espen Lagarde,24,2
2026-07-03T14:30:14Z,2026-06-29,1813T,Karl Kazuma Lee,23,2
2026-07-03T14:30:14Z,2026-06-29,1813T,Jules Leroux,20,2
2026-07-03T14:30:14Z,2026-06-29,1813T,Marko Nikolic,21,2
2026-07-03T14:30:14Z,2026-06-29,1813T,Aleksander Orlikowski,22,2
2026-07-03T14:30:14Z,2026-06-29,1813T,Diego Ortiz Gamonsl,22,2
2026-07-03T14:30:14Z,2026-06-29,1813T,Hugo Ouzilou,22,2
2026-07-03T14:30:14Z,2026-06-29,1813T,Nicola Senn,22,2
2026-07-03T14:30:14Z,2026-06-29,1813T,Gunawan Trismuwantara,23,2
2026-07-03T14:30:14Z,2026-06-29,1813T,Bang Shuo Yin,27,2
2026-07-03T14:30:14Z,2026-06-29,1813T,Lingxi Zhao,26,2
2026-07-03T14:30:14Z,2026-06-29,1830T,J. Molino,,2
2026-07-03T14:30:14Z,2026-06-29,1830T,K. Xu,,2
2026-07-03T14:30:14Z,2026-06-29,1830T,Javier Molino,25,2
2026-07-03T14:30:14Z,2026-06-29,1830T,Kuang Qing Xu,20,2
2026-07-03T14:30:14Z,2026-06-29,1832T,L. Aerne,,2
2026-07-03T14:30:14Z,2026-06-29,1832T,A. Canter,,2
2026-07-03T14:30:14Z,2026-06-29,1832T,H. Cardinaud,,2
2026-07-03T14:30:14Z,2026-06-29,1832T,M. Carrascosa Diaz,,2
2026-07-03T14:30:14Z,2026-06-29,1832T,G. Ciocca,,2
2026-07-03T14:30:14Z,2026-06-29,1832T,J. Fuentes Vasquez,,2
2026-07-03T14:30:14Z,2026-06-29,1832T,G. Hausberger,,2
2026-07-03T14:30:14Z,2026-06-29,1832T,P. Homola,,2
2026-07-03T14:30:14Z,2026-06-29,1832T,D. Lara Salmeron,,2
2026-07-03T14:30:14Z,2026-06-29,1832T,J. Lenders,,2
2026-07-03T14:30:14Z,2026-06-29,1832T,R. Serazhetdinov,,2
2026-07-03T14:30:14Z,2026-06-29,1832T,L. Simkiss,,2
2026-07-03T14:30:14Z,2026-06-29,1832T,A. Spadola,,2
2026-07-03T14:30:14Z,2026-06-29,1832T,Y. Taka,,2
2026-07-03T14:30:14Z,2026-06-29,1832T,Z. Zheng,,2
2026-07-03T14:30:14Z,2026-06-29,1832T,I. Zimmermann,,2
2026-07-03T14:30:14Z,2026-06-29,1832T,Laurin Aerne,27,2
2026-07-03T14:30:14Z,2026-06-29,1832T,Alexis Canter,28,2
2026-07-03T14:30:14Z,2026-06-29,1832T,Hugo Cardinaud,22,2
2026-07-03T14:30:14Z,2026-06-29,1832T,Maxi Carrascosa Diaz,18,2
2026-07-03T14:30:14Z,2026-06-29,1832T,Giovanni Ciocca,19,2
2026-07-03T14:30:14Z,2026-06-29,1832T,Juan Carlos Fuentes Vasquez,20,2
2026-07-03T14:30:14Z,2026-06-29,1832T,Gregor Hausberger,23,2
2026-07-03T14:30:14Z,2026-06-29,1832T,Patrik Homola,22,2
2026-07-03T14:30:14Z,2026-06-29,1832T,Daniel Lara Salmeron,25,2
2026-07-03T14:30:14Z,2026-06-29,1832T,Justin Lenders,18,2
2026-07-03T14:30:14Z,2026-06-29,1832T,Ruslan Serazhetdinov,21,2
2026-07-03T14:30:14Z,2026-06-29,1832T,Luke Simkiss,27,2
2026-07-03T14:30:14Z,2026-06-29,1832T,Alessandro Spadola,23,2
2026-07-03T14:30:14Z,2026-06-29,1832T,Yua Taka,23,2
2026-07-03T14:30:14Z,2026-06-29,1832T,Zhan Zheng,23,2
2026-07-03T14:30:14Z,2026-06-29,1832T,Ilias Zimmermann,25,2
2026-07-03T14:30:14Z,2026-06-29,1848T,S. Dominguez,,2
2026-07-03T14:30:14Z,2026-06-29,1848T,P. Pampanin,,2
2026-07-03T14:30:14Z,2026-06-29,1848T,Sebastian Dominguez,24,2
2026-07-03T14:30:14Z,2026-06-29,1848T,Pietro Pampanin,23,2
2026-07-03T14:30:14Z,2026-06-29,1850T,M. Clark,,2
2026-07-03T14:30:14Z,2026-06-29,1850T,L. Couturier,,2
2026-07-03T14:30:14Z,2026-06-29,1850T,J. De Jager,,2
2026-07-03T14:30:14Z,2026-06-29,1850T,C. Hou,,2
2026-07-03T14:30:14Z,2026-06-29,1850T,A. Malik,,2
2026-07-03T14:30:14Z,2026-06-29,1850T,A. Nuñez Vera,,2
2026-07-03T14:30:14Z,2026-06-29,1850T,A. Paolini,,2
2026-07-03T14:30:14Z,2026-06-29,1850T,M. Spiering,,2
2026-07-03T14:30:14Z,2026-06-29,1850T,M. Todoran,,2
2026-07-03T14:30:14Z,2026-06-29,1850T,Miles Clark,26,2
2026-07-03T14:30:14Z,2026-06-29,1850T,Lenny Couturier,17,2
2026-07-03T14:30:14Z,2026-06-29,1850T,Jesse De Jager,24,2
2026-07-03T14:30:14Z,2026-06-29,1850T,Chun-Chien Hou,20,2
2026-07-03T14:30:14Z,2026-06-29,1850T,Ajay Malik,23,2
2026-07-03T14:30:14Z,2026-06-29,1850T,Alex Santino Nuñez Vera,18,2
2026-07-03T14:30:14Z,2026-06-29,1850T,Andrea Paolini,23,2
2026-07-03T14:30:14Z,2026-06-29,1850T,Marvin Bernardo Spiering,28,2
2026-07-03T14:30:14Z,2026-06-29,1850T,Matei Todoran,18,2
2026-07-03T14:30:14Z,2026-06-29,1859T,A. Gatoto,,2
2026-07-03T14:30:14Z,2026-06-29,1859T,K. Suzuki,,2
2026-07-03T14:30:14Z,2026-06-29,1859T,D. Tremblay,,2
2026-07-03T14:30:14Z,2026-06-29,1859T,Allan Gatoto,19,2
2026-07-03T14:30:14Z,2026-06-29,1859T,Ko Suzuki,34,2
2026-07-03T14:30:14Z,2026-06-29,1859T,Dorian Tremblay,24,2
2026-07-03T14:30:14Z,2026-06-29,1862T,G. Biondolillo,,2
2026-07-03T14:30:14Z,2026-06-29,1862T,D. Bobo,,2
2026-07-03T14:30:14Z,2026-06-29,1862T,V. Dullinger,,2
2026-07-03T14:30:14Z,2026-06-29,1862T,G. Gruenig,,2
2026-07-03T14:30:14Z,2026-06-29,1862T,J. Gundacker,,2
2026-07-03T14:30:14Z,2026-06-29,1862T,H. Huang,,2
2026-07-03T14:30:14Z,2026-06-29,1862T,D. Kopilevich,,2
2026-07-03T14:30:14Z,2026-06-29,1862T,E. Kypriotis,,2
2026-07-03T14:30:14Z,2026-06-29,1862T,T. Leston,,2
2026-07-03T14:30:14Z,2026-06-29,1862T,J. Luo,,2
2026-07-03T14:30:14Z,2026-06-29,1862T,R. Oktay,,2
2026-07-03T14:30:14Z,2026-06-29,1862T,N. Regas Luis,,2
2026-07-03T14:30:14Z,2026-06-29,1862T,A. Sau Franco,,2
2026-07-03T14:30:14Z,2026-06-29,1862T,H. Vu,,2
2026-07-03T14:30:14Z,2026-06-29,1862T,Gregorio Biondolillo,26,2
2026-07-03T14:30:14Z,2026-06-29,1862T,Dakotah Bobo,23,2
2026-07-03T14:30:14Z,2026-06-29,1862T,Vincent Dullinger,19,2
2026-07-03T14:30:14Z,2026-06-29,1862T,Gian Gruenig,26,2
2026-07-03T14:30:14Z,2026-06-29,1862T,Jonas Gundacker,23,2
2026-07-03T14:30:14Z,2026-06-29,1862T,Haoyuan Huang,23,2
2026-07-03T14:30:14Z,2026-06-29,1862T,Dmitry Kopilevich,19,2
2026-07-03T14:30:14Z,2026-06-29,1862T,Evangelos Kypriotis,23,2
2026-07-03T14:30:14Z,2026-06-29,1862T,Tomas Jordi Leston,22,2
2026-07-03T14:30:14Z,2026-06-29,1862T,Jun Hao Luo,18,2
2026-07-03T14:30:14Z,2026-06-29,1862T,Ramazan Kaan Oktay,17,2
2026-07-03T14:30:14Z,2026-06-29,1862T,Noah Regas Luis,22,2
2026-07-03T14:30:14Z,2026-06-29,1862T,Alan Raul Sau Franco,25,2
2026-07-03T14:30:14Z,2026-06-29,1862T,Ha Minh Duc Vu,23,2
2026-07-03T14:30:14Z,2026-06-29,1876T,L. Ferri,,2
2026-07-03T14:30:14Z,2026-06-29,1876T,N. Ion,,2
2026-07-03T14:30:14Z,2026-06-29,1876T,A. Jimenez,,2
2026-07-03T14:30:14Z,2026-06-29,1876T,K. Kawachi,,2
2026-07-03T14:30:14Z,2026-06-29,1876T,J. Mcgary,,2
2026-07-03T14:30:14Z,2026-06-29,1876T,E. Qabazard,,2
2026-07-03T14:30:14Z,2026-06-29,1876T,V. Tadic,,2
2026-07-03T14:30:14Z,2026-06-29,1876T,C. Warik,,2
2026-07-03T14:30:14Z,2026-06-29,1876T,J. Wygona,,2
2026-07-03T14:30:14Z,2026-06-29,1876T,Lorenzo Ferri,22,2
2026-07-03T14:30:14Z,2026-06-29,1876T,Nicola Ion,21,2
2026-07-03T14:30:14Z,2026-06-29,1876T,Alvaro Jimenez,19,2
2026-07-03T14:30:14Z,2026-06-29,1876T,Kazuma Kawachi,31,2
2026-07-03T14:30:14Z,2026-06-29,1876T,Jack Patrick Mcgary,20,2
2026-07-03T14:30:14Z,2026-06-29,1876T,Essa Qabazard,24,2
2026-07-03T14:30:14Z,2026-06-29,1876T,Vladan Tadic,25,2
2026-07-03T14:30:14Z,2026-06-29,1876T,Caheer Warik,20,2
2026-07-03T14:30:14Z,2026-06-29,1876T,Jan Wygona,19,2
2026-07-03T14:30:14Z,2026-06-29,1885T,I. Forcano Aparicio,,2
2026-07-03T14:30:14Z,2026-06-29,1885T,W. Nolan,,2
2026-07-03T14:30:14Z,2026-06-29,1885T,Ignasi Forcano Aparicio,26,2
2026-07-03T14:30:14Z,2026-06-29,1885T,William Nolan,23,2
2026-07-03T14:30:14Z,2026-06-29,1887,A. Kunitsyn,,2
2026-07-03T14:30:14Z,2026-06-29,1887,Andrei Kunitsyn,21,2
2026-07-03T14:30:14Z,2026-06-29,1888,S. Pel,,2
2026-07-03T14:30:14Z,2026-06-29,1888,Stijn Pel,24,2
2026-07-03T14:30:14Z,2026-06-29,1889T,A. Bennour Dit Sahli,,2
2026-07-03T14:30:14Z,2026-06-29,1889T,L. Parenti,,2
2026-07-03T14:30:14Z,2026-06-29,1889T,S. Tang,,2
2026-07-03T14:30:14Z,2026-06-29,1889T,Anas Bennour Dit Sahli,19,2
2026-07-03T14:30:14Z,2026-06-29,1889T,Luca Parenti,22,2
2026-07-03T14:30:14Z,2026-06-29,1889T,Sheng Tang,26,2
2026-07-03T14:30:14Z,2026-06-29,1892T,M. Abe,,1
2026-07-03T14:30:14Z,2026-06-29,1892T,M. Akbar,,1
2026-07-03T14:30:14Z,2026-06-29,1892T,J. Arauzo-Martinez,,1
2026-07-03T14:30:14Z,2026-06-29,1892T,J. Badon,,1
2026-07-03T14:30:14Z,2026-06-29,1892T,N. Baena,,1
2026-07-03T14:30:14Z,2026-06-29,1892T,N. Barki,,1
2026-07-03T14:30:14Z,2026-06-29,1892T,J. Barraza,,1
2026-07-03T14:30:14Z,2026-06-29,1892T,J. Barton,,1
2026-07-03T14:30:14Z,2026-06-29,1892T,M. Bekeni,,1
2026-07-03T14:30:14Z,2026-06-29,1892T,A. Berquier,,1
2026-07-03T14:30:14Z,2026-06-29,1892T,J. Bienkiewicz,,1
2026-07-03T14:30:14Z,2026-06-29,1892T,T. Bowers,,1
2026-07-03T14:30:14Z,2026-06-29,1892T,T. Brunetti,,1
2026-07-03T14:30:14Z,2026-06-29,1892T,H. Carvajal,,1
2026-07-03T14:30:14Z,2026-06-29,1892T,E. Cham,,1
2026-07-03T14:30:14Z,2026-06-29,1892T,M. Chambonniere,,1
2026-07-03T14:30:14Z,2026-06-29,1892T,S. Dattatray Kurale,,1
2026-07-03T14:30:14Z,2026-06-29,1892T,M. Du,,1
2026-07-03T14:30:14Z,2026-06-29,1892T,G. Durrer,,1
2026-07-03T14:30:14Z,2026-06-29,1892T,F. Emslie-Robson,,1
2026-07-03T14:30:14Z,2026-06-29,1892T,L. Fantini,,1
2026-07-03T14:30:14Z,2026-06-29,1892T,R. Ferrer Guimaraes,,1
2026-07-03T14:30:14Z,2026-06-29,1892T,K. Fujisaki,,1
2026-07-03T14:30:14Z,2026-06-29,1892T,P. Gava,,1
2026-07-03T14:30:14Z,2026-06-29,1892T,D. Golubev,,1
2026-07-03T14:30:14Z,2026-06-29,1892T,F. Gonzalez Benitez,,1
2026-07-03T14:30:14Z,2026-06-29,1892T,H. Jefferson,,1
2026-07-03T14:30:14Z,2026-06-29,1892T,T. Kostka,,1
2026-07-03T14:30:14Z,2026-06-29,1892T,V. Krstic,,1
2026-07-03T14:30:14Z,2026-06-29,1892T,Z. Li,,1
2026-07-03T14:30:14Z,2026-06-29,1892T,C. Mahjoob,,1
2026-07-03T14:30:14Z,2026-06-29,1892T,N. Martens,,1
2026-07-03T14:30:14Z,2026-06-29,1892T,M. Martin,,1
2026-07-03T14:30:14Z,2026-06-29,1892T,D. Milanovic,,1
2026-07-03T14:30:14Z,2026-06-29,1892T,A. Moreno,,1
2026-07-03T14:30:14Z,2026-06-29,1892T,R. Mtisi,,1
2026-07-03T14:30:14Z,2026-06-29,1892T,J. Munoz,,1
2026-07-03T14:30:14Z,2026-06-29,1892T,F. Murray,,1
2026-07-03T14:30:14Z,2026-06-29,1892T,N. Niggemann,,1
2026-07-03T14:30:14Z,2026-06-29,1892T,V. Pape,,1
2026-07-03T14:30:14Z,2026-06-29,1892T,R. Perez Socas,,1
2026-07-03T14:30:14Z,2026-06-29,1892T,A. Petrov,,1
2026-07-03T14:30:14Z,2026-06-29,1892T,F. Raser,,1
2026-07-03T14:30:14Z,2026-06-29,1892T,H. Ren,,1
2026-07-03T14:30:14Z,2026-06-29,1892T,T. Rengel Sierra,,1
2026-07-03T14:30:14Z,2026-06-29,1892T,M. Ristov,,1
2026-07-03T14:30:14Z,2026-06-29,1892T,F. Rivadeneira,,1
2026-07-03T14:30:14Z,2026-06-29,1892T,C. Roothman,,1
2026-07-03T14:30:14Z,2026-06-29,1892T,M. Safwat,,1
2026-07-03T14:30:14Z,2026-06-29,1892T,F. Salle,,1
2026-07-03T14:30:14Z,2026-06-29,1892T,M. Sanchez,,1
2026-07-03T14:30:14Z,2026-06-29,1892T,E. Schiessl,,1
2026-07-03T14:30:14Z,2026-06-29,1892T,M. Schtulmann Gasca,,1
2026-07-03T14:30:14Z,2026-06-29,1892T,J. Secord,,1
2026-07-03T14:30:14Z,2026-06-29,1892T,R. Segado Esteve,,1
2026-07-03T14:30:14Z,2026-06-29,1892T,J. Simonsson,,1
2026-07-03T14:30:14Z,2026-06-29,1892T,O. Sterniczuk,,1
2026-07-03T14:30:14Z,2026-06-29,1892T,G. Strom,,1
2026-07-03T14:30:14Z,2026-06-29,1892T,B. Swenson,,1
2026-07-03T14:30:14Z,2026-06-29,1892T,H. Thursfield,,1
2026-07-03T14:30:14Z,2026-06-29,1892T,A. Tiutchenko,,1
2026-07-03T14:30:14Z,2026-06-29,1892T,A. Tolev,,1
2026-07-03T14:30:14Z,2026-06-29,1892T,R. Torres,,1
2026-07-03T14:30:14Z,2026-06-29,1892T,M. Tsapenko,,1
2026-07-03T14:30:14Z,2026-06-29,1892T,B. Ullah,,1
2026-07-03T14:30:14Z,2026-06-29,1892T,A. Urquiola Montellano,,1
2026-07-03T14:30:14Z,2026-06-29,1892T,A. Velazquez Farre,,1
2026-07-03T14:30:14Z,2026-06-29,1892T,D. Wisniewski,,1
2026-07-03T14:30:14Z,2026-06-29,1892T,A. Wright,,1
2026-07-03T14:30:14Z,2026-06-29,1892T,R. Ymer,,1
2026-07-03T14:30:14Z,2026-06-29,1892T,Y. Yoshikawa,,1
2026-07-03T14:30:14Z,2026-06-29,1892T,W. Zhang,,1
2026-07-03T14:30:14Z,2026-06-29,1892T,Motoharu Abe,17,1
2026-07-03T14:30:14Z,2026-06-29,1892T,M. Abid Ali Khan Akbar,35,1
2026-07-03T14:30:14Z,2026-06-29,1892T,Juan-Samuel Arauzo-Martinez,35,1
2026-07-03T14:30:14Z,2026-06-29,1892T,Jean Baptiste Badon,23,1
2026-07-03T14:30:14Z,2026-06-29,1892T,Nicolas Baena,18,1
2026-07-03T14:30:14Z,2026-06-29,1892T,Nathan Anthony Barki,21,1
2026-07-03T14:30:14Z,2026-06-29,1892T,Juan Ignacio Barraza,25,1
2026-07-03T14:30:14Z,2026-06-29,1892T,Jerry Barton,23,1
2026-07-03T14:30:14Z,2026-06-29,1892T,Marko Bekeni,18,1
2026-07-03T14:30:14Z,2026-06-29,1892T,Alexis Berquier,19,1
2026-07-03T14:30:14Z,2026-06-29,1892T,Juliusz Bienkiewicz,26,1
2026-07-03T14:30:14Z,2026-06-29,1892T,Tyler Bowers,23,1
2026-07-03T14:30:14Z,2026-06-29,1892T,Tighe Brunetti,22,1
2026-07-03T14:30:14Z,2026-06-29,1892T,Hanamichi Carvajal,24,1
2026-07-03T14:30:14Z,2026-06-29,1892T,Elijah Cham,22,1
2026-07-03T14:30:14Z,2026-06-29,1892T,Matthieu Chambonniere,22,1
2026-07-03T14:30:14Z,2026-06-29,1892T,Sandesh Dattatray Kurale,23,1
2026-07-03T14:30:14Z,2026-06-29,1892T,Malanqi Du,23,1
2026-07-03T14:30:14Z,2026-06-29,1892T,Gian Durrer,22,1
2026-07-03T14:30:14Z,2026-06-29,1892T,Finlay Emslie-Robson,21,1
2026-07-03T14:30:14Z,2026-06-29,1892T,Luca Fantini,25,1
2026-07-03T14:30:14Z,2026-06-29,1892T,Roberto Ferrer Guimaraes,21,1
2026-07-03T14:30:14Z,2026-06-29,1892T,Kanta Fujisaki,19,1
2026-07-03T14:30:14Z,2026-06-29,1892T,Pietro Gava,16,1
2026-07-03T14:30:14Z,2026-06-29,1892T,Daniil Golubev,24,1
2026-07-03T14:30:14Z,2026-06-29,1892T,Federico Gaston Gonzalez Benitez,26,1
2026-07-03T14:30:14Z,2026-06-29,1892T,Henry Jefferson,20,1
2026-07-03T14:30:14Z,2026-06-29,1892T,Yeong-Seok Jeong,26,1
2026-07-03T14:30:14Z,2026-06-29,1892T,Thomas Kostka,23,1
2026-07-03T14:30:14Z,2026-06-29,1892T,Veljko Krstic,22,1
2026-07-03T14:30:14Z,2026-06-29,1892T,Woong Chan Lee,17,1
2026-07-03T14:30:14Z,2026-06-29,1892T,Zhe Li,39,1
2026-07-03T14:30:14Z,2026-06-29,1892T,Liangxuan Liu,16,1
2026-07-03T14:30:14Z,2026-06-29,1892T,Cyrus Mahjoob,20,1
2026-07-03T14:30:14Z,2026-06-29,1892T,Noah Martens,24,1
2026-07-03T14:30:14Z,2026-06-29,1892T,Matisse Martin,17,1
2026-07-03T14:30:14Z,2026-06-29,1892T,Dusan Milanovic,24,1
2026-07-03T14:30:14Z,2026-06-29,1892T,Alejandro Moreno,23,1
2026-07-03T14:30:14Z,2026-06-29,1892T,Ronan Tashinga Mtisi,18,1
2026-07-03T14:30:14Z,2026-06-29,1892T,Juan Francisco Munoz,18,1
2026-07-03T14:30:14Z,2026-06-29,1892T,Freddy Murray,22,1
2026-07-03T14:30:14Z,2026-06-29,1892T,Niklas Niggemann,23,1
2026-07-03T14:30:14Z,2026-06-29,1892T,Valdemar Frederik Pape,22,1
2026-07-03T14:30:14Z,2026-06-29,1892T,Roberto Perez Socas,18,1
2026-07-03T14:30:14Z,2026-06-29,1892T,Alexander Petrov,24,1
2026-07-03T14:30:14Z,2026-06-29,1892T,Felix Raser,17,1
2026-07-03T14:30:14Z,2026-06-29,1892T,Henry Ren,22,1
2026-07-03T14:30:14Z,2026-06-29,1892T,Tomas Rengel Sierra,29,1
2026-07-03T14:30:14Z,2026-06-29,1892T,Milan Ristov,20,1
2026-07-03T14:30:14Z,2026-06-29,1892T,Felipe Rivadeneira,20,1
2026-07-03T14:30:14Z,2026-06-29,1892T,Carl Roothman,23,1
2026-07-03T14:30:14Z,2026-06-29,1892T,Mohamed Safwat,35,1
2026-07-03T14:30:14Z,2026-06-29,1892T,Fabien Salle,26,1
2026-07-03T14:30:14Z,2026-06-29,1892T,Manuel Sanchez,35,1
2026-07-03T14:30:14Z,2026-06-29,1892T,Erik Schiessl,22,1
2026-07-03T14:30:14Z,2026-06-29,1892T,Mauricio Schtulmann Gasca,17,1
2026-07-03T14:30:14Z,2026-06-29,1892T,Jack Secord,17,1
2026-07-03T14:30:14Z,2026-06-29,1892T,Rafael Segado Esteve,20,1
2026-07-03T14:30:14Z,2026-06-29,1892T,Jan Simonsson,22,1
2026-07-03T14:30:14Z,2026-06-29,1892T,Oliwier Sterniczuk,18,1
2026-07-03T14:30:14Z,2026-06-29,1892T,Gustaf Strom,24,1
2026-07-03T14:30:14Z,2026-06-29,1892T,Bjorn Swenson,22,1
2026-07-03T14:30:14Z,2026-06-29,1892T,Harry Thursfield,25,1
2026-07-03T14:30:14Z,2026-06-29,1892T,Alexandr Tiutchenko,16,1
2026-07-03T14:30:14Z,2026-06-29,1892T,Aleksandar Tolev,16,1
2026-07-03T14:30:14Z,2026-06-29,1892T,Ryan Torres,22,1
2026-07-03T14:30:14Z,2026-06-29,1892T,Mikhail Tsapenko,18,1
2026-07-03T14:30:14Z,2026-06-29,1892T,Barkat Ullah,28,1
2026-07-03T14:30:14Z,2026-06-29,1892T,Andres Urquiola Montellano,22,1
2026-07-03T14:30:14Z,2026-06-29,1892T,Adria Velazquez Farre,16,1
2026-07-03T14:30:14Z,2026-06-29,1892T,Dawid Wisniewski,23,1
2026-07-03T14:30:14Z,2026-06-29,1892T,Anthony Wright,21,1
2026-07-03T14:30:14Z,2026-06-29,1892T,Rafael Ymer,20,1
2026-07-03T14:30:14Z,2026-06-29,1892T,Yusuke Yoshikawa,32,1
2026-07-03T14:30:14Z,2026-06-29,1892T,William Zhang,17,1
2026-07-03T14:30:14Z,2026-06-29,1967T,D. Adeleye,,1
2026-07-03T14:30:14Z,2026-06-29,1967T,E. Ahren Moonga,,1
2026-07-03T14:30:14Z,2026-06-29,1967T,A. Aiukhanov,,1
2026-07-03T14:30:14Z,2026-06-29,1967T,B. Alabdullah,,1
2026-07-03T14:30:14Z,2026-06-29,1967T,R. Amarilla,,1
2026-07-03T14:30:14Z,2026-06-29,1967T,J. Antonio,,1
2026-07-03T14:30:14Z,2026-06-29,1967T,R. Arcuschin,,1
2026-07-03T14:30:14Z,2026-06-29,1967T,D. Asenov,,1
2026-07-03T14:30:14Z,2026-06-29,1967T,L. Balducci,,1
2026-07-03T14:30:14Z,2026-06-29,1967T,S. Bangoura,,1
2026-07-03T14:30:14Z,2026-06-29,1967T,V. Barrere,,1
2026-07-03T14:30:14Z,2026-06-29,1967T,V. Bazilevskiy,,1
2026-07-03T14:30:14Z,2026-06-29,1967T,N. Bidzinashvili,,1
2026-07-03T14:30:14Z,2026-06-29,1967T,M. Borisov,,1
2026-07-03T14:30:14Z,2026-06-29,1967T,F. Bove,,1
2026-07-03T14:30:14Z,2026-06-29,1967T,G. Brancatelli,,1
2026-07-03T14:30:14Z,2026-06-29,1967T,D. Burtsev,,1
2026-07-03T14:30:14Z,2026-06-29,1967T,C. Camus,,1
2026-07-03T14:30:14Z,2026-06-29,1967T,V. Caripi,,1
2026-07-03T14:30:14Z,2026-06-29,1967T,G. Carlini,,1
2026-07-03T14:30:14Z,2026-06-29,1967T,M. Castro Fabra,,1
2026-07-03T14:30:14Z,2026-06-29,1967T,J. Chiu,,1
2026-07-03T14:30:14Z,2026-06-29,1967T,D. Ciobotaru,,1
2026-07-03T14:30:14Z,2026-06-29,1967T,J. Claro,,1
2026-07-03T14:30:14Z,2026-06-29,1967T,A. Delgadillo,,1
2026-07-03T14:30:14Z,2026-06-29,1967T,M. Doskocil,,1
2026-07-03T14:30:14Z,2026-06-29,1967T,A. Dragoni,,1
2026-07-03T14:30:14Z,2026-06-29,1967T,M. Dubrouski,,1
2026-07-03T14:30:14Z,2026-06-29,1967T,T. Dummer Macedo,,1
2026-07-03T14:30:14Z,2026-06-29,1967T,M. Echazu,,1
2026-07-03T14:30:14Z,2026-06-29,1967T,M. Ehab,,1
2026-07-03T14:30:14Z,2026-06-29,1967T,H. El Amine,,1
2026-07-03T14:30:14Z,2026-06-29,1967T,K. El Feky,,1
2026-07-03T14:30:14Z,2026-06-29,1967T,E. Etty,,1
2026-07-03T14:30:14Z,2026-06-29,1967T,W. Fan,,1
2026-07-03T14:30:14Z,2026-06-29,1967T,O. Font,,1
2026-07-03T14:30:14Z,2026-06-29,1967T,A. Garcia Carbajal,,1
2026-07-03T14:30:14Z,2026-06-29,1967T,R. Garcia Finetto,,1
2026-07-03T14:30:14Z,2026-06-29,1967T,A. Glomb,,1
2026-07-03T14:30:14Z,2026-06-29,1967T,N. Goldberg Alviani,,1
2026-07-03T14:30:14Z,2026-06-29,1967T,A. Guajardo,,1
2026-07-03T14:30:14Z,2026-06-29,1967T,T. Gunzinger,,1
2026-07-03T14:30:14Z,2026-06-29,1967T,Z. Hamill,,1
2026-07-03T14:30:14Z,2026-06-29,1967T,M. Havlicek,,1
2026-07-03T14:30:14Z,2026-06-29,1967T,K. Hernandez Mariona,,1
2026-07-03T14:30:14Z,2026-06-29,1967T,Y. Hirose,,1
2026-07-03T14:30:14Z,2026-06-29,1967T,J. Hwang,,1
2026-07-03T14:30:14Z,2026-06-29,1967T,L. Iemmi,,1
2026-07-03T14:30:14Z,2026-06-29,1967T,I. Ignatov,,1
2026-07-03T14:30:14Z,2026-06-29,1967T,S. Ingles Garre,,1
2026-07-03T14:30:14Z,2026-06-29,1967T,D. Jeanne-Grandinot,,1
2026-07-03T14:30:14Z,2026-06-29,1967T,R. Jones,,1
2026-07-03T14:30:14Z,2026-06-29,1967T,A. Kaczmarek,,1
2026-07-03T14:30:14Z,2026-06-29,1967T,O. Kandil,,1
2026-07-03T14:30:14Z,2026-06-29,1967T,M. Knezevic,,1
2026-07-03T14:30:14Z,2026-06-29,1967T,A. Latifovic,,1
2026-07-03T14:30:14Z,2026-06-29,1967T,M. Lavizzari,,1
2026-07-03T14:30:14Z,2026-06-29,1967T,T. Loosen,,1
2026-07-03T14:30:14Z,2026-06-29,1967T,M. Lorens,,1
2026-07-03T14:30:14Z,2026-06-29,1967T,T. Marin,,1
2026-07-03T14:30:14Z,2026-06-29,1967T,D. Minighini,,1
2026-07-03T14:30:14Z,2026-06-29,1967T,A. Missoum,,1
2026-07-03T14:30:14Z,2026-06-29,1967T,F. Musitelli,,1
2026-07-03T14:30:14Z,2026-06-29,1967T,L. Nakamine,,1
2026-07-03T14:30:14Z,2026-06-29,1967T,S. Nakanishi,,1
2026-07-03T14:30:14Z,2026-06-29,1967T,P. Ngijol Carre,,1
2026-07-03T14:30:14Z,2026-06-29,1967T,D. Nima,,1
2026-07-03T14:30:14Z,2026-06-29,1967T,K. Noatto,,1
2026-07-03T14:30:14Z,2026-06-29,1967T,A. Okonkwo,,1
2026-07-03T14:30:14Z,2026-06-29,1967T,Y. Oliel,,1
2026-07-03T14:30:14Z,2026-06-29,1967T,E. Olivarez,,1
2026-07-03T14:30:14Z,2026-06-29,1967T,F. Osti,,1
2026-07-03T14:30:14Z,2026-06-29,1967T,M. Pade,,1
2026-07-03T14:30:14Z,2026-06-29,1967T,N. Raguin,,1
2026-07-03T14:30:14Z,2026-06-29,1967T,P. Renard,,1
2026-07-03T14:30:14Z,2026-06-29,1967T,P. Robledo,,1
2026-07-03T14:30:14Z,2026-06-29,1967T,J. Sadzik,,1
2026-07-03T14:30:14Z,2026-06-29,1967T,O. Sanders,,1
2026-07-03T14:30:14Z,2026-06-29,1967T,D. Sapic,,1
2026-07-03T14:30:14Z,2026-06-29,1967T,M. Savano,,1
2026-07-03T14:30:14Z,2026-06-29,1967T,J. Schaer,,1
2026-07-03T14:30:14Z,2026-06-29,1967T,J. Sebesta,,1
2026-07-03T14:30:14Z,2026-06-29,1967T,A. Siddiqui,,1
2026-07-03T14:30:14Z,2026-06-29,1967T,S. Singh,,1
2026-07-03T14:30:14Z,2026-06-29,1967T,S. Slocombe,,1
2026-07-03T14:30:14Z,2026-06-29,1967T,N. Steiglehner,,1
2026-07-03T14:30:14Z,2026-06-29,1967T,M. St-Hilaire,,1
2026-07-03T14:30:14Z,2026-06-29,1967T,L. Suarez,,1
2026-07-03T14:30:14Z,2026-06-29,1967T,E. Sumann,,1
2026-07-03T14:30:14Z,2026-06-29,1967T,A. Talha,,1
2026-07-03T14:30:14Z,2026-06-29,1967T,Y. Tanaka,,1
2026-07-03T14:30:14Z,2026-06-29,1967T,D. Tazabekov,,1
2026-07-03T14:30:14Z,2026-06-29,1967T,M. Todorov,,1
2026-07-03T14:30:14Z,2026-06-29,1967T,J. Valenzuela,,1
2026-07-03T14:30:14Z,2026-06-29,1967T,L. Valletta,,1
2026-07-03T14:30:14Z,2026-06-29,1967T,J. Van Assendelft,,1
2026-07-03T14:30:14Z,2026-06-29,1967T,B. Walkin,,1
2026-07-03T14:30:14Z,2026-06-29,1967T,C. Wedel,,1
2026-07-03T14:30:14Z,2026-06-29,1967T,F. Willman,,1
2026-07-03T14:30:14Z,2026-06-29,1967T,K. Wu,,1
2026-07-03T14:30:14Z,2026-06-29,1967T,F. Yamacita,,1
2026-07-03T14:30:14Z,2026-06-29,1967T,N. Yamamoto,,1
2026-07-03T14:30:14Z,2026-06-29,1967T,Daniel Adeleye,20,1
2026-07-03T14:30:14Z,2026-06-29,1967T,Eric Ahren Moonga,30,1
2026-07-03T14:30:14Z,2026-06-29,1967T,Alan Aiukhanov,17,1
2026-07-03T14:30:14Z,2026-06-29,1967T,Bader Alabdullah,24,1
2026-07-03T14:30:14Z,2026-06-29,1967T,Ramiro Amarilla,24,1
2026-07-03T14:30:14Z,2026-06-29,1967T,Joao Antonio,27,1
2026-07-03T14:30:14Z,2026-06-29,1967T,Romeo Arcuschin,19,1
2026-07-03T14:30:14Z,2026-06-29,1967T,David Asenov,20,1
2026-07-03T14:30:14Z,2026-06-29,1967T,Lorenzo Balducci,18,1
2026-07-03T14:30:14Z,2026-06-29,1967T,Sekou Bangoura,34,1
2026-07-03T14:30:14Z,2026-06-29,1967T,Victor Barrere,24,1
2026-07-03T14:30:14Z,2026-06-29,1967T,Vladimir Bazilevskiy,20,1
2026-07-03T14:30:14Z,2026-06-29,1967T,Nika Bidzinashvili,21,1
2026-07-03T14:30:14Z,2026-06-29,1967T,Maximilian Borisov,24,1
2026-07-03T14:30:14Z,2026-06-29,1967T,Federico Bove,27,1
2026-07-03T14:30:14Z,2026-06-29,1967T,Gabriele Brancatelli,22,1
2026-07-03T14:30:14Z,2026-06-29,1967T,Dmitrii Burtsev,20,1
2026-07-03T14:30:14Z,2026-06-29,1967T,Charlie Camus,19,1
2026-07-03T14:30:14Z,2026-06-29,1967T,Vasilios Caripi,34,1
2026-07-03T14:30:14Z,2026-06-29,1967T,Gianluca Carlini,20,1
2026-07-03T14:30:14Z,2026-06-29,1967T,Marcos Castro Fabra,19,1
2026-07-03T14:30:14Z,2026-06-29,1967T,Jordan Chiu,25,1
2026-07-03T14:30:14Z,2026-06-29,1967T,Dario Alexandru Ciobotaru,21,1
2026-07-03T14:30:14Z,2026-06-29,1967T,Jose Luis Claro,22,1
2026-07-03T14:30:14Z,2026-06-29,1967T,Andres Delgadillo,20,1
2026-07-03T14:30:14Z,2026-06-29,1967T,Martin Doskocil,19,1
2026-07-03T14:30:14Z,2026-06-29,1967T,Alessandro Dragoni,28,1
2026-07-03T14:30:14Z,2026-06-29,1967T,Mikhail Dubrouski,23,1
2026-07-03T14:30:14Z,2026-06-29,1967T,Tomas Dummer Macedo,17,1
2026-07-03T14:30:14Z,2026-06-29,1967T,Mauricio Echazu,37,1
2026-07-03T14:30:14Z,2026-06-29,1967T,Marwan Ehab,17,1
2026-07-03T14:30:14Z,2026-06-29,1967T,Hamza El Amine,22,1
2026-07-03T14:30:14Z,2026-06-29,1967T,Karim El Feky,24,1
2026-07-03T14:30:14Z,2026-06-29,1967T,Edward Etty,24,1
2026-07-03T14:30:14Z,2026-06-29,1967T,Wen Bo Fan,18,1
2026-07-03T14:30:14Z,2026-06-29,1967T,Oriol Font,20,1
2026-07-03T14:30:14Z,2026-06-29,1967T,Alejandro Garcia Carbajal,24,1
2026-07-03T14:30:14Z,2026-06-29,1967T,Rafael Augusto Garcia Finetto,18,1
2026-07-03T14:30:14Z,2026-06-29,1967T,Alexander Glomb,22,1
2026-07-03T14:30:14Z,2026-06-29,1967T,Nicolas Rafael Goldberg Alviani,23,1
2026-07-03T14:30:14Z,2026-06-29,1967T,Alexander Guajardo,19,1
2026-07-03T14:30:14Z,2026-06-29,1967T,Thomas Gunzinger,17,1
2026-07-03T14:30:14Z,2026-06-29,1967T,Zac Hamill,20,1
2026-07-03T14:30:14Z,2026-06-29,1967T,Mark Havlicek,22,1
2026-07-03T14:30:14Z,2026-06-29,1967T,Kaeri Hernandez Mariona,23,1
2026-07-03T14:30:14Z,2026-06-29,1967T,Yuya Hirose,21,1
2026-07-03T14:30:14Z,2026-06-29,1967T,Juchan Hwang,18,1
2026-07-03T14:30:14Z,2026-06-29,1967T,Leonardo Iemmi,21,1
2026-07-03T14:30:14Z,2026-06-29,1967T,Ilya Ignatov,20,1
2026-07-03T14:30:14Z,2026-06-29,1967T,Sergio Ingles Garre,27,1
2026-07-03T14:30:14Z,2026-06-29,1967T,David Jeanne-Grandinot,23,1
2026-07-03T14:30:14Z,2026-06-29,1967T,Roan Jones,22,1
2026-07-03T14:30:14Z,2026-06-29,1967T,Adam Kaczmarek,22,1
2026-07-03T14:30:14Z,2026-06-29,1967T,Omar Kandil,16,1
2026-07-03T14:30:14Z,2026-06-29,1967T,Marko Knezevic,19,1
2026-07-03T14:30:14Z,2026-06-29,1967T,Anes Latifovic,21,1
2026-07-03T14:30:14Z,2026-06-29,1967T,Matteo Lavizzari,21,1
2026-07-03T14:30:14Z,2026-06-29,1967T,Tim Loosen,24,1
2026-07-03T14:30:14Z,2026-06-29,1967T,Mikolaj Lorens,24,1
2026-07-03T14:30:14Z,2026-06-29,1967T,Tomas Marin,19,1
2026-07-03T14:30:14Z,2026-06-29,1967T,Daniele Minighini,21,1
2026-07-03T14:30:14Z,2026-06-29,1967T,Ali Missoum,17,1
2026-07-03T14:30:14Z,2026-06-29,1967T,François Musitelli,27,1
2026-07-03T14:30:14Z,2026-06-29,1967T,Luis Jose Nakamine,20,1
2026-07-03T14:30:14Z,2026-06-29,1967T,Seiya Nakanishi,29,1
2026-07-03T14:30:14Z,2026-06-29,1967T,Pierre Ngijol Carre,22,1
2026-07-03T14:30:14Z,2026-06-29,1967T,Dingzheng Nima,22,1
2026-07-03T14:30:14Z,2026-06-29,1967T,Kaue Noatto,21,1
2026-07-03T14:30:14Z,2026-06-29,1967T,Alexander Ikenna Okonkwo,21,1
2026-07-03T14:30:14Z,2026-06-29,1967T,Yshai Oliel,26,1
2026-07-03T14:30:14Z,2026-06-29,1967T,Eric Jr. Olivarez,28,1
2026-07-03T14:30:14Z,2026-06-29,1967T,Fabrizio Karol Pio Osti,20,1
2026-07-03T14:30:14Z,2026-06-29,1967T,Max Pade,19,1
2026-07-03T14:30:14Z,2026-06-29,1967T,Ntungamili Raguin,17,1
2026-07-03T14:30:14Z,2026-06-29,1967T,Philippe Renard,22,1
2026-07-03T14:30:14Z,2026-06-29,1967T,Pablo Robledo,19,1
2026-07-03T14:30:14Z,2026-06-29,1967T,Jan Sadzik,18,1
2026-07-03T14:30:14Z,2026-06-29,1967T,Oliver Sanders,18,1
2026-07-03T14:30:14Z,2026-06-29,1967T,Djordje Sapic,17,1
2026-07-03T14:30:14Z,2026-06-29,1967T,Michael Savano,18,1
2026-07-03T14:30:14Z,2026-06-29,1967T,Jonas Schaer,26,1
2026-07-03T14:30:14Z,2026-06-29,1967T,Jan Sebesta,23,1
2026-07-03T14:30:14Z,2026-06-29,1967T,Amaan Siddiqui,24,1
2026-07-03T14:30:14Z,2026-06-29,1967T,Svarmanyu Singh,20,1
2026-07-03T14:30:14Z,2026-06-29,1967T,Stephen Slocombe,23,1
2026-07-03T14:30:14Z,2026-06-29,1967T,Nicholas Steiglehner,22,1
2026-07-03T14:30:14Z,2026-06-29,1967T,Maxime St-Hilaire,23,1
2026-07-03T14:30:14Z,2026-06-29,1967T,Leonardo Suarez,17,1
2026-07-03T14:30:14Z,2026-06-29,1967T,Elias Sumann,20,1
2026-07-03T14:30:14Z,2026-06-29,1967T,Abubakar Talha,16,1
2026-07-03T14:30:14Z,2026-06-29,1967T,Yu Tanaka,22,1
2026-07-03T14:30:14Z,2026-06-29,1967T,Daniel Tazabekov,18,1
2026-07-03T14:30:14Z,2026-06-29,1967T,Maximilian Todorov,26,1
2026-07-03T14:30:14Z,2026-06-29,1967T,Julian Valenzuela,18,1
2026-07-03T14:30:14Z,2026-06-29,1967T,Luigi Valletta,18,1
2026-07-03T14:30:14Z,2026-06-29,1967T,Jip Van Assendelft,24,1
2026-07-03T14:30:14Z,2026-06-29,1967T,Brandon Walkin,31,1
2026-07-03T14:30:14Z,2026-06-29,1967T,Christian Wedel,25,1
2026-07-03T14:30:14Z,2026-06-29,1967T,Finn Willman,19,1
2026-07-03T14:30:14Z,2026-06-29,1967T,Kai-An Wu,19,1
2026-07-03T14:30:14Z,2026-06-29,1967T,Fernando Yamacita,28,1
2026-07-03T14:30:14Z,2026-06-29,1967T,Natsuki Yamamoto,20,1
2026-07-03T14:30:14Z,2026-06-29,2069T,D. Abadia,,1
2026-07-03T14:30:14Z,2026-06-29,2069T,M. Alvarez,,1
2026-07-03T14:30:14Z,2026-06-29,2069T,B. Barun,,1
2026-07-03T14:30:14Z,2026-06-29,2069T,E. Bogo,,1
2026-07-03T14:30:14Z,2026-06-29,2069T,M. Carroll,,1
2026-07-03T14:30:14Z,2026-06-29,2069T,I. Cervantes Tomas,,1
2026-07-03T14:30:14Z,2026-06-29,2069T,E. Collar,,1
2026-07-03T14:30:14Z,2026-06-29,2069T,M. Cossu,,1
2026-07-03T14:30:14Z,2026-06-29,2069T,C. Deleersnyder,,1
2026-07-03T14:30:14Z,2026-06-29,2069T,T. Deschamps,,1
2026-07-03T14:30:14Z,2026-06-29,2069T,J. Didoni Bonini,,1
2026-07-03T14:30:14Z,2026-06-29,2069T,N. Djukic Valera,,1
2026-07-03T14:30:14Z,2026-06-29,2069T,F. Drab,,1
2026-07-03T14:30:14Z,2026-06-29,2069T,B. Duran,,1
2026-07-03T14:30:14Z,2026-06-29,2069T,F. Einig,,1
2026-07-03T14:30:14Z,2026-06-29,2069T,T. Erlewein,,1
2026-07-03T14:30:14Z,2026-06-29,2069T,L. Flores Avila,,1
2026-07-03T14:30:14Z,2026-06-29,2069T,T. Gadecki,,1
2026-07-03T14:30:14Z,2026-06-29,2069T,M. Galarraga,,1
2026-07-03T14:30:14Z,2026-06-29,2069T,J. Gamble,,1
2026-07-03T14:30:14Z,2026-06-29,2069T,S. Ganta,,1
2026-07-03T14:30:14Z,2026-06-29,2069T,A. Genov,,1
2026-07-03T14:30:14Z,2026-06-29,2069T,A. Gschiel,,1
2026-07-03T14:30:14Z,2026-06-29,2069T,T. Gubi,,1
2026-07-03T14:30:14Z,2026-06-29,2069T,J. Guzman,,1
2026-07-03T14:30:14Z,2026-06-29,2069T,J. Haus,,1
2026-07-03T14:30:14Z,2026-06-29,2069T,I. Hediger,,1
2026-07-03T14:30:14Z,2026-06-29,2069T,A. Heinonen,,1
2026-07-03T14:30:14Z,2026-06-29,2069T,S. Hofman,,1
2026-07-03T14:30:14Z,2026-06-29,2069T,R. Jackson,,1
2026-07-03T14:30:14Z,2026-06-29,2069T,D. Juszczak,,1
2026-07-03T14:30:14Z,2026-06-29,2069T,G. Kayombo,,1
2026-07-03T14:30:14Z,2026-06-29,2069T,A. Khan,,1
2026-07-03T14:30:14Z,2026-06-29,2069T,Y. Kono,,1
2026-07-03T14:30:14Z,2026-06-29,2069T,J. Kroslak,,1
2026-07-03T14:30:14Z,2026-06-29,2069T,T. Lanik,,1
2026-07-03T14:30:14Z,2026-06-29,2069T,I. Lhomond,,1
2026-07-03T14:30:14Z,2026-06-29,2069T,A. Major,,1
2026-07-03T14:30:14Z,2026-06-29,2069T,F. Marini,,1
2026-07-03T14:30:14Z,2026-06-29,2069T,B. Martin,,1
2026-07-03T14:30:14Z,2026-06-29,2069T,J. Mas De Ugarte,,1
2026-07-03T14:30:14Z,2026-06-29,2069T,K. Mathes,,1
2026-07-03T14:30:14Z,2026-06-29,2069T,C. Mccarthy,,1
2026-07-03T14:30:14Z,2026-06-29,2069T,A. Megrabian,,1
2026-07-03T14:30:14Z,2026-06-29,2069T,S. Menichella,,1
2026-07-03T14:30:14Z,2026-06-29,2069T,M. Migliorati,,1
2026-07-03T14:30:14Z,2026-06-29,2069T,V. Monge,,1
2026-07-03T14:30:14Z,2026-06-29,2069T,B. Nagy,,1
2026-07-03T14:30:14Z,2026-06-29,2069T,S. Nanobashvili,,1
2026-07-03T14:30:14Z,2026-06-29,2069T,M. Oezcelik,,1
2026-07-03T14:30:14Z,2026-06-29,2069T,K. Otsuka,,1
2026-07-03T14:30:14Z,2026-06-29,2069T,C. Pade,,1
2026-07-03T14:30:14Z,2026-06-29,2069T,D. Panarin,,1
2026-07-03T14:30:14Z,2026-06-29,2069T,T. Pinho,,1
2026-07-03T14:30:14Z,2026-06-29,2069T,M. Pisanu,,1
2026-07-03T14:30:14Z,2026-06-29,2069T,D. Prasievi,,1
2026-07-03T14:30:14Z,2026-06-29,2069T,T. Radovanovic,,1
2026-07-03T14:30:14Z,2026-06-29,2069T,F. Roussel,,1
2026-07-03T14:30:14Z,2026-06-29,2069T,H. Schoenmakers,,1
2026-07-03T14:30:14Z,2026-06-29,2069T,K. Seelig,,1
2026-07-03T14:30:14Z,2026-06-29,2069T,R. Shirur,,1
2026-07-03T14:30:14Z,2026-06-29,2069T,A. Souza,,1
2026-07-03T14:30:14Z,2026-06-29,2069T,F. Stidell,,1
2026-07-03T14:30:14Z,2026-06-29,2069T,C. Stirbu,,1
2026-07-03T14:30:14Z,2026-06-29,2069T,S. Stolarik,,1
2026-07-03T14:30:14Z,2026-06-29,2069T,A. Szoke,,1
2026-07-03T14:30:14Z,2026-06-29,2069T,J. Tang,,1
2026-07-03T14:30:14Z,2026-06-29,2069T,U. Tarasevich,,1
2026-07-03T14:30:14Z,2026-06-29,2069T,A. Tripathi,,1
2026-07-03T14:30:14Z,2026-06-29,2069T,V. Urankar,,1
2026-07-03T14:30:14Z,2026-06-29,2069T,I. Urribarrens Ramirez,,1
2026-07-03T14:30:14Z,2026-06-29,2069T,N. Van Noord,,1
2026-07-03T14:30:14Z,2026-06-29,2069T,F. Vazquez,,1
2026-07-03T14:30:14Z,2026-06-29,2069T,H. Villanger,,1
2026-07-03T14:30:14Z,2026-06-29,2069T,I. Waterbolk,,1
2026-07-03T14:30:14Z,2026-06-29,2069T,A. Williams,,1
2026-07-03T14:30:14Z,2026-06-29,2069T,M. Wong,,1
2026-07-03T14:30:14Z,2026-06-29,2069T,A. Zaki,,1
2026-07-03T14:30:14Z,2026-06-29,2069T,Danielle Abadia,24,1
2026-07-03T14:30:14Z,2026-06-29,2069T,Marco Alvarez,25,1
2026-07-03T14:30:14Z,2026-06-29,2069T,Bozo Barun,25,1
2026-07-03T14:30:14Z,2026-06-29,2069T,Enrique Bogo,30,1
2026-07-03T14:30:14Z,2026-06-29,2069T,Matthew Carroll,26,1
2026-07-03T14:30:14Z,2026-06-29,2069T,Ian Luca Cervantes Tomas,22,1
2026-07-03T14:30:14Z,2026-06-29,2069T,Enrique Collar,18,1
2026-07-03T14:30:14Z,2026-06-29,2069T,Milledge Cossu,24,1
2026-07-03T14:30:14Z,2026-06-29,2069T,Clement Deleersnyder,24,1
2026-07-03T14:30:14Z,2026-06-29,2069T,Thomas Deschamps,27,1
2026-07-03T14:30:14Z,2026-06-29,2069T,João Pedro Didoni Bonini,18,1
2026-07-03T14:30:14Z,2026-06-29,2069T,Nikola Djukic Valera,23,1
2026-07-03T14:30:14Z,2026-06-29,2069T,Filip Drab,18,1
2026-07-03T14:30:14Z,2026-06-29,2069T,Birtan Duran,21,1
2026-07-03T14:30:14Z,2026-06-29,2069T,Felix Einig,26,1
2026-07-03T14:30:14Z,2026-06-29,2069T,Tarek Erlewein,23,1
2026-07-03T14:30:14Z,2026-06-29,2069T,Luis Andres Flores Avila,18,1
2026-07-03T14:30:14Z,2026-06-29,2069T,Thomas Nicholas Gadecki,20,1
2026-07-03T14:30:14Z,2026-06-29,2069T,Mario Andre Galarraga,18,1
2026-07-03T14:30:14Z,2026-06-29,2069T,Jon Gamble,18,1
2026-07-03T14:30:14Z,2026-06-29,2069T,Sai Karteek Reddy Ganta,26,1
2026-07-03T14:30:14Z,2026-06-29,2069T,Anthony Genov,24,1
2026-07-03T14:30:14Z,2026-06-29,2069T,Alexander Gschiel,19,1
2026-07-03T14:30:14Z,2026-06-29,2069T,Trisztan Gubi,21,1
2026-07-03T14:30:14Z,2026-06-29,2069T,Javier Guzman,23,1
2026-07-03T14:30:14Z,2026-06-29,2069T,Julius Maximilian Haus,19,1
2026-07-03T14:30:14Z,2026-06-29,2069T,Ilan Zheng-Xiong Hediger,19,1
2026-07-03T14:30:14Z,2026-06-29,2069T,Adam Heinonen,23,1
2026-07-03T14:30:14Z,2026-06-29,2069T,Stijn Hofman,23,1
2026-07-03T14:30:14Z,2026-06-29,2069T,Ryder Jackson,21,1
2026-07-03T14:30:14Z,2026-06-29,2069T,Dorian Juszczak,21,1
2026-07-03T14:30:14Z,2026-06-29,2069T,Guelord Kayombo,25,1
2026-07-03T14:30:14Z,2026-06-29,2069T,Aqeel Khan,46,1
2026-07-03T14:30:14Z,2026-06-29,2069T,Yuhei Kono,30,1
2026-07-03T14:30:14Z,2026-06-29,2069T,Jakub Kroslak,23,1
2026-07-03T14:30:14Z,2026-06-29,2069T,Tomas Lanik,24,1
2026-07-03T14:30:14Z,2026-06-29,2069T,Isaac Lhomond,19,1
2026-07-03T14:30:14Z,2026-06-29,2069T,Zekai Li,26,1
2026-07-03T14:30:14Z,2026-06-29,2069T,Aron Janos Major,19,1
2026-07-03T14:30:14Z,2026-06-29,2069T,Franco Marini,25,1
2026-07-03T14:30:14Z,2026-06-29,2069T,Benjamin Martin,21,1
2026-07-03T14:30:14Z,2026-06-29,2069T,Jordi Mas De Ugarte,30,1
2026-07-03T14:30:14Z,2026-06-29,2069T,Kaspar Mathes,18,1
2026-07-03T14:30:14Z,2026-06-29,2069T,Cooper Mccarthy,16,1
2026-07-03T14:30:14Z,2026-06-29,2069T,Andre Megrabian,21,1
2026-07-03T14:30:14Z,2026-06-29,2069T,Stefan Menichella,31,1
2026-07-03T14:30:14Z,2026-06-29,2069T,Marco Migliorati,22,1
2026-07-03T14:30:14Z,2026-06-29,2069T,Vicente Monge,19,1
2026-07-03T14:30:14Z,2026-06-29,2069T,Botond Nagy,18,1
2026-07-03T14:30:14Z,2026-06-29,2069T,Saba George Nanobashvili,21,1
2026-07-03T14:30:14Z,2026-06-29,2069T,Maximilian Oezcelik,26,1
2026-07-03T14:30:14Z,2026-06-29,2069T,Kentaro Otsuka,29,1
2026-07-03T14:30:14Z,2026-06-29,2069T,Charlie Pade,21,1
2026-07-03T14:30:14Z,2026-06-29,2069T,Danil Panarin,21,1
2026-07-03T14:30:14Z,2026-06-29,2069T,Tomas Pinho,23,1
2026-07-03T14:30:14Z,2026-06-29,2069T,Mattias Pisanu,18,1
2026-07-03T14:30:14Z,2026-06-29,2069T,David Prasievi,20,1
2026-07-03T14:30:14Z,2026-06-29,2069T,Tadija Radovanovic,26,1
2026-07-03T14:30:14Z,2026-06-29,2069T,Felix Roussel,18,1
2026-07-03T14:30:14Z,2026-06-29,2069T,Hidde Schoenmakers,19,1
2026-07-03T14:30:14Z,2026-06-29,2069T,Kyle Seelig,28,1
2026-07-03T14:30:14Z,2026-06-29,2069T,Rajat Shirur,18,1
2026-07-03T14:30:14Z,2026-06-29,2069T,Andre Souza,23,1
2026-07-03T14:30:14Z,2026-06-29,2069T,Filip Stidell,20,1
2026-07-03T14:30:14Z,2026-06-29,2069T,Calin Teodor Stirbu,20,1
2026-07-03T14:30:14Z,2026-06-29,2069T,Samuel Stolarik,22,1
2026-07-03T14:30:14Z,2026-06-29,2069T,Adam Gabor Szoke,22,1
2026-07-03T14:30:14Z,2026-06-29,2069T,Jin Peng Tang,19,1
2026-07-03T14:30:14Z,2026-06-29,2069T,Uladzislau Tarasevich,21,1
2026-07-03T14:30:14Z,2026-06-29,2069T,Aadarsh Tripathi,22,1
2026-07-03T14:30:14Z,2026-06-29,2069T,Vaal Urankar,21,1
2026-07-03T14:30:14Z,2026-06-29,2069T,Iker Urribarrens Ramirez,22,1
2026-07-03T14:30:14Z,2026-06-29,2069T,Niels Peter Van Noord,26,1
2026-07-03T14:30:14Z,2026-06-29,2069T,Felipe Vazquez,18,1
2026-07-03T14:30:14Z,2026-06-29,2069T,Henrik Villanger,22,1
2026-07-03T14:30:14Z,2026-06-29,2069T,Ids Waterbolk,25,1
2026-07-03T14:30:14Z,2026-06-29,2069T,Aaron James Williams,22,1
2026-07-03T14:30:14Z,2026-06-29,2069T,Maximus Zavier Wong,19,1
2026-07-03T14:30:14Z,2026-06-29,2069T,Ahmed Zaki,21,1
2026-07-03T14:30:14Z,2026-06-29,2148T,M. Andrzejczak,,1
2026-07-03T14:30:14Z,2026-06-29,2148T,F. Bocci,,1
2026-07-03T14:30:14Z,2026-06-29,2148T,L. Bojicic Ono,,1
2026-07-03T14:30:14Z,2026-06-29,2148T,A. Bueno Gil,,1
2026-07-03T14:30:14Z,2026-06-29,2148T,D. Carteputreda,,1
2026-07-03T14:30:14Z,2026-06-29,2148T,S. Colleu,,1
2026-07-03T14:30:14Z,2026-06-29,2148T,L. De Carvalho Damazio,,1
2026-07-03T14:30:14Z,2026-06-29,2148T,B. Fitzpatrick,,1
2026-07-03T14:30:14Z,2026-06-29,2148T,L. Fomba,,1
2026-07-03T14:30:14Z,2026-06-29,2148T,H. Fu,,1
2026-07-03T14:30:14Z,2026-06-29,2148T,S. Han,,1
2026-07-03T14:30:14Z,2026-06-29,2148T,X. Han,,1
2026-07-03T14:30:14Z,2026-06-29,2148T,R. Hartig,,1
2026-07-03T14:30:14Z,2026-06-29,2148T,L. Hede,,1
2026-07-03T14:30:14Z,2026-06-29,2148T,M. Hribar,,1
2026-07-03T14:30:14Z,2026-06-29,2148T,R. Jarvis,,1
2026-07-03T14:30:14Z,2026-06-29,2148T,J. Jermar,,1
2026-07-03T14:30:14Z,2026-06-29,2148T,M. Khodorchenko,,1
2026-07-03T14:30:14Z,2026-06-29,2148T,R. Koenders,,1
2026-07-03T14:30:14Z,2026-06-29,2148T,M. Kozlovsky,,1
2026-07-03T14:30:14Z,2026-06-29,2148T,R. Leal,,1
2026-07-03T14:30:14Z,2026-06-29,2148T,N. Lootsma,,1
2026-07-03T14:30:14Z,2026-06-29,2148T,M. Maldonado,,1
2026-07-03T14:30:14Z,2026-06-29,2148T,N. Marosik,,1
2026-07-03T14:30:14Z,2026-06-29,2148T,P. Masjuan Ginel,,1
2026-07-03T14:30:14Z,2026-06-29,2148T,A. Melero Kretzer,,1
2026-07-03T14:30:14Z,2026-06-29,2148T,V. Menezes Freda,,1
2026-07-03T14:30:14Z,2026-06-29,2148T,N. Muamba,,1
2026-07-03T14:30:14Z,2026-06-29,2148T,E. Munoz,,1
2026-07-03T14:30:14Z,2026-06-29,2148T,N. Noikor,,1
2026-07-03T14:30:14Z,2026-06-29,2148T,O. Pinto Sansano,,1
2026-07-03T14:30:14Z,2026-06-29,2148T,V. Reddy,,1
2026-07-03T14:30:14Z,2026-06-29,2148T,F. Ridout,,1
2026-07-03T14:30:14Z,2026-06-29,2148T,D. Stepanov,,1
2026-07-03T14:30:14Z,2026-06-29,2148T,S. Suden,,1
2026-07-03T14:30:14Z,2026-06-29,2148T,Z. Talic,,1
2026-07-03T14:30:14Z,2026-06-29,2148T,L. Vaccari,,1
2026-07-03T14:30:14Z,2026-06-29,2148T,T. Vaisman,,1
2026-07-03T14:30:14Z,2026-06-29,2148T,K. Vakili,,1
2026-07-03T14:30:14Z,2026-06-29,2148T,J. Vesely,,1
2026-07-03T14:30:14Z,2026-06-29,2148T,L. Vojinovic,,1
2026-07-03T14:30:14Z,2026-06-29,2148T,Q. Wang,,1
2026-07-03T14:30:14Z,2026-06-29,2148T,Marcin Andrzejczak,19,1
2026-07-03T14:30:14Z,2026-06-29,2148T,Flavio Bocci,21,1
2026-07-03T14:30:14Z,2026-06-29,2148T,Luka Bojicic Ono,21,1
2026-07-03T14:30:14Z,2026-06-29,2148T,Alvaro Bueno Gil,26,1
2026-07-03T14:30:14Z,2026-06-29,2148T,David Cristian Carteputreda,19,1
2026-07-03T14:30:14Z,2026-06-29,2148T,Sasha Colleu,19,1
2026-07-03T14:30:14Z,2026-06-29,2148T,Livas Eduardo De Carvalho Damazio,16,1
2026-07-03T14:30:14Z,2026-06-29,2148T,Tugra Duran,19,1
2026-07-03T14:30:14Z,2026-06-29,2148T,Barney Fitzpatrick,24,1
2026-07-03T14:30:14Z,2026-06-29,2148T,Luc Fomba,27,1
2026-07-03T14:30:14Z,2026-06-29,2148T,Hong-Lin Fu,24,1
2026-07-03T14:30:14Z,2026-06-29,2148T,Seonyong Han,25,1
2026-07-03T14:30:14Z,2026-06-29,2148T,Xirui Han,20,1
2026-07-03T14:30:14Z,2026-06-29,2148T,Ruben Hartig,23,1
2026-07-03T14:30:14Z,2026-06-29,2148T,Ludvig Fredrik Hede,19,1
2026-07-03T14:30:14Z,2026-06-29,2148T,Matic Hribar,19,1
2026-07-03T14:30:14Z,2026-06-29,2148T,Reid Jarvis,25,1
2026-07-03T14:30:14Z,2026-06-29,2148T,Jan Jermar,26,1
2026-07-03T14:30:14Z,2026-06-29,2148T,Mikhail Khodorchenko,19,1
2026-07-03T14:30:14Z,2026-06-29,2148T,Rein Koenders,19,1
2026-07-03T14:30:14Z,2026-06-29,2148T,Matyas Kozlovsky,18,1
2026-07-03T14:30:14Z,2026-06-29,2148T,Rodrigo Leal,18,1
2026-07-03T14:30:14Z,2026-06-29,2148T,Niels Lootsma,31,1
2026-07-03T14:30:14Z,2026-06-29,2148T,Martin Maldonado,25,1
2026-07-03T14:30:14Z,2026-06-29,2148T,Norbert Marosik,22,1
2026-07-03T14:30:14Z,2026-06-29,2148T,Pablo Masjuan Ginel,23,1
2026-07-03T14:30:14Z,2026-06-29,2148T,Alejandro Melero Kretzer,21,1
2026-07-03T14:30:14Z,2026-06-29,2148T,Vicente Menezes Freda,19,1
2026-07-03T14:30:14Z,2026-06-29,2148T,Nicaise Muamba,25,1
2026-07-03T14:30:14Z,2026-06-29,2148T,Enmanuel Munoz,21,1
2026-07-03T14:30:14Z,2026-06-29,2148T,Noppadol Noikor,26,1
2026-07-03T14:30:14Z,2026-06-29,2148T,Oscar Pinto Sansano,23,1
2026-07-03T14:30:14Z,2026-06-29,2148T,Vihaan Reddy,16,1
2026-07-03T14:30:14Z,2026-06-29,2148T,Freddie Ridout,22,1
2026-07-03T14:30:14Z,2026-06-29,2148T,Daniil Stepanov,19,1
2026-07-03T14:30:14Z,2026-06-29,2148T,Sarthak Suden,24,1
2026-07-03T14:30:14Z,2026-06-29,2148T,Zaharije-Zak Talic,27,1
2026-07-03T14:30:14Z,2026-06-29,2148T,Ludovico Vaccari,21,1
2026-07-03T14:30:14Z,2026-06-29,2148T,Tim Vaisman,19,1
2026-07-03T14:30:14Z,2026-06-29,2148T,Kian Vakili,22,1
2026-07-03T14:30:14Z,2026-06-29,2148T,Franco Ariel Vazquez,26,1
2026-07-03T14:30:14Z,2026-06-29,2148T,Jiri Vesely,32,1
2026-07-03T14:30:14Z,2026-06-29,2148T,Lazar Vojinovic,27,1
2026-07-03T14:30:14Z,2026-06-29,2148T,Qiulin Wang,23,1
2026-07-03T14:30:14Z,2026-06-29,2192T,A. Alvarado Berrospi,,1
2026-07-03T14:30:14Z,2026-06-29,2192T,M. Arce Fernandez,,1
2026-07-03T14:30:14Z,2026-06-29,2192T,F. Assuncao Garla,,1
2026-07-03T14:30:14Z,2026-06-29,2192T,A. Barbic,,1
2026-07-03T14:30:14Z,2026-06-29,2192T,P. Betancourt Gonzalez,,1
2026-07-03T14:30:14Z,2026-06-29,2192T,J. Braswell,,1
2026-07-03T14:30:14Z,2026-06-29,2192T,S. Caldwell,,1
2026-07-03T14:30:14Z,2026-06-29,2192T,P. Chabalgoity,,1
2026-07-03T14:30:14Z,2026-06-29,2192T,P. Charusorn,,1
2026-07-03T14:30:14Z,2026-06-29,2192T,E. De Filippo,,1
2026-07-03T14:30:14Z,2026-06-29,2192T,R. Dhokia,,1
2026-07-03T14:30:14Z,2026-06-29,2192T,D. Dolzhenkov,,1
2026-07-03T14:30:14Z,2026-06-29,2192T,T. Drayton,,1
2026-07-03T14:30:14Z,2026-06-29,2192T,M. El Natour,,1
2026-07-03T14:30:14Z,2026-06-29,2192T,F. Faria,,1
2026-07-03T14:30:14Z,2026-06-29,2192T,M. Gribaldo,,1
2026-07-03T14:30:14Z,2026-06-29,2192T,O. Jansson,,1
2026-07-03T14:30:14Z,2026-06-29,2192T,R. Kis Balazs,,1
2026-07-03T14:30:14Z,2026-06-29,2192T,N. Lehmann,,1
2026-07-03T14:30:14Z,2026-06-29,2192T,A. Lucarelli,,1
2026-07-03T14:30:14Z,2026-06-29,2192T,W. Manning,,1
2026-07-03T14:30:14Z,2026-06-29,2192T,S. Markovic,,1
2026-07-03T14:30:14Z,2026-06-29,2192T,S. Monteiro,,1
2026-07-03T14:30:14Z,2026-06-29,2192T,M. Mura,,1
2026-07-03T14:30:14Z,2026-06-29,2192T,O. Ogunsakin,,1
2026-07-03T14:30:14Z,2026-06-29,2192T,A. Safonov,,1
2026-07-03T14:30:14Z,2026-06-29,2192T,P. Sallay,,1
2026-07-03T14:30:14Z,2026-06-29,2192T,J. Tyler,,1
2026-07-03T14:30:14Z,2026-06-29,2192T,M. Varbanciu,,1
2026-07-03T14:30:14Z,2026-06-29,2192T,D. Vasilev,,1
2026-07-03T14:30:14Z,2026-06-29,2192T,L. Vickery,,1
2026-07-03T14:30:14Z,2026-06-29,2192T,S. Vishwakarma,,1
2026-07-03T14:30:14Z,2026-06-29,2192T,L. Zhang,,1
2026-07-03T14:30:14Z,2026-06-29,2192T,Alberto Odiseo Alvarado Berrospi,26,1
2026-07-03T14:30:14Z,2026-06-29,2192T,Mario Arce Fernandez,20,1
2026-07-03T14:30:14Z,2026-06-29,2192T,Felipe Assuncao Garla,32,1
2026-07-03T14:30:14Z,2026-06-29,2192T,Arian Barbic,17,1
2026-07-03T14:30:14Z,2026-06-29,2192T,Patricio Betancourt Gonzalez,32,1
2026-07-03T14:30:14Z,2026-06-29,2192T,Jonah Braswell,22,1
2026-07-03T14:30:14Z,2026-06-29,2192T,Simon Caldwell,18,1
2026-07-03T14:30:14Z,2026-06-29,2192T,Pedro Henrique Chabalgoity,18,1
2026-07-03T14:30:14Z,2026-06-29,2192T,Penn Charusorn,18,1
2026-07-03T14:30:14Z,2026-06-29,2192T,Edoardo De Filippo,21,1
2026-07-03T14:30:14Z,2026-06-29,2192T,Rahul Dhokia,25,1
2026-07-03T14:30:14Z,2026-06-29,2192T,Dmitry Dolzhenkov,21,1
2026-07-03T14:30:14Z,2026-06-29,2192T,Thomas Drayton,22,1
2026-07-03T14:30:14Z,2026-06-29,2192T,Mustapha El Natour,21,1
2026-07-03T14:30:14Z,2026-06-29,2192T,Francisco Faria,27,1
2026-07-03T14:30:14Z,2026-06-29,2192T,Matteo Gribaldo,17,1
2026-07-03T14:30:14Z,2026-06-29,2192T,Oskar Jansson,21,1
2026-07-03T14:30:14Z,2026-06-29,2192T,Rafael Kis Balazs,24,1
2026-07-03T14:30:14Z,2026-06-29,2192T,Nikos Lehmann,21,1
2026-07-03T14:30:14Z,2026-06-29,2192T,Augusto Mateo Lucarelli,19,1
2026-07-03T14:30:14Z,2026-06-29,2192T,William Manning,20,1
2026-07-03T14:30:14Z,2026-06-29,2192T,Sasa Markovic,20,1
2026-07-03T14:30:14Z,2026-06-29,2192T,Salvador Monteiro,18,1
2026-07-03T14:30:14Z,2026-06-29,2192T,Matteo Mura,20,1
2026-07-03T14:30:14Z,2026-06-29,2192T,Oluwaseun Peter Ogunsakin,17,1
2026-07-03T14:30:14Z,2026-06-29,2192T,Aristarkh Safonov,23,1
2026-07-03T14:30:14Z,2026-06-29,2192T,Peter Sallay,25,1
2026-07-03T14:30:14Z,2026-06-29,2192T,Joe Tyler,27,1
2026-07-03T14:30:14Z,2026-06-29,2192T,Matei Varbanciu,19,1
2026-07-03T14:30:14Z,2026-06-29,2192T,Dmitrii Vasilev,25,1
2026-07-03T14:30:14Z,2026-06-29,2192T,Lachlan Vickery,22,1
2026-07-03T14:30:14Z,2026-06-29,2192T,Siddharth Vishwakarma,31,1
2026-07-03T14:30:14Z,2026-06-29,2192T,Linghao Zhang,23,1
2026-07-03T14:30:14Z,2026-06-29,2225T,S. Ann,,1
2026-07-03T14:30:14Z,2026-06-29,2225T,C. Bentzel,,1
2026-07-03T14:30:14Z,2026-06-29,2225T,D. Bogatov,,1
2026-07-03T14:30:14Z,2026-06-29,2225T,L. Castro,,1
2026-07-03T14:30:14Z,2026-06-29,2225T,A. Finkelstein,,1
2026-07-03T14:30:14Z,2026-06-29,2225T,J. Freitas,,1
2026-07-03T14:30:14Z,2026-06-29,2225T,A. Hebhang Balan,,1
2026-07-03T14:30:14Z,2026-06-29,2225T,L. Hignett,,1
2026-07-03T14:30:14Z,2026-06-29,2225T,N. Hurtado Novoa,,1
2026-07-03T14:30:14Z,2026-06-29,2225T,P. Iamachkine,,1
2026-07-03T14:30:14Z,2026-06-29,2225T,P. Jozwicki,,1
2026-07-03T14:30:14Z,2026-06-29,2225T,R. Kastsiukevich,,1
2026-07-03T14:30:14Z,2026-06-29,2225T,T. Kovac,,1
2026-07-03T14:30:14Z,2026-06-29,2225T,M. Krivoshchekov,,1
2026-07-03T14:30:14Z,2026-06-29,2225T,C. Maguire,,1
2026-07-03T14:30:14Z,2026-06-29,2225T,t. Menzel,,1
2026-07-03T14:30:14Z,2026-06-29,2225T,Y. Park,,1
2026-07-03T14:30:14Z,2026-06-29,2225T,G. Pinheiro Da Cruz Junior,,1
2026-07-03T14:30:14Z,2026-06-29,2225T,M. Rankin,,1
2026-07-03T14:30:14Z,2026-06-29,2225T,D. Salton,,1
2026-07-03T14:30:14Z,2026-06-29,2225T,C. Stanke,,1
2026-07-03T14:30:14Z,2026-06-29,2225T,M. Torres Ramis,,1
2026-07-03T14:30:14Z,2026-06-29,2225T,B. Urvaneja,,1
2026-07-03T14:30:14Z,2026-06-29,2225T,D. Vishenchuk Vishenko,,1
2026-07-03T14:30:14Z,2026-06-29,2225T,Y. Xia,,1
2026-07-03T14:30:14Z,2026-06-29,2225T,Suk Ann,24,1
2026-07-03T14:30:14Z,2026-06-29,2225T,Cezar Stefan Bentzel,17,1
2026-07-03T14:30:14Z,2026-06-29,2225T,Daniil Bogatov,19,1
2026-07-03T14:30:14Z,2026-06-29,2225T,Leonel Cesar Castro,18,1
2026-07-03T14:30:14Z,2026-06-29,2225T,Alex Finkelstein,23,1
2026-07-03T14:30:14Z,2026-06-29,2225T,Jose Freitas,19,1
2026-07-03T14:30:14Z,2026-06-29,2225T,Alexandru Toubi Hebhang Balan,18,1
2026-07-03T14:30:14Z,2026-06-29,2225T,Liam Hignett,26,1
2026-07-03T14:30:14Z,2026-06-29,2225T,Nicolas Hurtado Novoa,18,1
2026-07-03T14:30:14Z,2026-06-29,2225T,Petr Iamachkine,30,1
2026-07-03T14:30:14Z,2026-06-29,2225T,Patrick Jozwicki,21,1
2026-07-03T14:30:14Z,2026-06-29,2225T,Ruslan Kastsiukevich,19,1
2026-07-03T14:30:14Z,2026-06-29,2225T,Tilen Kovac,23,1
2026-07-03T14:30:14Z,2026-06-29,2225T,Makar Krivoshchekov,20,1
2026-07-03T14:30:14Z,2026-06-29,2225T,Cian Maguire,26,1
2026-07-03T14:30:14Z,2026-06-29,2225T,thomas Menzel,18,1
2026-07-03T14:30:14Z,2026-06-29,2225T,Yong Joon Park,24,1
2026-07-03T14:30:14Z,2026-06-29,2225T,Glauco Pinheiro Da Cruz Junior,21,1
2026-07-03T14:30:14Z,2026-06-29,2225T,Matthew Rankin,21,1
2026-07-03T14:30:14Z,2026-06-29,2225T,Dylan Salton,23,1
2026-07-03T14:30:14Z,2026-06-29,2225T,Cedric Stanke,27,1
2026-07-03T14:30:14Z,2026-06-29,2225T,Maties Torres Ramis,24,1
2026-07-03T14:30:14Z,2026-06-29,2225T,Breno Rossetto Urvaneja,21,1
2026-07-03T14:30:14Z,2026-06-29,2225T,Denis Vishenchuk Vishenko,19,1
2026-07-03T14:30:14Z,2026-06-29,2225T,Yue Xia,19,1
2026-07-03T14:30:14Z,2026-06-29,2250T,R. Andres,,1
2026-07-03T14:30:14Z,2026-06-29,2250T,S. De Felipe Garcia,,1
2026-07-03T14:30:14Z,2026-06-29,2250T,A. Dubinin,,1
2026-07-03T14:30:14Z,2026-06-29,2250T,J. Hendrikx,,1
2026-07-03T14:30:14Z,2026-06-29,2250T,V. Holban,,1
2026-07-03T14:30:14Z,2026-06-29,2250T,K. Koaykul,,1
2026-07-03T14:30:14Z,2026-06-29,2250T,L. Kurniawan,,1
2026-07-03T14:30:14Z,2026-06-29,2250T,A. Libre,,1
2026-07-03T14:30:14Z,2026-06-29,2250T,I. Nortey,,1
2026-07-03T14:30:14Z,2026-06-29,2250T,K. Overmyer,,1
2026-07-03T14:30:14Z,2026-06-29,2250T,J. Tan,,1
2026-07-03T14:30:14Z,2026-06-29,2250T,Romain Andres,19,1
2026-07-03T14:30:14Z,2026-06-29,2250T,Samuel De Felipe Garcia,26,1
2026-07-03T14:30:14Z,2026-06-29,2250T,Alexey Dubinin,27,1
2026-07-03T14:30:14Z,2026-06-29,2250T,Jim Hendrikx,25,1
2026-07-03T14:30:14Z,2026-06-29,2250T,Vladimir Holban,20,1
2026-07-03T14:30:14Z,2026-06-29,2250T,Krittin Koaykul,31,1
2026-07-03T14:30:14Z,2026-06-29,2250T,Lucky Candra Kurniawan,22,1
2026-07-03T14:30:14Z,2026-06-29,2250T,Agustin Libre,19,1
2026-07-03T14:30:14Z,2026-06-29,2250T,Isaac Nortey,26,1
2026-07-03T14:30:14Z,2026-06-29,2250T,Kyle Overmyer,22,1
2026-07-03T14:30:14Z,2026-06-29,2250T,Jaden Dewandaka Tan,19,1
2026-07-03T14:30:14Z,2026-06-29,2261T,Z. Adam-Gedge,,1
2026-07-03T14:30:14Z,2026-06-29,2261T,V. Bini,,1
2026-07-03T14:30:14Z,2026-06-29,2261T,M. Carballo,,1
2026-07-03T14:30:14Z,2026-06-29,2261T,Z. Sun,,1
2026-07-03T14:30:14Z,2026-06-29,2261T,T. Wong,,1
2026-07-03T14:30:14Z,2026-06-29,2261T,Zachary Adam-Gedge,23,1
2026-07-03T14:30:14Z,2026-06-29,2261T,Victor Bini,23,1
2026-07-03T14:30:14Z,2026-06-29,2261T,Mateo Carballo,19,1
2026-07-03T14:30:14Z,2026-06-29,2261T,Zhengyu Sun,19,1
2026-07-03T14:30:14Z,2026-06-29,2261T,Tsz Fu Wong,20,1
2026-07-03T14:30:14Z,2026-06-29,2266,V. Ahti,,1
2026-07-03T14:30:14Z,2026-06-29,2266,Vesa Ahti,27,1
2026-07-03T14:30:14Z,2026-06-29,2267T,J. Garcia Mestre,,1
2026-07-03T14:30:14Z,2026-06-29,2267T,Y. Wageh,,1
2026-07-03T14:30:14Z,2026-06-29,2267T,Jordi Garcia Mestre,23,1
2026-07-03T14:30:14Z,2026-06-29,2267T,Yassin Ahmed Wageh,18,1
2026-07-03T14:30:14Z,2026-06-29,2269T,M. Dimic,,1
2026-07-03T14:30:14Z,2026-06-29,2269T,J. Dominguez Alonso,,1
2026-07-03T14:30:14Z,2026-06-29,2269T,Matic Dimic,24,1
2026-07-03T14:30:14Z,2026-06-29,2269T,Jose Dominguez Alonso,26,1
2026-07-03T14:30:14Z,2026-06-29,2271,G. Saritas,,1
2026-07-03T14:30:14Z,2026-06-29,2271,Gokberk Saritas,22,1
2026-07-03T14:30:14Z,2026-06-29,2272,Y. Hongyu,,1
2026-07-03T14:30:14Z,2026-06-29,2272,Ye Hongyu,21,1
2026-07-03T14:30:14Z,2026-06-29,2273,B. Seleznev,,1
2026-07-03T14:30:14Z,2026-06-29,2273,Bogdan Seleznev,24,1
