match_date,tournament_name,round,round_raw_espn,winner_name,loser_name,score_text,espn_tournament_url,espn_daily_url
2026-04-11,BMW Open by Bitpanda,Q1,Qualifying 1st Round,Alex Molcan,Roberto Carballes Baena,6 3 4 || 0 6 6,https://www.espn.com/tennis/scoreboard/tournament/_/eventId/12-2026/competitionType/1,https://www.espn.com/tennis/scoreboard/tournament/_/eventId/12-2026/competitionType/1/date/20260411
2026-04-11,BMW Open by Bitpanda,Q1,Qualifying 1st Round - Center Court,Emilio Nava,David Goffin,6 6 || 4 2,https://www.espn.com/tennis/scoreboard/tournament/_/eventId/12-2026/competitionType/1,https://www.espn.com/tennis/scoreboard/tournament/_/eventId/12-2026/competitionType/1/date/20260411
2026-04-11,BMW Open by Bitpanda,Q1,Qualifying 1st Round - Court 1,Lorenzo Giustino,Sumit Nagal,6 3 || 1 6 RET,https://www.espn.com/tennis/scoreboard/tournament/_/eventId/12-2026/competitionType/1,https://www.espn.com/tennis/scoreboard/tournament/_/eventId/12-2026/competitionType/1/date/20260411
2026-04-11,BMW Open by Bitpanda,Q1,Qualifying 1st Round - Court 2,Max Hans Rehberg,Arthur Fery,6 7 7 || 2 6 1,https://www.espn.com/tennis/scoreboard/tournament/_/eventId/12-2026/competitionType/1,https://www.espn.com/tennis/scoreboard/tournament/_/eventId/12-2026/competitionType/1/date/20260411
2026-04-11,BMW Open by Bitpanda,Q1,Qualifying 1st Round - Center Court,Alexander Shevchenko,Diego Dedura,6 7 7 || 3 6 5,https://www.espn.com/tennis/scoreboard/tournament/_/eventId/12-2026/competitionType/1,https://www.espn.com/tennis/scoreboard/tournament/_/eventId/12-2026/competitionType/1/date/20260411
2026-04-11,BMW Open by Bitpanda,Q1,Qualifying 1st Round - Court 1,Marko Topo,Ugo Blanchet,6 6 || 3 4,https://www.espn.com/tennis/scoreboard/tournament/_/eventId/12-2026/competitionType/1,https://www.espn.com/tennis/scoreboard/tournament/_/eventId/12-2026/competitionType/1/date/20260411
2026-04-11,BMW Open by Bitpanda,Q1,Qualifying 1st Round - Center Court,Marc-Andrea Huesler,Jan Choinski,4 6 4 || 6 4 6,https://www.espn.com/tennis/scoreboard/tournament/_/eventId/12-2026/competitionType/1,https://www.espn.com/tennis/scoreboard/tournament/_/eventId/12-2026/competitionType/1/date/20260411
2026-04-11,BMW Open by Bitpanda,Q1,Qualifying 1st Round - Court 1,Vitaliy Sachko,Damir Dzumhur,5 4 || 7 6,https://www.espn.com/tennis/scoreboard/tournament/_/eventId/12-2026/competitionType/1,https://www.espn.com/tennis/scoreboard/tournament/_/eventId/12-2026/competitionType/1/date/20260411
2026-04-12,BMW Open by Bitpanda,,,Alex Molcan,Emilio Nava,1 6 4 || 6 7 7,https://www.espn.com/tennis/scoreboard/tournament/_/eventId/12-2026/competitionType/1,https://www.espn.com/tennis/scoreboard/tournament/_/eventId/12-2026/competitionType/1/date/20260412
2026-04-12,BMW Open by Bitpanda,,,Diego Dedura,Sumit Nagal,6 8 6 6 || 7 10 3 3,https://www.espn.com/tennis/scoreboard/tournament/_/eventId/12-2026/competitionType/1,https://www.espn.com/tennis/scoreboard/tournament/_/eventId/12-2026/competitionType/1/date/20260412
2026-04-12,BMW Open by Bitpanda,,,Marc-Andrea Huesler,Marko Topo,6 6 || 0 1,https://www.espn.com/tennis/scoreboard/tournament/_/eventId/12-2026/competitionType/1,https://www.espn.com/tennis/scoreboard/tournament/_/eventId/12-2026/competitionType/1/date/20260412
2026-04-12,BMW Open by Bitpanda,,,Vitaliy Sachko,Max Hans Rehberg,6 7 7 || 2 6 3,https://www.espn.com/tennis/scoreboard/tournament/_/eventId/12-2026/competitionType/1,https://www.espn.com/tennis/scoreboard/tournament/_/eventId/12-2026/competitionType/1/date/20260412
2026-04-13,BMW Open by Bitpanda,,,Ben Shelton,Emilio Nava,6 4 6 3 2 || 7 7 3 6,https://www.espn.com/tennis/scoreboard/tournament/_/eventId/12-2026/competitionType/1,https://www.espn.com/tennis/scoreboard/tournament/_/eventId/12-2026/competitionType/1/date/20260413
2026-04-13,BMW Open by Bitpanda,,,Francisco Cerundolo,Sumit Nagal,2 2 5 || 6 6,https://www.espn.com/tennis/scoreboard/tournament/_/eventId/12-2026/competitionType/1,https://www.espn.com/tennis/scoreboard/tournament/_/eventId/12-2026/competitionType/1/date/20260413
2026-04-13,BMW Open by Bitpanda,,,Arthur Rinderknech,Alex Michelsen,6 6 || 3 3,https://www.espn.com/tennis/scoreboard/tournament/_/eventId/12-2026/competitionType/1,https://www.espn.com/tennis/scoreboard/tournament/_/eventId/12-2026/competitionType/1/date/20260413
2026-04-13,BMW Open by Bitpanda,,,Alexander Blockx,Yannick Hanfmann,7 7 6 || 6 2 2,https://www.espn.com/tennis/scoreboard/tournament/_/eventId/12-2026/competitionType/1,https://www.espn.com/tennis/scoreboard/tournament/_/eventId/12-2026/competitionType/1/date/20260413
2026-04-13,BMW Open by Bitpanda,,,Gabriel Diallo,Vitaliy Sachko,6 6 || 1 2,https://www.espn.com/tennis/scoreboard/tournament/_/eventId/12-2026/competitionType/1,https://www.espn.com/tennis/scoreboard/tournament/_/eventId/12-2026/competitionType/1/date/20260413
2026-04-13,BMW Open by Bitpanda,,,Botic Van De Zandschulp,Marc-Andrea Huesler,7 9 6 || 6 7 3,https://www.espn.com/tennis/scoreboard/tournament/_/eventId/12-2026/competitionType/1,https://www.espn.com/tennis/scoreboard/tournament/_/eventId/12-2026/competitionType/1/date/20260413
2026-04-14,BMW Open by Bitpanda,,,Alexander Zverev,Miomir Kecmanovic,6 3 7 7 || 3 6 6 2,https://www.espn.com/tennis/scoreboard/tournament/_/eventId/12-2026/competitionType/1,https://www.espn.com/tennis/scoreboard/tournament/_/eventId/12-2026/competitionType/1/date/20260414
2026-04-14,BMW Open by Bitpanda,,,Alex Molcan,Alexander Bublik,6 6 3 || 4 2,https://www.espn.com/tennis/scoreboard/tournament/_/eventId/12-2026/competitionType/1,https://www.espn.com/tennis/scoreboard/tournament/_/eventId/12-2026/competitionType/1/date/20260414
2026-04-14,BMW Open by Bitpanda,,,Flavio Cobolli,Diego Dedura,6 7 || 4 5,https://www.espn.com/tennis/scoreboard/tournament/_/eventId/12-2026/competitionType/1,https://www.espn.com/tennis/scoreboard/tournament/_/eventId/12-2026/competitionType/1/date/20260414
2026-04-14,BMW Open by Bitpanda,,,Luciano Darderi,Zhang Zhizhen,6 5 6 1 6 || 7 7 3 6,https://www.espn.com/tennis/scoreboard/tournament/_/eventId/12-2026/competitionType/1,https://www.espn.com/tennis/scoreboard/tournament/_/eventId/12-2026/competitionType/1/date/20260414
2026-04-14,BMW Open by Bitpanda,,,Denis Shapovalov,Tallon Griekspoor,4 6 2 || 6 3 6,https://www.espn.com/tennis/scoreboard/tournament/_/eventId/12-2026/competitionType/1,https://www.espn.com/tennis/scoreboard/tournament/_/eventId/12-2026/competitionType/1/date/20260414
2026-04-14,BMW Open by Bitpanda,,,Zizou Bergs,Marko Topo,6 6 || 1 4,https://www.espn.com/tennis/scoreboard/tournament/_/eventId/12-2026/competitionType/1,https://www.espn.com/tennis/scoreboard/tournament/_/eventId/12-2026/competitionType/1/date/20260414
2026-04-14,BMW Open by Bitpanda,,,Daniel Altmaier,Marin Cilic,2 3 || 6 6,https://www.espn.com/tennis/scoreboard/tournament/_/eventId/12-2026/competitionType/1,https://www.espn.com/tennis/scoreboard/tournament/_/eventId/12-2026/competitionType/1/date/20260414
2026-04-14,BMW Open by Bitpanda,,,Vit Kopriva,Justin Engel,3 7 2 || 6 5 6,https://www.espn.com/tennis/scoreboard/tournament/_/eventId/12-2026/competitionType/1,https://www.espn.com/tennis/scoreboard/tournament/_/eventId/12-2026/competitionType/1/date/20260414
2026-04-14,BMW Open by Bitpanda,,,Joao Fonseca,Alejandro Tabilo,6 1 3 || 7 7 6,https://www.espn.com/tennis/scoreboard/tournament/_/eventId/12-2026/competitionType/1,https://www.espn.com/tennis/scoreboard/tournament/_/eventId/12-2026/competitionType/1/date/20260414
2026-04-15,BMW Open by Bitpanda,,,Ben Shelton,Alexander Blockx,4 6 8 2 || 6 7 10,https://www.espn.com/tennis/scoreboard/tournament/_/eventId/12-2026/competitionType/1,https://www.espn.com/tennis/scoreboard/tournament/_/eventId/12-2026/competitionType/1/date/20260415
2026-04-15,BMW Open by Bitpanda,,,Flavio Cobolli,Zizou Bergs,6 6 || 2 3,https://www.espn.com/tennis/scoreboard/tournament/_/eventId/12-2026/competitionType/1,https://www.espn.com/tennis/scoreboard/tournament/_/eventId/12-2026/competitionType/1/date/20260415
2026-04-15,BMW Open by Bitpanda,,,Vit Kopriva,Luciano Darderi,2 6 6 6 || 6 4 1,https://www.espn.com/tennis/scoreboard/tournament/_/eventId/12-2026/competitionType/1,https://www.espn.com/tennis/scoreboard/tournament/_/eventId/12-2026/competitionType/1/date/20260415
2026-04-15,BMW Open by Bitpanda,,,Joao Fonseca,Arthur Rinderknech,3 2 || 6 6,https://www.espn.com/tennis/scoreboard/tournament/_/eventId/12-2026/competitionType/1,https://www.espn.com/tennis/scoreboard/tournament/_/eventId/12-2026/competitionType/1/date/20260415
2026-04-15,BMW Open by Bitpanda,,,Fabian Marozsan,Stefanos Tsitsipas,3 7 7 6 || 6 6 5 4,https://www.espn.com/tennis/scoreboard/tournament/_/eventId/12-2026/competitionType/1,https://www.espn.com/tennis/scoreboard/tournament/_/eventId/12-2026/competitionType/1/date/20260415
2026-04-16,BMW Open by Bitpanda,,,Alexander Zverev,Gabriel Diallo,6 6 || 1 2,https://www.espn.com/tennis/scoreboard/tournament/_/eventId/12-2026/competitionType/1,https://www.espn.com/tennis/scoreboard/tournament/_/eventId/12-2026/competitionType/1/date/20260416
2026-04-16,BMW Open by Bitpanda,,,Francisco Cerundolo,Botic Van De Zandschulp,3 0 5 || 6 6,https://www.espn.com/tennis/scoreboard/tournament/_/eventId/12-2026/competitionType/1,https://www.espn.com/tennis/scoreboard/tournament/_/eventId/12-2026/competitionType/1/date/20260416
2026-04-16,BMW Open by Bitpanda,,,Denis Shapovalov,Fabian Marozsan,7 7 6 || 6 4 2,https://www.espn.com/tennis/scoreboard/tournament/_/eventId/12-2026/competitionType/1,https://www.espn.com/tennis/scoreboard/tournament/_/eventId/12-2026/competitionType/1/date/20260416
2026-04-16,BMW Open by Bitpanda,,,Alex Molcan,Daniel Altmaier,4 6 10 || 6 7 12,https://www.espn.com/tennis/scoreboard/tournament/_/eventId/12-2026/competitionType/1,https://www.espn.com/tennis/scoreboard/tournament/_/eventId/12-2026/competitionType/1/date/20260416
2026-04-11,Barcelona Open Banc Sabadell,Q1,Qualifying 1st Round,Patrick Kypson,Arthur Gea,1 4 || 6 6,https://www.espn.com/tennis/scoreboard/tournament/_/eventId/338-2026/competitionType/1,https://www.espn.com/tennis/scoreboard/tournament/_/eventId/338-2026/competitionType/1/date/20260411
2026-04-11,Barcelona Open Banc Sabadell,Q1,Qualifying 1st Round - Pista 2,Quentin Halys,Matteo Arnaldi,1 7 7 6 2 || 6 6 1 7 7,https://www.espn.com/tennis/scoreboard/tournament/_/eventId/338-2026/competitionType/1,https://www.espn.com/tennis/scoreboard/tournament/_/eventId/338-2026/competitionType/1/date/20260411
2026-04-11,Barcelona Open Banc Sabadell,Q1,Qualifying 1st Round - Pista Rafa Nadal,Hamad Medjedovic,Vilius Gaubas,7 15 6 || 6 13 4,https://www.espn.com/tennis/scoreboard/tournament/_/eventId/338-2026/competitionType/1,https://www.espn.com/tennis/scoreboard/tournament/_/eventId/338-2026/competitionType/1/date/20260411
2026-04-11,Barcelona Open Banc Sabadell,Q1,Qualifying 1st Round - Pista Andres Gimeno,Sebastian Ofner,Alejo Sanchez Quilez,6 6 || 4 4,https://www.espn.com/tennis/scoreboard/tournament/_/eventId/338-2026/competitionType/1,https://www.espn.com/tennis/scoreboard/tournament/_/eventId/338-2026/competitionType/1/date/20260411
2026-04-11,Barcelona Open Banc Sabadell,Q1,Qualifying 1st Round - Pista 2,Pedro Martinez,Pablo Carreno Busta,6 4 || 3 3 RET,https://www.espn.com/tennis/scoreboard/tournament/_/eventId/338-2026/competitionType/1,https://www.espn.com/tennis/scoreboard/tournament/_/eventId/338-2026/competitionType/1/date/20260411
2026-04-11,Barcelona Open Banc Sabadell,Q1,Qualifying 1st Round - Pista Rafa Nadal,Juan Manuel Cerundolo,Giulio Zeppieri,6 7 || 1 5,https://www.espn.com/tennis/scoreboard/tournament/_/eventId/338-2026/competitionType/1,https://www.espn.com/tennis/scoreboard/tournament/_/eventId/338-2026/competitionType/1/date/20260411
2026-04-11,Barcelona Open Banc Sabadell,Q1,Qualifying 1st Round - Pista Andres Gimeno,Marco Trungelliti,Nicolai Budkov Kjaer,6 4 6 || 4 6 4,https://www.espn.com/tennis/scoreboard/tournament/_/eventId/338-2026/competitionType/1,https://www.espn.com/tennis/scoreboard/tournament/_/eventId/338-2026/competitionType/1/date/20260411
2026-04-11,Barcelona Open Banc Sabadell,Q1,Qualifying 1st Round - Pista Rafa Nadal,Jesper de Jong,Benjamin Bonzi,6 6 || 4 1,https://www.espn.com/tennis/scoreboard/tournament/_/eventId/338-2026/competitionType/1,https://www.espn.com/tennis/scoreboard/tournament/_/eventId/338-2026/competitionType/1/date/20260411
2026-04-11,Barcelona Open Banc Sabadell,Q1,Qualifying 1st Round - Pista 2,Alexandre Muller,Max Alcala Gurri,2 2 || 6 6,https://www.espn.com/tennis/scoreboard/tournament/_/eventId/338-2026/competitionType/1,https://www.espn.com/tennis/scoreboard/tournament/_/eventId/338-2026/competitionType/1/date/20260411
2026-04-11,Barcelona Open Banc Sabadell,Q1,Qualifying 1st Round - Pista Andres Gimeno,Otto Virtanen,Aleksandar Vukic,3 7 9 4 || 6 6 7 6,https://www.espn.com/tennis/scoreboard/tournament/_/eventId/338-2026/competitionType/1,https://www.espn.com/tennis/scoreboard/tournament/_/eventId/338-2026/competitionType/1/date/20260411
2026-04-11,Barcelona Open Banc Sabadell,Q1,Qualifying 1st Round - Pista 2,Daniel Merida,Francesco Maestrelli,5 4 || 7 6,https://www.espn.com/tennis/scoreboard/tournament/_/eventId/338-2026/competitionType/1,https://www.espn.com/tennis/scoreboard/tournament/_/eventId/338-2026/competitionType/1/date/20260411
2026-04-11,Barcelona Open Banc Sabadell,Q1,Qualifying 1st Round - Pista Andres Gimeno,Ethan Quinn,Nikoloz Basilashvili,2 7 11 6 || 6 6 9 4,https://www.espn.com/tennis/scoreboard/tournament/_/eventId/338-2026/competitionType/1,https://www.espn.com/tennis/scoreboard/tournament/_/eventId/338-2026/competitionType/1/date/20260411
2026-04-12,Barcelona Open Banc Sabadell,,,Sebastian Ofner,Patrick Kypson,6 6 || 4 4,https://www.espn.com/tennis/scoreboard/tournament/_/eventId/338-2026/competitionType/1,https://www.espn.com/tennis/scoreboard/tournament/_/eventId/338-2026/competitionType/1/date/20260412
2026-04-12,Barcelona Open Banc Sabadell,,,Hamad Medjedovic,Quentin Halys,6 3 7 8 || 2 6 6 6,https://www.espn.com/tennis/scoreboard/tournament/_/eventId/338-2026/competitionType/1,https://www.espn.com/tennis/scoreboard/tournament/_/eventId/338-2026/competitionType/1/date/20260412
2026-04-12,Barcelona Open Banc Sabadell,,,Pedro Martinez,Marco Trungelliti,7 6 5 1 || 5 7 7 6,https://www.espn.com/tennis/scoreboard/tournament/_/eventId/338-2026/competitionType/1,https://www.espn.com/tennis/scoreboard/tournament/_/eventId/338-2026/competitionType/1/date/20260412
2026-04-12,Barcelona Open Banc Sabadell,,,Otto Virtanen,Alexandre Muller,6 6 || 4 4,https://www.espn.com/tennis/scoreboard/tournament/_/eventId/338-2026/competitionType/1,https://www.espn.com/tennis/scoreboard/tournament/_/eventId/338-2026/competitionType/1/date/20260412
2026-04-12,Barcelona Open Banc Sabadell,,,Ethan Quinn,Daniel Merida,6 6 || 3 1,https://www.espn.com/tennis/scoreboard/tournament/_/eventId/338-2026/competitionType/1,https://www.espn.com/tennis/scoreboard/tournament/_/eventId/338-2026/competitionType/1/date/20260412
2026-04-12,Barcelona Open Banc Sabadell,,,Juan Manuel Cerundolo,Jesper de Jong,6 6 || 4 4,https://www.espn.com/tennis/scoreboard/tournament/_/eventId/338-2026/competitionType/1,https://www.espn.com/tennis/scoreboard/tournament/_/eventId/338-2026/competitionType/1/date/20260412
2026-04-13,Barcelona Open Banc Sabadell,,,Cameron Norrie,Stan Wawrinka,6 6 5 6 || 4 7 7 4,https://www.espn.com/tennis/scoreboard/tournament/_/eventId/338-2026/competitionType/1,https://www.espn.com/tennis/scoreboard/tournament/_/eventId/338-2026/competitionType/1/date/20260413
2026-04-13,Barcelona Open Banc Sabadell,,,Tomas Martin Etcheverry,Jack Draper,3 6 4 8 || 6 3 1 RET,https://www.espn.com/tennis/scoreboard/tournament/_/eventId/338-2026/competitionType/1,https://www.espn.com/tennis/scoreboard/tournament/_/eventId/338-2026/competitionType/1/date/20260413
2026-04-13,Barcelona Open Banc Sabadell,,,Rafael Jodar,Jaume Munar,1 2 || 6 6,https://www.espn.com/tennis/scoreboard/tournament/_/eventId/338-2026/competitionType/1,https://www.espn.com/tennis/scoreboard/tournament/_/eventId/338-2026/competitionType/1/date/20260413
2026-04-13,Barcelona Open Banc Sabadell,,,Nuno Borges,Adrian Mannarino,6 6 || 3 4,https://www.espn.com/tennis/scoreboard/tournament/_/eventId/338-2026/competitionType/1,https://www.espn.com/tennis/scoreboard/tournament/_/eventId/338-2026/competitionType/1/date/20260413
2026-04-13,Barcelona Open Banc Sabadell,,,Hamad Medjedovic,Marco Trungelliti,5 4 || 7 6,https://www.espn.com/tennis/scoreboard/tournament/_/eventId/338-2026/competitionType/1,https://www.espn.com/tennis/scoreboard/tournament/_/eventId/338-2026/competitionType/1/date/20260413
2026-04-13,Barcelona Open Banc Sabadell,,,Ethan Quinn,Reilly Opelka,5 6 7 || 7 7 9,https://www.espn.com/tennis/scoreboard/tournament/_/eventId/338-2026/competitionType/1,https://www.espn.com/tennis/scoreboard/tournament/_/eventId/338-2026/competitionType/1/date/20260413
2026-04-13,Barcelona Open Banc Sabadell,,,Corentin Moutet,Ignacio Buse,4 4 || 6 6,https://www.espn.com/tennis/scoreboard/tournament/_/eventId/338-2026/competitionType/1,https://www.espn.com/tennis/scoreboard/tournament/_/eventId/338-2026/competitionType/1/date/20260413
2026-04-14,Barcelona Open Banc Sabadell,,,Carlos Alcaraz,Otto Virtanen,6 6 || 4 2,https://www.espn.com/tennis/scoreboard/tournament/_/eventId/338-2026/competitionType/1,https://www.espn.com/tennis/scoreboard/tournament/_/eventId/338-2026/competitionType/1/date/20260414
2026-04-14,Barcelona Open Banc Sabadell,,,Lorenzo Musetti,Martin Landaluce,5 2 2 || 7 6,https://www.espn.com/tennis/scoreboard/tournament/_/eventId/338-2026/competitionType/1,https://www.espn.com/tennis/scoreboard/tournament/_/eventId/338-2026/competitionType/1/date/20260414
2026-04-14,Barcelona Open Banc Sabadell,,,Alex de Minaur,Sebastian Ofner,7 9 6 || 6 7 4,https://www.espn.com/tennis/scoreboard/tournament/_/eventId/338-2026/competitionType/1,https://www.espn.com/tennis/scoreboard/tournament/_/eventId/338-2026/competitionType/1/date/20260414
2026-04-14,Barcelona Open Banc Sabadell,,,Camilo Ugo Carabelli,Karen Khachanov,6 6 4 || 3 4,https://www.espn.com/tennis/scoreboard/tournament/_/eventId/338-2026/competitionType/1,https://www.espn.com/tennis/scoreboard/tournament/_/eventId/338-2026/competitionType/1/date/20260414
2026-04-14,Barcelona Open Banc Sabadell,,,Andrey Rublev,Mariano Navone,4 5 5 || 6 7,https://www.espn.com/tennis/scoreboard/tournament/_/eventId/338-2026/competitionType/1,https://www.espn.com/tennis/scoreboard/tournament/_/eventId/338-2026/competitionType/1/date/20260414
2026-04-14,Barcelona Open Banc Sabadell,,,Arthur Fils,Terence Atmane,4 6 7 9 || 6 4 6 7,https://www.espn.com/tennis/scoreboard/tournament/_/eventId/338-2026/competitionType/1,https://www.espn.com/tennis/scoreboard/tournament/_/eventId/338-2026/competitionType/1/date/20260414
2026-04-14,Barcelona Open Banc Sabadell,,,Brandon Nakashima,Juan Manuel Cerundolo,6 7 || 3 5,https://www.espn.com/tennis/scoreboard/tournament/_/eventId/338-2026/competitionType/1,https://www.espn.com/tennis/scoreboard/tournament/_/eventId/338-2026/competitionType/1/date/20260414
2026-04-14,Barcelona Open Banc Sabadell,,,Tomas Machac,Sebastian Baez,2 6 6 || 6 4 1,https://www.espn.com/tennis/scoreboard/tournament/_/eventId/338-2026/competitionType/1,https://www.espn.com/tennis/scoreboard/tournament/_/eventId/338-2026/competitionType/1/date/20260414
2026-04-14,Barcelona Open Banc Sabadell,,,Lorenzo Sonego,Pedro Martinez,2 6 4 || 6 2 6,https://www.espn.com/tennis/scoreboard/tournament/_/eventId/338-2026/competitionType/1,https://www.espn.com/tennis/scoreboard/tournament/_/eventId/338-2026/competitionType/1/date/20260414
2026-04-15,Barcelona Open Banc Sabadell,,,Hamad Medjedovic,Alex de Minaur,3 4 || 6 6,https://www.espn.com/tennis/scoreboard/tournament/_/eventId/338-2026/competitionType/1,https://www.espn.com/tennis/scoreboard/tournament/_/eventId/338-2026/competitionType/1/date/20260415
2026-04-15,Barcelona Open Banc Sabadell,,,Cameron Norrie,Ethan Quinn,6 4 6 || 3 6 4,https://www.espn.com/tennis/scoreboard/tournament/_/eventId/338-2026/competitionType/1,https://www.espn.com/tennis/scoreboard/tournament/_/eventId/338-2026/competitionType/1/date/20260415
2026-04-15,Barcelona Open Banc Sabadell,,,Rafael Jodar,Camilo Ugo Carabelli,6 6 || 3 3,https://www.espn.com/tennis/scoreboard/tournament/_/eventId/338-2026/competitionType/1,https://www.espn.com/tennis/scoreboard/tournament/_/eventId/338-2026/competitionType/1/date/20260415
2026-04-15,Barcelona Open Banc Sabadell,,,Nuno Borges,Tomas Martin Etcheverry,6 7 7 || 3 6 4,https://www.espn.com/tennis/scoreboard/tournament/_/eventId/338-2026/competitionType/1,https://www.espn.com/tennis/scoreboard/tournament/_/eventId/338-2026/competitionType/1/date/20260415
2026-04-16,Barcelona Open Banc Sabadell,,,Lorenzo Musetti,Corentin Moutet,3 4 2 || 6 6,https://www.espn.com/tennis/scoreboard/tournament/_/eventId/338-2026/competitionType/1,https://www.espn.com/tennis/scoreboard/tournament/_/eventId/338-2026/competitionType/1/date/20260416
2026-04-16,Barcelona Open Banc Sabadell,,,Andrey Rublev,Lorenzo Sonego,2 3 5 || 6 6,https://www.espn.com/tennis/scoreboard/tournament/_/eventId/338-2026/competitionType/1,https://www.espn.com/tennis/scoreboard/tournament/_/eventId/338-2026/competitionType/1/date/20260416
2026-04-16,Barcelona Open Banc Sabadell,,,Arthur Fils,Brandon Nakashima,6 6 || 2 3,https://www.espn.com/tennis/scoreboard/tournament/_/eventId/338-2026/competitionType/1,https://www.espn.com/tennis/scoreboard/tournament/_/eventId/338-2026/competitionType/1/date/20260416
2026-01-02,Brisbane International presented by ANZ,Q1,Qualifying 1st Round,Matteo Arnaldi,Hugo Gaston,6 5 7 7 || 1 7 6 5,https://www.espn.com/tennis/scoreboard/tournament/_/eventId/970-2026/competitionType/1,https://www.espn.com/tennis/scoreboard/tournament/_/eventId/970-2026/competitionType/1/date/20260102
2026-01-02,Brisbane International presented by ANZ,Q1,Qualifying 1st Round - Court 10,Quentin Halys,Eliot Spizzirri,6 6 || 4 3,https://www.espn.com/tennis/scoreboard/tournament/_/eventId/970-2026/competitionType/1,https://www.espn.com/tennis/scoreboard/tournament/_/eventId/970-2026/competitionType/1/date/20260102
2026-01-02,Brisbane International presented by ANZ,Q1,Qualifying 1st Round - Court 14,Kamil Majchrzak,Cruz Hewitt,6 7 || 4 5,https://www.espn.com/tennis/scoreboard/tournament/_/eventId/970-2026/competitionType/1,https://www.espn.com/tennis/scoreboard/tournament/_/eventId/970-2026/competitionType/1/date/20260102
2026-01-02,Brisbane International presented by ANZ,Q1,Qualifying 1st Round - Show Court 1,Rinky Hijikata,Filip Misolic,6 6 || 3 3,https://www.espn.com/tennis/scoreboard/tournament/_/eventId/970-2026/competitionType/1,https://www.espn.com/tennis/scoreboard/tournament/_/eventId/970-2026/competitionType/1/date/20260102
2026-01-02,Brisbane International presented by ANZ,Q1,Qualifying 1st Round - Show Court 2,Terence Atmane,Yannick Hanfmann,6 7 7 || 4 6 3,https://www.espn.com/tennis/scoreboard/tournament/_/eventId/970-2026/competitionType/1,https://www.espn.com/tennis/scoreboard/tournament/_/eventId/970-2026/competitionType/1/date/20260102
2026-01-02,Brisbane International presented by ANZ,Q1,Qualifying 1st Round - Show Court 2,James Duckworth,Tristan Schoolkate,3 2 || 6 6,https://www.espn.com/tennis/scoreboard/tournament/_/eventId/970-2026/competitionType/1,https://www.espn.com/tennis/scoreboard/tournament/_/eventId/970-2026/competitionType/1/date/20260102
2026-01-02,Brisbane International presented by ANZ,Q1,Qualifying 1st Round - Court 14,Christopher O'Connell,Nikoloz Basilashvili,6 6 || 2 3,https://www.espn.com/tennis/scoreboard/tournament/_/eventId/970-2026/competitionType/1,https://www.espn.com/tennis/scoreboard/tournament/_/eventId/970-2026/competitionType/1/date/20260102
2026-01-02,Brisbane International presented by ANZ,Q1,Qualifying 1st Round - Show Court 2,Dane Sweeny,Jacob Fearnley,1 6 4 || 6 7 7,https://www.espn.com/tennis/scoreboard/tournament/_/eventId/970-2026/competitionType/1,https://www.espn.com/tennis/scoreboard/tournament/_/eventId/970-2026/competitionType/1/date/20260102
2026-01-02,Brisbane International presented by ANZ,Q1,Qualifying 1st Round - Court 14,Ethan Quinn,Benjamin Bonzi,4 6 6 || 6 3 3,https://www.espn.com/tennis/scoreboard/tournament/_/eventId/970-2026/competitionType/1,https://www.espn.com/tennis/scoreboard/tournament/_/eventId/970-2026/competitionType/1/date/20260102
2026-01-02,Brisbane International presented by ANZ,Q1,Qualifying 1st Round - Court 6,Raphael Collignon,Alexander Shevchenko,5 4 || 7 6,https://www.espn.com/tennis/scoreboard/tournament/_/eventId/970-2026/competitionType/1,https://www.espn.com/tennis/scoreboard/tournament/_/eventId/970-2026/competitionType/1/date/20260102
2026-01-02,Brisbane International presented by ANZ,Q1,Qualifying 1st Round - Court 6,Pablo Carreno Busta,Mattia Bellucci,6 2 7 7 || 4 6 6 3,https://www.espn.com/tennis/scoreboard/tournament/_/eventId/970-2026/competitionType/1,https://www.espn.com/tennis/scoreboard/tournament/_/eventId/970-2026/competitionType/1/date/20260102
2026-01-02,Brisbane International presented by ANZ,Q1,Qualifying 1st Round - Show Court 2,Arthur Cazaux,Martin Landaluce,6 6 || 3 2,https://www.espn.com/tennis/scoreboard/tournament/_/eventId/970-2026/competitionType/1,https://www.espn.com/tennis/scoreboard/tournament/_/eventId/970-2026/competitionType/1/date/20260102
2026-01-03,Brisbane International presented by ANZ,,,Quentin Halys,Kamil Majchrzak,6 6 5 4 || 1 7 7 6,https://www.espn.com/tennis/scoreboard/tournament/_/eventId/970-2026/competitionType/1,https://www.espn.com/tennis/scoreboard/tournament/_/eventId/970-2026/competitionType/1/date/20260103
2026-01-03,Brisbane International presented by ANZ,,,James Duckworth,Terence Atmane,6 4 2 || 7 7 6,https://www.espn.com/tennis/scoreboard/tournament/_/eventId/970-2026/competitionType/1,https://www.espn.com/tennis/scoreboard/tournament/_/eventId/970-2026/competitionType/1/date/20260103
2026-01-03,Brisbane International presented by ANZ,,,Raphael Collignon,Ethan Quinn,5 3 || 7 6,https://www.espn.com/tennis/scoreboard/tournament/_/eventId/970-2026/competitionType/1,https://www.espn.com/tennis/scoreboard/tournament/_/eventId/970-2026/competitionType/1/date/20260103
2026-01-03,Brisbane International presented by ANZ,,,Dane Sweeny,Christopher O'Connell,6 4 6 6 || 7 7 3 4,https://www.espn.com/tennis/scoreboard/tournament/_/eventId/970-2026/competitionType/1,https://www.espn.com/tennis/scoreboard/tournament/_/eventId/970-2026/competitionType/1/date/20260103
2026-01-03,Brisbane International presented by ANZ,,,Pablo Carreno Busta,Arthur Cazaux,3 || 5 RET,https://www.espn.com/tennis/scoreboard/tournament/_/eventId/970-2026/competitionType/1,https://www.espn.com/tennis/scoreboard/tournament/_/eventId/970-2026/competitionType/1/date/20260103
2026-01-03,Brisbane International presented by ANZ,,,Frances Tiafoe,Aleksandar Vukic,2 2 || 6 6,https://www.espn.com/tennis/scoreboard/tournament/_/eventId/970-2026/competitionType/1,https://www.espn.com/tennis/scoreboard/tournament/_/eventId/970-2026/competitionType/1/date/20260103
2026-01-04,Brisbane International presented by ANZ,,,Jiri Lehecka,Tomas Machac,6 6 5 6 || 4 7 7 2,https://www.espn.com/tennis/scoreboard/tournament/_/eventId/970-2026/competitionType/1,https://www.espn.com/tennis/scoreboard/tournament/_/eventId/970-2026/competitionType/1/date/20260104
2026-01-04,Brisbane International presented by ANZ,,,Learner Tien,Camilo Ugo Carabelli,6 4 3 8 || 7 7 6,https://www.espn.com/tennis/scoreboard/tournament/_/eventId/970-2026/competitionType/1,https://www.espn.com/tennis/scoreboard/tournament/_/eventId/970-2026/competitionType/1/date/20260104
2026-01-04,Brisbane International presented by ANZ,,,Reilly Opelka,Dane Sweeny,6 7 || 3 5,https://www.espn.com/tennis/scoreboard/tournament/_/eventId/970-2026/competitionType/1,https://www.espn.com/tennis/scoreboard/tournament/_/eventId/970-2026/competitionType/1/date/20260104
2026-01-04,Brisbane International presented by ANZ,,,Quentin Halys,Alexei Popyrin,7 3 4 || 5 6 6,https://www.espn.com/tennis/scoreboard/tournament/_/eventId/970-2026/competitionType/1,https://www.espn.com/tennis/scoreboard/tournament/_/eventId/970-2026/competitionType/1/date/20260104
2026-01-04,Brisbane International presented by ANZ,,,Kamil Majchrzak,Daniel Altmaier,7 7 6 || 6 4 0,https://www.espn.com/tennis/scoreboard/tournament/_/eventId/970-2026/competitionType/1,https://www.espn.com/tennis/scoreboard/tournament/_/eventId/970-2026/competitionType/1/date/20260104
2026-01-04,Brisbane International presented by ANZ,,,Alex Michelsen,James Duckworth,7 7 6 2 3 || 6 4 7 7 6,https://www.espn.com/tennis/scoreboard/tournament/_/eventId/970-2026/competitionType/1,https://www.espn.com/tennis/scoreboard/tournament/_/eventId/970-2026/competitionType/1/date/20260104
2026-01-04,Brisbane International presented by ANZ,,,Sebastian Korda,Valentin Vacherot,6 1 3 || 7 7 6,https://www.espn.com/tennis/scoreboard/tournament/_/eventId/970-2026/competitionType/1,https://www.espn.com/tennis/scoreboard/tournament/_/eventId/970-2026/competitionType/1/date/20260104
2026-01-05,Brisbane International presented by ANZ,,,Daniil Medvedev,Marton Fucsovics,6 6 || 2 3,https://www.espn.com/tennis/scoreboard/tournament/_/eventId/970-2026/competitionType/1,https://www.espn.com/tennis/scoreboard/tournament/_/eventId/970-2026/competitionType/1/date/20260105
2026-01-05,Brisbane International presented by ANZ,,,Brandon Nakashima,Alejandro Davidovich Fokina,7 7 6 2 || 6 4 4,https://www.espn.com/tennis/scoreboard/tournament/_/eventId/970-2026/competitionType/1,https://www.espn.com/tennis/scoreboard/tournament/_/eventId/970-2026/competitionType/1/date/20260105
2026-01-05,Brisbane International presented by ANZ,,,Giovanni Mpetshi Perricard,Tommy Paul,7 7 3 7 8 4 || 6 2 6 6 6,https://www.espn.com/tennis/scoreboard/tournament/_/eventId/970-2026/competitionType/1,https://www.espn.com/tennis/scoreboard/tournament/_/eventId/970-2026/competitionType/1/date/20260105
2026-01-05,Brisbane International presented by ANZ,,,Raphael Collignon,Denis Shapovalov,4 2 || 6 6,https://www.espn.com/tennis/scoreboard/tournament/_/eventId/970-2026/competitionType/1,https://www.espn.com/tennis/scoreboard/tournament/_/eventId/970-2026/competitionType/1/date/20260105
2026-01-05,Brisbane International presented by ANZ,,,Cameron Norrie,Ugo Humbert,1 7 8 7 || 6 6 6 5,https://www.espn.com/tennis/scoreboard/tournament/_/eventId/970-2026/competitionType/1,https://www.espn.com/tennis/scoreboard/tournament/_/eventId/970-2026/competitionType/1/date/20260105
2026-01-05,Brisbane International presented by ANZ,,,Aleksandar Kovacevic,Nick Kyrgios,3 4 || 6 6,https://www.espn.com/tennis/scoreboard/tournament/_/eventId/970-2026/competitionType/1,https://www.espn.com/tennis/scoreboard/tournament/_/eventId/970-2026/competitionType/1/date/20260105
2026-01-06,Brisbane International presented by ANZ,,,Grigor Dimitrov,Pablo Carreno Busta,6 6 || 3 2,https://www.espn.com/tennis/scoreboard/tournament/_/eventId/970-2026/competitionType/1,https://www.espn.com/tennis/scoreboard/tournament/_/eventId/970-2026/competitionType/1/date/20260106
2026-01-06,Brisbane International presented by ANZ,,,Rinky Hijikata,Adam Walton,6 6 || 3 2,https://www.espn.com/tennis/scoreboard/tournament/_/eventId/970-2026/competitionType/1,https://www.espn.com/tennis/scoreboard/tournament/_/eventId/970-2026/competitionType/1/date/20260106
2026-01-06,Brisbane International presented by ANZ,,,Daniil Medvedev,Frances Tiafoe,6 6 || 3 2,https://www.espn.com/tennis/scoreboard/tournament/_/eventId/970-2026/competitionType/1,https://www.espn.com/tennis/scoreboard/tournament/_/eventId/970-2026/competitionType/1/date/20260106
2026-01-06,Brisbane International presented by ANZ,,,Sebastian Korda,Jiri Lehecka,3 2 || 6 1 RET,https://www.espn.com/tennis/scoreboard/tournament/_/eventId/970-2026/competitionType/1,https://www.espn.com/tennis/scoreboard/tournament/_/eventId/970-2026/competitionType/1/date/20260106
2026-01-06,Brisbane International presented by ANZ,,,Alex Michelsen,Learner Tien,6 6 8 || 4 2,https://www.espn.com/tennis/scoreboard/tournament/_/eventId/970-2026/competitionType/1,https://www.espn.com/tennis/scoreboard/tournament/_/eventId/970-2026/competitionType/1/date/20260106
2026-01-07,Brisbane International presented by ANZ,,,Aleksandar Kovacevic,Cameron Norrie,6 4 6 4 || 7 7 4 6,https://www.espn.com/tennis/scoreboard/tournament/_/eventId/970-2026/competitionType/1,https://www.espn.com/tennis/scoreboard/tournament/_/eventId/970-2026/competitionType/1/date/20260107
2026-01-07,Brisbane International presented by ANZ,,,Giovanni Mpetshi Perricard,Rinky Hijikata,6 6 5 6 4 || 4 7 7 7 7,https://www.espn.com/tennis/scoreboard/tournament/_/eventId/970-2026/competitionType/1,https://www.espn.com/tennis/scoreboard/tournament/_/eventId/970-2026/competitionType/1/date/20260107
2026-01-07,Brisbane International presented by ANZ,,,Brandon Nakashima,Quentin Halys,2 4 || 6 6,https://www.espn.com/tennis/scoreboard/tournament/_/eventId/970-2026/competitionType/1,https://www.espn.com/tennis/scoreboard/tournament/_/eventId/970-2026/competitionType/1/date/20260107
2026-01-07,Brisbane International presented by ANZ,,,Kamil Majchrzak,Reilly Opelka,6 2 7 9 7 10 || 7 7 6 7 6 8,https://www.espn.com/tennis/scoreboard/tournament/_/eventId/970-2026/competitionType/1,https://www.espn.com/tennis/scoreboard/tournament/_/eventId/970-2026/competitionType/1/date/20260107
2026-01-08,Brisbane International presented by ANZ,,,Raphael Collignon,Grigor Dimitrov,7 7 6 || 6 1 3,https://www.espn.com/tennis/scoreboard/tournament/_/eventId/970-2026/competitionType/1,https://www.espn.com/tennis/scoreboard/tournament/_/eventId/970-2026/competitionType/1/date/20260108
2026-01-08,Brisbane International presented by ANZ,F,Quarterfinal,Alex Michelsen,Sebastian Korda,3 6 7 || 6 7 9,https://www.espn.com/tennis/scoreboard/tournament/_/eventId/970-2026/competitionType/1,https://www.espn.com/tennis/scoreboard/tournament/_/eventId/970-2026/competitionType/1/date/20260108
2026-01-08,Brisbane International presented by ANZ,F,Quarterfinal - Show Court 1,Brandon Nakashima,Raphael Collignon,3 3 || 6 6,https://www.espn.com/tennis/scoreboard/tournament/_/eventId/970-2026/competitionType/1,https://www.espn.com/tennis/scoreboard/tournament/_/eventId/970-2026/competitionType/1/date/20260108
2026-01-08,Brisbane International presented by ANZ,F,Quarterfinal - Pat Rafter Arena,Aleksandar Kovacevic,Giovanni Mpetshi Perricard,7 7 4 6 || 6 3 6 3,https://www.espn.com/tennis/scoreboard/tournament/_/eventId/970-2026/competitionType/1,https://www.espn.com/tennis/scoreboard/tournament/_/eventId/970-2026/competitionType/1/date/20260108
2026-01-09,Brisbane International presented by ANZ,F,Quarterfinal,Daniil Medvedev,Kamil Majchrzak,6 4 6 6 || 7 7 3 2,https://www.espn.com/tennis/scoreboard/tournament/_/eventId/970-2026/competitionType/1,https://www.espn.com/tennis/scoreboard/tournament/_/eventId/970-2026/competitionType/1/date/20260109
2026-01-09,Brisbane International presented by ANZ,F,Semifinal,Brandon Nakashima,Aleksandar Kovacevic,6 4 4 || 7 7 6,https://www.espn.com/tennis/scoreboard/tournament/_/eventId/970-2026/competitionType/1,https://www.espn.com/tennis/scoreboard/tournament/_/eventId/970-2026/competitionType/1/date/20260109
2026-01-10,Brisbane International presented by ANZ,F,Semifinal,Daniil Medvedev,Alex Michelsen,6 6 || 4 2,https://www.espn.com/tennis/scoreboard/tournament/_/eventId/970-2026/competitionType/1,https://www.espn.com/tennis/scoreboard/tournament/_/eventId/970-2026/competitionType/1/date/20260110
2026-01-11,Brisbane International presented by ANZ,,,Daniil Medvedev,Brandon Nakashima,6 7 7 || 2 6 1,https://www.espn.com/tennis/scoreboard/tournament/_/eventId/970-2026/competitionType/1,https://www.espn.com/tennis/scoreboard/tournament/_/eventId/970-2026/competitionType/1/date/20260111
2026-01-09,ASB Classic,Q1,Qualifying 1st Round,Hamad Medjedovic,Dalibor Svrcina,1 4 || 6 6,https://www.espn.com/tennis/scoreboard/tournament/_/eventId/925-2026/competitionType/1,https://www.espn.com/tennis/scoreboard/tournament/_/eventId/925-2026/competitionType/1/date/20260109
2026-01-09,ASB Classic,Q1,Qualifying 1st Round - Grandstand,Jan-Lennard Struff,Anton Shepp,5 2 || 7 6,https://www.espn.com/tennis/scoreboard/tournament/_/eventId/925-2026/competitionType/1,https://www.espn.com/tennis/scoreboard/tournament/_/eventId/925-2026/competitionType/1/date/20260109
2026-01-09,ASB Classic,Q1,Qualifying 1st Round - Centre Court,Emilio Nava,Patrick Kypson,3 4 || 6 6,https://www.espn.com/tennis/scoreboard/tournament/_/eventId/925-2026/competitionType/1,https://www.espn.com/tennis/scoreboard/tournament/_/eventId/925-2026/competitionType/1/date/20260109
2026-01-09,ASB Classic,Q1,Qualifying 1st Round - Court 1,Mattia Bellucci,Geoffrey Blancaneaux,6 6 || 3 4,https://www.espn.com/tennis/scoreboard/tournament/_/eventId/925-2026/competitionType/1,https://www.espn.com/tennis/scoreboard/tournament/_/eventId/925-2026/competitionType/1/date/20260109
2026-01-09,ASB Classic,Q1,Qualifying 1st Round - Grandstand,Vit Kopriva,Pablo Carreno Busta,6 1 6 || 3 6 4,https://www.espn.com/tennis/scoreboard/tournament/_/eventId/925-2026/competitionType/1,https://www.espn.com/tennis/scoreboard/tournament/_/eventId/925-2026/competitionType/1/date/20260109
2026-01-09,ASB Classic,Q1,Qualifying 1st Round - Grandstand,Eliot Spizzirri,Cristian Garin,2 4 || 6 6,https://www.espn.com/tennis/scoreboard/tournament/_/eventId/925-2026/competitionType/1,https://www.espn.com/tennis/scoreboard/tournament/_/eventId/925-2026/competitionType/1/date/20260109
2026-01-09,ASB Classic,Q1,Qualifying 1st Round - Court 1,Hugo Gaston,Isaac Becroft,3 2 || 6 6,https://www.espn.com/tennis/scoreboard/tournament/_/eventId/925-2026/competitionType/1,https://www.espn.com/tennis/scoreboard/tournament/_/eventId/925-2026/competitionType/1/date/20260109
2026-01-09,ASB Classic,Q1,Qualifying 1st Round - Grandstand,Juan Manuel Cerundolo,Shintaro Mochizuki,4 7 7 2 || 6 6 3 6,https://www.espn.com/tennis/scoreboard/tournament/_/eventId/925-2026/competitionType/1,https://www.espn.com/tennis/scoreboard/tournament/_/eventId/925-2026/competitionType/1/date/20260109
2026-01-10,ASB Classic,,,Hamad Medjedovic,Mattia Bellucci,3 2 || 6 6,https://www.espn.com/tennis/scoreboard/tournament/_/eventId/925-2026/competitionType/1,https://www.espn.com/tennis/scoreboard/tournament/_/eventId/925-2026/competitionType/1/date/20260110
2026-01-10,ASB Classic,,,Emilio Nava,Jan-Lennard Struff,3 6 6 || 6 4 3,https://www.espn.com/tennis/scoreboard/tournament/_/eventId/925-2026/competitionType/1,https://www.espn.com/tennis/scoreboard/tournament/_/eventId/925-2026/competitionType/1/date/20260110
2026-01-10,ASB Classic,,,Hugo Gaston,Vit Kopriva,2 4 || 6 6,https://www.espn.com/tennis/scoreboard/tournament/_/eventId/925-2026/competitionType/1,https://www.espn.com/tennis/scoreboard/tournament/_/eventId/925-2026/competitionType/1/date/20260110
2026-01-10,ASB Classic,,,Eliot Spizzirri,Juan Manuel Cerundolo,6 6 || 4 3,https://www.espn.com/tennis/scoreboard/tournament/_/eventId/925-2026/competitionType/1,https://www.espn.com/tennis/scoreboard/tournament/_/eventId/925-2026/competitionType/1/date/20260110
2026-01-11,ASB Classic,,,Cameron Norrie,Hugo Gaston,6 6 || 3 4,https://www.espn.com/tennis/scoreboard/tournament/_/eventId/925-2026/competitionType/1,https://www.espn.com/tennis/scoreboard/tournament/_/eventId/925-2026/competitionType/1/date/20260111
2026-01-11,ASB Classic,,,Sebastian Baez,Emilio Nava,6 5 3 7 || 4 7 6,https://www.espn.com/tennis/scoreboard/tournament/_/eventId/925-2026/competitionType/1,https://www.espn.com/tennis/scoreboard/tournament/_/eventId/925-2026/competitionType/1/date/20260111
2026-01-11,ASB Classic,,,Francisco Comesana,Valentin Royer,6 6 || 4 4,https://www.espn.com/tennis/scoreboard/tournament/_/eventId/925-2026/competitionType/1,https://www.espn.com/tennis/scoreboard/tournament/_/eventId/925-2026/competitionType/1/date/20260111
2026-01-11,ASB Classic,,,Jenson Brooksby,James Watt,6 6 || 4 3,https://www.espn.com/tennis/scoreboard/tournament/_/eventId/925-2026/competitionType/1,https://www.espn.com/tennis/scoreboard/tournament/_/eventId/925-2026/competitionType/1/date/20260111
2026-01-11,ASB Classic,,,Eliot Spizzirri,Adrian Mannarino,4 3 || 6 6,https://www.espn.com/tennis/scoreboard/tournament/_/eventId/925-2026/competitionType/1,https://www.espn.com/tennis/scoreboard/tournament/_/eventId/925-2026/competitionType/1/date/20260111
2026-01-12,ASB Classic,,,Alex Michelsen,Mariano Navone,6 2 5 6 || 2 6 7,https://www.espn.com/tennis/scoreboard/tournament/_/eventId/925-2026/competitionType/1,https://www.espn.com/tennis/scoreboard/tournament/_/eventId/925-2026/competitionType/1/date/20260112
2026-01-12,ASB Classic,,,Nuno Borges,Tomas Martin Etcheverry,7 3 7 7 || 5 6 6 2,https://www.espn.com/tennis/scoreboard/tournament/_/eventId/925-2026/competitionType/1,https://www.espn.com/tennis/scoreboard/tournament/_/eventId/925-2026/competitionType/1/date/20260112
2026-01-12,ASB Classic,,,Fabian Marozsan,Gael Monfils,5 6 6 || 7 3 4,https://www.espn.com/tennis/scoreboard/tournament/_/eventId/925-2026/competitionType/1,https://www.espn.com/tennis/scoreboard/tournament/_/eventId/925-2026/competitionType/1/date/20260112
2026-01-12,ASB Classic,,,Hamad Medjedovic,Aleksandar Kovacevic,6 3 7 7 || 4 6 6 2,https://www.espn.com/tennis/scoreboard/tournament/_/eventId/925-2026/competitionType/1,https://www.espn.com/tennis/scoreboard/tournament/_/eventId/925-2026/competitionType/1/date/20260112
2026-01-12,ASB Classic,,,Marcos Giron,Alexandre Muller,2 2 || 6 6,https://www.espn.com/tennis/scoreboard/tournament/_/eventId/925-2026/competitionType/1,https://www.espn.com/tennis/scoreboard/tournament/_/eventId/925-2026/competitionType/1/date/20260112
2026-01-12,ASB Classic,,,Giovanni Mpetshi Perricard,Roberto Bautista Agut,3 6 2 || 6 7 7,https://www.espn.com/tennis/scoreboard/tournament/_/eventId/925-2026/competitionType/1,https://www.espn.com/tennis/scoreboard/tournament/_/eventId/925-2026/competitionType/1/date/20260112
2026-01-12,ASB Classic,,,Alejandro Tabilo,Camilo Ugo Carabelli,6 6 || 4 2,https://www.espn.com/tennis/scoreboard/tournament/_/eventId/925-2026/competitionType/1,https://www.espn.com/tennis/scoreboard/tournament/_/eventId/925-2026/competitionType/1/date/20260112
2026-01-13,ASB Classic,,,Ben Shelton,Francisco Comesana,7 6 || 5 4,https://www.espn.com/tennis/scoreboard/tournament/_/eventId/925-2026/competitionType/1,https://www.espn.com/tennis/scoreboard/tournament/_/eventId/925-2026/competitionType/1/date/20260113
2026-01-13,ASB Classic,,,Fabian Marozsan,Casper Ruud,6 6 2 || 4 4,https://www.espn.com/tennis/scoreboard/tournament/_/eventId/925-2026/competitionType/1,https://www.espn.com/tennis/scoreboard/tournament/_/eventId/925-2026/competitionType/1/date/20260113
2026-01-13,ASB Classic,,,Luciano Darderi,Alejandro Tabilo,1 7 6 || 6 5 3,https://www.espn.com/tennis/scoreboard/tournament/_/eventId/925-2026/competitionType/1,https://www.espn.com/tennis/scoreboard/tournament/_/eventId/925-2026/competitionType/1/date/20260113
2026-01-13,ASB Classic,,,Giovanni Mpetshi Perricard,Cameron Norrie,6 3 6 4 || 4 6 7 7,https://www.espn.com/tennis/scoreboard/tournament/_/eventId/925-2026/competitionType/1,https://www.espn.com/tennis/scoreboard/tournament/_/eventId/925-2026/competitionType/1/date/20260113
2026-01-13,ASB Classic,,,Marcos Giron,Alex Michelsen,6 6 6 || 4 4,https://www.espn.com/tennis/scoreboard/tournament/_/eventId/925-2026/competitionType/1,https://www.espn.com/tennis/scoreboard/tournament/_/eventId/925-2026/competitionType/1/date/20260113
2026-01-13,ASB Classic,,,Sebastian Baez,Jenson Brooksby,5 0 7 || 7 6,https://www.espn.com/tennis/scoreboard/tournament/_/eventId/925-2026/competitionType/1,https://www.espn.com/tennis/scoreboard/tournament/_/eventId/925-2026/competitionType/1/date/20260113
2026-01-13,ASB Classic,,,Eliot Spizzirri,Nuno Borges,6 6 4 || 7 8 6,https://www.espn.com/tennis/scoreboard/tournament/_/eventId/925-2026/competitionType/1,https://www.espn.com/tennis/scoreboard/tournament/_/eventId/925-2026/competitionType/1/date/20260113
2026-01-14,ASB Classic,,,Jakub Mensik,Hamad Medjedovic,1 6 3 3 || 6 3 6,https://www.espn.com/tennis/scoreboard/tournament/_/eventId/925-2026/competitionType/1,https://www.espn.com/tennis/scoreboard/tournament/_/eventId/925-2026/competitionType/1/date/20260114
2026-01-14,ASB Classic,F,Quarterfinal,Marcos Giron,Luciano Darderi,6 5 4 || 1 7 6,https://www.espn.com/tennis/scoreboard/tournament/_/eventId/925-2026/competitionType/1,https://www.espn.com/tennis/scoreboard/tournament/_/eventId/925-2026/competitionType/1/date/20260114
2026-01-15,ASB Classic,F,Quarterfinal,Sebastian Baez,Ben Shelton,5 3 7 || 7 6,https://www.espn.com/tennis/scoreboard/tournament/_/eventId/925-2026/competitionType/1,https://www.espn.com/tennis/scoreboard/tournament/_/eventId/925-2026/competitionType/1/date/20260115
2026-01-15,ASB Classic,F,Quarterfinal - Centre Court,Jakub Mensik,Giovanni Mpetshi Perricard,4 2 3 || 6 6,https://www.espn.com/tennis/scoreboard/tournament/_/eventId/925-2026/competitionType/1,https://www.espn.com/tennis/scoreboard/tournament/_/eventId/925-2026/competitionType/1/date/20260115
2026-01-15,ASB Classic,F,Quarterfinal - Centre Court,Fabian Marozsan,Eliot Spizzirri,4 6 2 || 6 2 6,https://www.espn.com/tennis/scoreboard/tournament/_/eventId/925-2026/competitionType/1,https://www.espn.com/tennis/scoreboard/tournament/_/eventId/925-2026/competitionType/1/date/20260115
2026-01-15,ASB Classic,F,Semifinal,Jakub Mensik,Fabian Marozsan,7 11 4 6 || 6 9 6 1,https://www.espn.com/tennis/scoreboard/tournament/_/eventId/925-2026/competitionType/1,https://www.espn.com/tennis/scoreboard/tournament/_/eventId/925-2026/competitionType/1/date/20260115
2026-01-15,ASB Classic,F,Semifinal - Centre Court,Sebastian Baez,Marcos Giron,6 6 || 1 4,https://www.espn.com/tennis/scoreboard/tournament/_/eventId/925-2026/competitionType/1,https://www.espn.com/tennis/scoreboard/tournament/_/eventId/925-2026/competitionType/1/date/20260115
2026-01-16,ASB Classic,,,Jakub Mensik,Sebastian Baez,3 6 7 3 || 6 7 9,https://www.espn.com/tennis/scoreboard/tournament/_/eventId/925-2026/competitionType/1,https://www.espn.com/tennis/scoreboard/tournament/_/eventId/925-2026/competitionType/1/date/20260116
2026-01-03,Bank of China Hong Kong Tennis Open,Q1,Qualifying 1st Round,Jan-Lennard Struff,Zsombor Piros,7 7 7 || 5 6 3,https://www.espn.com/tennis/scoreboard/tournament/_/eventId/971-2026/competitionType/1,https://www.espn.com/tennis/scoreboard/tournament/_/eventId/971-2026/competitionType/1/date/20260103
2026-01-03,Bank of China Hong Kong Tennis Open,Q1,Qualifying 1st Round - Court 2,Nishesh Basavareddy,Bu Yunchaokete,7 11 6 || 6 9 3,https://www.espn.com/tennis/scoreboard/tournament/_/eventId/971-2026/competitionType/1,https://www.espn.com/tennis/scoreboard/tournament/_/eventId/971-2026/competitionType/1/date/20260103
2026-01-03,Bank of China Hong Kong Tennis Open,Q1,Qualifying 1st Round - Center Court,Michael Mmoh,Cristian Garin,6 3 5 || 3 6 7,https://www.espn.com/tennis/scoreboard/tournament/_/eventId/971-2026/competitionType/1,https://www.espn.com/tennis/scoreboard/tournament/_/eventId/971-2026/competitionType/1/date/20260103
2026-01-03,Bank of China Hong Kong Tennis Open,Q1,Qualifying 1st Round - Center Court,Emilio Nava,Kai Thompson,6 6 || 3 2,https://www.espn.com/tennis/scoreboard/tournament/_/eventId/971-2026/competitionType/1,https://www.espn.com/tennis/scoreboard/tournament/_/eventId/971-2026/competitionType/1/date/20260103
2026-01-03,Bank of China Hong Kong Tennis Open,Q1,Qualifying 1st Round - Court 1,Patrick Kypson,Vitaliy Sachko,2 3 || 6 6,https://www.espn.com/tennis/scoreboard/tournament/_/eventId/971-2026/competitionType/1,https://www.espn.com/tennis/scoreboard/tournament/_/eventId/971-2026/competitionType/1/date/20260103
2026-01-03,Bank of China Hong Kong Tennis Open,Q1,Qualifying 1st Round - Court 2,Laslo Djere,Elias Ymer,4 6 3 || 6 7 7,https://www.espn.com/tennis/scoreboard/tournament/_/eventId/971-2026/competitionType/1,https://www.espn.com/tennis/scoreboard/tournament/_/eventId/971-2026/competitionType/1/date/20260103
2026-01-03,Bank of China Hong Kong Tennis Open,Q1,Qualifying 1st Round - Court 2,Alejandro Tabilo,Luca Van Assche,7 7 3 6 || 6 3 6 3,https://www.espn.com/tennis/scoreboard/tournament/_/eventId/971-2026/competitionType/1,https://www.espn.com/tennis/scoreboard/tournament/_/eventId/971-2026/competitionType/1/date/20260103
2026-01-03,Bank of China Hong Kong Tennis Open,Q1,Qualifying 1st Round - Court 1,Zhou Yi,Francesco Maestrelli,6 6 || 0 3,https://www.espn.com/tennis/scoreboard/tournament/_/eventId/971-2026/competitionType/1,https://www.espn.com/tennis/scoreboard/tournament/_/eventId/971-2026/competitionType/1/date/20260103
2026-01-04,Bank of China Hong Kong Tennis Open,,,Laslo Djere,Emilio Nava,5 6 1 || 7 7 7,https://www.espn.com/tennis/scoreboard/tournament/_/eventId/971-2026/competitionType/1,https://www.espn.com/tennis/scoreboard/tournament/_/eventId/971-2026/competitionType/1/date/20260104
2026-01-04,Bank of China Hong Kong Tennis Open,,,Jan-Lennard Struff,Nishesh Basavareddy,7 7 6 || 6 5 2,https://www.espn.com/tennis/scoreboard/tournament/_/eventId/971-2026/competitionType/1,https://www.espn.com/tennis/scoreboard/tournament/_/eventId/971-2026/competitionType/1/date/20260104
2026-01-04,Bank of China Hong Kong Tennis Open,,,Alejandro Tabilo,Zhou Yi,4 6 6 || 6 4 3,https://www.espn.com/tennis/scoreboard/tournament/_/eventId/971-2026/competitionType/1,https://www.espn.com/tennis/scoreboard/tournament/_/eventId/971-2026/competitionType/1/date/20260104
2026-01-04,Bank of China Hong Kong Tennis Open,,,Michael Mmoh,Patrick Kypson,6 3 6 || 2 6 4,https://www.espn.com/tennis/scoreboard/tournament/_/eventId/971-2026/competitionType/1,https://www.espn.com/tennis/scoreboard/tournament/_/eventId/971-2026/competitionType/1/date/20260104
2026-01-04,Bank of China Hong Kong Tennis Open,,,Nuno Borges,Damir Dzumhur,4 3 8 || 6 6,https://www.espn.com/tennis/scoreboard/tournament/_/eventId/971-2026/competitionType/1,https://www.espn.com/tennis/scoreboard/tournament/_/eventId/971-2026/competitionType/1/date/20260104
2026-01-04,Bank of China Hong Kong Tennis Open,,,Marin Cilic,Adrian Mannarino,6 6 || 3 2,https://www.espn.com/tennis/scoreboard/tournament/_/eventId/971-2026/competitionType/1,https://www.espn.com/tennis/scoreboard/tournament/_/eventId/971-2026/competitionType/1/date/20260104
2026-01-05,Bank of China Hong Kong Tennis Open,,,Lorenzo Sonego,Rei Sakamoto,6 7 7 || 2 6 4,https://www.espn.com/tennis/scoreboard/tournament/_/eventId/971-2026/competitionType/1,https://www.espn.com/tennis/scoreboard/tournament/_/eventId/971-2026/competitionType/1/date/20260105
2026-01-05,Bank of China Hong Kong Tennis Open,,,Gabriel Diallo,Jesper de Jong,4 6 7 6 || 6 7 9,https://www.espn.com/tennis/scoreboard/tournament/_/eventId/971-2026/competitionType/1,https://www.espn.com/tennis/scoreboard/tournament/_/eventId/971-2026/competitionType/1/date/20260105
2026-01-05,Bank of China Hong Kong Tennis Open,,,Alexandre Muller,Miomir Kecmanovic,7 6 || 5 4,https://www.espn.com/tennis/scoreboard/tournament/_/eventId/971-2026/competitionType/1,https://www.espn.com/tennis/scoreboard/tournament/_/eventId/971-2026/competitionType/1/date/20260105
2026-01-05,Bank of China Hong Kong Tennis Open,,,Michael Mmoh,Alejandro Tabilo,5 4 || 7 6,https://www.espn.com/tennis/scoreboard/tournament/_/eventId/971-2026/competitionType/1,https://www.espn.com/tennis/scoreboard/tournament/_/eventId/971-2026/competitionType/1/date/20260105
2026-01-05,Bank of China Hong Kong Tennis Open,,,Chak Lam Coleman Wong,Mariano Navone,6 7 || 3 5,https://www.espn.com/tennis/scoreboard/tournament/_/eventId/971-2026/competitionType/1,https://www.espn.com/tennis/scoreboard/tournament/_/eventId/971-2026/competitionType/1/date/20260105
2026-01-05,Bank of China Hong Kong Tennis Open,,,Tomas Martin Etcheverry,Valentin Royer,6 7 || 4 5,https://www.espn.com/tennis/scoreboard/tournament/_/eventId/971-2026/competitionType/1,https://www.espn.com/tennis/scoreboard/tournament/_/eventId/971-2026/competitionType/1/date/20260105
2026-01-05,Bank of China Hong Kong Tennis Open,,,Wu Yibing,Fabian Marozsan,6 6 || 4 2,https://www.espn.com/tennis/scoreboard/tournament/_/eventId/971-2026/competitionType/1,https://www.espn.com/tennis/scoreboard/tournament/_/eventId/971-2026/competitionType/1/date/20260105
2026-01-06,Bank of China Hong Kong Tennis Open,,,Shang Juncheng,Francisco Comesana,6 6 || 4 4,https://www.espn.com/tennis/scoreboard/tournament/_/eventId/971-2026/competitionType/1,https://www.espn.com/tennis/scoreboard/tournament/_/eventId/971-2026/competitionType/1/date/20260106
2026-01-06,Bank of China Hong Kong Tennis Open,,,Marcos Giron,Laslo Djere,2 0 || 6 6,https://www.espn.com/tennis/scoreboard/tournament/_/eventId/971-2026/competitionType/1,https://www.espn.com/tennis/scoreboard/tournament/_/eventId/971-2026/competitionType/1/date/20260106
2026-01-06,Bank of China Hong Kong Tennis Open,,,Botic Van De Zandschulp,Jan-Lennard Struff,3 6 1 || 6 1 6,https://www.espn.com/tennis/scoreboard/tournament/_/eventId/971-2026/competitionType/1,https://www.espn.com/tennis/scoreboard/tournament/_/eventId/971-2026/competitionType/1/date/20260106
2026-01-06,Bank of China Hong Kong Tennis Open,,,Lorenzo Musetti,Tomas Martin Etcheverry,6 3 6 6 || 7 7 2 4,https://www.espn.com/tennis/scoreboard/tournament/_/eventId/971-2026/competitionType/1,https://www.espn.com/tennis/scoreboard/tournament/_/eventId/971-2026/competitionType/1/date/20260106
2026-01-06,Bank of China Hong Kong Tennis Open,,,Nuno Borges,Marin Cilic,5 3 8 || 7 6,https://www.espn.com/tennis/scoreboard/tournament/_/eventId/971-2026/competitionType/1,https://www.espn.com/tennis/scoreboard/tournament/_/eventId/971-2026/competitionType/1/date/20260106
2026-01-07,Bank of China Hong Kong Tennis Open,,,Andrey Rublev,Wu Yibing,3 6 6 || 6 2 1,https://www.espn.com/tennis/scoreboard/tournament/_/eventId/971-2026/competitionType/1,https://www.espn.com/tennis/scoreboard/tournament/_/eventId/971-2026/competitionType/1/date/20260107
2026-01-07,Bank of China Hong Kong Tennis Open,,,Michael Mmoh,Karen Khachanov,7 7 7 7 4 || 6 2 6 4,https://www.espn.com/tennis/scoreboard/tournament/_/eventId/971-2026/competitionType/1,https://www.espn.com/tennis/scoreboard/tournament/_/eventId/971-2026/competitionType/1/date/20260107
2026-01-07,Bank of China Hong Kong Tennis Open,,,Shang Juncheng,Lorenzo Sonego,3 4 || 6 6,https://www.espn.com/tennis/scoreboard/tournament/_/eventId/971-2026/competitionType/1,https://www.espn.com/tennis/scoreboard/tournament/_/eventId/971-2026/competitionType/1/date/20260107
2026-01-07,Bank of China Hong Kong Tennis Open,,,Chak Lam Coleman Wong,Gabriel Diallo,1 7 7 6 || 6 5 5,https://www.espn.com/tennis/scoreboard/tournament/_/eventId/971-2026/competitionType/1,https://www.espn.com/tennis/scoreboard/tournament/_/eventId/971-2026/competitionType/1/date/20260107
2026-01-07,Bank of China Hong Kong Tennis Open,,,Marcos Giron,Alexandre Muller,4 6 4 || 6 7 7,https://www.espn.com/tennis/scoreboard/tournament/_/eventId/971-2026/competitionType/1,https://www.espn.com/tennis/scoreboard/tournament/_/eventId/971-2026/competitionType/1/date/20260107
2026-01-08,Bank of China Hong Kong Tennis Open,,,Alexander Bublik,Botic Van De Zandschulp,3 3 2 || 6 6,https://www.espn.com/tennis/scoreboard/tournament/_/eventId/971-2026/competitionType/1,https://www.espn.com/tennis/scoreboard/tournament/_/eventId/971-2026/competitionType/1/date/20260108
2026-01-08,Bank of China Hong Kong Tennis Open,F,Quarterfinal,Lorenzo Musetti,Chak Lam Coleman Wong,6 6 || 4 4,https://www.espn.com/tennis/scoreboard/tournament/_/eventId/971-2026/competitionType/1,https://www.espn.com/tennis/scoreboard/tournament/_/eventId/971-2026/competitionType/1/date/20260108
2026-01-08,Bank of China Hong Kong Tennis Open,F,Quarterfinal - Center Court,Andrey Rublev,Nuno Borges,6 6 8 || 3 4,https://www.espn.com/tennis/scoreboard/tournament/_/eventId/971-2026/competitionType/1,https://www.espn.com/tennis/scoreboard/tournament/_/eventId/971-2026/competitionType/1/date/20260108
2026-01-09,Bank of China Hong Kong Tennis Open,F,Quarterfinal,Alexander Bublik,Shang Juncheng,1 6 2 2 || 6 7 7,https://www.espn.com/tennis/scoreboard/tournament/_/eventId/971-2026/competitionType/1,https://www.espn.com/tennis/scoreboard/tournament/_/eventId/971-2026/competitionType/1/date/20260109
2026-01-09,Bank of China Hong Kong Tennis Open,F,Quarterfinal - Center Court,Marcos Giron,Michael Mmoh,6 1 || 3 0 RET,https://www.espn.com/tennis/scoreboard/tournament/_/eventId/971-2026/competitionType/1,https://www.espn.com/tennis/scoreboard/tournament/_/eventId/971-2026/competitionType/1/date/20260109
2026-01-09,Bank of China Hong Kong Tennis Open,F,Semifinal,Lorenzo Musetti,Andrey Rublev,6 3 7 6 3 || 7 7 5 4,https://www.espn.com/tennis/scoreboard/tournament/_/eventId/971-2026/competitionType/1,https://www.espn.com/tennis/scoreboard/tournament/_/eventId/971-2026/competitionType/1/date/20260109
2026-01-10,Bank of China Hong Kong Tennis Open,F,Semifinal,Alexander Bublik,Marcos Giron,6 4 2 2 || 3 6 6,https://www.espn.com/tennis/scoreboard/tournament/_/eventId/971-2026/competitionType/1,https://www.espn.com/tennis/scoreboard/tournament/_/eventId/971-2026/competitionType/1/date/20260110
2026-01-10,Bank of China Hong Kong Tennis Open,F,Semifinal - Center Court,Alexander Bublik,Lorenzo Musetti,6 2 3 2 || 7 7 6,https://www.espn.com/tennis/scoreboard/tournament/_/eventId/971-2026/competitionType/1,https://www.espn.com/tennis/scoreboard/tournament/_/eventId/971-2026/competitionType/1/date/20260110
2026-01-10,Adelaide International,Q1,Qualifying 1st Round,Thiago Agustin Tirante,Jesper de Jong,6 1 3 || 3 6 6,https://www.espn.com/tennis/scoreboard/tournament/_/eventId/611-2026/competitionType/1,https://www.espn.com/tennis/scoreboard/tournament/_/eventId/611-2026/competitionType/1/date/20260110
2026-01-10,Adelaide International,Q1,Qualifying 1st Round - Court 2,Adam Walton,Jake Delaney,6 3 7 7 || 2 6 6 2,https://www.espn.com/tennis/scoreboard/tournament/_/eventId/611-2026/competitionType/1,https://www.espn.com/tennis/scoreboard/tournament/_/eventId/611-2026/competitionType/1/date/20260110
2026-01-10,Adelaide International,Q1,Qualifying 1st Round - Show Court 1,Andrea Vavassori,Raphael Collignon,6 7 7 || 3 6 5,https://www.espn.com/tennis/scoreboard/tournament/_/eventId/611-2026/competitionType/1,https://www.espn.com/tennis/scoreboard/tournament/_/eventId/611-2026/competitionType/1/date/20260110
2026-01-10,Adelaide International,Q1,Qualifying 1st Round - Show Court 1,Quentin Halys,Benjamin Bonzi,3 4 || 6 6,https://www.espn.com/tennis/scoreboard/tournament/_/eventId/611-2026/competitionType/1,https://www.espn.com/tennis/scoreboard/tournament/_/eventId/611-2026/competitionType/1/date/20260110
2026-01-10,Adelaide International,Q1,Qualifying 1st Round - Court 2,Filip Misolic,Daniel Jovanovski,7 6 || 5 4,https://www.espn.com/tennis/scoreboard/tournament/_/eventId/611-2026/competitionType/1,https://www.espn.com/tennis/scoreboard/tournament/_/eventId/611-2026/competitionType/1/date/20260110
2026-01-10,Adelaide International,Q1,Qualifying 1st Round - Court 2,Aleksandar Vukic,Luca Nardi,7 7 3 2 || 6 4 6 6,https://www.espn.com/tennis/scoreboard/tournament/_/eventId/611-2026/competitionType/1,https://www.espn.com/tennis/scoreboard/tournament/_/eventId/611-2026/competitionType/1/date/20260110
2026-01-10,Adelaide International,Q1,Qualifying 1st Round - Show Court 1,Jacob Fearnley,Christopher O'Connell,7 7 7 7 || 6 4 6 4,https://www.espn.com/tennis/scoreboard/tournament/_/eventId/611-2026/competitionType/1,https://www.espn.com/tennis/scoreboard/tournament/_/eventId/611-2026/competitionType/1/date/20260110
2026-01-10,Adelaide International,Q1,Qualifying 1st Round - Show Court 1,Alexander Shevchenko,Carlos Taberner,6 6 || 3 2,https://www.espn.com/tennis/scoreboard/tournament/_/eventId/611-2026/competitionType/1,https://www.espn.com/tennis/scoreboard/tournament/_/eventId/611-2026/competitionType/1/date/20260110
2026-01-11,Adelaide International,,,Quentin Halys,Adam Walton,2 6 9 || 6 7 11,https://www.espn.com/tennis/scoreboard/tournament/_/eventId/611-2026/competitionType/1,https://www.espn.com/tennis/scoreboard/tournament/_/eventId/611-2026/competitionType/1/date/20260111
2026-01-11,Adelaide International,,,Andrea Vavassori,Thiago Agustin Tirante,2 3 || 6 6,https://www.espn.com/tennis/scoreboard/tournament/_/eventId/611-2026/competitionType/1,https://www.espn.com/tennis/scoreboard/tournament/_/eventId/611-2026/competitionType/1/date/20260111
2026-01-11,Adelaide International,,,Aleksandar Vukic,Jacob Fearnley,4 7 9 3 || 6 6 7 6,https://www.espn.com/tennis/scoreboard/tournament/_/eventId/611-2026/competitionType/1,https://www.espn.com/tennis/scoreboard/tournament/_/eventId/611-2026/competitionType/1/date/20260111
2026-01-11,Adelaide International,,,Alexander Shevchenko,Filip Misolic,5 3 || 7 6,https://www.espn.com/tennis/scoreboard/tournament/_/eventId/611-2026/competitionType/1,https://www.espn.com/tennis/scoreboard/tournament/_/eventId/611-2026/competitionType/1/date/20260111
2026-01-11,Adelaide International,,,Jaume Munar,Daniel Altmaier,3 0 || 6 6,https://www.espn.com/tennis/scoreboard/tournament/_/eventId/611-2026/competitionType/1,https://www.espn.com/tennis/scoreboard/tournament/_/eventId/611-2026/competitionType/1/date/20260111
2026-01-11,Adelaide International,,,Reilly Opelka,Alexei Popyrin,6 7 8 || 3 6 6,https://www.espn.com/tennis/scoreboard/tournament/_/eventId/611-2026/competitionType/1,https://www.espn.com/tennis/scoreboard/tournament/_/eventId/611-2026/competitionType/1/date/20260111
2026-01-12,Adelaide International,,,Valentin Vacherot,Miomir Kecmanovic,6 5 4 5 || 7 7 6,https://www.espn.com/tennis/scoreboard/tournament/_/eventId/611-2026/competitionType/1,https://www.espn.com/tennis/scoreboard/tournament/_/eventId/611-2026/competitionType/1/date/20260112
2026-01-12,Adelaide International,,,Tomas Machac,James Duckworth,6 6 || 3 3,https://www.espn.com/tennis/scoreboard/tournament/_/eventId/611-2026/competitionType/1,https://www.espn.com/tennis/scoreboard/tournament/_/eventId/611-2026/competitionType/1/date/20260112
2026-01-12,Adelaide International,,,Marton Fucsovics,Ethan Quinn,4 4 || 6 6,https://www.espn.com/tennis/scoreboard/tournament/_/eventId/611-2026/competitionType/1,https://www.espn.com/tennis/scoreboard/tournament/_/eventId/611-2026/competitionType/1/date/20260112
2026-01-12,Adelaide International,,,Andrea Vavassori,Gabriel Diallo,6 7 7 || 3 6 4,https://www.espn.com/tennis/scoreboard/tournament/_/eventId/611-2026/competitionType/1,https://www.espn.com/tennis/scoreboard/tournament/_/eventId/611-2026/competitionType/1/date/20260112
2026-01-12,Adelaide International,,,Alexander Shevchenko,Damir Dzumhur,6 4 5 || 4 6 7,https://www.espn.com/tennis/scoreboard/tournament/_/eventId/611-2026/competitionType/1,https://www.espn.com/tennis/scoreboard/tournament/_/eventId/611-2026/competitionType/1/date/20260112
2026-01-12,Adelaide International,,,Quentin Halys,Jacob Fearnley,3 4 || 6 6,https://www.espn.com/tennis/scoreboard/tournament/_/eventId/611-2026/competitionType/1,https://www.espn.com/tennis/scoreboard/tournament/_/eventId/611-2026/competitionType/1/date/20260112
2026-01-12,Adelaide International,,,Rinky Hijikata,Tristan Schoolkate,4 4 1 || 6 6 2,https://www.espn.com/tennis/scoreboard/tournament/_/eventId/611-2026/competitionType/1,https://www.espn.com/tennis/scoreboard/tournament/_/eventId/611-2026/competitionType/1/date/20260112
2026-01-12,Adelaide International,,,Thanasi Kokkinakis,Sebastian Korda,3 6 7 7 || 6 3 6 3,https://www.espn.com/tennis/scoreboard/tournament/_/eventId/611-2026/competitionType/1,https://www.espn.com/tennis/scoreboard/tournament/_/eventId/611-2026/competitionType/1/date/20260112
2026-01-12,Adelaide International,,,Ugo Humbert,Terence Atmane,6 7 7 || 3 6 3,https://www.espn.com/tennis/scoreboard/tournament/_/eventId/611-2026/competitionType/1,https://www.espn.com/tennis/scoreboard/tournament/_/eventId/611-2026/competitionType/1/date/20260112
2026-01-13,Adelaide International,,,Aleksandar Vukic,Stefanos Tsitsipas,6 3 6 5 || 7 7 7 7,https://www.espn.com/tennis/scoreboard/tournament/_/eventId/611-2026/competitionType/1,https://www.espn.com/tennis/scoreboard/tournament/_/eventId/611-2026/competitionType/1/date/20260113
2026-01-13,Adelaide International,,,Tommy Paul,Reilly Opelka,4 4 2 || 6 6,https://www.espn.com/tennis/scoreboard/tournament/_/eventId/611-2026/competitionType/1,https://www.espn.com/tennis/scoreboard/tournament/_/eventId/611-2026/competitionType/1/date/20260113
2026-01-13,Adelaide International,,,Jaume Munar,Francisco Cerundolo,3 7 6 3 || 6 5 4,https://www.espn.com/tennis/scoreboard/tournament/_/eventId/611-2026/competitionType/1,https://www.espn.com/tennis/scoreboard/tournament/_/eventId/611-2026/competitionType/1/date/20260113
2026-01-13,Adelaide International,,,Ugo Humbert,Tallon Griekspoor,4 1 || 6 6,https://www.espn.com/tennis/scoreboard/tournament/_/eventId/611-2026/competitionType/1,https://www.espn.com/tennis/scoreboard/tournament/_/eventId/611-2026/competitionType/1/date/20260113
2026-01-13,Adelaide International,,,Tomas Machac,Quentin Halys,6 6 || 4 2,https://www.espn.com/tennis/scoreboard/tournament/_/eventId/611-2026/competitionType/1,https://www.espn.com/tennis/scoreboard/tournament/_/eventId/611-2026/competitionType/1/date/20260113
2026-01-13,Adelaide International,,,Aleksandar Vukic,Andrea Vavassori,6 7 7 || 2 6 5,https://www.espn.com/tennis/scoreboard/tournament/_/eventId/611-2026/competitionType/1,https://www.espn.com/tennis/scoreboard/tournament/_/eventId/611-2026/competitionType/1/date/20260113
2026-01-13,Adelaide International,,,Alexander Shevchenko,Marton Fucsovics,3 6 6 || 6 7 8,https://www.espn.com/tennis/scoreboard/tournament/_/eventId/611-2026/competitionType/1,https://www.espn.com/tennis/scoreboard/tournament/_/eventId/611-2026/competitionType/1/date/20260113
2026-01-14,Adelaide International,,,Alejandro Davidovich Fokina,Rinky Hijikata,6 6 || 3 2,https://www.espn.com/tennis/scoreboard/tournament/_/eventId/611-2026/competitionType/1,https://www.espn.com/tennis/scoreboard/tournament/_/eventId/611-2026/competitionType/1/date/20260114
2026-01-14,Adelaide International,F,Quarterfinal,Tommy Paul,Aleksandar Vukic,3 2 2 || 6 6,https://www.espn.com/tennis/scoreboard/tournament/_/eventId/611-2026/competitionType/1,https://www.espn.com/tennis/scoreboard/tournament/_/eventId/611-2026/competitionType/1/date/20260114
2026-01-14,Adelaide International,F,Quarterfinal - Centre Court,Tomas Machac,Jaume Munar,6 6 || 4 4,https://www.espn.com/tennis/scoreboard/tournament/_/eventId/611-2026/competitionType/1,https://www.espn.com/tennis/scoreboard/tournament/_/eventId/611-2026/competitionType/1/date/20260114
2026-01-14,Adelaide International,F,Quarterfinal - Show Court 1,Ugo Humbert,Alexander Shevchenko,6 6 || 0 3,https://www.espn.com/tennis/scoreboard/tournament/_/eventId/611-2026/competitionType/1,https://www.espn.com/tennis/scoreboard/tournament/_/eventId/611-2026/competitionType/1/date/20260114
2026-01-15,Adelaide International,F,Quarterfinal,Alejandro Davidovich Fokina,Valentin Vacherot,7 7 6 5 || 6 4 2,https://www.espn.com/tennis/scoreboard/tournament/_/eventId/611-2026/competitionType/1,https://www.espn.com/tennis/scoreboard/tournament/_/eventId/611-2026/competitionType/1/date/20260115
2026-01-15,Adelaide International,F,Semifinal,Tomas Machac,Tommy Paul,2 6 6 2 || 6 3 3,https://www.espn.com/tennis/scoreboard/tournament/_/eventId/611-2026/competitionType/1,https://www.espn.com/tennis/scoreboard/tournament/_/eventId/611-2026/competitionType/1/date/20260115
2026-01-16,Adelaide International,F,Semifinal,Ugo Humbert,Alejandro Davidovich Fokina,3 7 6 4 || 6 5 7 7,https://www.espn.com/tennis/scoreboard/tournament/_/eventId/611-2026/competitionType/1,https://www.espn.com/tennis/scoreboard/tournament/_/eventId/611-2026/competitionType/1/date/20260116
2026-01-16,Adelaide International,F,Semifinal - Centre Court,Ugo Humbert,Tomas Machac,4 7 7 2 8 || 6 6 2 6,https://www.espn.com/tennis/scoreboard/tournament/_/eventId/611-2026/competitionType/1,https://www.espn.com/tennis/scoreboard/tournament/_/eventId/611-2026/competitionType/1/date/20260116
2026-01-11,Australian Open,Q1,Qualifying 1st Round,Daniel Merida,Oliver Crawford,3 6 3 || 6 2 6,https://www.espn.com/tennis/scoreboard/tournament/_/eventId/154-2026/competitionType/1,https://www.espn.com/tennis/scoreboard/tournament/_/eventId/154-2026/competitionType/1/date/20260111
2026-01-11,Australian Open,Q1,Qualifying 1st Round - KIA Arena,Lukas Klein,Zsombor Piros,4 4 || 6 6,https://www.espn.com/tennis/scoreboard/tournament/_/eventId/154-2026/competitionType/1,https://www.espn.com/tennis/scoreboard/tournament/_/eventId/154-2026/competitionType/1/date/20260111
2026-01-11,Australian Open,Q1,Qualifying 1st Round - Court 8,Bernard Tomic,Hugo Dellien,6 6 || 3 3,https://www.espn.com/tennis/scoreboard/tournament/_/eventId/154-2026/competitionType/1,https://www.espn.com/tennis/scoreboard/tournament/_/eventId/154-2026/competitionType/1/date/20260111
2026-01-11,Australian Open,Q1,Qualifying 1st Round - 1573 Arena,Dusan Lajovic,Facundo Diaz Acosta,7 7 5 7 10 || 6 3 7 6 3,https://www.espn.com/tennis/scoreboard/tournament/_/eventId/154-2026/competitionType/1,https://www.espn.com/tennis/scoreboard/tournament/_/eventId/154-2026/competitionType/1/date/20260111
2026-01-11,Australian Open,Q1,Qualifying 1st Round - Court 13,Luca Van Assche,Moez Echargui,6 6 || 4 4,https://www.espn.com/tennis/scoreboard/tournament/_/eventId/154-2026/competitionType/1,https://www.espn.com/tennis/scoreboard/tournament/_/eventId/154-2026/competitionType/1/date/20260111
2026-01-11,Australian Open,Q1,Qualifying 1st Round - Court 12,Daniil Glinka,Clement Tabur,5 6 6 || 7 3 4,https://www.espn.com/tennis/scoreboard/tournament/_/eventId/154-2026/competitionType/1,https://www.espn.com/tennis/scoreboard/tournament/_/eventId/154-2026/competitionType/1/date/20260111
2026-01-11,Australian Open,Q1,Qualifying 1st Round - Court 14,Rei Sakamoto,Daniel Evans,6 6 || 1 2,https://www.espn.com/tennis/scoreboard/tournament/_/eventId/154-2026/competitionType/1,https://www.espn.com/tennis/scoreboard/tournament/_/eventId/154-2026/competitionType/1/date/20260111
2026-01-11,Australian Open,Q1,Qualifying 1st Round - 1573 Arena,Pierre-Hugues Herbert,Guy Den Ouden,3 6 6 || 6 3 2,https://www.espn.com/tennis/scoreboard/tournament/_/eventId/154-2026/competitionType/1,https://www.espn.com/tennis/scoreboard/tournament/_/eventId/154-2026/competitionType/1/date/20260111
2026-01-11,Australian Open,Q1,Qualifying 1st Round - Court 8,Murphy Cassone,Yu Hsiou Hsu,3 6 6 || 6 3 4,https://www.espn.com/tennis/scoreboard/tournament/_/eventId/154-2026/competitionType/1,https://www.espn.com/tennis/scoreboard/tournament/_/eventId/154-2026/competitionType/1/date/20260111
2026-01-11,Australian Open,Q1,Qualifying 1st Round - Court 17,Gonzalo Bueno,Nikoloz Basilashvili,1 6 5 || 6 7 7,https://www.espn.com/tennis/scoreboard/tournament/_/eventId/154-2026/competitionType/1,https://www.espn.com/tennis/scoreboard/tournament/_/eventId/154-2026/competitionType/1/date/20260111
2026-01-11,Australian Open,Q1,Qualifying 1st Round - Court 5,Francesco Passaro,Mark Lajal,6 4 4 || 7 7 6,https://www.espn.com/tennis/scoreboard/tournament/_/eventId/154-2026/competitionType/1,https://www.espn.com/tennis/scoreboard/tournament/_/eventId/154-2026/competitionType/1/date/20260111
2026-01-11,Australian Open,Q1,Qualifying 1st Round - Court 7,Tristan Boyer,Alex Barrena,6 6 4 6 || 2 7 7 2,https://www.espn.com/tennis/scoreboard/tournament/_/eventId/154-2026/competitionType/1,https://www.espn.com/tennis/scoreboard/tournament/_/eventId/154-2026/competitionType/1/date/20260111
2026-01-11,Australian Open,Q1,Qualifying 1st Round - Court 11,Henrique Rocha,Joao Lucas Reis Da Silva,2 4 || 6 6,https://www.espn.com/tennis/scoreboard/tournament/_/eventId/154-2026/competitionType/1,https://www.espn.com/tennis/scoreboard/tournament/_/eventId/154-2026/competitionType/1/date/20260111
2026-01-11,Australian Open,Q1,Qualifying 1st Round - Court 16,Colton Smith,Luka Pavlovic,6 4 1 || 7 7 6,https://www.espn.com/tennis/scoreboard/tournament/_/eventId/154-2026/competitionType/1,https://www.espn.com/tennis/scoreboard/tournament/_/eventId/154-2026/competitionType/1/date/20260111
2026-01-11,Australian Open,Q1,Qualifying 1st Round - Court 14,Giulio Zeppieri,Dan Added,6 6 || 3 3,https://www.espn.com/tennis/scoreboard/tournament/_/eventId/154-2026/competitionType/1,https://www.espn.com/tennis/scoreboard/tournament/_/eventId/154-2026/competitionType/1/date/20260111
2026-01-11,Australian Open,Q1,Qualifying 1st Round - Court 17,Benjamin Hassan,Matej Dodig,7 3 2 || 5 6 6,https://www.espn.com/tennis/scoreboard/tournament/_/eventId/154-2026/competitionType/1,https://www.espn.com/tennis/scoreboard/tournament/_/eventId/154-2026/competitionType/1/date/20260111
2026-01-11,Australian Open,Q1,Qualifying 1st Round - Court 13,Jaime Faria,Luka Mikrut,7 7 7 || 6 2 5,https://www.espn.com/tennis/scoreboard/tournament/_/eventId/154-2026/competitionType/1,https://www.espn.com/tennis/scoreboard/tournament/_/eventId/154-2026/competitionType/1/date/20260111
2026-01-11,Australian Open,Q1,Qualifying 1st Round - Court 12,Brandon Holt,Lukas Neumayer,4 6 6 || 6 2 3,https://www.espn.com/tennis/scoreboard/tournament/_/eventId/154-2026/competitionType/1,https://www.espn.com/tennis/scoreboard/tournament/_/eventId/154-2026/competitionType/1/date/20260111
2026-01-11,Australian Open,Q1,Qualifying 1st Round - 1573 Arena,Marco Trungelliti,Philip Sekulic,2 6 1 || 6 1 6,https://www.espn.com/tennis/scoreboard/tournament/_/eventId/154-2026/competitionType/1,https://www.espn.com/tennis/scoreboard/tournament/_/eventId/154-2026/competitionType/1/date/20260111
2026-01-11,Australian Open,Q1,Qualifying 1st Round - KIA Arena,Jerome Kym,Juan Carlos Prado Angelo,6 6 || 3 0,https://www.espn.com/tennis/scoreboard/tournament/_/eventId/154-2026/competitionType/1,https://www.espn.com/tennis/scoreboard/tournament/_/eventId/154-2026/competitionType/1/date/20260111
2026-01-11,Australian Open,Q1,Qualifying 1st Round - Court 8,Gustavo Heide,Jay Clarke,6 6 || 3 3,https://www.espn.com/tennis/scoreboard/tournament/_/eventId/154-2026/competitionType/1,https://www.espn.com/tennis/scoreboard/tournament/_/eventId/154-2026/competitionType/1/date/20260111
2026-01-11,Australian Open,Q1,Qualifying 1st Round - Court 15,Dane Sweeny,Andrea Pellegrino,6 4 6 || 2 6 3,https://www.espn.com/tennis/scoreboard/tournament/_/eventId/154-2026/competitionType/1,https://www.espn.com/tennis/scoreboard/tournament/_/eventId/154-2026/competitionType/1/date/20260111
2026-01-11,Australian Open,Q1,Qualifying 1st Round - ANZ Arena,Arthur Fery,Edward Winter,6 6 || 2 4,https://www.espn.com/tennis/scoreboard/tournament/_/eventId/154-2026/competitionType/1,https://www.espn.com/tennis/scoreboard/tournament/_/eventId/154-2026/competitionType/1/date/20260111
2026-01-11,Australian Open,Q1,Qualifying 1st Round - Court 7,Dino Prizmic,Genaro Alberto Olivieri,6 6 || 1 4,https://www.espn.com/tennis/scoreboard/tournament/_/eventId/154-2026/competitionType/1,https://www.espn.com/tennis/scoreboard/tournament/_/eventId/154-2026/competitionType/1/date/20260111
2026-01-11,Australian Open,Q1,Qualifying 1st Round - Court 11,Roberto Carballes Baena,Arthur Bouquier,6 6 || 2 2,https://www.espn.com/tennis/scoreboard/tournament/_/eventId/154-2026/competitionType/1,https://www.espn.com/tennis/scoreboard/tournament/_/eventId/154-2026/competitionType/1/date/20260111
2026-01-11,Australian Open,Q1,Qualifying 1st Round - Court 6,Nishesh Basavareddy,Alexis Galarneau,4 2 || 6 6,https://www.espn.com/tennis/scoreboard/tournament/_/eventId/154-2026/competitionType/1,https://www.espn.com/tennis/scoreboard/tournament/_/eventId/154-2026/competitionType/1/date/20260111
2026-01-11,Australian Open,Q1,Qualifying 1st Round - Court 13,George Loffhagen,Justin Engel,6 4 6 2 || 7 7 7 7,https://www.espn.com/tennis/scoreboard/tournament/_/eventId/154-2026/competitionType/1,https://www.espn.com/tennis/scoreboard/tournament/_/eventId/154-2026/competitionType/1/date/20260111
2026-01-11,Australian Open,Q1,Qualifying 1st Round - Court 16,Titouan Droguet,Nicolas Jarry,6 6 || 4 3,https://www.espn.com/tennis/scoreboard/tournament/_/eventId/154-2026/competitionType/1,https://www.espn.com/tennis/scoreboard/tournament/_/eventId/154-2026/competitionType/1/date/20260111
2026-01-11,Australian Open,Q1,Qualifying 1st Round - ANZ Arena,Martin Damm,Gauthier Onclin,6 3 6 || 3 6 4,https://www.espn.com/tennis/scoreboard/tournament/_/eventId/154-2026/competitionType/1,https://www.espn.com/tennis/scoreboard/tournament/_/eventId/154-2026/competitionType/1/date/20260111
2026-01-11,Australian Open,Q1,Qualifying 1st Round - Court 17,Yoshihito Nishioka,Nerman Fatic,6 6 || 1 2,https://www.espn.com/tennis/scoreboard/tournament/_/eventId/154-2026/competitionType/1,https://www.espn.com/tennis/scoreboard/tournament/_/eventId/154-2026/competitionType/1/date/20260111
2026-01-11,Australian Open,Q1,Qualifying 1st Round - KIA Arena,Gilles Arnaud Bailly,Jack Pinnington Jones,4 4 || 6 6,https://www.espn.com/tennis/scoreboard/tournament/_/eventId/154-2026/competitionType/1,https://www.espn.com/tennis/scoreboard/tournament/_/eventId/154-2026/competitionType/1/date/20260111
2026-01-11,Australian Open,Q1,Qualifying 1st Round - Court 15,Sebastian Ofner,August Holmgren,4 4 || 6 6,https://www.espn.com/tennis/scoreboard/tournament/_/eventId/154-2026/competitionType/1,https://www.espn.com/tennis/scoreboard/tournament/_/eventId/154-2026/competitionType/1/date/20260111
2026-01-12,Australian Open,Q1,Qualifying 1st Round,Arthur Gea,Zdenek Kolar,2 3 || 6 6,https://www.espn.com/tennis/scoreboard/tournament/_/eventId/154-2026/competitionType/1,https://www.espn.com/tennis/scoreboard/tournament/_/eventId/154-2026/competitionType/1/date/20260112
2026-01-12,Australian Open,Q1,Qualifying 1st Round - Court 12,Roman Andres Burruchaga,Ryan Peniston,6 6 || 1 1,https://www.espn.com/tennis/scoreboard/tournament/_/eventId/154-2026/competitionType/1,https://www.espn.com/tennis/scoreboard/tournament/_/eventId/154-2026/competitionType/1/date/20260112
2026-01-12,Australian Open,Q1,Qualifying 1st Round - Court 13,Liam Draxl,Moerani Bouzige,6 3 3 || 7 7 6,https://www.espn.com/tennis/scoreboard/tournament/_/eventId/154-2026/competitionType/1,https://www.espn.com/tennis/scoreboard/tournament/_/eventId/154-2026/competitionType/1/date/20260112
2026-01-12,Australian Open,Q1,Qualifying 1st Round - Court 7,Federico Cina,Lloyd Harris,4 7 7 3 || 6 6 4 6,https://www.espn.com/tennis/scoreboard/tournament/_/eventId/154-2026/competitionType/1,https://www.espn.com/tennis/scoreboard/tournament/_/eventId/154-2026/competitionType/1/date/20260112
2026-01-12,Australian Open,Q1,Qualifying 1st Round - Court 14,Hugo Grenier,Daniel Elahi Galan,6 9 0 || 7 11 1 RET,https://www.espn.com/tennis/scoreboard/tournament/_/eventId/154-2026/competitionType/1,https://www.espn.com/tennis/scoreboard/tournament/_/eventId/154-2026/competitionType/1/date/20260112
2026-01-12,Australian Open,Q1,Qualifying 1st Round - Court 17,Vitaliy Sachko,Viktor Durasovic,6 7 7 || 3 6 1,https://www.espn.com/tennis/scoreboard/tournament/_/eventId/154-2026/competitionType/1,https://www.espn.com/tennis/scoreboard/tournament/_/eventId/154-2026/competitionType/1/date/20260112
2026-01-12,Australian Open,Q1,Qualifying 1st Round - 1573 Arena,Alexander Blockx,Marco Cecchinato,6 6 || 3 4,https://www.espn.com/tennis/scoreboard/tournament/_/eventId/154-2026/competitionType/1,https://www.espn.com/tennis/scoreboard/tournament/_/eventId/154-2026/competitionType/1/date/20260112
2026-01-12,Australian Open,Q1,Qualifying 1st Round - Court 15,Adolfo Daniel Vallejo,Rodrigo Pacheco Mendez,1 2 || 6 6,https://www.espn.com/tennis/scoreboard/tournament/_/eventId/154-2026/competitionType/1,https://www.espn.com/tennis/scoreboard/tournament/_/eventId/154-2026/competitionType/1/date/20260112
2026-01-12,Australian Open,Q1,Qualifying 1st Round - Court 16,Leandro Riedi,Jan Choinski,3 4 || 6 6,https://www.espn.com/tennis/scoreboard/tournament/_/eventId/154-2026/competitionType/1,https://www.espn.com/tennis/scoreboard/tournament/_/eventId/154-2026/competitionType/1/date/20260112
2026-01-12,Australian Open,Q1,Qualifying 1st Round - Court 13,Jurij Rodionov,Juan Pablo Ficovich,5 3 || 7 6,https://www.espn.com/tennis/scoreboard/tournament/_/eventId/154-2026/competitionType/1,https://www.espn.com/tennis/scoreboard/tournament/_/eventId/154-2026/competitionType/1/date/20260112
2026-01-12,Australian Open,Q1,Qualifying 1st Round - Court 11,Mackenzie McDonald,Dmitry Popko,6 4 6 7 || 7 7 4 5,https://www.espn.com/tennis/scoreboard/tournament/_/eventId/154-2026/competitionType/1,https://www.espn.com/tennis/scoreboard/tournament/_/eventId/154-2026/competitionType/1/date/20260112
2026-01-12,Australian Open,Q1,Qualifying 1st Round - KIA Arena,Alex Molcan,Sho Shimabukuro,4 6 3 || 6 4 6,https://www.espn.com/tennis/scoreboard/tournament/_/eventId/154-2026/competitionType/1,https://www.espn.com/tennis/scoreboard/tournament/_/eventId/154-2026/competitionType/1/date/20260112
2026-01-12,Australian Open,Q1,Qualifying 1st Round - Court 8,Kimmer Coppejans,Omar Jasika,7 7 6 || 6 2 0,https://www.espn.com/tennis/scoreboard/tournament/_/eventId/154-2026/competitionType/1,https://www.espn.com/tennis/scoreboard/tournament/_/eventId/154-2026/competitionType/1/date/20260112
2026-01-12,Australian Open,Q1,Qualifying 1st Round - ANZ Arena,Vilius Gaubas,Nicolas Moreno De Alboran,5 3 || 7 6,https://www.espn.com/tennis/scoreboard/tournament/_/eventId/154-2026/competitionType/1,https://www.espn.com/tennis/scoreboard/tournament/_/eventId/154-2026/competitionType/1/date/20260112
2026-01-12,Australian Open,Q1,Qualifying 1st Round - Court 15,Tomas Barrios Vera,Sascha Gueymard Wayenburg,6 7 8 || 2 6 6,https://www.espn.com/tennis/scoreboard/tournament/_/eventId/154-2026/competitionType/1,https://www.espn.com/tennis/scoreboard/tournament/_/eventId/154-2026/competitionType/1/date/20260112
2026-01-12,Australian Open,Q1,Qualifying 1st Round - 1573 Arena,Zachary Svajda,Hady Habib,1 3 || 6 6,https://www.espn.com/tennis/scoreboard/tournament/_/eventId/154-2026/competitionType/1,https://www.espn.com/tennis/scoreboard/tournament/_/eventId/154-2026/competitionType/1/date/20260112
2026-01-12,Australian Open,Q1,Qualifying 1st Round - Court 16,Jason Kubler,Harold Mayot,6 6 || 3 4,https://www.espn.com/tennis/scoreboard/tournament/_/eventId/154-2026/competitionType/1,https://www.espn.com/tennis/scoreboard/tournament/_/eventId/154-2026/competitionType/1/date/20260112
2026-01-12,Australian Open,Q1,Qualifying 1st Round - KIA Arena,Michael Zheng,Cruz Hewitt,3 3 || 6 6,https://www.espn.com/tennis/scoreboard/tournament/_/eventId/154-2026/competitionType/1,https://www.espn.com/tennis/scoreboard/tournament/_/eventId/154-2026/competitionType/1/date/20260112
2026-01-12,Australian Open,Q1,Qualifying 1st Round - ANZ Arena,Rafael Jodar,Li Tu,2 1 || 6 6,https://www.espn.com/tennis/scoreboard/tournament/_/eventId/154-2026/competitionType/1,https://www.espn.com/tennis/scoreboard/tournament/_/eventId/154-2026/competitionType/1/date/20260112
2026-01-12,Australian Open,Q1,Qualifying 1st Round - Court 5,Pablo Llamas Ruiz,Henry Bernet,3 6 7 10 || 6 3 6 3,https://www.espn.com/tennis/scoreboard/tournament/_/eventId/154-2026/competitionType/1,https://www.espn.com/tennis/scoreboard/tournament/_/eventId/154-2026/competitionType/1/date/20260112
2026-01-12,Australian Open,Q1,Qualifying 1st Round - Court 11,Chak Lam Coleman Wong,Ugo Blanchet,6 7 8 || 3 6 6,https://www.espn.com/tennis/scoreboard/tournament/_/eventId/154-2026/competitionType/1,https://www.espn.com/tennis/scoreboard/tournament/_/eventId/154-2026/competitionType/1/date/20260112
2026-01-12,Australian Open,Q1,Qualifying 1st Round - ANZ Arena,Elmer Moller,Marc Polmans,6 7 8 || 4 6 6,https://www.espn.com/tennis/scoreboard/tournament/_/eventId/154-2026/competitionType/1,https://www.espn.com/tennis/scoreboard/tournament/_/eventId/154-2026/competitionType/1/date/20260112
2026-01-12,Australian Open,Q1,Qualifying 1st Round - Court 6,Nicolas Mejia,Otto Virtanen,3 6 4 || 6 3 6,https://www.espn.com/tennis/scoreboard/tournament/_/eventId/154-2026/competitionType/1,https://www.espn.com/tennis/scoreboard/tournament/_/eventId/154-2026/competitionType/1/date/20260112
2026-01-12,Australian Open,Q1,Qualifying 1st Round - Court 12,Elias Ymer,Alex Bolt,6 4 6 5 || 7 7 7 7,https://www.espn.com/tennis/scoreboard/tournament/_/eventId/154-2026/competitionType/1,https://www.espn.com/tennis/scoreboard/tournament/_/eventId/154-2026/competitionType/1/date/20260112
2026-01-12,Australian Open,Q1,Qualifying 1st Round - KIA Arena,Wu Yibing,Mitchell Krueger,7 6 || 5 4,https://www.espn.com/tennis/scoreboard/tournament/_/eventId/154-2026/competitionType/1,https://www.espn.com/tennis/scoreboard/tournament/_/eventId/154-2026/competitionType/1/date/20260112
2026-01-12,Australian Open,Q1,Qualifying 1st Round - Court 8,Chris Rodesch,Billy Harris,3 4 || 6 6,https://www.espn.com/tennis/scoreboard/tournament/_/eventId/154-2026/competitionType/1,https://www.espn.com/tennis/scoreboard/tournament/_/eventId/154-2026/competitionType/1/date/20260112
2026-01-12,Australian Open,Q1,Qualifying 1st Round - Court 13,James McCabe,Pavle Marinkov,2 6 5 || 6 7 7,https://www.espn.com/tennis/scoreboard/tournament/_/eventId/154-2026/competitionType/1,https://www.espn.com/tennis/scoreboard/tournament/_/eventId/154-2026/competitionType/1/date/20260112
2026-01-12,Australian Open,Q1,Qualifying 1st Round - ANZ Arena,Francesco Maestrelli,Lorenzo Giustino,6 4 1 || 7 7 6,https://www.espn.com/tennis/scoreboard/tournament/_/eventId/154-2026/competitionType/1,https://www.espn.com/tennis/scoreboard/tournament/_/eventId/154-2026/competitionType/1/date/20260112
2026-01-12,Australian Open,Q1,Qualifying 1st Round - Court 16,Nicolai Budkov Kjaer,Yosuke Watanuki,7 7 5 4 || 6 5 7 6,https://www.espn.com/tennis/scoreboard/tournament/_/eventId/154-2026/competitionType/1,https://www.espn.com/tennis/scoreboard/tournament/_/eventId/154-2026/competitionType/1/date/20260112
2026-01-12,Australian Open,Q1,Qualifying 1st Round - Court 5,Stefano Travaglia,Blake Ellis,3 6 1 || 6 4 6,https://www.espn.com/tennis/scoreboard/tournament/_/eventId/154-2026/competitionType/1,https://www.espn.com/tennis/scoreboard/tournament/_/eventId/154-2026/competitionType/1/date/20260112
2026-01-12,Australian Open,Q1,Qualifying 1st Round - Court 6,Martin Landaluce,Chun-Hsin Tseng,5 3 || 7 6,https://www.espn.com/tennis/scoreboard/tournament/_/eventId/154-2026/competitionType/1,https://www.espn.com/tennis/scoreboard/tournament/_/eventId/154-2026/competitionType/1/date/20260112
2026-01-12,Australian Open,Q1,Qualifying 1st Round - Court 12,Thiago Seyboth Wild,Alvaro Guillen Meza,5 3 || 7 6,https://www.espn.com/tennis/scoreboard/tournament/_/eventId/154-2026/competitionType/1,https://www.espn.com/tennis/scoreboard/tournament/_/eventId/154-2026/competitionType/1/date/20260112
2026-01-13,Australian Open,Q2,Qualifying 2nd Round,Liam Draxl,Vitaliy Sachko,3 7 6 7 || 6 5 7 10,https://www.espn.com/tennis/scoreboard/tournament/_/eventId/154-2026/competitionType/1,https://www.espn.com/tennis/scoreboard/tournament/_/eventId/154-2026/competitionType/1/date/20260113
2026-01-13,Australian Open,Q2,Qualifying 2nd Round - Court 5,Jason Kubler,Vilius Gaubas,7 6 || 5 2,https://www.espn.com/tennis/scoreboard/tournament/_/eventId/154-2026/competitionType/1,https://www.espn.com/tennis/scoreboard/tournament/_/eventId/154-2026/competitionType/1/date/20260113
2026-01-13,Australian Open,Q2,Qualifying 2nd Round - KIA Arena,Zachary Svajda,Jurij Rodionov,1 4 || 6 6,https://www.espn.com/tennis/scoreboard/tournament/_/eventId/154-2026/competitionType/1,https://www.espn.com/tennis/scoreboard/tournament/_/eventId/154-2026/competitionType/1/date/20260113
2026-01-13,Australian Open,Q2,Qualifying 2nd Round - Court 16,Arthur Gea,Roman Andres Burruchaga,2 3 || 6 6,https://www.espn.com/tennis/scoreboard/tournament/_/eventId/154-2026/competitionType/1,https://www.espn.com/tennis/scoreboard/tournament/_/eventId/154-2026/competitionType/1/date/20260113
2026-01-13,Australian Open,Q2,Qualifying 2nd Round - Court 8,Daniel Merida,Lukas Klein,3 7 7 4 || 6 6 2 6,https://www.espn.com/tennis/scoreboard/tournament/_/eventId/154-2026/competitionType/1,https://www.espn.com/tennis/scoreboard/tournament/_/eventId/154-2026/competitionType/1/date/20260113
2026-01-13,Australian Open,Q2,Qualifying 2nd Round - Court 15,Mackenzie McDonald,Hugo Grenier,7 7 6 || 6 4 1,https://www.espn.com/tennis/scoreboard/tournament/_/eventId/154-2026/competitionType/1,https://www.espn.com/tennis/scoreboard/tournament/_/eventId/154-2026/competitionType/1/date/20260113
2026-01-13,Australian Open,Q2,Qualifying 2nd Round - Court 11,Adolfo Daniel Vallejo,Federico Cina,6 2 3 || 4 6 6,https://www.espn.com/tennis/scoreboard/tournament/_/eventId/154-2026/competitionType/1,https://www.espn.com/tennis/scoreboard/tournament/_/eventId/154-2026/competitionType/1/date/20260113
2026-01-13,Australian Open,Q2,Qualifying 2nd Round - Court 14,Alexander Blockx,Alex Molcan,6 6 || 1 1,https://www.espn.com/tennis/scoreboard/tournament/_/eventId/154-2026/competitionType/1,https://www.espn.com/tennis/scoreboard/tournament/_/eventId/154-2026/competitionType/1/date/20260113
2026-01-13,Australian Open,Q2,Qualifying 2nd Round - Court 8,Michael Zheng,Tomas Barrios Vera,4 7 7 2 || 6 6 5 6,https://www.espn.com/tennis/scoreboard/tournament/_/eventId/154-2026/competitionType/1,https://www.espn.com/tennis/scoreboard/tournament/_/eventId/154-2026/competitionType/1/date/20260113
2026-01-13,Australian Open,Q2,Qualifying 2nd Round - Court 7,Luca Van Assche,Daniil Glinka,3 0 || 6 6,https://www.espn.com/tennis/scoreboard/tournament/_/eventId/154-2026/competitionType/1,https://www.espn.com/tennis/scoreboard/tournament/_/eventId/154-2026/competitionType/1/date/20260113
2026-01-13,Australian Open,Q2,Qualifying 2nd Round - Court 5,Dusan Lajovic,Murphy Cassone,7 6 || 5 3,https://www.espn.com/tennis/scoreboard/tournament/_/eventId/154-2026/competitionType/1,https://www.espn.com/tennis/scoreboard/tournament/_/eventId/154-2026/competitionType/1/date/20260113
2026-01-13,Australian Open,Q2,Qualifying 2nd Round - 1573 Arena,Kimmer Coppejans,Leandro Riedi,6 3 4 || 3 6 6,https://www.espn.com/tennis/scoreboard/tournament/_/eventId/154-2026/competitionType/1,https://www.espn.com/tennis/scoreboard/tournament/_/eventId/154-2026/competitionType/1/date/20260113
2026-01-13,Australian Open,Q2,Qualifying 2nd Round - ANZ Arena,Tristan Boyer,Francesco Passaro,6 4 6 6 || 7 7 4 2,https://www.espn.com/tennis/scoreboard/tournament/_/eventId/154-2026/competitionType/1,https://www.espn.com/tennis/scoreboard/tournament/_/eventId/154-2026/competitionType/1/date/20260113
2026-01-13,Australian Open,Q2,Qualifying 2nd Round - Court 16,Elias Ymer,Elmer Moller,6 4 5 || 4 6 7,https://www.espn.com/tennis/scoreboard/tournament/_/eventId/154-2026/competitionType/1,https://www.espn.com/tennis/scoreboard/tournament/_/eventId/154-2026/competitionType/1/date/20260113
2026-01-13,Australian Open,Q2,Qualifying 2nd Round - Court 15,Rafael Jodar,Chris Rodesch,6 10 3 || 7 12 6,https://www.espn.com/tennis/scoreboard/tournament/_/eventId/154-2026/competitionType/1,https://www.espn.com/tennis/scoreboard/tournament/_/eventId/154-2026/competitionType/1/date/20260113
2026-01-13,Australian Open,Q2,Qualifying 2nd Round - Court 7,Arthur Fery,Bernard Tomic,6 6 || 4 2,https://www.espn.com/tennis/scoreboard/tournament/_/eventId/154-2026/competitionType/1,https://www.espn.com/tennis/scoreboard/tournament/_/eventId/154-2026/competitionType/1/date/20260113
2026-01-13,Australian Open,Q2,Qualifying 2nd Round - 1573 Arena,Francesco Maestrelli,Thiago Seyboth Wild,6 2 4 || 7 7 6,https://www.espn.com/tennis/scoreboard/tournament/_/eventId/154-2026/competitionType/1,https://www.espn.com/tennis/scoreboard/tournament/_/eventId/154-2026/competitionType/1/date/20260113
2026-01-13,Australian Open,Q2,Qualifying 2nd Round - Court 14,Wu Yibing,Nicolas Mejia,4 4 || 6 6,https://www.espn.com/tennis/scoreboard/tournament/_/eventId/154-2026/competitionType/1,https://www.espn.com/tennis/scoreboard/tournament/_/eventId/154-2026/competitionType/1/date/20260113
2026-01-13,Australian Open,Q2,Qualifying 2nd Round - Court 13,Nicolai Budkov Kjaer,James McCabe,6 3 6 6 || 4 6 7 10,https://www.espn.com/tennis/scoreboard/tournament/_/eventId/154-2026/competitionType/1,https://www.espn.com/tennis/scoreboard/tournament/_/eventId/154-2026/competitionType/1/date/20260113
2026-01-13,Australian Open,Q2,Qualifying 2nd Round - KIA Arena,Chak Lam Coleman Wong,Pablo Llamas Ruiz,6 7 0 || 7 9 6,https://www.espn.com/tennis/scoreboard/tournament/_/eventId/154-2026/competitionType/1,https://www.espn.com/tennis/scoreboard/tournament/_/eventId/154-2026/competitionType/1/date/20260113
2026-01-13,Australian Open,Q2,Qualifying 2nd Round - ANZ Arena,Stefano Travaglia,Martin Landaluce,6 1 4 || 4 6 6,https://www.espn.com/tennis/scoreboard/tournament/_/eventId/154-2026/competitionType/1,https://www.espn.com/tennis/scoreboard/tournament/_/eventId/154-2026/competitionType/1/date/20260113
2026-01-13,Australian Open,Q2,Qualifying 2nd Round - Court 15,Marco Trungelliti,Henrique Rocha,5 6 3 || 7 4 6,https://www.espn.com/tennis/scoreboard/tournament/_/eventId/154-2026/competitionType/1,https://www.espn.com/tennis/scoreboard/tournament/_/eventId/154-2026/competitionType/1/date/20260113
2026-01-13,Australian Open,Q2,Qualifying 2nd Round - Court 12,Dino Prizmic,Gustavo Heide,7 6 || 5 2,https://www.espn.com/tennis/scoreboard/tournament/_/eventId/154-2026/competitionType/1,https://www.espn.com/tennis/scoreboard/tournament/_/eventId/154-2026/competitionType/1/date/20260113
2026-01-13,Australian Open,Q2,Qualifying 2nd Round - Court 14,Dane Sweeny,Jerome Kym,4 4 || 6 6,https://www.espn.com/tennis/scoreboard/tournament/_/eventId/154-2026/competitionType/1,https://www.espn.com/tennis/scoreboard/tournament/_/eventId/154-2026/competitionType/1/date/20260113
2026-01-13,Australian Open,Q2,Qualifying 2nd Round - ANZ Arena,Pierre-Hugues Herbert,Gonzalo Bueno,5 2 || 7 6,https://www.espn.com/tennis/scoreboard/tournament/_/eventId/154-2026/competitionType/1,https://www.espn.com/tennis/scoreboard/tournament/_/eventId/154-2026/competitionType/1/date/20260113
2026-01-13,Australian Open,Q2,Qualifying 2nd Round - Court 17,Jaime Faria,Benjamin Hassan,3 4 || 6 6,https://www.espn.com/tennis/scoreboard/tournament/_/eventId/154-2026/competitionType/1,https://www.espn.com/tennis/scoreboard/tournament/_/eventId/154-2026/competitionType/1/date/20260113
2026-01-13,Australian Open,Q2,Qualifying 2nd Round - Court 11,Martin Damm,Titouan Droguet,6 6 || 4 3,https://www.espn.com/tennis/scoreboard/tournament/_/eventId/154-2026/competitionType/1,https://www.espn.com/tennis/scoreboard/tournament/_/eventId/154-2026/competitionType/1/date/20260113
2026-01-13,Australian Open,Q2,Qualifying 2nd Round - Court 11,George Loffhagen,Yoshihito Nishioka,3 1 || 6 3 RET,https://www.espn.com/tennis/scoreboard/tournament/_/eventId/154-2026/competitionType/1,https://www.espn.com/tennis/scoreboard/tournament/_/eventId/154-2026/competitionType/1/date/20260113
2026-01-13,Australian Open,Q2,Qualifying 2nd Round - ANZ Arena,Brandon Holt,Giulio Zeppieri,7 7 5 4 || 6 4 7 6,https://www.espn.com/tennis/scoreboard/tournament/_/eventId/154-2026/competitionType/1,https://www.espn.com/tennis/scoreboard/tournament/_/eventId/154-2026/competitionType/1/date/20260113
2026-01-13,Australian Open,Q2,Qualifying 2nd Round - Court 5,Nishesh Basavareddy,Sebastian Ofner,4 6 7 13 || 6 4 6 11,https://www.espn.com/tennis/scoreboard/tournament/_/eventId/154-2026/competitionType/1,https://www.espn.com/tennis/scoreboard/tournament/_/eventId/154-2026/competitionType/1/date/20260113
2026-01-13,Australian Open,Q2,Qualifying 2nd Round - Court 6,Gilles Arnaud Bailly,Roberto Carballes Baena,6 4 7 7 2 || 7 7 6 3 6,https://www.espn.com/tennis/scoreboard/tournament/_/eventId/154-2026/competitionType/1,https://www.espn.com/tennis/scoreboard/tournament/_/eventId/154-2026/competitionType/1/date/20260113
2026-01-13,Australian Open,Q2,Qualifying 2nd Round - 1573 Arena,Rei Sakamoto,Colton Smith,6 6 || 4 4,https://www.espn.com/tennis/scoreboard/tournament/_/eventId/154-2026/competitionType/1,https://www.espn.com/tennis/scoreboard/tournament/_/eventId/154-2026/competitionType/1/date/20260113
2026-01-14,Australian Open,,,Jason Kubler,Alexander Blockx,6 3 0 || 3 6 1 RET,https://www.espn.com/tennis/scoreboard/tournament/_/eventId/154-2026/competitionType/1,https://www.espn.com/tennis/scoreboard/tournament/_/eventId/154-2026/competitionType/1/date/20260114
2026-01-14,Australian Open,,,Zachary Svajda,Kimmer Coppejans,6 5 2 || 7 7 6,https://www.espn.com/tennis/scoreboard/tournament/_/eventId/154-2026/competitionType/1,https://www.espn.com/tennis/scoreboard/tournament/_/eventId/154-2026/competitionType/1/date/20260114
2026-01-14,Australian Open,,,Michael Zheng,Lukas Klein,4 6 7 12 || 6 3 6 10,https://www.espn.com/tennis/scoreboard/tournament/_/eventId/154-2026/competitionType/1,https://www.espn.com/tennis/scoreboard/tournament/_/eventId/154-2026/competitionType/1/date/20260114
2026-01-14,Australian Open,,,Arthur Gea,Adolfo Daniel Vallejo,6 6 || 2 2,https://www.espn.com/tennis/scoreboard/tournament/_/eventId/154-2026/competitionType/1,https://www.espn.com/tennis/scoreboard/tournament/_/eventId/154-2026/competitionType/1/date/20260114
2026-01-14,Australian Open,,,Martin Damm,Gilles Arnaud Bailly,5 5 || 7 7,https://www.espn.com/tennis/scoreboard/tournament/_/eventId/154-2026/competitionType/1,https://www.espn.com/tennis/scoreboard/tournament/_/eventId/154-2026/competitionType/1/date/20260114
2026-01-14,Australian Open,,,Liam Draxl,Mackenzie McDonald,6 6 2 2 || 3 7 7 6,https://www.espn.com/tennis/scoreboard/tournament/_/eventId/154-2026/competitionType/1,https://www.espn.com/tennis/scoreboard/tournament/_/eventId/154-2026/competitionType/1/date/20260114
2026-01-14,Australian Open,,,Francesco Maestrelli,Dusan Lajovic,6 4 3 || 4 6 6,https://www.espn.com/tennis/scoreboard/tournament/_/eventId/154-2026/competitionType/1,https://www.espn.com/tennis/scoreboard/tournament/_/eventId/154-2026/competitionType/1/date/20260114
2026-01-14,Australian Open,,,Elias Ymer,Chak Lam Coleman Wong,7 7 4 6 || 6 4 6 3,https://www.espn.com/tennis/scoreboard/tournament/_/eventId/154-2026/competitionType/1,https://www.espn.com/tennis/scoreboard/tournament/_/eventId/154-2026/competitionType/1/date/20260114
2026-01-14,Australian Open,,,Rafael Jodar,Luca Van Assche,6 0 6 || 3 6 1,https://www.espn.com/tennis/scoreboard/tournament/_/eventId/154-2026/competitionType/1,https://www.espn.com/tennis/scoreboard/tournament/_/eventId/154-2026/competitionType/1/date/20260114
2026-01-14,Australian Open,,,Wu Yibing,Tristan Boyer,6 6 || 3 2,https://www.espn.com/tennis/scoreboard/tournament/_/eventId/154-2026/competitionType/1,https://www.espn.com/tennis/scoreboard/tournament/_/eventId/154-2026/competitionType/1/date/20260114
2026-01-14,Australian Open,,,Nicolai Budkov Kjaer,Pierre-Hugues Herbert,2 3 || 6 6,https://www.espn.com/tennis/scoreboard/tournament/_/eventId/154-2026/competitionType/1,https://www.espn.com/tennis/scoreboard/tournament/_/eventId/154-2026/competitionType/1/date/20260114
2026-01-14,Australian Open,,,Arthur Fery,Dino Prizmic,4 1 || 6 6,https://www.espn.com/tennis/scoreboard/tournament/_/eventId/154-2026/competitionType/1,https://www.espn.com/tennis/scoreboard/tournament/_/eventId/154-2026/competitionType/1/date/20260114
2026-01-14,Australian Open,,,Jaime Faria,Marco Trungelliti,7 7 6 || 6 5 3,https://www.espn.com/tennis/scoreboard/tournament/_/eventId/154-2026/competitionType/1,https://www.espn.com/tennis/scoreboard/tournament/_/eventId/154-2026/competitionType/1/date/20260114
2026-01-14,Australian Open,,,Nishesh Basavareddy,George Loffhagen,7 4 4 || 5 6 6,https://www.espn.com/tennis/scoreboard/tournament/_/eventId/154-2026/competitionType/1,https://www.espn.com/tennis/scoreboard/tournament/_/eventId/154-2026/competitionType/1/date/20260114
2026-01-14,Australian Open,,,Rei Sakamoto,Giulio Zeppieri,2 2 || 6 6,https://www.espn.com/tennis/scoreboard/tournament/_/eventId/154-2026/competitionType/1,https://www.espn.com/tennis/scoreboard/tournament/_/eventId/154-2026/competitionType/1/date/20260114
2026-01-14,Australian Open,,,Dane Sweeny,Stefano Travaglia,6 5 6 3 || 7 7 7 7,https://www.espn.com/tennis/scoreboard/tournament/_/eventId/154-2026/competitionType/1,https://www.espn.com/tennis/scoreboard/tournament/_/eventId/154-2026/competitionType/1/date/20260114
2026-01-17,Australian Open,,,Alexander Zverev,Gabriel Diallo,6 1 6 6 6 || 7 7 1 4 2,https://www.espn.com/tennis/scoreboard/tournament/_/eventId/154-2026/competitionType/1,https://www.espn.com/tennis/scoreboard/tournament/_/eventId/154-2026/competitionType/1/date/20260117
2026-01-17,Australian Open,,,Francisco Cerundolo,Zhang Zhizhen,6 7 7 6 || 3 6 0 3,https://www.espn.com/tennis/scoreboard/tournament/_/eventId/154-2026/competitionType/1,https://www.espn.com/tennis/scoreboard/tournament/_/eventId/154-2026/competitionType/1/date/20260117
2026-01-17,Australian Open,,,Arthur Fery,Flavio Cobolli,7 7 6 6 20 || 6 1 4 1,https://www.espn.com/tennis/scoreboard/tournament/_/eventId/154-2026/competitionType/1,https://www.espn.com/tennis/scoreboard/tournament/_/eventId/154-2026/competitionType/1/date/20260117
2026-01-17,Australian Open,,,Benjamin Bonzi,Cameron Norrie,0 7 7 6 3 4 26 || 6 6 2 4 6 6,https://www.espn.com/tennis/scoreboard/tournament/_/eventId/154-2026/competitionType/1,https://www.espn.com/tennis/scoreboard/tournament/_/eventId/154-2026/competitionType/1/date/20260117
2026-01-17,Australian Open,,,Frances Tiafoe,Jason Kubler,7 7 6 6 || 6 4 3 2,https://www.espn.com/tennis/scoreboard/tournament/_/eventId/154-2026/competitionType/1,https://www.espn.com/tennis/scoreboard/tournament/_/eventId/154-2026/competitionType/1/date/20260117
2026-01-17,Australian Open,,,Corentin Moutet,Tristan Schoolkate,4 6 1 3 32 || 6 7 7 6,https://www.espn.com/tennis/scoreboard/tournament/_/eventId/154-2026/competitionType/1,https://www.espn.com/tennis/scoreboard/tournament/_/eventId/154-2026/competitionType/1/date/20260117
2026-01-17,Australian Open,,,Yannick Hanfmann,Zachary Svajda,7 4 6 7 7 || 5 6 4 6 3,https://www.espn.com/tennis/scoreboard/tournament/_/eventId/154-2026/competitionType/1,https://www.espn.com/tennis/scoreboard/tournament/_/eventId/154-2026/competitionType/1/date/20260117
2026-01-17,Australian Open,,,Jaime Faria,Alexander Blockx,3 6 3 4 || 6 3 6 6,https://www.espn.com/tennis/scoreboard/tournament/_/eventId/154-2026/competitionType/1,https://www.espn.com/tennis/scoreboard/tournament/_/eventId/154-2026/competitionType/1/date/20260117
2026-01-17,Australian Open,,,Marton Fucsovics,Camilo Ugo Carabelli,6 5 1 2 || 7 7 6 6,https://www.espn.com/tennis/scoreboard/tournament/_/eventId/154-2026/competitionType/1,https://www.espn.com/tennis/scoreboard/tournament/_/eventId/154-2026/competitionType/1/date/20260117
2026-01-17,Australian Open,,,Sebastian Korda,Michael Zheng,6 6 3 6 0 6 || 4 4 6 7 7 3,https://www.espn.com/tennis/scoreboard/tournament/_/eventId/154-2026/competitionType/1,https://www.espn.com/tennis/scoreboard/tournament/_/eventId/154-2026/competitionType/1/date/20260117
2026-01-17,Australian Open,,,Damir Dzumhur,Liam Draxl,5 0 4 || 7 6 6,https://www.espn.com/tennis/scoreboard/tournament/_/eventId/154-2026/competitionType/1,https://www.espn.com/tennis/scoreboard/tournament/_/eventId/154-2026/competitionType/1/date/20260117
2026-01-17,Australian Open,,,Emilio Nava,Kyrian Jacquet,6 7 6 5 4 7 10 || 2 5 7 7 6 6 6,https://www.espn.com/tennis/scoreboard/tournament/_/eventId/154-2026/competitionType/1,https://www.espn.com/tennis/scoreboard/tournament/_/eventId/154-2026/competitionType/1/date/20260117
2026-01-17,Australian Open,,,Francisco Comesana,Patrick Kypson,2 3 6 3 || 6 6 3 6,https://www.espn.com/tennis/scoreboard/tournament/_/eventId/154-2026/competitionType/1,https://www.espn.com/tennis/scoreboard/tournament/_/eventId/154-2026/competitionType/1/date/20260117
2026-01-17,Australian Open,,,Tomas Martin Etcheverry,Miomir Kecmanovic,2 6 6 3 4 || 6 3 4 6 6,https://www.espn.com/tennis/scoreboard/tournament/_/eventId/154-2026/competitionType/1,https://www.espn.com/tennis/scoreboard/tournament/_/eventId/154-2026/competitionType/1/date/20260117
2026-01-18,Australian Open,,,Carlos Alcaraz,Adam Walton,6 7 7 6 || 3 6 2 2,https://www.espn.com/tennis/scoreboard/tournament/_/eventId/154-2026/competitionType/1,https://www.espn.com/tennis/scoreboard/tournament/_/eventId/154-2026/competitionType/1/date/20260118
2026-01-18,Australian Open,,,Alex de Minaur,Mackenzie McDonald,2 2 3 6 || 6 6 6,https://www.espn.com/tennis/scoreboard/tournament/_/eventId/154-2026/competitionType/1,https://www.espn.com/tennis/scoreboard/tournament/_/eventId/154-2026/competitionType/1/date/20260118
2026-01-18,Australian Open,,,Nuno Borges,Felix Auger-Aliassime,3 6 6 0 7 || 6 4 4 0 RET,https://www.espn.com/tennis/scoreboard/tournament/_/eventId/154-2026/competitionType/1,https://www.espn.com/tennis/scoreboard/tournament/_/eventId/154-2026/competitionType/1/date/20260118
2026-01-18,Australian Open,,,Alexander Bublik,Jenson Brooksby,6 6 6 || 4 4 4,https://www.espn.com/tennis/scoreboard/tournament/_/eventId/154-2026/competitionType/1,https://www.espn.com/tennis/scoreboard/tournament/_/eventId/154-2026/competitionType/1/date/20260118
2026-01-18,Australian Open,,,Daniil Medvedev,Jesper de Jong,7 6 7 7 || 5 2 6 2,https://www.espn.com/tennis/scoreboard/tournament/_/eventId/154-2026/competitionType/1,https://www.espn.com/tennis/scoreboard/tournament/_/eventId/154-2026/competitionType/1/date/20260118
2026-01-18,Australian Open,,,Andrey Rublev,Matteo Arnaldi,4 2 3 13 || 6 6 6,https://www.espn.com/tennis/scoreboard/tournament/_/eventId/154-2026/competitionType/1,https://www.espn.com/tennis/scoreboard/tournament/_/eventId/154-2026/competitionType/1/date/20260118
2026-01-18,Australian Open,,,Alejandro Davidovich Fokina,Filip Misolic,2 3 3 14 || 6 6 6,https://www.espn.com/tennis/scoreboard/tournament/_/eventId/154-2026/competitionType/1,https://www.espn.com/tennis/scoreboard/tournament/_/eventId/154-2026/competitionType/1/date/20260118
2026-01-18,Australian Open,,,Arthur Gea,Jiri Lehecka,5 6 1 5 || 7 7 7 7,https://www.espn.com/tennis/scoreboard/tournament/_/eventId/154-2026/competitionType/1,https://www.espn.com/tennis/scoreboard/tournament/_/eventId/154-2026/competitionType/1/date/20260118
2026-01-18,Australian Open,,,Tommy Paul,Aleksandar Kovacevic,6 6 6 || 4 3 3,https://www.espn.com/tennis/scoreboard/tournament/_/eventId/154-2026/competitionType/1,https://www.espn.com/tennis/scoreboard/tournament/_/eventId/154-2026/competitionType/1/date/20260118
2026-01-18,Australian Open,,,Denis Shapovalov,Bu Yunchaokete,6 7 7 6 || 3 6 3 1,https://www.espn.com/tennis/scoreboard/tournament/_/eventId/154-2026/competitionType/1,https://www.espn.com/tennis/scoreboard/tournament/_/eventId/154-2026/competitionType/1/date/20260118
2026-01-18,Australian Open,,,Fabian Marozsan,Arthur Rinderknech,6 6 6 2 6 24 || 3 4 7 7 4,https://www.espn.com/tennis/scoreboard/tournament/_/eventId/154-2026/competitionType/1,https://www.espn.com/tennis/scoreboard/tournament/_/eventId/154-2026/competitionType/1/date/20260118
2026-01-18,Australian Open,,,Learner Tien,Marcos Giron,7 7 4 3 7 7 6 || 6 2 6 6 6 3 2,https://www.espn.com/tennis/scoreboard/tournament/_/eventId/154-2026/competitionType/1,https://www.espn.com/tennis/scoreboard/tournament/_/eventId/154-2026/competitionType/1/date/20260118
2026-01-18,Australian Open,,,Botic Van De Zandschulp,Brandon Nakashima,3 6 6 1 6 3 || 6 4 7 7 7 7,https://www.espn.com/tennis/scoreboard/tournament/_/eventId/154-2026/competitionType/1,https://www.espn.com/tennis/scoreboard/tournament/_/eventId/154-2026/competitionType/1/date/20260118
2026-01-18,Australian Open,,,Valentin Vacherot,Martin Damm,4 4 4 30 || 6 6 6,https://www.espn.com/tennis/scoreboard/tournament/_/eventId/154-2026/competitionType/1,https://www.espn.com/tennis/scoreboard/tournament/_/eventId/154-2026/competitionType/1/date/20260118
2026-01-18,Australian Open,,,Rinky Hijikata,Adrian Mannarino,3 3 1 || 6 6 6,https://www.espn.com/tennis/scoreboard/tournament/_/eventId/154-2026/competitionType/1,https://www.espn.com/tennis/scoreboard/tournament/_/eventId/154-2026/competitionType/1/date/20260118
2026-01-18,Australian Open,,,Jaume Munar,Dalibor Svrcina,3 6 6 5 7 6 || 6 2 7 7 5 3,https://www.espn.com/tennis/scoreboard/tournament/_/eventId/154-2026/competitionType/1,https://www.espn.com/tennis/scoreboard/tournament/_/eventId/154-2026/competitionType/1/date/20260118
2026-01-18,Australian Open,,,Francesco Maestrelli,Terence Atmane,4 6 7 7 1 1 || 6 3 6 4 6 6,https://www.espn.com/tennis/scoreboard/tournament/_/eventId/154-2026/competitionType/1,https://www.espn.com/tennis/scoreboard/tournament/_/eventId/154-2026/competitionType/1/date/20260118
2026-01-18,Australian Open,,,Marin Cilic,Daniel Altmaier,0 0 6 3 || 6 6 7 7,https://www.espn.com/tennis/scoreboard/tournament/_/eventId/154-2026/competitionType/1,https://www.espn.com/tennis/scoreboard/tournament/_/eventId/154-2026/competitionType/1/date/20260118
2026-01-18,Australian Open,,,Kamil Majchrzak,Jacob Fearnley,7 7 7 3 7 7 || 6 2 5 6 6 3,https://www.espn.com/tennis/scoreboard/tournament/_/eventId/154-2026/competitionType/1,https://www.espn.com/tennis/scoreboard/tournament/_/eventId/154-2026/competitionType/1/date/20260118
2026-01-18,Australian Open,,,Stan Wawrinka,Laslo Djere,7 3 4 6 4 || 5 6 6 7 7,https://www.espn.com/tennis/scoreboard/tournament/_/eventId/154-2026/competitionType/1,https://www.espn.com/tennis/scoreboard/tournament/_/eventId/154-2026/competitionType/1/date/20260118
2026-01-18,Australian Open,,,Thiago Agustin Tirante,Aleksandar Vukic,7 6 6 || 5 2 2,https://www.espn.com/tennis/scoreboard/tournament/_/eventId/154-2026/competitionType/1,https://www.espn.com/tennis/scoreboard/tournament/_/eventId/154-2026/competitionType/1/date/20260118
2026-01-18,Australian Open,,,Jordan Thompson,Juan Manuel Cerundolo,7 7 5 1 1 || 6 3 7 6 6,https://www.espn.com/tennis/scoreboard/tournament/_/eventId/154-2026/competitionType/1,https://www.espn.com/tennis/scoreboard/tournament/_/eventId/154-2026/competitionType/1/date/20260118
2026-01-18,Australian Open,,,Reilly Opelka,Nicolai Budkov Kjaer,4 3 4 || 6 6 6,https://www.espn.com/tennis/scoreboard/tournament/_/eventId/154-2026/competitionType/1,https://www.espn.com/tennis/scoreboard/tournament/_/eventId/154-2026/competitionType/1/date/20260118
2026-01-18,Australian Open,,,Shang Juncheng,Roberto Bautista Agut,6 6 2 6 6 || 4 7 7 4 0,https://www.espn.com/tennis/scoreboard/tournament/_/eventId/154-2026/competitionType/1,https://www.espn.com/tennis/scoreboard/tournament/_/eventId/154-2026/competitionType/1/date/20260118
2026-01-18,Australian Open,,,Quentin Halys,Alejandro Tabilo,6 6 7 7 || 2 2 6 2,https://www.espn.com/tennis/scoreboard/tournament/_/eventId/154-2026/competitionType/1,https://www.espn.com/tennis/scoreboard/tournament/_/eventId/154-2026/competitionType/1/date/20260118
2026-01-18,Australian Open,,,Hamad Medjedovic,Mariano Navone,2 7 7 4 2 || 6 6 3 6 6,https://www.espn.com/tennis/scoreboard/tournament/_/eventId/154-2026/competitionType/1,https://www.espn.com/tennis/scoreboard/tournament/_/eventId/154-2026/competitionType/1/date/20260118
2026-01-18,Australian Open,,,Alexander Shevchenko,Elias Ymer,6 5 4 1 || 3 7 6 6,https://www.espn.com/tennis/scoreboard/tournament/_/eventId/154-2026/competitionType/1,https://www.espn.com/tennis/scoreboard/tournament/_/eventId/154-2026/competitionType/1/date/20260118
2026-01-19,Australian Open,,,Novak Djokovic,Pedro Martinez,3 2 2 4 || 6 6 6,https://www.espn.com/tennis/scoreboard/tournament/_/eventId/154-2026/competitionType/1,https://www.espn.com/tennis/scoreboard/tournament/_/eventId/154-2026/competitionType/1/date/20260119
2026-01-19,Australian Open,,,Lorenzo Musetti,Raphael Collignon,4 7 7 7 3 || 6 6 3 5 2 RET,https://www.espn.com/tennis/scoreboard/tournament/_/eventId/154-2026/competitionType/1,https://www.espn.com/tennis/scoreboard/tournament/_/eventId/154-2026/competitionType/1/date/20260119
2026-01-19,Australian Open,,,Ben Shelton,Ugo Humbert,6 7 7 7 7 || 3 6 2 6 5,https://www.espn.com/tennis/scoreboard/tournament/_/eventId/154-2026/competitionType/1,https://www.espn.com/tennis/scoreboard/tournament/_/eventId/154-2026/competitionType/1/date/20260119
2026-01-19,Australian Open,,,Taylor Fritz,Valentin Royer,6 5 7 1 3 9 || 7 7 5 6 6,https://www.espn.com/tennis/scoreboard/tournament/_/eventId/154-2026/competitionType/1,https://www.espn.com/tennis/scoreboard/tournament/_/eventId/154-2026/competitionType/1/date/20260119
2026-01-19,Australian Open,,,Casper Ruud,Mattia Bellucci,1 2 4 12 || 6 6 6,https://www.espn.com/tennis/scoreboard/tournament/_/eventId/154-2026/competitionType/1,https://www.espn.com/tennis/scoreboard/tournament/_/eventId/154-2026/competitionType/1/date/20260119
2026-01-19,Australian Open,,,Karen Khachanov,Alex Michelsen,4 6 6 5 6 || 6 4 3 7 3,https://www.espn.com/tennis/scoreboard/tournament/_/eventId/154-2026/competitionType/1,https://www.espn.com/tennis/scoreboard/tournament/_/eventId/154-2026/competitionType/1/date/20260119
2026-01-19,Australian Open,,,Jakub Mensik,Pablo Carreno Busta,7 4 2 7 7 6 || 5 6 6 6 1 3,https://www.espn.com/tennis/scoreboard/tournament/_/eventId/154-2026/competitionType/1,https://www.espn.com/tennis/scoreboard/tournament/_/eventId/154-2026/competitionType/1/date/20260119
2026-01-19,Australian Open,,,Luciano Darderi,Cristian Garin,6 5 5 6 3 22 || 7 7 7 7 7,https://www.espn.com/tennis/scoreboard/tournament/_/eventId/154-2026/competitionType/1,https://www.espn.com/tennis/scoreboard/tournament/_/eventId/154-2026/competitionType/1/date/20260119
2026-01-19,Australian Open,,,Ethan Quinn,Tallon Griekspoor,6 6 6 23 || 2 3 2,https://www.espn.com/tennis/scoreboard/tournament/_/eventId/154-2026/competitionType/1,https://www.espn.com/tennis/scoreboard/tournament/_/eventId/154-2026/competitionType/1/date/20260119
2026-01-19,Australian Open,,,Eliot Spizzirri,Joao Fonseca,4 6 1 2 || 6 2 6 6,https://www.espn.com/tennis/scoreboard/tournament/_/eventId/154-2026/competitionType/1,https://www.espn.com/tennis/scoreboard/tournament/_/eventId/154-2026/competitionType/1/date/20260119
2026-01-19,Australian Open,,,Vit Kopriva,Jan-Lennard Struff,4 6 2 6 6 || 6 2 6 3 1,https://www.espn.com/tennis/scoreboard/tournament/_/eventId/154-2026/competitionType/1,https://www.espn.com/tennis/scoreboard/tournament/_/eventId/154-2026/competitionType/1/date/20260119
2026-01-19,Australian Open,,,Hubert Hurkacz,Zizou Bergs,6 6 7 8 6 6 || 7 8 6 6 3 3,https://www.espn.com/tennis/scoreboard/tournament/_/eventId/154-2026/competitionType/1,https://www.espn.com/tennis/scoreboard/tournament/_/eventId/154-2026/competitionType/1/date/20260119
2026-01-19,Australian Open,,,James Duckworth,Dino Prizmic,7 7 3 1 7 6 || 6 4 6 6 5 3,https://www.espn.com/tennis/scoreboard/tournament/_/eventId/154-2026/competitionType/1,https://www.espn.com/tennis/scoreboard/tournament/_/eventId/154-2026/competitionType/1/date/20260119
2026-01-19,Australian Open,,,Rafael Jodar,Rei Sakamoto,6 6 1 7 6 3 || 7 8 6 5 4 6,https://www.espn.com/tennis/scoreboard/tournament/_/eventId/154-2026/competitionType/1,https://www.espn.com/tennis/scoreboard/tournament/_/eventId/154-2026/competitionType/1/date/20260119
2026-01-19,Australian Open,,,Dane Sweeny,Gael Monfils,6 3 7 6 7 || 7 7 5 4 5,https://www.espn.com/tennis/scoreboard/tournament/_/eventId/154-2026/competitionType/1,https://www.espn.com/tennis/scoreboard/tournament/_/eventId/154-2026/competitionType/1/date/20260119
2026-01-19,Australian Open,,,Wu Yibing,Luca Nardi,5 6 4 2 || 7 4 6 6,https://www.espn.com/tennis/scoreboard/tournament/_/eventId/154-2026/competitionType/1,https://www.espn.com/tennis/scoreboard/tournament/_/eventId/154-2026/competitionType/1/date/20260119
2026-01-19,Australian Open,,,Nishesh Basavareddy,Christopher O'Connell,6 6 7 7 7 2 3 || 4 7 9 6 3 6 6,https://www.espn.com/tennis/scoreboard/tournament/_/eventId/154-2026/competitionType/1,https://www.espn.com/tennis/scoreboard/tournament/_/eventId/154-2026/competitionType/1/date/20260119
2026-01-19,Australian Open,,,Sebastian Baez,Giovanni Mpetshi Perricard,4 4 6 7 3 || 6 6 3 5 6,https://www.espn.com/tennis/scoreboard/tournament/_/eventId/154-2026/competitionType/1,https://www.espn.com/tennis/scoreboard/tournament/_/eventId/154-2026/competitionType/1/date/20260119
2026-01-19,Australian Open,,,Lorenzo Sonego,Carlos Taberner,6 6 6 || 4 0 3,https://www.espn.com/tennis/scoreboard/tournament/_/eventId/154-2026/competitionType/1,https://www.espn.com/tennis/scoreboard/tournament/_/eventId/154-2026/competitionType/1/date/20260119
2026-01-19,Australian Open,,,Alexandre Muller,Alexei Popyrin,6 3 6 6 5 6 4 || 2 6 3 7 7 7 10,https://www.espn.com/tennis/scoreboard/tournament/_/eventId/154-2026/competitionType/1,https://www.espn.com/tennis/scoreboard/tournament/_/eventId/154-2026/competitionType/1/date/20260119
2026-01-20,Australian Open,,,Jannik Sinner,Hugo Gaston,2 1 2 || 6 6 RET,https://www.espn.com/tennis/scoreboard/tournament/_/eventId/154-2026/competitionType/1,https://www.espn.com/tennis/scoreboard/tournament/_/eventId/154-2026/competitionType/1/date/20260120
2026-01-20,Australian Open,,,Stefanos Tsitsipas,Shintaro Mochizuki,6 3 2 2 31 || 4 6 6 6,https://www.espn.com/tennis/scoreboard/tournament/_/eventId/154-2026/competitionType/1,https://www.espn.com/tennis/scoreboard/tournament/_/eventId/154-2026/competitionType/1/date/20260120
2026-01-20,Australian Open,,,Tomas Machac,Grigor Dimitrov,4 4 3 || 6 6 6,https://www.espn.com/tennis/scoreboard/tournament/_/eventId/154-2026/competitionType/1,https://www.espn.com/tennis/scoreboard/tournament/_/eventId/154-2026/competitionType/1/date/20260120
2026-01-20,Australian Open,,,Carlos Alcaraz,Yannick Hanfmann,7 7 6 6 || 6 4 3 2,https://www.espn.com/tennis/scoreboard/tournament/_/eventId/154-2026/competitionType/1,https://www.espn.com/tennis/scoreboard/tournament/_/eventId/154-2026/competitionType/1/date/20260120
2026-01-20,Australian Open,,,Alexander Bublik,Marton Fucsovics,7 6 7 || 5 4 5,https://www.espn.com/tennis/scoreboard/tournament/_/eventId/154-2026/competitionType/1,https://www.espn.com/tennis/scoreboard/tournament/_/eventId/154-2026/competitionType/1/date/20260120
2026-01-20,Australian Open,,,Daniil Medvedev,Quentin Halys,6 9 6 6 6 || 7 11 3 4 2,https://www.espn.com/tennis/scoreboard/tournament/_/eventId/154-2026/competitionType/1,https://www.espn.com/tennis/scoreboard/tournament/_/eventId/154-2026/competitionType/1/date/20260120
2026-01-20,Australian Open,,,Andrey Rublev,Jaime Faria,4 3 6 5 13 || 6 6 4 7,https://www.espn.com/tennis/scoreboard/tournament/_/eventId/154-2026/competitionType/1,https://www.espn.com/tennis/scoreboard/tournament/_/eventId/154-2026/competitionType/1/date/20260120
2026-01-20,Australian Open,,,Alejandro Davidovich Fokina,Reilly Opelka,3 6 3 7 6 4 14 || 6 7 7 5 4 6,https://www.espn.com/tennis/scoreboard/tournament/_/eventId/154-2026/competitionType/1,https://www.espn.com/tennis/scoreboard/tournament/_/eventId/154-2026/competitionType/1/date/20260120
2026-01-20,Australian Open,,,Francisco Cerundolo,Damir Dzumhur,6 6 6 || 3 2 1,https://www.espn.com/tennis/scoreboard/tournament/_/eventId/154-2026/competitionType/1,https://www.espn.com/tennis/scoreboard/tournament/_/eventId/154-2026/competitionType/1/date/20260120
2026-01-20,Australian Open,,,Tommy Paul,Thiago Agustin Tirante,6 6 6 || 3 4 2,https://www.espn.com/tennis/scoreboard/tournament/_/eventId/154-2026/competitionType/1,https://www.espn.com/tennis/scoreboard/tournament/_/eventId/154-2026/competitionType/1/date/20260120
2026-01-20,Australian Open,,,Learner Tien,Alexander Shevchenko,6 5 6 6 || 2 7 1 0,https://www.espn.com/tennis/scoreboard/tournament/_/eventId/154-2026/competitionType/1,https://www.espn.com/tennis/scoreboard/tournament/_/eventId/154-2026/competitionType/1/date/20260120
2026-01-20,Australian Open,,,Cameron Norrie,Emilio Nava,1 6 3 6 6 5 26 || 6 7 7 4 7 7,https://www.espn.com/tennis/scoreboard/tournament/_/eventId/154-2026/competitionType/1,https://www.espn.com/tennis/scoreboard/tournament/_/eventId/154-2026/competitionType/1/date/20260120
2026-01-20,Australian Open,,,Corentin Moutet,Michael Zheng,6 1 3 0 32 || 3 6 6 2 RET,https://www.espn.com/tennis/scoreboard/tournament/_/eventId/154-2026/competitionType/1,https://www.espn.com/tennis/scoreboard/tournament/_/eventId/154-2026/competitionType/1/date/20260120
2026-01-20,Australian Open,,,Nuno Borges,Jordan Thompson,7 11 3 2 4 || 6 9 6 6 6,https://www.espn.com/tennis/scoreboard/tournament/_/eventId/154-2026/competitionType/1,https://www.espn.com/tennis/scoreboard/tournament/_/eventId/154-2026/competitionType/1/date/20260120
2026-01-20,Australian Open,,,Tomas Martin Etcheverry,Arthur Fery,7 7 6 6 || 6 4 1 3,https://www.espn.com/tennis/scoreboard/tournament/_/eventId/154-2026/competitionType/1,https://www.espn.com/tennis/scoreboard/tournament/_/eventId/154-2026/competitionType/1/date/20260120
2026-01-20,Australian Open,,,Fabian Marozsan,Kamil Majchrzak,3 4 6 5 || 6 6 7 7,https://www.espn.com/tennis/scoreboard/tournament/_/eventId/154-2026/competitionType/1,https://www.espn.com/tennis/scoreboard/tournament/_/eventId/154-2026/competitionType/1/date/20260120
2026-01-21,Australian Open,,,Alexander Zverev,Alexandre Muller,6 4 6 6 || 3 6 3 4,https://www.espn.com/tennis/scoreboard/tournament/_/eventId/154-2026/competitionType/1,https://www.espn.com/tennis/scoreboard/tournament/_/eventId/154-2026/competitionType/1/date/20260121
2026-01-21,Australian Open,,,Novak Djokovic,Francesco Maestrelli,3 2 2 4 || 6 6 6,https://www.espn.com/tennis/scoreboard/tournament/_/eventId/154-2026/competitionType/1,https://www.espn.com/tennis/scoreboard/tournament/_/eventId/154-2026/competitionType/1/date/20260121
2026-01-21,Australian Open,,,Lorenzo Musetti,Lorenzo Sonego,6 6 6 || 3 3 4,https://www.espn.com/tennis/scoreboard/tournament/_/eventId/154-2026/competitionType/1,https://www.espn.com/tennis/scoreboard/tournament/_/eventId/154-2026/competitionType/1/date/20260121
2026-01-21,Australian Open,,,Alex de Minaur,Hamad Medjedovic,7 7 2 2 1 6 || 6 5 6 6 6,https://www.espn.com/tennis/scoreboard/tournament/_/eventId/154-2026/competitionType/1,https://www.espn.com/tennis/scoreboard/tournament/_/eventId/154-2026/competitionType/1/date/20260121
2026-01-21,Australian Open,,,Ben Shelton,Dane Sweeny,6 6 6 || 3 2 2,https://www.espn.com/tennis/scoreboard/tournament/_/eventId/154-2026/competitionType/1,https://www.espn.com/tennis/scoreboard/tournament/_/eventId/154-2026/competitionType/1/date/20260121
2026-01-21,Australian Open,,,Karen Khachanov,Nishesh Basavareddy,6 6 6 || 1 4 3,https://www.espn.com/tennis/scoreboard/tournament/_/eventId/154-2026/competitionType/1,https://www.espn.com/tennis/scoreboard/tournament/_/eventId/154-2026/competitionType/1/date/20260121
2026-01-21,Australian Open,,,Jakub Mensik,Rafael Jodar,6 6 6 || 2 4 4,https://www.espn.com/tennis/scoreboard/tournament/_/eventId/154-2026/competitionType/1,https://www.espn.com/tennis/scoreboard/tournament/_/eventId/154-2026/competitionType/1/date/20260121
2026-01-21,Australian Open,,,Marin Cilic,Denis Shapovalov,4 3 2 || 6 6 6,https://www.espn.com/tennis/scoreboard/tournament/_/eventId/154-2026/competitionType/1,https://www.espn.com/tennis/scoreboard/tournament/_/eventId/154-2026/competitionType/1/date/20260121
2026-01-21,Australian Open,,,Luciano Darderi,Sebastian Baez,3 6 4 3 22 || 6 1 6 6,https://www.espn.com/tennis/scoreboard/tournament/_/eventId/154-2026/competitionType/1,https://www.espn.com/tennis/scoreboard/tournament/_/eventId/154-2026/competitionType/1/date/20260121
2026-01-21,Australian Open,,,Frances Tiafoe,Francisco Comesana,6 6 4 6 || 4 3 6 2,https://www.espn.com/tennis/scoreboard/tournament/_/eventId/154-2026/competitionType/1,https://www.espn.com/tennis/scoreboard/tournament/_/eventId/154-2026/competitionType/1/date/20260121
2026-01-21,Australian Open,,,Valentin Vacherot,Rinky Hijikata,1 3 6 2 30 || 6 6 4 6,https://www.espn.com/tennis/scoreboard/tournament/_/eventId/154-2026/competitionType/1,https://www.espn.com/tennis/scoreboard/tournament/_/eventId/154-2026/competitionType/1/date/20260121
2026-01-21,Australian Open,,,Tomas Machac,Stefanos Tsitsipas,6 3 7 7 7 7 31 || 4 6 6 5 6 5,https://www.espn.com/tennis/scoreboard/tournament/_/eventId/154-2026/competitionType/1,https://www.espn.com/tennis/scoreboard/tournament/_/eventId/154-2026/competitionType/1/date/20260121
2026-01-21,Australian Open,,,Stan Wawrinka,Arthur Gea,6 3 6 5 6 3 || 4 6 3 7 7 10,https://www.espn.com/tennis/scoreboard/tournament/_/eventId/154-2026/competitionType/1,https://www.espn.com/tennis/scoreboard/tournament/_/eventId/154-2026/competitionType/1/date/20260121
2026-01-21,Australian Open,,,Eliot Spizzirri,Wu Yibing,6 6 6 4 4 6 || 2 4 7 7 6 3,https://www.espn.com/tennis/scoreboard/tournament/_/eventId/154-2026/competitionType/1,https://www.espn.com/tennis/scoreboard/tournament/_/eventId/154-2026/competitionType/1/date/20260121
2026-01-21,Australian Open,,,Botic Van De Zandschulp,Shang Juncheng,7 8 6 6 || 6 6 2 3,https://www.espn.com/tennis/scoreboard/tournament/_/eventId/154-2026/competitionType/1,https://www.espn.com/tennis/scoreboard/tournament/_/eventId/154-2026/competitionType/1/date/20260121
2026-01-21,Australian Open,,,Ethan Quinn,Hubert Hurkacz,4 6 5 1 || 6 7 7 6,https://www.espn.com/tennis/scoreboard/tournament/_/eventId/154-2026/competitionType/1,https://www.espn.com/tennis/scoreboard/tournament/_/eventId/154-2026/competitionType/1/date/20260121
2026-01-22,Australian Open,,,Jannik Sinner,James Duckworth,1 4 2 2 || 6 6 6,https://www.espn.com/tennis/scoreboard/tournament/_/eventId/154-2026/competitionType/1,https://www.espn.com/tennis/scoreboard/tournament/_/eventId/154-2026/competitionType/1/date/20260122
2026-01-22,Australian Open,,,Taylor Fritz,Vit Kopriva,1 4 6 4 9 || 6 6 7 7,https://www.espn.com/tennis/scoreboard/tournament/_/eventId/154-2026/competitionType/1,https://www.espn.com/tennis/scoreboard/tournament/_/eventId/154-2026/competitionType/1/date/20260122
2026-01-22,Australian Open,,,Casper Ruud,Jaume Munar,3 5 4 12 || 6 7 6,https://www.espn.com/tennis/scoreboard/tournament/_/eventId/154-2026/competitionType/1,https://www.espn.com/tennis/scoreboard/tournament/_/eventId/154-2026/competitionType/1/date/20260122
2026-01-22,Australian Open,,,Carlos Alcaraz,Corentin Moutet,6 6 6 32 || 2 4 1,https://www.espn.com/tennis/scoreboard/tournament/_/eventId/154-2026/competitionType/1,https://www.espn.com/tennis/scoreboard/tournament/_/eventId/154-2026/competitionType/1/date/20260122
2026-01-22,Australian Open,,,Daniil Medvedev,Fabian Marozsan,6 5 4 7 6 6 || 7 7 6 5 0 3,https://www.espn.com/tennis/scoreboard/tournament/_/eventId/154-2026/competitionType/1,https://www.espn.com/tennis/scoreboard/tournament/_/eventId/154-2026/competitionType/1/date/20260122
2026-01-22,Australian Open,,,Francisco Cerundolo,Andrey Rublev,6 7 7 6 13 || 3 6 4 3,https://www.espn.com/tennis/scoreboard/tournament/_/eventId/154-2026/competitionType/1,https://www.espn.com/tennis/scoreboard/tournament/_/eventId/154-2026/competitionType/1/date/20260122
2026-01-22,Australian Open,,,Tommy Paul,Alejandro Davidovich Fokina,6 6 14 || 1 1 RET,https://www.espn.com/tennis/scoreboard/tournament/_/eventId/154-2026/competitionType/1,https://www.espn.com/tennis/scoreboard/tournament/_/eventId/154-2026/competitionType/1/date/20260122
2026-01-22,Australian Open,,,Learner Tien,Nuno Borges,7 11 6 6 || 6 9 4 2,https://www.espn.com/tennis/scoreboard/tournament/_/eventId/154-2026/competitionType/1,https://www.espn.com/tennis/scoreboard/tournament/_/eventId/154-2026/competitionType/1/date/20260122
2026-01-23,Australian Open,,,Jannik Sinner,Eliot Spizzirri,6 3 4 4 2 || 4 6 6 6,https://www.espn.com/tennis/scoreboard/tournament/_/eventId/154-2026/competitionType/1,https://www.espn.com/tennis/scoreboard/tournament/_/eventId/154-2026/competitionType/1/date/20260123
2026-01-23,Australian Open,,,Alexander Zverev,Cameron Norrie,7 4 6 6 26 || 5 6 3 1,https://www.espn.com/tennis/scoreboard/tournament/_/eventId/154-2026/competitionType/1,https://www.espn.com/tennis/scoreboard/tournament/_/eventId/154-2026/competitionType/1/date/20260123
2026-01-23,Australian Open,,,Lorenzo Musetti,Tomas Machac,5 6 6 5 6 || 7 4 2 7 2,https://www.espn.com/tennis/scoreboard/tournament/_/eventId/154-2026/competitionType/1,https://www.espn.com/tennis/scoreboard/tournament/_/eventId/154-2026/competitionType/1/date/20260123
2026-01-23,Australian Open,,,Alex de Minaur,Frances Tiafoe,3 4 5 6 || 6 6 7,https://www.espn.com/tennis/scoreboard/tournament/_/eventId/154-2026/competitionType/1,https://www.espn.com/tennis/scoreboard/tournament/_/eventId/154-2026/competitionType/1/date/20260123
2026-01-23,Australian Open,,,Ben Shelton,Valentin Vacherot,6 6 7 7 30 || 4 4 6 5,https://www.espn.com/tennis/scoreboard/tournament/_/eventId/154-2026/competitionType/1,https://www.espn.com/tennis/scoreboard/tournament/_/eventId/154-2026/competitionType/1/date/20260123
2026-01-23,Australian Open,,,Taylor Fritz,Stan Wawrinka,6 5 6 4 4 9 || 7 7 2 6 6,https://www.espn.com/tennis/scoreboard/tournament/_/eventId/154-2026/competitionType/1,https://www.espn.com/tennis/scoreboard/tournament/_/eventId/154-2026/competitionType/1/date/20260123
2026-01-23,Australian Open,,,Alexander Bublik,Tomas Martin Etcheverry,7 7 7 7 6 || 6 4 6 5 4,https://www.espn.com/tennis/scoreboard/tournament/_/eventId/154-2026/competitionType/1,https://www.espn.com/tennis/scoreboard/tournament/_/eventId/154-2026/competitionType/1/date/20260123
2026-01-23,Australian Open,,,Luciano Darderi,Karen Khachanov,6 5 6 3 4 22 || 7 7 3 6 6,https://www.espn.com/tennis/scoreboard/tournament/_/eventId/154-2026/competitionType/1,https://www.espn.com/tennis/scoreboard/tournament/_/eventId/154-2026/competitionType/1/date/20260123
2026-01-24,Australian Open,,,Novak Djokovic,Botic Van De Zandschulp,3 4 6 4 4 || 6 6 7 7,https://www.espn.com/tennis/scoreboard/tournament/_/eventId/154-2026/competitionType/1,https://www.espn.com/tennis/scoreboard/tournament/_/eventId/154-2026/competitionType/1/date/20260124
2026-01-24,Australian Open,,,Casper Ruud,Marin Cilic,4 4 6 5 12 || 6 6 3 7,https://www.espn.com/tennis/scoreboard/tournament/_/eventId/154-2026/competitionType/1,https://www.espn.com/tennis/scoreboard/tournament/_/eventId/154-2026/competitionType/1/date/20260124
2026-01-24,Australian Open,,,Jakub Mensik,Ethan Quinn,6 7 7 7 7 || 2 6 5 6 5,https://www.espn.com/tennis/scoreboard/tournament/_/eventId/154-2026/competitionType/1,https://www.espn.com/tennis/scoreboard/tournament/_/eventId/154-2026/competitionType/1/date/20260124
2026-01-24,Australian Open,,,Carlos Alcaraz,Tommy Paul,7 8 6 7 19 || 6 6 4 5,https://www.espn.com/tennis/scoreboard/tournament/_/eventId/154-2026/competitionType/1,https://www.espn.com/tennis/scoreboard/tournament/_/eventId/154-2026/competitionType/1/date/20260124
2026-01-24,Australian Open,,,Alexander Zverev,Francisco Cerundolo,6 6 6 18 || 2 4 4,https://www.espn.com/tennis/scoreboard/tournament/_/eventId/154-2026/competitionType/1,https://www.espn.com/tennis/scoreboard/tournament/_/eventId/154-2026/competitionType/1/date/20260124
2026-01-24,Australian Open,,,Learner Tien,Daniil Medvedev,4 0 3 25 || 6 6 6,https://www.espn.com/tennis/scoreboard/tournament/_/eventId/154-2026/competitionType/1,https://www.espn.com/tennis/scoreboard/tournament/_/eventId/154-2026/competitionType/1/date/20260124
2026-01-25,Australian Open,,,Jannik Sinner,Luciano Darderi,1 3 6 2 2 || 6 6 7 7,https://www.espn.com/tennis/scoreboard/tournament/_/eventId/154-2026/competitionType/1,https://www.espn.com/tennis/scoreboard/tournament/_/eventId/154-2026/competitionType/1/date/20260125
2026-01-25,Australian Open,,,Lorenzo Musetti,Taylor Fritz,6 7 6 9 || 2 5 4,https://www.espn.com/tennis/scoreboard/tournament/_/eventId/154-2026/competitionType/1,https://www.espn.com/tennis/scoreboard/tournament/_/eventId/154-2026/competitionType/1/date/20260125
2026-01-25,Australian Open,,,Alex de Minaur,Alexander Bublik,4 1 1 6 || 6 6 6,https://www.espn.com/tennis/scoreboard/tournament/_/eventId/154-2026/competitionType/1,https://www.espn.com/tennis/scoreboard/tournament/_/eventId/154-2026/competitionType/1/date/20260125
2026-01-26,Australian Open,,,Ben Shelton,Casper Ruud,3 6 6 6 12 || 6 4 3 4,https://www.espn.com/tennis/scoreboard/tournament/_/eventId/154-2026/competitionType/1,https://www.espn.com/tennis/scoreboard/tournament/_/eventId/154-2026/competitionType/1/date/20260126
2026-01-26,Australian Open,F,Quarterfinal,Alexander Zverev,Learner Tien,6 6 5 6 7 7 25 || 3 7 7 1 6 3,https://www.espn.com/tennis/scoreboard/tournament/_/eventId/154-2026/competitionType/1,https://www.espn.com/tennis/scoreboard/tournament/_/eventId/154-2026/competitionType/1/date/20260126
2026-01-27,Australian Open,F,Quarterfinal,Carlos Alcaraz,Alex de Minaur,7 6 6 6 || 5 2 1,https://www.espn.com/tennis/scoreboard/tournament/_/eventId/154-2026/competitionType/1,https://www.espn.com/tennis/scoreboard/tournament/_/eventId/154-2026/competitionType/1/date/20260127
2026-01-27,Australian Open,F,Quarterfinal - Rod Laver Arena,Lorenzo Musetti,Novak Djokovic,6 6 1 4 || 4 3 3 RET,https://www.espn.com/tennis/scoreboard/tournament/_/eventId/154-2026/competitionType/1,https://www.espn.com/tennis/scoreboard/tournament/_/eventId/154-2026/competitionType/1/date/20260127
2026-01-28,Australian Open,F,Quarterfinal,Jannik Sinner,Ben Shelton,3 4 4 2 || 6 6 6,https://www.espn.com/tennis/scoreboard/tournament/_/eventId/154-2026/competitionType/1,https://www.espn.com/tennis/scoreboard/tournament/_/eventId/154-2026/competitionType/1/date/20260128
2026-01-29,Australian Open,F,Semifinal,Carlos Alcaraz,Alexander Zverev,6 7 7 6 3 6 4 7 3 || 4 6 5 7 7 7 7 5,https://www.espn.com/tennis/scoreboard/tournament/_/eventId/154-2026/competitionType/1,https://www.espn.com/tennis/scoreboard/tournament/_/eventId/154-2026/competitionType/1/date/20260129
2026-01-30,Australian Open,F,Semifinal,Novak Djokovic,Jannik Sinner,3 6 4 6 6 2 || 6 3 6 4 4,https://www.espn.com/tennis/scoreboard/tournament/_/eventId/154-2026/competitionType/1,https://www.espn.com/tennis/scoreboard/tournament/_/eventId/154-2026/competitionType/1/date/20260130
2026-02-01,Australian Open,,,Carlos Alcaraz,Novak Djokovic,2 6 6 7 4 || 6 2 3 5,https://www.espn.com/tennis/scoreboard/tournament/_/eventId/154-2026/competitionType/1,https://www.espn.com/tennis/scoreboard/tournament/_/eventId/154-2026/competitionType/1/date/20260201
2026-02-01,Open Occitanie,Q1,Qualifying 1st Round,Andrea Vavassori,Roberto Carballes Baena,6 8 4 || 7 10 6,https://www.espn.com/tennis/scoreboard/tournament/_/eventId/29-2026/competitionType/1,https://www.espn.com/tennis/scoreboard/tournament/_/eventId/29-2026/competitionType/1/date/20260201
2026-02-01,Open Occitanie,Q1,Qualifying 1st Round - Court 1,Hugo Grenier,Geoffrey Blancaneaux,6 3 6 4 || 3 6 7 7,https://www.espn.com/tennis/scoreboard/tournament/_/eventId/29-2026/competitionType/1,https://www.espn.com/tennis/scoreboard/tournament/_/eventId/29-2026/competitionType/1/date/20260201
2026-02-01,Open Occitanie,Q1,Qualifying 1st Round - Court Patrice Dominguez,Clement Tabur,Billy Harris,6 6 3 2 || 4 7 7 6,https://www.espn.com/tennis/scoreboard/tournament/_/eventId/29-2026/competitionType/1,https://www.espn.com/tennis/scoreboard/tournament/_/eventId/29-2026/competitionType/1/date/20260201
2026-02-01,Open Occitanie,Q1,Qualifying 1st Round - Court 1,Moise Kouame,Elias Ymer,6 4 7 || 4 6 5,https://www.espn.com/tennis/scoreboard/tournament/_/eventId/29-2026/competitionType/1,https://www.espn.com/tennis/scoreboard/tournament/_/eventId/29-2026/competitionType/1/date/20260201
2026-02-01,Open Occitanie,Q1,Qualifying 1st Round - Court Patrice Dominguez,Ugo Blanchet,Bernabe Zapata Miralles,6 6 || 2 0,https://www.espn.com/tennis/scoreboard/tournament/_/eventId/29-2026/competitionType/1,https://www.espn.com/tennis/scoreboard/tournament/_/eventId/29-2026/competitionType/1/date/20260201
2026-02-01,Open Occitanie,Q1,Qualifying 1st Round - Court 1,Clement Chidekh,Martin Landaluce,4 6 5 || 6 3 7,https://www.espn.com/tennis/scoreboard/tournament/_/eventId/29-2026/competitionType/1,https://www.espn.com/tennis/scoreboard/tournament/_/eventId/29-2026/competitionType/1/date/20260201
2026-02-01,Open Occitanie,Q1,Qualifying 1st Round - Court Patrice Dominguez,Martin Damm,Matteo Martineau,6 7 4 || 7 9 6,https://www.espn.com/tennis/scoreboard/tournament/_/eventId/29-2026/competitionType/1,https://www.espn.com/tennis/scoreboard/tournament/_/eventId/29-2026/competitionType/1/date/20260201
2026-02-01,Open Occitanie,Q1,Qualifying 1st Round - Court 1,Titouan Droguet,Robin Bertrand,1 2 || 6 6,https://www.espn.com/tennis/scoreboard/tournament/_/eventId/29-2026/competitionType/1,https://www.espn.com/tennis/scoreboard/tournament/_/eventId/29-2026/competitionType/1/date/20260201
2026-02-02,Open Occitanie,,,Moise Kouame,Clement Chidekh,5 7 8 3 || 7 6 6 6,https://www.espn.com/tennis/scoreboard/tournament/_/eventId/29-2026/competitionType/1,https://www.espn.com/tennis/scoreboard/tournament/_/eventId/29-2026/competitionType/1/date/20260202
2026-02-02,Open Occitanie,,,Andrea Vavassori,Hugo Grenier,6 7 7 || 3 6 1,https://www.espn.com/tennis/scoreboard/tournament/_/eventId/29-2026/competitionType/1,https://www.espn.com/tennis/scoreboard/tournament/_/eventId/29-2026/competitionType/1/date/20260202
2026-02-02,Open Occitanie,,,Titouan Droguet,Ugo Blanchet,6 6 4 2 || 4 7 7 6,https://www.espn.com/tennis/scoreboard/tournament/_/eventId/29-2026/competitionType/1,https://www.espn.com/tennis/scoreboard/tournament/_/eventId/29-2026/competitionType/1/date/20260202
2026-02-02,Open Occitanie,,,Martin Damm,Clement Tabur,6 5 7 7 6 8 || 7 7 6 3 7 10,https://www.espn.com/tennis/scoreboard/tournament/_/eventId/29-2026/competitionType/1,https://www.espn.com/tennis/scoreboard/tournament/_/eventId/29-2026/competitionType/1/date/20260202
2026-02-02,Open Occitanie,,,Roberto Bautista Agut,Christopher O'Connell,5 6 7 || 7 3 5,https://www.espn.com/tennis/scoreboard/tournament/_/eventId/29-2026/competitionType/1,https://www.espn.com/tennis/scoreboard/tournament/_/eventId/29-2026/competitionType/1/date/20260202
2026-02-02,Open Occitanie,,,Arthur Gea,Giovanni Mpetshi Perricard,6 || 3 RET,https://www.espn.com/tennis/scoreboard/tournament/_/eventId/29-2026/competitionType/1,https://www.espn.com/tennis/scoreboard/tournament/_/eventId/29-2026/competitionType/1/date/20260202
2026-02-02,Open Occitanie,,,Adrian Mannarino,Pedro Martinez,6 3 1 || 7 7 6,https://www.espn.com/tennis/scoreboard/tournament/_/eventId/29-2026/competitionType/1,https://www.espn.com/tennis/scoreboard/tournament/_/eventId/29-2026/competitionType/1/date/20260202
2026-02-03,Open Occitanie,,,Ugo Humbert,Botic Van De Zandschulp,6 6 || 3 4,https://www.espn.com/tennis/scoreboard/tournament/_/eventId/29-2026/competitionType/1,https://www.espn.com/tennis/scoreboard/tournament/_/eventId/29-2026/competitionType/1/date/20260203
2026-02-03,Open Occitanie,,,Arthur Fils,Valentin Royer,6 7 7 7 2 6 || 7 9 6 4 6,https://www.espn.com/tennis/scoreboard/tournament/_/eventId/29-2026/competitionType/1,https://www.espn.com/tennis/scoreboard/tournament/_/eventId/29-2026/competitionType/1/date/20260203
2026-02-03,Open Occitanie,,,Martin Damm,Hubert Hurkacz,6 5 4 || 7 7 6,https://www.espn.com/tennis/scoreboard/tournament/_/eventId/29-2026/competitionType/1,https://www.espn.com/tennis/scoreboard/tournament/_/eventId/29-2026/competitionType/1/date/20260203
2026-02-03,Open Occitanie,,,Ugo Blanchet,Andrea Vavassori,4 3 || 6 6,https://www.espn.com/tennis/scoreboard/tournament/_/eventId/29-2026/competitionType/1,https://www.espn.com/tennis/scoreboard/tournament/_/eventId/29-2026/competitionType/1/date/20260203
2026-02-03,Open Occitanie,,,Titouan Droguet,Jan Choinski,6 7 7 || 2 6 2,https://www.espn.com/tennis/scoreboard/tournament/_/eventId/29-2026/competitionType/1,https://www.espn.com/tennis/scoreboard/tournament/_/eventId/29-2026/competitionType/1/date/20260203
2026-02-03,Open Occitanie,,,Pablo Carreno Busta,Miomir Kecmanovic,6 3 6 4 || 4 6 7 7,https://www.espn.com/tennis/scoreboard/tournament/_/eventId/29-2026/competitionType/1,https://www.espn.com/tennis/scoreboard/tournament/_/eventId/29-2026/competitionType/1/date/20260203
2026-02-04,Open Occitanie,,,Moise Kouame,Aleksandar Kovacevic,7 7 2 2 8 || 6 5 6 6,https://www.espn.com/tennis/scoreboard/tournament/_/eventId/29-2026/competitionType/1,https://www.espn.com/tennis/scoreboard/tournament/_/eventId/29-2026/competitionType/1/date/20260204
2026-02-04,Open Occitanie,,,Stan Wawrinka,Hamad Medjedovic,6 3 4 || 7 7 6,https://www.espn.com/tennis/scoreboard/tournament/_/eventId/29-2026/competitionType/1,https://www.espn.com/tennis/scoreboard/tournament/_/eventId/29-2026/competitionType/1/date/20260204
2026-02-04,Open Occitanie,,,Luca Nardi,Nikoloz Basilashvili,3 3 || 6 6,https://www.espn.com/tennis/scoreboard/tournament/_/eventId/29-2026/competitionType/1,https://www.espn.com/tennis/scoreboard/tournament/_/eventId/29-2026/competitionType/1/date/20260204
2026-02-04,Open Occitanie,,,Arthur Gea,Tomas Machac,6 4 3 || 3 5 RET,https://www.espn.com/tennis/scoreboard/tournament/_/eventId/29-2026/competitionType/1,https://www.espn.com/tennis/scoreboard/tournament/_/eventId/29-2026/competitionType/1/date/20260204
2026-02-04,Open Occitanie,,,Adrian Mannarino,Ugo Humbert,7 7 3 6 4 || 6 4 6 7 7,https://www.espn.com/tennis/scoreboard/tournament/_/eventId/29-2026/competitionType/1,https://www.espn.com/tennis/scoreboard/tournament/_/eventId/29-2026/competitionType/1/date/20260204
2026-02-04,Open Occitanie,,,Martin Damm,Roberto Bautista Agut,6 6 || 1 3,https://www.espn.com/tennis/scoreboard/tournament/_/eventId/29-2026/competitionType/1,https://www.espn.com/tennis/scoreboard/tournament/_/eventId/29-2026/competitionType/1/date/20260204
2026-02-05,Open Occitanie,,,Felix Auger-Aliassime,Stan Wawrinka,6 7 7 || 4 6 3,https://www.espn.com/tennis/scoreboard/tournament/_/eventId/29-2026/competitionType/1,https://www.espn.com/tennis/scoreboard/tournament/_/eventId/29-2026/competitionType/1/date/20260205
2026-02-05,Open Occitanie,,,Luca Nardi,Flavio Cobolli,6 6 2 || 2 3,https://www.espn.com/tennis/scoreboard/tournament/_/eventId/29-2026/competitionType/1,https://www.espn.com/tennis/scoreboard/tournament/_/eventId/29-2026/competitionType/1/date/20260205
2026-02-05,Open Occitanie,,,Tallon Griekspoor,Pablo Carreno Busta,6 6 || 4 4,https://www.espn.com/tennis/scoreboard/tournament/_/eventId/29-2026/competitionType/1,https://www.espn.com/tennis/scoreboard/tournament/_/eventId/29-2026/competitionType/1/date/20260205
2026-02-05,Open Occitanie,,,Arthur Fils,Ugo Blanchet,6 4 5 6 || 7 7 7,https://www.espn.com/tennis/scoreboard/tournament/_/eventId/29-2026/competitionType/1,https://www.espn.com/tennis/scoreboard/tournament/_/eventId/29-2026/competitionType/1/date/20260205
2026-02-05,Open Occitanie,,,Titouan Droguet,Aleksandar Kovacevic,4 7 7 6 8 || 6 6 5 4,https://www.espn.com/tennis/scoreboard/tournament/_/eventId/29-2026/competitionType/1,https://www.espn.com/tennis/scoreboard/tournament/_/eventId/29-2026/competitionType/1/date/20260205
2026-02-06,Open Occitanie,F,Quarterfinal,Felix Auger-Aliassime,Arthur Fils,6 6 6 || 4 2,https://www.espn.com/tennis/scoreboard/tournament/_/eventId/29-2026/competitionType/1,https://www.espn.com/tennis/scoreboard/tournament/_/eventId/29-2026/competitionType/1/date/20260206
2026-02-06,Open Occitanie,F,Quarterfinal - Court Patrice Dominguez,Titouan Droguet,Tallon Griekspoor,6 5 6 1 || 7 7 7 7,https://www.espn.com/tennis/scoreboard/tournament/_/eventId/29-2026/competitionType/1,https://www.espn.com/tennis/scoreboard/tournament/_/eventId/29-2026/competitionType/1/date/20260206
2026-02-06,Open Occitanie,F,Quarterfinal - Court Patrice Dominguez,Martin Damm,Luca Nardi,6 7 10 || 3 6 8,https://www.espn.com/tennis/scoreboard/tournament/_/eventId/29-2026/competitionType/1,https://www.espn.com/tennis/scoreboard/tournament/_/eventId/29-2026/competitionType/1/date/20260206
2026-02-06,Open Occitanie,F,Quarterfinal - Court Patrice Dominguez,Adrian Mannarino,Arthur Gea,5 6 6 || 7 4 4,https://www.espn.com/tennis/scoreboard/tournament/_/eventId/29-2026/competitionType/1,https://www.espn.com/tennis/scoreboard/tournament/_/eventId/29-2026/competitionType/1/date/20260206
2026-02-07,Open Occitanie,F,Semifinal,Felix Auger-Aliassime,Titouan Droguet,6 6 5 6 || 4 7 7 1,https://www.espn.com/tennis/scoreboard/tournament/_/eventId/29-2026/competitionType/1,https://www.espn.com/tennis/scoreboard/tournament/_/eventId/29-2026/competitionType/1/date/20260207
2026-02-07,Open Occitanie,F,Semifinal - Court Patrice Dominguez,Adrian Mannarino,Martin Damm,1 6 6 || 6 3 4,https://www.espn.com/tennis/scoreboard/tournament/_/eventId/29-2026/competitionType/1,https://www.espn.com/tennis/scoreboard/tournament/_/eventId/29-2026/competitionType/1/date/20260207
2026-02-08,Open Occitanie,,,Felix Auger-Aliassime,Adrian Mannarino,6 7 7 || 3 6 4,https://www.espn.com/tennis/scoreboard/tournament/_/eventId/29-2026/competitionType/1,https://www.espn.com/tennis/scoreboard/tournament/_/eventId/29-2026/competitionType/1/date/20260208
2026-02-07,ABN Amro Open,Q1,Qualifying 1st Round,Hamad Medjedovic,Nikoloz Basilashvili,6 6 || 3 4,https://www.espn.com/tennis/scoreboard/tournament/_/eventId/4-2026/competitionType/1,https://www.espn.com/tennis/scoreboard/tournament/_/eventId/4-2026/competitionType/1/date/20260207
2026-02-07,ABN Amro Open,Q1,Qualifying 1st Round - Court 2,Roberto Carballes Baena,Pablo Carreno Busta,4 6 1 || 6 3 6,https://www.espn.com/tennis/scoreboard/tournament/_/eventId/4-2026/competitionType/1,https://www.espn.com/tennis/scoreboard/tournament/_/eventId/4-2026/competitionType/1/date/20260207
2026-02-07,ABN Amro Open,Q1,Qualifying 1st Round - Court 1,Luka Pavlovic,Billy Harris,6 6 || 4 3,https://www.espn.com/tennis/scoreboard/tournament/_/eventId/4-2026/competitionType/1,https://www.espn.com/tennis/scoreboard/tournament/_/eventId/4-2026/competitionType/1/date/20260207
2026-02-07,ABN Amro Open,Q1,Qualifying 1st Round - Court 2,Mees Rottgering,Kyrian Jacquet,0 6 6 || 6 4 4,https://www.espn.com/tennis/scoreboard/tournament/_/eventId/4-2026/competitionType/1,https://www.espn.com/tennis/scoreboard/tournament/_/eventId/4-2026/competitionType/1/date/20260207
2026-02-07,ABN Amro Open,Q1,Qualifying 1st Round - Court 1,Thijs Boogaard,Kimmer Coppejans,6 6 6 2 || 3 7 8 6,https://www.espn.com/tennis/scoreboard/tournament/_/eventId/4-2026/competitionType/1,https://www.espn.com/tennis/scoreboard/tournament/_/eventId/4-2026/competitionType/1/date/20260207
2026-02-07,ABN Amro Open,Q1,Qualifying 1st Round - Court 2,Hugo Gaston,Alec Deckers,6 6 2 7 7 || 3 7 7 6 2,https://www.espn.com/tennis/scoreboard/tournament/_/eventId/4-2026/competitionType/1,https://www.espn.com/tennis/scoreboard/tournament/_/eventId/4-2026/competitionType/1/date/20260207
2026-02-07,ABN Amro Open,Q1,Qualifying 1st Round - Court 1,Hugo Grenier,Jan Choinski,7 6 || 5 2,https://www.espn.com/tennis/scoreboard/tournament/_/eventId/4-2026/competitionType/1,https://www.espn.com/tennis/scoreboard/tournament/_/eventId/4-2026/competitionType/1/date/20260207
2026-02-07,ABN Amro Open,Q1,Qualifying 1st Round - Court 2,Christopher O'Connell,Vitaliy Sachko,3 5 || 6 7,https://www.espn.com/tennis/scoreboard/tournament/_/eventId/4-2026/competitionType/1,https://www.espn.com/tennis/scoreboard/tournament/_/eventId/4-2026/competitionType/1/date/20260207
2026-02-08,ABN Amro Open,,,Luka Pavlovic,Hamad Medjedovic,6 5 6 6 8 || 7 7 3 7 10,https://www.espn.com/tennis/scoreboard/tournament/_/eventId/4-2026/competitionType/1,https://www.espn.com/tennis/scoreboard/tournament/_/eventId/4-2026/competitionType/1/date/20260208
2026-02-08,ABN Amro Open,,,Mees Rottgering,Roberto Carballes Baena,6 3 7 10 3 || 7 7 6 8 6,https://www.espn.com/tennis/scoreboard/tournament/_/eventId/4-2026/competitionType/1,https://www.espn.com/tennis/scoreboard/tournament/_/eventId/4-2026/competitionType/1/date/20260208
2026-02-08,ABN Amro Open,,,Hugo Grenier,Thijs Boogaard,6 6 3 4 || 2 7 7 6,https://www.espn.com/tennis/scoreboard/tournament/_/eventId/4-2026/competitionType/1,https://www.espn.com/tennis/scoreboard/tournament/_/eventId/4-2026/competitionType/1/date/20260208
2026-02-08,ABN Amro Open,,,Christopher O'Connell,Hugo Gaston,2 3 || 6 6,https://www.espn.com/tennis/scoreboard/tournament/_/eventId/4-2026/competitionType/1,https://www.espn.com/tennis/scoreboard/tournament/_/eventId/4-2026/competitionType/1/date/20260208
2026-02-09,ABN Amro Open,,,Ugo Humbert,Daniil Medvedev,6 4 6 3 || 7 7 3 6,https://www.espn.com/tennis/scoreboard/tournament/_/eventId/4-2026/competitionType/1,https://www.espn.com/tennis/scoreboard/tournament/_/eventId/4-2026/competitionType/1/date/20260209
2026-02-09,ABN Amro Open,,,Cameron Norrie,Roberto Bautista Agut,6 3 1 6 || 7 7 6,https://www.espn.com/tennis/scoreboard/tournament/_/eventId/4-2026/competitionType/1,https://www.espn.com/tennis/scoreboard/tournament/_/eventId/4-2026/competitionType/1/date/20260209
2026-02-09,ABN Amro Open,,,Jaume Munar,Nicolai Budkov Kjaer,1 3 || 6 6,https://www.espn.com/tennis/scoreboard/tournament/_/eventId/4-2026/competitionType/1,https://www.espn.com/tennis/scoreboard/tournament/_/eventId/4-2026/competitionType/1/date/20260209
2026-02-09,ABN Amro Open,,,Botic Van De Zandschulp,Luka Pavlovic,6 5 3 || 7 7 6,https://www.espn.com/tennis/scoreboard/tournament/_/eventId/4-2026/competitionType/1,https://www.espn.com/tennis/scoreboard/tournament/_/eventId/4-2026/competitionType/1/date/20260209
2026-02-09,ABN Amro Open,,,Christopher O'Connell,Valentin Royer,4 6 6 4 || 6 4 7 7,https://www.espn.com/tennis/scoreboard/tournament/_/eventId/4-2026/competitionType/1,https://www.espn.com/tennis/scoreboard/tournament/_/eventId/4-2026/competitionType/1/date/20260209
2026-02-10,ABN Amro Open,,,Alex de Minaur,Arthur Fils,7 7 6 || 6 3 2,https://www.espn.com/tennis/scoreboard/tournament/_/eventId/4-2026/competitionType/1,https://www.espn.com/tennis/scoreboard/tournament/_/eventId/4-2026/competitionType/1/date/20260210
2026-02-10,ABN Amro Open,,,Tallon Griekspoor,Giovanni Mpetshi Perricard,6 6 || 4 4,https://www.espn.com/tennis/scoreboard/tournament/_/eventId/4-2026/competitionType/1,https://www.espn.com/tennis/scoreboard/tournament/_/eventId/4-2026/competitionType/1/date/20260210
2026-02-10,ABN Amro Open,,,Hamad Medjedovic,Zizou Bergs,6 5 6 5 || 7 7 7 7,https://www.espn.com/tennis/scoreboard/tournament/_/eventId/4-2026/competitionType/1,https://www.espn.com/tennis/scoreboard/tournament/_/eventId/4-2026/competitionType/1/date/20260210
2026-02-10,ABN Amro Open,,,Jan-Lennard Struff,Hugo Grenier,0 4 || 6 6,https://www.espn.com/tennis/scoreboard/tournament/_/eventId/4-2026/competitionType/1,https://www.espn.com/tennis/scoreboard/tournament/_/eventId/4-2026/competitionType/1/date/20260210
2026-02-10,ABN Amro Open,,,Quentin Halys,Mees Rottgering,3 6 6 || 6 1 1,https://www.espn.com/tennis/scoreboard/tournament/_/eventId/4-2026/competitionType/1,https://www.espn.com/tennis/scoreboard/tournament/_/eventId/4-2026/competitionType/1/date/20260210
2026-02-11,ABN Amro Open,,,Felix Auger-Aliassime,Alexei Popyrin,5 3 2 || 7 6,https://www.espn.com/tennis/scoreboard/tournament/_/eventId/4-2026/competitionType/1,https://www.espn.com/tennis/scoreboard/tournament/_/eventId/4-2026/competitionType/1/date/20260211
2026-02-11,ABN Amro Open,,,Alexander Bublik,Hubert Hurkacz,7 7 6 1 5 3 || 6 2 7 7 7,https://www.espn.com/tennis/scoreboard/tournament/_/eventId/4-2026/competitionType/1,https://www.espn.com/tennis/scoreboard/tournament/_/eventId/4-2026/competitionType/1/date/20260211
2026-02-11,ABN Amro Open,,,Karen Khachanov,Jesper de Jong,3 6 7 || 6 4 5,https://www.espn.com/tennis/scoreboard/tournament/_/eventId/4-2026/competitionType/1,https://www.espn.com/tennis/scoreboard/tournament/_/eventId/4-2026/competitionType/1/date/20260211
2026-02-11,ABN Amro Open,,,Stefanos Tsitsipas,Arthur Rinderknech,7 6 8 || 5 3,https://www.espn.com/tennis/scoreboard/tournament/_/eventId/4-2026/competitionType/1,https://www.espn.com/tennis/scoreboard/tournament/_/eventId/4-2026/competitionType/1/date/20260211
2026-02-11,ABN Amro Open,,,Guy Den Ouden,Marton Fucsovics,7 7 6 || 6 5 1,https://www.espn.com/tennis/scoreboard/tournament/_/eventId/4-2026/competitionType/1,https://www.espn.com/tennis/scoreboard/tournament/_/eventId/4-2026/competitionType/1/date/20260211
2026-02-11,ABN Amro Open,,,Stan Wawrinka,Thijs Boogaard,3 4 || 6 6,https://www.espn.com/tennis/scoreboard/tournament/_/eventId/4-2026/competitionType/1,https://www.espn.com/tennis/scoreboard/tournament/_/eventId/4-2026/competitionType/1/date/20260211
2026-02-11,ABN Amro Open,,,Christopher O'Connell,Cameron Norrie,7 11 6 6 || 6 9 4,https://www.espn.com/tennis/scoreboard/tournament/_/eventId/4-2026/competitionType/1,https://www.espn.com/tennis/scoreboard/tournament/_/eventId/4-2026/competitionType/1/date/20260211
2026-02-11,ABN Amro Open,,,Tallon Griekspoor,Quentin Halys,7 7 13 || 5 6 11,https://www.espn.com/tennis/scoreboard/tournament/_/eventId/4-2026/competitionType/1,https://www.espn.com/tennis/scoreboard/tournament/_/eventId/4-2026/competitionType/1/date/20260211
2026-02-12,ABN Amro Open,,,Alex de Minaur,Stan Wawrinka,6 6 || 4 2,https://www.espn.com/tennis/scoreboard/tournament/_/eventId/4-2026/competitionType/1,https://www.espn.com/tennis/scoreboard/tournament/_/eventId/4-2026/competitionType/1/date/20260212
2026-02-12,ABN Amro Open,,,Felix Auger-Aliassime,Hamad Medjedovic,4 4 2 || 6 6,https://www.espn.com/tennis/scoreboard/tournament/_/eventId/4-2026/competitionType/1,https://www.espn.com/tennis/scoreboard/tournament/_/eventId/4-2026/competitionType/1/date/20260212
2026-02-12,ABN Amro Open,,,Alexander Bublik,Jan-Lennard Struff,6 2 6 3 3 || 7 7 4 6,https://www.espn.com/tennis/scoreboard/tournament/_/eventId/4-2026/competitionType/1,https://www.espn.com/tennis/scoreboard/tournament/_/eventId/4-2026/competitionType/1/date/20260212
2026-02-12,ABN Amro Open,,,Jaume Munar,Karen Khachanov,6 8 6 3 || 7 10 3 6,https://www.espn.com/tennis/scoreboard/tournament/_/eventId/4-2026/competitionType/1,https://www.espn.com/tennis/scoreboard/tournament/_/eventId/4-2026/competitionType/1/date/20260212
2026-02-12,ABN Amro Open,,,Botic Van De Zandschulp,Stefanos Tsitsipas,6 7 7 || 4 6 4,https://www.espn.com/tennis/scoreboard/tournament/_/eventId/4-2026/competitionType/1,https://www.espn.com/tennis/scoreboard/tournament/_/eventId/4-2026/competitionType/1/date/20260212
2026-02-12,ABN Amro Open,,,Ugo Humbert,Guy Den Ouden,6 6 || 4 3,https://www.espn.com/tennis/scoreboard/tournament/_/eventId/4-2026/competitionType/1,https://www.espn.com/tennis/scoreboard/tournament/_/eventId/4-2026/competitionType/1/date/20260212
2026-02-13,ABN Amro Open,F,Quarterfinal,Alex de Minaur,Botic Van De Zandschulp,3 7 7 7 || 6 6 4 5,https://www.espn.com/tennis/scoreboard/tournament/_/eventId/4-2026/competitionType/1,https://www.espn.com/tennis/scoreboard/tournament/_/eventId/4-2026/competitionType/1/date/20260213
2026-02-13,ABN Amro Open,F,Quarterfinal - Centre Court,Felix Auger-Aliassime,Tallon Griekspoor,6 2 2 2 || 7 7 6,https://www.espn.com/tennis/scoreboard/tournament/_/eventId/4-2026/competitionType/1,https://www.espn.com/tennis/scoreboard/tournament/_/eventId/4-2026/competitionType/1/date/20260213
2026-02-13,ABN Amro Open,F,Quarterfinal - Centre Court,Alexander Bublik,Jaume Munar,4 7 7 6 3 3 || 6 6 4 7 7,https://www.espn.com/tennis/scoreboard/tournament/_/eventId/4-2026/competitionType/1,https://www.espn.com/tennis/scoreboard/tournament/_/eventId/4-2026/competitionType/1/date/20260213
2026-02-13,ABN Amro Open,F,Quarterfinal - Centre Court,Ugo Humbert,Christopher O'Connell,6 6 || 4 1,https://www.espn.com/tennis/scoreboard/tournament/_/eventId/4-2026/competitionType/1,https://www.espn.com/tennis/scoreboard/tournament/_/eventId/4-2026/competitionType/1/date/20260213
2026-02-14,ABN Amro Open,F,Semifinal,Alex de Minaur,Ugo Humbert,6 6 || 4 3,https://www.espn.com/tennis/scoreboard/tournament/_/eventId/4-2026/competitionType/1,https://www.espn.com/tennis/scoreboard/tournament/_/eventId/4-2026/competitionType/1/date/20260214
2026-02-14,ABN Amro Open,F,Semifinal - Centre Court,Felix Auger-Aliassime,Alexander Bublik,1 2 2 || 6 6,https://www.espn.com/tennis/scoreboard/tournament/_/eventId/4-2026/competitionType/1,https://www.espn.com/tennis/scoreboard/tournament/_/eventId/4-2026/competitionType/1/date/20260214
2026-02-15,ABN Amro Open,,,Alex de Minaur,Felix Auger-Aliassime,6 6 2 || 3 2,https://www.espn.com/tennis/scoreboard/tournament/_/eventId/4-2026/competitionType/1,https://www.espn.com/tennis/scoreboard/tournament/_/eventId/4-2026/competitionType/1/date/20260215
2026-02-07,IEB+ Argentina Open,Q1,Qualifying 1st Round,Andrea Pellegrino,Juan Manuel La Serna,6 6 || 1 3,https://www.espn.com/tennis/scoreboard/tournament/_/eventId/299-2026/competitionType/1,https://www.espn.com/tennis/scoreboard/tournament/_/eventId/299-2026/competitionType/1/date/20260207
2026-02-07,IEB+ Argentina Open,Q1,Qualifying 1st Round - Estadio 2,Hugo Dellien,Genaro Alberto Olivieri,6 6 || 1 4,https://www.espn.com/tennis/scoreboard/tournament/_/eventId/299-2026/competitionType/1,https://www.espn.com/tennis/scoreboard/tournament/_/eventId/299-2026/competitionType/1/date/20260207
2026-02-07,IEB+ Argentina Open,Q1,Qualifying 1st Round - Cancha Guillermo Vilas,Thiago Monteiro,Franco Agamenone,4 0 || 6 6,https://www.espn.com/tennis/scoreboard/tournament/_/eventId/299-2026/competitionType/1,https://www.espn.com/tennis/scoreboard/tournament/_/eventId/299-2026/competitionType/1/date/20260207
2026-02-07,IEB+ Argentina Open,Q1,Qualifying 1st Round - Estadio 3,Thiago Seyboth Wild,Andrea Collarini,6 8 7 7 4 || 7 10 6 4 6,https://www.espn.com/tennis/scoreboard/tournament/_/eventId/299-2026/competitionType/1,https://www.espn.com/tennis/scoreboard/tournament/_/eventId/299-2026/competitionType/1/date/20260207
2026-02-07,IEB+ Argentina Open,Q1,Qualifying 1st Round - Cancha Guillermo Vilas,Lautaro Midon,Felipe Meligeni Alves,6 6 || 2 2,https://www.espn.com/tennis/scoreboard/tournament/_/eventId/299-2026/competitionType/1,https://www.espn.com/tennis/scoreboard/tournament/_/eventId/299-2026/competitionType/1/date/20260207
2026-02-07,IEB+ Argentina Open,Q1,Qualifying 1st Round - Estadio 2,Francesco Passaro,Nicolas Kicker,6 6 || 3 3,https://www.espn.com/tennis/scoreboard/tournament/_/eventId/299-2026/competitionType/1,https://www.espn.com/tennis/scoreboard/tournament/_/eventId/299-2026/competitionType/1/date/20260207
2026-02-07,IEB+ Argentina Open,Q1,Qualifying 1st Round - Estadio 3,Marco Cecchinato,Santiago Rodriguez Taverna,3 3 || 6 6,https://www.espn.com/tennis/scoreboard/tournament/_/eventId/299-2026/competitionType/1,https://www.espn.com/tennis/scoreboard/tournament/_/eventId/299-2026/competitionType/1/date/20260207
2026-02-07,IEB+ Argentina Open,Q1,Qualifying 1st Round - Cancha Guillermo Vilas,Daniel Elahi Galan,Juan Bautista Torres,6 7 7 || 2 6 4,https://www.espn.com/tennis/scoreboard/tournament/_/eventId/299-2026/competitionType/1,https://www.espn.com/tennis/scoreboard/tournament/_/eventId/299-2026/competitionType/1/date/20260207
2026-02-08,IEB+ Argentina Open,,,Hugo Dellien,Thiago Monteiro,6 6 || 1 3,https://www.espn.com/tennis/scoreboard/tournament/_/eventId/299-2026/competitionType/1,https://www.espn.com/tennis/scoreboard/tournament/_/eventId/299-2026/competitionType/1/date/20260208
2026-02-08,IEB+ Argentina Open,,,Andrea Pellegrino,Thiago Seyboth Wild,7 11 6 || 6 9 1,https://www.espn.com/tennis/scoreboard/tournament/_/eventId/299-2026/competitionType/1,https://www.espn.com/tennis/scoreboard/tournament/_/eventId/299-2026/competitionType/1/date/20260208
2026-02-08,IEB+ Argentina Open,,,Lautaro Midon,Daniel Elahi Galan,4 6 3 || 6 4 6,https://www.espn.com/tennis/scoreboard/tournament/_/eventId/299-2026/competitionType/1,https://www.espn.com/tennis/scoreboard/tournament/_/eventId/299-2026/competitionType/1/date/20260208
2026-02-08,IEB+ Argentina Open,,,Francesco Passaro,Marco Cecchinato,5 6 6 || 7 4 2,https://www.espn.com/tennis/scoreboard/tournament/_/eventId/299-2026/competitionType/1,https://www.espn.com/tennis/scoreboard/tournament/_/eventId/299-2026/competitionType/1/date/20260208
2026-02-09,IEB+ Argentina Open,,,Tomas Martin Etcheverry,Andrea Pellegrino,3 4 7 || 6 6,https://www.espn.com/tennis/scoreboard/tournament/_/eventId/299-2026/competitionType/1,https://www.espn.com/tennis/scoreboard/tournament/_/eventId/299-2026/competitionType/1/date/20260209
2026-02-09,IEB+ Argentina Open,,,Vit Kopriva,Alex Barrena,4 6 4 || 6 3 6,https://www.espn.com/tennis/scoreboard/tournament/_/eventId/299-2026/competitionType/1,https://www.espn.com/tennis/scoreboard/tournament/_/eventId/299-2026/competitionType/1/date/20260209
2026-02-09,IEB+ Argentina Open,,,Pedro Martinez,Lautaro Midon,4 1 || 6 6,https://www.espn.com/tennis/scoreboard/tournament/_/eventId/299-2026/competitionType/1,https://www.espn.com/tennis/scoreboard/tournament/_/eventId/299-2026/competitionType/1/date/20260209
2026-02-09,IEB+ Argentina Open,,,Hugo Dellien,Damir Dzumhur,4 1 || 6 6,https://www.espn.com/tennis/scoreboard/tournament/_/eventId/299-2026/competitionType/1,https://www.espn.com/tennis/scoreboard/tournament/_/eventId/299-2026/competitionType/1/date/20260209
2026-02-10,IEB+ Argentina Open,,,Juan Manuel Cerundolo,Daniel Altmaier,2 2 || 6 6,https://www.espn.com/tennis/scoreboard/tournament/_/eventId/299-2026/competitionType/1,https://www.espn.com/tennis/scoreboard/tournament/_/eventId/299-2026/competitionType/1/date/20260210
2026-02-10,IEB+ Argentina Open,,,Camilo Ugo Carabelli,Francisco Comesana,6 7 7 || 4 6 3,https://www.espn.com/tennis/scoreboard/tournament/_/eventId/299-2026/competitionType/1,https://www.espn.com/tennis/scoreboard/tournament/_/eventId/299-2026/competitionType/1/date/20260210
2026-02-10,IEB+ Argentina Open,,,Matteo Berrettini,Federico Coria,5 5 8 || 7 7,https://www.espn.com/tennis/scoreboard/tournament/_/eventId/299-2026/competitionType/1,https://www.espn.com/tennis/scoreboard/tournament/_/eventId/299-2026/competitionType/1/date/20260210
2026-02-10,IEB+ Argentina Open,,,Ignacio Buse,Francesco Passaro,5 7 6 || 7 5 4,https://www.espn.com/tennis/scoreboard/tournament/_/eventId/299-2026/competitionType/1,https://www.espn.com/tennis/scoreboard/tournament/_/eventId/299-2026/competitionType/1/date/20260210
2026-02-10,IEB+ Argentina Open,,,Roman Andres Burruchaga,Laslo Djere,6 6 || 2 4,https://www.espn.com/tennis/scoreboard/tournament/_/eventId/299-2026/competitionType/1,https://www.espn.com/tennis/scoreboard/tournament/_/eventId/299-2026/competitionType/1/date/20260210
2026-02-10,IEB+ Argentina Open,,,Alejandro Tabilo,Facundo Diaz Acosta,6 5 3 || 7 7 6,https://www.espn.com/tennis/scoreboard/tournament/_/eventId/299-2026/competitionType/1,https://www.espn.com/tennis/scoreboard/tournament/_/eventId/299-2026/competitionType/1/date/20260210
2026-02-10,IEB+ Argentina Open,,,Thiago Seyboth Wild,Tomas Barrios Vera,4 6 || 6 5 RET,https://www.espn.com/tennis/scoreboard/tournament/_/eventId/299-2026/competitionType/1,https://www.espn.com/tennis/scoreboard/tournament/_/eventId/299-2026/competitionType/1/date/20260210
2026-02-11,IEB+ Argentina Open,,,Francisco Cerundolo,Hugo Dellien,6 7 8 || 0 6 6,https://www.espn.com/tennis/scoreboard/tournament/_/eventId/299-2026/competitionType/1,https://www.espn.com/tennis/scoreboard/tournament/_/eventId/299-2026/competitionType/1/date/20260211
2026-02-11,IEB+ Argentina Open,,,Alejandro Tabilo,Joao Fonseca,3 6 5 || 6 3 7,https://www.espn.com/tennis/scoreboard/tournament/_/eventId/299-2026/competitionType/1,https://www.espn.com/tennis/scoreboard/tournament/_/eventId/299-2026/competitionType/1/date/20260211
2026-02-11,IEB+ Argentina Open,,,Tomas Martin Etcheverry,Roman Andres Burruchaga,6 5 7 7 4 7 || 7 7 6 3 6,https://www.espn.com/tennis/scoreboard/tournament/_/eventId/299-2026/competitionType/1,https://www.espn.com/tennis/scoreboard/tournament/_/eventId/299-2026/competitionType/1/date/20260211
2026-02-11,IEB+ Argentina Open,,,Vit Kopriva,Matteo Berrettini,6 6 8 || 4 3,https://www.espn.com/tennis/scoreboard/tournament/_/eventId/299-2026/competitionType/1,https://www.espn.com/tennis/scoreboard/tournament/_/eventId/299-2026/competitionType/1/date/20260211
2026-02-11,IEB+ Argentina Open,,,Mariano Navone,Emilio Nava,6 6 || 2 1,https://www.espn.com/tennis/scoreboard/tournament/_/eventId/299-2026/competitionType/1,https://www.espn.com/tennis/scoreboard/tournament/_/eventId/299-2026/competitionType/1/date/20260211
2026-02-12,IEB+ Argentina Open,,,Luciano Darderi,Tomas Barrios Vera,1 3 2 || 6 6,https://www.espn.com/tennis/scoreboard/tournament/_/eventId/299-2026/competitionType/1,https://www.espn.com/tennis/scoreboard/tournament/_/eventId/299-2026/competitionType/1/date/20260212
2026-02-12,IEB+ Argentina Open,,,Sebastian Baez,Ignacio Buse,4 3 4 || 6 6,https://www.espn.com/tennis/scoreboard/tournament/_/eventId/299-2026/competitionType/1,https://www.espn.com/tennis/scoreboard/tournament/_/eventId/299-2026/competitionType/1/date/20260212
2026-02-12,IEB+ Argentina Open,,,Camilo Ugo Carabelli,Mariano Navone,6 7 || 2 5,https://www.espn.com/tennis/scoreboard/tournament/_/eventId/299-2026/competitionType/1,https://www.espn.com/tennis/scoreboard/tournament/_/eventId/299-2026/competitionType/1/date/20260212
2026-02-12,IEB+ Argentina Open,,,Pedro Martinez,Juan Manuel Cerundolo,6 5 4 || 7 7 6,https://www.espn.com/tennis/scoreboard/tournament/_/eventId/299-2026/competitionType/1,https://www.espn.com/tennis/scoreboard/tournament/_/eventId/299-2026/competitionType/1/date/20260212
2026-02-13,IEB+ Argentina Open,F,Quarterfinal,Francisco Cerundolo,Vit Kopriva,6 6 || 4 3,https://www.espn.com/tennis/scoreboard/tournament/_/eventId/299-2026/competitionType/1,https://www.espn.com/tennis/scoreboard/tournament/_/eventId/299-2026/competitionType/1/date/20260213
2026-02-13,IEB+ Argentina Open,F,Quarterfinal - Cancha Guillermo Vilas,Luciano Darderi,Pedro Martinez,5 1 2 || 7 6,https://www.espn.com/tennis/scoreboard/tournament/_/eventId/299-2026/competitionType/1,https://www.espn.com/tennis/scoreboard/tournament/_/eventId/299-2026/competitionType/1/date/20260213
2026-02-13,IEB+ Argentina Open,F,Quarterfinal - Cancha Guillermo Vilas,Sebastian Baez,Camilo Ugo Carabelli,6 5 2 4 || 7 7 6,https://www.espn.com/tennis/scoreboard/tournament/_/eventId/299-2026/competitionType/1,https://www.espn.com/tennis/scoreboard/tournament/_/eventId/299-2026/competitionType/1/date/20260213
2026-02-13,IEB+ Argentina Open,F,Quarterfinal - Cancha Guillermo Vilas,Tomas Martin Etcheverry,Alejandro Tabilo,6 3 4 7 || 1 6 6,https://www.espn.com/tennis/scoreboard/tournament/_/eventId/299-2026/competitionType/1,https://www.espn.com/tennis/scoreboard/tournament/_/eventId/299-2026/competitionType/1/date/20260213
2026-02-14,IEB+ Argentina Open,F,Semifinal,Francisco Cerundolo,Tomas Martin Etcheverry,6 7 7 || 3 5,https://www.espn.com/tennis/scoreboard/tournament/_/eventId/299-2026/competitionType/1,https://www.espn.com/tennis/scoreboard/tournament/_/eventId/299-2026/competitionType/1/date/20260214
2026-02-14,IEB+ Argentina Open,F,Semifinal - Cancha Guillermo Vilas,Luciano Darderi,Sebastian Baez,6 2 1 2 || 7 7 6,https://www.espn.com/tennis/scoreboard/tournament/_/eventId/299-2026/competitionType/1,https://www.espn.com/tennis/scoreboard/tournament/_/eventId/299-2026/competitionType/1/date/20260214
2026-02-15,IEB+ Argentina Open,,,Francisco Cerundolo,Luciano Darderi,6 6 2 || 4 2,https://www.espn.com/tennis/scoreboard/tournament/_/eventId/299-2026/competitionType/1,https://www.espn.com/tennis/scoreboard/tournament/_/eventId/299-2026/competitionType/1/date/20260215
2026-02-07,Nexo Dallas Open,Q1,Qualifying 1st Round,Rafael Jodar,Mitchell Krueger,6 6 || 3 2,https://www.espn.com/tennis/scoreboard/tournament/_/eventId/836-2026/competitionType/1,https://www.espn.com/tennis/scoreboard/tournament/_/eventId/836-2026/competitionType/1/date/20260207
2026-02-07,Nexo Dallas Open,Q1,Qualifying 1st Round - Center Court,Murphy Cassone,Alex Rybakov,2 3 || 6 6,https://www.espn.com/tennis/scoreboard/tournament/_/eventId/836-2026/competitionType/1,https://www.espn.com/tennis/scoreboard/tournament/_/eventId/836-2026/competitionType/1/date/20260207
2026-02-07,Nexo Dallas Open,Q1,Qualifying 1st Round - Grandstand,Bernard Tomic,Krish Arora,3 2 || 6 6,https://www.espn.com/tennis/scoreboard/tournament/_/eventId/836-2026/competitionType/1,https://www.espn.com/tennis/scoreboard/tournament/_/eventId/836-2026/competitionType/1/date/20260207
2026-02-07,Nexo Dallas Open,Q1,Qualifying 1st Round - Center Court,Sho Shimabukuro,Thai-Son Kwiatkowski,6 6 || 0 4,https://www.espn.com/tennis/scoreboard/tournament/_/eventId/836-2026/competitionType/1,https://www.espn.com/tennis/scoreboard/tournament/_/eventId/836-2026/competitionType/1/date/20260207
2026-02-07,Nexo Dallas Open,Q1,Qualifying 1st Round - Grandstand,Jack Pinnington Jones,Daniel Dutra da Silva,3 1 || 6 6,https://www.espn.com/tennis/scoreboard/tournament/_/eventId/836-2026/competitionType/1,https://www.espn.com/tennis/scoreboard/tournament/_/eventId/836-2026/competitionType/1/date/20260207
2026-02-07,Nexo Dallas Open,Q1,Qualifying 1st Round - Grandstand,Zachary Svajda,Georgi Georgiev,6 6 || 3 2,https://www.espn.com/tennis/scoreboard/tournament/_/eventId/836-2026/competitionType/1,https://www.espn.com/tennis/scoreboard/tournament/_/eventId/836-2026/competitionType/1/date/20260207
2026-02-07,Nexo Dallas Open,Q1,Qualifying 1st Round - Center Court,Patrick Kypson,Pedro Sakamoto,6 6 || 2 1,https://www.espn.com/tennis/scoreboard/tournament/_/eventId/836-2026/competitionType/1,https://www.espn.com/tennis/scoreboard/tournament/_/eventId/836-2026/competitionType/1/date/20260207
2026-02-07,Nexo Dallas Open,Q1,Qualifying 1st Round - Grandstand,Tristan Boyer,Alex Finkelstein,4 2 || 6 6,https://www.espn.com/tennis/scoreboard/tournament/_/eventId/836-2026/competitionType/1,https://www.espn.com/tennis/scoreboard/tournament/_/eventId/836-2026/competitionType/1/date/20260207
2026-02-08,Nexo Dallas Open,,,Sho Shimabukuro,Bernard Tomic,6 6 || 3 3,https://www.espn.com/tennis/scoreboard/tournament/_/eventId/836-2026/competitionType/1,https://www.espn.com/tennis/scoreboard/tournament/_/eventId/836-2026/competitionType/1/date/20260208
2026-02-08,Nexo Dallas Open,,,Rafael Jodar,Murphy Cassone,7 7 7 8 || 6 5 6 6,https://www.espn.com/tennis/scoreboard/tournament/_/eventId/836-2026/competitionType/1,https://www.espn.com/tennis/scoreboard/tournament/_/eventId/836-2026/competitionType/1/date/20260208
2026-02-08,Nexo Dallas Open,,,Jack Pinnington Jones,Patrick Kypson,6 4 7 5 || 7 7 5 7,https://www.espn.com/tennis/scoreboard/tournament/_/eventId/836-2026/competitionType/1,https://www.espn.com/tennis/scoreboard/tournament/_/eventId/836-2026/competitionType/1/date/20260208
2026-02-08,Nexo Dallas Open,,,Zachary Svajda,Tristan Boyer,6 5 6 || 3 7 4,https://www.espn.com/tennis/scoreboard/tournament/_/eventId/836-2026/competitionType/1,https://www.espn.com/tennis/scoreboard/tournament/_/eventId/836-2026/competitionType/1/date/20260208
2026-02-09,Nexo Dallas Open,,,Alejandro Davidovich Fokina,Zachary Svajda,4 6 1 3 || 6 7 7,https://www.espn.com/tennis/scoreboard/tournament/_/eventId/836-2026/competitionType/1,https://www.espn.com/tennis/scoreboard/tournament/_/eventId/836-2026/competitionType/1/date/20260209
2026-02-09,Nexo Dallas Open,,,Frances Tiafoe,Terence Atmane,6 2 2 8 || 4 6 6,https://www.espn.com/tennis/scoreboard/tournament/_/eventId/836-2026/competitionType/1,https://www.espn.com/tennis/scoreboard/tournament/_/eventId/836-2026/competitionType/1/date/20260209
2026-02-09,Nexo Dallas Open,,,Sebastian Korda,Michael Zheng,3 4 || 6 6,https://www.espn.com/tennis/scoreboard/tournament/_/eventId/836-2026/competitionType/1,https://www.espn.com/tennis/scoreboard/tournament/_/eventId/836-2026/competitionType/1/date/20260209
2026-02-09,Nexo Dallas Open,,,Brandon Nakashima,Mattia Bellucci,6 6 || 3 4,https://www.espn.com/tennis/scoreboard/tournament/_/eventId/836-2026/competitionType/1,https://www.espn.com/tennis/scoreboard/tournament/_/eventId/836-2026/competitionType/1/date/20260209
2026-02-10,Nexo Dallas Open,,,Taylor Fritz,Marcos Giron,6 5 7 7 || 4 7 6 1,https://www.espn.com/tennis/scoreboard/tournament/_/eventId/836-2026/competitionType/1,https://www.espn.com/tennis/scoreboard/tournament/_/eventId/836-2026/competitionType/1/date/20260210
2026-02-10,Nexo Dallas Open,,,Ben Shelton,Gabriel Diallo,4 4 2 || 6 6,https://www.espn.com/tennis/scoreboard/tournament/_/eventId/836-2026/competitionType/1,https://www.espn.com/tennis/scoreboard/tournament/_/eventId/836-2026/competitionType/1/date/20260210
2026-02-10,Nexo Dallas Open,,,Jack Pinnington Jones,Flavio Cobolli,2 2 || 6 6,https://www.espn.com/tennis/scoreboard/tournament/_/eventId/836-2026/competitionType/1,https://www.espn.com/tennis/scoreboard/tournament/_/eventId/836-2026/competitionType/1/date/20260210
2026-02-10,Nexo Dallas Open,,,Marin Cilic,Learner Tien,7 7 7 6 || 5 6 4,https://www.espn.com/tennis/scoreboard/tournament/_/eventId/836-2026/competitionType/1,https://www.espn.com/tennis/scoreboard/tournament/_/eventId/836-2026/competitionType/1/date/20260210
2026-02-10,Nexo Dallas Open,,,Denis Shapovalov,Rafael Jodar,6 6 || 1 2,https://www.espn.com/tennis/scoreboard/tournament/_/eventId/836-2026/competitionType/1,https://www.espn.com/tennis/scoreboard/tournament/_/eventId/836-2026/competitionType/1/date/20260210
2026-02-10,Nexo Dallas Open,,,Aleksandar Kovacevic,Patrick Kypson,6 7 7 || 4 6 1,https://www.espn.com/tennis/scoreboard/tournament/_/eventId/836-2026/competitionType/1,https://www.espn.com/tennis/scoreboard/tournament/_/eventId/836-2026/competitionType/1/date/20260210
2026-02-10,Nexo Dallas Open,,,Alex Michelsen,Grigor Dimitrov,7 4 4 || 5 6 6,https://www.espn.com/tennis/scoreboard/tournament/_/eventId/836-2026/competitionType/1,https://www.espn.com/tennis/scoreboard/tournament/_/eventId/836-2026/competitionType/1/date/20260210
2026-02-10,Nexo Dallas Open,,,Miomir Kecmanovic,Sho Shimabukuro,7 7 3 6 3 || 6 3 6 7 7,https://www.espn.com/tennis/scoreboard/tournament/_/eventId/836-2026/competitionType/1,https://www.espn.com/tennis/scoreboard/tournament/_/eventId/836-2026/competitionType/1/date/20260210
2026-02-11,Nexo Dallas Open,,,Tommy Paul,Jenson Brooksby,4 6 7 7 || 6 4 6 4,https://www.espn.com/tennis/scoreboard/tournament/_/eventId/836-2026/competitionType/1,https://www.espn.com/tennis/scoreboard/tournament/_/eventId/836-2026/competitionType/1/date/20260211
2026-02-11,Nexo Dallas Open,,,Adrian Mannarino,Adam Walton,4 2 || 6 6,https://www.espn.com/tennis/scoreboard/tournament/_/eventId/836-2026/competitionType/1,https://www.espn.com/tennis/scoreboard/tournament/_/eventId/836-2026/competitionType/1/date/20260211
2026-02-11,Nexo Dallas Open,,,Eliot Spizzirri,James Duckworth,2 4 || 6 6,https://www.espn.com/tennis/scoreboard/tournament/_/eventId/836-2026/competitionType/1,https://www.espn.com/tennis/scoreboard/tournament/_/eventId/836-2026/competitionType/1/date/20260211
2026-02-11,Nexo Dallas Open,,,Ethan Quinn,Trevor Svajda,6 3 5 || 7 7 7,https://www.espn.com/tennis/scoreboard/tournament/_/eventId/836-2026/competitionType/1,https://www.espn.com/tennis/scoreboard/tournament/_/eventId/836-2026/competitionType/1/date/20260211
2026-02-11,Nexo Dallas Open,,,Taylor Fritz,Brandon Nakashima,6 6 || 3 4,https://www.espn.com/tennis/scoreboard/tournament/_/eventId/836-2026/competitionType/1,https://www.espn.com/tennis/scoreboard/tournament/_/eventId/836-2026/competitionType/1/date/20260211
2026-02-11,Nexo Dallas Open,,,Alejandro Davidovich Fokina,Alex Michelsen,4 4 3 || 6 6,https://www.espn.com/tennis/scoreboard/tournament/_/eventId/836-2026/competitionType/1,https://www.espn.com/tennis/scoreboard/tournament/_/eventId/836-2026/competitionType/1/date/20260211
2026-02-11,Nexo Dallas Open,,,Sebastian Korda,Frances Tiafoe,7 6 8 || 5 1,https://www.espn.com/tennis/scoreboard/tournament/_/eventId/836-2026/competitionType/1,https://www.espn.com/tennis/scoreboard/tournament/_/eventId/836-2026/competitionType/1/date/20260211
2026-02-12,Nexo Dallas Open,,,Ben Shelton,Adrian Mannarino,6 2 7 7 3 2 || 7 7 6 4 6,https://www.espn.com/tennis/scoreboard/tournament/_/eventId/836-2026/competitionType/1,https://www.espn.com/tennis/scoreboard/tournament/_/eventId/836-2026/competitionType/1/date/20260212
2026-02-12,Nexo Dallas Open,,,Miomir Kecmanovic,Tommy Paul,7 4 4 || 5 6 6,https://www.espn.com/tennis/scoreboard/tournament/_/eventId/836-2026/competitionType/1,https://www.espn.com/tennis/scoreboard/tournament/_/eventId/836-2026/competitionType/1/date/20260212
2026-02-12,Nexo Dallas Open,,,Denis Shapovalov,Aleksandar Kovacevic,6 6 || 4 4,https://www.espn.com/tennis/scoreboard/tournament/_/eventId/836-2026/competitionType/1,https://www.espn.com/tennis/scoreboard/tournament/_/eventId/836-2026/competitionType/1/date/20260212
2026-02-12,Nexo Dallas Open,,,Marin Cilic,Ethan Quinn,6 4 3 || 7 7 6,https://www.espn.com/tennis/scoreboard/tournament/_/eventId/836-2026/competitionType/1,https://www.espn.com/tennis/scoreboard/tournament/_/eventId/836-2026/competitionType/1/date/20260212
2026-02-12,Nexo Dallas Open,,,Jack Pinnington Jones,Eliot Spizzirri,7 7 4 7 7 || 6 5 6 6 4,https://www.espn.com/tennis/scoreboard/tournament/_/eventId/836-2026/competitionType/1,https://www.espn.com/tennis/scoreboard/tournament/_/eventId/836-2026/competitionType/1/date/20260212
2026-02-13,Nexo Dallas Open,F,Quarterfinal,Taylor Fritz,Sebastian Korda,6 2 6 7 7 || 7 7 4 6 5,https://www.espn.com/tennis/scoreboard/tournament/_/eventId/836-2026/competitionType/1,https://www.espn.com/tennis/scoreboard/tournament/_/eventId/836-2026/competitionType/1/date/20260213
2026-02-13,Nexo Dallas Open,F,Quarterfinal - Center Court,Ben Shelton,Miomir Kecmanovic,7 3 4 2 || 5 6 6,https://www.espn.com/tennis/scoreboard/tournament/_/eventId/836-2026/competitionType/1,https://www.espn.com/tennis/scoreboard/tournament/_/eventId/836-2026/competitionType/1/date/20260213
2026-02-13,Nexo Dallas Open,F,Quarterfinal - Center Court,Denis Shapovalov,Alejandro Davidovich Fokina,5 6 6 3 || 7 4 3,https://www.espn.com/tennis/scoreboard/tournament/_/eventId/836-2026/competitionType/1,https://www.espn.com/tennis/scoreboard/tournament/_/eventId/836-2026/competitionType/1/date/20260213
2026-02-13,Nexo Dallas Open,F,Quarterfinal - Center Court,Marin Cilic,Jack Pinnington Jones,1 4 || 6 6,https://www.espn.com/tennis/scoreboard/tournament/_/eventId/836-2026/competitionType/1,https://www.espn.com/tennis/scoreboard/tournament/_/eventId/836-2026/competitionType/1/date/20260213
2026-02-14,Nexo Dallas Open,F,Semifinal,Taylor Fritz,Marin Cilic,7 7 7 7 || 6 5 6 3,https://www.espn.com/tennis/scoreboard/tournament/_/eventId/836-2026/competitionType/1,https://www.espn.com/tennis/scoreboard/tournament/_/eventId/836-2026/competitionType/1/date/20260214
2026-02-14,Nexo Dallas Open,F,Semifinal - Center Court,Ben Shelton,Denis Shapovalov,6 4 6 4 2 || 4 6 7 7,https://www.espn.com/tennis/scoreboard/tournament/_/eventId/836-2026/competitionType/1,https://www.espn.com/tennis/scoreboard/tournament/_/eventId/836-2026/competitionType/1/date/20260214
2026-02-15,Nexo Dallas Open,,,Ben Shelton,Taylor Fritz,6 3 5 2 || 3 6 7,https://www.espn.com/tennis/scoreboard/tournament/_/eventId/836-2026/competitionType/1,https://www.espn.com/tennis/scoreboard/tournament/_/eventId/836-2026/competitionType/1/date/20260215
2026-02-20,Dubai Duty Free Tennis Championships,Q1,Qualifying 1st Round,Otto Virtanen,Aleksandar Vukic,6 6 || 2 2,https://www.espn.com/tennis/scoreboard/tournament/_/eventId/25-2026/competitionType/1,https://www.espn.com/tennis/scoreboard/tournament/_/eventId/25-2026/competitionType/1/date/20260220
2026-02-20,Dubai Duty Free Tennis Championships,Q1,Qualifying 1st Round - Court 2,Giovanni Mpetshi Perricard,Shintaro Mochizuki,6 7 7 || 1 6 4,https://www.espn.com/tennis/scoreboard/tournament/_/eventId/25-2026/competitionType/1,https://www.espn.com/tennis/scoreboard/tournament/_/eventId/25-2026/competitionType/1/date/20260220
2026-02-20,Dubai Duty Free Tennis Championships,Q1,Qualifying 1st Round - New Court 1,Jan Choinski,Jesper de Jong,6 7 7 || 1 6 4,https://www.espn.com/tennis/scoreboard/tournament/_/eventId/25-2026/competitionType/1,https://www.espn.com/tennis/scoreboard/tournament/_/eventId/25-2026/competitionType/1/date/20260220
2026-02-21,Dubai Duty Free Tennis Championships,Q1,Qualifying 1st Round,Alexander Shevchenko,Nikoloz Basilashvili,6 1 4 || 7 7 6,https://www.espn.com/tennis/scoreboard/tournament/_/eventId/25-2026/competitionType/1,https://www.espn.com/tennis/scoreboard/tournament/_/eventId/25-2026/competitionType/1/date/20260221
2026-02-21,Dubai Duty Free Tennis Championships,Q1,Qualifying 1st Round - Court 2,Quentin Halys,Christopher O'Connell,6 6 || 3 4,https://www.espn.com/tennis/scoreboard/tournament/_/eventId/25-2026/competitionType/1,https://www.espn.com/tennis/scoreboard/tournament/_/eventId/25-2026/competitionType/1/date/20260221
2026-02-21,Dubai Duty Free Tennis Championships,Q1,Qualifying 1st Round - New Court 1,Jan-Lennard Struff,Abdulrahman Al Janahi,6 6 || 0 1,https://www.espn.com/tennis/scoreboard/tournament/_/eventId/25-2026/competitionType/1,https://www.espn.com/tennis/scoreboard/tournament/_/eventId/25-2026/competitionType/1/date/20260221
2026-02-21,Dubai Duty Free Tennis Championships,Q1,Qualifying 1st Round - Court 2,Luca Nardi,Marco Trungelliti,6 2 6 3 || 2 6 7 7,https://www.espn.com/tennis/scoreboard/tournament/_/eventId/25-2026/competitionType/1,https://www.espn.com/tennis/scoreboard/tournament/_/eventId/25-2026/competitionType/1/date/20260221
2026-02-21,Dubai Duty Free Tennis Championships,Q1,Qualifying 1st Round - Court 4,Pablo Carreno Busta,Botic Van De Zandschulp,3 2 || 6 6,https://www.espn.com/tennis/scoreboard/tournament/_/eventId/25-2026/competitionType/1,https://www.espn.com/tennis/scoreboard/tournament/_/eventId/25-2026/competitionType/1/date/20260221
2026-02-21,Dubai Duty Free Tennis Championships,Q1,Qualifying 1st Round - New Court 1,Giovanni Mpetshi Perricard,Jan Choinski,4 6 7 7 || 6 3 6 3,https://www.espn.com/tennis/scoreboard/tournament/_/eventId/25-2026/competitionType/1,https://www.espn.com/tennis/scoreboard/tournament/_/eventId/25-2026/competitionType/1/date/20260221
2026-02-21,Dubai Duty Free Tennis Championships,Q1,Qualifying 1st Round - New Court 1,Otto Virtanen,Jan-Lennard Struff,7 9 4 4 || 6 7 6 6,https://www.espn.com/tennis/scoreboard/tournament/_/eventId/25-2026/competitionType/1,https://www.espn.com/tennis/scoreboard/tournament/_/eventId/25-2026/competitionType/1/date/20260221
2026-02-22,Dubai Duty Free Tennis Championships,,,Pablo Carreno Busta,Luca Nardi,6 4 6 7 7 || 7 7 4 6 5,https://www.espn.com/tennis/scoreboard/tournament/_/eventId/25-2026/competitionType/1,https://www.espn.com/tennis/scoreboard/tournament/_/eventId/25-2026/competitionType/1/date/20260222
2026-02-22,Dubai Duty Free Tennis Championships,,,Quentin Halys,Alexander Shevchenko,7 8 7 || 6 6 5,https://www.espn.com/tennis/scoreboard/tournament/_/eventId/25-2026/competitionType/1,https://www.espn.com/tennis/scoreboard/tournament/_/eventId/25-2026/competitionType/1/date/20260222
2026-02-23,Dubai Duty Free Tennis Championships,,,Felix Auger-Aliassime,Zhang Zhizhen,6 7 7 || 3 6 4,https://www.espn.com/tennis/scoreboard/tournament/_/eventId/25-2026/competitionType/1,https://www.espn.com/tennis/scoreboard/tournament/_/eventId/25-2026/competitionType/1/date/20260223
2026-02-23,Dubai Duty Free Tennis Championships,,,Jack Draper,Quentin Halys,6 8 3 4 || 7 10 6,https://www.espn.com/tennis/scoreboard/tournament/_/eventId/25-2026/competitionType/1,https://www.espn.com/tennis/scoreboard/tournament/_/eventId/25-2026/competitionType/1/date/20260223
2026-02-23,Dubai Duty Free Tennis Championships,,,Stan Wawrinka,Benjamin Hassan,7 6 || 5 3,https://www.espn.com/tennis/scoreboard/tournament/_/eventId/25-2026/competitionType/1,https://www.espn.com/tennis/scoreboard/tournament/_/eventId/25-2026/competitionType/1/date/20260223
2026-02-23,Dubai Duty Free Tennis Championships,,,Giovanni Mpetshi Perricard,Moez Echargui,6 3 7 7 6 4 || 7 7 6 3 7 7,https://www.espn.com/tennis/scoreboard/tournament/_/eventId/25-2026/competitionType/1,https://www.espn.com/tennis/scoreboard/tournament/_/eventId/25-2026/competitionType/1/date/20260223
2026-02-24,Dubai Duty Free Tennis Championships,,,Alexander Bublik,Jan-Lennard Struff,3 4 2 || 6 6,https://www.espn.com/tennis/scoreboard/tournament/_/eventId/25-2026/competitionType/1,https://www.espn.com/tennis/scoreboard/tournament/_/eventId/25-2026/competitionType/1/date/20260224
2026-02-24,Dubai Duty Free Tennis Championships,,,Daniil Medvedev,Shang Juncheng,6 6 || 1 3,https://www.espn.com/tennis/scoreboard/tournament/_/eventId/25-2026/competitionType/1,https://www.espn.com/tennis/scoreboard/tournament/_/eventId/25-2026/competitionType/1/date/20260224
2026-02-24,Dubai Duty Free Tennis Championships,,,Andrey Rublev,Valentin Royer,6 6 || 3 4,https://www.espn.com/tennis/scoreboard/tournament/_/eventId/25-2026/competitionType/1,https://www.espn.com/tennis/scoreboard/tournament/_/eventId/25-2026/competitionType/1/date/20260224
2026-02-24,Dubai Duty Free Tennis Championships,,,Jakub Mensik,Hubert Hurkacz,6 7 9 || 4 6 7,https://www.espn.com/tennis/scoreboard/tournament/_/eventId/25-2026/competitionType/1,https://www.espn.com/tennis/scoreboard/tournament/_/eventId/25-2026/competitionType/1/date/20260224
2026-02-24,Dubai Duty Free Tennis Championships,,,Alexander Shevchenko,Karen Khachanov,7 7 2 3 7 || 6 5 6 6,https://www.espn.com/tennis/scoreboard/tournament/_/eventId/25-2026/competitionType/1,https://www.espn.com/tennis/scoreboard/tournament/_/eventId/25-2026/competitionType/1/date/20260224
2026-02-24,Dubai Duty Free Tennis Championships,,,Jiri Lehecka,Luca Nardi,6 4 2 8 || 4 6 6,https://www.espn.com/tennis/scoreboard/tournament/_/eventId/25-2026/competitionType/1,https://www.espn.com/tennis/scoreboard/tournament/_/eventId/25-2026/competitionType/1/date/20260224
2026-02-24,Dubai Duty Free Tennis Championships,,,Alexei Popyrin,Kamil Majchrzak,3 6 7 || 6 3 5,https://www.espn.com/tennis/scoreboard/tournament/_/eventId/25-2026/competitionType/1,https://www.espn.com/tennis/scoreboard/tournament/_/eventId/25-2026/competitionType/1/date/20260224
2026-02-24,Dubai Duty Free Tennis Championships,,,Ugo Humbert,Stefanos Tsitsipas,6 7 || 4 5,https://www.espn.com/tennis/scoreboard/tournament/_/eventId/25-2026/competitionType/1,https://www.espn.com/tennis/scoreboard/tournament/_/eventId/25-2026/competitionType/1/date/20260224
2026-02-24,Dubai Duty Free Tennis Championships,,,Tallon Griekspoor,Otto Virtanen,3 4 || 6 6,https://www.espn.com/tennis/scoreboard/tournament/_/eventId/25-2026/competitionType/1,https://www.espn.com/tennis/scoreboard/tournament/_/eventId/25-2026/competitionType/1/date/20260224
2026-02-24,Dubai Duty Free Tennis Championships,,,Arthur Rinderknech,Fabian Marozsan,6 3 4 || 3 6 6,https://www.espn.com/tennis/scoreboard/tournament/_/eventId/25-2026/competitionType/1,https://www.espn.com/tennis/scoreboard/tournament/_/eventId/25-2026/competitionType/1/date/20260224
2026-02-24,Dubai Duty Free Tennis Championships,,,Pablo Carreno Busta,Denis Shapovalov,6 6 || 2 4,https://www.espn.com/tennis/scoreboard/tournament/_/eventId/25-2026/competitionType/1,https://www.espn.com/tennis/scoreboard/tournament/_/eventId/25-2026/competitionType/1/date/20260224
2026-02-24,Dubai Duty Free Tennis Championships,,,Jenson Brooksby,Zizou Bergs,3 4 || 6 6,https://www.espn.com/tennis/scoreboard/tournament/_/eventId/25-2026/competitionType/1,https://www.espn.com/tennis/scoreboard/tournament/_/eventId/25-2026/competitionType/1/date/20260224
2026-02-25,Dubai Duty Free Tennis Championships,,,Felix Auger-Aliassime,Giovanni Mpetshi Perricard,6 6 || 4 4,https://www.espn.com/tennis/scoreboard/tournament/_/eventId/25-2026/competitionType/1,https://www.espn.com/tennis/scoreboard/tournament/_/eventId/25-2026/competitionType/1/date/20260225
2026-02-25,Dubai Duty Free Tennis Championships,,,Tallon Griekspoor,Alexander Bublik,6 7 7 2 || 3 6 4,https://www.espn.com/tennis/scoreboard/tournament/_/eventId/25-2026/competitionType/1,https://www.espn.com/tennis/scoreboard/tournament/_/eventId/25-2026/competitionType/1/date/20260225
2026-02-25,Dubai Duty Free Tennis Championships,,,Daniil Medvedev,Stan Wawrinka,6 6 || 2 3,https://www.espn.com/tennis/scoreboard/tournament/_/eventId/25-2026/competitionType/1,https://www.espn.com/tennis/scoreboard/tournament/_/eventId/25-2026/competitionType/1/date/20260225
2026-02-25,Dubai Duty Free Tennis Championships,,,Arthur Rinderknech,Jack Draper,7 6 4 6 4 || 5 7 7 4,https://www.espn.com/tennis/scoreboard/tournament/_/eventId/25-2026/competitionType/1,https://www.espn.com/tennis/scoreboard/tournament/_/eventId/25-2026/competitionType/1/date/20260225
2026-02-25,Dubai Duty Free Tennis Championships,,,Andrey Rublev,Ugo Humbert,6 6 5 6 || 4 7 7 3,https://www.espn.com/tennis/scoreboard/tournament/_/eventId/25-2026/competitionType/1,https://www.espn.com/tennis/scoreboard/tournament/_/eventId/25-2026/competitionType/1/date/20260225
2026-02-25,Dubai Duty Free Tennis Championships,,,Jakub Mensik,Alexei Popyrin,6 6 || 3 2,https://www.espn.com/tennis/scoreboard/tournament/_/eventId/25-2026/competitionType/1,https://www.espn.com/tennis/scoreboard/tournament/_/eventId/25-2026/competitionType/1/date/20260225
2026-02-25,Dubai Duty Free Tennis Championships,,,Jenson Brooksby,Karen Khachanov,7 8 6 7 || 6 6 4,https://www.espn.com/tennis/scoreboard/tournament/_/eventId/25-2026/competitionType/1,https://www.espn.com/tennis/scoreboard/tournament/_/eventId/25-2026/competitionType/1/date/20260225
2026-02-25,Dubai Duty Free Tennis Championships,,,Jiri Lehecka,Pablo Carreno Busta,6 6 4 8 || 7 8 6,https://www.espn.com/tennis/scoreboard/tournament/_/eventId/25-2026/competitionType/1,https://www.espn.com/tennis/scoreboard/tournament/_/eventId/25-2026/competitionType/1/date/20260225
2026-02-26,Dubai Duty Free Tennis Championships,F,Quarterfinal,Felix Auger-Aliassime,Jiri Lehecka,6 7 7 8 || 3 6 2,https://www.espn.com/tennis/scoreboard/tournament/_/eventId/25-2026/competitionType/1,https://www.espn.com/tennis/scoreboard/tournament/_/eventId/25-2026/competitionType/1/date/20260226
2026-02-26,Dubai Duty Free Tennis Championships,F,Quarterfinal - Centre Court,Daniil Medvedev,Jenson Brooksby,6 6 || 2 1,https://www.espn.com/tennis/scoreboard/tournament/_/eventId/25-2026/competitionType/1,https://www.espn.com/tennis/scoreboard/tournament/_/eventId/25-2026/competitionType/1/date/20260226
2026-02-26,Dubai Duty Free Tennis Championships,F,Quarterfinal - Centre Court,Andrey Rublev,Arthur Rinderknech,6 6 || 2 4,https://www.espn.com/tennis/scoreboard/tournament/_/eventId/25-2026/competitionType/1,https://www.espn.com/tennis/scoreboard/tournament/_/eventId/25-2026/competitionType/1/date/20260226
2026-02-26,Dubai Duty Free Tennis Championships,F,Quarterfinal - Centre Court,Tallon Griekspoor,Jakub Mensik,3 6 2 || 6 3 6,https://www.espn.com/tennis/scoreboard/tournament/_/eventId/25-2026/competitionType/1,https://www.espn.com/tennis/scoreboard/tournament/_/eventId/25-2026/competitionType/1/date/20260226
2026-02-27,Dubai Duty Free Tennis Championships,F,Semifinal,Daniil Medvedev,Felix Auger-Aliassime,4 2 3 || 6 6,https://www.espn.com/tennis/scoreboard/tournament/_/eventId/25-2026/competitionType/1,https://www.espn.com/tennis/scoreboard/tournament/_/eventId/25-2026/competitionType/1/date/20260227
2026-02-27,Dubai Duty Free Tennis Championships,F,Semifinal - Centre Court,Tallon Griekspoor,Andrey Rublev,5 6 6 || 7 7 8,https://www.espn.com/tennis/scoreboard/tournament/_/eventId/25-2026/competitionType/1,https://www.espn.com/tennis/scoreboard/tournament/_/eventId/25-2026/competitionType/1/date/20260227
2026-02-14,Qatar ExxonMobil Open,Q1,Qualifying 1st Round,Roberto Carballes Baena,Lucas Miedler,6 6 || 3 1,https://www.espn.com/tennis/scoreboard/tournament/_/eventId/119-2026/competitionType/1,https://www.espn.com/tennis/scoreboard/tournament/_/eventId/119-2026/competitionType/1/date/20260214
2026-02-14,Qatar ExxonMobil Open,Q1,Qualifying 1st Round - Grandstand 2,Elias Ymer,Nikoloz Basilashvili,3 5 || 6 6 RET,https://www.espn.com/tennis/scoreboard/tournament/_/eventId/119-2026/competitionType/1,https://www.espn.com/tennis/scoreboard/tournament/_/eventId/119-2026/competitionType/1/date/20260214
2026-02-14,Qatar ExxonMobil Open,Q1,Qualifying 1st Round - Grandstand 3,Pablo Carreno Busta,Reda Bennani,6 6 || 4 2,https://www.espn.com/tennis/scoreboard/tournament/_/eventId/119-2026/competitionType/1,https://www.espn.com/tennis/scoreboard/tournament/_/eventId/119-2026/competitionType/1/date/20260214
2026-02-14,Qatar ExxonMobil Open,Q1,Qualifying 1st Round - Grandstand 1,Billy Harris,Marco Trungelliti,6 4 4 || 3 6 6,https://www.espn.com/tennis/scoreboard/tournament/_/eventId/119-2026/competitionType/1,https://www.espn.com/tennis/scoreboard/tournament/_/eventId/119-2026/competitionType/1/date/20260214
2026-02-14,Qatar ExxonMobil Open,Q1,Qualifying 1st Round - Court 4,Pierre-Hugues Herbert,Aleksandar Vukic,4 4 || 6 6,https://www.espn.com/tennis/scoreboard/tournament/_/eventId/119-2026/competitionType/1,https://www.espn.com/tennis/scoreboard/tournament/_/eventId/119-2026/competitionType/1/date/20260214
2026-02-14,Qatar ExxonMobil Open,Q1,Qualifying 1st Round - Grandstand 2,Jan Choinski,James McCabe,4 4 || 6 6,https://www.espn.com/tennis/scoreboard/tournament/_/eventId/119-2026/competitionType/1,https://www.espn.com/tennis/scoreboard/tournament/_/eventId/119-2026/competitionType/1/date/20260214
2026-02-14,Qatar ExxonMobil Open,Q1,Qualifying 1st Round - Court 4,Quentin Halys,Mert Alkaya,6 6 || 3 4,https://www.espn.com/tennis/scoreboard/tournament/_/eventId/119-2026/competitionType/1,https://www.espn.com/tennis/scoreboard/tournament/_/eventId/119-2026/competitionType/1/date/20260214
2026-02-14,Qatar ExxonMobil Open,Q1,Qualifying 1st Round - Grandstand 1,Shintaro Mochizuki,Ghanim Al Sulaiti,6 6 || 0 1,https://www.espn.com/tennis/scoreboard/tournament/_/eventId/119-2026/competitionType/1,https://www.espn.com/tennis/scoreboard/tournament/_/eventId/119-2026/competitionType/1/date/20260214
2026-02-15,Qatar ExxonMobil Open,,,Jan Choinski,Quentin Halys,6 3 6 5 || 1 6 7 7,https://www.espn.com/tennis/scoreboard/tournament/_/eventId/119-2026/competitionType/1,https://www.espn.com/tennis/scoreboard/tournament/_/eventId/119-2026/competitionType/1/date/20260215
2026-02-15,Qatar ExxonMobil Open,,,Pablo Carreno Busta,Billy Harris,7 6 || 5 3,https://www.espn.com/tennis/scoreboard/tournament/_/eventId/119-2026/competitionType/1,https://www.espn.com/tennis/scoreboard/tournament/_/eventId/119-2026/competitionType/1/date/20260215
2026-02-15,Qatar ExxonMobil Open,,,Roberto Carballes Baena,Shintaro Mochizuki,0 3 || 6 6,https://www.espn.com/tennis/scoreboard/tournament/_/eventId/119-2026/competitionType/1,https://www.espn.com/tennis/scoreboard/tournament/_/eventId/119-2026/competitionType/1/date/20260215
2026-02-15,Qatar ExxonMobil Open,,,Pierre-Hugues Herbert,Elias Ymer,6 3 6 || 4 6 3,https://www.espn.com/tennis/scoreboard/tournament/_/eventId/119-2026/competitionType/1,https://www.espn.com/tennis/scoreboard/tournament/_/eventId/119-2026/competitionType/1/date/20260215
2026-02-16,Qatar ExxonMobil Open,,,Jannik Sinner,Tomas Machac,1 4 2 || 6 6,https://www.espn.com/tennis/scoreboard/tournament/_/eventId/119-2026/competitionType/1,https://www.espn.com/tennis/scoreboard/tournament/_/eventId/119-2026/competitionType/1/date/20260216
2026-02-16,Qatar ExxonMobil Open,,,Daniil Medvedev,Shang Juncheng,6 6 || 4 2,https://www.espn.com/tennis/scoreboard/tournament/_/eventId/119-2026/competitionType/1,https://www.espn.com/tennis/scoreboard/tournament/_/eventId/119-2026/competitionType/1/date/20260216
2026-02-16,Qatar ExxonMobil Open,,,Jakub Mensik,Jan Choinski,6 6 6 6 || 7 8 2 4,https://www.espn.com/tennis/scoreboard/tournament/_/eventId/119-2026/competitionType/1,https://www.espn.com/tennis/scoreboard/tournament/_/eventId/119-2026/competitionType/1/date/20260216
2026-02-16,Qatar ExxonMobil Open,,,Arthur Fils,Kamil Majchrzak,6 5 6 6 || 7 7 3 4,https://www.espn.com/tennis/scoreboard/tournament/_/eventId/119-2026/competitionType/1,https://www.espn.com/tennis/scoreboard/tournament/_/eventId/119-2026/competitionType/1/date/20260216
2026-02-16,Qatar ExxonMobil Open,,,Valentin Royer,Pierre-Hugues Herbert,6 6 || 0 3,https://www.espn.com/tennis/scoreboard/tournament/_/eventId/119-2026/competitionType/1,https://www.espn.com/tennis/scoreboard/tournament/_/eventId/119-2026/competitionType/1/date/20260216
2026-02-16,Qatar ExxonMobil Open,,,Alexei Popyrin,Mubarak Shannan Zayid,0 2 || 6 6,https://www.espn.com/tennis/scoreboard/tournament/_/eventId/119-2026/competitionType/1,https://www.espn.com/tennis/scoreboard/tournament/_/eventId/119-2026/competitionType/1/date/20260216
2026-02-17,Qatar ExxonMobil Open,,,Carlos Alcaraz,Arthur Rinderknech,6 7 7 || 4 6 5,https://www.espn.com/tennis/scoreboard/tournament/_/eventId/119-2026/competitionType/1,https://www.espn.com/tennis/scoreboard/tournament/_/eventId/119-2026/competitionType/1/date/20260217
2026-02-17,Qatar ExxonMobil Open,,,Andrey Rublev,Jesper de Jong,4 3 5 || 6 6,https://www.espn.com/tennis/scoreboard/tournament/_/eventId/119-2026/competitionType/1,https://www.espn.com/tennis/scoreboard/tournament/_/eventId/119-2026/competitionType/1/date/20260217
2026-02-17,Qatar ExxonMobil Open,,,Karen Khachanov,Shintaro Mochizuki,1 6 4 7 || 6 3 6,https://www.espn.com/tennis/scoreboard/tournament/_/eventId/119-2026/competitionType/1,https://www.espn.com/tennis/scoreboard/tournament/_/eventId/119-2026/competitionType/1/date/20260217
2026-02-17,Qatar ExxonMobil Open,,,Jiri Lehecka,Jenson Brooksby,6 6 || 3 3,https://www.espn.com/tennis/scoreboard/tournament/_/eventId/119-2026/competitionType/1,https://www.espn.com/tennis/scoreboard/tournament/_/eventId/119-2026/competitionType/1/date/20260217
2026-02-17,Qatar ExxonMobil Open,,,Zizou Bergs,Giovanni Mpetshi Perricard,6 6 5 6 || 3 7 7 4,https://www.espn.com/tennis/scoreboard/tournament/_/eventId/119-2026/competitionType/1,https://www.espn.com/tennis/scoreboard/tournament/_/eventId/119-2026/competitionType/1/date/20260217
2026-02-17,Qatar ExxonMobil Open,,,Fabian Marozsan,Ugo Humbert,3 1 || 6 6,https://www.espn.com/tennis/scoreboard/tournament/_/eventId/119-2026/competitionType/1,https://www.espn.com/tennis/scoreboard/tournament/_/eventId/119-2026/competitionType/1/date/20260217
2026-02-17,Qatar ExxonMobil Open,,,Zhang Zhizhen,Roberto Carballes Baena,6 6 || 4 4,https://www.espn.com/tennis/scoreboard/tournament/_/eventId/119-2026/competitionType/1,https://www.espn.com/tennis/scoreboard/tournament/_/eventId/119-2026/competitionType/1/date/20260217
2026-02-17,Qatar ExxonMobil Open,,,Quentin Halys,Pablo Carreno Busta,6 5 3 || 4 7 6,https://www.espn.com/tennis/scoreboard/tournament/_/eventId/119-2026/competitionType/1,https://www.espn.com/tennis/scoreboard/tournament/_/eventId/119-2026/competitionType/1/date/20260217
2026-02-17,Qatar ExxonMobil Open,,,Stefanos Tsitsipas,Moez Echargui,4 4 || 6 6,https://www.espn.com/tennis/scoreboard/tournament/_/eventId/119-2026/competitionType/1,https://www.espn.com/tennis/scoreboard/tournament/_/eventId/119-2026/competitionType/1/date/20260217
2026-02-17,Qatar ExxonMobil Open,,,Marton Fucsovics,Hady Habib,6 6 || 3 3,https://www.espn.com/tennis/scoreboard/tournament/_/eventId/119-2026/competitionType/1,https://www.espn.com/tennis/scoreboard/tournament/_/eventId/119-2026/competitionType/1/date/20260217
2026-02-18,Qatar ExxonMobil Open,,,Carlos Alcaraz,Valentin Royer,6 7 || 2 5,https://www.espn.com/tennis/scoreboard/tournament/_/eventId/119-2026/competitionType/1,https://www.espn.com/tennis/scoreboard/tournament/_/eventId/119-2026/competitionType/1/date/20260218
2026-02-18,Qatar ExxonMobil Open,,,Jannik Sinner,Alexei Popyrin,3 5 2 || 6 7,https://www.espn.com/tennis/scoreboard/tournament/_/eventId/119-2026/competitionType/1,https://www.espn.com/tennis/scoreboard/tournament/_/eventId/119-2026/competitionType/1/date/20260218
2026-02-18,Qatar ExxonMobil Open,,,Stefanos Tsitsipas,Daniil Medvedev,3 4 || 6 6,https://www.espn.com/tennis/scoreboard/tournament/_/eventId/119-2026/competitionType/1,https://www.espn.com/tennis/scoreboard/tournament/_/eventId/119-2026/competitionType/1/date/20260218
2026-02-18,Qatar ExxonMobil Open,,,Andrey Rublev,Fabian Marozsan,2 4 5 || 6 6,https://www.espn.com/tennis/scoreboard/tournament/_/eventId/119-2026/competitionType/1,https://www.espn.com/tennis/scoreboard/tournament/_/eventId/119-2026/competitionType/1/date/20260218
2026-02-18,Qatar ExxonMobil Open,,,Jakub Mensik,Zhang Zhizhen,6 6 || 3 2,https://www.espn.com/tennis/scoreboard/tournament/_/eventId/119-2026/competitionType/1,https://www.espn.com/tennis/scoreboard/tournament/_/eventId/119-2026/competitionType/1/date/20260218
2026-02-18,Qatar ExxonMobil Open,,,Karen Khachanov,Marton Fucsovics,2 6 4 7 || 6 4 6,https://www.espn.com/tennis/scoreboard/tournament/_/eventId/119-2026/competitionType/1,https://www.espn.com/tennis/scoreboard/tournament/_/eventId/119-2026/competitionType/1/date/20260218
2026-02-18,Qatar ExxonMobil Open,,,Jiri Lehecka,Zizou Bergs,6 6 || 2 1,https://www.espn.com/tennis/scoreboard/tournament/_/eventId/119-2026/competitionType/1,https://www.espn.com/tennis/scoreboard/tournament/_/eventId/119-2026/competitionType/1/date/20260218
2026-02-18,Qatar ExxonMobil Open,,,Arthur Fils,Quentin Halys,6 7 9 || 1 6 7,https://www.espn.com/tennis/scoreboard/tournament/_/eventId/119-2026/competitionType/1,https://www.espn.com/tennis/scoreboard/tournament/_/eventId/119-2026/competitionType/1/date/20260218
2026-02-19,Qatar ExxonMobil Open,F,Quarterfinal,Carlos Alcaraz,Karen Khachanov,6 3 6 6 7 || 7 7 4 3,https://www.espn.com/tennis/scoreboard/tournament/_/eventId/119-2026/competitionType/1,https://www.espn.com/tennis/scoreboard/tournament/_/eventId/119-2026/competitionType/1/date/20260219
2026-02-19,Qatar ExxonMobil Open,F,Quarterfinal - Center Court,Jakub Mensik,Jannik Sinner,7 7 2 6 2 || 6 3 6 3,https://www.espn.com/tennis/scoreboard/tournament/_/eventId/119-2026/competitionType/1,https://www.espn.com/tennis/scoreboard/tournament/_/eventId/119-2026/competitionType/1/date/20260219
2026-02-19,Qatar ExxonMobil Open,F,Quarterfinal - Center Court,Andrey Rublev,Stefanos Tsitsipas,3 6 2 5 || 6 7 7,https://www.espn.com/tennis/scoreboard/tournament/_/eventId/119-2026/competitionType/1,https://www.espn.com/tennis/scoreboard/tournament/_/eventId/119-2026/competitionType/1/date/20260219
2026-02-19,Qatar ExxonMobil Open,F,Quarterfinal - Center Court,Arthur Fils,Jiri Lehecka,3 3 || 6 6,https://www.espn.com/tennis/scoreboard/tournament/_/eventId/119-2026/competitionType/1,https://www.espn.com/tennis/scoreboard/tournament/_/eventId/119-2026/competitionType/1/date/20260219
2026-02-20,Qatar ExxonMobil Open,F,Semifinal,Carlos Alcaraz,Andrey Rublev,7 7 6 5 || 6 3 4,https://www.espn.com/tennis/scoreboard/tournament/_/eventId/119-2026/competitionType/1,https://www.espn.com/tennis/scoreboard/tournament/_/eventId/119-2026/competitionType/1/date/20260220
2026-02-20,Qatar ExxonMobil Open,F,Semifinal - Center Court,Arthur Fils,Jakub Mensik,6 7 7 6 || 4 6 4,https://www.espn.com/tennis/scoreboard/tournament/_/eventId/119-2026/competitionType/1,https://www.espn.com/tennis/scoreboard/tournament/_/eventId/119-2026/competitionType/1/date/20260220
2026-02-21,Qatar ExxonMobil Open,,,Carlos Alcaraz,Arthur Fils,6 6 || 2 1,https://www.espn.com/tennis/scoreboard/tournament/_/eventId/119-2026/competitionType/1,https://www.espn.com/tennis/scoreboard/tournament/_/eventId/119-2026/competitionType/1/date/20260221
2026-02-14,Delray Beach Open,Q1,Qualifying 1st Round,Adam Walton,Nicolas Moreno De Alboran,6 4 6 || 3 6 4,https://www.espn.com/tennis/scoreboard/tournament/_/eventId/296-2026/competitionType/1,https://www.espn.com/tennis/scoreboard/tournament/_/eventId/296-2026/competitionType/1/date/20260214
2026-02-14,Delray Beach Open,Q1,Qualifying 1st Round - Court 1,Sho Shimabukuro,Benjamin Willwerth,4 6 4 || 6 7 7,https://www.espn.com/tennis/scoreboard/tournament/_/eventId/296-2026/competitionType/1,https://www.espn.com/tennis/scoreboard/tournament/_/eventId/296-2026/competitionType/1/date/20260214
2026-02-14,Delray Beach Open,Q1,Qualifying 1st Round - Court 1,Rinky Hijikata,Michael Mmoh,3 6 6 2 || 6 3 7 7,https://www.espn.com/tennis/scoreboard/tournament/_/eventId/296-2026/competitionType/1,https://www.espn.com/tennis/scoreboard/tournament/_/eventId/296-2026/competitionType/1/date/20260214
2026-02-14,Delray Beach Open,Q1,Qualifying 1st Round - Center Court,Dalibor Svrcina,Nicolas Mejia,3 6 6 || 6 1 4,https://www.espn.com/tennis/scoreboard/tournament/_/eventId/296-2026/competitionType/1,https://www.espn.com/tennis/scoreboard/tournament/_/eventId/296-2026/competitionType/1/date/20260214
2026-02-14,Delray Beach Open,Q1,Qualifying 1st Round - Court 1,Tristan Schoolkate,Murphy Cassone,6 7 7 || 4 6 5,https://www.espn.com/tennis/scoreboard/tournament/_/eventId/296-2026/competitionType/1,https://www.espn.com/tennis/scoreboard/tournament/_/eventId/296-2026/competitionType/1/date/20260214
2026-02-14,Delray Beach Open,Q1,Qualifying 1st Round - Court 1,Zachary Svajda,Liam Draxl,6 6 || 2 1,https://www.espn.com/tennis/scoreboard/tournament/_/eventId/296-2026/competitionType/1,https://www.espn.com/tennis/scoreboard/tournament/_/eventId/296-2026/competitionType/1/date/20260214
2026-02-14,Delray Beach Open,Q1,Qualifying 1st Round - Center Court,Wu Yibing,Colton Smith,7 6 || 5 1,https://www.espn.com/tennis/scoreboard/tournament/_/eventId/296-2026/competitionType/1,https://www.espn.com/tennis/scoreboard/tournament/_/eventId/296-2026/competitionType/1/date/20260214
2026-02-14,Delray Beach Open,Q1,Qualifying 1st Round - Center Court,Chak Lam Coleman Wong,Yoshihito Nishioka,2 2 || 6 6,https://www.espn.com/tennis/scoreboard/tournament/_/eventId/296-2026/competitionType/1,https://www.espn.com/tennis/scoreboard/tournament/_/eventId/296-2026/competitionType/1/date/20260214
2026-02-15,Delray Beach Open,,,Sho Shimabukuro,Adam Walton,3 4 || 6 6,https://www.espn.com/tennis/scoreboard/tournament/_/eventId/296-2026/competitionType/1,https://www.espn.com/tennis/scoreboard/tournament/_/eventId/296-2026/competitionType/1/date/20260215
2026-02-15,Delray Beach Open,,,Rinky Hijikata,Dalibor Svrcina,4 3 || 6 6,https://www.espn.com/tennis/scoreboard/tournament/_/eventId/296-2026/competitionType/1,https://www.espn.com/tennis/scoreboard/tournament/_/eventId/296-2026/competitionType/1/date/20260215
2026-02-15,Delray Beach Open,,,Chak Lam Coleman Wong,Tristan Schoolkate,4 4 || 6 6,https://www.espn.com/tennis/scoreboard/tournament/_/eventId/296-2026/competitionType/1,https://www.espn.com/tennis/scoreboard/tournament/_/eventId/296-2026/competitionType/1/date/20260215
2026-02-15,Delray Beach Open,,,Zachary Svajda,Wu Yibing,6 6 || 3 4,https://www.espn.com/tennis/scoreboard/tournament/_/eventId/296-2026/competitionType/1,https://www.espn.com/tennis/scoreboard/tournament/_/eventId/296-2026/competitionType/1/date/20260215
2026-02-16,Delray Beach Open,,,Alex Michelsen,Valentin Vacherot,6 4 4 || 7 7 6,https://www.espn.com/tennis/scoreboard/tournament/_/eventId/296-2026/competitionType/1,https://www.espn.com/tennis/scoreboard/tournament/_/eventId/296-2026/competitionType/1/date/20260216
2026-02-16,Delray Beach Open,,,Frances Tiafoe,Rinky Hijikata,4 4 8 || 6 6,https://www.espn.com/tennis/scoreboard/tournament/_/eventId/296-2026/competitionType/1,https://www.espn.com/tennis/scoreboard/tournament/_/eventId/296-2026/competitionType/1/date/20260216
2026-02-16,Delray Beach Open,,,Marcos Giron,Sho Shimabukuro,3 5 || 6 7,https://www.espn.com/tennis/scoreboard/tournament/_/eventId/296-2026/competitionType/1,https://www.espn.com/tennis/scoreboard/tournament/_/eventId/296-2026/competitionType/1/date/20260216
2026-02-16,Delray Beach Open,,,Chak Lam Coleman Wong,Nuno Borges,6 5 6 3 || 7 7 4 6,https://www.espn.com/tennis/scoreboard/tournament/_/eventId/296-2026/competitionType/1,https://www.espn.com/tennis/scoreboard/tournament/_/eventId/296-2026/competitionType/1/date/20260216
2026-02-16,Delray Beach Open,,,Terence Atmane,Patrick Kypson,3 6 4 || 6 2 6,https://www.espn.com/tennis/scoreboard/tournament/_/eventId/296-2026/competitionType/1,https://www.espn.com/tennis/scoreboard/tournament/_/eventId/296-2026/competitionType/1/date/20260216
2026-02-17,Delray Beach Open,,,Tommy Paul,Corentin Moutet,6 3 4 5 || 4 6 6,https://www.espn.com/tennis/scoreboard/tournament/_/eventId/296-2026/competitionType/1,https://www.espn.com/tennis/scoreboard/tournament/_/eventId/296-2026/competitionType/1/date/20260217
2026-02-17,Delray Beach Open,,,Brandon Nakashima,Marin Cilic,7 7 7 7 || 6 4 6 5,https://www.espn.com/tennis/scoreboard/tournament/_/eventId/296-2026/competitionType/1,https://www.espn.com/tennis/scoreboard/tournament/_/eventId/296-2026/competitionType/1/date/20260217
2026-02-17,Delray Beach Open,,,Miomir Kecmanovic,Mattia Bellucci,6 6 || 1 4,https://www.espn.com/tennis/scoreboard/tournament/_/eventId/296-2026/competitionType/1,https://www.espn.com/tennis/scoreboard/tournament/_/eventId/296-2026/competitionType/1/date/20260217
2026-02-17,Delray Beach Open,,,Adam Walton,Gabriel Diallo,7 7 6 || 6 4 3,https://www.espn.com/tennis/scoreboard/tournament/_/eventId/296-2026/competitionType/1,https://www.espn.com/tennis/scoreboard/tournament/_/eventId/296-2026/competitionType/1/date/20260217
2026-02-17,Delray Beach Open,,,Rafael Jodar,Ethan Quinn,2 3 || 6 6,https://www.espn.com/tennis/scoreboard/tournament/_/eventId/296-2026/competitionType/1,https://www.espn.com/tennis/scoreboard/tournament/_/eventId/296-2026/competitionType/1/date/20260217
2026-02-17,Delray Beach Open,,,Sebastian Korda,Mackenzie McDonald,6 7 || 4 5,https://www.espn.com/tennis/scoreboard/tournament/_/eventId/296-2026/competitionType/1,https://www.espn.com/tennis/scoreboard/tournament/_/eventId/296-2026/competitionType/1/date/20260217
2026-02-17,Delray Beach Open,,,Zachary Svajda,Aleksandar Kovacevic,6 4 3 || 7 7 6,https://www.espn.com/tennis/scoreboard/tournament/_/eventId/296-2026/competitionType/1,https://www.espn.com/tennis/scoreboard/tournament/_/eventId/296-2026/competitionType/1/date/20260217
2026-02-18,Delray Beach Open,,,Casper Ruud,Marcos Giron,6 6 6 4 2 || 4 7 8 6,https://www.espn.com/tennis/scoreboard/tournament/_/eventId/296-2026/competitionType/1,https://www.espn.com/tennis/scoreboard/tournament/_/eventId/296-2026/competitionType/1/date/20260218
2026-02-18,Delray Beach Open,,,Flavio Cobolli,Terence Atmane,5 4 3 || 7 6,https://www.espn.com/tennis/scoreboard/tournament/_/eventId/296-2026/competitionType/1,https://www.espn.com/tennis/scoreboard/tournament/_/eventId/296-2026/competitionType/1/date/20260218
2026-02-18,Delray Beach Open,,,Chak Lam Coleman Wong,Brandon Nakashima,4 6 4 || 6 7 7,https://www.espn.com/tennis/scoreboard/tournament/_/eventId/296-2026/competitionType/1,https://www.espn.com/tennis/scoreboard/tournament/_/eventId/296-2026/competitionType/1/date/20260218
2026-02-18,Delray Beach Open,,,Sebastian Korda,Alex Michelsen,3 6 6 || 6 7 8,https://www.espn.com/tennis/scoreboard/tournament/_/eventId/296-2026/competitionType/1,https://www.espn.com/tennis/scoreboard/tournament/_/eventId/296-2026/competitionType/1/date/20260218
2026-02-19,Delray Beach Open,,,Taylor Fritz,Rafael Jodar,7 7 6 || 6 4 4,https://www.espn.com/tennis/scoreboard/tournament/_/eventId/296-2026/competitionType/1,https://www.espn.com/tennis/scoreboard/tournament/_/eventId/296-2026/competitionType/1/date/20260219
2026-02-19,Delray Beach Open,,,Learner Tien,Miomir Kecmanovic,6 6 4 7 7 || 4 7 7 6 5,https://www.espn.com/tennis/scoreboard/tournament/_/eventId/296-2026/competitionType/1,https://www.espn.com/tennis/scoreboard/tournament/_/eventId/296-2026/competitionType/1/date/20260219
2026-02-19,Delray Beach Open,,,Tommy Paul,Adam Walton,6 11 3 5 || 7 13 6,https://www.espn.com/tennis/scoreboard/tournament/_/eventId/296-2026/competitionType/1,https://www.espn.com/tennis/scoreboard/tournament/_/eventId/296-2026/competitionType/1/date/20260219
2026-02-19,Delray Beach Open,,,Frances Tiafoe,Zachary Svajda,4 6 5 8 || 6 3 7,https://www.espn.com/tennis/scoreboard/tournament/_/eventId/296-2026/competitionType/1,https://www.espn.com/tennis/scoreboard/tournament/_/eventId/296-2026/competitionType/1/date/20260219
2026-02-20,Delray Beach Open,F,Quarterfinal,Tommy Paul,Taylor Fritz,4 3 5 || 6 6,https://www.espn.com/tennis/scoreboard/tournament/_/eventId/296-2026/competitionType/1,https://www.espn.com/tennis/scoreboard/tournament/_/eventId/296-2026/competitionType/1/date/20260220
2026-02-20,Delray Beach Open,F,Quarterfinal - Center Court,Sebastian Korda,Casper Ruud,4 6 6 2 || 6 2 2,https://www.espn.com/tennis/scoreboard/tournament/_/eventId/296-2026/competitionType/1,https://www.espn.com/tennis/scoreboard/tournament/_/eventId/296-2026/competitionType/1/date/20260220
2026-02-20,Delray Beach Open,F,Quarterfinal - Center Court,Chak Lam Coleman Wong,Flavio Cobolli,5 7 9 2 3 || 7 6 7 6,https://www.espn.com/tennis/scoreboard/tournament/_/eventId/296-2026/competitionType/1,https://www.espn.com/tennis/scoreboard/tournament/_/eventId/296-2026/competitionType/1/date/20260220
2026-02-20,Delray Beach Open,F,Quarterfinal - Center Court,Learner Tien,Frances Tiafoe,7 7 3 7 8 || 6 5 6 5,https://www.espn.com/tennis/scoreboard/tournament/_/eventId/296-2026/competitionType/1,https://www.espn.com/tennis/scoreboard/tournament/_/eventId/296-2026/competitionType/1/date/20260220
2026-02-21,Delray Beach Open,F,Semifinal,Sebastian Korda,Flavio Cobolli,6 1 1 || 7 7 6,https://www.espn.com/tennis/scoreboard/tournament/_/eventId/296-2026/competitionType/1,https://www.espn.com/tennis/scoreboard/tournament/_/eventId/296-2026/competitionType/1/date/20260221
2026-02-21,Delray Beach Open,F,Semifinal - Center Court,Tommy Paul,Learner Tien,4 6 6 4 || 6 4 3,https://www.espn.com/tennis/scoreboard/tournament/_/eventId/296-2026/competitionType/1,https://www.espn.com/tennis/scoreboard/tournament/_/eventId/296-2026/competitionType/1/date/20260221
2026-02-22,Delray Beach Open,,,Sebastian Korda,Tommy Paul,4 3 || 6 6,https://www.espn.com/tennis/scoreboard/tournament/_/eventId/296-2026/competitionType/1,https://www.espn.com/tennis/scoreboard/tournament/_/eventId/296-2026/competitionType/1/date/20260222
2026-02-14,Rio Open presented by Claro,Q1,Qualifying 1st Round,Dino Prizmic,Daniel Elahi Galan,1 2 || 6 6,https://www.espn.com/tennis/scoreboard/tournament/_/eventId/375-2026/competitionType/1,https://www.espn.com/tennis/scoreboard/tournament/_/eventId/375-2026/competitionType/1/date/20260214
2026-02-14,Rio Open presented by Claro,Q1,Qualifying 1st Round - Quadra 4,Dusan Lajovic,Hugo Dellien,6 6 3 1 || 3 7 7 6,https://www.espn.com/tennis/scoreboard/tournament/_/eventId/375-2026/competitionType/1,https://www.espn.com/tennis/scoreboard/tournament/_/eventId/375-2026/competitionType/1/date/20260214
2026-02-14,Rio Open presented by Claro,Q1,Qualifying 1st Round - Quadra 2,Tomas Barrios Vera,Pedro Boscardin Dias,6 7 || 4 5,https://www.espn.com/tennis/scoreboard/tournament/_/eventId/375-2026/competitionType/1,https://www.espn.com/tennis/scoreboard/tournament/_/eventId/375-2026/competitionType/1/date/20260214
2026-02-14,Rio Open presented by Claro,Q1,Qualifying 1st Round - Quadra 1,Thiago Monteiro,Adolfo Daniel Vallejo,4 1 || 6 6,https://www.espn.com/tennis/scoreboard/tournament/_/eventId/375-2026/competitionType/1,https://www.espn.com/tennis/scoreboard/tournament/_/eventId/375-2026/competitionType/1/date/20260214
2026-02-14,Rio Open presented by Claro,Q1,Qualifying 1st Round - Quadra Guga Kuerten,Francesco Passaro,Elmer Moller,6 4 3 || 7 7 6,https://www.espn.com/tennis/scoreboard/tournament/_/eventId/375-2026/competitionType/1,https://www.espn.com/tennis/scoreboard/tournament/_/eventId/375-2026/competitionType/1/date/20260214
2026-02-14,Rio Open presented by Claro,Q1,Qualifying 1st Round - Quadra 2,Jaime Faria,Nicolas Jarry,7 8 6 4 6 || 6 6 7 7 3,https://www.espn.com/tennis/scoreboard/tournament/_/eventId/375-2026/competitionType/1,https://www.espn.com/tennis/scoreboard/tournament/_/eventId/375-2026/competitionType/1/date/20260214
2026-02-14,Rio Open presented by Claro,Q1,Qualifying 1st Round - Quadra 1,Igor Ribeiro Marcondes,Chun-Hsin Tseng,3 6 5 || 6 7 7,https://www.espn.com/tennis/scoreboard/tournament/_/eventId/375-2026/competitionType/1,https://www.espn.com/tennis/scoreboard/tournament/_/eventId/375-2026/competitionType/1/date/20260214
2026-02-14,Rio Open presented by Claro,Q1,Qualifying 1st Round - Quadra Guga Kuerten,Vilius Gaubas,Andrea Pellegrino,4 5 || 6 7,https://www.espn.com/tennis/scoreboard/tournament/_/eventId/375-2026/competitionType/1,https://www.espn.com/tennis/scoreboard/tournament/_/eventId/375-2026/competitionType/1/date/20260214
2026-02-15,Rio Open presented by Claro,,,Thiago Monteiro,Dusan Lajovic,2 6 6 || 6 3 3,https://www.espn.com/tennis/scoreboard/tournament/_/eventId/375-2026/competitionType/1,https://www.espn.com/tennis/scoreboard/tournament/_/eventId/375-2026/competitionType/1/date/20260215
2026-02-15,Rio Open presented by Claro,,,Vilius Gaubas,Francesco Passaro,4 4 || 6 6,https://www.espn.com/tennis/scoreboard/tournament/_/eventId/375-2026/competitionType/1,https://www.espn.com/tennis/scoreboard/tournament/_/eventId/375-2026/competitionType/1/date/20260215
2026-02-15,Rio Open presented by Claro,,,Dino Prizmic,Tomas Barrios Vera,3 4 || 6 6,https://www.espn.com/tennis/scoreboard/tournament/_/eventId/375-2026/competitionType/1,https://www.espn.com/tennis/scoreboard/tournament/_/eventId/375-2026/competitionType/1/date/20260215
2026-02-15,Rio Open presented by Claro,,,Igor Ribeiro Marcondes,Jaime Faria,6 7 7 || 1 6 5,https://www.espn.com/tennis/scoreboard/tournament/_/eventId/375-2026/competitionType/1,https://www.espn.com/tennis/scoreboard/tournament/_/eventId/375-2026/competitionType/1/date/20260215
2026-02-16,Rio Open presented by Claro,,,Dusan Lajovic,Daniel Altmaier,6 7 9 7 || 4 6 7,https://www.espn.com/tennis/scoreboard/tournament/_/eventId/375-2026/competitionType/1,https://www.espn.com/tennis/scoreboard/tournament/_/eventId/375-2026/competitionType/1/date/20260216
2026-02-16,Rio Open presented by Claro,,,Yannick Hanfmann,Joao Lucas Reis Da Silva,7 7 6 || 6 3 4,https://www.espn.com/tennis/scoreboard/tournament/_/eventId/375-2026/competitionType/1,https://www.espn.com/tennis/scoreboard/tournament/_/eventId/375-2026/competitionType/1/date/20260216
2026-02-16,Rio Open presented by Claro,,,Ignacio Buse,Igor Ribeiro Marcondes,6 5 4 || 4 7 6,https://www.espn.com/tennis/scoreboard/tournament/_/eventId/375-2026/competitionType/1,https://www.espn.com/tennis/scoreboard/tournament/_/eventId/375-2026/competitionType/1/date/20260216
2026-02-16,Rio Open presented by Claro,,,Vit Kopriva,Gustavo Heide,2 6 5 || 6 7 7,https://www.espn.com/tennis/scoreboard/tournament/_/eventId/375-2026/competitionType/1,https://www.espn.com/tennis/scoreboard/tournament/_/eventId/375-2026/competitionType/1/date/20260216
2026-02-16,Rio Open presented by Claro,,,Alejandro Tabilo,Emilio Nava,6 6 || 3 3,https://www.espn.com/tennis/scoreboard/tournament/_/eventId/375-2026/competitionType/1,https://www.espn.com/tennis/scoreboard/tournament/_/eventId/375-2026/competitionType/1/date/20260216
2026-02-16,Rio Open presented by Claro,,,Thiago Agustin Tirante,Cristian Garin,5 3 || 7 6,https://www.espn.com/tennis/scoreboard/tournament/_/eventId/375-2026/competitionType/1,https://www.espn.com/tennis/scoreboard/tournament/_/eventId/375-2026/competitionType/1/date/20260216
2026-02-17,Rio Open presented by Claro,,,Francisco Cerundolo,Mariano Navone,6 6 || 3 4,https://www.espn.com/tennis/scoreboard/tournament/_/eventId/375-2026/competitionType/1,https://www.espn.com/tennis/scoreboard/tournament/_/eventId/375-2026/competitionType/1/date/20260217
2026-02-17,Rio Open presented by Claro,,,Juan Manuel Cerundolo,Luciano Darderi,6 3 6 2 || 1 6 4,https://www.espn.com/tennis/scoreboard/tournament/_/eventId/375-2026/competitionType/1,https://www.espn.com/tennis/scoreboard/tournament/_/eventId/375-2026/competitionType/1/date/20260217
2026-02-17,Rio Open presented by Claro,,,Joao Fonseca,Thiago Monteiro,7 7 6 || 6 1 1,https://www.espn.com/tennis/scoreboard/tournament/_/eventId/375-2026/competitionType/1,https://www.espn.com/tennis/scoreboard/tournament/_/eventId/375-2026/competitionType/1/date/20260217
2026-02-17,Rio Open presented by Claro,,,Jaime Faria,Sebastian Baez,7 6 4 || 5 1,https://www.espn.com/tennis/scoreboard/tournament/_/eventId/375-2026/competitionType/1,https://www.espn.com/tennis/scoreboard/tournament/_/eventId/375-2026/competitionType/1/date/20260217
2026-02-17,Rio Open presented by Claro,,,Roman Andres Burruchaga,Camilo Ugo Carabelli,3 4 || 6 6,https://www.espn.com/tennis/scoreboard/tournament/_/eventId/375-2026/competitionType/1,https://www.espn.com/tennis/scoreboard/tournament/_/eventId/375-2026/competitionType/1/date/20260217
2026-02-17,Rio Open presented by Claro,,,Tomas Martin Etcheverry,Francisco Comesana,3 6 6 || 6 3 4,https://www.espn.com/tennis/scoreboard/tournament/_/eventId/375-2026/competitionType/1,https://www.espn.com/tennis/scoreboard/tournament/_/eventId/375-2026/competitionType/1/date/20260217
2026-02-17,Rio Open presented by Claro,,,Vilius Gaubas,Guto Miguel,3 6 2 || 6 2 6,https://www.espn.com/tennis/scoreboard/tournament/_/eventId/375-2026/competitionType/1,https://www.espn.com/tennis/scoreboard/tournament/_/eventId/375-2026/competitionType/1/date/20260217
2026-02-17,Rio Open presented by Claro,,,Damir Dzumhur,Pedro Martinez,0 7 7 6 || 6 6 5 4,https://www.espn.com/tennis/scoreboard/tournament/_/eventId/375-2026/competitionType/1,https://www.espn.com/tennis/scoreboard/tournament/_/eventId/375-2026/competitionType/1/date/20260217
2026-02-17,Rio Open presented by Claro,,,Francesco Passaro,Dino Prizmic,3 4 || 6 6,https://www.espn.com/tennis/scoreboard/tournament/_/eventId/375-2026/competitionType/1,https://www.espn.com/tennis/scoreboard/tournament/_/eventId/375-2026/competitionType/1/date/20260217
2026-02-17,Rio Open presented by Claro,,,Matteo Berrettini,Tomas Barrios Vera,6 1 5 || 7 7 7,https://www.espn.com/tennis/scoreboard/tournament/_/eventId/375-2026/competitionType/1,https://www.espn.com/tennis/scoreboard/tournament/_/eventId/375-2026/competitionType/1/date/20260217
2026-02-18,Rio Open presented by Claro,,,Thiago Agustin Tirante,Francisco Cerundolo,2 1 || 6 3 RET,https://www.espn.com/tennis/scoreboard/tournament/_/eventId/375-2026/competitionType/1,https://www.espn.com/tennis/scoreboard/tournament/_/eventId/375-2026/competitionType/1/date/20260218
2026-02-18,Rio Open presented by Claro,,,Alejandro Tabilo,Francesco Passaro,4 7 7 6 || 6 6 0 2,https://www.espn.com/tennis/scoreboard/tournament/_/eventId/375-2026/competitionType/1,https://www.espn.com/tennis/scoreboard/tournament/_/eventId/375-2026/competitionType/1/date/20260218
2026-02-18,Rio Open presented by Claro,,,Yannick Hanfmann,Juan Manuel Cerundolo,4 7 7 4 || 6 6 1 6,https://www.espn.com/tennis/scoreboard/tournament/_/eventId/375-2026/competitionType/1,https://www.espn.com/tennis/scoreboard/tournament/_/eventId/375-2026/competitionType/1/date/20260218
2026-02-18,Rio Open presented by Claro,,,Vit Kopriva,Roman Andres Burruchaga,3 1 || 6 6,https://www.espn.com/tennis/scoreboard/tournament/_/eventId/375-2026/competitionType/1,https://www.espn.com/tennis/scoreboard/tournament/_/eventId/375-2026/competitionType/1/date/20260218
2026-02-19,Rio Open presented by Claro,,,Ignacio Buse,Joao Fonseca,7 3 4 || 5 6 6,https://www.espn.com/tennis/scoreboard/tournament/_/eventId/375-2026/competitionType/1,https://www.espn.com/tennis/scoreboard/tournament/_/eventId/375-2026/competitionType/1/date/20260219
2026-02-19,Rio Open presented by Claro,,,Tomas Martin Etcheverry,Vilius Gaubas,7 7 6 || 6 1 4,https://www.espn.com/tennis/scoreboard/tournament/_/eventId/375-2026/competitionType/1,https://www.espn.com/tennis/scoreboard/tournament/_/eventId/375-2026/competitionType/1/date/20260219
2026-02-19,Rio Open presented by Claro,,,Matteo Berrettini,Dusan Lajovic,3 6 6 || 6 4 2,https://www.espn.com/tennis/scoreboard/tournament/_/eventId/375-2026/competitionType/1,https://www.espn.com/tennis/scoreboard/tournament/_/eventId/375-2026/competitionType/1/date/20260219
2026-02-19,Rio Open presented by Claro,,,Jaime Faria,Damir Dzumhur,6 1 4 || 7 7 6,https://www.espn.com/tennis/scoreboard/tournament/_/eventId/375-2026/competitionType/1,https://www.espn.com/tennis/scoreboard/tournament/_/eventId/375-2026/competitionType/1/date/20260219
2026-02-20,Rio Open presented by Claro,F,Quarterfinal,Tomas Martin Etcheverry,Jaime Faria,7 7 6 || 6 4 4,https://www.espn.com/tennis/scoreboard/tournament/_/eventId/375-2026/competitionType/1,https://www.espn.com/tennis/scoreboard/tournament/_/eventId/375-2026/competitionType/1/date/20260220
2026-02-20,Rio Open presented by Claro,F,Quarterfinal - Quadra Guga Kuerten,Alejandro Tabilo,Thiago Agustin Tirante,6 2 7 8 1 || 7 7 6 6 6,https://www.espn.com/tennis/scoreboard/tournament/_/eventId/375-2026/competitionType/1,https://www.espn.com/tennis/scoreboard/tournament/_/eventId/375-2026/competitionType/1/date/20260220
2026-02-20,Rio Open presented by Claro,F,Quarterfinal - Quadra 1,Ignacio Buse,Matteo Berrettini,6 2 6 || 3 6 3,https://www.espn.com/tennis/scoreboard/tournament/_/eventId/375-2026/competitionType/1,https://www.espn.com/tennis/scoreboard/tournament/_/eventId/375-2026/competitionType/1/date/20260220
2026-02-20,Rio Open presented by Claro,F,Quarterfinal - Quadra Guga Kuerten,Vit Kopriva,Juan Manuel Cerundolo,6 6 || 4 4,https://www.espn.com/tennis/scoreboard/tournament/_/eventId/375-2026/competitionType/1,https://www.espn.com/tennis/scoreboard/tournament/_/eventId/375-2026/competitionType/1/date/20260220
2026-02-22,Rio Open presented by Claro,F,Semifinal,Tomas Martin Etcheverry,Vit Kopriva,4 7 7 7 7 || 6 6 2 6 4,https://www.espn.com/tennis/scoreboard/tournament/_/eventId/375-2026/competitionType/1,https://www.espn.com/tennis/scoreboard/tournament/_/eventId/375-2026/competitionType/1/date/20260222
2026-02-22,Rio Open presented by Claro,F,Semifinal - Quadra Guga Kuerten,Alejandro Tabilo,Ignacio Buse,6 6 || 3 3,https://www.espn.com/tennis/scoreboard/tournament/_/eventId/375-2026/competitionType/1,https://www.espn.com/tennis/scoreboard/tournament/_/eventId/375-2026/competitionType/1/date/20260222
2026-02-22,Rio Open presented by Claro,F,Semifinal - Quadra 1,Tomas Martin Etcheverry,Alejandro Tabilo,6 6 3 4 8 || 3 7 7 6,https://www.espn.com/tennis/scoreboard/tournament/_/eventId/375-2026/competitionType/1,https://www.espn.com/tennis/scoreboard/tournament/_/eventId/375-2026/competitionType/1/date/20260222
2026-02-21,BCI Seguros Chile Open,Q1,Qualifying 1st Round,Daniel Elahi Galan,Facundo Mena,6 5 6 4 || 7 7 7 7,https://www.espn.com/tennis/scoreboard/tournament/_/eventId/620-2026/competitionType/1,https://www.espn.com/tennis/scoreboard/tournament/_/eventId/620-2026/competitionType/1/date/20260221
2026-02-21,BCI Seguros Chile Open,Q1,Qualifying 1st Round - Court 1,Henrique Rocha,Orlando Luz,3 2 || 6 6,https://www.espn.com/tennis/scoreboard/tournament/_/eventId/620-2026/competitionType/1,https://www.espn.com/tennis/scoreboard/tournament/_/eventId/620-2026/competitionType/1/date/20260221
2026-02-21,BCI Seguros Chile Open,Q1,Qualifying 1st Round - Court 2,Adolfo Daniel Vallejo,Thiago Monteiro,6 3 6 6 || 7 7 4 2,https://www.espn.com/tennis/scoreboard/tournament/_/eventId/620-2026/competitionType/1,https://www.espn.com/tennis/scoreboard/tournament/_/eventId/620-2026/competitionType/1/date/20260221
2026-02-21,BCI Seguros Chile Open,Q1,Qualifying 1st Round - Court Jaime Fillol,Dino Prizmic,Gustavo Heide,6 7 || 2 5,https://www.espn.com/tennis/scoreboard/tournament/_/eventId/620-2026/competitionType/1,https://www.espn.com/tennis/scoreboard/tournament/_/eventId/620-2026/competitionType/1/date/20260221
2026-02-21,BCI Seguros Chile Open,Q1,Qualifying 1st Round - Court 2,Andrea Pellegrino,Nicolas Villalon,6 6 || 3 4,https://www.espn.com/tennis/scoreboard/tournament/_/eventId/620-2026/competitionType/1,https://www.espn.com/tennis/scoreboard/tournament/_/eventId/620-2026/competitionType/1/date/20260221
2026-02-21,BCI Seguros Chile Open,Q1,Qualifying 1st Round - Court 1,Alex Barrena,Daniel Antonio Nunez,0 3 || 6 6,https://www.espn.com/tennis/scoreboard/tournament/_/eventId/620-2026/competitionType/1,https://www.espn.com/tennis/scoreboard/tournament/_/eventId/620-2026/competitionType/1/date/20260221
2026-02-21,BCI Seguros Chile Open,Q1,Qualifying 1st Round - Court Jaime Fillol,Vilius Gaubas,Joao Lucas Reis Da Silva,6 6 || 2 3,https://www.espn.com/tennis/scoreboard/tournament/_/eventId/620-2026/competitionType/1,https://www.espn.com/tennis/scoreboard/tournament/_/eventId/620-2026/competitionType/1/date/20260221
2026-02-21,BCI Seguros Chile Open,Q1,Qualifying 1st Round - Court 1,Hugo Dellien,Benjamin Torrealba,1 1 || 6 6,https://www.espn.com/tennis/scoreboard/tournament/_/eventId/620-2026/competitionType/1,https://www.espn.com/tennis/scoreboard/tournament/_/eventId/620-2026/competitionType/1/date/20260221
2026-02-22,BCI Seguros Chile Open,,,Adolfo Daniel Vallejo,Henrique Rocha,6 6 || 4 2,https://www.espn.com/tennis/scoreboard/tournament/_/eventId/620-2026/competitionType/1,https://www.espn.com/tennis/scoreboard/tournament/_/eventId/620-2026/competitionType/1/date/20260222
2026-02-22,BCI Seguros Chile Open,,,Andrea Pellegrino,Daniel Elahi Galan,6 2 7 9 6 || 7 7 6 7 4,https://www.espn.com/tennis/scoreboard/tournament/_/eventId/620-2026/competitionType/1,https://www.espn.com/tennis/scoreboard/tournament/_/eventId/620-2026/competitionType/1/date/20260222
2026-02-22,BCI Seguros Chile Open,,,Alex Barrena,Vilius Gaubas,3 1 || 6 6,https://www.espn.com/tennis/scoreboard/tournament/_/eventId/620-2026/competitionType/1,https://www.espn.com/tennis/scoreboard/tournament/_/eventId/620-2026/competitionType/1/date/20260222
2026-02-22,BCI Seguros Chile Open,,,Dino Prizmic,Hugo Dellien,6 3 6 || 3 6 2,https://www.espn.com/tennis/scoreboard/tournament/_/eventId/620-2026/competitionType/1,https://www.espn.com/tennis/scoreboard/tournament/_/eventId/620-2026/competitionType/1/date/20260222
2026-02-23,BCI Seguros Chile Open,,,Francisco Comesana,Pedro Martinez,6 2 7 7 || 4 6 6 4,https://www.espn.com/tennis/scoreboard/tournament/_/eventId/620-2026/competitionType/1,https://www.espn.com/tennis/scoreboard/tournament/_/eventId/620-2026/competitionType/1/date/20260223
2026-02-23,BCI Seguros Chile Open,,,Dino Prizmic,Nicolas Jarry,3 7 2 || 6 5 6,https://www.espn.com/tennis/scoreboard/tournament/_/eventId/620-2026/competitionType/1,https://www.espn.com/tennis/scoreboard/tournament/_/eventId/620-2026/competitionType/1/date/20260223
2026-02-23,BCI Seguros Chile Open,,,Andrea Pellegrino,Alex Barrena,6 2 6 || 2 6 1,https://www.espn.com/tennis/scoreboard/tournament/_/eventId/620-2026/competitionType/1,https://www.espn.com/tennis/scoreboard/tournament/_/eventId/620-2026/competitionType/1/date/20260223
2026-02-23,BCI Seguros Chile Open,,,Yannick Hanfmann,Dusan Lajovic,0 3 || 6 6,https://www.espn.com/tennis/scoreboard/tournament/_/eventId/620-2026/competitionType/1,https://www.espn.com/tennis/scoreboard/tournament/_/eventId/620-2026/competitionType/1/date/20260223
2026-02-24,BCI Seguros Chile Open,,,Emilio Nava,Matteo Berrettini,6 6 6 || 3 4,https://www.espn.com/tennis/scoreboard/tournament/_/eventId/620-2026/competitionType/1,https://www.espn.com/tennis/scoreboard/tournament/_/eventId/620-2026/competitionType/1/date/20260224
2026-02-24,BCI Seguros Chile Open,,,Alejandro Tabilo,Tomas Barrios Vera,7 6 || 5 3,https://www.espn.com/tennis/scoreboard/tournament/_/eventId/620-2026/competitionType/1,https://www.espn.com/tennis/scoreboard/tournament/_/eventId/620-2026/competitionType/1/date/20260224
2026-02-24,BCI Seguros Chile Open,,,Adolfo Daniel Vallejo,Francesco Passaro,3 3 || 6 3 RET,https://www.espn.com/tennis/scoreboard/tournament/_/eventId/620-2026/competitionType/1,https://www.espn.com/tennis/scoreboard/tournament/_/eventId/620-2026/competitionType/1/date/20260224
2026-02-24,BCI Seguros Chile Open,,,Cristian Garin,Juan Manuel Cerundolo,6 3 3 || 3 6 6,https://www.espn.com/tennis/scoreboard/tournament/_/eventId/620-2026/competitionType/1,https://www.espn.com/tennis/scoreboard/tournament/_/eventId/620-2026/competitionType/1/date/20260224
2026-02-24,BCI Seguros Chile Open,,,Thiago Agustin Tirante,Ignacio Buse,2 7 7 7 7 || 6 6 0 6 2,https://www.espn.com/tennis/scoreboard/tournament/_/eventId/620-2026/competitionType/1,https://www.espn.com/tennis/scoreboard/tournament/_/eventId/620-2026/competitionType/1/date/20260224
2026-02-24,BCI Seguros Chile Open,,,Mariano Navone,Vit Kopriva,3 6 3 || 6 0 1 RET,https://www.espn.com/tennis/scoreboard/tournament/_/eventId/620-2026/competitionType/1,https://www.espn.com/tennis/scoreboard/tournament/_/eventId/620-2026/competitionType/1/date/20260224
2026-02-24,BCI Seguros Chile Open,,,Elmer Moller,Roman Andres Burruchaga,7 7 0 6 || 6 4 6 4,https://www.espn.com/tennis/scoreboard/tournament/_/eventId/620-2026/competitionType/1,https://www.espn.com/tennis/scoreboard/tournament/_/eventId/620-2026/competitionType/1/date/20260224
2026-02-24,BCI Seguros Chile Open,,,Vilius Gaubas,Matias Soto,2 3 || 6 6,https://www.espn.com/tennis/scoreboard/tournament/_/eventId/620-2026/competitionType/1,https://www.espn.com/tennis/scoreboard/tournament/_/eventId/620-2026/competitionType/1/date/20260224
2026-02-25,BCI Seguros Chile Open,,,Luciano Darderi,Mariano Navone,3 6 4 2 || 6 3 6,https://www.espn.com/tennis/scoreboard/tournament/_/eventId/620-2026/competitionType/1,https://www.espn.com/tennis/scoreboard/tournament/_/eventId/620-2026/competitionType/1/date/20260225
2026-02-25,BCI Seguros Chile Open,,,Yannick Hanfmann,Camilo Ugo Carabelli,4 3 || 6 6,https://www.espn.com/tennis/scoreboard/tournament/_/eventId/620-2026/competitionType/1,https://www.espn.com/tennis/scoreboard/tournament/_/eventId/620-2026/competitionType/1/date/20260225
2026-02-25,BCI Seguros Chile Open,,,Andrea Pellegrino,Francisco Comesana,6 3 7 7 3 || 7 7 6 2 6,https://www.espn.com/tennis/scoreboard/tournament/_/eventId/620-2026/competitionType/1,https://www.espn.com/tennis/scoreboard/tournament/_/eventId/620-2026/competitionType/1/date/20260225
2026-02-25,BCI Seguros Chile Open,,,Vilius Gaubas,Dino Prizmic,7 5 3 || 5 7 6,https://www.espn.com/tennis/scoreboard/tournament/_/eventId/620-2026/competitionType/1,https://www.espn.com/tennis/scoreboard/tournament/_/eventId/620-2026/competitionType/1/date/20260225
2026-02-26,BCI Seguros Chile Open,,,Francisco Cerundolo,Elmer Moller,6 6 || 2 2,https://www.espn.com/tennis/scoreboard/tournament/_/eventId/620-2026/competitionType/1,https://www.espn.com/tennis/scoreboard/tournament/_/eventId/620-2026/competitionType/1/date/20260226
2026-02-26,BCI Seguros Chile Open,,,Sebastian Baez,Cristian Garin,6 2 6 5 3 || 7 7 1 7,https://www.espn.com/tennis/scoreboard/tournament/_/eventId/620-2026/competitionType/1,https://www.espn.com/tennis/scoreboard/tournament/_/eventId/620-2026/competitionType/1/date/20260226
2026-02-26,BCI Seguros Chile Open,,,Alejandro Tabilo,Thiago Agustin Tirante,4 6 6 || 6 3 3,https://www.espn.com/tennis/scoreboard/tournament/_/eventId/620-2026/competitionType/1,https://www.espn.com/tennis/scoreboard/tournament/_/eventId/620-2026/competitionType/1/date/20260226
2026-02-26,BCI Seguros Chile Open,,,Emilio Nava,Adolfo Daniel Vallejo,5 3 || 7 6,https://www.espn.com/tennis/scoreboard/tournament/_/eventId/620-2026/competitionType/1,https://www.espn.com/tennis/scoreboard/tournament/_/eventId/620-2026/competitionType/1/date/20260226
2026-02-27,BCI Seguros Chile Open,F,Quarterfinal,Francisco Cerundolo,Emilio Nava,6 6 || 1 1,https://www.espn.com/tennis/scoreboard/tournament/_/eventId/620-2026/competitionType/1,https://www.espn.com/tennis/scoreboard/tournament/_/eventId/620-2026/competitionType/1/date/20260227
2026-02-27,BCI Seguros Chile Open,F,Quarterfinal - Court Jaime Fillol,Luciano Darderi,Andrea Pellegrino,3 6 2 2 || 6 3 6,https://www.espn.com/tennis/scoreboard/tournament/_/eventId/620-2026/competitionType/1,https://www.espn.com/tennis/scoreboard/tournament/_/eventId/620-2026/competitionType/1/date/20260227
2026-02-27,BCI Seguros Chile Open,F,Quarterfinal - Court Jaime Fillol,Sebastian Baez,Alejandro Tabilo,6 2 1 3 || 7 7 6,https://www.espn.com/tennis/scoreboard/tournament/_/eventId/620-2026/competitionType/1,https://www.espn.com/tennis/scoreboard/tournament/_/eventId/620-2026/competitionType/1/date/20260227
2026-02-27,BCI Seguros Chile Open,F,Quarterfinal - Court Jaime Fillol,Yannick Hanfmann,Vilius Gaubas,3 6 6 || 6 2 2,https://www.espn.com/tennis/scoreboard/tournament/_/eventId/620-2026/competitionType/1,https://www.espn.com/tennis/scoreboard/tournament/_/eventId/620-2026/competitionType/1/date/20260227
2026-02-28,BCI Seguros Chile Open,F,Semifinal,Yannick Hanfmann,Francisco Cerundolo,3 4 || 6 6,https://www.espn.com/tennis/scoreboard/tournament/_/eventId/620-2026/competitionType/1,https://www.espn.com/tennis/scoreboard/tournament/_/eventId/620-2026/competitionType/1/date/20260228
2026-02-28,BCI Seguros Chile Open,F,Semifinal - Court Jaime Fillol,Luciano Darderi,Sebastian Baez,4 3 2 || 6 6,https://www.espn.com/tennis/scoreboard/tournament/_/eventId/620-2026/competitionType/1,https://www.espn.com/tennis/scoreboard/tournament/_/eventId/620-2026/competitionType/1/date/20260228
2026-03-01,BCI Seguros Chile Open,,,Luciano Darderi,Yannick Hanfmann,6 6 5 2 || 7 8 7,https://www.espn.com/tennis/scoreboard/tournament/_/eventId/620-2026/competitionType/1,https://www.espn.com/tennis/scoreboard/tournament/_/eventId/620-2026/competitionType/1/date/20260301
2026-02-21,Abierto Mexicano Telcel presentado por HSBC,Q1,Qualifying 1st Round,Patrick Kypson,Stefan Kozlov,7 7 6 || 6 3 0,https://www.espn.com/tennis/scoreboard/tournament/_/eventId/711-2026/competitionType/1,https://www.espn.com/tennis/scoreboard/tournament/_/eventId/711-2026/competitionType/1/date/20260221
2026-02-21,Abierto Mexicano Telcel presentado por HSBC,Q1,Qualifying 1st Round - Cancha 1,Chak Lam Coleman Wong,Alex Hernandez,3 2 || 6 6,https://www.espn.com/tennis/scoreboard/tournament/_/eventId/711-2026/competitionType/1,https://www.espn.com/tennis/scoreboard/tournament/_/eventId/711-2026/competitionType/1/date/20260221
2026-02-21,Abierto Mexicano Telcel presentado por HSBC,Q1,Qualifying 1st Round - Grandstand,Nicolas Mejia,Bernard Tomic,3 0 || 6 3 RET,https://www.espn.com/tennis/scoreboard/tournament/_/eventId/711-2026/competitionType/1,https://www.espn.com/tennis/scoreboard/tournament/_/eventId/711-2026/competitionType/1/date/20260221
2026-02-21,Abierto Mexicano Telcel presentado por HSBC,Q1,Qualifying 1st Round - Grandstand,Zachary Svajda,Andres Martin,6 6 || 0 0,https://www.espn.com/tennis/scoreboard/tournament/_/eventId/711-2026/competitionType/1,https://www.espn.com/tennis/scoreboard/tournament/_/eventId/711-2026/competitionType/1/date/20260221
2026-02-21,Abierto Mexicano Telcel presentado por HSBC,Q1,Qualifying 1st Round - Cancha 1,Wu Yibing,Juan Pablo Ficovich,0 2 || 6 6,https://www.espn.com/tennis/scoreboard/tournament/_/eventId/711-2026/competitionType/1,https://www.espn.com/tennis/scoreboard/tournament/_/eventId/711-2026/competitionType/1/date/20260221
2026-02-21,Abierto Mexicano Telcel presentado por HSBC,Q1,Qualifying 1st Round - Cancha 2,Elias Ymer,Mackenzie McDonald,6 7 6 4 || 7 9 4 6,https://www.espn.com/tennis/scoreboard/tournament/_/eventId/711-2026/competitionType/1,https://www.espn.com/tennis/scoreboard/tournament/_/eventId/711-2026/competitionType/1/date/20260221
2026-02-21,Abierto Mexicano Telcel presentado por HSBC,Q1,Qualifying 1st Round - Cancha 1,Sho Shimabukuro,Rafael De Alba,2 2 || 6 6,https://www.espn.com/tennis/scoreboard/tournament/_/eventId/711-2026/competitionType/1,https://www.espn.com/tennis/scoreboard/tournament/_/eventId/711-2026/competitionType/1/date/20260221
2026-02-21,Abierto Mexicano Telcel presentado por HSBC,Q1,Qualifying 1st Round - Cancha 2,Rinky Hijikata,Alan Magadan,7 7 6 || 6 0 3,https://www.espn.com/tennis/scoreboard/tournament/_/eventId/711-2026/competitionType/1,https://www.espn.com/tennis/scoreboard/tournament/_/eventId/711-2026/competitionType/1/date/20260221
2026-02-22,Abierto Mexicano Telcel presentado por HSBC,,,Patrick Kypson,Chak Lam Coleman Wong,6 6 || 3 0,https://www.espn.com/tennis/scoreboard/tournament/_/eventId/711-2026/competitionType/1,https://www.espn.com/tennis/scoreboard/tournament/_/eventId/711-2026/competitionType/1/date/20260222
2026-02-22,Abierto Mexicano Telcel presentado por HSBC,,,Sho Shimabukuro,Zachary Svajda,1 || 5 RET,https://www.espn.com/tennis/scoreboard/tournament/_/eventId/711-2026/competitionType/1,https://www.espn.com/tennis/scoreboard/tournament/_/eventId/711-2026/competitionType/1/date/20260222
2026-02-22,Abierto Mexicano Telcel presentado por HSBC,,,Wu Yibing,Rinky Hijikata,1 6 3 || 6 7 7,https://www.espn.com/tennis/scoreboard/tournament/_/eventId/711-2026/competitionType/1,https://www.espn.com/tennis/scoreboard/tournament/_/eventId/711-2026/competitionType/1/date/20260222
2026-02-22,Abierto Mexicano Telcel presentado por HSBC,,,Elias Ymer,Nicolas Mejia,6 6 || 4 4,https://www.espn.com/tennis/scoreboard/tournament/_/eventId/711-2026/competitionType/1,https://www.espn.com/tennis/scoreboard/tournament/_/eventId/711-2026/competitionType/1/date/20260222
2026-02-23,Abierto Mexicano Telcel presentado por HSBC,,,Patrick Kypson,Alex de Minaur,6 6 4 7 7 2 || 1 7 7 6 4,https://www.espn.com/tennis/scoreboard/tournament/_/eventId/711-2026/competitionType/1,https://www.espn.com/tennis/scoreboard/tournament/_/eventId/711-2026/competitionType/1/date/20260223
2026-02-23,Abierto Mexicano Telcel presentado por HSBC,,,Alejandro Davidovich Fokina,Daniel Altmaier,5 3 4 || 7 6,https://www.espn.com/tennis/scoreboard/tournament/_/eventId/711-2026/competitionType/1,https://www.espn.com/tennis/scoreboard/tournament/_/eventId/711-2026/competitionType/1/date/20260223
2026-02-23,Abierto Mexicano Telcel presentado por HSBC,,,Valentin Vacherot,Chak Lam Coleman Wong,4 6 6 || 6 3 2,https://www.espn.com/tennis/scoreboard/tournament/_/eventId/711-2026/competitionType/1,https://www.espn.com/tennis/scoreboard/tournament/_/eventId/711-2026/competitionType/1/date/20260223
2026-02-23,Abierto Mexicano Telcel presentado por HSBC,,,Rafael Jodar,Cameron Norrie,6 6 7 || 3 2,https://www.espn.com/tennis/scoreboard/tournament/_/eventId/711-2026/competitionType/1,https://www.espn.com/tennis/scoreboard/tournament/_/eventId/711-2026/competitionType/1/date/20260223
2026-02-23,Abierto Mexicano Telcel presentado por HSBC,,,Aleksandar Kovacevic,Adam Walton,6 1 6 3 || 7 7 7 7,https://www.espn.com/tennis/scoreboard/tournament/_/eventId/711-2026/competitionType/1,https://www.espn.com/tennis/scoreboard/tournament/_/eventId/711-2026/competitionType/1/date/20260223
2026-02-23,Abierto Mexicano Telcel presentado por HSBC,,,Brandon Nakashima,Elias Ymer,6 6 || 3 4,https://www.espn.com/tennis/scoreboard/tournament/_/eventId/711-2026/competitionType/1,https://www.espn.com/tennis/scoreboard/tournament/_/eventId/711-2026/competitionType/1/date/20260223
2026-02-23,Abierto Mexicano Telcel presentado por HSBC,,,Miomir Kecmanovic,Tristan Schoolkate,2 2 || 6 6,https://www.espn.com/tennis/scoreboard/tournament/_/eventId/711-2026/competitionType/1,https://www.espn.com/tennis/scoreboard/tournament/_/eventId/711-2026/competitionType/1/date/20260223
2026-02-24,Abierto Mexicano Telcel presentado por HSBC,,,Alexander Zverev,Corentin Moutet,6 6 || 2 4,https://www.espn.com/tennis/scoreboard/tournament/_/eventId/711-2026/competitionType/1,https://www.espn.com/tennis/scoreboard/tournament/_/eventId/711-2026/competitionType/1/date/20260224
2026-02-24,Abierto Mexicano Telcel presentado por HSBC,,,Wu Yibing,Casper Ruud,6 2 6 1 || 7 7 7 7,https://www.espn.com/tennis/scoreboard/tournament/_/eventId/711-2026/competitionType/1,https://www.espn.com/tennis/scoreboard/tournament/_/eventId/711-2026/competitionType/1/date/20260224
2026-02-24,Abierto Mexicano Telcel presentado por HSBC,,,Flavio Cobolli,Rodrigo Pacheco Mendez,6 3 6 3 5 || 7 7 7 7,https://www.espn.com/tennis/scoreboard/tournament/_/eventId/711-2026/competitionType/1,https://www.espn.com/tennis/scoreboard/tournament/_/eventId/711-2026/competitionType/1/date/20260224
2026-02-24,Abierto Mexicano Telcel presentado por HSBC,,,Frances Tiafoe,Nuno Borges,6 6 || 4 4,https://www.espn.com/tennis/scoreboard/tournament/_/eventId/711-2026/competitionType/1,https://www.espn.com/tennis/scoreboard/tournament/_/eventId/711-2026/competitionType/1/date/20260224
2026-02-24,Abierto Mexicano Telcel presentado por HSBC,,,Sho Shimabukuro,Adrian Mannarino,3 4 || 6 6,https://www.espn.com/tennis/scoreboard/tournament/_/eventId/711-2026/competitionType/1,https://www.espn.com/tennis/scoreboard/tournament/_/eventId/711-2026/competitionType/1/date/20260224
2026-02-24,Abierto Mexicano Telcel presentado por HSBC,,,Gael Monfils,Damir Dzumhur,4 6 5 || 6 7 7,https://www.espn.com/tennis/scoreboard/tournament/_/eventId/711-2026/competitionType/1,https://www.espn.com/tennis/scoreboard/tournament/_/eventId/711-2026/competitionType/1/date/20260224
2026-02-24,Abierto Mexicano Telcel presentado por HSBC,,,Mattia Bellucci,Rinky Hijikata,6 5 3 || 7 7 6,https://www.espn.com/tennis/scoreboard/tournament/_/eventId/711-2026/competitionType/1,https://www.espn.com/tennis/scoreboard/tournament/_/eventId/711-2026/competitionType/1/date/20260224
2026-02-24,Abierto Mexicano Telcel presentado por HSBC,,,Terence Atmane,Grigor Dimitrov,6 6 || 3 3,https://www.espn.com/tennis/scoreboard/tournament/_/eventId/711-2026/competitionType/1,https://www.espn.com/tennis/scoreboard/tournament/_/eventId/711-2026/competitionType/1/date/20260224
2026-02-24,Abierto Mexicano Telcel presentado por HSBC,,,Dalibor Svrcina,James Duckworth,4 1 || 6 6,https://www.espn.com/tennis/scoreboard/tournament/_/eventId/711-2026/competitionType/1,https://www.espn.com/tennis/scoreboard/tournament/_/eventId/711-2026/competitionType/1/date/20260224
2026-02-25,Abierto Mexicano Telcel presentado por HSBC,,,Miomir Kecmanovic,Alexander Zverev,3 7 7 6 4 || 6 6 3 7 7,https://www.espn.com/tennis/scoreboard/tournament/_/eventId/711-2026/competitionType/1,https://www.espn.com/tennis/scoreboard/tournament/_/eventId/711-2026/competitionType/1/date/20260225
2026-02-25,Abierto Mexicano Telcel presentado por HSBC,,,Mattia Bellucci,Alejandro Davidovich Fokina,6 6 4 || 3 3,https://www.espn.com/tennis/scoreboard/tournament/_/eventId/711-2026/competitionType/1,https://www.espn.com/tennis/scoreboard/tournament/_/eventId/711-2026/competitionType/1/date/20260225
2026-02-25,Abierto Mexicano Telcel presentado por HSBC,,,Flavio Cobolli,Dalibor Svrcina,4 4 5 || 6 6,https://www.espn.com/tennis/scoreboard/tournament/_/eventId/711-2026/competitionType/1,https://www.espn.com/tennis/scoreboard/tournament/_/eventId/711-2026/competitionType/1/date/20260225
2026-02-25,Abierto Mexicano Telcel presentado por HSBC,,,Valentin Vacherot,Gael Monfils,6 6 || 3 3,https://www.espn.com/tennis/scoreboard/tournament/_/eventId/711-2026/competitionType/1,https://www.espn.com/tennis/scoreboard/tournament/_/eventId/711-2026/competitionType/1/date/20260225
2026-02-25,Abierto Mexicano Telcel presentado por HSBC,,,Frances Tiafoe,Aleksandar Kovacevic,6 3 7 9 || 4 6 6 7,https://www.espn.com/tennis/scoreboard/tournament/_/eventId/711-2026/competitionType/1,https://www.espn.com/tennis/scoreboard/tournament/_/eventId/711-2026/competitionType/1/date/20260225
2026-02-25,Abierto Mexicano Telcel presentado por HSBC,,,Wu Yibing,Sho Shimabukuro,6 7 7 || 3 6 4,https://www.espn.com/tennis/scoreboard/tournament/_/eventId/711-2026/competitionType/1,https://www.espn.com/tennis/scoreboard/tournament/_/eventId/711-2026/competitionType/1/date/20260225
2026-02-25,Abierto Mexicano Telcel presentado por HSBC,,,Brandon Nakashima,Patrick Kypson,6 6 || 4 4,https://www.espn.com/tennis/scoreboard/tournament/_/eventId/711-2026/competitionType/1,https://www.espn.com/tennis/scoreboard/tournament/_/eventId/711-2026/competitionType/1/date/20260225
2026-02-25,Abierto Mexicano Telcel presentado por HSBC,,,Terence Atmane,Rafael Jodar,6 4 6 || 2 6 1,https://www.espn.com/tennis/scoreboard/tournament/_/eventId/711-2026/competitionType/1,https://www.espn.com/tennis/scoreboard/tournament/_/eventId/711-2026/competitionType/1/date/20260225
2026-02-26,Abierto Mexicano Telcel presentado por HSBC,F,Quarterfinal,Flavio Cobolli,Wu Yibing,6 4 1 5 || 7 7 6,https://www.espn.com/tennis/scoreboard/tournament/_/eventId/711-2026/competitionType/1,https://www.espn.com/tennis/scoreboard/tournament/_/eventId/711-2026/competitionType/1/date/20260226
2026-02-26,Abierto Mexicano Telcel presentado por HSBC,F,Quarterfinal - Estadio,Brandon Nakashima,Valentin Vacherot,6 2 3 || 2 6 6,https://www.espn.com/tennis/scoreboard/tournament/_/eventId/711-2026/competitionType/1,https://www.espn.com/tennis/scoreboard/tournament/_/eventId/711-2026/competitionType/1/date/20260226
2026-02-26,Abierto Mexicano Telcel presentado por HSBC,F,Quarterfinal - Estadio,Frances Tiafoe,Mattia Bellucci,6 6 || 3 4,https://www.espn.com/tennis/scoreboard/tournament/_/eventId/711-2026/competitionType/1,https://www.espn.com/tennis/scoreboard/tournament/_/eventId/711-2026/competitionType/1/date/20260226
2026-02-26,Abierto Mexicano Telcel presentado por HSBC,F,Quarterfinal - Estadio,Miomir Kecmanovic,Terence Atmane,6 6 || 3 3,https://www.espn.com/tennis/scoreboard/tournament/_/eventId/711-2026/competitionType/1,https://www.espn.com/tennis/scoreboard/tournament/_/eventId/711-2026/competitionType/1/date/20260226
2026-02-27,Abierto Mexicano Telcel presentado por HSBC,F,Semifinal,Flavio Cobolli,Miomir Kecmanovic,6 5 6 4 5 || 7 7 3 6,https://www.espn.com/tennis/scoreboard/tournament/_/eventId/711-2026/competitionType/1,https://www.espn.com/tennis/scoreboard/tournament/_/eventId/711-2026/competitionType/1/date/20260227
2026-02-27,Abierto Mexicano Telcel presentado por HSBC,F,Semifinal - Estadio,Frances Tiafoe,Brandon Nakashima,3 7 8 6 || 6 6 6 4,https://www.espn.com/tennis/scoreboard/tournament/_/eventId/711-2026/competitionType/1,https://www.espn.com/tennis/scoreboard/tournament/_/eventId/711-2026/competitionType/1/date/20260227
2026-02-28,Abierto Mexicano Telcel presentado por HSBC,,,Flavio Cobolli,Frances Tiafoe,7 7 6 8 || 6 4 4,https://www.espn.com/tennis/scoreboard/tournament/_/eventId/711-2026/competitionType/1,https://www.espn.com/tennis/scoreboard/tournament/_/eventId/711-2026/competitionType/1/date/20260228
2026-03-02,BNP Paribas Open,Q1,Qualifying 1st Round,Dalibor Svrcina,Mitchell Krueger,6 6 4 || 7 8 6,https://www.espn.com/tennis/scoreboard/tournament/_/eventId/411-2026/competitionType/1,https://www.espn.com/tennis/scoreboard/tournament/_/eventId/411-2026/competitionType/1/date/20260302
2026-03-02,BNP Paribas Open,Q1,Qualifying 1st Round - Stadium 7,Trevor Svajda,Luca Nardi,6 6 2 3 || 4 7 7 6,https://www.espn.com/tennis/scoreboard/tournament/_/eventId/411-2026/competitionType/1,https://www.espn.com/tennis/scoreboard/tournament/_/eventId/411-2026/competitionType/1/date/20260302
2026-03-02,BNP Paribas Open,Q1,Qualifying 1st Round - Stadium 3,Tomas Barrios Vera,Jagger Leach,3 3 || 6 6,https://www.espn.com/tennis/scoreboard/tournament/_/eventId/411-2026/competitionType/1,https://www.espn.com/tennis/scoreboard/tournament/_/eventId/411-2026/competitionType/1/date/20260302
2026-03-02,BNP Paribas Open,Q1,Qualifying 1st Round - Stadium 4,Alexis Galarneau,Luca Van Assche,6 6 4 || 7 8 6,https://www.espn.com/tennis/scoreboard/tournament/_/eventId/411-2026/competitionType/1,https://www.espn.com/tennis/scoreboard/tournament/_/eventId/411-2026/competitionType/1/date/20260302
2026-03-02,BNP Paribas Open,Q1,Qualifying 1st Round - Stadium 8,Vit Kopriva,Rei Sakamoto,6 7 8 || 4 6 6,https://www.espn.com/tennis/scoreboard/tournament/_/eventId/411-2026/competitionType/1,https://www.espn.com/tennis/scoreboard/tournament/_/eventId/411-2026/competitionType/1/date/20260302
2026-03-02,BNP Paribas Open,Q1,Qualifying 1st Round - Stadium 5,Roman Andres Burruchaga,Moez Echargui,7 7 4 7 7 || 6 4 6 6 5,https://www.espn.com/tennis/scoreboard/tournament/_/eventId/411-2026/competitionType/1,https://www.espn.com/tennis/scoreboard/tournament/_/eventId/411-2026/competitionType/1/date/20260302
2026-03-02,BNP Paribas Open,Q1,Qualifying 1st Round - Stadium 9,Mackenzie McDonald,Vitaliy Sachko,2 1 || 6 6,https://www.espn.com/tennis/scoreboard/tournament/_/eventId/411-2026/competitionType/1,https://www.espn.com/tennis/scoreboard/tournament/_/eventId/411-2026/competitionType/1/date/20260302
2026-03-02,BNP Paribas Open,Q1,Qualifying 1st Round - Stadium 3,Chun-Hsin Tseng,David Goffin,6 6 || 4 1,https://www.espn.com/tennis/scoreboard/tournament/_/eventId/411-2026/competitionType/1,https://www.espn.com/tennis/scoreboard/tournament/_/eventId/411-2026/competitionType/1/date/20260302
2026-03-02,BNP Paribas Open,Q1,Qualifying 1st Round - Stadium 3,Elias Ymer,Chak Lam Coleman Wong,6 3 7 7 || 3 6 6 5,https://www.espn.com/tennis/scoreboard/tournament/_/eventId/411-2026/competitionType/1,https://www.espn.com/tennis/scoreboard/tournament/_/eventId/411-2026/competitionType/1/date/20260302
2026-03-02,BNP Paribas Open,Q1,Qualifying 1st Round - Stadium 8,Rinky Hijikata,Leandro Riedi,5 3 || 7 6,https://www.espn.com/tennis/scoreboard/tournament/_/eventId/411-2026/competitionType/1,https://www.espn.com/tennis/scoreboard/tournament/_/eventId/411-2026/competitionType/1/date/20260302
2026-03-02,BNP Paribas Open,Q1,Qualifying 1st Round - Stadium 9,Dino Prizmic,Darwin Blanch,6 3 0 || 7 7 6,https://www.espn.com/tennis/scoreboard/tournament/_/eventId/411-2026/competitionType/1,https://www.espn.com/tennis/scoreboard/tournament/_/eventId/411-2026/competitionType/1/date/20260302
2026-03-02,BNP Paribas Open,Q1,Qualifying 1st Round - Stadium 6,Nikoloz Basilashvili,Nicolas Mejia,6 2 4 || 0 6 6,https://www.espn.com/tennis/scoreboard/tournament/_/eventId/411-2026/competitionType/1,https://www.espn.com/tennis/scoreboard/tournament/_/eventId/411-2026/competitionType/1/date/20260302
2026-03-02,BNP Paribas Open,Q1,Qualifying 1st Round - Stadium 8,Daniel Merida,Patrick Kypson,6 3 6 4 || 3 6 7 7,https://www.espn.com/tennis/scoreboard/tournament/_/eventId/411-2026/competitionType/1,https://www.espn.com/tennis/scoreboard/tournament/_/eventId/411-2026/competitionType/1/date/20260302
2026-03-02,BNP Paribas Open,Q1,Qualifying 1st Round - Stadium 3,Aleksandar Vukic,Stefano Travaglia,7 7 7 7 || 6 2 6 2,https://www.espn.com/tennis/scoreboard/tournament/_/eventId/411-2026/competitionType/1,https://www.espn.com/tennis/scoreboard/tournament/_/eventId/411-2026/competitionType/1/date/20260302
2026-03-02,BNP Paribas Open,Q1,Qualifying 1st Round - Stadium 7,Tristan Schoolkate,Alex Bolt,3 7 7 6 || 6 6 4 4,https://www.espn.com/tennis/scoreboard/tournament/_/eventId/411-2026/competitionType/1,https://www.espn.com/tennis/scoreboard/tournament/_/eventId/411-2026/competitionType/1/date/20260302
2026-03-02,BNP Paribas Open,Q1,Qualifying 1st Round - Stadium 9,Dane Sweeny,Andrew Johnson,2 1 || 6 6,https://www.espn.com/tennis/scoreboard/tournament/_/eventId/411-2026/competitionType/1,https://www.espn.com/tennis/scoreboard/tournament/_/eventId/411-2026/competitionType/1/date/20260302
2026-03-02,BNP Paribas Open,Q1,Qualifying 1st Round - Stadium 4,Ignacio Buse,Liam Draxl,6 7 7 || 4 6 3,https://www.espn.com/tennis/scoreboard/tournament/_/eventId/411-2026/competitionType/1,https://www.espn.com/tennis/scoreboard/tournament/_/eventId/411-2026/competitionType/1/date/20260302
2026-03-02,BNP Paribas Open,Q1,Qualifying 1st Round - Stadium 5,Thiago Agustin Tirante,Izyan Ahmad,6 6 || 1 2,https://www.espn.com/tennis/scoreboard/tournament/_/eventId/411-2026/competitionType/1,https://www.espn.com/tennis/scoreboard/tournament/_/eventId/411-2026/competitionType/1/date/20260302
2026-03-02,BNP Paribas Open,Q1,Qualifying 1st Round - Stadium 4,Sho Shimabukuro,Colton Smith,6 5 5 || 7 7 7,https://www.espn.com/tennis/scoreboard/tournament/_/eventId/411-2026/competitionType/1,https://www.espn.com/tennis/scoreboard/tournament/_/eventId/411-2026/competitionType/1/date/20260302
2026-03-02,BNP Paribas Open,Q1,Qualifying 1st Round - Stadium 3,Martin Landaluce,Alexander Blockx,0 2 || 6 6,https://www.espn.com/tennis/scoreboard/tournament/_/eventId/411-2026/competitionType/1,https://www.espn.com/tennis/scoreboard/tournament/_/eventId/411-2026/competitionType/1/date/20260302
2026-03-02,BNP Paribas Open,Q1,Qualifying 1st Round - Stadium 5,Francesco Maestrelli,Nicolas Jarry,4 6 6 7 || 6 4 7 9,https://www.espn.com/tennis/scoreboard/tournament/_/eventId/411-2026/competitionType/1,https://www.espn.com/tennis/scoreboard/tournament/_/eventId/411-2026/competitionType/1/date/20260302
2026-03-02,BNP Paribas Open,Q1,Qualifying 1st Round - Stadium 6,Christopher O'Connell,Billy Harris,6 6 || 4 3,https://www.espn.com/tennis/scoreboard/tournament/_/eventId/411-2026/competitionType/1,https://www.espn.com/tennis/scoreboard/tournament/_/eventId/411-2026/competitionType/1/date/20260302
2026-03-02,BNP Paribas Open,Q1,Qualifying 1st Round - Stadium 9,Shintaro Mochizuki,Federico Agustin Gomez,4 6 3 || 6 4 6,https://www.espn.com/tennis/scoreboard/tournament/_/eventId/411-2026/competitionType/1,https://www.espn.com/tennis/scoreboard/tournament/_/eventId/411-2026/competitionType/1/date/20260302
2026-03-02,BNP Paribas Open,Q1,Qualifying 1st Round - Stadium 8,Benjamin Bonzi,Jack Pinnington Jones,6 6 || 3 4,https://www.espn.com/tennis/scoreboard/tournament/_/eventId/411-2026/competitionType/1,https://www.espn.com/tennis/scoreboard/tournament/_/eventId/411-2026/competitionType/1/date/20260302
2026-03-03,BNP Paribas Open,,,Rinky Hijikata,Ignacio Buse,6 3 4 || 3 6 6,https://www.espn.com/tennis/scoreboard/tournament/_/eventId/411-2026/competitionType/1,https://www.espn.com/tennis/scoreboard/tournament/_/eventId/411-2026/competitionType/1/date/20260303
2026-03-03,BNP Paribas Open,,,Mackenzie McDonald,Trevor Svajda,4 2 || 6 6,https://www.espn.com/tennis/scoreboard/tournament/_/eventId/411-2026/competitionType/1,https://www.espn.com/tennis/scoreboard/tournament/_/eventId/411-2026/competitionType/1/date/20260303
2026-03-03,BNP Paribas Open,,,Chun-Hsin Tseng,Roman Andres Burruchaga,6 6 3 3 || 2 7 7 6,https://www.espn.com/tennis/scoreboard/tournament/_/eventId/411-2026/competitionType/1,https://www.espn.com/tennis/scoreboard/tournament/_/eventId/411-2026/competitionType/1/date/20260303
2026-03-03,BNP Paribas Open,,,Dalibor Svrcina,Vit Kopriva,6 4 4 || 7 7 6,https://www.espn.com/tennis/scoreboard/tournament/_/eventId/411-2026/competitionType/1,https://www.espn.com/tennis/scoreboard/tournament/_/eventId/411-2026/competitionType/1/date/20260303
2026-03-03,BNP Paribas Open,,,Alexis Galarneau,Tomas Barrios Vera,6 6 || 3 4,https://www.espn.com/tennis/scoreboard/tournament/_/eventId/411-2026/competitionType/1,https://www.espn.com/tennis/scoreboard/tournament/_/eventId/411-2026/competitionType/1/date/20260303
2026-03-03,BNP Paribas Open,,,Tristan Schoolkate,Elias Ymer,6 3 || 4 1 RET,https://www.espn.com/tennis/scoreboard/tournament/_/eventId/411-2026/competitionType/1,https://www.espn.com/tennis/scoreboard/tournament/_/eventId/411-2026/competitionType/1/date/20260303
2026-03-03,BNP Paribas Open,,,Dino Prizmic,Aleksandar Vukic,2 4 || 6 6,https://www.espn.com/tennis/scoreboard/tournament/_/eventId/411-2026/competitionType/1,https://www.espn.com/tennis/scoreboard/tournament/_/eventId/411-2026/competitionType/1/date/20260303
2026-03-03,BNP Paribas Open,,,Francesco Maestrelli,Thiago Agustin Tirante,6 5 4 || 7 7 6,https://www.espn.com/tennis/scoreboard/tournament/_/eventId/411-2026/competitionType/1,https://www.espn.com/tennis/scoreboard/tournament/_/eventId/411-2026/competitionType/1/date/20260303
2026-03-03,BNP Paribas Open,,,Christopher O'Connell,Nikoloz Basilashvili,6 6 || 4 4,https://www.espn.com/tennis/scoreboard/tournament/_/eventId/411-2026/competitionType/1,https://www.espn.com/tennis/scoreboard/tournament/_/eventId/411-2026/competitionType/1/date/20260303
2026-03-03,BNP Paribas Open,,,Daniel Merida,Dane Sweeny,6 4 6 || 3 6 3,https://www.espn.com/tennis/scoreboard/tournament/_/eventId/411-2026/competitionType/1,https://www.espn.com/tennis/scoreboard/tournament/_/eventId/411-2026/competitionType/1/date/20260303
2026-03-03,BNP Paribas Open,,,Benjamin Bonzi,Shintaro Mochizuki,6 5 6 || 4 7 3,https://www.espn.com/tennis/scoreboard/tournament/_/eventId/411-2026/competitionType/1,https://www.espn.com/tennis/scoreboard/tournament/_/eventId/411-2026/competitionType/1/date/20260303
2026-03-03,BNP Paribas Open,,,Sho Shimabukuro,Martin Landaluce,2 7 7 5 || 6 6 3 7,https://www.espn.com/tennis/scoreboard/tournament/_/eventId/411-2026/competitionType/1,https://www.espn.com/tennis/scoreboard/tournament/_/eventId/411-2026/competitionType/1/date/20260303
2026-03-04,BNP Paribas Open,,,Denis Shapovalov,Stefanos Tsitsipas,2 6 4 || 6 3 6,https://www.espn.com/tennis/scoreboard/tournament/_/eventId/411-2026/competitionType/1,https://www.espn.com/tennis/scoreboard/tournament/_/eventId/411-2026/competitionType/1/date/20260304
2026-03-04,BNP Paribas Open,,,Joao Fonseca,Raphael Collignon,7 7 6 || 6 2 4,https://www.espn.com/tennis/scoreboard/tournament/_/eventId/411-2026/competitionType/1,https://www.espn.com/tennis/scoreboard/tournament/_/eventId/411-2026/competitionType/1/date/20260304
2026-03-04,BNP Paribas Open,,,Zachary Svajda,Marin Cilic,7 7 6 || 6 5 4,https://www.espn.com/tennis/scoreboard/tournament/_/eventId/411-2026/competitionType/1,https://www.espn.com/tennis/scoreboard/tournament/_/eventId/411-2026/competitionType/1/date/20260304
2026-03-04,BNP Paribas Open,,,Gael Monfils,Alexis Galarneau,6 6 || 3 4,https://www.espn.com/tennis/scoreboard/tournament/_/eventId/411-2026/competitionType/1,https://www.espn.com/tennis/scoreboard/tournament/_/eventId/411-2026/competitionType/1/date/20260304
2026-03-04,BNP Paribas Open,,,Jenson Brooksby,Alexei Popyrin,6 6 || 3 4,https://www.espn.com/tennis/scoreboard/tournament/_/eventId/411-2026/competitionType/1,https://www.espn.com/tennis/scoreboard/tournament/_/eventId/411-2026/competitionType/1/date/20260304
2026-03-04,BNP Paribas Open,,,Dino Prizmic,Tristan Schoolkate,7 7 3 7 || 6 5 6 5,https://www.espn.com/tennis/scoreboard/tournament/_/eventId/411-2026/competitionType/1,https://www.espn.com/tennis/scoreboard/tournament/_/eventId/411-2026/competitionType/1/date/20260304
2026-03-04,BNP Paribas Open,,,Matteo Berrettini,Adrian Mannarino,4 7 7 || 6 5 5,https://www.espn.com/tennis/scoreboard/tournament/_/eventId/411-2026/competitionType/1,https://www.espn.com/tennis/scoreboard/tournament/_/eventId/411-2026/competitionType/1/date/20260304
2026-03-04,BNP Paribas Open,,,Marton Fucsovics,Christopher O'Connell,7 6 || 5 3,https://www.espn.com/tennis/scoreboard/tournament/_/eventId/411-2026/competitionType/1,https://www.espn.com/tennis/scoreboard/tournament/_/eventId/411-2026/competitionType/1/date/20260304
2026-03-04,BNP Paribas Open,,,Dalibor Svrcina,James Duckworth,6 6 || 2 4,https://www.espn.com/tennis/scoreboard/tournament/_/eventId/411-2026/competitionType/1,https://www.espn.com/tennis/scoreboard/tournament/_/eventId/411-2026/competitionType/1/date/20260304
2026-03-04,BNP Paribas Open,,,Gabriel Diallo,Mattia Bellucci,6 5 4 || 7 7 6,https://www.espn.com/tennis/scoreboard/tournament/_/eventId/411-2026/competitionType/1,https://www.espn.com/tennis/scoreboard/tournament/_/eventId/411-2026/competitionType/1/date/20260304
2026-03-04,BNP Paribas Open,,,Reilly Opelka,Ethan Quinn,7 7 7 || 5 6 3,https://www.espn.com/tennis/scoreboard/tournament/_/eventId/411-2026/competitionType/1,https://www.espn.com/tennis/scoreboard/tournament/_/eventId/411-2026/competitionType/1/date/20260304
2026-03-04,BNP Paribas Open,,,Zizou Bergs,Jan-Lennard Struff,6 6 || 3 4,https://www.espn.com/tennis/scoreboard/tournament/_/eventId/411-2026/competitionType/1,https://www.espn.com/tennis/scoreboard/tournament/_/eventId/411-2026/competitionType/1/date/20260304
2026-03-04,BNP Paribas Open,,,Miomir Kecmanovic,Daniel Altmaier,3 0 || 6 1 RET,https://www.espn.com/tennis/scoreboard/tournament/_/eventId/411-2026/competitionType/1,https://www.espn.com/tennis/scoreboard/tournament/_/eventId/411-2026/competitionType/1/date/20260304
2026-03-04,BNP Paribas Open,,,Camilo Ugo Carabelli,Martin Damm,7 7 6 || 6 5 3,https://www.espn.com/tennis/scoreboard/tournament/_/eventId/411-2026/competitionType/1,https://www.espn.com/tennis/scoreboard/tournament/_/eventId/411-2026/competitionType/1/date/20260304
2026-03-04,BNP Paribas Open,,,Adam Walton,Quentin Halys,3 3 || 6 6,https://www.espn.com/tennis/scoreboard/tournament/_/eventId/411-2026/competitionType/1,https://www.espn.com/tennis/scoreboard/tournament/_/eventId/411-2026/competitionType/1/date/20260304
2026-03-04,BNP Paribas Open,,,Marcos Giron,Mariano Navone,6 5 3 || 4 7 6,https://www.espn.com/tennis/scoreboard/tournament/_/eventId/411-2026/competitionType/1,https://www.espn.com/tennis/scoreboard/tournament/_/eventId/411-2026/competitionType/1/date/20260304
2026-03-05,BNP Paribas Open,,,Vit Kopriva,Michael Zheng,6 1 5 || 7 7 7,https://www.espn.com/tennis/scoreboard/tournament/_/eventId/411-2026/competitionType/1,https://www.espn.com/tennis/scoreboard/tournament/_/eventId/411-2026/competitionType/1/date/20260305
2026-03-05,BNP Paribas Open,,,Mackenzie McDonald,Matteo Arnaldi,0 1 || 6 6,https://www.espn.com/tennis/scoreboard/tournament/_/eventId/411-2026/competitionType/1,https://www.espn.com/tennis/scoreboard/tournament/_/eventId/411-2026/competitionType/1/date/20260305
2026-03-05,BNP Paribas Open,,,Sebastian Korda,Francisco Comesana,7 6 || 5 0,https://www.espn.com/tennis/scoreboard/tournament/_/eventId/411-2026/competitionType/1,https://www.espn.com/tennis/scoreboard/tournament/_/eventId/411-2026/competitionType/1/date/20260305
2026-03-05,BNP Paribas Open,,,Rinky Hijikata,Francesco Maestrelli,6 5 4 || 7 7 6,https://www.espn.com/tennis/scoreboard/tournament/_/eventId/411-2026/competitionType/1,https://www.espn.com/tennis/scoreboard/tournament/_/eventId/411-2026/competitionType/1/date/20260305
2026-03-05,BNP Paribas Open,,,Nuno Borges,Emilio Nava,7 11 7 || 6 9 5,https://www.espn.com/tennis/scoreboard/tournament/_/eventId/411-2026/competitionType/1,https://www.espn.com/tennis/scoreboard/tournament/_/eventId/411-2026/competitionType/1/date/20260305
2026-03-05,BNP Paribas Open,,,Alejandro Tabilo,Rafael Jodar,6 6 || 1 2,https://www.espn.com/tennis/scoreboard/tournament/_/eventId/411-2026/competitionType/1,https://www.espn.com/tennis/scoreboard/tournament/_/eventId/411-2026/competitionType/1/date/20260305
2026-03-05,BNP Paribas Open,,,Juan Manuel Cerundolo,Botic Van De Zandschulp,7 7 6 5 6 || 6 3 7 7 3,https://www.espn.com/tennis/scoreboard/tournament/_/eventId/411-2026/competitionType/1,https://www.espn.com/tennis/scoreboard/tournament/_/eventId/411-2026/competitionType/1/date/20260305
2026-03-05,BNP Paribas Open,,,Alex Michelsen,Daniel Merida,3 4 || 6 6,https://www.espn.com/tennis/scoreboard/tournament/_/eventId/411-2026/competitionType/1,https://www.espn.com/tennis/scoreboard/tournament/_/eventId/411-2026/competitionType/1/date/20260305
2026-03-05,BNP Paribas Open,,,Benjamin Bonzi,Valentin Royer,4 3 || 6 6,https://www.espn.com/tennis/scoreboard/tournament/_/eventId/411-2026/competitionType/1,https://www.espn.com/tennis/scoreboard/tournament/_/eventId/411-2026/competitionType/1/date/20260305
2026-03-05,BNP Paribas Open,,,Fabian Marozsan,Roberto Bautista Agut,4 7 7 4 || 6 6 2 6,https://www.espn.com/tennis/scoreboard/tournament/_/eventId/411-2026/competitionType/1,https://www.espn.com/tennis/scoreboard/tournament/_/eventId/411-2026/competitionType/1/date/20260305
2026-03-05,BNP Paribas Open,,,Sebastian Baez,Chun-Hsin Tseng,3 2 || 6 6,https://www.espn.com/tennis/scoreboard/tournament/_/eventId/411-2026/competitionType/1,https://www.espn.com/tennis/scoreboard/tournament/_/eventId/411-2026/competitionType/1/date/20260305
2026-03-05,BNP Paribas Open,,,Aleksandar Kovacevic,Hubert Hurkacz,6 6 6 4 || 7 8 7 7,https://www.espn.com/tennis/scoreboard/tournament/_/eventId/411-2026/competitionType/1,https://www.espn.com/tennis/scoreboard/tournament/_/eventId/411-2026/competitionType/1/date/20260305
2026-03-05,BNP Paribas Open,,,Jacob Fearnley,Damir Dzumhur,6 6 || 3 3,https://www.espn.com/tennis/scoreboard/tournament/_/eventId/411-2026/competitionType/1,https://www.espn.com/tennis/scoreboard/tournament/_/eventId/411-2026/competitionType/1/date/20260305
2026-03-05,BNP Paribas Open,,,Alexander Shevchenko,Sho Shimabukuro,6 3 6 || 4 6 2,https://www.espn.com/tennis/scoreboard/tournament/_/eventId/411-2026/competitionType/1,https://www.espn.com/tennis/scoreboard/tournament/_/eventId/411-2026/competitionType/1/date/20260305
2026-03-05,BNP Paribas Open,,,Kamil Majchrzak,Giovanni Mpetshi Perricard,6 1 7 || 3 6 5,https://www.espn.com/tennis/scoreboard/tournament/_/eventId/411-2026/competitionType/1,https://www.espn.com/tennis/scoreboard/tournament/_/eventId/411-2026/competitionType/1/date/20260305
2026-03-05,BNP Paribas Open,,,Grigor Dimitrov,Terence Atmane,4 7 4 || 6 5 6,https://www.espn.com/tennis/scoreboard/tournament/_/eventId/411-2026/competitionType/1,https://www.espn.com/tennis/scoreboard/tournament/_/eventId/411-2026/competitionType/1/date/20260305
2026-03-06,BNP Paribas Open,,,Jannik Sinner,Dalibor Svrcina,1 1 2 || 6 6,https://www.espn.com/tennis/scoreboard/tournament/_/eventId/411-2026/competitionType/1,https://www.espn.com/tennis/scoreboard/tournament/_/eventId/411-2026/competitionType/1/date/20260306
2026-03-06,BNP Paribas Open,,,Alexander Zverev,Matteo Berrettini,3 4 4 || 6 6,https://www.espn.com/tennis/scoreboard/tournament/_/eventId/411-2026/competitionType/1,https://www.espn.com/tennis/scoreboard/tournament/_/eventId/411-2026/competitionType/1/date/20260306
2026-03-06,BNP Paribas Open,,,Marton Fucsovics,Lorenzo Musetti,5 1 || 7 6,https://www.espn.com/tennis/scoreboard/tournament/_/eventId/411-2026/competitionType/1,https://www.espn.com/tennis/scoreboard/tournament/_/eventId/411-2026/competitionType/1/date/20260306
2026-03-06,BNP Paribas Open,,,Ben Shelton,Reilly Opelka,6 3 7 7 6 || 7 7 6 4 3,https://www.espn.com/tennis/scoreboard/tournament/_/eventId/411-2026/competitionType/1,https://www.espn.com/tennis/scoreboard/tournament/_/eventId/411-2026/competitionType/1/date/20260306
2026-03-06,BNP Paribas Open,,,Gael Monfils,Felix Auger-Aliassime,7 7 3 4 9 || 6 5 6 6,https://www.espn.com/tennis/scoreboard/tournament/_/eventId/411-2026/competitionType/1,https://www.espn.com/tennis/scoreboard/tournament/_/eventId/411-2026/competitionType/1/date/20260306
2026-03-06,BNP Paribas Open,,,Jakub Mensik,Marcos Giron,5 6 4 12 || 7 7 7,https://www.espn.com/tennis/scoreboard/tournament/_/eventId/411-2026/competitionType/1,https://www.espn.com/tennis/scoreboard/tournament/_/eventId/411-2026/competitionType/1/date/20260306
2026-03-06,BNP Paribas Open,,,Flavio Cobolli,Miomir Kecmanovic,3 6 6 || 6 3 4,https://www.espn.com/tennis/scoreboard/tournament/_/eventId/411-2026/competitionType/1,https://www.espn.com/tennis/scoreboard/tournament/_/eventId/411-2026/competitionType/1/date/20260306
2026-03-06,BNP Paribas Open,,,Alejandro Davidovich Fokina,Zachary Svajda,7 7 6 || 6 0 2,https://www.espn.com/tennis/scoreboard/tournament/_/eventId/411-2026/competitionType/1,https://www.espn.com/tennis/scoreboard/tournament/_/eventId/411-2026/competitionType/1/date/20260306
2026-03-06,BNP Paribas Open,,,Frances Tiafoe,Jenson Brooksby,4 2 21 || 6 6,https://www.espn.com/tennis/scoreboard/tournament/_/eventId/411-2026/competitionType/1,https://www.espn.com/tennis/scoreboard/tournament/_/eventId/411-2026/competitionType/1/date/20260306
2026-03-06,BNP Paribas Open,,,Tommy Paul,Zizou Bergs,1 2 23 || 6 6,https://www.espn.com/tennis/scoreboard/tournament/_/eventId/411-2026/competitionType/1,https://www.espn.com/tennis/scoreboard/tournament/_/eventId/411-2026/competitionType/1/date/20260306
2026-03-06,BNP Paribas Open,,,Learner Tien,Adam Walton,6 3 6 8 25 || 7 7 7 10,https://www.espn.com/tennis/scoreboard/tournament/_/eventId/411-2026/competitionType/1,https://www.espn.com/tennis/scoreboard/tournament/_/eventId/411-2026/competitionType/1/date/20260306
2026-03-06,BNP Paribas Open,,,Brandon Nakashima,Camilo Ugo Carabelli,6 6 || 3 4,https://www.espn.com/tennis/scoreboard/tournament/_/eventId/411-2026/competitionType/1,https://www.espn.com/tennis/scoreboard/tournament/_/eventId/411-2026/competitionType/1/date/20260306
2026-03-06,BNP Paribas Open,,,Denis Shapovalov,Tomas Martin Etcheverry,3 6 6 5 || 6 2 7 7,https://www.espn.com/tennis/scoreboard/tournament/_/eventId/411-2026/competitionType/1,https://www.espn.com/tennis/scoreboard/tournament/_/eventId/411-2026/competitionType/1/date/20260306
2026-03-06,BNP Paribas Open,,,Arthur Fils,Dino Prizmic,2 2 30 || 6 3 RET,https://www.espn.com/tennis/scoreboard/tournament/_/eventId/411-2026/competitionType/1,https://www.espn.com/tennis/scoreboard/tournament/_/eventId/411-2026/competitionType/1/date/20260306
2026-03-07,BNP Paribas Open,,,Carlos Alcaraz,Grigor Dimitrov,6 6 || 2 3,https://www.espn.com/tennis/scoreboard/tournament/_/eventId/411-2026/competitionType/1,https://www.espn.com/tennis/scoreboard/tournament/_/eventId/411-2026/competitionType/1/date/20260307
2026-03-07,BNP Paribas Open,,,Novak Djokovic,Kamil Majchrzak,4 6 6 || 6 1 2,https://www.espn.com/tennis/scoreboard/tournament/_/eventId/411-2026/competitionType/1,https://www.espn.com/tennis/scoreboard/tournament/_/eventId/411-2026/competitionType/1/date/20260307
2026-03-07,BNP Paribas Open,,,Alex de Minaur,Sebastian Korda,6 4 4 6 || 4 6 6,https://www.espn.com/tennis/scoreboard/tournament/_/eventId/411-2026/competitionType/1,https://www.espn.com/tennis/scoreboard/tournament/_/eventId/411-2026/competitionType/1/date/20260307
2026-03-07,BNP Paribas Open,,,Jacob Fearnley,Taylor Fritz,3 7 10 1 7 || 6 6 8 6,https://www.espn.com/tennis/scoreboard/tournament/_/eventId/411-2026/competitionType/1,https://www.espn.com/tennis/scoreboard/tournament/_/eventId/411-2026/competitionType/1/date/20260307
2026-03-07,BNP Paribas Open,,,Alexander Bublik,Vit Kopriva,3 7 7 6 || 6 6 3 2,https://www.espn.com/tennis/scoreboard/tournament/_/eventId/411-2026/competitionType/1,https://www.espn.com/tennis/scoreboard/tournament/_/eventId/411-2026/competitionType/1/date/20260307
2026-03-07,BNP Paribas Open,,,Daniil Medvedev,Alejandro Tabilo,6 6 || 4 2,https://www.espn.com/tennis/scoreboard/tournament/_/eventId/411-2026/competitionType/1,https://www.espn.com/tennis/scoreboard/tournament/_/eventId/411-2026/competitionType/1/date/20260307
2026-03-07,BNP Paribas Open,,,Casper Ruud,Alexander Shevchenko,1 6 4 13 || 6 7 7,https://www.espn.com/tennis/scoreboard/tournament/_/eventId/411-2026/competitionType/1,https://www.espn.com/tennis/scoreboard/tournament/_/eventId/411-2026/competitionType/1/date/20260307
2026-03-07,BNP Paribas Open,,,Jack Draper,Roberto Bautista Agut,6 3 2 14 || 3 6 6,https://www.espn.com/tennis/scoreboard/tournament/_/eventId/411-2026/competitionType/1,https://www.espn.com/tennis/scoreboard/tournament/_/eventId/411-2026/competitionType/1/date/20260307
2026-03-07,BNP Paribas Open,,,Joao Fonseca,Karen Khachanov,6 6 7 4 || 4 7 9 6,https://www.espn.com/tennis/scoreboard/tournament/_/eventId/411-2026/competitionType/1,https://www.espn.com/tennis/scoreboard/tournament/_/eventId/411-2026/competitionType/1/date/20260307
2026-03-07,BNP Paribas Open,,,Gabriel Diallo,Andrey Rublev,7 7 6 1 3 || 6 4 7 7 6,https://www.espn.com/tennis/scoreboard/tournament/_/eventId/411-2026/competitionType/1,https://www.espn.com/tennis/scoreboard/tournament/_/eventId/411-2026/competitionType/1/date/20260307
2026-03-07,BNP Paribas Open,,,Francisco Cerundolo,Benjamin Bonzi,6 5 7 7 || 4 7 6 5,https://www.espn.com/tennis/scoreboard/tournament/_/eventId/411-2026/competitionType/1,https://www.espn.com/tennis/scoreboard/tournament/_/eventId/411-2026/competitionType/1/date/20260307
2026-03-07,BNP Paribas Open,,,Rinky Hijikata,Luciano Darderi,4 6 6 20 || 6 2 4,https://www.espn.com/tennis/scoreboard/tournament/_/eventId/411-2026/competitionType/1,https://www.espn.com/tennis/scoreboard/tournament/_/eventId/411-2026/competitionType/1/date/20260307
2026-03-07,BNP Paribas Open,,,Sebastian Baez,Jiri Lehecka,6 6 22 || 4 1,https://www.espn.com/tennis/scoreboard/tournament/_/eventId/411-2026/competitionType/1,https://www.espn.com/tennis/scoreboard/tournament/_/eventId/411-2026/competitionType/1/date/20260307
2026-03-07,BNP Paribas Open,,,Valentin Vacherot,Nuno Borges,7 7 || 5 5,https://www.espn.com/tennis/scoreboard/tournament/_/eventId/411-2026/competitionType/1,https://www.espn.com/tennis/scoreboard/tournament/_/eventId/411-2026/competitionType/1/date/20260307
2026-03-07,BNP Paribas Open,,,Cameron Norrie,Mackenzie McDonald,6 6 || 2 3,https://www.espn.com/tennis/scoreboard/tournament/_/eventId/411-2026/competitionType/1,https://www.espn.com/tennis/scoreboard/tournament/_/eventId/411-2026/competitionType/1/date/20260307
2026-03-07,BNP Paribas Open,,,Aleksandar Kovacevic,Corentin Moutet,6 6 31 || 1 4,https://www.espn.com/tennis/scoreboard/tournament/_/eventId/411-2026/competitionType/1,https://www.espn.com/tennis/scoreboard/tournament/_/eventId/411-2026/competitionType/1/date/20260307
2026-03-07,BNP Paribas Open,,,Alex Michelsen,Ugo Humbert,5 7 7 6 6 || 7 6 5 7 8,https://www.espn.com/tennis/scoreboard/tournament/_/eventId/411-2026/competitionType/1,https://www.espn.com/tennis/scoreboard/tournament/_/eventId/411-2026/competitionType/1/date/20260307
2026-03-08,BNP Paribas Open,,,Jannik Sinner,Denis Shapovalov,3 2 2 || 6 6,https://www.espn.com/tennis/scoreboard/tournament/_/eventId/411-2026/competitionType/1,https://www.espn.com/tennis/scoreboard/tournament/_/eventId/411-2026/competitionType/1/date/20260308
2026-03-08,BNP Paribas Open,,,Alexander Zverev,Brandon Nakashima,6 2 7 4 4 || 7 7 5 6,https://www.espn.com/tennis/scoreboard/tournament/_/eventId/411-2026/competitionType/1,https://www.espn.com/tennis/scoreboard/tournament/_/eventId/411-2026/competitionType/1/date/20260308
2026-03-08,BNP Paribas Open,,,Learner Tien,Ben Shelton,6 3 6 3 25 || 7 7 4 6,https://www.espn.com/tennis/scoreboard/tournament/_/eventId/411-2026/competitionType/1,https://www.espn.com/tennis/scoreboard/tournament/_/eventId/411-2026/competitionType/1/date/20260308
2026-03-08,BNP Paribas Open,,,Gabriel Diallo,Felix Auger-Aliassime,7 7 3 3 9 || 6 5 6 6,https://www.espn.com/tennis/scoreboard/tournament/_/eventId/411-2026/competitionType/1,https://www.espn.com/tennis/scoreboard/tournament/_/eventId/411-2026/competitionType/1/date/20260308
2026-03-08,BNP Paribas Open,,,Alejandro Davidovich Fokina,Jakub Mensik,6 4 6 12 || 2 6 2,https://www.espn.com/tennis/scoreboard/tournament/_/eventId/411-2026/competitionType/1,https://www.espn.com/tennis/scoreboard/tournament/_/eventId/411-2026/competitionType/1/date/20260308
2026-03-08,BNP Paribas Open,,,Frances Tiafoe,Flavio Cobolli,1 2 21 || 6 6,https://www.espn.com/tennis/scoreboard/tournament/_/eventId/411-2026/competitionType/1,https://www.espn.com/tennis/scoreboard/tournament/_/eventId/411-2026/competitionType/1/date/20260308
2026-03-08,BNP Paribas Open,,,Joao Fonseca,Tommy Paul,6 6 23 || 2 3,https://www.espn.com/tennis/scoreboard/tournament/_/eventId/411-2026/competitionType/1,https://www.espn.com/tennis/scoreboard/tournament/_/eventId/411-2026/competitionType/1/date/20260308
2026-03-08,BNP Paribas Open,,,Arthur Fils,Marton Fucsovics,3 5 30 || 6 7,https://www.espn.com/tennis/scoreboard/tournament/_/eventId/411-2026/competitionType/1,https://www.espn.com/tennis/scoreboard/tournament/_/eventId/411-2026/competitionType/1/date/20260308
2026-03-09,BNP Paribas Open,,,Carlos Alcaraz,Arthur Rinderknech,6 6 6 6 26 || 7 8 3 2,https://www.espn.com/tennis/scoreboard/tournament/_/eventId/411-2026/competitionType/1,https://www.espn.com/tennis/scoreboard/tournament/_/eventId/411-2026/competitionType/1/date/20260309
2026-03-09,BNP Paribas Open,,,Novak Djokovic,Aleksandar Kovacevic,6 1 6 || 4 6 4,https://www.espn.com/tennis/scoreboard/tournament/_/eventId/411-2026/competitionType/1,https://www.espn.com/tennis/scoreboard/tournament/_/eventId/411-2026/competitionType/1/date/20260309
2026-03-09,BNP Paribas Open,,,Alex Michelsen,Taylor Fritz,6 7 8 7 || 4 6 6,https://www.espn.com/tennis/scoreboard/tournament/_/eventId/411-2026/competitionType/1,https://www.espn.com/tennis/scoreboard/tournament/_/eventId/411-2026/competitionType/1/date/20260309
2026-03-09,BNP Paribas Open,,,Rinky Hijikata,Alexander Bublik,7 7 6 3 3 || 6 3 7 7 6,https://www.espn.com/tennis/scoreboard/tournament/_/eventId/411-2026/competitionType/1,https://www.espn.com/tennis/scoreboard/tournament/_/eventId/411-2026/competitionType/1/date/20260309
2026-03-09,BNP Paribas Open,,,Daniil Medvedev,Sebastian Baez,6 6 || 4 0,https://www.espn.com/tennis/scoreboard/tournament/_/eventId/411-2026/competitionType/1,https://www.espn.com/tennis/scoreboard/tournament/_/eventId/411-2026/competitionType/1/date/20260309
2026-03-09,BNP Paribas Open,,,Casper Ruud,Valentin Vacherot,6 3 4 13 || 3 6 6,https://www.espn.com/tennis/scoreboard/tournament/_/eventId/411-2026/competitionType/1,https://www.espn.com/tennis/scoreboard/tournament/_/eventId/411-2026/competitionType/1/date/20260309
2026-03-09,BNP Paribas Open,,,Jack Draper,Francisco Cerundolo,1 5 14 || 6 7,https://www.espn.com/tennis/scoreboard/tournament/_/eventId/411-2026/competitionType/1,https://www.espn.com/tennis/scoreboard/tournament/_/eventId/411-2026/competitionType/1/date/20260309
2026-03-09,BNP Paribas Open,,,Cameron Norrie,Alex de Minaur,6 6 6 || 4 4,https://www.espn.com/tennis/scoreboard/tournament/_/eventId/411-2026/competitionType/1,https://www.espn.com/tennis/scoreboard/tournament/_/eventId/411-2026/competitionType/1/date/20260309
2026-03-10,BNP Paribas Open,,,Jannik Sinner,Joao Fonseca,6 6 6 4 2 || 7 8 7 7,https://www.espn.com/tennis/scoreboard/tournament/_/eventId/411-2026/competitionType/1,https://www.espn.com/tennis/scoreboard/tournament/_/eventId/411-2026/competitionType/1/date/20260310
2026-03-10,BNP Paribas Open,,,Alexander Zverev,Frances Tiafoe,3 4 4 || 6 6,https://www.espn.com/tennis/scoreboard/tournament/_/eventId/411-2026/competitionType/1,https://www.espn.com/tennis/scoreboard/tournament/_/eventId/411-2026/competitionType/1/date/20260310
2026-03-10,BNP Paribas Open,,,Arthur Fils,Felix Auger-Aliassime,6 7 11 9 || 3 6 9,https://www.espn.com/tennis/scoreboard/tournament/_/eventId/411-2026/competitionType/1,https://www.espn.com/tennis/scoreboard/tournament/_/eventId/411-2026/competitionType/1/date/20260310
2026-03-10,BNP Paribas Open,,,Learner Tien,Alejandro Davidovich Fokina,4 6 7 7 18 || 6 1 6 4,https://www.espn.com/tennis/scoreboard/tournament/_/eventId/411-2026/competitionType/1,https://www.espn.com/tennis/scoreboard/tournament/_/eventId/411-2026/competitionType/1/date/20260310
2026-03-11,BNP Paribas Open,,,Carlos Alcaraz,Casper Ruud,6 7 7 13 || 1 6 2,https://www.espn.com/tennis/scoreboard/tournament/_/eventId/411-2026/competitionType/1,https://www.espn.com/tennis/scoreboard/tournament/_/eventId/411-2026/competitionType/1/date/20260311
2026-03-11,BNP Paribas Open,,,Jack Draper,Novak Djokovic,6 4 6 5 14 || 4 6 7 7,https://www.espn.com/tennis/scoreboard/tournament/_/eventId/411-2026/competitionType/1,https://www.espn.com/tennis/scoreboard/tournament/_/eventId/411-2026/competitionType/1/date/20260311
2026-03-11,BNP Paribas Open,,,Daniil Medvedev,Alex Michelsen,6 6 || 2 4,https://www.espn.com/tennis/scoreboard/tournament/_/eventId/411-2026/competitionType/1,https://www.espn.com/tennis/scoreboard/tournament/_/eventId/411-2026/competitionType/1/date/20260311
2026-03-11,BNP Paribas Open,,,Cameron Norrie,Rinky Hijikata,4 2 27 || 6 6,https://www.espn.com/tennis/scoreboard/tournament/_/eventId/411-2026/competitionType/1,https://www.espn.com/tennis/scoreboard/tournament/_/eventId/411-2026/competitionType/1/date/20260311
2026-03-12,BNP Paribas Open,F,Quarterfinal,Carlos Alcaraz,Cameron Norrie,6 6 27 || 3 4,https://www.espn.com/tennis/scoreboard/tournament/_/eventId/411-2026/competitionType/1,https://www.espn.com/tennis/scoreboard/tournament/_/eventId/411-2026/competitionType/1/date/20260312
2026-03-12,BNP Paribas Open,F,Quarterfinal - Stadium 1,Jannik Sinner,Learner Tien,1 2 2 || 6 6,https://www.espn.com/tennis/scoreboard/tournament/_/eventId/411-2026/competitionType/1,https://www.espn.com/tennis/scoreboard/tournament/_/eventId/411-2026/competitionType/1/date/20260312
2026-03-12,BNP Paribas Open,F,Quarterfinal - Stadium 1,Alexander Zverev,Arthur Fils,2 3 4 || 6 6,https://www.espn.com/tennis/scoreboard/tournament/_/eventId/411-2026/competitionType/1,https://www.espn.com/tennis/scoreboard/tournament/_/eventId/411-2026/competitionType/1/date/20260312
2026-03-12,BNP Paribas Open,F,Quarterfinal - Stadium 2,Daniil Medvedev,Jack Draper,1 5 11 || 6 7,https://www.espn.com/tennis/scoreboard/tournament/_/eventId/411-2026/competitionType/1,https://www.espn.com/tennis/scoreboard/tournament/_/eventId/411-2026/competitionType/1/date/20260312
2026-03-14,BNP Paribas Open,F,Semifinal,Daniil Medvedev,Carlos Alcaraz,3 6 3 11 || 6 7 7,https://www.espn.com/tennis/scoreboard/tournament/_/eventId/411-2026/competitionType/1,https://www.espn.com/tennis/scoreboard/tournament/_/eventId/411-2026/competitionType/1/date/20260314
2026-03-14,BNP Paribas Open,F,Semifinal - Stadium 1,Jannik Sinner,Alexander Zverev,2 4 2 || 6 6,https://www.espn.com/tennis/scoreboard/tournament/_/eventId/411-2026/competitionType/1,https://www.espn.com/tennis/scoreboard/tournament/_/eventId/411-2026/competitionType/1/date/20260314
2026-03-15,BNP Paribas Open,,,Jannik Sinner,Daniil Medvedev,6 6 6 4 2 || 7 8 7 7,https://www.espn.com/tennis/scoreboard/tournament/_/eventId/411-2026/competitionType/1,https://www.espn.com/tennis/scoreboard/tournament/_/eventId/411-2026/competitionType/1/date/20260315
2026-03-16,Miami Open presented by Itau,Q1,Qualifying 1st Round,Mattia Bellucci,Nicolas Jarry,6 6 || 3 1,https://www.espn.com/tennis/scoreboard/tournament/_/eventId/713-2026/competitionType/1,https://www.espn.com/tennis/scoreboard/tournament/_/eventId/713-2026/competitionType/1/date/20260316
2026-03-16,Miami Open presented by Itau,Q1,Qualifying 1st Round - Butch Buchholz,Tomas Barrios Vera,Nishesh Basavareddy,3 2 || 6 6,https://www.espn.com/tennis/scoreboard/tournament/_/eventId/713-2026/competitionType/1,https://www.espn.com/tennis/scoreboard/tournament/_/eventId/713-2026/competitionType/1/date/20260316
2026-03-16,Miami Open presented by Itau,Q1,Qualifying 1st Round - Court 1,Adam Walton,Chris Rodesch,6 6 || 2 4,https://www.espn.com/tennis/scoreboard/tournament/_/eventId/713-2026/competitionType/1,https://www.espn.com/tennis/scoreboard/tournament/_/eventId/713-2026/competitionType/1/date/20260316
2026-03-16,Miami Open presented by Itau,Q1,Qualifying 1st Round - Court 5,Martin Landaluce,Mackenzie McDonald,6 6 || 3 4,https://www.espn.com/tennis/scoreboard/tournament/_/eventId/713-2026/competitionType/1,https://www.espn.com/tennis/scoreboard/tournament/_/eventId/713-2026/competitionType/1/date/20260316
2026-03-16,Miami Open presented by Itau,Q1,Qualifying 1st Round - Grandstand,Murphy Cassone,Francesco Maestrelli,7 7 6 || 6 1 4,https://www.espn.com/tennis/scoreboard/tournament/_/eventId/713-2026/competitionType/1,https://www.espn.com/tennis/scoreboard/tournament/_/eventId/713-2026/competitionType/1/date/20260316
2026-03-16,Miami Open presented by Itau,Q1,Qualifying 1st Round - Court 3,Rinky Hijikata,Dane Sweeny,3 2 || 6 6,https://www.espn.com/tennis/scoreboard/tournament/_/eventId/713-2026/competitionType/1,https://www.espn.com/tennis/scoreboard/tournament/_/eventId/713-2026/competitionType/1/date/20260316
2026-03-16,Miami Open presented by Itau,Q1,Qualifying 1st Round - Court 6,Rafael Jodar,Manas Dhamne,6 7 7 || 3 6 4,https://www.espn.com/tennis/scoreboard/tournament/_/eventId/713-2026/competitionType/1,https://www.espn.com/tennis/scoreboard/tournament/_/eventId/713-2026/competitionType/1/date/20260316
2026-03-16,Miami Open presented by Itau,Q1,Qualifying 1st Round - Butch Buchholz,Daniel Merida,Dalibor Svrcina,6 1 6 7 8 || 7 7 4 6 6,https://www.espn.com/tennis/scoreboard/tournament/_/eventId/713-2026/competitionType/1,https://www.espn.com/tennis/scoreboard/tournament/_/eventId/713-2026/competitionType/1/date/20260316
2026-03-16,Miami Open presented by Itau,Q1,Qualifying 1st Round - Court 7,Benjamin Bonzi,Guto Miguel,2 6 6 || 6 7 8,https://www.espn.com/tennis/scoreboard/tournament/_/eventId/713-2026/competitionType/1,https://www.espn.com/tennis/scoreboard/tournament/_/eventId/713-2026/competitionType/1/date/20260316
2026-03-16,Miami Open presented by Itau,Q1,Qualifying 1st Round - Court 5,Thiago Agustin Tirante,Diego Dedura,6 6 || 2 3,https://www.espn.com/tennis/scoreboard/tournament/_/eventId/713-2026/competitionType/1,https://www.espn.com/tennis/scoreboard/tournament/_/eventId/713-2026/competitionType/1/date/20260316
2026-03-16,Miami Open presented by Itau,Q1,Qualifying 1st Round - Court 7,Alexander Blockx,Chun-Hsin Tseng,7 7 6 || 6 5 3,https://www.espn.com/tennis/scoreboard/tournament/_/eventId/713-2026/competitionType/1,https://www.espn.com/tennis/scoreboard/tournament/_/eventId/713-2026/competitionType/1/date/20260316
2026-03-16,Miami Open presented by Itau,Q1,Qualifying 1st Round - Court 4,Nikoloz Basilashvili,Patrick Kypson,3 1 || 6 6,https://www.espn.com/tennis/scoreboard/tournament/_/eventId/713-2026/competitionType/1,https://www.espn.com/tennis/scoreboard/tournament/_/eventId/713-2026/competitionType/1/date/20260316
2026-03-16,Miami Open presented by Itau,Q1,Qualifying 1st Round - Butch Buchholz,Liam Draxl,Cristian Garin,6 4 2 || 4 6 6,https://www.espn.com/tennis/scoreboard/tournament/_/eventId/713-2026/competitionType/1,https://www.espn.com/tennis/scoreboard/tournament/_/eventId/713-2026/competitionType/1/date/20260316
2026-03-16,Miami Open presented by Itau,Q1,Qualifying 1st Round - Court 1,Jay Clarke,Shintaro Mochizuki,6 3 6 || 4 6 1,https://www.espn.com/tennis/scoreboard/tournament/_/eventId/713-2026/competitionType/1,https://www.espn.com/tennis/scoreboard/tournament/_/eventId/713-2026/competitionType/1/date/20260316
2026-03-16,Miami Open presented by Itau,Q1,Qualifying 1st Round - Court 6,Christopher O'Connell,Nicolas Mejia,6 4 3 || 7 7 6,https://www.espn.com/tennis/scoreboard/tournament/_/eventId/713-2026/competitionType/1,https://www.espn.com/tennis/scoreboard/tournament/_/eventId/713-2026/competitionType/1/date/20260316
2026-03-16,Miami Open presented by Itau,Q1,Qualifying 1st Round - Court 4,Sho Shimabukuro,Alex Bolt,2 7 7 3 || 6 6 3 6,https://www.espn.com/tennis/scoreboard/tournament/_/eventId/713-2026/competitionType/1,https://www.espn.com/tennis/scoreboard/tournament/_/eventId/713-2026/competitionType/1/date/20260316
2026-03-16,Miami Open presented by Itau,Q1,Qualifying 1st Round - Court 3,Yannick Hanfmann,Leandro Riedi,6 6 || 3 4,https://www.espn.com/tennis/scoreboard/tournament/_/eventId/713-2026/competitionType/1,https://www.espn.com/tennis/scoreboard/tournament/_/eventId/713-2026/competitionType/1/date/20260316
2026-03-16,Miami Open presented by Itau,Q1,Qualifying 1st Round - Court 6,Ignacio Buse,Moez Echargui,6 6 4 6 || 3 7 7 4,https://www.espn.com/tennis/scoreboard/tournament/_/eventId/713-2026/competitionType/1,https://www.espn.com/tennis/scoreboard/tournament/_/eventId/713-2026/competitionType/1/date/20260316
2026-03-16,Miami Open presented by Itau,Q1,Qualifying 1st Round - Butch Buchholz,Chak Lam Coleman Wong,Jack Pinnington Jones,7 6 4 4 || 5 7 7 6,https://www.espn.com/tennis/scoreboard/tournament/_/eventId/713-2026/competitionType/1,https://www.espn.com/tennis/scoreboard/tournament/_/eventId/713-2026/competitionType/1/date/20260316
2026-03-16,Miami Open presented by Itau,Q1,Qualifying 1st Round - Court 1,Luca Van Assche,Benjamin Willwerth,3 1 || 6 6,https://www.espn.com/tennis/scoreboard/tournament/_/eventId/713-2026/competitionType/1,https://www.espn.com/tennis/scoreboard/tournament/_/eventId/713-2026/competitionType/1/date/20260316
2026-03-16,Miami Open presented by Itau,Q1,Qualifying 1st Round - Court 4,Arthur Fery,Roman Andres Burruchaga,6 4 4 || 2 6 6,https://www.espn.com/tennis/scoreboard/tournament/_/eventId/713-2026/competitionType/1,https://www.espn.com/tennis/scoreboard/tournament/_/eventId/713-2026/competitionType/1/date/20260316
2026-03-16,Miami Open presented by Itau,Q1,Qualifying 1st Round - Court 6,Bu Yunchaokete,Tristan Schoolkate,7 6 || 5 4,https://www.espn.com/tennis/scoreboard/tournament/_/eventId/713-2026/competitionType/1,https://www.espn.com/tennis/scoreboard/tournament/_/eventId/713-2026/competitionType/1/date/20260316
2026-03-17,Miami Open presented by Itau,,,Martin Landaluce,Thiago Agustin Tirante,6 5 4 || 3 7 6,https://www.espn.com/tennis/scoreboard/tournament/_/eventId/713-2026/competitionType/1,https://www.espn.com/tennis/scoreboard/tournament/_/eventId/713-2026/competitionType/1/date/20260317
2026-03-17,Miami Open presented by Itau,,,Zachary Svajda,Daniel Merida,6 6 2 6 || 0 7 7 2,https://www.espn.com/tennis/scoreboard/tournament/_/eventId/713-2026/competitionType/1,https://www.espn.com/tennis/scoreboard/tournament/_/eventId/713-2026/competitionType/1/date/20260317
2026-03-17,Miami Open presented by Itau,,,Tomas Barrios Vera,Aleksandar Vukic,3 6 5 || 6 7 7,https://www.espn.com/tennis/scoreboard/tournament/_/eventId/713-2026/competitionType/1,https://www.espn.com/tennis/scoreboard/tournament/_/eventId/713-2026/competitionType/1/date/20260317
2026-03-17,Miami Open presented by Itau,,,Mattia Bellucci,Murphy Cassone,3 7 7 6 || 6 6 5 3,https://www.espn.com/tennis/scoreboard/tournament/_/eventId/713-2026/competitionType/1,https://www.espn.com/tennis/scoreboard/tournament/_/eventId/713-2026/competitionType/1/date/20260317
2026-03-17,Miami Open presented by Itau,,,Adam Walton,Rinky Hijikata,6 6 2 6 || 3 7 7 1,https://www.espn.com/tennis/scoreboard/tournament/_/eventId/713-2026/competitionType/1,https://www.espn.com/tennis/scoreboard/tournament/_/eventId/713-2026/competitionType/1/date/20260317
2026-03-17,Miami Open presented by Itau,,,Rafael Jodar,Benjamin Bonzi,6 6 || 4 4,https://www.espn.com/tennis/scoreboard/tournament/_/eventId/713-2026/competitionType/1,https://www.espn.com/tennis/scoreboard/tournament/_/eventId/713-2026/competitionType/1/date/20260317
2026-03-17,Miami Open presented by Itau,,,Liam Draxl,Jay Clarke,6 3 6 || 3 6 4,https://www.espn.com/tennis/scoreboard/tournament/_/eventId/713-2026/competitionType/1,https://www.espn.com/tennis/scoreboard/tournament/_/eventId/713-2026/competitionType/1/date/20260317
2026-03-17,Miami Open presented by Itau,,,Nikoloz Basilashvili,Sho Shimabukuro,6 6 || 2 1,https://www.espn.com/tennis/scoreboard/tournament/_/eventId/713-2026/competitionType/1,https://www.espn.com/tennis/scoreboard/tournament/_/eventId/713-2026/competitionType/1/date/20260317
2026-03-17,Miami Open presented by Itau,,,Christopher O'Connell,Alexander Blockx,6 4 4 || 4 6 6,https://www.espn.com/tennis/scoreboard/tournament/_/eventId/713-2026/competitionType/1,https://www.espn.com/tennis/scoreboard/tournament/_/eventId/713-2026/competitionType/1/date/20260317
2026-03-17,Miami Open presented by Itau,,,Ignacio Buse,Chak Lam Coleman Wong,6 3 6 || 2 6 3,https://www.espn.com/tennis/scoreboard/tournament/_/eventId/713-2026/competitionType/1,https://www.espn.com/tennis/scoreboard/tournament/_/eventId/713-2026/competitionType/1/date/20260317
2026-03-17,Miami Open presented by Itau,,,Yannick Hanfmann,Luca Van Assche,6 5 6 || 1 7 3,https://www.espn.com/tennis/scoreboard/tournament/_/eventId/713-2026/competitionType/1,https://www.espn.com/tennis/scoreboard/tournament/_/eventId/713-2026/competitionType/1/date/20260317
2026-03-17,Miami Open presented by Itau,,,Arthur Fery,Bu Yunchaokete,6 3 7 || 3 6 5,https://www.espn.com/tennis/scoreboard/tournament/_/eventId/713-2026/competitionType/1,https://www.espn.com/tennis/scoreboard/tournament/_/eventId/713-2026/competitionType/1/date/20260317
2026-03-17,Miami Open presented by Itau,Q1,Qualifying 1st Round,Zachary Svajda,Colton Smith,6 6 6 6 || 7 8 3 1,https://www.espn.com/tennis/scoreboard/tournament/_/eventId/713-2026/competitionType/1,https://www.espn.com/tennis/scoreboard/tournament/_/eventId/713-2026/competitionType/1/date/20260317
2026-03-17,Miami Open presented by Itau,Q1,Qualifying 1st Round - Court 6,Aleksandar Vukic,Billy Harris,7 7 6 || 6 3 4,https://www.espn.com/tennis/scoreboard/tournament/_/eventId/713-2026/competitionType/1,https://www.espn.com/tennis/scoreboard/tournament/_/eventId/713-2026/competitionType/1/date/20260317
2026-03-19,Miami Open presented by Itau,,,Alex Michelsen,Mattia Bellucci,6 6 || 2 1,https://www.espn.com/tennis/scoreboard/tournament/_/eventId/713-2026/competitionType/1,https://www.espn.com/tennis/scoreboard/tournament/_/eventId/713-2026/competitionType/1/date/20260319
2026-03-19,Miami Open presented by Itau,,,Quentin Halys,Liam Draxl,6 4 6 6 || 7 7 1 1,https://www.espn.com/tennis/scoreboard/tournament/_/eventId/713-2026/competitionType/1,https://www.espn.com/tennis/scoreboard/tournament/_/eventId/713-2026/competitionType/1/date/20260319
2026-03-19,Miami Open presented by Itau,,,Alejandro Tabilo,Francisco Comesana,6 6 || 4 2,https://www.espn.com/tennis/scoreboard/tournament/_/eventId/713-2026/competitionType/1,https://www.espn.com/tennis/scoreboard/tournament/_/eventId/713-2026/competitionType/1/date/20260319
2026-03-19,Miami Open presented by Itau,,,Kamil Majchrzak,Miomir Kecmanovic,4 6 6 || 6 3 1,https://www.espn.com/tennis/scoreboard/tournament/_/eventId/713-2026/competitionType/1,https://www.espn.com/tennis/scoreboard/tournament/_/eventId/713-2026/competitionType/1/date/20260319
2026-03-19,Miami Open presented by Itau,,,Tomas Machac,Emilio Nava,6 4 1 || 2 6 6,https://www.espn.com/tennis/scoreboard/tournament/_/eventId/713-2026/competitionType/1,https://www.espn.com/tennis/scoreboard/tournament/_/eventId/713-2026/competitionType/1/date/20260319
2026-03-19,Miami Open presented by Itau,,,Martin Damm,Jacob Fearnley,6 || 0 RET,https://www.espn.com/tennis/scoreboard/tournament/_/eventId/713-2026/competitionType/1,https://www.espn.com/tennis/scoreboard/tournament/_/eventId/713-2026/competitionType/1/date/20260319
2026-03-19,Miami Open presented by Itau,,,Marin Cilic,Alexei Popyrin,6 6 || 4 4,https://www.espn.com/tennis/scoreboard/tournament/_/eventId/713-2026/competitionType/1,https://www.espn.com/tennis/scoreboard/tournament/_/eventId/713-2026/competitionType/1/date/20260319
2026-03-19,Miami Open presented by Itau,,,Damir Dzumhur,Ignacio Buse,7 8 6 6 1 || 6 6 7 8 6,https://www.espn.com/tennis/scoreboard/tournament/_/eventId/713-2026/competitionType/1,https://www.espn.com/tennis/scoreboard/tournament/_/eventId/713-2026/competitionType/1/date/20260319
2026-03-19,Miami Open presented by Itau,,,Joao Fonseca,Fabian Marozsan,4 6 2 || 6 3 6,https://www.espn.com/tennis/scoreboard/tournament/_/eventId/713-2026/competitionType/1,https://www.espn.com/tennis/scoreboard/tournament/_/eventId/713-2026/competitionType/1/date/20260319
2026-03-19,Miami Open presented by Itau,,,Raphael Collignon,Grigor Dimitrov,7 7 4 7 8 || 6 3 6 6 6,https://www.espn.com/tennis/scoreboard/tournament/_/eventId/713-2026/competitionType/1,https://www.espn.com/tennis/scoreboard/tournament/_/eventId/713-2026/competitionType/1/date/20260319
2026-03-19,Miami Open presented by Itau,,,Stefanos Tsitsipas,Arthur Fery,6 7 7 || 1 6 4,https://www.espn.com/tennis/scoreboard/tournament/_/eventId/713-2026/competitionType/1,https://www.espn.com/tennis/scoreboard/tournament/_/eventId/713-2026/competitionType/1/date/20260319
2026-03-19,Miami Open presented by Itau,,,Reilly Opelka,Nuno Borges,6 6 6 7 7 || 7 8 2 6 5,https://www.espn.com/tennis/scoreboard/tournament/_/eventId/713-2026/competitionType/1,https://www.espn.com/tennis/scoreboard/tournament/_/eventId/713-2026/competitionType/1/date/20260319
2026-03-19,Miami Open presented by Itau,,,Matteo Berrettini,Alexandre Muller,4 2 || 6 6,https://www.espn.com/tennis/scoreboard/tournament/_/eventId/713-2026/competitionType/1,https://www.espn.com/tennis/scoreboard/tournament/_/eventId/713-2026/competitionType/1/date/20260319
2026-03-19,Miami Open presented by Itau,,,Botic Van De Zandschulp,Denis Shapovalov,5 3 || 7 6,https://www.espn.com/tennis/scoreboard/tournament/_/eventId/713-2026/competitionType/1,https://www.espn.com/tennis/scoreboard/tournament/_/eventId/713-2026/competitionType/1/date/20260319
2026-03-19,Miami Open presented by Itau,,,Camilo Ugo Carabelli,Giovanni Mpetshi Perricard,6 3 6 3 || 2 6 7 7,https://www.espn.com/tennis/scoreboard/tournament/_/eventId/713-2026/competitionType/1,https://www.espn.com/tennis/scoreboard/tournament/_/eventId/713-2026/competitionType/1/date/20260319
2026-03-19,Miami Open presented by Itau,,,Martin Landaluce,Marcos Giron,3 6 6 || 6 7 8,https://www.espn.com/tennis/scoreboard/tournament/_/eventId/713-2026/competitionType/1,https://www.espn.com/tennis/scoreboard/tournament/_/eventId/713-2026/competitionType/1/date/20260319
2026-03-19,Miami Open presented by Itau,,,Darwin Blanch,Jan-Lennard Struff,6 3 6 || 3 6 3,https://www.espn.com/tennis/scoreboard/tournament/_/eventId/713-2026/competitionType/1,https://www.espn.com/tennis/scoreboard/tournament/_/eventId/713-2026/competitionType/1/date/20260319
2026-03-19,Miami Open presented by Itau,,,Ethan Quinn,Hubert Hurkacz,6 6 || 2 4,https://www.espn.com/tennis/scoreboard/tournament/_/eventId/713-2026/competitionType/1,https://www.espn.com/tennis/scoreboard/tournament/_/eventId/713-2026/competitionType/1/date/20260319
2026-03-19,Miami Open presented by Itau,,,Adrian Mannarino,Zhang Zhizhen,3 2 || 6 6,https://www.espn.com/tennis/scoreboard/tournament/_/eventId/713-2026/competitionType/1,https://www.espn.com/tennis/scoreboard/tournament/_/eventId/713-2026/competitionType/1/date/20260319
2026-03-19,Miami Open presented by Itau,,,Zizou Bergs,Jenson Brooksby,7 6 || 5 2,https://www.espn.com/tennis/scoreboard/tournament/_/eventId/713-2026/competitionType/1,https://www.espn.com/tennis/scoreboard/tournament/_/eventId/713-2026/competitionType/1/date/20260319
2026-03-19,Miami Open presented by Itau,,,Roberto Bautista Agut,James Duckworth,6 3 6 4 || 7 7 7 7,https://www.espn.com/tennis/scoreboard/tournament/_/eventId/713-2026/competitionType/1,https://www.espn.com/tennis/scoreboard/tournament/_/eventId/713-2026/competitionType/1/date/20260319
2026-03-19,Miami Open presented by Itau,,,Moise Kouame,Zachary Svajda,5 6 6 || 7 4 4,https://www.espn.com/tennis/scoreboard/tournament/_/eventId/713-2026/competitionType/1,https://www.espn.com/tennis/scoreboard/tournament/_/eventId/713-2026/competitionType/1/date/20260319
2026-03-19,Miami Open presented by Itau,,,Rafael Jodar,Yannick Hanfmann,6 4 6 || 4 6 1,https://www.espn.com/tennis/scoreboard/tournament/_/eventId/713-2026/competitionType/1,https://www.espn.com/tennis/scoreboard/tournament/_/eventId/713-2026/competitionType/1/date/20260319
2026-03-19,Miami Open presented by Itau,,,Mariano Navone,Nikoloz Basilashvili,6 7 3 || 7 9 6,https://www.espn.com/tennis/scoreboard/tournament/_/eventId/713-2026/competitionType/1,https://www.espn.com/tennis/scoreboard/tournament/_/eventId/713-2026/competitionType/1/date/20260319
2026-03-20,Miami Open presented by Itau,,,Arthur Cazaux,Tomas Barrios Vera,7 6 || 5 4,https://www.espn.com/tennis/scoreboard/tournament/_/eventId/713-2026/competitionType/1,https://www.espn.com/tennis/scoreboard/tournament/_/eventId/713-2026/competitionType/1/date/20260320
2026-03-20,Miami Open presented by Itau,,,Adam Walton,Sebastian Baez,6 6 || 2 2,https://www.espn.com/tennis/scoreboard/tournament/_/eventId/713-2026/competitionType/1,https://www.espn.com/tennis/scoreboard/tournament/_/eventId/713-2026/competitionType/1/date/20260320
2026-03-20,Miami Open presented by Itau,,,Alexander Shevchenko,Matteo Arnaldi,6 5 7 7 2 || 7 7 6 5 6,https://www.espn.com/tennis/scoreboard/tournament/_/eventId/713-2026/competitionType/1,https://www.espn.com/tennis/scoreboard/tournament/_/eventId/713-2026/competitionType/1/date/20260320
2026-03-20,Miami Open presented by Itau,,,Gabriel Diallo,Wu Yibing,6 7 7 || 2 6 3,https://www.espn.com/tennis/scoreboard/tournament/_/eventId/713-2026/competitionType/1,https://www.espn.com/tennis/scoreboard/tournament/_/eventId/713-2026/competitionType/1/date/20260320
2026-03-20,Miami Open presented by Itau,,,Marton Fucsovics,Christopher O'Connell,6 6 3 || 7 8 6,https://www.espn.com/tennis/scoreboard/tournament/_/eventId/713-2026/competitionType/1,https://www.espn.com/tennis/scoreboard/tournament/_/eventId/713-2026/competitionType/1/date/20260320
2026-03-20,Miami Open presented by Itau,,,Rei Sakamoto,Aleksandar Kovacevic,4 6 6 7 || 6 3 7 9,https://www.espn.com/tennis/scoreboard/tournament/_/eventId/713-2026/competitionType/1,https://www.espn.com/tennis/scoreboard/tournament/_/eventId/713-2026/competitionType/1/date/20260320
2026-03-20,Miami Open presented by Itau,,,Terence Atmane,Daniel Altmaier,6 6 || 4 2,https://www.espn.com/tennis/scoreboard/tournament/_/eventId/713-2026/competitionType/1,https://www.espn.com/tennis/scoreboard/tournament/_/eventId/713-2026/competitionType/1/date/20260320
2026-03-20,Miami Open presented by Itau,,,Thiago Agustin Tirante,Valentin Royer,5 7 11 6 5 || 7 6 9 7 7,https://www.espn.com/tennis/scoreboard/tournament/_/eventId/713-2026/competitionType/1,https://www.espn.com/tennis/scoreboard/tournament/_/eventId/713-2026/competitionType/1/date/20260320
2026-03-20,Miami Open presented by Itau,,,Carlos Alcaraz,Joao Fonseca,6 6 || 4 4,https://www.espn.com/tennis/scoreboard/tournament/_/eventId/713-2026/competitionType/1,https://www.espn.com/tennis/scoreboard/tournament/_/eventId/713-2026/competitionType/1/date/20260320
2026-03-20,Miami Open presented by Itau,,,Stefanos Tsitsipas,Alex de Minaur,6 7 7 5 || 3 6 3,https://www.espn.com/tennis/scoreboard/tournament/_/eventId/713-2026/competitionType/1,https://www.espn.com/tennis/scoreboard/tournament/_/eventId/713-2026/competitionType/1/date/20260320
2026-03-20,Miami Open presented by Itau,,,Botic Van De Zandschulp,Taylor Fritz,3 7 7 3 6 || 6 6 2 6,https://www.espn.com/tennis/scoreboard/tournament/_/eventId/713-2026/competitionType/1,https://www.espn.com/tennis/scoreboard/tournament/_/eventId/713-2026/competitionType/1/date/20260320
2026-03-20,Miami Open presented by Itau,,,Matteo Berrettini,Alexander Bublik,4 4 || 6 6,https://www.espn.com/tennis/scoreboard/tournament/_/eventId/713-2026/competitionType/1,https://www.espn.com/tennis/scoreboard/tournament/_/eventId/713-2026/competitionType/1/date/20260320
2026-03-20,Miami Open presented by Itau,,,Ethan Quinn,Casper Ruud,4 6 7 || 6 7 9,https://www.espn.com/tennis/scoreboard/tournament/_/eventId/713-2026/competitionType/1,https://www.espn.com/tennis/scoreboard/tournament/_/eventId/713-2026/competitionType/1/date/20260320
2026-03-20,Miami Open presented by Itau,,,Raphael Collignon,Flavio Cobolli,7 6 13 || 5 3,https://www.espn.com/tennis/scoreboard/tournament/_/eventId/713-2026/competitionType/1,https://www.espn.com/tennis/scoreboard/tournament/_/eventId/713-2026/competitionType/1/date/20260320
2026-03-20,Miami Open presented by Itau,,,Karen Khachanov,Roberto Bautista Agut,3 3 14 || 6 6,https://www.espn.com/tennis/scoreboard/tournament/_/eventId/713-2026/competitionType/1,https://www.espn.com/tennis/scoreboard/tournament/_/eventId/713-2026/competitionType/1/date/20260320
2026-03-20,Miami Open presented by Itau,,,Martin Landaluce,Luciano Darderi,3 7 7 4 || 6 6 4 6,https://www.espn.com/tennis/scoreboard/tournament/_/eventId/713-2026/competitionType/1,https://www.espn.com/tennis/scoreboard/tournament/_/eventId/713-2026/competitionType/1/date/20260320
2026-03-20,Miami Open presented by Itau,,,Jiri Lehecka,Moise Kouame,2 5 21 || 6 7,https://www.espn.com/tennis/scoreboard/tournament/_/eventId/713-2026/competitionType/1,https://www.espn.com/tennis/scoreboard/tournament/_/eventId/713-2026/competitionType/1/date/20260320
2026-03-20,Miami Open presented by Itau,,,Tommy Paul,Adrian Mannarino,6 2 6 || 2 6 4,https://www.espn.com/tennis/scoreboard/tournament/_/eventId/713-2026/competitionType/1,https://www.espn.com/tennis/scoreboard/tournament/_/eventId/713-2026/competitionType/1/date/20260320
2026-03-20,Miami Open presented by Itau,,,Valentin Vacherot,Mariano Navone,3 4 24 || 6 6,https://www.espn.com/tennis/scoreboard/tournament/_/eventId/713-2026/competitionType/1,https://www.espn.com/tennis/scoreboard/tournament/_/eventId/713-2026/competitionType/1/date/20260320
2026-03-20,Miami Open presented by Itau,,,Reilly Opelka,Jack Draper,6 3 6 0 || 7 7 7 7,https://www.espn.com/tennis/scoreboard/tournament/_/eventId/713-2026/competitionType/1,https://www.espn.com/tennis/scoreboard/tournament/_/eventId/713-2026/competitionType/1/date/20260320
2026-03-20,Miami Open presented by Itau,,,Arthur Fils,Darwin Blanch,6 6 || 2 3,https://www.espn.com/tennis/scoreboard/tournament/_/eventId/713-2026/competitionType/1,https://www.espn.com/tennis/scoreboard/tournament/_/eventId/713-2026/competitionType/1/date/20260320
2026-03-20,Miami Open presented by Itau,,,Sebastian Korda,Camilo Ugo Carabelli,0 3 32 || 6 6,https://www.espn.com/tennis/scoreboard/tournament/_/eventId/713-2026/competitionType/1,https://www.espn.com/tennis/scoreboard/tournament/_/eventId/713-2026/competitionType/1/date/20260320
2026-03-21,Miami Open presented by Itau,,,Jannik Sinner,Damir Dzumhur,3 3 2 || 6 6,https://www.espn.com/tennis/scoreboard/tournament/_/eventId/713-2026/competitionType/1,https://www.espn.com/tennis/scoreboard/tournament/_/eventId/713-2026/competitionType/1/date/20260321
2026-03-21,Miami Open presented by Itau,,,Alexander Zverev,Martin Damm,2 4 3 || 6 6,https://www.espn.com/tennis/scoreboard/tournament/_/eventId/713-2026/competitionType/1,https://www.espn.com/tennis/scoreboard/tournament/_/eventId/713-2026/competitionType/1/date/20260321
2026-03-21,Miami Open presented by Itau,,,Felix Auger-Aliassime,Marton Fucsovics,7 7 7 || 6 3 5,https://www.espn.com/tennis/scoreboard/tournament/_/eventId/713-2026/competitionType/1,https://www.espn.com/tennis/scoreboard/tournament/_/eventId/713-2026/competitionType/1/date/20260321
2026-03-21,Miami Open presented by Itau,,,Alexander Shevchenko,Ben Shelton,7 7 6 3 3 || 6 3 7 7 6,https://www.espn.com/tennis/scoreboard/tournament/_/eventId/713-2026/competitionType/1,https://www.espn.com/tennis/scoreboard/tournament/_/eventId/713-2026/competitionType/1/date/20260321
2026-03-21,Miami Open presented by Itau,,,Rei Sakamoto,Daniil Medvedev,7 12 3 1 9 || 6 10 6 6,https://www.espn.com/tennis/scoreboard/tournament/_/eventId/713-2026/competitionType/1,https://www.espn.com/tennis/scoreboard/tournament/_/eventId/713-2026/competitionType/1/date/20260321
2026-03-21,Miami Open presented by Itau,,,Jakub Mensik,Adam Walton,6 2 4 12 || 3 6 6,https://www.espn.com/tennis/scoreboard/tournament/_/eventId/713-2026/competitionType/1,https://www.espn.com/tennis/scoreboard/tournament/_/eventId/713-2026/competitionType/1/date/20260321
2026-03-21,Miami Open presented by Itau,,,Alejandro Tabilo,Andrey Rublev,7 7 2 4 || 6 5 6 6,https://www.espn.com/tennis/scoreboard/tournament/_/eventId/713-2026/competitionType/1,https://www.espn.com/tennis/scoreboard/tournament/_/eventId/713-2026/competitionType/1/date/20260321
2026-03-21,Miami Open presented by Itau,,,Quentin Halys,Alejandro Davidovich Fokina,6 8 4 || 7 10 6,https://www.espn.com/tennis/scoreboard/tournament/_/eventId/713-2026/competitionType/1,https://www.espn.com/tennis/scoreboard/tournament/_/eventId/713-2026/competitionType/1/date/20260321
2026-03-21,Miami Open presented by Itau,,,Francisco Cerundolo,Thiago Agustin Tirante,6 6 || 4 2,https://www.espn.com/tennis/scoreboard/tournament/_/eventId/713-2026/competitionType/1,https://www.espn.com/tennis/scoreboard/tournament/_/eventId/713-2026/competitionType/1/date/20260321
2026-03-21,Miami Open presented by Itau,,,Frances Tiafoe,Arthur Cazaux,7 7 6 || 6 1 1,https://www.espn.com/tennis/scoreboard/tournament/_/eventId/713-2026/competitionType/1,https://www.espn.com/tennis/scoreboard/tournament/_/eventId/713-2026/competitionType/1/date/20260321
2026-03-21,Miami Open presented by Itau,,,Kamil Majchrzak,Learner Tien,6 4 6 20 || 2 6 2,https://www.espn.com/tennis/scoreboard/tournament/_/eventId/713-2026/competitionType/1,https://www.espn.com/tennis/scoreboard/tournament/_/eventId/713-2026/competitionType/1/date/20260321
2026-03-21,Miami Open presented by Itau,,,Alex Michelsen,Cameron Norrie,7 6 4 6 23 || 5 7 7 4,https://www.espn.com/tennis/scoreboard/tournament/_/eventId/713-2026/competitionType/1,https://www.espn.com/tennis/scoreboard/tournament/_/eventId/713-2026/competitionType/1/date/20260321
2026-03-21,Miami Open presented by Itau,,,Terence Atmane,Arthur Rinderknech,7 7 6 26 || 6 4 3,https://www.espn.com/tennis/scoreboard/tournament/_/eventId/713-2026/competitionType/1,https://www.espn.com/tennis/scoreboard/tournament/_/eventId/713-2026/competitionType/1/date/20260321
2026-03-21,Miami Open presented by Itau,,,Marin Cilic,Brandon Nakashima,6 4 6 7 || 2 6 7 9,https://www.espn.com/tennis/scoreboard/tournament/_/eventId/713-2026/competitionType/1,https://www.espn.com/tennis/scoreboard/tournament/_/eventId/713-2026/competitionType/1/date/20260321
2026-03-21,Miami Open presented by Itau,,,Tomas Martin Etcheverry,Zizou Bergs,6 5 6 3 29 || 7 7 7 7,https://www.espn.com/tennis/scoreboard/tournament/_/eventId/713-2026/competitionType/1,https://www.espn.com/tennis/scoreboard/tournament/_/eventId/713-2026/competitionType/1/date/20260321
2026-03-21,Miami Open presented by Itau,,,Corentin Moutet,Tomas Machac,6 1 6 || 0 6 4,https://www.espn.com/tennis/scoreboard/tournament/_/eventId/713-2026/competitionType/1,https://www.espn.com/tennis/scoreboard/tournament/_/eventId/713-2026/competitionType/1/date/20260321
2026-03-21,Miami Open presented by Itau,,,Ugo Humbert,Gabriel Diallo,1 4 31 || 6 6,https://www.espn.com/tennis/scoreboard/tournament/_/eventId/713-2026/competitionType/1,https://www.espn.com/tennis/scoreboard/tournament/_/eventId/713-2026/competitionType/1/date/20260321
2026-03-21,Miami Open presented by Itau,,,Rafael Jodar,Aleksandar Vukic,1 2 || 6 6,https://www.espn.com/tennis/scoreboard/tournament/_/eventId/713-2026/competitionType/1,https://www.espn.com/tennis/scoreboard/tournament/_/eventId/713-2026/competitionType/1/date/20260321
2026-03-22,Miami Open presented by Itau,,,Sebastian Korda,Carlos Alcaraz,3 7 4 32 || 6 5 6,https://www.espn.com/tennis/scoreboard/tournament/_/eventId/713-2026/competitionType/1,https://www.espn.com/tennis/scoreboard/tournament/_/eventId/713-2026/competitionType/1/date/20260322
2026-03-22,Miami Open presented by Itau,,,Taylor Fritz,Reilly Opelka,3 4 6 || 6 6,https://www.espn.com/tennis/scoreboard/tournament/_/eventId/713-2026/competitionType/1,https://www.espn.com/tennis/scoreboard/tournament/_/eventId/713-2026/competitionType/1/date/20260322
2026-03-22,Miami Open presented by Itau,,,Martin Landaluce,Karen Khachanov,6 7 7 14 || 3 6 2,https://www.espn.com/tennis/scoreboard/tournament/_/eventId/713-2026/competitionType/1,https://www.espn.com/tennis/scoreboard/tournament/_/eventId/713-2026/competitionType/1/date/20260322
2026-03-22,Miami Open presented by Itau,,,Jiri Lehecka,Ethan Quinn,3 6 6 21 || 6 7 8,https://www.espn.com/tennis/scoreboard/tournament/_/eventId/713-2026/competitionType/1,https://www.espn.com/tennis/scoreboard/tournament/_/eventId/713-2026/competitionType/1/date/20260322
2026-03-22,Miami Open presented by Itau,,,Tommy Paul,Raphael Collignon,6 3 7 7 || 2 6 6 5,https://www.espn.com/tennis/scoreboard/tournament/_/eventId/713-2026/competitionType/1,https://www.espn.com/tennis/scoreboard/tournament/_/eventId/713-2026/competitionType/1/date/20260322
2026-03-22,Miami Open presented by Itau,,,Valentin Vacherot,Matteo Berrettini,6 5 4 24 || 7 7 6,https://www.espn.com/tennis/scoreboard/tournament/_/eventId/713-2026/competitionType/1,https://www.espn.com/tennis/scoreboard/tournament/_/eventId/713-2026/competitionType/1/date/20260322
2026-03-22,Miami Open presented by Itau,,,Arthur Fils,Stefanos Tsitsipas,6 6 || 0 1,https://www.espn.com/tennis/scoreboard/tournament/_/eventId/713-2026/competitionType/1,https://www.espn.com/tennis/scoreboard/tournament/_/eventId/713-2026/competitionType/1/date/20260322
2026-03-22,Miami Open presented by Itau,,,Tomas Martin Etcheverry,Rafael Jodar,5 4 29 || 7 6,https://www.espn.com/tennis/scoreboard/tournament/_/eventId/713-2026/competitionType/1,https://www.espn.com/tennis/scoreboard/tournament/_/eventId/713-2026/competitionType/1/date/20260322
2026-03-23,Miami Open presented by Itau,,,Jannik Sinner,Corentin Moutet,1 4 2 || 6 6,https://www.espn.com/tennis/scoreboard/tournament/_/eventId/713-2026/competitionType/1,https://www.espn.com/tennis/scoreboard/tournament/_/eventId/713-2026/competitionType/1/date/20260323
2026-03-23,Miami Open presented by Itau,,,Alexander Zverev,Marin Cilic,2 7 4 3 || 6 5 6,https://www.espn.com/tennis/scoreboard/tournament/_/eventId/713-2026/competitionType/1,https://www.espn.com/tennis/scoreboard/tournament/_/eventId/713-2026/competitionType/1/date/20260323
2026-03-23,Miami Open presented by Itau,,,Terence Atmane,Felix Auger-Aliassime,3 6 3 || 6 1 6,https://www.espn.com/tennis/scoreboard/tournament/_/eventId/713-2026/competitionType/1,https://www.espn.com/tennis/scoreboard/tournament/_/eventId/713-2026/competitionType/1/date/20260323
2026-03-23,Miami Open presented by Itau,,,Francisco Cerundolo,Daniil Medvedev,6 4 7 9 || 0 6 5,https://www.espn.com/tennis/scoreboard/tournament/_/eventId/713-2026/competitionType/1,https://www.espn.com/tennis/scoreboard/tournament/_/eventId/713-2026/competitionType/1/date/20260323
2026-03-23,Miami Open presented by Itau,,,Frances Tiafoe,Jakub Mensik,7 7 4 7 13 12 || 6 4 6 6 11,https://www.espn.com/tennis/scoreboard/tournament/_/eventId/713-2026/competitionType/1,https://www.espn.com/tennis/scoreboard/tournament/_/eventId/713-2026/competitionType/1/date/20260323
2026-03-23,Miami Open presented by Itau,,,Ugo Humbert,Alexander Shevchenko,4 6 2 31 || 6 7 7,https://www.espn.com/tennis/scoreboard/tournament/_/eventId/713-2026/competitionType/1,https://www.espn.com/tennis/scoreboard/tournament/_/eventId/713-2026/competitionType/1/date/20260323
2026-03-23,Miami Open presented by Itau,,,Quentin Halys,Kamil Majchrzak,7 7 6 || 6 4 1,https://www.espn.com/tennis/scoreboard/tournament/_/eventId/713-2026/competitionType/1,https://www.espn.com/tennis/scoreboard/tournament/_/eventId/713-2026/competitionType/1/date/20260323
2026-03-23,Miami Open presented by Itau,,,Alex Michelsen,Alejandro Tabilo,6 3 4 || 3 6 6,https://www.espn.com/tennis/scoreboard/tournament/_/eventId/713-2026/competitionType/1,https://www.espn.com/tennis/scoreboard/tournament/_/eventId/713-2026/competitionType/1/date/20260323
2026-03-24,Miami Open presented by Itau,,,Jannik Sinner,Alex Michelsen,5 6 4 2 || 7 7 7,https://www.espn.com/tennis/scoreboard/tournament/_/eventId/713-2026/competitionType/1,https://www.espn.com/tennis/scoreboard/tournament/_/eventId/713-2026/competitionType/1/date/20260324
2026-03-24,Miami Open presented by Itau,,,Alexander Zverev,Quentin Halys,6 4 6 1 3 || 7 7 7 7,https://www.espn.com/tennis/scoreboard/tournament/_/eventId/713-2026/competitionType/1,https://www.espn.com/tennis/scoreboard/tournament/_/eventId/713-2026/competitionType/1/date/20260324
2026-03-24,Miami Open presented by Itau,,,Jiri Lehecka,Taylor Fritz,6 6 4 6 6 || 4 7 7 2,https://www.espn.com/tennis/scoreboard/tournament/_/eventId/713-2026/competitionType/1,https://www.espn.com/tennis/scoreboard/tournament/_/eventId/713-2026/competitionType/1/date/20260324
2026-03-24,Miami Open presented by Itau,,,Francisco Cerundolo,Ugo Humbert,4 3 18 || 6 6,https://www.espn.com/tennis/scoreboard/tournament/_/eventId/713-2026/competitionType/1,https://www.espn.com/tennis/scoreboard/tournament/_/eventId/713-2026/competitionType/1/date/20260324
2026-03-24,Miami Open presented by Itau,,,Frances Tiafoe,Terence Atmane,4 6 4 19 || 6 1 6,https://www.espn.com/tennis/scoreboard/tournament/_/eventId/713-2026/competitionType/1,https://www.espn.com/tennis/scoreboard/tournament/_/eventId/713-2026/competitionType/1/date/20260324
2026-03-24,Miami Open presented by Itau,,,Tommy Paul,Tomas Martin Etcheverry,1 3 22 || 6 6,https://www.espn.com/tennis/scoreboard/tournament/_/eventId/713-2026/competitionType/1,https://www.espn.com/tennis/scoreboard/tournament/_/eventId/713-2026/competitionType/1/date/20260324
2026-03-24,Miami Open presented by Itau,,,Valentin Vacherot,Arthur Fils,4 7 7 4 28 || 6 6 4 6,https://www.espn.com/tennis/scoreboard/tournament/_/eventId/713-2026/competitionType/1,https://www.espn.com/tennis/scoreboard/tournament/_/eventId/713-2026/competitionType/1/date/20260324
2026-03-24,Miami Open presented by Itau,,,Martin Landaluce,Sebastian Korda,6 6 6 4 || 2 7 8 6,https://www.espn.com/tennis/scoreboard/tournament/_/eventId/713-2026/competitionType/1,https://www.espn.com/tennis/scoreboard/tournament/_/eventId/713-2026/competitionType/1/date/20260324
2026-03-25,Miami Open presented by Itau,F,Quarterfinal,Jiri Lehecka,Martin Landaluce,6 1 5 21 || 7 7 7,https://www.espn.com/tennis/scoreboard/tournament/_/eventId/713-2026/competitionType/1,https://www.espn.com/tennis/scoreboard/tournament/_/eventId/713-2026/competitionType/1/date/20260325
2026-03-25,Miami Open presented by Itau,F,Quarterfinal - Stadium,Arthur Fils,Tommy Paul,7 7 6 4 6 6 28 || 6 3 7 7 7 8,https://www.espn.com/tennis/scoreboard/tournament/_/eventId/713-2026/competitionType/1,https://www.espn.com/tennis/scoreboard/tournament/_/eventId/713-2026/competitionType/1/date/20260325
2026-03-26,Miami Open presented by Itau,F,Quarterfinal,Jannik Sinner,Frances Tiafoe,2 2 2 || 6 6,https://www.espn.com/tennis/scoreboard/tournament/_/eventId/713-2026/competitionType/1,https://www.espn.com/tennis/scoreboard/tournament/_/eventId/713-2026/competitionType/1/date/20260326
2026-03-26,Miami Open presented by Itau,F,Quarterfinal - Stadium,Alexander Zverev,Francisco Cerundolo,1 2 3 || 6 6,https://www.espn.com/tennis/scoreboard/tournament/_/eventId/713-2026/competitionType/1,https://www.espn.com/tennis/scoreboard/tournament/_/eventId/713-2026/competitionType/1/date/20260326
2026-03-27,Miami Open presented by Itau,F,Semifinal,Jannik Sinner,Alexander Zverev,3 6 4 2 || 6 7 7,https://www.espn.com/tennis/scoreboard/tournament/_/eventId/713-2026/competitionType/1,https://www.espn.com/tennis/scoreboard/tournament/_/eventId/713-2026/competitionType/1/date/20260327
2026-03-27,Miami Open presented by Itau,F,Semifinal - Stadium,Jiri Lehecka,Arthur Fils,6 6 28 || 2 2,https://www.espn.com/tennis/scoreboard/tournament/_/eventId/713-2026/competitionType/1,https://www.espn.com/tennis/scoreboard/tournament/_/eventId/713-2026/competitionType/1/date/20260327
2026-03-29,Miami Open presented by Itau,,,Jannik Sinner,Jiri Lehecka,4 4 2 || 6 6,https://www.espn.com/tennis/scoreboard/tournament/_/eventId/713-2026/competitionType/1,https://www.espn.com/tennis/scoreboard/tournament/_/eventId/713-2026/competitionType/1/date/20260329
2026-03-28,Fayez Sarofim & Co. U.S. Men's Clay Court Championship,Q1,Qualifying 1st Round,Alexis Galarneau,Gabriel Debru,2 3 || 6 6,https://www.espn.com/tennis/scoreboard/tournament/_/eventId/145-2026/competitionType/1,https://www.espn.com/tennis/scoreboard/tournament/_/eventId/145-2026/competitionType/1/date/20260328
2026-03-28,Fayez Sarofim & Co. U.S. Men's Clay Court Championship,Q1,Qualifying 1st Round - Court 7,Andres Andrade,Stefan Dostanic,1 3 || 6 6,https://www.espn.com/tennis/scoreboard/tournament/_/eventId/145-2026/competitionType/1,https://www.espn.com/tennis/scoreboard/tournament/_/eventId/145-2026/competitionType/1/date/20260328
2026-03-28,Fayez Sarofim & Co. U.S. Men's Clay Court Championship,Q1,Qualifying 1st Round - Court 3,Alex Bolt,Alex Rybakov,5 6 6 || 7 2 4,https://www.espn.com/tennis/scoreboard/tournament/_/eventId/145-2026/competitionType/1,https://www.espn.com/tennis/scoreboard/tournament/_/eventId/145-2026/competitionType/1/date/20260328
2026-03-28,Fayez Sarofim & Co. U.S. Men's Clay Court Championship,Q1,Qualifying 1st Round - Court 3,Federico Agustin Gomez,Andres Martin,6 6 || 4 4,https://www.espn.com/tennis/scoreboard/tournament/_/eventId/145-2026/competitionType/1,https://www.espn.com/tennis/scoreboard/tournament/_/eventId/145-2026/competitionType/1/date/20260328
2026-03-28,Fayez Sarofim & Co. U.S. Men's Clay Court Championship,Q1,Qualifying 1st Round - Court 7,Liam Draxl,Mitchell Krueger,6 1 7 7 || 3 6 6 2,https://www.espn.com/tennis/scoreboard/tournament/_/eventId/145-2026/competitionType/1,https://www.espn.com/tennis/scoreboard/tournament/_/eventId/145-2026/competitionType/1/date/20260328
2026-03-28,Fayez Sarofim & Co. U.S. Men's Clay Court Championship,Q1,Qualifying 1st Round - Stadium Court,Clement Tabur,Daniel Elahi Galan,2 5 || 6 7,https://www.espn.com/tennis/scoreboard/tournament/_/eventId/145-2026/competitionType/1,https://www.espn.com/tennis/scoreboard/tournament/_/eventId/145-2026/competitionType/1/date/20260328
2026-03-28,Fayez Sarofim & Co. U.S. Men's Clay Court Championship,Q1,Qualifying 1st Round - Court 7,Darwin Blanch,Genaro Alberto Olivieri,6 5 7 7 || 0 7 6 5,https://www.espn.com/tennis/scoreboard/tournament/_/eventId/145-2026/competitionType/1,https://www.espn.com/tennis/scoreboard/tournament/_/eventId/145-2026/competitionType/1/date/20260328
2026-03-28,Fayez Sarofim & Co. U.S. Men's Clay Court Championship,Q1,Qualifying 1st Round - Court 3,Jack Pinnington Jones,J.J. Wolf,6 6 || 4 4,https://www.espn.com/tennis/scoreboard/tournament/_/eventId/145-2026/competitionType/1,https://www.espn.com/tennis/scoreboard/tournament/_/eventId/145-2026/competitionType/1/date/20260328
2026-03-29,Fayez Sarofim & Co. U.S. Men's Clay Court Championship,,,Alex Bolt,Andres Andrade,6 4 6 || 2 6 2,https://www.espn.com/tennis/scoreboard/tournament/_/eventId/145-2026/competitionType/1,https://www.espn.com/tennis/scoreboard/tournament/_/eventId/145-2026/competitionType/1/date/20260329
2026-03-29,Fayez Sarofim & Co. U.S. Men's Clay Court Championship,,,Liam Draxl,Alexis Galarneau,3 6 7 7 || 6 1 6 2,https://www.espn.com/tennis/scoreboard/tournament/_/eventId/145-2026/competitionType/1,https://www.espn.com/tennis/scoreboard/tournament/_/eventId/145-2026/competitionType/1/date/20260329
2026-03-29,Fayez Sarofim & Co. U.S. Men's Clay Court Championship,,,Jack Pinnington Jones,Darwin Blanch,6 7 7 || 4 6 4,https://www.espn.com/tennis/scoreboard/tournament/_/eventId/145-2026/competitionType/1,https://www.espn.com/tennis/scoreboard/tournament/_/eventId/145-2026/competitionType/1/date/20260329
2026-03-29,Fayez Sarofim & Co. U.S. Men's Clay Court Championship,,,Federico Agustin Gomez,Clement Tabur,0 7 7 6 || 6 6 4 2,https://www.espn.com/tennis/scoreboard/tournament/_/eventId/145-2026/competitionType/1,https://www.espn.com/tennis/scoreboard/tournament/_/eventId/145-2026/competitionType/1/date/20260329
2026-03-30,Fayez Sarofim & Co. U.S. Men's Clay Court Championship,,,Mackenzie McDonald,Jenson Brooksby,6 6 8 || 4 2,https://www.espn.com/tennis/scoreboard/tournament/_/eventId/145-2026/competitionType/1,https://www.espn.com/tennis/scoreboard/tournament/_/eventId/145-2026/competitionType/1/date/20260330
2026-03-30,Fayez Sarofim & Co. U.S. Men's Clay Court Championship,,,Thiago Agustin Tirante,Colton Smith,0 3 || 6 6,https://www.espn.com/tennis/scoreboard/tournament/_/eventId/145-2026/competitionType/1,https://www.espn.com/tennis/scoreboard/tournament/_/eventId/145-2026/competitionType/1/date/20260330
2026-03-30,Fayez Sarofim & Co. U.S. Men's Clay Court Championship,,,Alex Bolt,Wu Yibing,7 8 6 || 6 6 2,https://www.espn.com/tennis/scoreboard/tournament/_/eventId/145-2026/competitionType/1,https://www.espn.com/tennis/scoreboard/tournament/_/eventId/145-2026/competitionType/1/date/20260330
2026-03-30,Fayez Sarofim & Co. U.S. Men's Clay Court Championship,,,Zhang Zhizhen,Jack Pinnington Jones,1 3 || 6 6,https://www.espn.com/tennis/scoreboard/tournament/_/eventId/145-2026/competitionType/1,https://www.espn.com/tennis/scoreboard/tournament/_/eventId/145-2026/competitionType/1/date/20260330
2026-03-30,Fayez Sarofim & Co. U.S. Men's Clay Court Championship,,,Adolfo Daniel Vallejo,Zachary Svajda,6 6 || 1 4,https://www.espn.com/tennis/scoreboard/tournament/_/eventId/145-2026/competitionType/1,https://www.espn.com/tennis/scoreboard/tournament/_/eventId/145-2026/competitionType/1/date/20260330
2026-03-31,Fayez Sarofim & Co. U.S. Men's Clay Court Championship,,,Brandon Nakashima,Martin Damm,6 0 2 5 || 7 7 6,https://www.espn.com/tennis/scoreboard/tournament/_/eventId/145-2026/competitionType/1,https://www.espn.com/tennis/scoreboard/tournament/_/eventId/145-2026/competitionType/1/date/20260331
2026-03-31,Fayez Sarofim & Co. U.S. Men's Clay Court Championship,,,Tomas Martin Etcheverry,Federico Agustin Gomez,1 6 6 || 6 1 4,https://www.espn.com/tennis/scoreboard/tournament/_/eventId/145-2026/competitionType/1,https://www.espn.com/tennis/scoreboard/tournament/_/eventId/145-2026/competitionType/1/date/20260331
2026-03-31,Fayez Sarofim & Co. U.S. Men's Clay Court Championship,,,Alex Michelsen,Chak Lam Coleman Wong,6 6 || 4 2,https://www.espn.com/tennis/scoreboard/tournament/_/eventId/145-2026/competitionType/1,https://www.espn.com/tennis/scoreboard/tournament/_/eventId/145-2026/competitionType/1/date/20260331
2026-03-31,Fayez Sarofim & Co. U.S. Men's Clay Court Championship,,,Alexei Popyrin,Patrick Kypson,4 6 6 || 6 4 3,https://www.espn.com/tennis/scoreboard/tournament/_/eventId/145-2026/competitionType/1,https://www.espn.com/tennis/scoreboard/tournament/_/eventId/145-2026/competitionType/1/date/20260331
2026-03-31,Fayez Sarofim & Co. U.S. Men's Clay Court Championship,,,Rinky Hijikata,Aleksandar Kovacevic,4 2 || 6 6,https://www.espn.com/tennis/scoreboard/tournament/_/eventId/145-2026/competitionType/1,https://www.espn.com/tennis/scoreboard/tournament/_/eventId/145-2026/competitionType/1/date/20260331
2026-03-31,Fayez Sarofim & Co. U.S. Men's Clay Court Championship,,,Nishesh Basavareddy,Liam Draxl,6 2 6 || 3 6 4,https://www.espn.com/tennis/scoreboard/tournament/_/eventId/145-2026/competitionType/1,https://www.espn.com/tennis/scoreboard/tournament/_/eventId/145-2026/competitionType/1/date/20260331
2026-04-01,Fayez Sarofim & Co. U.S. Men's Clay Court Championship,,,Roman Andres Burruchaga,Adam Walton,6 6 || 2 3,https://www.espn.com/tennis/scoreboard/tournament/_/eventId/145-2026/competitionType/1,https://www.espn.com/tennis/scoreboard/tournament/_/eventId/145-2026/competitionType/1/date/20260401
2026-04-01,Fayez Sarofim & Co. U.S. Men's Clay Court Championship,,,Ben Shelton,Zhang Zhizhen,7 7 7 7 || 6 5 6 3,https://www.espn.com/tennis/scoreboard/tournament/_/eventId/145-2026/competitionType/1,https://www.espn.com/tennis/scoreboard/tournament/_/eventId/145-2026/competitionType/1/date/20260401
2026-04-01,Fayez Sarofim & Co. U.S. Men's Clay Court Championship,,,Tommy Paul,Adolfo Daniel Vallejo,6 4 4 4 || 3 6 6,https://www.espn.com/tennis/scoreboard/tournament/_/eventId/145-2026/competitionType/1,https://www.espn.com/tennis/scoreboard/tournament/_/eventId/145-2026/competitionType/1/date/20260401
2026-04-01,Fayez Sarofim & Co. U.S. Men's Clay Court Championship,,,Tomas Martin Etcheverry,Alex Bolt,6 5 6 6 || 7 7 0 3,https://www.espn.com/tennis/scoreboard/tournament/_/eventId/145-2026/competitionType/1,https://www.espn.com/tennis/scoreboard/tournament/_/eventId/145-2026/competitionType/1/date/20260401
2026-04-01,Fayez Sarofim & Co. U.S. Men's Clay Court Championship,,,Thiago Agustin Tirante,Mackenzie McDonald,6 6 || 2 0,https://www.espn.com/tennis/scoreboard/tournament/_/eventId/145-2026/competitionType/1,https://www.espn.com/tennis/scoreboard/tournament/_/eventId/145-2026/competitionType/1/date/20260401
2026-04-02,Fayez Sarofim & Co. U.S. Men's Clay Court Championship,,,Frances Tiafoe,Rinky Hijikata,4 6 2 2 || 6 3 6,https://www.espn.com/tennis/scoreboard/tournament/_/eventId/145-2026/competitionType/1,https://www.espn.com/tennis/scoreboard/tournament/_/eventId/145-2026/competitionType/1/date/20260402
2026-04-02,Fayez Sarofim & Co. U.S. Men's Clay Court Championship,,,Learner Tien,Nishesh Basavareddy,6 3 6 || 3 6 1,https://www.espn.com/tennis/scoreboard/tournament/_/eventId/145-2026/competitionType/1,https://www.espn.com/tennis/scoreboard/tournament/_/eventId/145-2026/competitionType/1/date/20260402
2026-04-02,Fayez Sarofim & Co. U.S. Men's Clay Court Championship,,,Roman Andres Burruchaga,Brandon Nakashima,6 2 6 5 || 4 6 4,https://www.espn.com/tennis/scoreboard/tournament/_/eventId/145-2026/competitionType/1,https://www.espn.com/tennis/scoreboard/tournament/_/eventId/145-2026/competitionType/1/date/20260402
2026-04-02,Fayez Sarofim & Co. U.S. Men's Clay Court Championship,,,Alexei Popyrin,Alex Michelsen,0 6 1 || 6 4 6,https://www.espn.com/tennis/scoreboard/tournament/_/eventId/145-2026/competitionType/1,https://www.espn.com/tennis/scoreboard/tournament/_/eventId/145-2026/competitionType/1/date/20260402
2026-04-03,Fayez Sarofim & Co. U.S. Men's Clay Court Championship,F,Quarterfinal,Thiago Agustin Tirante,Ben Shelton,7 7 3 4 || 6 5 6 6,https://www.espn.com/tennis/scoreboard/tournament/_/eventId/145-2026/competitionType/1,https://www.espn.com/tennis/scoreboard/tournament/_/eventId/145-2026/competitionType/1/date/20260403
2026-04-03,Fayez Sarofim & Co. U.S. Men's Clay Court Championship,F,Quarterfinal - Stadium Court,Frances Tiafoe,Alexei Popyrin,6 4 6 6 2 || 3 6 7 8,https://www.espn.com/tennis/scoreboard/tournament/_/eventId/145-2026/competitionType/1,https://www.espn.com/tennis/scoreboard/tournament/_/eventId/145-2026/competitionType/1/date/20260403
2026-04-03,Fayez Sarofim & Co. U.S. Men's Clay Court Championship,F,Quarterfinal - Stadium Court,Roman Andres Burruchaga,Learner Tien,5 4 || 7 6,https://www.espn.com/tennis/scoreboard/tournament/_/eventId/145-2026/competitionType/1,https://www.espn.com/tennis/scoreboard/tournament/_/eventId/145-2026/competitionType/1/date/20260403
2026-04-03,Fayez Sarofim & Co. U.S. Men's Clay Court Championship,F,Quarterfinal - Stadium Court,Tommy Paul,Tomas Martin Etcheverry,4 2 4 || 6 6,https://www.espn.com/tennis/scoreboard/tournament/_/eventId/145-2026/competitionType/1,https://www.espn.com/tennis/scoreboard/tournament/_/eventId/145-2026/competitionType/1/date/20260403
2026-04-04,Fayez Sarofim & Co. U.S. Men's Clay Court Championship,F,Semifinal,Tommy Paul,Frances Tiafoe,7 4 7 9 2 || 5 6 6 7,https://www.espn.com/tennis/scoreboard/tournament/_/eventId/145-2026/competitionType/1,https://www.espn.com/tennis/scoreboard/tournament/_/eventId/145-2026/competitionType/1/date/20260404
2026-04-04,Fayez Sarofim & Co. U.S. Men's Clay Court Championship,F,Semifinal - Stadium Court,Roman Andres Burruchaga,Thiago Agustin Tirante,1 1 || 6 6,https://www.espn.com/tennis/scoreboard/tournament/_/eventId/145-2026/competitionType/1,https://www.espn.com/tennis/scoreboard/tournament/_/eventId/145-2026/competitionType/1/date/20260404
2026-04-05,Fayez Sarofim & Co. U.S. Men's Clay Court Championship,,,Tommy Paul,Roman Andres Burruchaga,1 6 5 4 || 6 3 7,https://www.espn.com/tennis/scoreboard/tournament/_/eventId/145-2026/competitionType/1,https://www.espn.com/tennis/scoreboard/tournament/_/eventId/145-2026/competitionType/1/date/20260405
2026-03-29,Grand Prix Hassan II,Q1,Qualifying 1st Round,Marco Trungelliti,Hynek Barton,6 7 || 3 5,https://www.espn.com/tennis/scoreboard/tournament/_/eventId/28-2026/competitionType/1,https://www.espn.com/tennis/scoreboard/tournament/_/eventId/28-2026/competitionType/1/date/20260329
2026-03-29,Grand Prix Hassan II,Q1,Qualifying 1st Round - Court 2,Rei Sakamoto,Amine Jamji,4 2 || 6 6,https://www.espn.com/tennis/scoreboard/tournament/_/eventId/28-2026/competitionType/1,https://www.espn.com/tennis/scoreboard/tournament/_/eventId/28-2026/competitionType/1/date/20260329
2026-03-29,Grand Prix Hassan II,Q1,Qualifying 1st Round - Center Court,Henrique Rocha,David Jorda Sanchis,6 6 || 3 2,https://www.espn.com/tennis/scoreboard/tournament/_/eventId/28-2026/competitionType/1,https://www.espn.com/tennis/scoreboard/tournament/_/eventId/28-2026/competitionType/1/date/20260329
2026-03-29,Grand Prix Hassan II,Q1,Qualifying 1st Round - Court 4,Moez Echargui,Younes Lalami,4 6 3 || 6 7 7,https://www.espn.com/tennis/scoreboard/tournament/_/eventId/28-2026/competitionType/1,https://www.espn.com/tennis/scoreboard/tournament/_/eventId/28-2026/competitionType/1/date/20260329
2026-03-29,Grand Prix Hassan II,Q1,Qualifying 1st Round - Center Court,Andrea Pellegrino,Timofey Skatov,6 1 || 3 4 RET,https://www.espn.com/tennis/scoreboard/tournament/_/eventId/28-2026/competitionType/1,https://www.espn.com/tennis/scoreboard/tournament/_/eventId/28-2026/competitionType/1/date/20260329
2026-03-29,Grand Prix Hassan II,Q1,Qualifying 1st Round - Court 2,Nicolai Budkov Kjaer,Ilya Ivashka,1 7 6 3 || 6 5 7 7,https://www.espn.com/tennis/scoreboard/tournament/_/eventId/28-2026/competitionType/1,https://www.espn.com/tennis/scoreboard/tournament/_/eventId/28-2026/competitionType/1/date/20260329
2026-03-29,Grand Prix Hassan II,Q1,Qualifying 1st Round - Court 4,Lloyd Harris,Pierre-Hugues Herbert,4 3 || 6 6,https://www.espn.com/tennis/scoreboard/tournament/_/eventId/28-2026/competitionType/1,https://www.espn.com/tennis/scoreboard/tournament/_/eventId/28-2026/competitionType/1/date/20260329
2026-03-29,Grand Prix Hassan II,Q1,Qualifying 1st Round - Court 2,Dusan Lajovic,Jakub Paul,6 6 || 1 4,https://www.espn.com/tennis/scoreboard/tournament/_/eventId/28-2026/competitionType/1,https://www.espn.com/tennis/scoreboard/tournament/_/eventId/28-2026/competitionType/1/date/20260329
2026-03-30,Grand Prix Hassan II,,,Marco Trungelliti,Rei Sakamoto,7 10 6 || 6 8 4,https://www.espn.com/tennis/scoreboard/tournament/_/eventId/28-2026/competitionType/1,https://www.espn.com/tennis/scoreboard/tournament/_/eventId/28-2026/competitionType/1/date/20260330
2026-03-30,Grand Prix Hassan II,,,Henrique Rocha,Nicolai Budkov Kjaer,6 6 || 1 2,https://www.espn.com/tennis/scoreboard/tournament/_/eventId/28-2026/competitionType/1,https://www.espn.com/tennis/scoreboard/tournament/_/eventId/28-2026/competitionType/1/date/20260330
2026-03-30,Grand Prix Hassan II,,,Dusan Lajovic,Lloyd Harris,6 6 || 4 4,https://www.espn.com/tennis/scoreboard/tournament/_/eventId/28-2026/competitionType/1,https://www.espn.com/tennis/scoreboard/tournament/_/eventId/28-2026/competitionType/1/date/20260330
2026-03-30,Grand Prix Hassan II,,,Timofey Skatov,Moez Echargui,6 6 || 3 3,https://www.espn.com/tennis/scoreboard/tournament/_/eventId/28-2026/competitionType/1,https://www.espn.com/tennis/scoreboard/tournament/_/eventId/28-2026/competitionType/1/date/20260330
2026-03-30,Grand Prix Hassan II,,,Yannick Hanfmann,Jesper de Jong,6 6 4 8 || 7 8 6,https://www.espn.com/tennis/scoreboard/tournament/_/eventId/28-2026/competitionType/1,https://www.espn.com/tennis/scoreboard/tournament/_/eventId/28-2026/competitionType/1/date/20260330
2026-03-30,Grand Prix Hassan II,,,Karim Bennani,Quentin Halys,6 6 5 6 || 4 7 7 2,https://www.espn.com/tennis/scoreboard/tournament/_/eventId/28-2026/competitionType/1,https://www.espn.com/tennis/scoreboard/tournament/_/eventId/28-2026/competitionType/1/date/20260330
2026-03-30,Grand Prix Hassan II,,,Taha Baadi,Aleksandar Vukic,2 6 1 || 6 3 6,https://www.espn.com/tennis/scoreboard/tournament/_/eventId/28-2026/competitionType/1,https://www.espn.com/tennis/scoreboard/tournament/_/eventId/28-2026/competitionType/1/date/20260330
2026-03-31,Grand Prix Hassan II,,,Kamil Majchrzak,Juan Manuel Cerundolo,6 3 6 3 5 || 7 7 3 6,https://www.espn.com/tennis/scoreboard/tournament/_/eventId/28-2026/competitionType/1,https://www.espn.com/tennis/scoreboard/tournament/_/eventId/28-2026/competitionType/1/date/20260331
2026-03-31,Grand Prix Hassan II,,,Ignacio Buse,Matteo Berrettini,7 7 6 2 6 || 6 5 7 7 4,https://www.espn.com/tennis/scoreboard/tournament/_/eventId/28-2026/competitionType/1,https://www.espn.com/tennis/scoreboard/tournament/_/eventId/28-2026/competitionType/1/date/20260331
2026-03-31,Grand Prix Hassan II,,,Rafael Jodar,Dusan Lajovic,6 6 || 3 4,https://www.espn.com/tennis/scoreboard/tournament/_/eventId/28-2026/competitionType/1,https://www.espn.com/tennis/scoreboard/tournament/_/eventId/28-2026/competitionType/1/date/20260331
2026-03-31,Grand Prix Hassan II,,,Luca Van Assche,Hugo Gaston,6 7 7 || 4 6 5,https://www.espn.com/tennis/scoreboard/tournament/_/eventId/28-2026/competitionType/1,https://www.espn.com/tennis/scoreboard/tournament/_/eventId/28-2026/competitionType/1/date/20260331
2026-03-31,Grand Prix Hassan II,,,Timofey Skatov,Camilo Ugo Carabelli,7 7 3 4 || 6 2 6 6,https://www.espn.com/tennis/scoreboard/tournament/_/eventId/28-2026/competitionType/1,https://www.espn.com/tennis/scoreboard/tournament/_/eventId/28-2026/competitionType/1/date/20260331
2026-03-31,Grand Prix Hassan II,,,Marco Trungelliti,Henrique Rocha,6 5 2 || 7 7 6,https://www.espn.com/tennis/scoreboard/tournament/_/eventId/28-2026/competitionType/1,https://www.espn.com/tennis/scoreboard/tournament/_/eventId/28-2026/competitionType/1/date/20260331
2026-03-31,Grand Prix Hassan II,,,Mattia Bellucci,Reda Bennani,6 3 6 || 3 6 4,https://www.espn.com/tennis/scoreboard/tournament/_/eventId/28-2026/competitionType/1,https://www.espn.com/tennis/scoreboard/tournament/_/eventId/28-2026/competitionType/1/date/20260331
2026-03-31,Grand Prix Hassan II,,,Alexandre Muller,Federico Cina,2 3 || 6 6,https://www.espn.com/tennis/scoreboard/tournament/_/eventId/28-2026/competitionType/1,https://www.espn.com/tennis/scoreboard/tournament/_/eventId/28-2026/competitionType/1/date/20260331
2026-04-01,Grand Prix Hassan II,,,Vit Kopriva,Hamad Medjedovic,6 4 7 6 || 7 7 5 2,https://www.espn.com/tennis/scoreboard/tournament/_/eventId/28-2026/competitionType/1,https://www.espn.com/tennis/scoreboard/tournament/_/eventId/28-2026/competitionType/1/date/20260401
2026-04-01,Grand Prix Hassan II,,,Luciano Darderi,Mattia Bellucci,6 6 || 4 2,https://www.espn.com/tennis/scoreboard/tournament/_/eventId/28-2026/competitionType/1,https://www.espn.com/tennis/scoreboard/tournament/_/eventId/28-2026/competitionType/1/date/20260401
2026-04-01,Grand Prix Hassan II,,,Corentin Moutet,Taha Baadi,6 6 || 0 2,https://www.espn.com/tennis/scoreboard/tournament/_/eventId/28-2026/competitionType/1,https://www.espn.com/tennis/scoreboard/tournament/_/eventId/28-2026/competitionType/1/date/20260401
2026-04-01,Grand Prix Hassan II,,,Marco Trungelliti,Kamil Majchrzak,7 7 6 5 || 6 4 3,https://www.espn.com/tennis/scoreboard/tournament/_/eventId/28-2026/competitionType/1,https://www.espn.com/tennis/scoreboard/tournament/_/eventId/28-2026/competitionType/1/date/20260401
2026-04-01,Grand Prix Hassan II,,,Karim Bennani,Yannick Hanfmann,4 7 7 2 8 || 6 6 3 6,https://www.espn.com/tennis/scoreboard/tournament/_/eventId/28-2026/competitionType/1,https://www.espn.com/tennis/scoreboard/tournament/_/eventId/28-2026/competitionType/1/date/20260401
2026-04-02,Grand Prix Hassan II,,,Luca Van Assche,Tallon Griekspoor,6 1 6 2 || 4 6 3,https://www.espn.com/tennis/scoreboard/tournament/_/eventId/28-2026/competitionType/1,https://www.espn.com/tennis/scoreboard/tournament/_/eventId/28-2026/competitionType/1/date/20260402
2026-04-02,Grand Prix Hassan II,,,Rafael Jodar,Tomas Machac,6 4 6 4 || 4 6 3,https://www.espn.com/tennis/scoreboard/tournament/_/eventId/28-2026/competitionType/1,https://www.espn.com/tennis/scoreboard/tournament/_/eventId/28-2026/competitionType/1/date/20260402
2026-04-02,Grand Prix Hassan II,,,Alexandre Muller,Vit Kopriva,3 6 3 || 6 7 7,https://www.espn.com/tennis/scoreboard/tournament/_/eventId/28-2026/competitionType/1,https://www.espn.com/tennis/scoreboard/tournament/_/eventId/28-2026/competitionType/1/date/20260402
2026-04-02,Grand Prix Hassan II,,,Camilo Ugo Carabelli,Ignacio Buse,3 6 5 || 6 3 7,https://www.espn.com/tennis/scoreboard/tournament/_/eventId/28-2026/competitionType/1,https://www.espn.com/tennis/scoreboard/tournament/_/eventId/28-2026/competitionType/1/date/20260402
2026-04-03,Grand Prix Hassan II,F,Quarterfinal,Marco Trungelliti,Corentin Moutet,6 3 4 || 4 6 6,https://www.espn.com/tennis/scoreboard/tournament/_/eventId/28-2026/competitionType/1,https://www.espn.com/tennis/scoreboard/tournament/_/eventId/28-2026/competitionType/1/date/20260403
2026-04-03,Grand Prix Hassan II,F,Quarterfinal - Center Court,Camilo Ugo Carabelli,Luca Van Assche,0 6 6 || 6 3 2,https://www.espn.com/tennis/scoreboard/tournament/_/eventId/28-2026/competitionType/1,https://www.espn.com/tennis/scoreboard/tournament/_/eventId/28-2026/competitionType/1/date/20260403
2026-04-03,Grand Prix Hassan II,F,Quarterfinal - Center Court,Rafael Jodar,Alexandre Muller,2 0 || 6 2 RET,https://www.espn.com/tennis/scoreboard/tournament/_/eventId/28-2026/competitionType/1,https://www.espn.com/tennis/scoreboard/tournament/_/eventId/28-2026/competitionType/1/date/20260403
2026-04-04,Grand Prix Hassan II,F,Semifinal,Marco Trungelliti,Luciano Darderi,4 6 2 || 6 7 7,https://www.espn.com/tennis/scoreboard/tournament/_/eventId/28-2026/competitionType/1,https://www.espn.com/tennis/scoreboard/tournament/_/eventId/28-2026/competitionType/1/date/20260404
2026-04-04,Grand Prix Hassan II,F,Semifinal - Center Court,Rafael Jodar,Camilo Ugo Carabelli,6 6 || 2 1,https://www.espn.com/tennis/scoreboard/tournament/_/eventId/28-2026/competitionType/1,https://www.espn.com/tennis/scoreboard/tournament/_/eventId/28-2026/competitionType/1/date/20260404
2026-04-05,Grand Prix Hassan II,,,Rafael Jodar,Marco Trungelliti,3 2 || 6 6,https://www.espn.com/tennis/scoreboard/tournament/_/eventId/28-2026/competitionType/1,https://www.espn.com/tennis/scoreboard/tournament/_/eventId/28-2026/competitionType/1/date/20260405
2026-03-30,Tiriac Open presented by UniCredit Bank,Q1,Qualifying 1st Round,Joel Josef Schwaerzler,Stefan Horia Haita,3 6 6 0 || 6 3 7 7,https://www.espn.com/tennis/scoreboard/tournament/_/eventId/974-2026/competitionType/1,https://www.espn.com/tennis/scoreboard/tournament/_/eventId/974-2026/competitionType/1/date/20260330
2026-03-30,Tiriac Open presented by UniCredit Bank,Q1,Qualifying 1st Round - Central Court,Daniel Merida,Saba Purtseladze,6 6 || 1 2,https://www.espn.com/tennis/scoreboard/tournament/_/eventId/974-2026/competitionType/1,https://www.espn.com/tennis/scoreboard/tournament/_/eventId/974-2026/competitionType/1/date/20260330
2026-03-30,Tiriac Open presented by UniCredit Bank,Q1,Qualifying 1st Round - Court 1,Dimitar Kuzmanov,Stefano Travaglia,7 7 6 || 6 0 1,https://www.espn.com/tennis/scoreboard/tournament/_/eventId/974-2026/competitionType/1,https://www.espn.com/tennis/scoreboard/tournament/_/eventId/974-2026/competitionType/1/date/20260330
2026-03-30,Tiriac Open presented by UniCredit Bank,Q1,Qualifying 1st Round - Court 2,Alex Molcan,Billy Harris,1 6 3 || 6 7 7,https://www.espn.com/tennis/scoreboard/tournament/_/eventId/974-2026/competitionType/1,https://www.espn.com/tennis/scoreboard/tournament/_/eventId/974-2026/competitionType/1/date/20260330
2026-03-30,Tiriac Open presented by UniCredit Bank,Q1,Qualifying 1st Round - Court 1,Jay Clarke,Gabriel Ghetu,4 3 || 6 6,https://www.espn.com/tennis/scoreboard/tournament/_/eventId/974-2026/competitionType/1,https://www.espn.com/tennis/scoreboard/tournament/_/eventId/974-2026/competitionType/1/date/20260330
2026-03-30,Tiriac Open presented by UniCredit Bank,Q1,Qualifying 1st Round - Central Court,Stefanos Sakellaridis,Chun-Hsin Tseng,4 3 || 6 6,https://www.espn.com/tennis/scoreboard/tournament/_/eventId/974-2026/competitionType/1,https://www.espn.com/tennis/scoreboard/tournament/_/eventId/974-2026/competitionType/1/date/20260330
2026-03-30,Tiriac Open presented by UniCredit Bank,Q1,Qualifying 1st Round - Court 1,Nikoloz Basilashvili,Daniel Michalski,6 7 || 4 5,https://www.espn.com/tennis/scoreboard/tournament/_/eventId/974-2026/competitionType/1,https://www.espn.com/tennis/scoreboard/tournament/_/eventId/974-2026/competitionType/1/date/20260330
2026-03-30,Tiriac Open presented by UniCredit Bank,Q1,Qualifying 1st Round - Central Court,Jurij Rodionov,George Loffhagen,6 6 5 2 || 4 7 7 6,https://www.espn.com/tennis/scoreboard/tournament/_/eventId/974-2026/competitionType/1,https://www.espn.com/tennis/scoreboard/tournament/_/eventId/974-2026/competitionType/1/date/20260330
2026-03-30,Tiriac Open presented by UniCredit Bank,Q1,Qualifying 1st Round - Court 2,Nikoloz Basilashvili,Jurij Rodionov,6 0 6 || 4 6 3,https://www.espn.com/tennis/scoreboard/tournament/_/eventId/974-2026/competitionType/1,https://www.espn.com/tennis/scoreboard/tournament/_/eventId/974-2026/competitionType/1/date/20260330
2026-03-31,Tiriac Open presented by UniCredit Bank,,,Sebastian Baez,Vilius Gaubas,6 6 || 3 1,https://www.espn.com/tennis/scoreboard/tournament/_/eventId/974-2026/competitionType/1,https://www.espn.com/tennis/scoreboard/tournament/_/eventId/974-2026/competitionType/1/date/20260331
2026-03-31,Tiriac Open presented by UniCredit Bank,,,Daniel Altmaier,Pedro Martinez,6 6 || 1 4,https://www.espn.com/tennis/scoreboard/tournament/_/eventId/974-2026/competitionType/1,https://www.espn.com/tennis/scoreboard/tournament/_/eventId/974-2026/competitionType/1/date/20260331
2026-03-31,Tiriac Open presented by UniCredit Bank,,,Mariano Navone,Christopher O'Connell,4 6 8 7 || 6 7 10,https://www.espn.com/tennis/scoreboard/tournament/_/eventId/974-2026/competitionType/1,https://www.espn.com/tennis/scoreboard/tournament/_/eventId/974-2026/competitionType/1/date/20260331
2026-03-31,Tiriac Open presented by UniCredit Bank,,,Botic Van De Zandschulp,Francesco Maestrelli,3 2 8 || 6 6,https://www.espn.com/tennis/scoreboard/tournament/_/eventId/974-2026/competitionType/1,https://www.espn.com/tennis/scoreboard/tournament/_/eventId/974-2026/competitionType/1/date/20260331
2026-03-31,Tiriac Open presented by UniCredit Bank,,,Alex Molcan,Matteo Arnaldi,6 6 || 3 1,https://www.espn.com/tennis/scoreboard/tournament/_/eventId/974-2026/competitionType/1,https://www.espn.com/tennis/scoreboard/tournament/_/eventId/974-2026/competitionType/1/date/20260331
2026-03-31,Tiriac Open presented by UniCredit Bank,,,Daniel Merida,Otto Virtanen,6 4 7 5 || 7 7 5 7,https://www.espn.com/tennis/scoreboard/tournament/_/eventId/974-2026/competitionType/1,https://www.espn.com/tennis/scoreboard/tournament/_/eventId/974-2026/competitionType/1/date/20260331
2026-03-31,Tiriac Open presented by UniCredit Bank,,,Dino Prizmic,Nikoloz Basilashvili,4 2 || 6 6,https://www.espn.com/tennis/scoreboard/tournament/_/eventId/974-2026/competitionType/1,https://www.espn.com/tennis/scoreboard/tournament/_/eventId/974-2026/competitionType/1/date/20260331
2026-03-31,Tiriac Open presented by UniCredit Bank,,,Stefanos Sakellaridis,Jan Choinski,6 6 || 3 4,https://www.espn.com/tennis/scoreboard/tournament/_/eventId/974-2026/competitionType/1,https://www.espn.com/tennis/scoreboard/tournament/_/eventId/974-2026/competitionType/1/date/20260331
2026-03-31,Tiriac Open presented by UniCredit Bank,,,Damir Dzumhur,Filip Cristian Jianu,6 4 7 7 || 3 6 6 4,https://www.espn.com/tennis/scoreboard/tournament/_/eventId/974-2026/competitionType/1,https://www.espn.com/tennis/scoreboard/tournament/_/eventId/974-2026/competitionType/1/date/20260331
2026-03-31,Tiriac Open presented by UniCredit Bank,,,Titouan Droguet,Roberto Bautista Agut,1 6 1 || 6 1 6,https://www.espn.com/tennis/scoreboard/tournament/_/eventId/974-2026/competitionType/1,https://www.espn.com/tennis/scoreboard/tournament/_/eventId/974-2026/competitionType/1/date/20260331
2026-03-31,Tiriac Open presented by UniCredit Bank,,,Elmer Moller,Gabi Adrian Boitan,3 5 || 6 7,https://www.espn.com/tennis/scoreboard/tournament/_/eventId/974-2026/competitionType/1,https://www.espn.com/tennis/scoreboard/tournament/_/eventId/974-2026/competitionType/1/date/20260331
2026-03-31,Tiriac Open presented by UniCredit Bank,,,Alexander Shevchenko,Radu David Turcanu,6 6 || 2 4,https://www.espn.com/tennis/scoreboard/tournament/_/eventId/974-2026/competitionType/1,https://www.espn.com/tennis/scoreboard/tournament/_/eventId/974-2026/competitionType/1/date/20260331
2026-03-31,Tiriac Open presented by UniCredit Bank,,,Daniel Merida,Joel Josef Schwaerzler,6 6 || 2 2,https://www.espn.com/tennis/scoreboard/tournament/_/eventId/974-2026/competitionType/1,https://www.espn.com/tennis/scoreboard/tournament/_/eventId/974-2026/competitionType/1/date/20260331
2026-03-31,Tiriac Open presented by UniCredit Bank,,,Alex Molcan,Jay Clarke,6 5 7 7 || 3 7 6 4,https://www.espn.com/tennis/scoreboard/tournament/_/eventId/974-2026/competitionType/1,https://www.espn.com/tennis/scoreboard/tournament/_/eventId/974-2026/competitionType/1/date/20260331
2026-03-31,Tiriac Open presented by UniCredit Bank,,,Stefanos Sakellaridis,Dimitar Kuzmanov,6 7 8 || 3 6 6,https://www.espn.com/tennis/scoreboard/tournament/_/eventId/974-2026/competitionType/1,https://www.espn.com/tennis/scoreboard/tournament/_/eventId/974-2026/competitionType/1/date/20260331
2026-04-01,Tiriac Open presented by UniCredit Bank,,,Alex Molcan,Gabriel Diallo,2 2 || 6 6,https://www.espn.com/tennis/scoreboard/tournament/_/eventId/974-2026/competitionType/1,https://www.espn.com/tennis/scoreboard/tournament/_/eventId/974-2026/competitionType/1/date/20260401
2026-04-01,Tiriac Open presented by UniCredit Bank,,,Damir Dzumhur,Nuno Borges,6 1 4 || 7 7 6,https://www.espn.com/tennis/scoreboard/tournament/_/eventId/974-2026/competitionType/1,https://www.espn.com/tennis/scoreboard/tournament/_/eventId/974-2026/competitionType/1/date/20260401
2026-04-01,Tiriac Open presented by UniCredit Bank,,,Mariano Navone,Elmer Moller,2 1 7 || 6 6,https://www.espn.com/tennis/scoreboard/tournament/_/eventId/974-2026/competitionType/1,https://www.espn.com/tennis/scoreboard/tournament/_/eventId/974-2026/competitionType/1/date/20260401
2026-04-01,Tiriac Open presented by UniCredit Bank,,,Botic Van De Zandschulp,Alexander Shevchenko,5 1 8 || 7 6,https://www.espn.com/tennis/scoreboard/tournament/_/eventId/974-2026/competitionType/1,https://www.espn.com/tennis/scoreboard/tournament/_/eventId/974-2026/competitionType/1/date/20260401
2026-04-03,Tiriac Open presented by UniCredit Bank,,,Daniel Merida,Adrian Mannarino,4 6 6 2 || 6 2 2,https://www.espn.com/tennis/scoreboard/tournament/_/eventId/974-2026/competitionType/1,https://www.espn.com/tennis/scoreboard/tournament/_/eventId/974-2026/competitionType/1/date/20260403
2026-04-03,Tiriac Open presented by UniCredit Bank,,,Fabian Marozsan,Stefanos Sakellaridis,6 3 5 3 || 7 7 7,https://www.espn.com/tennis/scoreboard/tournament/_/eventId/974-2026/competitionType/1,https://www.espn.com/tennis/scoreboard/tournament/_/eventId/974-2026/competitionType/1/date/20260403
2026-04-03,Tiriac Open presented by UniCredit Bank,,,Titouan Droguet,Sebastian Baez,4 4 || 6 6,https://www.espn.com/tennis/scoreboard/tournament/_/eventId/974-2026/competitionType/1,https://www.espn.com/tennis/scoreboard/tournament/_/eventId/974-2026/competitionType/1/date/20260403
2026-04-03,Tiriac Open presented by UniCredit Bank,,,Daniel Altmaier,Dino Prizmic,3 7 7 7 9 || 6 6 1 6 7,https://www.espn.com/tennis/scoreboard/tournament/_/eventId/974-2026/competitionType/1,https://www.espn.com/tennis/scoreboard/tournament/_/eventId/974-2026/competitionType/1/date/20260403
2026-04-03,Tiriac Open presented by UniCredit Bank,F,Quarterfinal,Fabian Marozsan,Daniel Altmaier,2 6 5 3 || 6 7 7,https://www.espn.com/tennis/scoreboard/tournament/_/eventId/974-2026/competitionType/1,https://www.espn.com/tennis/scoreboard/tournament/_/eventId/974-2026/competitionType/1/date/20260403
2026-04-03,Tiriac Open presented by UniCredit Bank,F,Quarterfinal - Court 1,Mariano Navone,Alex Molcan,6 2 3 7 || 3 6 6,https://www.espn.com/tennis/scoreboard/tournament/_/eventId/974-2026/competitionType/1,https://www.espn.com/tennis/scoreboard/tournament/_/eventId/974-2026/competitionType/1/date/20260403
2026-04-03,Tiriac Open presented by UniCredit Bank,F,Quarterfinal - Central Court,Botic Van De Zandschulp,Damir Dzumhur,3 3 8 || 6 6,https://www.espn.com/tennis/scoreboard/tournament/_/eventId/974-2026/competitionType/1,https://www.espn.com/tennis/scoreboard/tournament/_/eventId/974-2026/competitionType/1/date/20260403
2026-04-03,Tiriac Open presented by UniCredit Bank,F,Quarterfinal - Central Court,Daniel Merida,Titouan Droguet,6 6 7 1 || 4 7 9 3 RET,https://www.espn.com/tennis/scoreboard/tournament/_/eventId/974-2026/competitionType/1,https://www.espn.com/tennis/scoreboard/tournament/_/eventId/974-2026/competitionType/1/date/20260403
2026-04-04,Tiriac Open presented by UniCredit Bank,F,Semifinal,Daniel Merida,Fabian Marozsan,7 7 3 1 || 6 4 6 6,https://www.espn.com/tennis/scoreboard/tournament/_/eventId/974-2026/competitionType/1,https://www.espn.com/tennis/scoreboard/tournament/_/eventId/974-2026/competitionType/1/date/20260404
2026-04-04,Tiriac Open presented by UniCredit Bank,F,Semifinal - Central Court,Mariano Navone,Botic Van De Zandschulp,5 7 7 7 8 || 7 6 3 5,https://www.espn.com/tennis/scoreboard/tournament/_/eventId/974-2026/competitionType/1,https://www.espn.com/tennis/scoreboard/tournament/_/eventId/974-2026/competitionType/1/date/20260404
2026-04-05,Tiriac Open presented by UniCredit Bank,,,Mariano Navone,Daniel Merida,6 4 7 || 2 6 5,https://www.espn.com/tennis/scoreboard/tournament/_/eventId/974-2026/competitionType/1,https://www.espn.com/tennis/scoreboard/tournament/_/eventId/974-2026/competitionType/1/date/20260405
2026-04-04,Rolex Monte-Carlo Masters,Q1,Qualifying 1st Round,Damir Dzumhur,Nicolai Budkov Kjaer,7 7 7 || 6 4 5,https://www.espn.com/tennis/scoreboard/tournament/_/eventId/42-2026/competitionType/1,https://www.espn.com/tennis/scoreboard/tournament/_/eventId/42-2026/competitionType/1/date/20260404
2026-04-04,Rolex Monte-Carlo Masters,Q1,Qualifying 1st Round - Court Rainier III,Alexandre Muller,Jan Choinski,6 1 3 || 7 7 6,https://www.espn.com/tennis/scoreboard/tournament/_/eventId/42-2026/competitionType/1,https://www.espn.com/tennis/scoreboard/tournament/_/eventId/42-2026/competitionType/1/date/20260404
2026-04-04,Rolex Monte-Carlo Masters,Q1,Qualifying 1st Round - Court Des Princes,Matteo Arnaldi,Vit Kopriva,6 3 2 || 2 6 6,https://www.espn.com/tennis/scoreboard/tournament/_/eventId/42-2026/competitionType/1,https://www.espn.com/tennis/scoreboard/tournament/_/eventId/42-2026/competitionType/1/date/20260404
2026-04-04,Rolex Monte-Carlo Masters,Q1,Qualifying 1st Round - Court Rainier III,Alexander Shevchenko,Andrea Pellegrino,6 0 || 0 0 RET,https://www.espn.com/tennis/scoreboard/tournament/_/eventId/42-2026/competitionType/1,https://www.espn.com/tennis/scoreboard/tournament/_/eventId/42-2026/competitionType/1/date/20260404
2026-04-04,Rolex Monte-Carlo Masters,Q1,Qualifying 1st Round - Court Des Princes,Ethan Quinn,Otto Virtanen,3 6 6 || 6 2 3,https://www.espn.com/tennis/scoreboard/tournament/_/eventId/42-2026/competitionType/1,https://www.espn.com/tennis/scoreboard/tournament/_/eventId/42-2026/competitionType/1/date/20260404
2026-04-04,Rolex Monte-Carlo Masters,Q1,Qualifying 1st Round - Court 9,Alexander Blockx,Francesco Maestrelli,6 3 2 || 7 7 6,https://www.espn.com/tennis/scoreboard/tournament/_/eventId/42-2026/competitionType/1,https://www.espn.com/tennis/scoreboard/tournament/_/eventId/42-2026/competitionType/1/date/20260404
2026-04-04,Rolex Monte-Carlo Masters,Q1,Qualifying 1st Round - Court Ea De Massy,Francisco Comesana,Romain Arneodo,2 1 || 6 6,https://www.espn.com/tennis/scoreboard/tournament/_/eventId/42-2026/competitionType/1,https://www.espn.com/tennis/scoreboard/tournament/_/eventId/42-2026/competitionType/1/date/20260404
2026-04-04,Rolex Monte-Carlo Masters,Q1,Qualifying 1st Round - Court Ea De Massy,Cristian Garin,Jesper de Jong,7 1 6 || 5 6 1,https://www.espn.com/tennis/scoreboard/tournament/_/eventId/42-2026/competitionType/1,https://www.espn.com/tennis/scoreboard/tournament/_/eventId/42-2026/competitionType/1/date/20260404
2026-04-04,Rolex Monte-Carlo Masters,Q1,Qualifying 1st Round - Court 11,Nikoloz Basilashvili,Jan-Lennard Struff,3 3 || 6 6,https://www.espn.com/tennis/scoreboard/tournament/_/eventId/42-2026/competitionType/1,https://www.espn.com/tennis/scoreboard/tournament/_/eventId/42-2026/competitionType/1/date/20260404
2026-04-04,Rolex Monte-Carlo Masters,Q1,Qualifying 1st Round - Court 9,David Goffin,Ignacio Buse,6 3 3 || 2 6 6,https://www.espn.com/tennis/scoreboard/tournament/_/eventId/42-2026/competitionType/1,https://www.espn.com/tennis/scoreboard/tournament/_/eventId/42-2026/competitionType/1/date/20260404
2026-04-04,Rolex Monte-Carlo Masters,Q1,Qualifying 1st Round - Court Rainier III,Roberto Bautista Agut,Benjamin Bonzi,4 3 || 6 6,https://www.espn.com/tennis/scoreboard/tournament/_/eventId/42-2026/competitionType/1,https://www.espn.com/tennis/scoreboard/tournament/_/eventId/42-2026/competitionType/1/date/20260404
2026-04-04,Rolex Monte-Carlo Masters,Q1,Qualifying 1st Round - Court Des Princes,Pedro Martinez,Aleksandar Vukic,6 6 || 2 4,https://www.espn.com/tennis/scoreboard/tournament/_/eventId/42-2026/competitionType/1,https://www.espn.com/tennis/scoreboard/tournament/_/eventId/42-2026/competitionType/1/date/20260404
2026-04-04,Rolex Monte-Carlo Masters,Q1,Qualifying 1st Round - Court Ea De Massy,Juan Manuel Cerundolo,Hugo Nys,6 6 || 3 3,https://www.espn.com/tennis/scoreboard/tournament/_/eventId/42-2026/competitionType/1,https://www.espn.com/tennis/scoreboard/tournament/_/eventId/42-2026/competitionType/1/date/20260404
2026-04-04,Rolex Monte-Carlo Masters,Q1,Qualifying 1st Round - Court Des Princes,Emilio Nava,Quentin Halys,6 6 || 4 4,https://www.espn.com/tennis/scoreboard/tournament/_/eventId/42-2026/competitionType/1,https://www.espn.com/tennis/scoreboard/tournament/_/eventId/42-2026/competitionType/1/date/20260404
2026-04-05,Rolex Monte-Carlo Masters,,,Alexandre Muller,Matteo Arnaldi,1 7 7 4 || 6 6 4 6,https://www.espn.com/tennis/scoreboard/tournament/_/eventId/42-2026/competitionType/1,https://www.espn.com/tennis/scoreboard/tournament/_/eventId/42-2026/competitionType/1/date/20260405
2026-04-05,Rolex Monte-Carlo Masters,,,Alexander Shevchenko,Roberto Bautista Agut,7 7 7 7 || 6 3 6 4,https://www.espn.com/tennis/scoreboard/tournament/_/eventId/42-2026/competitionType/1,https://www.espn.com/tennis/scoreboard/tournament/_/eventId/42-2026/competitionType/1/date/20260405
2026-04-05,Rolex Monte-Carlo Masters,,,Alexander Blockx,Damir Dzumhur,6 8 2 || 7 10 6,https://www.espn.com/tennis/scoreboard/tournament/_/eventId/42-2026/competitionType/1,https://www.espn.com/tennis/scoreboard/tournament/_/eventId/42-2026/competitionType/1/date/20260405
2026-04-05,Rolex Monte-Carlo Masters,,,Francisco Comesana,Ethan Quinn,5 2 || 7 6,https://www.espn.com/tennis/scoreboard/tournament/_/eventId/42-2026/competitionType/1,https://www.espn.com/tennis/scoreboard/tournament/_/eventId/42-2026/competitionType/1/date/20260405
2026-04-05,Rolex Monte-Carlo Masters,,,Juan Manuel Cerundolo,Pedro Martinez,6 2 6 || 2 6 3,https://www.espn.com/tennis/scoreboard/tournament/_/eventId/42-2026/competitionType/1,https://www.espn.com/tennis/scoreboard/tournament/_/eventId/42-2026/competitionType/1/date/20260405
2026-04-05,Rolex Monte-Carlo Masters,,,Cristian Garin,Nikoloz Basilashvili,5 0 || 7 6,https://www.espn.com/tennis/scoreboard/tournament/_/eventId/42-2026/competitionType/1,https://www.espn.com/tennis/scoreboard/tournament/_/eventId/42-2026/competitionType/1/date/20260405
2026-04-05,Rolex Monte-Carlo Masters,,,Emilio Nava,David Goffin,3 7 8 6 2 || 6 6 6 7 7,https://www.espn.com/tennis/scoreboard/tournament/_/eventId/42-2026/competitionType/1,https://www.espn.com/tennis/scoreboard/tournament/_/eventId/42-2026/competitionType/1/date/20260405
2026-04-05,Rolex Monte-Carlo Masters,,,Ugo Humbert,Moise Kouame,3 5 || 6 7,https://www.espn.com/tennis/scoreboard/tournament/_/eventId/42-2026/competitionType/1,https://www.espn.com/tennis/scoreboard/tournament/_/eventId/42-2026/competitionType/1/date/20260405
2026-04-05,Rolex Monte-Carlo Masters,,,Alejandro Tabilo,Marton Fucsovics,4 3 || 6 6,https://www.espn.com/tennis/scoreboard/tournament/_/eventId/42-2026/competitionType/1,https://www.espn.com/tennis/scoreboard/tournament/_/eventId/42-2026/competitionType/1/date/20260405
2026-04-05,Rolex Monte-Carlo Masters,,,Gael Monfils,Tallon Griekspoor,6 7 6 6 || 7 9 1 4,https://www.espn.com/tennis/scoreboard/tournament/_/eventId/42-2026/competitionType/1,https://www.espn.com/tennis/scoreboard/tournament/_/eventId/42-2026/competitionType/1/date/20260405
2026-04-05,Rolex Monte-Carlo Masters,,,Cameron Norrie,Miomir Kecmanovic,6 4 7 7 || 2 6 6 0,https://www.espn.com/tennis/scoreboard/tournament/_/eventId/42-2026/competitionType/1,https://www.espn.com/tennis/scoreboard/tournament/_/eventId/42-2026/competitionType/1/date/20260405
2026-04-06,Rolex Monte-Carlo Masters,,,Flavio Cobolli,Francisco Comesana,7 2 6 || 5 6 3,https://www.espn.com/tennis/scoreboard/tournament/_/eventId/42-2026/competitionType/1,https://www.espn.com/tennis/scoreboard/tournament/_/eventId/42-2026/competitionType/1/date/20260406
2026-04-06,Rolex Monte-Carlo Masters,,,Jiri Lehecka,Emilio Nava,7 7 6 8 6 || 6 1 7 10 2,https://www.espn.com/tennis/scoreboard/tournament/_/eventId/42-2026/competitionType/1,https://www.espn.com/tennis/scoreboard/tournament/_/eventId/42-2026/competitionType/1/date/20260406
2026-04-06,Rolex Monte-Carlo Masters,,,Arthur Rinderknech,Karen Khachanov,7 6 12 || 5 2,https://www.espn.com/tennis/scoreboard/tournament/_/eventId/42-2026/competitionType/1,https://www.espn.com/tennis/scoreboard/tournament/_/eventId/42-2026/competitionType/1/date/20260406
2026-04-06,Rolex Monte-Carlo Masters,,,Andrey Rublev,Nuno Borges,6 1 6 || 4 6 1,https://www.espn.com/tennis/scoreboard/tournament/_/eventId/42-2026/competitionType/1,https://www.espn.com/tennis/scoreboard/tournament/_/eventId/42-2026/competitionType/1/date/20260406
2026-04-06,Rolex Monte-Carlo Masters,,,Francisco Cerundolo,Stefanos Tsitsipas,7 6 || 5 4,https://www.espn.com/tennis/scoreboard/tournament/_/eventId/42-2026/competitionType/1,https://www.espn.com/tennis/scoreboard/tournament/_/eventId/42-2026/competitionType/1/date/20260406
2026-04-06,Rolex Monte-Carlo Masters,,,Valentin Vacherot,Juan Manuel Cerundolo,5 6 6 || 7 2 1,https://www.espn.com/tennis/scoreboard/tournament/_/eventId/42-2026/competitionType/1,https://www.espn.com/tennis/scoreboard/tournament/_/eventId/42-2026/competitionType/1/date/20260406
2026-04-06,Rolex Monte-Carlo Masters,,,Joao Fonseca,Gabriel Diallo,6 6 || 2 3,https://www.espn.com/tennis/scoreboard/tournament/_/eventId/42-2026/competitionType/1,https://www.espn.com/tennis/scoreboard/tournament/_/eventId/42-2026/competitionType/1/date/20260406
2026-04-06,Rolex Monte-Carlo Masters,,,Alexander Blockx,Denis Shapovalov,4 6 3 || 6 4 6,https://www.espn.com/tennis/scoreboard/tournament/_/eventId/42-2026/competitionType/1,https://www.espn.com/tennis/scoreboard/tournament/_/eventId/42-2026/competitionType/1/date/20260406
2026-04-06,Rolex Monte-Carlo Masters,,,Tomas Machac,Daniel Altmaier,4 6 3 || 6 1 6,https://www.espn.com/tennis/scoreboard/tournament/_/eventId/42-2026/competitionType/1,https://www.espn.com/tennis/scoreboard/tournament/_/eventId/42-2026/competitionType/1/date/20260406
2026-04-06,Rolex Monte-Carlo Masters,,,Cristian Garin,Matteo Arnaldi,6 6 || 2 4,https://www.espn.com/tennis/scoreboard/tournament/_/eventId/42-2026/competitionType/1,https://www.espn.com/tennis/scoreboard/tournament/_/eventId/42-2026/competitionType/1/date/20260406
2026-04-06,Rolex Monte-Carlo Masters,,,Sebastian Baez,Stan Wawrinka,7 7 || 5 5,https://www.espn.com/tennis/scoreboard/tournament/_/eventId/42-2026/competitionType/1,https://www.espn.com/tennis/scoreboard/tournament/_/eventId/42-2026/competitionType/1/date/20260406
2026-04-06,Rolex Monte-Carlo Masters,,,Zizou Bergs,Adrian Mannarino,6 6 || 4 3,https://www.espn.com/tennis/scoreboard/tournament/_/eventId/42-2026/competitionType/1,https://www.espn.com/tennis/scoreboard/tournament/_/eventId/42-2026/competitionType/1/date/20260406
2026-04-07,Rolex Monte-Carlo Masters,,,Casper Ruud,Alexei Popyrin,3 4 9 || 6 6,https://www.espn.com/tennis/scoreboard/tournament/_/eventId/42-2026/competitionType/1,https://www.espn.com/tennis/scoreboard/tournament/_/eventId/42-2026/competitionType/1/date/20260407
2026-04-07,Rolex Monte-Carlo Masters,,,Hubert Hurkacz,Luciano Darderi,7 7 5 6 15 || 6 4 7 1,https://www.espn.com/tennis/scoreboard/tournament/_/eventId/42-2026/competitionType/1,https://www.espn.com/tennis/scoreboard/tournament/_/eventId/42-2026/competitionType/1/date/20260407
2026-04-07,Rolex Monte-Carlo Masters,,,Corentin Moutet,Alexandre Muller,6 6 || 4 1,https://www.espn.com/tennis/scoreboard/tournament/_/eventId/42-2026/competitionType/1,https://www.espn.com/tennis/scoreboard/tournament/_/eventId/42-2026/competitionType/1/date/20260407
2026-04-07,Rolex Monte-Carlo Masters,,,Terence Atmane,Ethan Quinn,6 6 || 1 4,https://www.espn.com/tennis/scoreboard/tournament/_/eventId/42-2026/competitionType/1,https://www.espn.com/tennis/scoreboard/tournament/_/eventId/42-2026/competitionType/1/date/20260407
2026-04-07,Rolex Monte-Carlo Masters,,,Fabian Marozsan,Damir Dzumhur,2 1 || 6 6,https://www.espn.com/tennis/scoreboard/tournament/_/eventId/42-2026/competitionType/1,https://www.espn.com/tennis/scoreboard/tournament/_/eventId/42-2026/competitionType/1/date/20260407
2026-04-07,Rolex Monte-Carlo Masters,,,Marin Cilic,Alexander Shevchenko,6 6 || 1 3,https://www.espn.com/tennis/scoreboard/tournament/_/eventId/42-2026/competitionType/1,https://www.espn.com/tennis/scoreboard/tournament/_/eventId/42-2026/competitionType/1/date/20260407
2026-04-07,Rolex Monte-Carlo Masters,,,Matteo Berrettini,Roberto Bautista Agut,0 || 4 RET,https://www.espn.com/tennis/scoreboard/tournament/_/eventId/42-2026/competitionType/1,https://www.espn.com/tennis/scoreboard/tournament/_/eventId/42-2026/competitionType/1/date/20260407
2026-04-07,Rolex Monte-Carlo Masters,,,Tomas Martin Etcheverry,Grigor Dimitrov,6 2 6 || 4 6 3,https://www.espn.com/tennis/scoreboard/tournament/_/eventId/42-2026/competitionType/1,https://www.espn.com/tennis/scoreboard/tournament/_/eventId/42-2026/competitionType/1/date/20260407
2026-04-07,Rolex Monte-Carlo Masters,,,Carlos Alcaraz,Sebastian Baez,6 6 || 1 3,https://www.espn.com/tennis/scoreboard/tournament/_/eventId/42-2026/competitionType/1,https://www.espn.com/tennis/scoreboard/tournament/_/eventId/42-2026/competitionType/1/date/20260407
2026-04-07,Rolex Monte-Carlo Masters,,,Jannik Sinner,Ugo Humbert,3 0 2 || 6 6,https://www.espn.com/tennis/scoreboard/tournament/_/eventId/42-2026/competitionType/1,https://www.espn.com/tennis/scoreboard/tournament/_/eventId/42-2026/competitionType/1/date/20260407
2026-04-07,Rolex Monte-Carlo Masters,,,Alex de Minaur,Cameron Norrie,6 5 6 2 5 || 7 7 2 6,https://www.espn.com/tennis/scoreboard/tournament/_/eventId/42-2026/competitionType/1,https://www.espn.com/tennis/scoreboard/tournament/_/eventId/42-2026/competitionType/1/date/20260407
2026-04-07,Rolex Monte-Carlo Masters,,,Alexander Bublik,Gael Monfils,4 4 8 || 6 6,https://www.espn.com/tennis/scoreboard/tournament/_/eventId/42-2026/competitionType/1,https://www.espn.com/tennis/scoreboard/tournament/_/eventId/42-2026/competitionType/1/date/20260407
2026-04-08,Rolex Monte-Carlo Masters,,,Alexander Zverev,Cristian Garin,6 4 5 3 || 4 6 7,https://www.espn.com/tennis/scoreboard/tournament/_/eventId/42-2026/competitionType/1,https://www.espn.com/tennis/scoreboard/tournament/_/eventId/42-2026/competitionType/1/date/20260408
2026-04-08,Rolex Monte-Carlo Masters,,,Valentin Vacherot,Lorenzo Musetti,6 6 5 || 7 8 7,https://www.espn.com/tennis/scoreboard/tournament/_/eventId/42-2026/competitionType/1,https://www.espn.com/tennis/scoreboard/tournament/_/eventId/42-2026/competitionType/1/date/20260408
2026-04-08,Rolex Monte-Carlo Masters,,,Felix Auger-Aliassime,Marin Cilic,7 7 6 || 6 4 3,https://www.espn.com/tennis/scoreboard/tournament/_/eventId/42-2026/competitionType/1,https://www.espn.com/tennis/scoreboard/tournament/_/eventId/42-2026/competitionType/1/date/20260408
2026-04-08,Rolex Monte-Carlo Masters,,,Matteo Berrettini,Daniil Medvedev,0 0 || 6 6,https://www.espn.com/tennis/scoreboard/tournament/_/eventId/42-2026/competitionType/1,https://www.espn.com/tennis/scoreboard/tournament/_/eventId/42-2026/competitionType/1/date/20260408
2026-04-08,Rolex Monte-Carlo Masters,,,Casper Ruud,Corentin Moutet,5 3 9 || 7 6,https://www.espn.com/tennis/scoreboard/tournament/_/eventId/42-2026/competitionType/1,https://www.espn.com/tennis/scoreboard/tournament/_/eventId/42-2026/competitionType/1/date/20260408
2026-04-08,Rolex Monte-Carlo Masters,,,Alexander Blockx,Flavio Cobolli,3 3 || 6 6,https://www.espn.com/tennis/scoreboard/tournament/_/eventId/42-2026/competitionType/1,https://www.espn.com/tennis/scoreboard/tournament/_/eventId/42-2026/competitionType/1/date/20260408
2026-04-08,Rolex Monte-Carlo Masters,,,Jiri Lehecka,Alejandro Tabilo,4 7 7 6 || 6 6 4 3,https://www.espn.com/tennis/scoreboard/tournament/_/eventId/42-2026/competitionType/1,https://www.espn.com/tennis/scoreboard/tournament/_/eventId/42-2026/competitionType/1/date/20260408
2026-04-08,Rolex Monte-Carlo Masters,,,Zizou Bergs,Andrey Rublev,4 1 || 6 6,https://www.espn.com/tennis/scoreboard/tournament/_/eventId/42-2026/competitionType/1,https://www.espn.com/tennis/scoreboard/tournament/_/eventId/42-2026/competitionType/1/date/20260408
2026-04-08,Rolex Monte-Carlo Masters,,,Tomas Machac,Francisco Cerundolo,6 2 3 || 7 7 6,https://www.espn.com/tennis/scoreboard/tournament/_/eventId/42-2026/competitionType/1,https://www.espn.com/tennis/scoreboard/tournament/_/eventId/42-2026/competitionType/1/date/20260408
2026-04-08,Rolex Monte-Carlo Masters,,,Hubert Hurkacz,Fabian Marozsan,2 3 || 6 6,https://www.espn.com/tennis/scoreboard/tournament/_/eventId/42-2026/competitionType/1,https://www.espn.com/tennis/scoreboard/tournament/_/eventId/42-2026/competitionType/1/date/20260408
2026-04-08,Rolex Monte-Carlo Masters,,,Tomas Martin Etcheverry,Terence Atmane,3 6 6 || 6 3 2,https://www.espn.com/tennis/scoreboard/tournament/_/eventId/42-2026/competitionType/1,https://www.espn.com/tennis/scoreboard/tournament/_/eventId/42-2026/competitionType/1/date/20260408
2026-04-08,Rolex Monte-Carlo Masters,,,Joao Fonseca,Arthur Rinderknech,7 4 6 || 5 6 3,https://www.espn.com/tennis/scoreboard/tournament/_/eventId/42-2026/competitionType/1,https://www.espn.com/tennis/scoreboard/tournament/_/eventId/42-2026/competitionType/1/date/20260408
2026-04-09,Rolex Monte-Carlo Masters,,,Carlos Alcaraz,Tomas Martin Etcheverry,6 4 6 || 1 6 3,https://www.espn.com/tennis/scoreboard/tournament/_/eventId/42-2026/competitionType/1,https://www.espn.com/tennis/scoreboard/tournament/_/eventId/42-2026/competitionType/1/date/20260409
2026-04-09,Rolex Monte-Carlo Masters,,,Jannik Sinner,Tomas Machac,1 7 7 3 2 || 6 6 3 6,https://www.espn.com/tennis/scoreboard/tournament/_/eventId/42-2026/competitionType/1,https://www.espn.com/tennis/scoreboard/tournament/_/eventId/42-2026/competitionType/1/date/20260409
2026-04-09,Rolex Monte-Carlo Masters,,,Alexander Zverev,Zizou Bergs,2 5 3 || 6 7,https://www.espn.com/tennis/scoreboard/tournament/_/eventId/42-2026/competitionType/1,https://www.espn.com/tennis/scoreboard/tournament/_/eventId/42-2026/competitionType/1/date/20260409
2026-04-09,Rolex Monte-Carlo Masters,,,Alex de Minaur,Alexander Blockx,5 6 4 5 || 7 7 7,https://www.espn.com/tennis/scoreboard/tournament/_/eventId/42-2026/competitionType/1,https://www.espn.com/tennis/scoreboard/tournament/_/eventId/42-2026/competitionType/1/date/20260409
2026-04-09,Rolex Monte-Carlo Masters,,,Felix Auger-Aliassime,Casper Ruud,7 2 9 || 5 2 RET,https://www.espn.com/tennis/scoreboard/tournament/_/eventId/42-2026/competitionType/1,https://www.espn.com/tennis/scoreboard/tournament/_/eventId/42-2026/competitionType/1/date/20260409
2026-04-09,Rolex Monte-Carlo Masters,,,Alexander Bublik,Jiri Lehecka,2 5 8 || 6 7,https://www.espn.com/tennis/scoreboard/tournament/_/eventId/42-2026/competitionType/1,https://www.espn.com/tennis/scoreboard/tournament/_/eventId/42-2026/competitionType/1/date/20260409
2026-04-09,Rolex Monte-Carlo Masters,,,Valentin Vacherot,Hubert Hurkacz,6 4 6 6 || 7 7 3 4,https://www.espn.com/tennis/scoreboard/tournament/_/eventId/42-2026/competitionType/1,https://www.espn.com/tennis/scoreboard/tournament/_/eventId/42-2026/competitionType/1/date/20260409
2026-04-09,Rolex Monte-Carlo Masters,,,Joao Fonseca,Matteo Berrettini,3 2 || 6 6,https://www.espn.com/tennis/scoreboard/tournament/_/eventId/42-2026/competitionType/1,https://www.espn.com/tennis/scoreboard/tournament/_/eventId/42-2026/competitionType/1/date/20260409
2026-04-10,Rolex Monte-Carlo Masters,F,Quarterfinal,Carlos Alcaraz,Alexander Bublik,6 6 8 || 3 0,https://www.espn.com/tennis/scoreboard/tournament/_/eventId/42-2026/competitionType/1,https://www.espn.com/tennis/scoreboard/tournament/_/eventId/42-2026/competitionType/1/date/20260410
2026-04-10,Rolex Monte-Carlo Masters,F,Quarterfinal - Court Rainier III,Jannik Sinner,Felix Auger-Aliassime,3 4 2 || 6 6,https://www.espn.com/tennis/scoreboard/tournament/_/eventId/42-2026/competitionType/1,https://www.espn.com/tennis/scoreboard/tournament/_/eventId/42-2026/competitionType/1/date/20260410
2026-04-10,Rolex Monte-Carlo Masters,F,Quarterfinal - Court Rainier III,Joao Fonseca,Alexander Zverev,5 7 7 3 3 || 7 6 3 6,https://www.espn.com/tennis/scoreboard/tournament/_/eventId/42-2026/competitionType/1,https://www.espn.com/tennis/scoreboard/tournament/_/eventId/42-2026/competitionType/1/date/20260410
2026-04-10,Rolex Monte-Carlo Masters,F,Quarterfinal - Court Rainier III,Valentin Vacherot,Alex de Minaur,6 3 6 5 || 4 6 3,https://www.espn.com/tennis/scoreboard/tournament/_/eventId/42-2026/competitionType/1,https://www.espn.com/tennis/scoreboard/tournament/_/eventId/42-2026/competitionType/1/date/20260410
2026-04-11,Rolex Monte-Carlo Masters,F,Semifinal,Carlos Alcaraz,Valentin Vacherot,6 6 || 4 4,https://www.espn.com/tennis/scoreboard/tournament/_/eventId/42-2026/competitionType/1,https://www.espn.com/tennis/scoreboard/tournament/_/eventId/42-2026/competitionType/1/date/20260411
2026-04-11,Rolex Monte-Carlo Masters,F,Semifinal - Court Rainier III,Jannik Sinner,Alexander Zverev,1 4 2 || 6 6,https://www.espn.com/tennis/scoreboard/tournament/_/eventId/42-2026/competitionType/1,https://www.espn.com/tennis/scoreboard/tournament/_/eventId/42-2026/competitionType/1/date/20260411
2026-04-12,Rolex Monte-Carlo Masters,,,Jannik Sinner,Carlos Alcaraz,6 5 3 2 || 7 7 6,https://www.espn.com/tennis/scoreboard/tournament/_/eventId/42-2026/competitionType/1,https://www.espn.com/tennis/scoreboard/tournament/_/eventId/42-2026/competitionType/1/date/20260412
