scraped_at,rank,player_name,age,official_points,profile_url
2026-04-16T19:40:09Z,1,J. Sinner,,13350,https://www.atptour.com/en/players/jannik-sinner/s0ag/overview
2026-04-16T19:40:09Z,2,C. Alcaraz,,13240,https://www.atptour.com/en/players/carlos-alcaraz/a0e2/overview
2026-04-16T19:40:09Z,3,A. Zverev,,5555,https://www.atptour.com/en/players/alexander-zverev/z355/overview
2026-04-16T19:40:09Z,4,N. Djokovic,,4710,https://www.atptour.com/en/players/novak-djokovic/d643/overview
2026-04-16T19:40:09Z,5,F. Auger-Aliassime,,4100,https://www.atptour.com/en/players/felix-auger-aliassime/ag37/overview
2026-04-16T19:40:09Z,6,B. Shelton,,3900,https://www.atptour.com/en/players/ben-shelton/s0s1/overview
2026-04-16T19:40:09Z,7,A. de Minaur,,3895,https://www.atptour.com/en/players/alex-de-minaur/dh58/overview
2026-04-16T19:40:09Z,8,T. Fritz,,3870,https://www.atptour.com/en/players/taylor-fritz/fb98/overview
2026-04-16T19:40:09Z,9,L. Musetti,,3625,https://www.atptour.com/en/players/lorenzo-musetti/m0ej/overview
2026-04-16T19:40:09Z,10,D. Medvedev,,3560,https://www.atptour.com/en/players/daniil-medvedev/mm58/overview
2026-04-16T19:40:09Z,11,A. Bublik,,3445,https://www.atptour.com/en/players/alexander-bublik/bk92/overview
2026-04-16T19:40:09Z,12,C. Ruud,,2625,https://www.atptour.com/en/players/casper-ruud/rh16/overview
2026-04-16T19:40:09Z,13,J. Lehecka,,2540,https://www.atptour.com/en/players/jiri-lehecka/l0bv/overview
2026-04-16T19:40:09Z,14,K. Khachanov,,2410,https://www.atptour.com/en/players/karen-khachanov/ke29/overview
2026-04-16T19:40:09Z,15,A. Rublev,,2350,https://www.atptour.com/en/players/andrey-rublev/re44/overview
2026-04-16T19:40:09Z,16,F. Cobolli,,2320,https://www.atptour.com/en/players/flavio-cobolli/c0e9/overview
2026-04-16T19:40:09Z,17,V. Vacherot,,2168,https://www.atptour.com/en/players/valentin-vacherot/va25/overview
2026-04-16T19:40:09Z,18,T. Paul,,2065,https://www.atptour.com/en/players/tommy-paul/pl56/overview
2026-04-16T19:40:09Z,19,F. Cerundolo,,2020,https://www.atptour.com/en/players/francisco-cerundolo/c0au/overview
2026-04-16T19:40:09Z,20,F. Tiafoe,,1965,https://www.atptour.com/en/players/frances-tiafoe/td51/overview
2026-04-16T19:40:09Z,21,L. Darderi,,1920,https://www.atptour.com/en/players/luciano-darderi/d0fj/overview
2026-04-16T19:40:09Z,22,L. Tien,,1885,https://www.atptour.com/en/players/learner-tien/t0ha/overview
2026-04-16T19:40:09Z,23,A. Davidovich Fokina,,1870,https://www.atptour.com/en/players/alejandro-davidovich-fokina/dh50/overview
2026-04-16T19:40:09Z,24,C. Norrie,,1778,https://www.atptour.com/en/players/cameron-norrie/n771/overview
2026-04-16T19:40:09Z,25,J. Mensik,,1700,https://www.atptour.com/en/players/jakub-mensik/m0ni/overview
2026-04-16T19:40:09Z,26,A. Rinderknech,,1676,https://www.atptour.com/en/players/arthur-rinderknech/rc91/overview
2026-04-16T19:40:09Z,27,H. Rune,,1620,https://www.atptour.com/en/players/holger-rune/r0dg/overview
2026-04-16T19:40:09Z,28,J. Draper,,1610,https://www.atptour.com/en/players/jack-draper/d0co/overview
2026-04-16T19:40:09Z,29,T. Etcheverry,,1590,https://www.atptour.com/en/players/tomas-martin-etcheverry/ea24/overview
2026-04-16T19:40:09Z,30,A. Fils,,1440,https://www.atptour.com/en/players/arthur-fils/f0f1/overview
2026-04-16T19:40:09Z,31,C. Moutet,,1433,https://www.atptour.com/en/players/corentin-moutet/mw02/overview
2026-04-16T19:40:09Z,32,T. Griekspoor,,1430,https://www.atptour.com/en/players/tallon-griekspoor/gj37/overview
2026-04-16T19:40:09Z,33,B. Nakashima,,1385,https://www.atptour.com/en/players/brandon-nakashima/n0ae/overview
2026-04-16T19:40:09Z,34,U. Humbert,,1320,https://www.atptour.com/en/players/ugo-humbert/hh26/overview
2026-04-16T19:40:09Z,35,J. Fonseca,,1315,https://www.atptour.com/en/players/joao-fonseca/f0fv/overview
2026-04-16T19:40:09Z,36,A. Michelsen,,1200,https://www.atptour.com/en/players/alex-michelsen/m0qi/overview
2026-04-16T19:40:09Z,37,G. Diallo,,1175,https://www.atptour.com/en/players/gabriel-diallo/d0f6/overview
2026-04-16T19:40:09Z,38,J. Munar,,1175,https://www.atptour.com/en/players/jaume-munar/mu94/overview
2026-04-16T19:40:09Z,39,D. Shapovalov,,1120,https://www.atptour.com/en/players/denis-shapovalov/su55/overview
2026-04-16T19:40:09Z,40,Z. Bergs,,1110,https://www.atptour.com/en/players/zizou-bergs/bu13/overview
2026-04-16T19:40:09Z,41,T. Atmane,,1108,https://www.atptour.com/en/players/terence-atmane/a0gc/overview
2026-04-16T19:40:09Z,42,F. Marozsan,,1105,https://www.atptour.com/en/players/fabian-marozsan/m0ci/overview
2026-04-16T19:40:09Z,43,S. Korda,,1100,https://www.atptour.com/en/players/sebastian-korda/k0ah/overview
2026-04-16T19:40:09Z,44,M. Navone,,1085,https://www.atptour.com/en/players/mariano-navone/n0bs/overview
2026-04-16T19:40:09Z,45,A. Tabilo,,1068,https://www.atptour.com/en/players/alejandro-tabilo/te30/overview
2026-04-16T19:40:09Z,46,A. Mannarino,,1025,https://www.atptour.com/en/players/adrian-mannarino/me82/overview
2026-04-16T19:40:09Z,47,T. Machac,,980,https://www.atptour.com/en/players/tomas-machac/m0fh/overview
2026-04-16T19:40:09Z,48,M. Cilic,,950,https://www.atptour.com/en/players/marin-cilic/c977/overview
2026-04-16T19:40:09Z,49,B. van de Zandschulp,,931,https://www.atptour.com/en/players/botic-van-de-zandschulp/v812/overview
2026-04-16T19:40:09Z,50,E. Quinn,,927,https://www.atptour.com/en/players/ethan-quinn/q02l/overview
2026-04-16T19:40:09Z,51,Y. Hanfmann,,899,https://www.atptour.com/en/players/yannick-hanfmann/h997/overview
2026-04-16T19:40:09Z,52,N. Borges,,895,https://www.atptour.com/en/players/nuno-borges/bt72/overview
2026-04-16T19:40:09Z,53,G. Mpetshi Perricard,,890,https://www.atptour.com/en/players/giovanni-mpetshi-perricard/m0gz/overview
2026-04-16T19:40:09Z,54,M. Fucsovics,,887,https://www.atptour.com/en/players/marton-fucsovics/f724/overview
2026-04-16T19:40:09Z,55,R. Jodar,,886,https://www.atptour.com/en/players/rafael-jodar/j0dz/overview
2026-04-16T19:40:09Z,56,D. Altmaier,,880,https://www.atptour.com/en/players/daniel-altmaier/ae14/overview
2026-04-16T19:40:09Z,57,S. Baez,,880,https://www.atptour.com/en/players/sebastian-baez/b0bi/overview
2026-04-16T19:40:09Z,58,M. Kecmanovic,,875,https://www.atptour.com/en/players/miomir-kecmanovic/ki95/overview
2026-04-16T19:40:09Z,59,A. Popyrin,,870,https://www.atptour.com/en/players/alexei-popyrin/p09z/overview
2026-04-16T19:40:09Z,60,I. Buse,,864,https://www.atptour.com/en/players/ignacio-buse/b0id/overview
2026-04-16T19:40:09Z,61,R. Burruchaga,,860,https://www.atptour.com/en/players/roman-andres-burruchaga/b0fv/overview
2026-04-16T19:40:09Z,62,J. Brooksby,,852,https://www.atptour.com/en/players/jenson-brooksby/b0cd/overview
2026-04-16T19:40:09Z,63,H. Hurkacz,,845,https://www.atptour.com/en/players/hubert-hurkacz/hb71/overview
2026-04-16T19:40:09Z,64,C. Ugo Carabelli,,825,https://www.atptour.com/en/players/camilo-ugo-carabelli/u182/overview
2026-04-16T19:40:09Z,65,R. Collignon,,818,https://www.atptour.com/en/players/raphael-collignon/c0jp/overview
2026-04-16T19:40:09Z,66,L. Sonego,,810,https://www.atptour.com/en/players/lorenzo-sonego/su87/overview
2026-04-16T19:40:09Z,67,S. Tsitsipas,,805,https://www.atptour.com/en/players/stefanos-tsitsipas/te51/overview
2026-04-16T19:40:09Z,68,R. Opelka,,803,https://www.atptour.com/en/players/reilly-opelka/o522/overview
2026-04-16T19:40:09Z,69,J. Cerundolo,,803,https://www.atptour.com/en/players/juan-manuel-cerundolo/c0c8/overview
2026-04-16T19:40:09Z,70,J. Duckworth,,784,https://www.atptour.com/en/players/james-duckworth/d994/overview
2026-04-16T19:40:09Z,71,A. Cazaux,,777,https://www.atptour.com/en/players/arthur-cazaux/c0h0/overview
2026-04-16T19:40:09Z,72,A. Blockx,,772,https://www.atptour.com/en/players/alexander-blockx/b0pg/overview
2026-04-16T19:40:09Z,73,K. Majchrzak,,767,https://www.atptour.com/en/players/kamil-majchrzak/mq75/overview
2026-04-16T19:40:09Z,74,T. Tirante,,765,https://www.atptour.com/en/players/thiago-agustin-tirante/t0a1/overview
2026-04-16T19:40:09Z,75,A. Shevchenko,,751,https://www.atptour.com/en/players/alexander-shevchenko/s0h2/overview
2026-04-16T19:40:09Z,76,M. Giron,,750,https://www.atptour.com/en/players/marcos-giron/gc88/overview
2026-04-16T19:40:09Z,77,V. Royer,,742,https://www.atptour.com/en/players/valentin-royer/r0eb/overview
2026-04-16T19:40:09Z,78,V. Kopriva,,738,https://www.atptour.com/en/players/vit-kopriva/ki82/overview
2026-04-16T19:40:09Z,79,M. Bellucci,,734,https://www.atptour.com/en/players/mattia-bellucci/b0gg/overview
2026-04-16T19:40:09Z,80,M. Trungelliti,,732,https://www.atptour.com/en/players/marco-trungelliti/ta29/overview
2026-04-16T19:40:09Z,81,J. Struff,,709,https://www.atptour.com/en/players/jan-lennard-struff/sl28/overview
2026-04-16T19:40:09Z,82,D. Dzumhur,,694,https://www.atptour.com/en/players/damir-dzumhur/d923/overview
2026-04-16T19:40:09Z,83,C. Garin,,679,https://www.atptour.com/en/players/cristian-garin/gd64/overview
2026-04-16T19:40:09Z,84,Z. Svajda,,674,https://www.atptour.com/en/players/zachary-svajda/s0k7/overview
2026-04-16T19:40:09Z,85,E. Spizzirri,,674,https://www.atptour.com/en/players/eliot-spizzirri/s0ja/overview
2026-04-16T19:40:09Z,86,S. Ofner,,673,https://www.atptour.com/en/players/sebastian-ofner/o513/overview
2026-04-16T19:40:09Z,87,D. Prizmic,,670,https://www.atptour.com/en/players/dino-prizmic/p0hw/overview
2026-04-16T19:40:09Z,88,H. Medjedovic,,664,https://www.atptour.com/en/players/hamad-medjedovic/m0jf/overview
2026-04-16T19:40:09Z,89,A. Vukic,,663,https://www.atptour.com/en/players/aleksandar-vukic/v832/overview
2026-04-16T19:40:09Z,90,Q. Halys,,650,https://www.atptour.com/en/players/quentin-halys/hb64/overview
2026-04-16T19:40:09Z,91,M. Berrettini,,650,https://www.atptour.com/en/players/matteo-berrettini/bk40/overview
2026-04-16T19:40:09Z,92,F. Comesana,,649,https://www.atptour.com/en/players/francisco-comesana/c0df/overview
2026-04-16T19:40:09Z,93,R. Bautista Agut,,649,https://www.atptour.com/en/players/roberto-bautista-agut/bd06/overview
2026-04-16T19:40:09Z,94,P. Carreno Busta,,646,https://www.atptour.com/en/players/pablo-carreno-busta/cd85/overview
2026-04-16T19:40:09Z,95,A. Muller,,641,https://www.atptour.com/en/players/alexandre-muller/mp20/overview
2026-04-16T19:40:09Z,96,P. Kypson,,640,https://www.atptour.com/en/players/patrick-kypson/k0a3/overview
2026-04-16T19:40:09Z,97,A. Vallejo,,640,https://www.atptour.com/en/players/adolfo-daniel-vallejo/v0dp/overview
2026-04-16T19:40:09Z,98,J. Fearnley,,639,https://www.atptour.com/en/players/jacob-fearnley/f0by/overview
2026-04-16T19:40:09Z,99,A. Kovacevic,,636,https://www.atptour.com/en/players/aleksandar-kovacevic/k0az/overview
2026-04-16T19:40:09Z,100,L. Van Assche,,635,https://www.atptour.com/en/players/luca-van-assche/v0dz/overview
2026-04-16T19:40:09Z,101,M. Landaluce,,634,https://www.atptour.com/en/players/martin-landaluce/l0il/overview
2026-04-16T19:40:09Z,102,Y. Wu,,634,https://www.atptour.com/en/players/yibing-wu/wb32/overview
2026-04-16T19:40:09Z,103,R. Hijikata,,632,https://www.atptour.com/en/players/rinky-hijikata/h0bh/overview
2026-04-16T19:40:09Z,104,D. Merida,,625,https://www.atptour.com/en/players/daniel-merida/m0n7/overview
2026-04-16T19:40:09Z,105,M. Arnaldi,,621,https://www.atptour.com/en/players/matteo-arnaldi/a0fc/overview
2026-04-16T19:40:09Z,106,B. Bonzi,,616,https://www.atptour.com/en/players/benjamin-bonzi/bm95/overview
2026-04-16T19:40:09Z,107,S. Wawrinka,,608,https://www.atptour.com/en/players/stan-wawrinka/w367/overview
2026-04-16T19:40:09Z,108,J. de Jong,,600,https://www.atptour.com/en/players/jesper-de-jong/d0c1/overview
2026-04-16T19:40:09Z,109,A. Walton,,595,https://www.atptour.com/en/players/adam-walton/w09e/overview
2026-04-16T19:40:09Z,110,S. Shimabukuro,,588,https://www.atptour.com/en/players/sho-shimabukuro/sy67/overview
2026-04-16T19:40:09Z,111,F. Misolic,,583,https://www.atptour.com/en/players/filip-misolic/m0jz/overview
2026-04-16T19:40:09Z,112,E. Nava,,580,https://www.atptour.com/en/players/emilio-nava/n0am/overview
2026-04-16T19:40:09Z,113,F. Maestrelli,,577,https://www.atptour.com/en/players/francesco-maestrelli/m0if/overview
2026-04-16T19:40:09Z,114,T. Droguet,,571,https://www.atptour.com/en/players/titouan-droguet/d0dw/overview
2026-04-16T19:40:09Z,115,T. Schoolkate,,558,https://www.atptour.com/en/players/tristan-schoolkate/s0n0/overview
2026-04-16T19:40:09Z,116,H. Gaston,,555,https://www.atptour.com/en/players/hugo-gaston/g09o/overview
2026-04-16T19:40:09Z,117,J. Choinski,,524,https://www.atptour.com/en/players/jan-choinski/ch12/overview
2026-04-16T19:40:09Z,118,N. Basilashvili,,516,https://www.atptour.com/en/players/nikoloz-basilashvili/bg23/overview
2026-04-16T19:40:09Z,119,C. Taberner,,512,https://www.atptour.com/en/players/carlos-taberner/te16/overview
2026-04-16T19:40:09Z,120,T. Barrios Vera,,506,https://www.atptour.com/en/players/tomas-barrios-vera/bs86/overview
2026-04-16T19:40:09Z,121,C. Wong,,503,https://www.atptour.com/en/players/coleman-wong/w0bh/overview
2026-04-16T19:40:09Z,122,V. Gaubas,,503,https://www.atptour.com/en/players/vilius-gaubas/g0fw/overview
2026-04-16T19:40:09Z,123,M. McDonald,,501,https://www.atptour.com/en/players/mackenzie-mcdonald/mk66/overview
2026-04-16T19:40:09Z,124,M. Damm,,499,https://www.atptour.com/en/players/martin-damm/d0dt/overview
2026-04-16T19:40:09Z,125,P. Martinez,,496,https://www.atptour.com/en/players/pedro-martinez/mo44/overview
2026-04-16T19:40:09Z,126,H. Rocha,,496,https://www.atptour.com/en/players/henrique-rocha/r0go/overview
2026-04-16T19:40:09Z,127,S. Mochizuki,,495,https://www.atptour.com/en/players/shintaro-mochizuki/m0hu/overview
2026-04-16T19:40:09Z,128,D. Svrcina,,491,https://www.atptour.com/en/players/dalibor-svrcina/s0gd/overview
2026-04-16T19:40:09Z,129,E. Moller,,489,https://www.atptour.com/en/players/elmer-moller/m0k4/overview
2026-04-16T19:40:09Z,130,O. Virtanen,,487,https://www.atptour.com/en/players/otto-virtanen/v0am/overview
2026-04-16T19:40:09Z,131,A. Pellegrino,,484,https://www.atptour.com/en/players/andrea-pellegrino/ph64/overview
2026-04-16T19:40:09Z,132,D. Sweeny,,462,https://www.atptour.com/en/players/dane-sweeny/s0ia/overview
2026-04-16T19:40:09Z,133,J. Pinnington Jones,,461,https://www.atptour.com/en/players/jack-pinnington-jones/p0ht/overview
2026-04-16T19:40:09Z,134,D. Lajovic,,459,https://www.atptour.com/en/players/dusan-lajovic/l987/overview
2026-04-16T19:40:09Z,135,G. Dimitrov,,455,https://www.atptour.com/en/players/grigor-dimitrov/d875/overview
2026-04-16T19:40:09Z,136,S. Travaglia,,454,https://www.atptour.com/en/players/stefano-travaglia/ta12/overview
2026-04-16T19:40:09Z,137,B. Gojo,,453,https://www.atptour.com/en/players/borna-gojo/gh92/overview
2026-04-16T19:40:09Z,138,A. Gea,,451,https://www.atptour.com/en/players/arthur-gea/g0ix/overview
2026-04-16T19:40:09Z,139,N. Budkov Kjaer,,451,https://www.atptour.com/en/players/nicolai-budkov-kjaer/b0u4/overview
2026-04-16T19:40:09Z,140,L. Nardi,,444,https://www.atptour.com/en/players/luca-nardi/n0bg/overview
2026-04-16T19:40:09Z,141,C. O'Connell,,443,https://www.atptour.com/en/players/christopher-o'connell/o483/overview
2026-04-16T19:40:09Z,142,J. Faria,,443,https://www.atptour.com/en/players/jaime-faria/f0f2/overview
2026-04-16T19:40:09Z,143,J. Thompson,,438,https://www.atptour.com/en/players/jordan-thompson/tc61/overview
2026-04-16T19:40:09Z,144,Z. Piros,,435,https://www.atptour.com/en/players/zsombor-piros/p09o/overview
2026-04-16T19:40:09Z,145,C. Rodesch,,434,https://www.atptour.com/en/players/chris-rodesch/r0e0/overview
2026-04-16T19:40:09Z,146,M. Echargui,,433,https://www.atptour.com/en/players/moez-echargui/ea13/overview
2026-04-16T19:40:09Z,147,F. Passaro,,431,https://www.atptour.com/en/players/francesco-passaro/p0ct/overview
2026-04-16T19:40:09Z,148,B. Harris,,427,https://www.atptour.com/en/players/billy-harris/hd68/overview
2026-04-16T19:40:09Z,149,K. Jacquet,,423,https://www.atptour.com/en/players/kyrian-jacquet/j0az/overview
2026-04-16T19:40:09Z,150,N. Mejia,,423,https://www.atptour.com/en/players/nicolas-mejia/m0aw/overview
2026-04-16T19:40:09Z,151,P. Llamas Ruiz,,419,https://www.atptour.com/en/players/pablo-llamas-ruiz/l0cx/overview
2026-04-16T19:40:09Z,152,M. Zheng,,414,https://www.atptour.com/en/players/michael-zheng/z0bz/overview
2026-04-16T19:40:09Z,153,L. Harris,,413,https://www.atptour.com/en/players/lloyd-harris/hg86/overview
2026-04-16T19:40:09Z,154,A. Bolt,,407,https://www.atptour.com/en/players/alex-bolt/bi81/overview
2026-04-16T19:40:09Z,155,N. Jarry,,403,https://www.atptour.com/en/players/nicolas-jarry/j551/overview
2026-04-16T19:40:09Z,156,H. Dellien,,403,https://www.atptour.com/en/players/hugo-dellien/da31/overview
2026-04-16T19:40:09Z,157,L. Draxl,,402,https://www.atptour.com/en/players/liam-draxl/d0dp/overview
2026-04-16T19:40:09Z,158,L. Klein,,386,https://www.atptour.com/en/players/lukas-klein/ki63/overview
2026-04-16T19:40:09Z,159,C. Tseng,,383,https://www.atptour.com/en/players/chun-hsin-tseng/t0ap/overview
2026-04-16T19:40:09Z,160,U. Blanchet,,381,https://www.atptour.com/en/players/ugo-blanchet/bv16/overview
2026-04-16T19:40:09Z,161,R. Sakamoto,,381,https://www.atptour.com/en/players/rei-sakamoto/s0uv/overview
2026-04-16T19:40:09Z,162,A. Fery,,380,https://www.atptour.com/en/players/arthur-fery/f0dm/overview
2026-04-16T19:40:09Z,163,T. Samuel,,378,https://www.atptour.com/en/players/toby-samuel/s0tm/overview
2026-04-16T19:40:09Z,164,J. Rodionov,,378,https://www.atptour.com/en/players/jurij-rodionov/r09x/overview
2026-04-16T19:40:09Z,165,M. Lajal,,377,https://www.atptour.com/en/players/mark-lajal/l0gh/overview
2026-04-16T19:40:09Z,166,A. Molcan,,376,https://www.atptour.com/en/players/alex-molcan/mv14/overview
2026-04-16T19:40:09Z,167,G. Zeppieri,,374,https://www.atptour.com/en/players/giulio-zeppieri/z0a1/overview
2026-04-16T19:40:09Z,168,A. Barrena,,362,https://www.atptour.com/en/players/alex-barrena/b0gy/overview
2026-04-16T19:40:09Z,169,L. Riedi,,359,https://www.atptour.com/en/players/leandro-riedi/r0fs/overview
2026-04-16T19:40:09Z,170,J. Kym,,354,https://www.atptour.com/en/players/jerome-kym/k0ep/overview
2026-04-16T19:40:09Z,171,Y. Nishioka,,351,https://www.atptour.com/en/players/yoshihito-nishioka/n732/overview
2026-04-16T19:40:09Z,172,E. Ymer,,349,https://www.atptour.com/en/players/elias-ymer/y218/overview
2026-04-16T19:40:09Z,173,J. Schwaerzler,,348,https://www.atptour.com/en/players/joel-schwaerzler/s0wt/overview
2026-04-16T19:40:09Z,174,N. Basavareddy,,343,https://www.atptour.com/en/players/nishesh-basavareddy/b0nn/overview
2026-04-16T19:40:09Z,175,Y. Bu,,342,https://www.atptour.com/en/players/yunchaokete-bu/y09v/overview
2026-04-16T19:40:09Z,176,C. Chidekh,,339,https://www.atptour.com/en/players/clement-chidekh/c0bh/overview
2026-04-16T19:40:09Z,177,D. Glinka,,338,https://www.atptour.com/en/players/daniil-glinka/g0by/overview
2026-04-16T19:40:09Z,178,F. Diaz Acosta,,336,https://www.atptour.com/en/players/facundo-diaz-acosta/d0cg/overview
2026-04-16T19:40:09Z,179,D. Goffin,,335,https://www.atptour.com/en/players/david-goffin/gb88/overview
2026-04-16T19:40:09Z,180,L. Mikrut,,335,https://www.atptour.com/en/players/luka-mikrut/m0n1/overview
2026-04-16T19:40:09Z,181,G. Den Ouden,,333,https://www.atptour.com/en/players/guy-den-ouden/d0h9/overview
2026-04-16T19:40:09Z,182,Z. Kolar,,331,https://www.atptour.com/en/players/zdenek-kolar/kh56/overview
2026-04-16T19:40:09Z,183,H. Mayot,,328,https://www.atptour.com/en/players/harold-mayot/m0g4/overview
2026-04-16T19:40:09Z,184,J. Engel,,323,https://www.atptour.com/en/players/justin-engel/e0dd/overview
2026-04-16T19:40:09Z,185,F. Gomez,,322,https://www.atptour.com/en/players/federico-agustin-gomez/gj16/overview
2026-04-16T19:40:09Z,186,M. Cecchinato,,322,https://www.atptour.com/en/players/marco-cecchinato/cf01/overview
2026-04-16T19:40:09Z,187,G. Bueno,,319,https://www.atptour.com/en/players/gonzalo-bueno/b0gr/overview
2026-04-16T19:40:09Z,188,A. Holmgren,,311,https://www.atptour.com/en/players/august-holmgren/h09n/overview
2026-04-16T19:40:09Z,189,C. Smith,,308,https://www.atptour.com/en/players/colton-smith/s0ze/overview
2026-04-16T19:40:09Z,190,J. Ficovich,,306,https://www.atptour.com/en/players/juan-pablo-ficovich/fa43/overview
2026-04-16T19:40:09Z,191,B. Tomic,,305,https://www.atptour.com/en/players/bernard-tomic/ta46/overview
2026-04-16T19:40:09Z,192,M. Gigante,,303,https://www.atptour.com/en/players/matteo-gigante/g0gd/overview
2026-04-16T19:40:09Z,193,L. Neumayer,,303,https://www.atptour.com/en/players/lukas-neumayer/n0cs/overview
2026-04-16T19:40:09Z,194,J. Clarke,,301,https://www.atptour.com/en/players/jay-clarke/ci14/overview
2026-04-16T19:40:09Z,195,T. Skatov,,300,https://www.atptour.com/en/players/timofey-skatov/s0gr/overview
2026-04-16T19:40:09Z,196,C. Tabur,,297,https://www.atptour.com/en/players/clement-tabur/t09x/overview
2026-04-16T19:40:09Z,197,J. Prado Angelo,,297,https://www.atptour.com/en/players/juan-carlos-prado-angelo/p0iy/overview
2026-04-16T19:40:09Z,198,G. Olivieri,,292,https://www.atptour.com/en/players/genaro-alberto-olivieri/o660/overview
2026-04-16T19:40:09Z,199,R. Bertola,,292,https://www.atptour.com/en/players/remy-bertola/bu70/overview
2026-04-16T19:40:09Z,200,G. Monfils,,290,https://www.atptour.com/en/players/gael-monfils/mc65/overview
2026-04-16T19:40:09Z,201,D. Evans,,288,https://www.atptour.com/en/players/daniel-evans/e687/overview
2026-04-16T19:40:09Z,202,R. Carballes Baena,,286,https://www.atptour.com/en/players/roberto-carballes-baena/cf59/overview
2026-04-16T19:40:09Z,203,A. Galarneau,,286,https://www.atptour.com/en/players/alexis-galarneau/gk06/overview
2026-04-16T19:40:09Z,204,F. Cina,,285,https://www.atptour.com/en/players/federico-cina/c0nb/overview
2026-04-16T19:40:09Z,205,M. Dodig,,285,https://www.atptour.com/en/players/matej-dodig/d0l3/overview
2026-04-16T19:40:09Z,206,G. Bailly,,284,https://www.atptour.com/en/players/gilles-arnaud-bailly/b0qc/overview
2026-04-16T19:40:09Z,207,L. Giustino,,283,https://www.atptour.com/en/players/lorenzo-giustino/ga79/overview
2026-04-16T19:40:09Z,208,V. Sachko,,282,https://www.atptour.com/en/players/vitaliy-sachko/ss25/overview
2026-04-16T19:40:09Z,209,H. Grenier,,280,https://www.atptour.com/en/players/hugo-grenier/gf95/overview
2026-04-16T19:40:09Z,210,G. Heide,,278,https://www.atptour.com/en/players/gustavo-heide/h0du/overview
2026-04-16T19:40:09Z,211,J. Reis Da Silva,,275,https://www.atptour.com/en/players/joao-lucas-reis-da-silva/r0a7/overview
2026-04-16T19:40:09Z,212,S. Sakellaridis,,273,https://www.atptour.com/en/players/stefanos-sakellaridis/s0kt/overview
2026-04-16T19:40:09Z,213,Y. Hsu,,273,https://www.atptour.com/en/players/yu-hsiou-hsu/h09f/overview
2026-04-16T19:40:09Z,214,L. Djere,,272,https://www.atptour.com/en/players/laslo-djere/db63/overview
2026-04-16T19:40:09Z,215,R. Noguchi,,271,https://www.atptour.com/en/players/rio-noguchi/n09u/overview
2026-04-16T19:40:09Z,216,L. Midon,,271,https://www.atptour.com/en/players/lautaro-midon/m0oh/overview
2026-04-16T19:40:09Z,217,A. Andrade,,270,https://www.atptour.com/en/players/andy-andrade/ag08/overview
2026-04-16T19:40:09Z,218,D. Added,,265,https://www.atptour.com/en/players/dan-added/a09t/overview
2026-04-16T19:40:09Z,219,I. Simakin,,264,https://www.atptour.com/en/players/ilia-simakin/s0o6/overview
2026-04-16T19:40:09Z,220,Y. Zhou,,263,https://www.atptour.com/en/players/yi-zhou/z0cq/overview
2026-04-16T19:40:09Z,221,L. Pavlovic,,261,https://www.atptour.com/en/players/luka-pavlovic/p0ay/overview
2026-04-16T19:40:09Z,222,O. Crawford,,253,https://www.atptour.com/en/players/oliver-crawford/c0ak/overview
2026-04-16T19:40:09Z,223,H. Wendelken,,253,https://www.atptour.com/en/players/harry-wendelken/w0ah/overview
2026-04-16T19:40:09Z,224,P. Herbert,,250,https://www.atptour.com/en/players/pierre-hugues-herbert/h996/overview
2026-04-16T19:40:09Z,225,A. Guillen Meza,,250,https://www.atptour.com/en/players/alvaro-guillen-meza/g0dh/overview
2026-04-16T19:40:09Z,226,R. Safiullin,,248,https://www.atptour.com/en/players/roman-safiullin/sx50/overview
2026-04-16T19:40:09Z,227,B. Coric,,248,https://www.atptour.com/en/players/borna-coric/cg80/overview
2026-04-16T19:40:09Z,228,F. Gill,,247,https://www.atptour.com/en/players/felix-gill/g0eu/overview
2026-04-16T19:40:09Z,229,P. Boscardin Dias,,247,https://www.atptour.com/en/players/pedro-boscardin-dias/b0fi/overview
2026-04-16T19:40:09Z,230,K. Coppejans,,245,https://www.atptour.com/en/players/kimmer-coppejans/cg33/overview
2026-04-16T19:40:09Z,231,T. Gentzsch,,244,https://www.atptour.com/en/players/tom-gentzsch/g0ib/overview
2026-04-16T19:40:09Z,232,G. Cadenasso,,243,https://www.atptour.com/en/players/gianluca-cadenasso/c0nn/overview
2026-04-16T19:40:09Z,233,J. Kubler,,240,https://www.atptour.com/en/players/jason-kubler/kb95/overview
2026-04-16T19:40:09Z,234,A. Moro Canas,,239,https://www.atptour.com/en/players/alejandro-moro-canas/m0ht/overview
2026-04-16T19:40:09Z,235,J. McCabe,,237,https://www.atptour.com/en/players/james-mccabe/m0oq/overview
2026-04-16T19:40:09Z,236,A. Collarini,,236,https://www.atptour.com/en/players/andrea-collarini/cc66/overview
2026-04-16T19:40:09Z,237,N. Fatic,,234,https://www.atptour.com/en/players/nerman-fatic/f840/overview
2026-04-16T19:40:09Z,238,K. Uchida,,234,https://www.atptour.com/en/players/kaichi-uchida/u120/overview
2026-04-16T19:40:09Z,239,Y. Watanuki,,233,https://www.atptour.com/en/players/yosuke-watanuki/wb08/overview
2026-04-16T19:40:09Z,240,S. Napolitano,,232,https://www.atptour.com/en/players/stefano-napolitano/n679/overview
2026-04-16T19:40:09Z,241,F. Ferreira Silva,,231,https://www.atptour.com/en/players/frederico-ferreira-silva/sn54/overview
2026-04-16T19:40:09Z,242,Z. Zhang,,230,https://www.atptour.com/en/players/zhizhen-zhang/z371/overview
2026-04-16T19:40:09Z,243,T. Boyer,,228,https://www.atptour.com/en/players/tristan-boyer/b0ej/overview
2026-04-16T19:40:09Z,244,F. Sun,,228,https://www.atptour.com/en/players/fajing-sun/sx90/overview
2026-04-16T19:40:09Z,245,D. Galan,,226,https://www.atptour.com/en/players/daniel-elahi-galan/ge33/overview
2026-04-16T19:40:09Z,246,D. Blanch,,226,https://www.atptour.com/en/players/darwin-blanch/b0no/overview
2026-04-16T19:40:09Z,247,G. Onclin,,225,https://www.atptour.com/en/players/gauthier-onclin/o0a2/overview
2026-04-16T19:40:09Z,248,G. Loffhagen,,223,https://www.atptour.com/en/players/george-loffhagen/l0cf/overview
2026-04-16T19:40:09Z,249,C. Broom,,223,https://www.atptour.com/en/players/charles-broom/bv21/overview
2026-04-16T19:40:09Z,250,L. Broady,,223,https://www.atptour.com/en/players/liam-broady/bi23/overview
2026-04-16T19:40:09Z,251,T. Seyboth Wild,,222,https://www.atptour.com/en/players/thiago-seyboth-wild/sx91/overview
2026-04-16T19:40:09Z,252,R. Brancaccio,,219,https://www.atptour.com/en/players/raul-brancaccio/bv24/overview
2026-04-16T19:40:09Z,253,M. Cassone,,216,https://www.atptour.com/en/players/murphy-cassone/c0ht/overview
2026-04-16T19:40:09Z,254,H. Squire,,216,https://www.atptour.com/en/players/henri-squire/s0ak/overview
2026-04-16T19:40:09Z,255,S. Rodriguez Taverna,,215,https://www.atptour.com/en/players/santiago-rodriguez-taverna/rh59/overview
2026-04-16T19:40:09Z,256,B. Holt,,213,https://www.atptour.com/en/players/brandon-holt/h09p/overview
2026-04-16T19:40:09Z,257,M. Houkes,,213,https://www.atptour.com/en/players/max-houkes/h0cx/overview
2026-04-16T19:40:09Z,258,D. Dedura,,210,https://www.atptour.com/en/players/diego-dedura/d0lj/overview
2026-04-16T19:40:09Z,259,S. Kozlov,,209,https://www.atptour.com/en/players/stefan-kozlov/ke64/overview
2026-04-16T19:40:09Z,260,M. Topo,,208,https://www.atptour.com/en/players/marko-topo/t0fi/overview
2026-04-16T19:40:09Z,261,G. Justo,,208,https://www.atptour.com/en/players/guido-ivan-justo/j0aw/overview
2026-04-16T19:40:09Z,262,P. Kotov,,207,https://www.atptour.com/en/players/pavel-kotov/k09f/overview
2026-04-16T19:40:09Z,263,J. Shang,,205,https://www.atptour.com/en/players/juncheng-shang/s0re/overview
2026-04-16T19:40:09Z,264,M. Mmoh,,205,https://www.atptour.com/en/players/michael-mmoh/mp01/overview
2026-04-16T19:40:09Z,265,R. Pacheco Mendez,,204,https://www.atptour.com/en/players/rodrigo-pacheco-mendez/p0j1/overview
2026-04-16T19:40:09Z,266,E. Butvilas,,203,https://www.atptour.com/en/players/edas-butvilas/b0mm/overview
2026-04-16T19:40:09Z,267,S. Gueymard Wayenburg,,203,https://www.atptour.com/en/players/sascha-gueymard-wayenburg/g0gw/overview
2026-04-16T19:40:09Z,268,I. Gakhov,,202,https://www.atptour.com/en/players/ivan-gakhov/ge28/overview
2026-04-16T19:40:09Z,269,D. Michalski,,197,https://www.atptour.com/en/players/daniel-michalski/m0e1/overview
2026-04-16T19:40:09Z,270,S. Dostanic,,196,https://www.atptour.com/en/players/stefan-dostanic/d0d4/overview
2026-04-16T19:40:09Z,271,M. Krueger,,195,https://www.atptour.com/en/players/mitchell-krueger/kc12/overview
2026-04-16T19:40:09Z,272,J. Monday,,195,https://www.atptour.com/en/players/johannus-monday/m0on/overview
2026-04-16T19:40:09Z,273,M. Damas,,195,https://www.atptour.com/en/players/miguel-damas/d0cn/overview
2026-04-16T19:40:09Z,274,A. Martin,,194,https://www.atptour.com/en/players/andres-martin/m0np/overview
2026-04-16T19:40:09Z,275,F. Jianu,,194,https://www.atptour.com/en/players/filip-cristian-jianu/j09x/overview
2026-04-16T19:40:09Z,276,F. Roncadelli,,193,https://www.atptour.com/en/players/franco-roncadelli/r0bt/overview
2026-04-16T19:40:09Z,277,F. Agamenone,,192,https://www.atptour.com/en/players/franco-agamenone/aa27/overview
2026-04-16T19:40:09Z,278,T. Monteiro,,191,https://www.atptour.com/en/players/thiago-monteiro/mj08/overview
2026-04-16T19:40:09Z,279,Y. Uchiyama,,191,https://www.atptour.com/en/players/yasutaka-uchiyama/u134/overview
2026-04-16T19:40:09Z,280,E. Coulibaly,,191,https://www.atptour.com/en/players/eliakim-coulibaly/c0hb/overview
2026-04-16T19:40:09Z,281,F. Bax,,191,https://www.atptour.com/en/players/florent-bax/b0bu/overview
2026-04-16T19:40:09Z,282,D. Rincon,,189,https://www.atptour.com/en/players/daniel-rincon/r0fp/overview
2026-04-16T19:40:09Z,283,M. Kukushkin,,187,https://www.atptour.com/en/players/mikhail-kukushkin/k926/overview
2026-04-16T19:40:09Z,284,P. Jubb,,187,https://www.atptour.com/en/players/paul-jubb/j0a4/overview
2026-04-16T19:40:09Z,285,M. Ribecai,,185,https://www.atptour.com/en/players/michele-ribecai/r0jw/overview
2026-04-16T19:40:09Z,286,M. Geerts,,185,https://www.atptour.com/en/players/michael-geerts/gg65/overview
2026-04-16T19:40:09Z,287,D. Ajdukovic,,183,https://www.atptour.com/en/players/duje-ajdukovic/a0cj/overview
2026-04-16T19:40:09Z,288,A. Nedic,,182,https://www.atptour.com/en/players/andrej-nedic/n0db/overview
2026-04-16T19:40:09Z,289,M. Dellien,,182,https://www.atptour.com/en/players/murkel-dellien/dc48/overview
2026-04-16T19:40:09Z,290,R. Bertrand,,182,https://www.atptour.com/en/players/robin-bertrand/b0jj/overview
2026-04-16T19:40:09Z,291,R. Peniston,,180,https://www.atptour.com/en/players/ryan-peniston/ph78/overview
2026-04-16T19:40:09Z,292,S. Nagal,,179,https://www.atptour.com/en/players/sumit-nagal/n897/overview
2026-04-16T19:40:09Z,293,I. Marcondes,,179,https://www.atptour.com/en/players/igor-marcondes/rd48/overview
2026-04-16T19:40:09Z,294,N. Sanchez Izquierdo,,178,https://www.atptour.com/en/players/nikolas-sanchez-izquierdo/s0gz/overview
2026-04-16T19:40:09Z,295,J. Varillas,,176,https://www.atptour.com/en/players/juan-pablo-varillas/v836/overview
2026-04-16T19:40:09Z,296,H. Barton,,176,https://www.atptour.com/en/players/hynek-barton/b0ou/overview
2026-04-16T19:40:09Z,297,F. Mena,,174,https://www.atptour.com/en/players/facundo-mena/mj98/overview
2026-04-16T19:40:09Z,298,A. Shelbayh,,172,https://www.atptour.com/en/players/abdullah-shelbayh/s0nv/overview
2026-04-16T19:40:09Z,299,T. Pereira,,172,https://www.atptour.com/en/players/tiago-pereira/p0k4/overview
2026-04-16T19:40:09Z,300,P. Henning,,170,https://www.atptour.com/en/players/philip-henning/h0bf/overview
2026-04-16T19:40:09Z,301,K. Smith,,170,https://www.atptour.com/en/players/keegan-smith/s0dq/overview
2026-04-16T19:40:09Z,302,D. Stricker,,169,https://www.atptour.com/en/players/dominic-stricker/s0la/overview
2026-04-16T19:40:09Z,303,M. Mrva,,167,https://www.atptour.com/en/players/maxim-mrva/m0se/overview
2026-04-16T19:40:09Z,304,M. Soto,,167,https://www.atptour.com/en/players/matias-soto/s0ek/overview
2026-04-16T19:40:09Z,305,B. Zhukayev,,165,https://www.atptour.com/en/players/beibit-zhukayev/z09z/overview
2026-04-16T19:40:09Z,306,L. Marmousez,,165,https://www.atptour.com/en/players/lilian-marmousez/m0gy/overview
2026-04-16T19:40:09Z,307,J. Forejtek,,165,https://www.atptour.com/en/players/jonas-forejtek/f0bt/overview
2026-04-16T19:40:09Z,308,D. Kuzmanov,,165,https://www.atptour.com/en/players/dimitar-kuzmanov/kc33/overview
2026-04-16T19:40:09Z,309,P. Martin Tiffon,,163,https://www.atptour.com/en/players/pol-martin-tiffon/m0ea/overview
2026-04-16T19:40:09Z,310,M. Poljicak,,163,https://www.atptour.com/en/players/mili-poljicak/p0gq/overview
2026-04-16T19:40:09Z,311,A. Martinez,,163,https://www.atptour.com/en/players/alex-martinez/m0gb/overview
2026-04-16T19:40:09Z,312,M. Basing,,162,https://www.atptour.com/en/players/max-basing/b0je/overview
2026-04-16T19:40:09Z,313,S. Kopp,,162,https://www.atptour.com/en/players/sandro-kopp/k0cj/overview
2026-04-16T19:40:09Z,314,P. Brunclik,,161,https://www.atptour.com/en/players/petr-brunclik/b0ov/overview
2026-04-16T19:40:09Z,315,T. Zink,,161,https://www.atptour.com/en/players/tyler-zink/z0ak/overview
2026-04-16T19:40:09Z,316,M. Rosenkranz,,160,https://www.atptour.com/en/players/mats-rosenkranz/rh62/overview
2026-04-16T19:40:09Z,317,M. Krumich,,159,https://www.atptour.com/en/players/martin-krumich/k0fy/overview
2026-04-16T19:40:09Z,318,M. Kasnikowski,,158,https://www.atptour.com/en/players/maks-kasnikowski/k0hc/overview
2026-04-16T19:40:09Z,319,J. Berrettini,,158,https://www.atptour.com/en/players/jacopo-berrettini/bu10/overview
2026-04-16T19:40:09Z,320,M. Martineau,,158,https://www.atptour.com/en/players/matteo-martineau/mw76/overview
2026-04-16T19:40:09Z,321,A. Gray,,157,https://www.atptour.com/en/players/alastair-gray/g0ao/overview
2026-04-16T19:40:09Z,322,A. Ghibaudo,,157,https://www.atptour.com/en/players/antoine-ghibaudo/g0iw/overview
2026-04-16T19:40:09Z,323,M. Jones,,156,https://www.atptour.com/en/players/maximus-jones/j0d2/overview
2026-04-16T19:40:09Z,324,J. Torres,,156,https://www.atptour.com/en/players/juan-bautista-torres/t0dm/overview
2026-04-16T19:40:09Z,325,G. Hussey,,156,https://www.atptour.com/en/players/giles-hussey/h0dc/overview
2026-04-16T19:40:09Z,326,R. Tokuda,,155,https://www.atptour.com/en/players/renta-tokuda/td55/overview
2026-04-16T19:40:09Z,327,F. Bondioli,,155,https://www.atptour.com/en/players/federico-bondioli/b0pe/overview
2026-04-16T19:40:09Z,328,S. Purtseladze,,153,https://www.atptour.com/en/players/saba-purtseladze/p0ea/overview
2026-04-16T19:40:09Z,329,C. Stebe,,152,https://www.atptour.com/en/players/cedrik-marcel-stebe/sk94/overview
2026-04-16T19:40:09Z,330,A. Boitan,,152,https://www.atptour.com/en/players/adrian-boitan/b0c0/overview
2026-04-16T19:40:09Z,331,B. Bicknell,,151,https://www.atptour.com/en/players/blaise-bicknell/b0i5/overview
2026-04-16T19:40:09Z,332,A. Santillan,,151,https://www.atptour.com/en/players/akira-santillan/sq80/overview
2026-04-16T19:40:09Z,333,O. Tarvet,,150,https://www.atptour.com/en/players/oliver-tarvet/t0gr/overview
2026-04-16T19:40:09Z,334,B. Hassan,,150,https://www.atptour.com/en/players/benjamin-hassan/hg94/overview
2026-04-16T19:40:09Z,335,S. Kwon,,150,https://www.atptour.com/en/players/soonwoo-kwon/kf17/overview
2026-04-16T19:40:09Z,336,T. Wu,,150,https://www.atptour.com/en/players/tung-lin-wu/w857/overview
2026-04-16T19:40:09Z,337,S. Cuenin,,149,https://www.atptour.com/en/players/sean-cuenin/c0jx/overview
2026-04-16T19:40:09Z,338,A. Guerrieri,,149,https://www.atptour.com/en/players/andrea-guerrieri/g0a0/overview
2026-04-16T19:40:09Z,339,M. Kouame,,148,https://www.atptour.com/en/players/moise-kouame/k0o4/overview
2026-04-16T19:40:09Z,340,M. Huesler,,148,https://www.atptour.com/en/players/marc-andrea-huesler/hh06/overview
2026-04-16T19:40:09Z,341,N. Gombos,,148,https://www.atptour.com/en/players/norbert-gombos/gb93/overview
2026-04-16T19:40:09Z,342,A. Rybakov,,148,https://www.atptour.com/en/players/alex-rybakov/rg42/overview
2026-04-16T19:40:09Z,343,M. Polmans,,148,https://www.atptour.com/en/players/marc-polmans/pg94/overview
2026-04-16T19:40:09Z,344,P. Bar Biryukov,,148,https://www.atptour.com/en/players/petr-bar-biryukov/b0lq/overview
2026-04-16T19:40:09Z,345,A. Ilagan,,148,https://www.atptour.com/en/players/andre-ilagan/i0b0/overview
2026-04-16T19:40:09Z,346,N. Kicker,,146,https://www.atptour.com/en/players/nicolas-kicker/kc29/overview
2026-04-16T19:40:09Z,347,G. Blancaneaux,,146,https://www.atptour.com/en/players/geoffrey-blancaneaux/bu54/overview
2026-04-16T19:40:09Z,348,J. Trotter,,145,https://www.atptour.com/en/players/james-trotter/t0bw/overview
2026-04-16T19:40:09Z,349,T. Daniel,,144,https://www.atptour.com/en/players/taro-daniel/da81/overview
2026-04-16T19:40:09Z,350,D. Blanch,,144,https://www.atptour.com/en/players/dali-blanch/b0jp/overview
2026-04-16T19:40:09Z,351,H. Habib,,143,https://www.atptour.com/en/players/hady-habib/hf80/overview
2026-04-16T19:40:09Z,352,M. Alkaya,,143,https://www.atptour.com/en/players/mert-alkaya/a09q/overview
2026-04-16T19:40:09Z,353,F. Andaloro,,142,https://www.atptour.com/en/players/fabrizio-andaloro/a0f3/overview
2026-04-16T19:40:09Z,354,P. Sekulic,,141,https://www.atptour.com/en/players/philip-sekulic/s0ti/overview
2026-04-16T19:40:09Z,355,C. Hemery,,141,https://www.atptour.com/en/players/calvin-hemery/hb48/overview
2026-04-16T19:40:09Z,356,I. Xilas,,141,https://www.atptour.com/en/players/ioannis-xilas/x01c/overview
2026-04-16T19:40:09Z,357,C. Sanchez Jover,,141,https://www.atptour.com/en/players/carlos-sanchez-jover/s0cg/overview
2026-04-16T19:40:09Z,358,M. Erhard,,139,https://www.atptour.com/en/players/mathys-erhard/e0ac/overview
2026-04-16T19:40:09Z,359,M. Alcala Gurri,,138,https://www.atptour.com/en/players/max-alcala-gurri/a0ea/overview
2026-04-16T19:40:09Z,360,B. Gadamauri,,137,https://www.atptour.com/en/players/buvaysar-gadamauri/g0cv/overview
2026-04-16T19:40:09Z,361,T. Paris,,136,https://www.atptour.com/en/players/tom-paris/p0gn/overview
2026-04-16T19:40:09Z,362,O. Prihodko,,136,https://www.atptour.com/en/players/oleg-prihodko/pl64/overview
2026-04-16T19:40:09Z,363,J. La Serna,,135,https://www.atptour.com/en/players/juan-manuel-la-serna/l0gr/overview
2026-04-16T19:40:09Z,364,G. Piraino,,135,https://www.atptour.com/en/players/gabriele-piraino/p0i6/overview
2026-04-16T19:40:09Z,365,I. Montes-De La Torre,,135,https://www.atptour.com/en/players/inaki-montes-de-la-torre/m0nl/overview
2026-04-16T19:40:09Z,366,H. Matsuoka,,134,https://www.atptour.com/en/players/hayato-matsuoka/m0sc/overview
2026-04-16T19:40:09Z,367,V. Bielinskyi,,132,https://www.atptour.com/en/players/viacheslav-bielinskyi/b0ll/overview
2026-04-16T19:40:09Z,368,D. Milavsky,,132,https://www.atptour.com/en/players/daniel-milavsky/m0rg/overview
2026-04-16T19:40:09Z,369,S. Shin,,132,https://www.atptour.com/en/players/sanhui-shin/s09p/overview
2026-04-16T19:40:09Z,370,C. Caniato,,131,https://www.atptour.com/en/players/carlo-alberto-caniato/c0lk/overview
2026-04-16T19:40:09Z,371,M. Gengel,,131,https://www.atptour.com/en/players/marek-gengel/g09c/overview
2026-04-16T19:40:09Z,372,G. Villanueva,,131,https://www.atptour.com/en/players/gonzalo-villanueva/v821/overview
2026-04-16T19:40:09Z,373,F. Broska,,130,https://www.atptour.com/en/players/florian-broska/b0c5/overview
2026-04-16T19:40:09Z,374,D. Masur,,130,https://www.atptour.com/en/players/daniel-masur/mn20/overview
2026-04-16T19:40:09Z,375,M. Pucinelli De Almeida,,130,https://www.atptour.com/en/players/matheus-pucinelli-de-almeida/p0df/overview
2026-04-16T19:40:09Z,376,C. Cretu,,130,https://www.atptour.com/en/players/cezar-cretu/c0b2/overview
2026-04-16T19:40:09Z,377,D. Dutra da Silva,,130,https://www.atptour.com/en/players/daniel-dutra-da-silva/sg56/overview
2026-04-16T19:40:09Z,378,Y. Shimizu,,129,https://www.atptour.com/en/players/yuta-shimizu/s0aq/overview
2026-04-16T19:40:09Z,379,O. Roca Batalla,,129,https://www.atptour.com/en/players/oriol-roca-batalla/rb60/overview
2026-04-16T19:40:09Z,380,D. Martin,,128,https://www.atptour.com/en/players/dan--martin/m0c2/overview
2026-04-16T19:40:09Z,381,L. Tu,,128,https://www.atptour.com/en/players/li-tu/tc01/overview
2026-04-16T19:40:09Z,382,F. Romano,,128,https://www.atptour.com/en/players/filippo-romano/r0hk/overview
2026-04-16T19:40:09Z,383,S. Fomin,,128,https://www.atptour.com/en/players/sergey-fomin/f0a3/overview
2026-04-16T19:40:09Z,384,L. Ambrogi,,128,https://www.atptour.com/en/players/luciano-emanuel-ambrogi/a0ik/overview
2026-04-16T19:40:09Z,385,M. Brunold,,127,https://www.atptour.com/en/players/mika-brunold/b0lw/overview
2026-04-16T19:40:09Z,386,D. Jorda Sanchis,,127,https://www.atptour.com/en/players/david-jorda-sanchis/j476/overview
2026-04-16T19:40:09Z,387,M. Sharipov,,126,https://www.atptour.com/en/players/marat-sharipov/s0mn/overview
2026-04-16T19:40:09Z,388,A. Soriano Barrera,,125,https://www.atptour.com/en/players/adria-soriano-barrera/s0bt/overview
2026-04-16T19:40:09Z,389,E. Ribeiro,,125,https://www.atptour.com/en/players/eduardo-ribeiro/r09v/overview
2026-04-16T19:40:09Z,390,T. Colson,,125,https://www.atptour.com/en/players/tibo-colson/c0i4/overview
2026-04-16T19:40:09Z,391,A. Fenty,,125,https://www.atptour.com/en/players/andrew-fenty/f0ck/overview
2026-04-16T19:40:09Z,392,G. Johns,,125,https://www.atptour.com/en/players/garrett-johns/j0b5/overview
2026-04-16T19:40:09Z,393,T. Svajda,,124,https://www.atptour.com/en/players/trevor-svajda/s0vm/overview
2026-04-16T19:40:09Z,394,M. Moeller,,123,https://www.atptour.com/en/players/marvin-moeller/m0bn/overview
2026-04-16T19:40:09Z,395,C. Negritu,,123,https://www.atptour.com/en/players/christoph-negritu/n731/overview
2026-04-16T19:40:09Z,396,Y. Erel,,122,https://www.atptour.com/en/players/yanki-erel/e0aa/overview
2026-04-16T19:40:09Z,397,T. Compagnucci,,122,https://www.atptour.com/en/players/tommaso-compagnucci/c0bb/overview
2026-04-16T19:40:09Z,398,J. Cui,,121,https://www.atptour.com/en/players/jie-cui/c0aj/overview
2026-04-16T19:40:09Z,399,P. Zahraj,,121,https://www.atptour.com/en/players/patrick-zahraj/z09f/overview
2026-04-16T19:40:09Z,400,F. Bagnis,,120,https://www.atptour.com/en/players/facundo-bagnis/bf23/overview
2026-04-16T19:40:09Z,401,L. Maxted,,120,https://www.atptour.com/en/players/lui-maxted/m0nj/overview
2026-04-16T19:40:09Z,402,J. Barranco Cosano,,120,https://www.atptour.com/en/players/javier-barranco-cosano/bv25/overview
2026-04-16T19:40:09Z,403,D. Yevseyev,,120,https://www.atptour.com/en/players/denis-yevseyev/y171/overview
2026-04-16T19:40:09Z,404,H. Casanova,,119,https://www.atptour.com/en/players/hernan-casanova/cg07/overview
2026-04-16T19:40:09Z,405,L. Castelnuovo,,118,https://www.atptour.com/en/players/luca-castelnuovo/ch80/overview
2026-04-16T19:40:09Z,406,H. Stewart,,118,https://www.atptour.com/en/players/hamish-stewart/s0ex/overview
2026-04-16T19:40:09Z,407,O. Wallin,,118,https://www.atptour.com/en/players/olle-wallin/w0bu/overview
2026-04-16T19:40:09Z,408,S. Palosi,,118,https://www.atptour.com/en/players/stefan-palosi/p0cy/overview
2026-04-16T19:40:09Z,409,O. Milic,,117,https://www.atptour.com/en/players/ognjen-milic/m0ur/overview
2026-04-16T19:40:09Z,410,H. Searle,,117,https://www.atptour.com/en/players/henry-searle/s0tx/overview
2026-04-16T19:40:09Z,411,S. Banerjee,,116,https://www.atptour.com/en/players/samir-banerjee/b0i6/overview
2026-04-16T19:40:09Z,412,K. Feldbausch,,116,https://www.atptour.com/en/players/kilian-feldbausch/f0f4/overview
2026-04-16T19:40:09Z,413,B. Shick,,116,https://www.atptour.com/en/players/braden-shick/s0s5/overview
2026-04-16T19:40:09Z,414,R. Perot,,116,https://www.atptour.com/en/players/raphael-perot/p0mg/overview
2026-04-16T19:40:09Z,415,M. Karol,,116,https://www.atptour.com/en/players/milos-karol/k0hg/overview
2026-04-16T19:40:09Z,416,J. Estevez,,115,https://www.atptour.com/en/players/juan-estevez/e0di/overview
2026-04-16T19:40:09Z,417,A. Weber,,114,https://www.atptour.com/en/players/arthur-weber/w0a4/overview
2026-04-16T19:40:09Z,418,V. Durasovic,,114,https://www.atptour.com/en/players/viktor-durasovic/dc76/overview
2026-04-16T19:40:09Z,419,T. Faurel,,113,https://www.atptour.com/en/players/thomas-faurel/f0ho/overview
2026-04-16T19:40:09Z,420,L. Poullain,,113,https://www.atptour.com/en/players/lucas-poullain/pj74/overview
2026-04-16T19:40:09Z,421,K. Samrej,,113,https://www.atptour.com/en/players/kasidit-samrej/s0hr/overview
2026-04-16T19:40:09Z,422,A. Martin,,111,https://www.atptour.com/en/players/andrej-martin/mf35/overview
2026-04-16T19:40:09Z,423,A. Picchione,,110,https://www.atptour.com/en/players/andrea-picchione/p0dr/overview
2026-04-16T19:40:09Z,424,C. Overbeck,,110,https://www.atptour.com/en/players/carl-emil-overbeck/o0bi/overview
2026-04-16T19:40:09Z,425,M. Bouzige,,110,https://www.atptour.com/en/players/moerani-bouzige/b0ek/overview
2026-04-16T19:40:09Z,426,L. Lokoli,,108,https://www.atptour.com/en/players/laurent-lokoli/lc12/overview
2026-04-16T19:40:09Z,427,H. Moriya,,108,https://www.atptour.com/en/players/hiroki-moriya/mi01/overview
2026-04-16T19:40:09Z,428,J. Boulais,,108,https://www.atptour.com/en/players/justin-boulais/b0f8/overview
2026-04-16T19:40:09Z,429,R. Molleker,,108,https://www.atptour.com/en/players/rudolf-molleker/m0ac/overview
2026-04-16T19:40:09Z,430,J. Friend,,107,https://www.atptour.com/en/players/jay-friend/h0jl/overview
2026-04-16T19:40:09Z,431,A. Chepelev,,107,https://www.atptour.com/en/players/andrey-chepelev/co01/overview
2026-04-16T19:40:09Z,432,S. Sorger,,106,https://www.atptour.com/en/players/sebastian-sorger/s0qz/overview
2026-04-16T19:40:09Z,433,P. Sakamoto,,105,https://www.atptour.com/en/players/pedro-sakamoto/sl94/overview
2026-04-16T19:40:09Z,434,K. Singh,,105,https://www.atptour.com/en/players/karan-singh/s0ri/overview
2026-04-16T19:40:09Z,435,C. Kingsley,,104,https://www.atptour.com/en/players/cannon-kingsley/k0db/overview
2026-04-16T19:40:09Z,436,J. Loge,,104,https://www.atptour.com/en/players/jack-loge/l0id/overview
2026-04-16T19:40:09Z,437,B. Artnak,,103,https://www.atptour.com/en/players/bor-artnak/a0i1/overview
2026-04-16T19:40:09Z,438,A. McHugh,,103,https://www.atptour.com/en/players/aidan-mchugh/m0cw/overview
2026-04-16T19:40:09Z,439,E. Vasa,,103,https://www.atptour.com/en/players/eero-vasa/v993/overview
2026-04-16T19:40:09Z,440,F. Arnaboldi,,103,https://www.atptour.com/en/players/federico-arnaboldi/a0ba/overview
2026-04-16T19:40:09Z,441,J. Schiessl,,103,https://www.atptour.com/en/players/joao-eduardo-schiessl/s0t1/overview
2026-04-16T19:40:09Z,442,O. Jasika,,103,https://www.atptour.com/en/players/omar-jasika/j553/overview
2026-04-16T19:40:09Z,443,M. Dhamne,,102,https://www.atptour.com/en/players/manas-dhamne/d0ji/overview
2026-04-16T19:40:09Z,444,P. Nesterov,,101,https://www.atptour.com/en/players/petr-nesterov/n0cj/overview
2026-04-16T19:40:09Z,445,S. Callejon Hernando,,101,https://www.atptour.com/en/players/sergio-callejon-hernando/c0p0/overview
2026-04-16T19:40:09Z,446,A. Vatutin,,100,https://www.atptour.com/en/players/alexey-vatutin/v717/overview
2026-04-16T19:40:09Z,447,L. Potenza,,100,https://www.atptour.com/en/players/luca-potenza/p0b2/overview
2026-04-16T19:40:09Z,448,E. Winter,,99,https://www.atptour.com/en/players/edward-winter/w0c4/overview
2026-04-16T19:40:09Z,449,M. Tobon,,99,https://www.atptour.com/en/players/miguel-tobon/t0i3/overview
2026-04-16T19:40:09Z,450,J. Sels,,99,https://www.atptour.com/en/players/jelle-sels/so20/overview
2026-04-16T19:40:09Z,451,M. Dellavedova,,99,https://www.atptour.com/en/players/matthew-dellavedova/d0a2/overview
2026-04-16T19:40:09Z,452,C. Vandermeersch,,98,https://www.atptour.com/en/players/cyril-vandermeersch/v0bc/overview
2026-04-16T19:40:09Z,453,F. Zakaria,,98,https://www.atptour.com/en/players/fares-zakaria/z0bl/overview
2026-04-16T19:40:09Z,454,A. Marti Pujolras,,97,https://www.atptour.com/en/players/alex-marti-pujolras/m0ey/overview
2026-04-16T19:40:09Z,455,R. Albot,,97,https://www.atptour.com/en/players/radu-albot/a829/overview
2026-04-16T19:40:09Z,456,Q. Vandecasteele,,97,https://www.atptour.com/en/players/quinn-vandecasteele/v0dg/overview
2026-04-16T19:40:09Z,457,A. Hernandez,,96,https://www.atptour.com/en/players/alex-hernandez/h0cd/overview
2026-04-16T19:40:09Z,458,L. Rodriguez,,96,https://www.atptour.com/en/players/lorenzo-joaquin-rodriguez/r0bc/overview
2026-04-16T19:40:09Z,459,J. Nikles,,95,https://www.atptour.com/en/players/johan-nikles/n830/overview
2026-04-16T19:40:09Z,460,A. Nagel,,95,https://www.atptour.com/en/players/arthur-nagel/n0eg/overview
2026-04-16T19:40:09Z,461,C. Langmo,,95,https://www.atptour.com/en/players/christian-langmo/li10/overview
2026-04-16T19:40:09Z,462,K. Nishikori,,94,https://www.atptour.com/en/players/kei-nishikori/n552/overview
2026-04-16T19:40:09Z,463,D. Suresh,,94,https://www.atptour.com/en/players/dhakshineswar-suresh/s0de/overview
2026-04-16T19:40:09Z,464,A. Escoffier,,94,https://www.atptour.com/en/players/antoine-escoffier/e768/overview
2026-04-16T19:40:09Z,465,N. Alvarez Varona,,94,https://www.atptour.com/en/players/nicolas-alvarez-varona/a09u/overview
2026-04-16T19:40:09Z,466,M. Imamura,,94,https://www.atptour.com/en/players/masamichi-imamura/i426/overview
2026-04-16T19:40:09Z,467,L. Ratti,,94,https://www.atptour.com/en/players/lucio-ratti/r0hp/overview
2026-04-16T19:40:09Z,468,A. Binda,,94,https://www.atptour.com/en/players/alexander-binda/b0gi/overview
2026-04-16T19:40:09Z,469,H. Shiraishi,,94,https://www.atptour.com/en/players/hikaru-shiraishi/s0c2/overview
2026-04-16T19:40:09Z,470,L. Carboni,,94,https://www.atptour.com/en/players/lorenzo-carboni/c0ow/overview
2026-04-16T19:40:09Z,471,M. Zhukov,,93,https://www.atptour.com/en/players/maxim-zhukov/z0c3/overview
2026-04-16T19:40:09Z,472,M. Wiskandt,,93,https://www.atptour.com/en/players/max-wiskandt/w0bb/overview
2026-04-16T19:40:09Z,473,R. Strombachs,,93,https://www.atptour.com/en/players/robert-strombachs/s0gv/overview
2026-04-16T19:40:09Z,474,C. Denolly,,93,https://www.atptour.com/en/players/corentin-denolly/df92/overview
2026-04-16T19:40:09Z,475,S. Pieri,,93,https://www.atptour.com/en/players/samuele-pieri/p0hy/overview
2026-04-16T19:40:09Z,476,M. Rottgering,,92,https://www.atptour.com/en/players/mees-rottgering/r0kd/overview
2026-04-16T19:40:09Z,477,V. Ursu,,92,https://www.atptour.com/en/players/vadym-ursu/u176/overview
2026-04-16T19:40:09Z,478,J. Story,,90,https://www.atptour.com/en/players/james-story/s0h9/overview
2026-04-16T19:40:09Z,479,N. Oberleitner,,90,https://www.atptour.com/en/players/neil-oberleitner/o0ad/overview
2026-04-16T19:40:09Z,480,L. Borg,,90,https://www.atptour.com/en/players/leo-borg/b0jg/overview
2026-04-16T19:40:09Z,481,A. Ramos-Vinolas,,89,https://www.atptour.com/en/players/albert-ramos-vinolas/r772/overview
2026-04-16T19:40:09Z,482,A. Ayeni,,89,https://www.atptour.com/en/players/alafia-ayeni/a09p/overview
2026-04-16T19:40:09Z,483,T. Berkieta,,89,https://www.atptour.com/en/players/tomasz-berkieta/b0p4/overview
2026-04-16T19:40:09Z,484,G. Ferrari,,89,https://www.atptour.com/en/players/gianmarco-ferrari/f0cj/overview
2026-04-16T19:40:09Z,485,T. Baadi,,89,https://www.atptour.com/en/players/taha-baadi/b0d6/overview
2026-04-16T19:40:09Z,486,F. Peliwo,,89,https://www.atptour.com/en/players/filip-peliwo/pf65/overview
2026-04-16T19:40:09Z,487,D. Obradovic,,89,https://www.atptour.com/en/players/dusan-obradovic/o0ai/overview
2026-04-16T19:40:09Z,488,E. Dalla Valle,,88,https://www.atptour.com/en/players/enrico-dalla-valle/dg80/overview
2026-04-16T19:40:09Z,489,O. Pieczkowski,,88,https://www.atptour.com/en/players/olaf-pieczkowski/p0it/overview
2026-04-16T19:40:09Z,490,A. Sanchez Quilez,,88,https://www.atptour.com/en/players/alejo-sanchez-quilez/s0xe/overview
2026-04-16T19:40:09Z,491,A. Thanos,,87,https://www.atptour.com/en/players/aristotelis-thanos/t0ei/overview
2026-04-16T19:40:09Z,492,T. Huang,,87,https://www.atptour.com/en/players/tsung-hao-huang/h0b5/overview
2026-04-16T19:40:09Z,493,A. Shah,,87,https://www.atptour.com/en/players/aryan-shah/s0w8/overview
2026-04-16T19:40:09Z,494,P. Fellin,,87,https://www.atptour.com/en/players/pietro-fellin/f0bp/overview
2026-04-16T19:40:09Z,495,I. Marrero Curbelo,,86,https://www.atptour.com/en/players/ivan-marrero-curbelo/m09m/overview
2026-04-16T19:40:09Z,496,F. Forti,,86,https://www.atptour.com/en/players/francesco-forti/f0a4/overview
2026-04-16T19:40:09Z,497,A. Perez,,86,https://www.atptour.com/en/players/alfredo-perez/pl39/overview
2026-04-16T19:40:09Z,498,R. Nijboer,,86,https://www.atptour.com/en/players/ryan-nijboer/n0b4/overview
2026-04-16T19:40:09Z,499,H. Bernet,,84,https://www.atptour.com/en/players/henry-bernet/b0tp/overview
2026-04-16T19:40:09Z,500,C. Lopez Montagud,,84,https://www.atptour.com/en/players/carlos-lopez-montagud/l0c1/overview
2026-04-16T19:40:09Z,501,M. Alves,,84,https://www.atptour.com/en/players/mateus-alves/d0ar/overview
2026-04-16T19:40:09Z,502,P. Saraiva Dos Santos,,84,https://www.atptour.com/en/players/paulo-andre-saraiva-dos-santos/s0iv/overview
2026-04-16T19:40:09Z,503,J. Delaney,,84,https://www.atptour.com/en/players/jake-delaney/dc38/overview
2026-04-16T19:40:09Z,504,E. Arutiunian,,83,https://www.atptour.com/en/players/erik-arutiunian/a0ia/overview
2026-04-16T19:40:09Z,505,R. Papoe,,83,https://www.atptour.com/en/players/radu-mihai-papoe/p0fj/overview
2026-04-16T19:40:09Z,506,F. Moroni,,81,https://www.atptour.com/en/players/filippo-moroni/m0gp/overview
2026-04-16T19:40:09Z,507,T. Sach,,81,https://www.atptour.com/en/players/tai-sach/s0u5/overview
2026-04-16T19:40:09Z,508,P. Marinkov,,81,https://www.atptour.com/en/players/pavle-marinkov/m0te/overview
2026-04-16T19:40:09Z,509,M. Basic,,80,https://www.atptour.com/en/players/mirza-basic/be67/overview
2026-04-16T19:40:09Z,510,K. Matsuda,,80,https://www.atptour.com/en/players/koki-matsuda/m0sb/overview
2026-04-16T19:40:09Z,511,M. Chazal,,80,https://www.atptour.com/en/players/maxime-chazal/cd00/overview
2026-04-16T19:40:09Z,512,A. Kachmazov,,79,https://www.atptour.com/en/players/alibek-kachmazov/k0e6/overview
2026-04-16T19:40:09Z,513,J. Paul,,79,https://www.atptour.com/en/players/jakub-paul/p0d0/overview
2026-04-16T19:40:09Z,514,M. Schoenhaus,,79,https://www.atptour.com/en/players/max-schoenhaus/s0vu/overview
2026-04-16T19:40:09Z,515,A. Matusevich,,79,https://www.atptour.com/en/players/anton-matusevich/m0fa/overview
2026-04-16T19:40:09Z,516,T. McCormick,,79,https://www.atptour.com/en/players/tristan-mccormick/m0eg/overview
2026-04-16T19:40:09Z,517,S. Perez Contri,,79,https://www.atptour.com/en/players/sergi-perez-contri/pi96/overview
2026-04-16T19:40:09Z,518,L. Pokorny,,78,https://www.atptour.com/en/players/lukas-pokorny/p0hp/overview
2026-04-16T19:40:09Z,519,S. Mitsui,,78,https://www.atptour.com/en/players/shunsuke-mitsui/m0na/overview
2026-04-16T19:40:09Z,520,D. Palan,,78,https://www.atptour.com/en/players/dominik-palan/p0e9/overview
2026-04-16T19:40:09Z,521,G. La Vela,,78,https://www.atptour.com/en/players/giuseppe-la-vela/l0db/overview
2026-04-16T19:40:09Z,522,V. Orlov,,78,https://www.atptour.com/en/players/vladyslav-orlov/o659/overview
2026-04-16T19:40:09Z,523,M. Sasikumar,,78,https://www.atptour.com/en/players/mukund-sasikumar/mp13/overview
2026-04-16T19:40:09Z,524,M. Mckennon,,78,https://www.atptour.com/en/players/maxwell-mckennon/m0i0/overview
2026-04-16T19:40:09Z,525,A. Elsayed,,78,https://www.atptour.com/en/players/amr-elsayed/a0g8/overview
2026-04-16T19:40:09Z,526,P. Vives Marcos,,77,https://www.atptour.com/en/players/pedro-vives-marcos/v09t/overview
2026-04-16T19:40:09Z,527,G. Elias,,77,https://www.atptour.com/en/players/gastao-elias/e698/overview
2026-04-16T19:40:09Z,528,S. Gulin,,77,https://www.atptour.com/en/players/svyatoslav-gulin/g0j9/overview
2026-04-16T19:40:09Z,529,C. Zarate,,77,https://www.atptour.com/en/players/carlos-maria-zarate/z0da/overview
2026-04-16T19:40:09Z,530,K. Kivattsev,,77,https://www.atptour.com/en/players/kirill-kivattsev/ki71/overview
2026-04-16T19:40:09Z,531,B. Ellis,,76,https://www.atptour.com/en/players/blake-ellis/ea27/overview
2026-04-16T19:40:09Z,532,E. Vanshelboim,,76,https://www.atptour.com/en/players/eric-vanshelboim/v0d4/overview
2026-04-16T19:40:09Z,533,G. Fonio,,75,https://www.atptour.com/en/players/giovanni-fonio/fc49/overview
2026-04-16T19:40:09Z,534,V. Aboian,,75,https://www.atptour.com/en/players/valerio-aboian/a0g7/overview
2026-04-16T19:40:09Z,535,S. Pankin,,75,https://www.atptour.com/en/players/semen-pankin/p0ka/overview
2026-04-16T19:40:09Z,536,T. Kumasaka,,75,https://www.atptour.com/en/players/takuya-kumasaka/k0de/overview
2026-04-16T19:40:09Z,537,N. Moreno De Alboran,,74,https://www.atptour.com/en/players/nicolas-moreno-de-alboran/mw18/overview
2026-04-16T19:40:09Z,538,A. Dougaz,,74,https://www.atptour.com/en/players/aziz-dougaz/df88/overview
2026-04-16T19:40:09Z,539,R. Bennani,,74,https://www.atptour.com/en/players/reda-bennani/b0pu/overview
2026-04-16T19:40:09Z,540,R. Catry,,74,https://www.atptour.com/en/players/robin-catry/c0jt/overview
2026-04-16T19:40:09Z,541,S. Rawat,,74,https://www.atptour.com/en/players/sidharth-rawat/rb86/overview
2026-04-16T19:40:09Z,542,M. Malige,,74,https://www.atptour.com/en/players/mae-malige/m0to/overview
2026-04-16T19:40:09Z,543,N. Visker,,74,https://www.atptour.com/en/players/niels-visker/v0d0/overview
2026-04-16T19:40:09Z,544,K. Poling,,73,https://www.atptour.com/en/players/karl-poling/p0c1/overview
2026-04-16T19:40:09Z,545,S. Andreescu,,72,https://www.atptour.com/en/players/stefan-adrian-andreescu/a0j5/overview
2026-04-16T19:40:09Z,546,P. Maloney,,71,https://www.atptour.com/en/players/patrick-maloney/m0re/overview
2026-04-16T19:40:09Z,547,P. Fajta,,71,https://www.atptour.com/en/players/peter-fajta/f0dp/overview
2026-04-16T19:40:09Z,548,H. Chung,,71,https://www.atptour.com/en/players/hyeon-chung/ch27/overview
2026-04-16T19:40:09Z,549,E. Hudd,,71,https://www.atptour.com/en/players/emile-hudd/h0ek/overview
2026-04-16T19:40:09Z,550,K. Lee,,71,https://www.atptour.com/en/players/kuan-yi-lee/lh70/overview
2026-04-16T19:40:09Z,551,O. Ovcharenko,,71,https://www.atptour.com/en/players/oleksandr-ovcharenko/o0be/overview
2026-04-16T19:40:09Z,552,M. Donald,,71,https://www.atptour.com/en/players/matthew-william-donald/d0hm/overview
2026-04-16T19:40:09Z,553,K. Isomura,,71,https://www.atptour.com/en/players/kokoro-isomura/i0ax/overview
2026-04-16T19:40:09Z,554,Y. Takahashi,,70,https://www.atptour.com/en/players/yusuke-takahashi/tf58/overview
2026-04-16T19:40:09Z,555,F. Planinsek,,70,https://www.atptour.com/en/players/filip-jeff-planinsek/p0fv/overview
2026-04-16T19:40:09Z,556,R. Cid Subervi,,69,https://www.atptour.com/en/players/roberto-cid-subervi/cf88/overview
2026-04-16T19:40:09Z,557,J. Vasami,,69,https://www.atptour.com/en/players/jacopo-vasami/v0j1/overview
2026-04-16T19:40:09Z,558,G. Kravchenko,,69,https://www.atptour.com/en/players/georgii-kravchenko/k0bj/overview
2026-04-16T19:40:09Z,559,C. Bittoun Kouzmine,,69,https://www.atptour.com/en/players/constantin-bittoun-kouzmine/bu53/overview
2026-04-16T19:40:09Z,560,S. Popovic,,69,https://www.atptour.com/en/players/stefan-popovic/p0g5/overview
2026-04-16T19:40:09Z,561,N. Arseneault,,68,https://www.atptour.com/en/players/nicolas-arseneault/a0k3/overview
2026-04-16T19:40:09Z,562,E. Donnet,,68,https://www.atptour.com/en/players/etienne-donnet/d0dc/overview
2026-04-16T19:40:09Z,563,E. Kirkin,,68,https://www.atptour.com/en/players/ergi-kirkin/ki48/overview
2026-04-16T19:40:09Z,564,J. Aguilar Cardozo,,68,https://www.atptour.com/en/players/joaquin-aguilar-cardozo/a0jw/overview
2026-04-16T19:40:09Z,565,D. Singh,,68,https://www.atptour.com/en/players/digvijaypratap-singh/sy71/overview
2026-04-16T19:40:09Z,566,I. Gimenez,,68,https://www.atptour.com/en/players/igor-gimenez/g0d9/overview
2026-04-16T19:40:09Z,567,L. Wessels,,68,https://www.atptour.com/en/players/louis-wessels/wb25/overview
2026-04-16T19:40:09Z,568,A. Ritschard,,67,https://www.atptour.com/en/players/alexander-ritschard/rc04/overview
2026-04-16T19:40:09Z,569,E. Aguiard,,67,https://www.atptour.com/en/players/enzo-aguiard/a0ku/overview
2026-04-16T19:40:09Z,570,A. Azkara,,67,https://www.atptour.com/en/players/arda-azkara/a0dv/overview
2026-04-16T19:40:09Z,571,R. Matsuda,,67,https://www.atptour.com/en/players/ryuki-matsuda/m0g0/overview
2026-04-16T19:40:09Z,572,Y. Mochizuki,,67,https://www.atptour.com/en/players/yuki-mochizuki/m0b2/overview
2026-04-16T19:40:09Z,573,A. Barroso Campos,,67,https://www.atptour.com/en/players/alberto-barroso-campos/bu36/overview
2026-04-16T19:40:09Z,574,M. Janvier,,67,https://www.atptour.com/en/players/maxime-janvier/j620/overview
2026-04-16T19:40:09Z,575,J. Martin Manzano,,67,https://www.atptour.com/en/players/juan-cruz-martin-manzano/m0r4/overview
2026-04-16T19:40:09Z,576,M. Giunta,,67,https://www.atptour.com/en/players/massimo-giunta/g0i3/overview
2026-04-16T19:40:09Z,577,S. Gima,,67,https://www.atptour.com/en/players/sebastian-gima/g0eq/overview
2026-04-16T19:40:09Z,578,B. Kuzuhara,,67,https://www.atptour.com/en/players/bruno-kuzuhara/k0hn/overview
2026-04-16T19:40:09Z,579,K. Bennani,,66,https://www.atptour.com/en/players/karim-bennani/b0qq/overview
2026-04-16T19:40:09Z,580,A. Bakshi,,66,https://www.atptour.com/en/players/aleksandre-bakshi/bp74/overview
2026-04-16T19:40:09Z,581,M. Hurrion,,66,https://www.atptour.com/en/players/millen-hurrion/h0ei/overview
2026-04-16T19:40:09Z,582,M. Gonzalez Fernandez,,66,https://www.atptour.com/en/players/mario-gonzalez-fernandez/g0g2/overview
2026-04-16T19:40:09Z,583,C. Sinclair,,66,https://www.atptour.com/en/players/colin-sinclair/sq79/overview
2026-04-16T19:40:09Z,584,A. Paulson,,65,https://www.atptour.com/en/players/andrew-paulson/p0ev/overview
2026-04-16T19:40:09Z,585,J. Gomez,,65,https://www.atptour.com/en/players/juan-sebastian-gomez/gb41/overview
2026-04-16T19:40:09Z,586,D. Madaras,,65,https://www.atptour.com/en/players/dragos-nicolae-madaras/mw54/overview
2026-04-16T19:40:09Z,587,A. Rubio Fierros,,65,https://www.atptour.com/en/players/alan-fernando-rubio-fierros/rh88/overview
2026-04-16T19:40:09Z,588,B. Djuric,,65,https://www.atptour.com/en/players/branko-djuric/d0hj/overview
2026-04-16T19:40:09Z,589,B. Zapata Miralles,,64,https://www.atptour.com/en/players/bernabe-zapata-miralles/z419/overview
2026-04-16T19:40:09Z,590,N. Hardt,,64,https://www.atptour.com/en/players/nick-hardt/h0a4/overview
2026-04-16T19:40:09Z,591,D. Popko,,64,https://www.atptour.com/en/players/dmitry-popko/pg20/overview
2026-04-16T19:40:09Z,592,T. Torres,,64,https://www.atptour.com/en/players/tiago-torres/t0cn/overview
2026-04-16T19:40:09Z,593,J. Sheehy,,63,https://www.atptour.com/en/players/joshua-sheehy/s0nn/overview
2026-04-16T19:40:09Z,594,D. Tomescu,,63,https://www.atptour.com/en/players/dan-alexandru-tomescu/t0aa/overview
2026-04-16T19:40:09Z,595,M. Vrbensky,,63,https://www.atptour.com/en/players/michael-vrbensky/v0b2/overview
2026-04-16T19:40:09Z,596,A. Bouquier,,63,https://www.atptour.com/en/players/arthur-bouquier/b0er/overview
2026-04-16T19:40:09Z,597,M. Mazza,,63,https://www.atptour.com/en/players/manuel-mazza/m0en/overview
2026-04-16T19:40:09Z,598,C. Eubanks,,62,https://www.atptour.com/en/players/christopher-eubanks/e865/overview
2026-04-16T19:40:09Z,599,D. Siniakov,,62,https://www.atptour.com/en/players/daniel-siniakov/s0lt/overview
2026-04-16T19:40:09Z,600,I. Ivanov,,62,https://www.atptour.com/en/players/ivan-ivanov/i0bf/overview
2026-04-16T19:40:09Z,601,A. Deckers,,62,https://www.atptour.com/en/players/alec-deckers/d0d2/overview
2026-04-16T19:40:09Z,602,A. Ganesan,,62,https://www.atptour.com/en/players/adhithya-ganesan/g0mi/overview
2026-04-16T19:40:09Z,603,F. Balshaw,,62,https://www.atptour.com/en/players/felix-balshaw/b0wl/overview
2026-04-16T19:40:09Z,604,I. Lopez Morillo,,62,https://www.atptour.com/en/players/imanol-lopez-morillo/l0at/overview
2026-04-16T19:40:09Z,605,A. Pecci,,61,https://www.atptour.com/en/players/alessandro-pecci/p0fy/overview
2026-04-16T19:40:09Z,606,J. Kumstat,,61,https://www.atptour.com/en/players/jan-kumstat/k0jh/overview
2026-04-16T19:40:09Z,607,F. Iannaccone,,61,https://www.atptour.com/en/players/federico-iannaccone/i09n/overview
2026-04-16T19:40:09Z,608,J. Nicod,,60,https://www.atptour.com/en/players/jakub-nicod/n0d9/overview
2026-04-16T19:40:09Z,609,C. Bouchelaghem,,60,https://www.atptour.com/en/players/cesar-bouchelaghem/b0me/overview
2026-04-16T19:40:09Z,610,L. Staeheli,,60,https://www.atptour.com/en/players/luca-staeheli/s0h1/overview
2026-04-16T19:40:09Z,611,D. Klok,,60,https://www.atptour.com/en/players/denis-klok/kg49/overview
2026-04-16T19:40:09Z,612,A. Omarkhanov,,60,https://www.atptour.com/en/players/amir-omarkhanov/o0e7/overview
2026-04-16T19:40:09Z,613,K. Filar,,60,https://www.atptour.com/en/players/karol-filar/f0hn/overview
2026-04-16T19:40:09Z,614,G. Campana Lee,,60,https://www.atptour.com/en/players/gerard-campana-lee/c0mh/overview
2026-04-16T19:40:09Z,615,Y. Dzhavakian,,60,https://www.atptour.com/en/players/yurii-dzhavakian/db32/overview
2026-04-16T19:40:09Z,616,A. Vavassori,,59,https://www.atptour.com/en/players/andrea-vavassori/va08/overview
2026-04-16T19:40:09Z,617,L. Alvarez,,59,https://www.atptour.com/en/players/luis-carlos-alvarez/a0iy/overview
2026-04-16T19:40:09Z,618,R. Berankis,,59,https://www.atptour.com/en/players/ricardas-berankis/be90/overview
2026-04-16T19:40:09Z,619,A. Weis,,59,https://www.atptour.com/en/players/alexander-weis/wb19/overview
2026-04-16T19:40:09Z,620,E. Agafonov,,59,https://www.atptour.com/en/players/egor-agafonov/a0fm/overview
2026-04-16T19:40:09Z,621,M. Krajci,,59,https://www.atptour.com/en/players/michal-krajci/k0l1/overview
2026-04-16T19:40:09Z,622,Y. Dlimi,,58,https://www.atptour.com/en/players/yassine-dlimi/d0fa/overview
2026-04-16T19:40:09Z,623,A. Mayo,,58,https://www.atptour.com/en/players/aidan-mayo/m0nb/overview
2026-04-16T19:40:09Z,624,M. Kestelboim,,58,https://www.atptour.com/en/players/mariano-kestelboim/ke69/overview
2026-04-16T19:40:09Z,625,N. Vylegzhanin,,58,https://www.atptour.com/en/players/nikolay-vylegzhanin/v0bd/overview
2026-04-16T19:40:09Z,626,K. Ozolins,,58,https://www.atptour.com/en/players/karlis-ozolins/o0bq/overview
2026-04-16T19:40:09Z,627,P. Sornlaksup,,58,https://www.atptour.com/en/players/pawit-sornlaksup/s0vo/overview
2026-04-16T19:40:09Z,628,N. Ehrenschneider,,58,https://www.atptour.com/en/players/nino-ehrenschneider/e0bo/overview
2026-04-16T19:40:09Z,629,A. Oetzbach,,58,https://www.atptour.com/en/players/adrian-oetzbach/o656/overview
2026-04-16T19:40:09Z,630,M. Valkusz,,57,https://www.atptour.com/en/players/mate-valkusz/va70/overview
2026-04-16T19:40:09Z,631,S. Dev,,57,https://www.atptour.com/en/players/s-d-prajwal-dev/dh23/overview
2026-04-16T19:40:09Z,632,B. Fernandez,,57,https://www.atptour.com/en/players/bruno-fernandez/f0fl/overview
2026-04-16T19:40:09Z,633,M. Zielinski,,57,https://www.atptour.com/en/players/marcel-zielinski/z0c9/overview
2026-04-16T19:40:09Z,634,K. Miyoshi,,56,https://www.atptour.com/en/players/kenta-miyoshi/m0rx/overview
2026-04-16T19:40:09Z,635,M. Beauge,,56,https://www.atptour.com/en/players/maxence-beauge/b0a0/overview
2026-04-16T19:40:09Z,636,G. Oradini,,56,https://www.atptour.com/en/players/giovanni-oradini/o639/overview
2026-04-16T19:40:09Z,637,Y. Bai,,55,https://www.atptour.com/en/players/yan-bai/be69/overview
2026-04-16T19:40:09Z,638,Y. Kawahashi,,55,https://www.atptour.com/en/players/yuta-kawahashi/k0ak/overview
2026-04-16T19:40:09Z,639,L. Sciahbasi,,55,https://www.atptour.com/en/players/lorenzo-sciahbasi/s0w4/overview
2026-04-16T19:40:09Z,640,P. Makk,,55,https://www.atptour.com/en/players/peter-makk/m0dy/overview
2026-04-16T19:40:09Z,641,W. Shin,,55,https://www.atptour.com/en/players/woobin-shin/s0in/overview
2026-04-16T19:40:09Z,642,E. Demanet,,55,https://www.atptour.com/en/players/emilien-demanet/d0ly/overview
2026-04-16T19:40:09Z,643,Y. Ghazouani Durand,,55,https://www.atptour.com/en/players/yanis-ghazouani-durand/g0lg/overview
2026-04-16T19:40:09Z,644,S. Parker,,54,https://www.atptour.com/en/players/stuart-parker/p0bk/overview
2026-04-16T19:40:09Z,645,Y. Kusuhara,,54,https://www.atptour.com/en/players/yusuke-kusuhara/k0es/overview
2026-04-16T19:40:09Z,646,S. De La Fuente,,54,https://www.atptour.com/en/players/santiago-de-la-fuente/d0dk/overview
2026-04-16T19:40:09Z,647,T. Paroulek,,54,https://www.atptour.com/en/players/tadeas-paroulek/p0bm/overview
2026-04-16T19:40:09Z,648,M. Petkovic,,54,https://www.atptour.com/en/players/mika-petkovic/p0o9/overview
2026-04-16T19:40:09Z,649,M. Leong,,54,https://www.atptour.com/en/players/mitsuki-wei-kang-leong/l0i5/overview
2026-04-16T19:40:09Z,650,S. Kirchheimer,,54,https://www.atptour.com/en/players/strong-kirchheimer/kg27/overview
2026-04-16T19:40:09Z,651,A. Ouakaa,,54,https://www.atptour.com/en/players/aziz-ouakaa/o09a/overview
2026-04-16T19:40:09Z,652,J. Rodriguez,,53,https://www.atptour.com/en/players/johan-alexander-rodriguez/r0f1/overview
2026-04-16T19:40:09Z,653,K. Sell,,53,https://www.atptour.com/en/players/karue-sell/sm88/overview
2026-04-16T19:40:09Z,654,I. Kudriashov,,53,https://www.atptour.com/en/players/igor-kudriashov/k0ga/overview
2026-04-16T19:40:09Z,655,T. Derepasko,,53,https://www.atptour.com/en/players/timofei-derepasko/d0l8/overview
2026-04-16T19:40:09Z,656,M. Bassem Sobhy,,53,https://www.atptour.com/en/players/michael-bassem-sobhy/b0lv/overview
2026-04-16T19:40:09Z,657,C. Ferguson,,53,https://www.atptour.com/en/players/chase-ferguson/f0c0/overview
2026-04-16T19:40:09Z,658,E. Ejupovic,,52,https://www.atptour.com/en/players/elmar-ejupovic/e811/overview
2026-04-16T19:40:09Z,659,K. Kang,,52,https://www.atptour.com/en/players/kyle-kang/k0hl/overview
2026-04-16T19:40:09Z,660,T. Lamasine,,52,https://www.atptour.com/en/players/tristan-lamasine/lc11/overview
2026-04-16T19:40:09Z,661,A. Kim,,52,https://www.atptour.com/en/players/aidan-kim/k0hz/overview
2026-04-16T19:40:09Z,662,R. Turcanu,,52,https://www.atptour.com/en/players/radu-david-turcanu/t0jz/overview
2026-04-16T19:40:09Z,663,Y. Kikuchi,,52,https://www.atptour.com/en/players/yuta-kikuchi/k0ez/overview
2026-04-16T19:40:09Z,664,K. Bigun,,52,https://www.atptour.com/en/players/kaylan-bigun/b0pw/overview
2026-04-16T19:40:09Z,665,D. Chan,,51,https://www.atptour.com/en/players/duncan-chan/c0of/overview
2026-04-16T19:40:09Z,666,J. Watt,,51,https://www.atptour.com/en/players/james-watt/w0ed/overview
2026-04-16T19:40:09Z,667,S. Imai,,51,https://www.atptour.com/en/players/shintaro-imai/i330/overview
2026-04-16T19:40:09Z,668,J. Echeverria,,51,https://www.atptour.com/en/players/john-echeverria/e0au/overview
2026-04-16T19:40:09Z,669,D. De Jonge,,51,https://www.atptour.com/en/players/daniel-de-jonge/d0cu/overview
2026-04-16T19:40:09Z,670,R. Dickerson,,51,https://www.atptour.com/en/players/ryan-dickerson/d0in/overview
2026-04-16T19:40:09Z,671,R. Gasquet,,50,https://www.atptour.com/en/players/richard-gasquet/g628/overview
2026-04-16T19:40:09Z,672,C. Huertas del Pino,,50,https://www.atptour.com/en/players/conner-huertas-del-pino/hg90/overview
2026-04-16T19:40:09Z,673,I. Radulov,,50,https://www.atptour.com/en/players/iliyan-radulov/r0il/overview
2026-04-16T19:40:09Z,674,G. Young,,50,https://www.atptour.com/en/players/gavin-young/y0bf/overview
2026-04-16T19:40:09Z,675,N. Nakagawa,,50,https://www.atptour.com/en/players/naoki-nakagawa/n707/overview
2026-04-16T19:40:09Z,676,R. Te,,50,https://www.atptour.com/en/players/rigele-te/tg30/overview
2026-04-16T19:40:09Z,677,M. Zeitune,,50,https://www.atptour.com/en/players/maximo-zeitune/z0co/overview
2026-04-16T19:40:09Z,678,D. Nunez,,50,https://www.atptour.com/en/players/daniel-antonio-nunez/n0bu/overview
2026-04-16T19:40:09Z,679,T. Sahtali,,50,https://www.atptour.com/en/players/toufik-sahtali/sy94/overview
2026-04-16T19:40:09Z,680,N. Tepmahc,,50,https://www.atptour.com/en/players/nicolas-tepmahc/t0bd/overview
2026-04-16T19:40:09Z,681,L. Rossi,,50,https://www.atptour.com/en/players/leonardo-rossi/r0h6/overview
2026-04-16T19:40:09Z,682,P. Basile,,49,https://www.atptour.com/en/players/pierluigi-basile/b0vx/overview
2026-04-16T19:40:09Z,683,I. Ivashka,,49,https://www.atptour.com/en/players/ilya-ivashka/i305/overview
2026-04-16T19:40:09Z,684,M. Agwi,,49,https://www.atptour.com/en/players/michael-agwi/a0ja/overview
2026-04-16T19:40:09Z,685,D. Kellovsky,,49,https://www.atptour.com/en/players/dominik-kellovsky/ke36/overview
2026-04-16T19:40:09Z,686,Y. Demin,,49,https://www.atptour.com/en/players/yaroslav-demin/d0i6/overview
2026-04-16T19:40:09Z,687,A. Donski,,48,https://www.atptour.com/en/players/alexander-donski/dh46/overview
2026-04-16T19:40:09Z,688,S. Vincent Ruggeri,,48,https://www.atptour.com/en/players/samuel-vincent-ruggeri/v0di/overview
2026-04-16T19:40:09Z,689,D. Ostapenkov,,48,https://www.atptour.com/en/players/daniil-ostapenkov/o0br/overview
2026-04-16T19:40:09Z,690,M. Steiner,,48,https://www.atptour.com/en/players/maik-steiner/s0gf/overview
2026-04-16T19:40:09Z,691,A. Yazdani,,48,https://www.atptour.com/en/players/ali-yazdani/y0bb/overview
2026-04-16T19:40:09Z,692,M. De Krom,,48,https://www.atptour.com/en/players/michiel-de-krom/dh55/overview
2026-04-16T19:40:09Z,693,L. Vithoontien,,48,https://www.atptour.com/en/players/leo-vithoontien/v0g6/overview
2026-04-16T19:40:09Z,694,D. Sakellaridis,,48,https://www.atptour.com/en/players/dimitris-sakellaridis/s0s9/overview
2026-04-16T19:40:09Z,695,A. Reymond,,47,https://www.atptour.com/en/players/arthur-reymond/rh50/overview
2026-04-16T19:40:09Z,696,C. Hewitt,,47,https://www.atptour.com/en/players/cruz-hewitt/h0k0/overview
2026-04-16T19:40:09Z,697,M. Covato,,47,https://www.atptour.com/en/players/matteo-covato/c0px/overview
2026-04-16T19:40:09Z,698,I. Monzon,,47,https://www.atptour.com/en/players/ignacio-monzon/mv75/overview
2026-04-16T19:40:09Z,699,G. Dalmasso,,47,https://www.atptour.com/en/players/guillaume-dalmasso/d0k3/overview
2026-04-16T19:40:09Z,700,C. Williams,,46,https://www.atptour.com/en/players/cooper-williams/w0dd/overview
2026-04-16T19:40:09Z,701,T. Kodat,,46,https://www.atptour.com/en/players/toby-kodat/k0eu/overview
2026-04-16T19:40:09Z,702,M. Cerny,,46,https://www.atptour.com/en/players/matyas-cerny/c0gu/overview
2026-04-16T19:40:09Z,703,A. Magadan,,46,https://www.atptour.com/en/players/alan-magadan/m0hd/overview
2026-04-16T19:40:09Z,704,K. Edmund,,45,https://www.atptour.com/en/players/kyle-edmund/e831/overview
2026-04-16T19:40:09Z,705,P. Martinez Gomez,,45,https://www.atptour.com/en/players/pablo-martinez-gomez/m0o6/overview
2026-04-16T19:40:09Z,706,A. Santamarta Roig,,45,https://www.atptour.com/en/players/andres-santamarta-roig/s0y0/overview
2026-04-16T19:40:09Z,707,S. Fukuda,,45,https://www.atptour.com/en/players/sora-fukuda/f965/overview
2026-04-16T19:40:09Z,708,U. Park,,45,https://www.atptour.com/en/players/uisung-park/p0av/overview
2026-04-16T19:40:09Z,709,R. Alujas,,45,https://www.atptour.com/en/players/rodrigo-alujas/a0kh/overview
2026-04-16T19:40:09Z,710,F. Juarez,,44,https://www.atptour.com/en/players/facundo-juarez/j737/overview
2026-04-16T19:40:09Z,711,P. Bertran,,44,https://www.atptour.com/en/players/peter-bertran/bp79/overview
2026-04-16T19:40:09Z,712,M. Bobichon,,44,https://www.atptour.com/en/players/matisse-bobichon/b0pn/overview
2026-04-16T19:40:09Z,713,Y. Mo,,44,https://www.atptour.com/en/players/ye-cong-mo/m0bw/overview
2026-04-16T19:40:09Z,714,J. Pereira,,44,https://www.atptour.com/en/players/jose-pereira/pc09/overview
2026-04-16T19:40:09Z,715,M. Neuchrist,,44,https://www.atptour.com/en/players/maximilian-neuchrist/n663/overview
2026-04-16T19:40:09Z,716,G. Pennaforti,,44,https://www.atptour.com/en/players/gabriele-pennaforti/p0jg/overview
2026-04-16T19:40:09Z,717,B. Torrealba,,44,https://www.atptour.com/en/players/benjamin-torrealba/t0h5/overview
2026-04-16T19:40:09Z,718,N. Ionel,,44,https://www.atptour.com/en/players/nicholas-david-ionel/i0a7/overview
2026-04-16T19:40:09Z,719,S. Heredia,,44,https://www.atptour.com/en/players/samuel-heredia/h0hu/overview
2026-04-16T19:40:09Z,720,E. Ruusuvuori,,43,https://www.atptour.com/en/players/emil-ruusuvuori/rh24/overview
2026-04-16T19:40:09Z,721,L. Gerch,,43,https://www.atptour.com/en/players/lucas-gerch/gf23/overview
2026-04-16T19:40:09Z,722,A. Shepp,,43,https://www.atptour.com/en/players/anton-shepp/s0nt/overview
2026-04-16T19:40:09Z,723,L. Raquillet,,43,https://www.atptour.com/en/players/leo-raquillet/r0hq/overview
2026-04-16T19:40:09Z,724,S. Hazawa,,43,https://www.atptour.com/en/players/shinji-hazawa/h0ba/overview
2026-04-16T19:40:09Z,725,G. Nanda,,42,https://www.atptour.com/en/players/govind-nanda/n0al/overview
2026-04-16T19:40:09Z,726,M. Rehberg,,42,https://www.atptour.com/en/players/max-hans-rehberg/r0ed/overview
2026-04-16T19:40:09Z,727,A. Forger,,42,https://www.atptour.com/en/players/abel-forger/f0gs/overview
2026-04-16T19:40:09Z,728,A. Juan Mano,,42,https://www.atptour.com/en/players/alejandro-juan-mano/j0dg/overview
2026-04-16T19:40:09Z,729,W. Grant,,42,https://www.atptour.com/en/players/william-grant/g0dd/overview
2026-04-16T19:40:09Z,730,M. Summers,,42,https://www.atptour.com/en/players/matthew-summers/s0y7/overview
2026-04-16T19:40:09Z,731,E. Zhu,,42,https://www.atptour.com/en/players/evan-zhu/z09k/overview
2026-04-16T19:40:09Z,732,R. Fishback,,42,https://www.atptour.com/en/players/ryan-fishback/f0hi/overview
2026-04-16T19:40:09Z,733,D. Wenger,,41,https://www.atptour.com/en/players/damien-wenger/w09b/overview
2026-04-16T19:40:09Z,734,M. Mbithi,,41,https://www.atptour.com/en/players/mwendwa-mbithi/mw69/overview
2026-04-16T19:40:09Z,735,M. Bertimon,,41,https://www.atptour.com/en/players/maxence-bertimon/b0bz/overview
2026-04-16T19:40:09Z,736,Y. Milev,,41,https://www.atptour.com/en/players/yanaki-milev/m0ka/overview
2026-04-16T19:40:09Z,737,M. Marterer,,40,https://www.atptour.com/en/players/maximilian-marterer/mn13/overview
2026-04-16T19:40:09Z,738,A. Gautier,,40,https://www.atptour.com/en/players/alexis-gautier/gj05/overview
2026-04-16T19:40:09Z,739,M. Fitriadi,,40,https://www.atptour.com/en/players/m-rifki-fitriadi/m0d4/overview
2026-04-16T19:40:09Z,740,P. Delage,,40,https://www.atptour.com/en/players/pierre-delage/d0db/overview
2026-04-16T19:40:09Z,741,L. Xiao,,40,https://www.atptour.com/en/players/linang-xiao/x01a/overview
2026-04-16T19:40:09Z,742,M. Kuhar,,40,https://www.atptour.com/en/players/matt-kuhar/k0em/overview
2026-04-16T19:40:09Z,743,B. Jones,,40,https://www.atptour.com/en/players/ben-jones/j732/overview
2026-04-16T19:40:09Z,744,D. Barreto Sanchez,,40,https://www.atptour.com/en/players/diego-augusto-barreto-sanchez/b0hf/overview
2026-04-16T19:40:09Z,745,T. Handel,,40,https://www.atptour.com/en/players/tim-handel/h0eh/overview
2026-04-16T19:40:09Z,746,A. Braynin,,40,https://www.atptour.com/en/players/aleksandr-braynin/b0bk/overview
2026-04-16T19:40:09Z,747,P. Bailly,,39,https://www.atptour.com/en/players/pierre-yves-bailly/b0m3/overview
2026-04-16T19:40:09Z,748,B. Baker,,39,https://www.atptour.com/en/players/blu-baker/b0if/overview
2026-04-16T19:40:09Z,749,T. Duran,,39,https://www.atptour.com/en/players/tuncay-duran/d0io/overview
2026-04-16T19:40:09Z,750,N. Barsukov,,39,https://www.atptour.com/en/players/nikolai-barsukov/b0w9/overview
2026-04-16T19:40:09Z,751,M. Vankan,,39,https://www.atptour.com/en/players/marlon-vankan/v0bp/overview
2026-04-16T19:40:09Z,752,N. Villalon,,39,https://www.atptour.com/en/players/nicolas-villalon/v0f6/overview
2026-04-16T19:40:09Z,753,K. Wehnelt,,39,https://www.atptour.com/en/players/kai-wehnelt/w712/overview
2026-04-16T19:40:09Z,754,L. Massard,,39,https://www.atptour.com/en/players/loann-massard/m0qk/overview
2026-04-16T19:40:09Z,755,J. Simundza,,39,https://www.atptour.com/en/players/josip-simundza/s0um/overview
2026-04-16T19:40:09Z,756,F. Lechno-Wasiutynski,,38,https://www.atptour.com/en/players/fryderyk-lechno-wasiutynski/l0k7/overview
2026-04-16T19:40:09Z,757,J. Nam,,38,https://www.atptour.com/en/players/jisung-nam/n652/overview
2026-04-16T19:40:09Z,758,P. Lagutin,,38,https://www.atptour.com/en/players/pavel-lagutin/l0n0/overview
2026-04-16T19:40:09Z,759,T. Papamalamis,,38,https://www.atptour.com/en/players/theo-papamalamis/p0k5/overview
2026-04-16T19:40:09Z,760,M. Fuele,,38,https://www.atptour.com/en/players/matyas-fuele/f09u/overview
2026-04-16T19:40:09Z,761,L. Wiedenmann,,38,https://www.atptour.com/en/players/luca-wiedenmann/w09t/overview
2026-04-16T19:40:09Z,762,T. Farjat,,38,https://www.atptour.com/en/players/tomas-farjat/f0bv/overview
2026-04-16T19:40:09Z,763,I. Parisca Romera,,38,https://www.atptour.com/en/players/ignacio-parisca-romera/p0i5/overview
2026-04-16T19:40:09Z,764,O. Krutykh,,38,https://www.atptour.com/en/players/oleksii-krutykh/k0dp/overview
2026-04-16T19:40:09Z,765,K. De Schepper,,38,https://www.atptour.com/en/players/kenny-de-schepper/d750/overview
2026-04-16T19:40:09Z,766,O. Gutierrez,,38,https://www.atptour.com/en/players/oscar-jose-gutierrez/gc17/overview
2026-04-16T19:40:09Z,767,R. Olivo,,37,https://www.atptour.com/en/players/renzo-olivo/o376/overview
2026-04-16T19:40:09Z,768,R. Colby,,37,https://www.atptour.com/en/players/ryan-colby/c0kv/overview
2026-04-16T19:40:09Z,769,A. Manzanera Pertusa,,37,https://www.atptour.com/en/players/alejandro-manzanera-pertusa/m0l2/overview
2026-04-16T19:40:09Z,770,S. Slump,,37,https://www.atptour.com/en/players/stijn-slump/s0e6/overview
2026-04-16T19:40:09Z,771,M. Efstathiou,,37,https://www.atptour.com/en/players/melios-efstathiou/ea31/overview
2026-04-16T19:40:09Z,772,J. Sperle,,37,https://www.atptour.com/en/players/john-sperle/s0lr/overview
2026-04-16T19:40:09Z,773,S. Linde Palacios,,37,https://www.atptour.com/en/players/samuel-alejandro-linde-palacios/l0ld/overview
2026-04-16T19:40:09Z,774,O. Weightman,,36,https://www.atptour.com/en/players/oscar-weightman/w0ax/overview
2026-04-16T19:40:09Z,775,J. Anthrop,,36,https://www.atptour.com/en/players/jack-anthrop/a0ih/overview
2026-04-16T19:40:09Z,776,N. Belozertsev,,36,https://www.atptour.com/en/players/nikita-belozertsev/b0v0/overview
2026-04-16T19:40:09Z,777,O. Poulsen,,36,https://www.atptour.com/en/players/oskar-brostrom-poulsen/p0in/overview
2026-04-16T19:40:09Z,778,P. Schoen,,36,https://www.atptour.com/en/players/patrick-schoen/s0wx/overview
2026-04-16T19:40:09Z,779,E. Tiurnev,,36,https://www.atptour.com/en/players/evgenii-tiurnev/td47/overview
2026-04-16T19:40:09Z,780,D. Novak,,36,https://www.atptour.com/en/players/dennis-novak/db59/overview
2026-04-16T19:40:09Z,781,A. Knaff,,36,https://www.atptour.com/en/players/alex-knaff/kj00/overview
2026-04-16T19:40:09Z,782,A. Boros,,36,https://www.atptour.com/en/players/attila-boros/b0mp/overview
2026-04-16T19:40:09Z,783,T. Zhang,,36,https://www.atptour.com/en/players/tianhui-zhang/z0d1/overview
2026-04-16T19:40:09Z,784,Y. Kelm,,36,https://www.atptour.com/en/players/yannik-kelm/k0j9/overview
2026-04-16T19:40:09Z,785,L. Angelini,,36,https://www.atptour.com/en/players/lorenzo-angelini/a0hz/overview
2026-04-16T19:40:09Z,786,L. Castagnola,,36,https://www.atptour.com/en/players/luca-castagnola/c0hv/overview
2026-04-16T19:40:09Z,787,E. Couacaud,,35,https://www.atptour.com/en/players/enzo-couacaud/cg94/overview
2026-04-16T19:40:09Z,788,L. Andrade Da Silva,,35,https://www.atptour.com/en/players/lucas-andrade-da-silva/a0l6/overview
2026-04-16T19:40:09Z,789,H. Heck,,35,https://www.atptour.com/en/players/hunter-heck/h0eb/overview
2026-04-16T19:40:09Z,790,R. Pascual Ferra,,35,https://www.atptour.com/en/players/roger-pascual-ferra/p0k3/overview
2026-04-16T19:40:09Z,791,J. Kovalik,,35,https://www.atptour.com/en/players/jozef-kovalik/kc04/overview
2026-04-16T19:40:09Z,792,S. Jones,,35,https://www.atptour.com/en/players/scott-jones/j0a6/overview
2026-04-16T19:40:09Z,793,J. Bradshaw,,35,https://www.atptour.com/en/players/jacob-bradshaw/b0ot/overview
2026-04-16T19:40:09Z,794,G. Ghetu,,35,https://www.atptour.com/en/players/gabriel-ghetu/g0me/overview
2026-04-16T19:40:09Z,795,F. Corwin,,35,https://www.atptour.com/en/players/felix-corwin/cn15/overview
2026-04-16T19:40:09Z,796,K. Rahmani,,35,https://www.atptour.com/en/players/kasra-rahmani/r0k4/overview
2026-04-16T19:40:09Z,797,T. Boogaard,,34,https://www.atptour.com/en/players/thijs-boogaard/b0t6/overview
2026-04-16T19:40:09Z,798,P. Rodrigues,,34,https://www.atptour.com/en/players/pedro-rodrigues/r0jh/overview
2026-04-16T19:40:09Z,799,F. Meligeni Alves,,34,https://www.atptour.com/en/players/felipe-meligeni-alves/mw75/overview
2026-04-16T19:40:09Z,800,G. Tanner,,34,https://www.atptour.com/en/players/gian-luca-tanner/t0e0/overview
2026-04-16T19:40:09Z,801,J. Domingues,,34,https://www.atptour.com/en/players/joao-domingues/d985/overview
2026-04-16T19:40:09Z,802,M. Miladinovic,,34,https://www.atptour.com/en/players/marko-miladinovic/m0cg/overview
2026-04-16T19:40:09Z,803,M. Ponchet,,34,https://www.atptour.com/en/players/matt-ponchet/p0iv/overview
2026-04-16T19:40:09Z,804,L. Rottoli,,34,https://www.atptour.com/en/players/lorenzo-rottoli/r0b6/overview
2026-04-16T19:40:09Z,805,A. Raynel,,34,https://www.atptour.com/en/players/amaury-raynel/r0gn/overview
2026-04-16T19:40:09Z,806,M. Haliak,,34,https://www.atptour.com/en/players/mikalai-haliak/hh15/overview
2026-04-16T19:40:09Z,807,J. Plans,,34,https://www.atptour.com/en/players/jorge-plans/p0e2/overview
2026-04-16T19:40:09Z,808,A. Vales,,34,https://www.atptour.com/en/players/amit-vales/v0g2/overview
2026-04-16T19:40:09Z,809,F. Tabacco,,34,https://www.atptour.com/en/players/fausto-tabacco/t0cu/overview
2026-04-16T19:40:09Z,810,T. Curras Abasolo,,34,https://www.atptour.com/en/players/tomas-curras-abasolo/cn44/overview
2026-04-16T19:40:09Z,811,A. Pedrico Kravtsov,,33,https://www.atptour.com/en/players/albert-pedrico-kravtsov/p0mn/overview
2026-04-16T19:40:09Z,812,P. Rodenas,,33,https://www.atptour.com/en/players/pedro-rodenas/r0h2/overview
2026-04-16T19:40:09Z,813,A. Huertas Del Pino Cordova,,33,https://www.atptour.com/en/players/arklon-huertas-del-pino-cordova/h0c9/overview
2026-04-16T19:40:09Z,814,D. Kim,,33,https://www.atptour.com/en/players/dong-ju-kim/k0ci/overview
2026-04-16T19:40:09Z,815,A. Beckley,,33,https://www.atptour.com/en/players/alec-beckley/b0iy/overview
2026-04-16T19:40:09Z,816,A. Garcian,,33,https://www.atptour.com/en/players/axel-garcian/g0ff/overview
2026-04-16T19:40:09Z,817,K. Juhas,,33,https://www.atptour.com/en/players/kristijan-juhas/j0bq/overview
2026-04-16T19:40:09Z,818,A. Turriziani Alvarez,,33,https://www.atptour.com/en/players/alejandro-turriziani-alvarez/t0fh/overview
2026-04-16T19:40:09Z,819,N. Rodrigues,,33,https://www.atptour.com/en/players/natan-rodrigues/r0ek/overview
2026-04-16T19:40:09Z,820,K. Van Wyk,,33,https://www.atptour.com/en/players/kris-van-wyk/va23/overview
2026-04-16T19:40:09Z,821,N. Slavic,,33,https://www.atptour.com/en/players/nikola-slavic/s0kg/overview
2026-04-16T19:40:09Z,822,I. Almazan Valiente,,33,https://www.atptour.com/en/players/izan-almazan-valiente/a0kq/overview
2026-04-16T19:40:09Z,823,J. Charlton,,33,https://www.atptour.com/en/players/joshua-charlton/c09y/overview
2026-04-16T19:40:09Z,824,N. Zanellato,,33,https://www.atptour.com/en/players/nicolas-zanellato/z0by/overview
2026-04-16T19:40:09Z,825,W. Trongcharoenchaikul,,33,https://www.atptour.com/en/players/wishaya-trongcharoenchaikul/tb70/overview
2026-04-16T19:40:09Z,826,F. Coria,,32,https://www.atptour.com/en/players/federico-coria/ce77/overview
2026-04-16T19:40:09Z,827,M. Sureshkumar,,32,https://www.atptour.com/en/players/manish-sureshkumar/sy74/overview
2026-04-16T19:40:09Z,828,B. Vilicich,,32,https://www.atptour.com/en/players/bautista-vilicich/v0dx/overview
2026-04-16T19:40:09Z,829,M. Van Der Meerschen,,32,https://www.atptour.com/en/players/martin-van-der-meerschen/v0bs/overview
2026-04-16T19:40:09Z,830,K. Saitoh,,32,https://www.atptour.com/en/players/keisuke-saitoh/s0ld/overview
2026-04-16T19:40:09Z,831,T. Cigarran,,32,https://www.atptour.com/en/players/thiago-cigarran/c0gk/overview
2026-04-16T19:40:09Z,832,R. Faucon,,32,https://www.atptour.com/en/players/romain-faucon/f0f0/overview
2026-04-16T19:40:09Z,833,J. Hallquist Lithen,,32,https://www.atptour.com/en/players/john-hallquist-lithen/h0e7/overview
2026-04-16T19:40:09Z,834,A. Aubriot,,32,https://www.atptour.com/en/players/alexandre-aubriot/a0eu/overview
2026-04-16T19:40:09Z,835,A. Fiorentini,,32,https://www.atptour.com/en/players/andrea-fiorentini/f0c2/overview
2026-04-16T19:40:09Z,836,M. Antonius,,31,https://www.atptour.com/en/players/michael-antonius/a0o1/overview
2026-04-16T19:40:09Z,837,T. Cacao,,31,https://www.atptour.com/en/players/tiago-cacao/cn88/overview
2026-04-16T19:40:09Z,838,M. Homberg,,31,https://www.atptour.com/en/players/maximilian-homberg/h0gk/overview
2026-04-16T19:40:09Z,839,W. Leite,,31,https://www.atptour.com/en/players/wilson-leite/la54/overview
2026-04-16T19:40:09Z,840,A. Nefve,,31,https://www.atptour.com/en/players/axel-nefve/n0ba/overview
2026-04-16T19:40:09Z,841,F. Rocha,,31,https://www.atptour.com/en/players/francisco-rocha/r0f6/overview
2026-04-16T19:40:09Z,842,D. Cazacu,,31,https://www.atptour.com/en/players/dragos-nicolae-cazacu/c0mx/overview
2026-04-16T19:40:09Z,843,A. Gobat,,30,https://www.atptour.com/en/players/adrien-gobat/g0i2/overview
2026-04-16T19:40:09Z,844,D. Lee,,30,https://www.atptour.com/en/players/duckhee-lee/le01/overview
2026-04-16T19:40:09Z,845,L. Bocchi,,30,https://www.atptour.com/en/players/lorenzo-bocchi/b0am/overview
2026-04-16T19:40:09Z,846,J. Filip,,30,https://www.atptour.com/en/players/jakub-filip/f0gd/overview
2026-04-16T19:40:09Z,847,I. Miletich,,30,https://www.atptour.com/en/players/iannis-miletich/m0ro/overview
2026-04-16T19:40:09Z,848,T. Ichikawa,,30,https://www.atptour.com/en/players/taisei-ichikawa/i0a6/overview
2026-04-16T19:40:09Z,849,S. Hamza Reguig,,30,https://www.atptour.com/en/players/samir-hamza-reguig/h0ez/overview
2026-04-16T19:40:09Z,850,G. Barrere,,29,https://www.atptour.com/en/players/gregoire-barrere/bk24/overview
2026-04-16T19:40:09Z,851,C. Sigsgaard,,29,https://www.atptour.com/en/players/christian-sigsgaard/sy00/overview
2026-04-16T19:40:09Z,852,J. Aguilar,,29,https://www.atptour.com/en/players/juan-carlos-aguilar/a09w/overview
2026-04-16T19:40:09Z,853,J. Von Der Schulenburg,,29,https://www.atptour.com/en/players/jeffrey-von-der-schulenburg/v0e3/overview
2026-04-16T19:40:09Z,854,A. Petrovic,,29,https://www.atptour.com/en/players/andreja-petrovic/p0ep/overview
2026-04-16T19:40:09Z,855,V. Marysko,,29,https://www.atptour.com/en/players/vincent-marysko/m0v7/overview
2026-04-16T19:40:09Z,856,D. Salazar,,29,https://www.atptour.com/en/players/daniel-salazar/s0gm/overview
2026-04-16T19:40:09Z,857,T. Chanta,,29,https://www.atptour.com/en/players/thanapet-chanta/c0ds/overview
2026-04-16T19:40:09Z,858,J. Loureiro,,29,https://www.atptour.com/en/players/joao-victor-couto-loureiro/l0g5/overview
2026-04-16T19:40:09Z,859,T. Yamanaka,,29,https://www.atptour.com/en/players/taiyo-yamanaka/y0a8/overview
2026-04-16T19:40:09Z,860,D. Dinev,,29,https://www.atptour.com/en/players/dinko-dinev/d0hs/overview
2026-04-16T19:40:09Z,861,C. Hernandez,,29,https://www.atptour.com/en/players/carles-hernandez/h0dq/overview
2026-04-16T19:40:09Z,862,H. Roh,,28,https://www.atptour.com/en/players/hoyoung-roh/r0j1/overview
2026-04-16T19:40:09Z,863,M. Van Der Merwe,,28,https://www.atptour.com/en/players/marc-van-der-merwe/v0in/overview
2026-04-16T19:40:09Z,864,J. Kennedy,,28,https://www.atptour.com/en/players/jack-kennedy/k0np/overview
2026-04-16T19:40:09Z,865,X. Wang,,28,https://www.atptour.com/en/players/xiaofei-wang/w0b3/overview
2026-04-16T19:40:09Z,866,R. Izquierdo Luque,,28,https://www.atptour.com/en/players/rafael-izquierdo-luque/i09u/overview
2026-04-16T19:40:09Z,867,A. Kukasian,,28,https://www.atptour.com/en/players/artur-kukasian/k0hu/overview
2026-04-16T19:40:09Z,868,N. Catini,,28,https://www.atptour.com/en/players/niccolo-catini/c0c1/overview
2026-04-16T19:40:09Z,869,G. De Almeida,,27,https://www.atptour.com/en/players/gustavo-ribeiro-de-almeida/d0ip/overview
2026-04-16T19:40:09Z,870,L. Pow,,27,https://www.atptour.com/en/players/luca-pow/p0jl/overview
2026-04-16T19:40:09Z,871,K. Sultanov,,27,https://www.atptour.com/en/players/khumoyun-sultanov/sr81/overview
2026-04-16T19:40:09Z,872,P. Tsitsipas,,27,https://www.atptour.com/en/players/petros-tsitsipas/tg77/overview
2026-04-16T19:40:09Z,873,V. Lilov,,27,https://www.atptour.com/en/players/victor-lilov/l0g8/overview
2026-04-16T19:40:09Z,874,G. Bosio,,27,https://www.atptour.com/en/players/gabriele-bosio/b0g4/overview
2026-04-16T19:40:09Z,875,M. Hopp,,27,https://www.atptour.com/en/players/michel-hopp/h0gw/overview
2026-04-16T19:40:09Z,876,A. Mazdrashki,,27,https://www.atptour.com/en/players/anas-mazdrashki/m0wl/overview
2026-04-16T19:40:09Z,877,S. Andre,,27,https://www.atptour.com/en/players/seydina-andre/a0ie/overview
2026-04-16T19:40:09Z,878,E. Van Loben Sels,,26,https://www.atptour.com/en/players/emon-van-loben-sels/v0hg/overview
2026-04-16T19:40:09Z,879,F. Cavallo,,26,https://www.atptour.com/en/players/fernando-cavallo/c0o4/overview
2026-04-16T19:40:09Z,880,J. Brumm,,26,https://www.atptour.com/en/players/jacob-brumm/b0d8/overview
2026-04-16T19:40:09Z,881,E. Bynoe,,26,https://www.atptour.com/en/players/evan-bynoe/b0mr/overview
2026-04-16T19:40:09Z,882,F. Murgett,,26,https://www.atptour.com/en/players/finn-murgett/m0hy/overview
2026-04-16T19:40:09Z,883,N. Jadoun,,26,https://www.atptour.com/en/players/nicolas-jadoun/j0dl/overview
2026-04-16T19:40:09Z,884,T. Kokkinakis,,25,https://www.atptour.com/en/players/thanasi-kokkinakis/kd46/overview
2026-04-16T19:40:09Z,885,M. Plunger,,25,https://www.atptour.com/en/players/manuel-plunger/p0ln/overview
2026-04-16T19:40:09Z,886,N. Kotzen,,25,https://www.atptour.com/en/players/nicolas-ian-kotzen/k0lx/overview
2026-04-16T19:40:09Z,887,J. Ingildsen,,25,https://www.atptour.com/en/players/johannes-ingildsen/i411/overview
2026-04-16T19:40:09Z,888,M. Ymer,,25,https://www.atptour.com/en/players/mikael-ymer/y268/overview
2026-04-16T19:40:09Z,889,P. Brady,,25,https://www.atptour.com/en/players/patrick-brady/b0nv/overview
2026-04-16T19:40:09Z,890,A. Vasilev,,25,https://www.atptour.com/en/players/alexander-vasilev/v0gr/overview
2026-04-16T19:40:09Z,891,N. Zamora,,25,https://www.atptour.com/en/players/noah-zamora/z0ce/overview
2026-04-16T19:40:09Z,892,I. Nedelko,,25,https://www.atptour.com/en/players/ivan-nedelko/n561/overview
2026-04-16T19:40:09Z,893,G. Tabacco,,25,https://www.atptour.com/en/players/giorgio-tabacco/t0fk/overview
2026-04-16T19:40:09Z,894,L. Preda,,25,https://www.atptour.com/en/players/luca-preda/p0me/overview
2026-04-16T19:40:09Z,895,J. Yamasaki,,25,https://www.atptour.com/en/players/jumpei-yamasaki/y235/overview
2026-04-16T19:40:09Z,896,M. Majdandzic,,25,https://www.atptour.com/en/players/marc-majdandzic/m0v5/overview
2026-04-16T19:40:09Z,897,M. Turker,,25,https://www.atptour.com/en/players/mert-naci-turker/td49/overview
2026-04-16T19:40:09Z,898,B. Pietri,,25,https://www.atptour.com/en/players/benjamin-pietri/p09s/overview
2026-04-16T19:40:09Z,899,J. Cesar Porras,,24,https://www.atptour.com/en/players/julio-cesar-porras/c0kh/overview
2026-04-16T19:40:09Z,900,I. Snitari,,24,https://www.atptour.com/en/players/ilya-snitari/s0r5/overview
2026-04-16T19:40:09Z,901,L. Falabella,,24,https://www.atptour.com/en/players/lautaro-agustin-falabella/f0af/overview
2026-04-16T19:40:09Z,902,C. Cordoba,,24,https://www.atptour.com/en/players/carles-cordoba/c0oi/overview
2026-04-16T19:40:09Z,903,N. Mashtakov,,24,https://www.atptour.com/en/players/nikita-mashtakov/mw62/overview
2026-04-16T19:40:09Z,904,M. Walters,,24,https://www.atptour.com/en/players/marcus-walters/w719/overview
2026-04-16T19:40:09Z,905,Y. Lalami,,24,https://www.atptour.com/en/players/younes-lalami/l0ck/overview
2026-04-16T19:40:09Z,906,F. Tenti,,24,https://www.atptour.com/en/players/fermin-tenti/t0af/overview
2026-04-16T19:40:09Z,907,J. Delaney,,24,https://www.atptour.com/en/players/jesse-delaney/d0be/overview
2026-04-16T19:40:09Z,908,A. Johnson,,23,https://www.atptour.com/en/players/andrew-johnson/j0fu/overview
2026-04-16T19:40:09Z,909,M. Forbes,,23,https://www.atptour.com/en/players/matthew-forbes/f0i8/overview
2026-04-16T19:40:09Z,910,T. Dean,,23,https://www.atptour.com/en/players/theodore-dean/d0n2/overview
2026-04-16T19:40:09Z,911,A. Wang,,23,https://www.atptour.com/en/players/aoran-wang/w741/overview
2026-04-16T19:40:09Z,912,C. Mueller,,23,https://www.atptour.com/en/players/calvin-mueller/m0jp/overview
2026-04-16T19:40:09Z,913,D. Sumizawa,,23,https://www.atptour.com/en/players/daisuke-sumizawa/s0bg/overview
2026-04-16T19:40:09Z,914,E. Kohlmann De Freitas,,23,https://www.atptour.com/en/players/enzo-kohlmann-de-freitas/k0mx/overview
2026-04-16T19:40:09Z,915,C. Li,,23,https://www.atptour.com/en/players/christopher-li/l0do/overview
2026-04-16T19:40:09Z,916,P. Buldorini,,23,https://www.atptour.com/en/players/peter-buldorini/b0pd/overview
2026-04-16T19:40:09Z,917,Y. Zeng,,23,https://www.atptour.com/en/players/yaojie-zeng/z0c7/overview
2026-04-16T19:40:09Z,918,P. Inchauspe,,22,https://www.atptour.com/en/players/paul-inchauspe/i0b6/overview
2026-04-16T19:40:09Z,919,J. Mackenzie,,22,https://www.atptour.com/en/players/jamie-mackenzie/m19t/overview
2026-04-16T19:40:09Z,920,A. Ciric,,22,https://www.atptour.com/en/players/aleksa-ciric/c0fj/overview
2026-04-16T19:40:09Z,921,A. Lobanov,,22,https://www.atptour.com/en/players/aleksandr-lobanov/l0g3/overview
2026-04-16T19:40:09Z,922,S. Paardekooper,,22,https://www.atptour.com/en/players/stijn-paardekooper/p0mi/overview
2026-04-16T19:40:09Z,923,S. Price,,22,https://www.atptour.com/en/players/salvador-price/p0lg/overview
2026-04-16T19:40:09Z,924,A. Rai,,22,https://www.atptour.com/en/players/ajeet-rai/r0dc/overview
2026-04-16T19:40:09Z,925,P. Scomparin,,22,https://www.atptour.com/en/players/pietro-romeo-scomparin/s0i7/overview
2026-04-16T19:40:09Z,926,N. Sinha,,22,https://www.atptour.com/en/players/nitin-kumar-sinha/sy50/overview
2026-04-16T19:40:09Z,927,Q. Sun,,22,https://www.atptour.com/en/players/qian-sun/s0jv/overview
2026-04-16T19:40:09Z,928,D. Javia,,22,https://www.atptour.com/en/players/dev-javia/j0cl/overview
2026-04-16T19:40:09Z,929,B. George,,22,https://www.atptour.com/en/players/benjamin-thomas-george/g0mh/overview
2026-04-16T19:40:09Z,930,D. Rapagnetta,,22,https://www.atptour.com/en/players/daniele-rapagnetta/r0km/overview
2026-04-16T19:40:09Z,931,G. Noce,,22,https://www.atptour.com/en/players/gabriele-maria-noce/n724/overview
2026-04-16T19:40:09Z,932,F. Ribero,,22,https://www.atptour.com/en/players/franco-ribero/r0bf/overview
2026-04-16T19:40:09Z,933,N. Schell,,22,https://www.atptour.com/en/players/niklas-schell/sz36/overview
2026-04-16T19:40:09Z,934,M. Marinescu,,22,https://www.atptour.com/en/players/mihai-razvan-marinescu/m0ho/overview
2026-04-16T19:40:09Z,935,A. Trifi,,22,https://www.atptour.com/en/players/alaa-trifi/t0jo/overview
2026-04-16T19:40:09Z,936,K. Ogura,,22,https://www.atptour.com/en/players/kosuke-ogura/o09t/overview
2026-04-16T19:40:09Z,937,Z. Ludoski,,21,https://www.atptour.com/en/players/zoran-ludoski/l0jo/overview
2026-04-16T19:40:09Z,938,S. Nakagawa,,21,https://www.atptour.com/en/players/shunsuke-nakagawa/n0ct/overview
2026-04-16T19:40:09Z,939,M. Braswell,,21,https://www.atptour.com/en/players/micah-braswell/b0j8/overview
2026-04-16T19:40:09Z,940,T. Martinez,,21,https://www.atptour.com/en/players/tomas-martinez/m0qq/overview
2026-04-16T19:40:09Z,941,M. Jones,,21,https://www.atptour.com/en/players/miles-jones/j0ai/overview
2026-04-16T19:40:09Z,942,S. D'Agostino,,21,https://www.atptour.com/en/players/stefano-d'agostino/d0d9/overview
2026-04-16T19:40:09Z,943,P. Araujo,,21,https://www.atptour.com/en/players/pedro-araujo/a0es/overview
2026-04-16T19:40:09Z,944,N. Honda,,21,https://www.atptour.com/en/players/naoya-honda/h0j1/overview
2026-04-16T19:40:09Z,945,L. Helguera Casado,,21,https://www.atptour.com/en/players/lucca-helguera-casado/h0hc/overview
2026-04-16T19:40:09Z,946,G. Lomakin,,21,https://www.atptour.com/en/players/grigoriy-lomakin/lg37/overview
2026-04-16T19:40:09Z,947,S. Jong,,20,https://www.atptour.com/en/players/sander-jong/j0cu/overview
2026-04-16T19:40:09Z,948,S. Johnson,,20,https://www.atptour.com/en/players/spencer-johnson/j0f2/overview
2026-04-16T19:40:09Z,949,G. Brunkow,,20,https://www.atptour.com/en/players/gianluca-brunkow/b0n0/overview
2026-04-16T19:40:09Z,950,D. Rolland,,20,https://www.atptour.com/en/players/dominique-rolland/r0ki/overview
2026-04-16T19:40:09Z,951,R. Karki,,20,https://www.atptour.com/en/players/ronit-karki/k0oy/overview
2026-04-16T19:40:09Z,952,Y. Chung,,20,https://www.atptour.com/en/players/yun-seong-chung/ch90/overview
2026-04-16T19:40:09Z,953,I. Becroft,,20,https://www.atptour.com/en/players/isaac-becroft/b0hy/overview
2026-04-16T19:40:09Z,954,W. Rejchtman Vinciguerra,,20,https://www.atptour.com/en/players/william-rejchtman-vinciguerra/r0iu/overview
2026-04-16T19:40:09Z,955,E. Lumsden,,20,https://www.atptour.com/en/players/ewen-lumsden/l0af/overview
2026-04-16T19:40:09Z,956,N. Schachter,,20,https://www.atptour.com/en/players/noah-schachter/s0jb/overview
2026-04-16T19:40:09Z,957,D. Pichler,,19,https://www.atptour.com/en/players/david-pichler/pi95/overview
2026-04-16T19:40:09Z,958,O. Baris,,19,https://www.atptour.com/en/players/ozan-baris/c0hx/overview
2026-04-16T19:40:09Z,959,T. Al Azmeh,,19,https://www.atptour.com/en/players/taym-al-azmeh/a0hm/overview
2026-04-16T19:40:09Z,960,F. Pieczonka,,19,https://www.atptour.com/en/players/filip-pieczonka/p0fu/overview
2026-04-16T19:40:09Z,961,E. Gerasimov,,19,https://www.atptour.com/en/players/egor-gerasimov/gc89/overview
2026-04-16T19:40:09Z,962,K. Szymkowiak,,19,https://www.atptour.com/en/players/kacper-szymkowiak/s0zf/overview
2026-04-16T19:40:09Z,963,L. Bouquet,,19,https://www.atptour.com/en/players/lucas-bouquet/bu32/overview
2026-04-16T19:40:09Z,964,C. Robertson,,19,https://www.atptour.com/en/players/charlie-robertson/r0k9/overview
2026-04-16T19:40:09Z,965,A. Tudorica,,19,https://www.atptour.com/en/players/alvin-nicholas-tudorica/t0iz/overview
2026-04-16T19:40:09Z,966,T. Suksumrarn,,19,https://www.atptour.com/en/players/thantub-suksumrarn/s0mj/overview
2026-04-16T19:40:09Z,967,E. Pleshivtsev,,19,https://www.atptour.com/en/players/egor-pleshivtsev/p0nd/overview
2026-04-16T19:40:09Z,968T,M. Shin,,19,https://www.atptour.com/en/players/maxim-shin/s0uu/overview
2026-04-16T19:40:09Z,968T,S. Zick,,19,https://www.atptour.com/en/players/sydney-zick/z0cr/overview
2026-04-16T19:40:09Z,970,Y. Oki,,19,https://www.atptour.com/en/players/yuto-oki/o0e1/overview
2026-04-16T19:40:09Z,971,R. Pieleanu,,19,https://www.atptour.com/en/players/rares-teodor-pieleanu/p0ms/overview
2026-04-16T19:40:09Z,972,L. Lorusso,,19,https://www.atptour.com/en/players/lorenzo-lorusso/l0g4/overview
2026-04-16T19:40:09Z,973,J. Gschwendtner,,19,https://www.atptour.com/en/players/jeremy-gschwendtner/g0b7/overview
2026-04-16T19:40:09Z,974,M. Zhu,,19,https://www.atptour.com/en/players/michael-zhu/z350/overview
2026-04-16T19:40:09Z,975,G. Misasi,,19,https://www.atptour.com/en/players/giannicola-misasi/m0ic/overview
2026-04-16T19:40:09Z,976,D. Sarksian,,19,https://www.atptour.com/en/players/daniil-sarksian/s0yb/overview
2026-04-16T19:40:09Z,977,N. Barrientos,,18,https://www.atptour.com/en/players/nicolas-barrientos/bc76/overview
2026-04-16T19:40:09Z,978,D. Dietrich,,18,https://www.atptour.com/en/players/dylan-dietrich/d0hx/overview
2026-04-16T19:40:09Z,979,A. Karatsev,,18,https://www.atptour.com/en/players/aslan-karatsev/kc56/overview
2026-04-16T19:40:09Z,980,T. Hilderbrand,,18,https://www.atptour.com/en/players/trey-hilderbrand/h0b7/overview
2026-04-16T19:40:09Z,981,A. Kuperstein,,18,https://www.atptour.com/en/players/alex-kuperstein/k0kk/overview
2026-04-16T19:40:09Z,982,K. Ivanovski,,18,https://www.atptour.com/en/players/kalin-ivanovski/i0ap/overview
2026-04-16T19:40:09Z,983,B. Malla,,18,https://www.atptour.com/en/players/bastian-malla/mm24/overview
2026-04-16T19:40:09Z,984,E. Wallart,,18,https://www.atptour.com/en/players/enzo-wallart/w749/overview
2026-04-16T19:40:09Z,985,R. Taguchi,,18,https://www.atptour.com/en/players/ryotaro-taguchi/t0ia/overview
2026-04-16T19:40:09Z,986,L. Larue,,18,https://www.atptour.com/en/players/louis-larue/l0io/overview
2026-04-16T19:40:09Z,987,J. Osorio,,18,https://www.atptour.com/en/players/juan-sebastian-osorio/o560/overview
2026-04-16T19:40:09Z,988,K. Friberg,,18,https://www.atptour.com/en/players/karl-friberg/f09j/overview
2026-04-16T19:40:09Z,989,A. Freire Da Silva,,18,https://www.atptour.com/en/players/adan-freire-da-silva/f0bj/overview
2026-04-16T19:40:09Z,990,E. Clark,,18,https://www.atptour.com/en/players/ezekiel-clark/co07/overview
2026-04-16T19:40:09Z,991,K. Xu,,17,https://www.atptour.com/en/players/kuang-qing-xu/x01d/overview
2026-04-16T19:40:09Z,992,A. Delgado,,17,https://www.atptour.com/en/players/andrew-delgado/d0mb/overview
2026-04-16T19:40:09Z,993,D. Pagani,,17,https://www.atptour.com/en/players/dante-pagani/p0mj/overview
2026-04-16T19:40:09Z,994,S. Choo,,17,https://www.atptour.com/en/players/suk-hyun-choo/c0gw/overview
2026-04-16T19:40:09Z,995,Z. Sesko,,17,https://www.atptour.com/en/players/ziga-sesko/s1aj/overview
2026-04-16T19:40:09Z,996,L. Gagliardo,,17,https://www.atptour.com/en/players/lorenzo-gagliardo/g0d4/overview
2026-04-16T19:40:09Z,997,M. Malaszszak,,17,https://www.atptour.com/en/players/markus-malaszszak/m0vh/overview
2026-04-16T19:40:09Z,998,J. Schlageter,,17,https://www.atptour.com/en/players/justin-schlageter/s0e4/overview
2026-04-16T19:40:09Z,999,G. Shebekin,,17,https://www.atptour.com/en/players/grigory-shebekin/s0yn/overview
2026-04-16T19:40:09Z,1000,Z. Stephens,,17,https://www.atptour.com/en/players/zach-stephens/s0yi/overview
2026-04-16T19:40:09Z,1001,B. Atlangeriev,,17,https://www.atptour.com/en/players/bekkhan-atlangeriev/a0e6/overview
2026-04-16T19:40:09Z,1002,T. Zeuch,,17,https://www.atptour.com/en/players/tom-zeuch/z09g/overview
2026-04-16T19:40:09Z,1003,G. Kim,,17,https://www.atptour.com/en/players/geun-jun-kim/k0dv/overview
2026-04-16T19:40:09Z,1004,A. Klintcharov,,17,https://www.atptour.com/en/players/alexander-klintcharov/kg53/overview
2026-04-16T19:40:09Z,1005,T. Bieldiugin,,17,https://www.atptour.com/en/players/tymur-bieldiugin/b0sw/overview
2026-04-16T19:40:09Z,1006,P. De Lange,,17,https://www.atptour.com/en/players/pieter-de-lange/d0lk/overview
2026-04-16T19:40:09Z,1007,B. Bozemoj,,17,https://www.atptour.com/en/players/brian-bozemoj/b0ql/overview
2026-04-16T19:40:09Z,1008,C. Dong,,17,https://www.atptour.com/en/players/chen-dong/d0fn/overview
2026-04-16T19:40:09Z,1009,D. Fernandez Flores,,17,https://www.atptour.com/en/players/diego-fernandez-flores/f0c4/overview
2026-04-16T19:40:09Z,1010,V. Gogineni,,16,https://www.atptour.com/en/players/vignesh-gogineni/g0q1/overview
2026-04-16T19:40:09Z,1011,N. Oliveira,,16,https://www.atptour.com/en/players/nicolas-oliveira/o0cl/overview
2026-04-16T19:40:09Z,1012,K. Rice,,16,https://www.atptour.com/en/players/keegan-rice/r0ji/overview
2026-04-16T19:40:09Z,1013,D. Recek,,16,https://www.atptour.com/en/players/dominik-recek/rd58/overview
2026-04-16T19:40:09Z,1014,O. Bonding,,16,https://www.atptour.com/en/players/oliver-bonding/b0vf/overview
2026-04-16T19:40:09Z,1015,B. Winter Lopez,,16,https://www.atptour.com/en/players/benjamin-winter-lopez/w09x/overview
2026-04-16T19:40:09Z,1016,N. McDonald,,16,https://www.atptour.com/en/players/niels-mcdonald/m0xq/overview
2026-04-16T19:40:09Z,1017,R. Tabata,,16,https://www.atptour.com/en/players/ryo-tabata/t0k1/overview
2026-04-16T19:40:09Z,1018,A. Kotzen,,16,https://www.atptour.com/en/players/alexander-kotzen/k0el/overview
2026-04-16T19:40:09Z,1019,M. Exsted,,16,https://www.atptour.com/en/players/maxwell-exsted/e0dp/overview
2026-04-16T19:40:09Z,1020,S. Stankovic,,16,https://www.atptour.com/en/players/simeon-stankovic/s1ar/overview
2026-04-16T19:40:09Z,1021,J. Scramin Do Lago,,16,https://www.atptour.com/en/players/joao-vitor-scramin-do-lago/s0yt/overview
2026-04-16T19:40:09Z,1022,J. Flores,,16,https://www.atptour.com/en/players/jesse-flores/f902/overview
2026-04-16T19:40:09Z,1023,Z. Tkemaladze,,16,https://www.atptour.com/en/players/zura-tkemaladze/t0ag/overview
2026-04-16T19:40:09Z,1024,A. De Marchi,,16,https://www.atptour.com/en/players/andrea-de-marchi/d0jz/overview
2026-04-16T19:40:09Z,1025,R. Tiukaev,,16,https://www.atptour.com/en/players/ruslan-tiukaev/t0gk/overview
2026-04-16T19:40:09Z,1026,S. Ryan Ziegann,,16,https://www.atptour.com/en/players/sam-ryan-ziegann/r0dp/overview
2026-04-16T19:40:09Z,1027,P. Marino,,16,https://www.atptour.com/en/players/pietro-marino/m0k2/overview
2026-04-16T19:40:09Z,1028,P. Tsitsipas,,16,https://www.atptour.com/en/players/pavlos-tsitsipas/t0ge/overview
2026-04-16T19:40:09Z,1029,K. Ibrahim,,16,https://www.atptour.com/en/players/karim-ibrahim/i0b3/overview
2026-04-16T19:40:09Z,1030,J. Wolf,,15,https://www.atptour.com/en/players/j.j.-wolf/w09g/overview
2026-04-16T19:40:09Z,1031,O. Luz,,15,https://www.atptour.com/en/players/orlando-luz/lf26/overview
2026-04-16T19:40:09Z,1032,C. Ilkel,,15,https://www.atptour.com/en/players/cem-ilkel/i306/overview
2026-04-16T19:40:09Z,1033,O. Otte,,15,https://www.atptour.com/en/players/oscar-otte/o449/overview
2026-04-16T19:40:09Z,1034,L. Aboian,,15,https://www.atptour.com/en/players/leonardo-aboian/ag57/overview
2026-04-16T19:40:09Z,1035,J. De Loore,,15,https://www.atptour.com/en/players/joris-de-loore/da86/overview
2026-04-16T19:40:09Z,1036,B. Paire,,15,https://www.atptour.com/en/players/benoit-paire/pd31/overview
2026-04-16T19:40:09Z,1037,J. Cundom,,15,https://www.atptour.com/en/players/julian-cundom/c0h5/overview
2026-04-16T19:40:09Z,1038,V. Melnic,,15,https://www.atptour.com/en/players/vladislav-melnic/m0dq/overview
2026-04-16T19:40:09Z,1039,F. Bass,,15,https://www.atptour.com/en/players/finn-bass/bu78/overview
2026-04-16T19:40:09Z,1040,K. Chopra,,15,https://www.atptour.com/en/players/keshav-chopra/c0gg/overview
2026-04-16T19:40:09Z,1041,E. Monferrer,,15,https://www.atptour.com/en/players/ezequiel-monferrer/m0ig/overview
2026-04-16T19:40:09Z,1042,H. Liu,,15,https://www.atptour.com/en/players/hanyi-liu/l0bu/overview
2026-04-16T19:40:09Z,1043,M. Maksimovic,,15,https://www.atptour.com/en/players/marko-maksimovic/m0no/overview
2026-04-16T19:40:09Z,1044,V. Iakubenko,,15,https://www.atptour.com/en/players/volodymyr-iakubenko/i0bn/overview
2026-04-16T19:40:09Z,1045,N. Ifi,,15,https://www.atptour.com/en/players/nicolas-ifi/i0br/overview
2026-04-16T19:40:09Z,1046,J. Kim,,14,https://www.atptour.com/en/players/jangjun-kim/k0kc/overview
2026-04-16T19:40:09Z,1047,S. Danilov,,14,https://www.atptour.com/en/players/savriyan-danilov/d0cf/overview
2026-04-16T19:40:09Z,1048,K. Tamm,,14,https://www.atptour.com/en/players/kristjan-tamm/tg67/overview
2026-04-16T19:40:09Z,1049,E. Philippov,,14,https://www.atptour.com/en/players/evgeny-philippov/p0g0/overview
2026-04-16T19:40:09Z,1050,B. Suarez,,14,https://www.atptour.com/en/players/billy-suarez/s1bv/overview
2026-04-16T19:40:09Z,1051,V. Basel,,14,https://www.atptour.com/en/players/valentin-basel/b0nf/overview
2026-04-16T19:40:09Z,1052,S. Ivanov,,14,https://www.atptour.com/en/players/saveliy-ivanov/i0be/overview
2026-04-16T19:40:09Z,1053,M. Ponce De Leon Gomila,,13,https://www.atptour.com/en/players/matias-ponce-de-leon-gomila/p0i4/overview
2026-04-16T19:40:09Z,1054,S. Reveniau,,13,https://www.atptour.com/en/players/simon-reveniau/r0bn/overview
2026-04-16T19:40:09Z,1055,J. Jung,,13,https://www.atptour.com/en/players/jason-jung/j380/overview
2026-04-16T19:40:09Z,1056,R. Seggerman,,13,https://www.atptour.com/en/players/ryan-seggerman/s0dl/overview
2026-04-16T19:40:09Z,1057,E. Karlovskiy,,13,https://www.atptour.com/en/players/evgeny-karlovskiy/kd87/overview
2026-04-16T19:40:09Z,1058,S. Dominko,,13,https://www.atptour.com/en/players/sebastian-dominko/d0i0/overview
2026-04-16T19:40:09Z,1059,O. Okonkwo,,13,https://www.atptour.com/en/players/oliver-okonkwo/o0bc/overview
2026-04-16T19:40:09Z,1060,M. Arseneault,,13,https://www.atptour.com/en/players/mikael-arseneault/a0k4/overview
2026-04-16T19:40:09Z,1061,M. Kesharwani,,13,https://www.atptour.com/en/players/maan-kesharwani/k0mw/overview
2026-04-16T19:40:09Z,1062,J. Van Herzeele,,13,https://www.atptour.com/en/players/james-van-herzeele/v0ge/overview
2026-04-16T19:40:09Z,1063,H. Naw,,13,https://www.atptour.com/en/players/hazem-naw/n0bk/overview
2026-04-16T19:40:09Z,1064,K. Kirci,,13,https://www.atptour.com/en/players/koray-kirci/ki91/overview
2026-04-16T19:40:09Z,1065,R. Piatti,,13,https://www.atptour.com/en/players/rocco-piatti/p0gd/overview
2026-04-16T19:40:09Z,1066,M. Scaglia,,13,https://www.atptour.com/en/players/mathieu-scaglia/s09b/overview
2026-04-16T19:40:09Z,1067,M. Del Pino,,13,https://www.atptour.com/en/players/mateo-del-pino/d0hz/overview
2026-04-16T19:40:09Z,1068,N. Djosic,,13,https://www.atptour.com/en/players/nikola-djosic/d0jh/overview
2026-04-16T19:40:09Z,1069,M. Lipp,,13,https://www.atptour.com/en/players/mika-lipp/l0gj/overview
2026-04-16T19:40:09Z,1070,O. Anderson,,13,https://www.atptour.com/en/players/oliver-anderson/ad23/overview
2026-04-16T19:40:09Z,1071,J. Goncalves Ceolin,,13,https://www.atptour.com/en/players/joao-vitor-goncalves-ceolin/gj90/overview
2026-04-16T19:40:09Z,1072,A. Jeran,,13,https://www.atptour.com/en/players/aljaz-jeran/j0dn/overview
2026-04-16T19:40:09Z,1073,D. Azoidis,,13,https://www.atptour.com/en/players/dimitris-azoidis/a0c5/overview
2026-04-16T19:40:09Z,1074,T. Serrano Luis,,13,https://www.atptour.com/en/players/tomas-serrano-luis/l0cu/overview
2026-04-16T19:40:09Z,1075,R. Tosetto,,13,https://www.atptour.com/en/players/rafael-tosetto/t0ch/overview
2026-04-16T19:40:09Z,1076,J. Bilardo,,13,https://www.atptour.com/en/players/jacopo-bilardo/b0ph/overview
2026-04-16T19:40:09Z,1077,M. Ujvary,,13,https://www.atptour.com/en/players/matthias-ujvary/u0a3/overview
2026-04-16T19:40:09Z,1078,K. Pearson,,12,https://www.atptour.com/en/players/kody-pearson/pl69/overview
2026-04-16T19:40:09Z,1079,Z. Li,,12,https://www.atptour.com/en/players/zhe-li/l733/overview
2026-04-16T19:40:09Z,1080,D. Badenhorst,,12,https://www.atptour.com/en/players/devin-badenhorst/b0iz/overview
2026-04-16T19:40:09Z,1081,B. Sanchez Martinez,,12,https://www.atptour.com/en/players/benito-sanchez-martinez/s0r2/overview
2026-04-16T19:40:09Z,1082,A. Jilly,,12,https://www.atptour.com/en/players/adam-jilly/j0ei/overview
2026-04-16T19:40:09Z,1083,G. Madarasz,,12,https://www.atptour.com/en/players/gergely-madarasz/mo76/overview
2026-04-16T19:40:09Z,1084,V. Jankanj,,12,https://www.atptour.com/en/players/vlado-jankanj/j0f0/overview
2026-04-16T19:40:09Z,1085,M. Borisiouk,,12,https://www.atptour.com/en/players/martin-borisiouk/b0a1/overview
2026-04-16T19:40:09Z,1086,M. Martinez Serrano,,12,https://www.atptour.com/en/players/mario-martinez-serrano/m0xa/overview
2026-04-16T19:40:09Z,1087,C. Papoe,,12,https://www.atptour.com/en/players/cezar-gabriel-papoe/p0mt/overview
2026-04-16T19:40:09Z,1088,T. Pernas,,12,https://www.atptour.com/en/players/thiago-agustin-pernas/p0p1/overview
2026-04-16T19:40:09Z,1089,R. Mehra,,12,https://www.atptour.com/en/players/rohan-mehra/m0n5/overview
2026-04-16T19:40:09Z,1090,S. Matsuoka,,12,https://www.atptour.com/en/players/shu-matsuoka/m0rc/overview
2026-04-16T19:40:09Z,1091,A. Andreev,,12,https://www.atptour.com/en/players/adrian-andreev/a0ab/overview
2026-04-16T19:40:09Z,1092,M. Hulme,,12,https://www.atptour.com/en/players/matt-hulme/h0hs/overview
2026-04-16T19:40:09Z,1093,A. Mujakic,,12,https://www.atptour.com/en/players/alen-mujakic/m0i5/overview
2026-04-16T19:40:09Z,1094,H. Jones,,12,https://www.atptour.com/en/players/hayden-jones/j0d5/overview
2026-04-16T19:40:09Z,1095,M. Serafini,,12,https://www.atptour.com/en/players/marcello-serafini/s0rf/overview
2026-04-16T19:40:09Z,1096,M. Mecarelli,,12,https://www.atptour.com/en/players/michele-mecarelli/m0xl/overview
2026-04-16T19:40:09Z,1097,T. Stringer,,12,https://www.atptour.com/en/players/tristan-stringer/s1ap/overview
2026-04-16T19:40:09Z,1098,R. De Alba,,12,https://www.atptour.com/en/players/rafael-de-alba/d0jm/overview
2026-04-16T19:40:09Z,1099,N. Larwig,,12,https://www.atptour.com/en/players/noel-larwig/l0ch/overview
2026-04-16T19:40:09Z,1100,A. Alhogbani,,12,https://www.atptour.com/en/players/ammar-alhogbani/ag30/overview
2026-04-16T19:40:09Z,1101,P. Pinter,,12,https://www.atptour.com/en/players/piet-luis-pinter/p0nt/overview
2026-04-16T19:40:09Z,1102,A. Chayka,,12,https://www.atptour.com/en/players/aleksander-chayka/c0ni/overview
2026-04-16T19:40:09Z,1103,Y. Tomida,,12,https://www.atptour.com/en/players/yuta-tomida/t0j8/overview
2026-04-16T19:40:09Z,1104,Z. Velcz,,11,https://www.atptour.com/en/players/zsombor-velcz/v0e1/overview
2026-04-16T19:40:09Z,1105,A. Hayen,,11,https://www.atptour.com/en/players/alejandro-hayen/h0kq/overview
2026-04-16T19:40:09Z,1106,T. Deschamps,,11,https://www.atptour.com/en/players/thomas-deschamps/d0fy/overview
2026-04-16T19:40:09Z,1107,M. Bondaz,,11,https://www.atptour.com/en/players/mathis-bondaz/b0m7/overview
2026-04-16T19:40:09Z,1108,G. Brymer,,11,https://www.atptour.com/en/players/gage-brymer/bp44/overview
2026-04-16T19:40:09Z,1109,D. Poljak,,11,https://www.atptour.com/en/players/david-poljak/ph77/overview
2026-04-16T19:40:09Z,1110,C. Thomson,,11,https://www.atptour.com/en/players/connor-thomson/t0b0/overview
2026-04-16T19:40:09Z,1111,R. Quan,,11,https://www.atptour.com/en/players/rudy-quan/q02o/overview
2026-04-16T19:40:09Z,1112,D. Kakhniuk,,11,https://www.atptour.com/en/players/daniil-kakhniuk/k0pf/overview
2026-04-16T19:40:09Z,1113,F. Aguilar Cardozo,,11,https://www.atptour.com/en/players/federico-aguilar-cardozo/a0k2/overview
2026-04-16T19:40:09Z,1114,G. Perego,,11,https://www.atptour.com/en/players/giulio-perego/p0ge/overview
2026-04-16T19:40:09Z,1115,P. Lu,,11,https://www.atptour.com/en/players/pengyu-lu/l0cs/overview
2026-04-16T19:40:09Z,1116,R. Valente,,11,https://www.atptour.com/en/players/rocco-valente/v0hb/overview
2026-04-16T19:40:09Z,1117,M. Kaouk,,11,https://www.atptour.com/en/players/mickael-kaouk/k0nt/overview
2026-04-16T19:40:09Z,1118,L. Malgaroli,,11,https://www.atptour.com/en/players/leonardo-malgaroli/m0n4/overview
2026-04-16T19:40:09Z,1119,E. Khoeblal,,11,https://www.atptour.com/en/players/elgin-khoeblal/k0ht/overview
2026-04-16T19:40:09Z,1120,E. Ambarzumjan,,11,https://www.atptour.com/en/players/edison-ambarzumjan/a0i9/overview
2026-04-16T19:40:09Z,1121T,S. Cho,,11,https://www.atptour.com/en/players/seongwoo-cho/c0nx/overview
2026-04-16T19:40:09Z,1121T,J. Wendler Filho,,11,https://www.atptour.com/en/players/jefferson-wendler-filho/w660/overview
2026-04-16T19:40:09Z,1123T,N. Garcia Longo,,11,https://www.atptour.com/en/players/nicolas-garcia-longo/g0kv/overview
2026-04-16T19:40:09Z,1123T,J. Szajrych,,11,https://www.atptour.com/en/players/jasza-szajrych/s0sd/overview
2026-04-16T19:40:09Z,1125,M. Ochi,,11,https://www.atptour.com/en/players/makoto-ochi/o664/overview
2026-04-16T19:40:09Z,1126T,A. Habib,,11,https://www.atptour.com/en/players/ali-habib/h0gc/overview
2026-04-16T19:40:09Z,1126T,V. Remondy Pagotto,,11,https://www.atptour.com/en/players/victor-hugo-remondy-pagotto/r0l5/overview
2026-04-16T19:40:09Z,1128,J. Otegui,,11,https://www.atptour.com/en/players/juan-bautista-otegui/o09s/overview
2026-04-16T19:40:09Z,1129,S. Vujic,,11,https://www.atptour.com/en/players/stefan-vujic/va31/overview
2026-04-16T19:40:09Z,1130,S. Sim,,11,https://www.atptour.com/en/players/sungbeen-sim/s0jw/overview
2026-04-16T19:40:09Z,1131,H. Pierre,,11,https://www.atptour.com/en/players/hugo-pierre/pm20/overview
2026-04-16T19:40:09Z,1132,M. Figl,,11,https://www.atptour.com/en/players/maximilian-figl/f0fb/overview
2026-04-16T19:40:09Z,1133,N. Ciavarella,,11,https://www.atptour.com/en/players/niccolò-ciavarella/c0ko/overview
2026-04-16T19:40:09Z,1134,N. Bruna,,11,https://www.atptour.com/en/players/nicolas-bruna/bu64/overview
2026-04-16T19:40:09Z,1135,L. Martinez,,10,https://www.atptour.com/en/players/luis-david-martinez/mf70/overview
2026-04-16T19:40:09Z,1136,M. Klizan,,10,https://www.atptour.com/en/players/martin-klizan/k966/overview
2026-04-16T19:40:09Z,1137T,S. Banthia,,10,https://www.atptour.com/en/players/siddhant-banthia/b0a2/overview
2026-04-16T19:40:09Z,1137T,S. Klaassen,,10,https://www.atptour.com/en/players/stian-klaassen/k0lp/overview
2026-04-16T19:40:09Z,1137T,F. Speziali,,10,https://www.atptour.com/en/players/filippo-speziali/s0jh/overview
2026-04-16T19:40:09Z,1140,C. Rolland De Ravel,,10,https://www.atptour.com/en/players/cosme-rolland-de-ravel/r0ke/overview
2026-04-16T19:40:09Z,1141,P. Cachin,,10,https://www.atptour.com/en/players/pedro-cachin/cg04/overview
2026-04-16T19:40:09Z,1142,L. Miguel,,10,https://www.atptour.com/en/players/luis-felipe-miguel/m0ot/overview
2026-04-16T19:40:09Z,1143,C. Woestendick,,10,https://www.atptour.com/en/players/cooper-woestendick/w0dw/overview
2026-04-16T19:40:09Z,1144,A. Rozin,,10,https://www.atptour.com/en/players/alexander-rozin/r0kk/overview
2026-04-16T19:40:09Z,1145,J. Opitz,,10,https://www.atptour.com/en/players/jannik-opitz/o663/overview
2026-04-16T19:40:09Z,1146,I. Strode,,10,https://www.atptour.com/en/players/isaiah-strode/sx77/overview
2026-04-16T19:40:09Z,1147,C. Oh,,10,https://www.atptour.com/en/players/chanyeong-oh/o527/overview
2026-04-16T19:40:09Z,1148,J. Guilleme,,10,https://www.atptour.com/en/players/joaquin-guilleme/g0os/overview
2026-04-16T19:40:09Z,1149,D. Markovina,,10,https://www.atptour.com/en/players/duje-markovina/m0u9/overview
2026-04-16T19:40:09Z,1150,M. Sabas,,10,https://www.atptour.com/en/players/martin-sabas/s0rh/overview
2026-04-16T19:40:09Z,1151,R. Tanuma,,10,https://www.atptour.com/en/players/ryota-tanuma/tg46/overview
2026-04-16T19:40:09Z,1152,R. Guna,,10,https://www.atptour.com/en/players/robert-guna/g0kq/overview
2026-04-16T19:40:09Z,1153,L. Primucci,,10,https://www.atptour.com/en/players/leonardo-primucci/p0ox/overview
2026-04-16T19:40:09Z,1154,G. Ortenzi,,10,https://www.atptour.com/en/players/gian-marco-ortenzi/o0ax/overview
2026-04-16T19:40:09Z,1155,S. Fanselow,,10,https://www.atptour.com/en/players/sebastian-fanselow/f664/overview
2026-04-16T19:40:09Z,1156,G. Ramskogler,,10,https://www.atptour.com/en/players/gregor-ramskogler/r0ay/overview
2026-04-16T19:40:09Z,1157,R. Rodriguez - Pace,,10,https://www.atptour.com/en/players/ricardo-rodriguez---pace/rb00/overview
2026-04-16T19:40:09Z,1158,E. Cook,,10,https://www.atptour.com/en/players/ethan-cook/c0ms/overview
2026-04-16T19:40:09Z,1159,N. Parizzia,,10,https://www.atptour.com/en/players/nicolas-parizzia/pm12/overview
2026-04-16T19:40:09Z,1160,L. Sheyngezikht,,10,https://www.atptour.com/en/players/leonid-sheyngezikht/s0lf/overview
2026-04-16T19:40:09Z,1161,X. Chen,,10,https://www.atptour.com/en/players/xing-dao-chen/c0pk/overview
2026-04-16T19:40:09Z,1162,S. Fita Juan,,10,https://www.atptour.com/en/players/sergi-fita-juan/f0go/overview
2026-04-16T19:40:09Z,1163,D. Petak,,10,https://www.atptour.com/en/players/denis-petak/p0m4/overview
2026-04-16T19:40:09Z,1164T,M. Makhlouf,,10,https://www.atptour.com/en/players/mohamed-nazim-makhlouf/mn49/overview
2026-04-16T19:40:09Z,1164T,N. Ponwith,,10,https://www.atptour.com/en/players/nathan-ponwith/ph67/overview
2026-04-16T19:40:09Z,1166,F. Livet Novkirichka,,10,https://www.atptour.com/en/players/ferdinand-livet-novkirichka/l0lj/overview
2026-04-16T19:40:09Z,1167,N. Perfetti,,10,https://www.atptour.com/en/players/noah-perfetti/p0jk/overview
2026-04-16T19:40:09Z,1168,P. Brown,,10,https://www.atptour.com/en/players/preston-brown/b0g6/overview
2026-04-16T19:40:09Z,1169,L. Rivera,,10,https://www.atptour.com/en/players/leyton-rivera/r0ew/overview
2026-04-16T19:40:09Z,1170,G. Mager,,9,https://www.atptour.com/en/players/gianluca-mager/ml57/overview
2026-04-16T19:40:09Z,1171T,K. Mayo,,9,https://www.atptour.com/en/players/keenan-mayo/m0da/overview
2026-04-16T19:40:09Z,1171T,D. Pham,,9,https://www.atptour.com/en/players/derek-pham/p0kj/overview
2026-04-16T19:40:09Z,1173T,A. Meduri,,9,https://www.atptour.com/en/players/andrea-meduri/m0nx/overview
2026-04-16T19:40:09Z,1173T,M. Safwat,,9,https://www.atptour.com/en/players/mohamed-safwat/sk47/overview
2026-04-16T19:40:09Z,1175,A. Loncarevic,,9,https://www.atptour.com/en/players/andrej-loncarevic/l0kc/overview
2026-04-16T19:40:09Z,1176T,B. Arias,,9,https://www.atptour.com/en/players/boris-arias/aa49/overview
2026-04-16T19:40:09Z,1176T,R. Ramanathan,,9,https://www.atptour.com/en/players/ramkumar-ramanathan/rb56/overview
2026-04-16T19:40:09Z,1178T,A. Bernard,,9,https://www.atptour.com/en/players/alexander-bernard/b0i0/overview
2026-04-16T19:40:09Z,1178T,M. Sik,,9,https://www.atptour.com/en/players/mustafa-ege-sik/s1d0/overview
2026-04-16T19:40:09Z,1180,T. Batin,,9,https://www.atptour.com/en/players/tudor-batin/b0u1/overview
2026-04-16T19:40:09Z,1181,J. Alonso Jr,,9,https://www.atptour.com/en/players/julian-alonso-jr/a0k1/overview
2026-04-16T19:40:09Z,1182,G. Miguel,,9,https://www.atptour.com/en/players/guto-miguel/m0wy/overview
2026-04-16T19:40:09Z,1183T,A. Arzhankin,,9,https://www.atptour.com/en/players/anton-arzhankin/a0o2/overview
2026-04-16T19:40:09Z,1183T,T. Longwe-Smit,,9,https://www.atptour.com/en/players/thando-longwe-smit/l0co/overview
2026-04-16T19:40:09Z,1183T,L. Mcfadzean,,9,https://www.atptour.com/en/players/lachlan-james-mcfadzean/m0zk/overview
2026-04-16T19:40:09Z,1186,O. Kimhi,,9,https://www.atptour.com/en/players/orel-kimhi/k0ho/overview
2026-04-16T19:40:09Z,1187,D. Spiridon,,9,https://www.atptour.com/en/players/denis-spiridon/s0ub/overview
2026-04-16T19:40:09Z,1188,V. Lapalu,,9,https://www.atptour.com/en/players/valentin-lapalu/l0ev/overview
2026-04-16T19:40:09Z,1189,M. Thomson,,9,https://www.atptour.com/en/players/matthew-thomson/t0bh/overview
2026-04-16T19:40:09Z,1190,P. Jordan,,9,https://www.atptour.com/en/players/phillip-jordan/j0dk/overview
2026-04-16T19:40:09Z,1191,G. Lazarov,,9,https://www.atptour.com/en/players/george-lazarov/l0gl/overview
2026-04-16T19:40:09Z,1192,M. Alimli,,9,https://www.atptour.com/en/players/mikail-alimli/a0hk/overview
2026-04-16T19:40:09Z,1193,M. Molder,,9,https://www.atptour.com/en/players/markus-molder/m0w0/overview
2026-04-16T19:40:09Z,1194,A. Shanmugam,,9,https://www.atptour.com/en/players/abhinav-sanjeev-shanmugam/sy73/overview
2026-04-16T19:40:09Z,1195,J. Hrazdil,,9,https://www.atptour.com/en/players/jan-hrazdil/h0hx/overview
2026-04-16T19:40:09Z,1196,M. Kamrowski,,9,https://www.atptour.com/en/players/marcel-kamrowski/k0i7/overview
2026-04-16T19:40:09Z,1197,C. Bertimon,,9,https://www.atptour.com/en/players/charles-bertimon/b0c4/overview
2026-04-16T19:40:09Z,1198T,D. Eichenseher,,9,https://www.atptour.com/en/players/david-eichenseher/e0dx/overview
2026-04-16T19:40:09Z,1198T,V. Frydrych,,9,https://www.atptour.com/en/players/viktor-frydrych/f0i5/overview
2026-04-16T19:40:09Z,1200,A. Vishal Balsekar,,9,https://www.atptour.com/en/players/aditya-vishal-balsekar/v0gi/overview
2026-04-16T19:40:09Z,1201,I. Eqbal,,9,https://www.atptour.com/en/players/ishaque-eqbal/e0ab/overview
2026-04-16T19:40:09Z,1202T,E. Camargo Lima,,9,https://www.atptour.com/en/players/enzo-camargo-lima/c0ju/overview
2026-04-16T19:40:09Z,1202T,K. Yilmaz,,9,https://www.atptour.com/en/players/kerem-yilmaz/y0b7/overview
2026-04-16T19:40:09Z,1204,B. O'Connell,,9,https://www.atptour.com/en/players/benjamin-o'connell/o0a6/overview
2026-04-16T19:40:09Z,1205,N. Waldner,,9,https://www.atptour.com/en/players/niklas-waldner/w0br/overview
2026-04-16T19:40:09Z,1206,N. Toffanin,,9,https://www.atptour.com/en/players/nicolo-toffanin/t0hw/overview
2026-04-16T19:40:09Z,1207,B. Butulija,,9,https://www.atptour.com/en/players/boris-butulija/bv08/overview
2026-04-16T19:40:09Z,1208,T. Martin,,9,https://www.atptour.com/en/players/toby-martin/ml51/overview
2026-04-16T19:40:09Z,1209,T. Masabayashi,,9,https://www.atptour.com/en/players/tomohiro-masabayashi/mv39/overview
2026-04-16T19:40:09Z,1210,N. Thurner,,9,https://www.atptour.com/en/players/noah-thurner/t0dn/overview
2026-04-16T19:40:09Z,1211,D. Vale,,8,https://www.atptour.com/en/players/duarte-vale/va15/overview
2026-04-16T19:40:09Z,1212,N. Serdarusic,,8,https://www.atptour.com/en/players/nino-serdarusic/sp80/overview
2026-04-16T19:40:09Z,1213,T. Yuzuki,,8,https://www.atptour.com/en/players/takeru-yuzuki/y0ab/overview
2026-04-16T19:40:09Z,1214,O. Shimanov,,8,https://www.atptour.com/en/players/ofek-shimanov/s0v8/overview
2026-04-16T19:40:09Z,1215,G. Brouwer,,8,https://www.atptour.com/en/players/gijs-brouwer/bo10/overview
2026-04-16T19:40:09Z,1216,S. Prechtel,,8,https://www.atptour.com/en/players/sebastian-prechtel/pl38/overview
2026-04-16T19:40:09Z,1217,L. Lagarrigue,,8,https://www.atptour.com/en/players/leo-lagarrigue/l0l7/overview
2026-04-16T19:40:09Z,1218,S. Seifert,,8,https://www.atptour.com/en/players/stefan-seifert/sg13/overview
2026-04-16T19:40:09Z,1219,S. Beaupain,,8,https://www.atptour.com/en/players/simon-beaupain/b0c3/overview
2026-04-16T19:40:09Z,1220,J. Lee,,8,https://www.atptour.com/en/players/jea-moon-lee/lb78/overview
2026-04-16T19:40:09Z,1221,T. Silva,,8,https://www.atptour.com/en/players/tiago-silva/s0to/overview
2026-04-16T19:40:09Z,1222,K. Hance,,8,https://www.atptour.com/en/players/keaton-hance/h0m1/overview
2026-04-16T19:40:09Z,1223,A. Rathi,,8,https://www.atptour.com/en/players/arjun-rathi/r0mv/overview
2026-04-16T19:40:09Z,1224,A. Timini,,8,https://www.atptour.com/en/players/andreas-timini/t0i0/overview
2026-04-16T19:40:09Z,1225,J. Loutit,,8,https://www.atptour.com/en/players/jack-loutit/l0ip/overview
2026-04-16T19:40:09Z,1226,N. Guttau,,8,https://www.atptour.com/en/players/niklas-guttau/g0ci/overview
2026-04-16T19:40:09Z,1227,F. Van Sambeek,,8,https://www.atptour.com/en/players/fons-van-sambeek/v0em/overview
2026-04-16T19:40:09Z,1228,H. Hoeyeraal,,8,https://www.atptour.com/en/players/herman-hoeyeraal/h0dw/overview
2026-04-16T19:40:09Z,1229,T. Baragiola Mordini,,8,https://www.atptour.com/en/players/tobia-costanzo-baragiola-mordini/b0wx/overview
2026-04-16T19:40:09Z,1230,K. Nishiwaki,,8,https://www.atptour.com/en/players/kazuki-nishiwaki/n934/overview
2026-04-16T19:40:09Z,1231,T. Takamisawa,,8,https://www.atptour.com/en/players/taketo-takamisawa/t0ba/overview
2026-04-16T19:40:09Z,1232,I. Becerra Otarola,,8,https://www.atptour.com/en/players/ignacio-antonio-becerra-otarola/b0ez/overview
2026-04-16T19:40:09Z,1233T,T. Braithwaite,,8,https://www.atptour.com/en/players/thomas-braithwaite/b0jn/overview
2026-04-16T19:40:09Z,1233T,L. Comino,,8,https://www.atptour.com/en/players/lorenzo-comino/c0rx/overview
2026-04-16T19:40:09Z,1235,L. Krall,,8,https://www.atptour.com/en/players/liam-krall/k0ir/overview
2026-04-16T19:40:09Z,1236T,L. Branger,,8,https://www.atptour.com/en/players/liam-branger/b0m0/overview
2026-04-16T19:40:09Z,1236T,T. Trufelli,,8,https://www.atptour.com/en/players/timeo-trufelli/t0jj/overview
2026-04-16T19:40:09Z,1236T,E. Villoslada,,8,https://www.atptour.com/en/players/edouard-villoslada/v0eq/overview
2026-04-16T19:40:09Z,1239,G. Crisostomo,,8,https://www.atptour.com/en/players/giacomo-crisostomo/c0mo/overview
2026-04-16T19:40:09Z,1240T,M. Rivet,,8,https://www.atptour.com/en/players/maxence-rivet/r0ib/overview
2026-04-16T19:40:09Z,1240T,G. Schenekenberg,,8,https://www.atptour.com/en/players/gabriel-schenekenberg/s0vd/overview
2026-04-16T19:40:09Z,1242,C. Gannon,,8,https://www.atptour.com/en/players/conor-gannon/g0g4/overview
2026-04-16T19:40:09Z,1243,A. Colombo,,8,https://www.atptour.com/en/players/andrea-colombo/c0pg/overview
2026-04-16T19:40:09Z,1244,C. Djonov,,8,https://www.atptour.com/en/players/christian-djonov/d0ka/overview
2026-04-16T19:40:09Z,1245T,M. Anavatan,,8,https://www.atptour.com/en/players/melih-anavatan/a0lv/overview
2026-04-16T19:40:09Z,1245T,C. Duhan,,8,https://www.atptour.com/en/players/chirag-duhan/d0hi/overview
2026-04-16T19:40:09Z,1247,Y. Jin,,8,https://www.atptour.com/en/players/yuquan-jin/j0ak/overview
2026-04-16T19:40:09Z,1248,I. Gretskiy,,8,https://www.atptour.com/en/players/ivan-gretskiy/g0o5/overview
2026-04-16T19:40:09Z,1249,Y. Inui,,8,https://www.atptour.com/en/players/yuichiro-inui/i416/overview
2026-04-16T19:40:09Z,1250,D. Marques,,8,https://www.atptour.com/en/players/diogo-marques/m0b9/overview
2026-04-16T19:40:09Z,1251,T. Konduri,,7,https://www.atptour.com/en/players/tanishk-konduri/k0qm/overview
2026-04-16T19:40:09Z,1252,C. Harper,,7,https://www.atptour.com/en/players/cleeve-harper/h0d9/overview
2026-04-16T19:40:09Z,1253,C. Lestienne,,7,https://www.atptour.com/en/players/constant-lestienne/lb66/overview
2026-04-16T19:40:09Z,1254,N. Ratiu,,7,https://www.atptour.com/en/players/niels-ratiu/r0lr/overview
2026-04-16T19:40:09Z,1255,A. Chang,,7,https://www.atptour.com/en/players/alex-chang/c0q6/overview
2026-04-16T19:40:09Z,1256,S. Kielan,,7,https://www.atptour.com/en/players/szymon-kielan/k0hb/overview
2026-04-16T19:40:09Z,1257,N. Vukadin,,7,https://www.atptour.com/en/players/noa-vukadin/v0es/overview
2026-04-16T19:40:09Z,1258,P. Stearns,,7,https://www.atptour.com/en/players/preston-stearns/s0tt/overview
2026-04-16T19:40:09Z,1259,V. Markov,,7,https://www.atptour.com/en/players/viktor-markov/m0rf/overview
2026-04-16T19:40:09Z,1260,N. Godsick,,7,https://www.atptour.com/en/players/nicholas-godsick/g0jc/overview
2026-04-16T19:40:09Z,1261T,D. King,,7,https://www.atptour.com/en/players/darian-king/kc86/overview
2026-04-16T19:40:09Z,1261T,F. Nidunjianzan,,7,https://www.atptour.com/en/players/fnu-nidunjianzan/n0dy/overview
2026-04-16T19:40:09Z,1263T,L. Dussin,,7,https://www.atptour.com/en/players/louis-dussin/d09l/overview
2026-04-16T19:40:09Z,1263T,L. Gavrielides,,7,https://www.atptour.com/en/players/liam-gavrielides/g0gz/overview
2026-04-16T19:40:09Z,1265,M. Kumar,,7,https://www.atptour.com/en/players/melvin-kumar/k0n5/overview
2026-04-16T19:40:09Z,1266,O. Paldanius,,7,https://www.atptour.com/en/players/oskari-paldanius/p0n6/overview
2026-04-16T19:40:09Z,1267,B. Munk Mesa,,7,https://www.atptour.com/en/players/bernardo-munk-mesa/m0pf/overview
2026-04-16T19:40:09Z,1268,J. Lien,,7,https://www.atptour.com/en/players/johan-oscar-lien/l0mu/overview
2026-04-16T19:40:09Z,1269,J. Hartenstein,,7,https://www.atptour.com/en/players/jonas-pelle-hartenstein/h0i0/overview
2026-04-16T19:40:09Z,1270T,P. Munkhammar,,7,https://www.atptour.com/en/players/patrik-munkhammar/m0x3/overview
2026-04-16T19:40:09Z,1270T,G. Ravasio,,7,https://www.atptour.com/en/players/gilberto-ravasio/r0lx/overview
2026-04-16T19:40:09Z,1272T,E. Carrascosa Diaz,,7,https://www.atptour.com/en/players/enrique-carrascosa-diaz/c0sl/overview
2026-04-16T19:40:09Z,1272T,J. Roberts,,7,https://www.atptour.com/en/players/justin-roberts/rh17/overview
2026-04-16T19:40:09Z,1274,L. Borrelli,,7,https://www.atptour.com/en/players/leonardo-borrelli/b0m8/overview
2026-04-16T19:40:09Z,1275T,D. Bagnolini,,7,https://www.atptour.com/en/players/daniel-bagnolini/b0ha/overview
2026-04-16T19:40:09Z,1275T,K. Cekirge,,7,https://www.atptour.com/en/players/kuzey-cekirge/c0b9/overview
2026-04-16T19:40:09Z,1275T,V. Tadic,,7,https://www.atptour.com/en/players/vladan-tadic/t0e2/overview
2026-04-16T19:40:09Z,1278T,V. Vardhan,,7,https://www.atptour.com/en/players/vishnu-vardhan/v505/overview
2026-04-16T19:40:09Z,1278T,A. Wagner,,7,https://www.atptour.com/en/players/alexander-wagner/w0f2/overview
2026-04-16T19:40:09Z,1280,X. Yang,,7,https://www.atptour.com/en/players/xiaoyin-yang/y0bg/overview
2026-04-16T19:40:09Z,1281,A. Fabre,,7,https://www.atptour.com/en/players/antoni-fabre/f0gf/overview
2026-04-16T19:40:09Z,1282,I. Denisov,,7,https://www.atptour.com/en/players/ivan-denisov/d09v/overview
2026-04-16T19:40:09Z,1283,A. Setkic,,7,https://www.atptour.com/en/players/aldin-setkic/sf41/overview
2026-04-16T19:40:09Z,1284,N. Basic,,7,https://www.atptour.com/en/players/nikola-basic/b0hd/overview
2026-04-16T19:40:09Z,1285,O. Grzegorzewski,,7,https://www.atptour.com/en/players/oskar-grzegorzewski/g0mb/overview
2026-04-16T19:40:09Z,1286T,A. Salazar,,7,https://www.atptour.com/en/players/amador-salazar/s0ky/overview
2026-04-16T19:40:09Z,1286T,M. Vetrih,,7,https://www.atptour.com/en/players/miha-vetrih/v0gb/overview
2026-04-16T19:40:09Z,1288T,A. Basile,,7,https://www.atptour.com/en/players/alessio-basile/b0qb/overview
2026-04-16T19:40:09Z,1288T,A. Gil Garcia,,7,https://www.atptour.com/en/players/aaron-gil-garcia/g0m3/overview
2026-04-16T19:40:09Z,1290,R. Falck,,7,https://www.atptour.com/en/players/reece-falck/f0e0/overview
2026-04-16T19:40:09Z,1291,L. Tessa,,7,https://www.atptour.com/en/players/louis-tessa/tg42/overview
2026-04-16T19:40:09Z,1292,A. Wazny,,7,https://www.atptour.com/en/players/alan-wazny/w0f8/overview
2026-04-16T19:40:09Z,1293,R. Hohmann,,7,https://www.atptour.com/en/players/ronald-hohmann/h0cu/overview
2026-04-16T19:40:09Z,1294,F. De Dios,,7,https://www.atptour.com/en/players/felipe-de-dios/d0k4/overview
2026-04-16T19:40:09Z,1295,D. Uta,,7,https://www.atptour.com/en/players/daniel-uta/u0ac/overview
2026-04-16T19:40:09Z,1296,J. Peck,,7,https://www.atptour.com/en/players/joshua-peck/pm28/overview
2026-04-16T19:40:09Z,1297T,A. Berger,,7,https://www.atptour.com/en/players/antoine-berger/b0h9/overview
2026-04-16T19:40:09Z,1297T,A. Horoz,,7,https://www.atptour.com/en/players/alp-horoz/hb18/overview
2026-04-16T19:40:09Z,1297T,L. Pinto,,7,https://www.atptour.com/en/players/lucca-pinto/p0iu/overview
2026-04-16T19:40:09Z,1300T,C. Crowther,,7,https://www.atptour.com/en/players/corban-crowther/c0i5/overview
2026-04-16T19:40:09Z,1300T,N. Jovic,,7,https://www.atptour.com/en/players/nikola-jovic/j0ed/overview
2026-04-16T19:40:09Z,1302T,V. Konovchuk,,7,https://www.atptour.com/en/players/vadym-konovchuk/k0jm/overview
2026-04-16T19:40:09Z,1302T,F. Mazzola,,7,https://www.atptour.com/en/players/filippo-mazzola/m0uq/overview
2026-04-16T19:40:09Z,1304,C. Chen,,7,https://www.atptour.com/en/players/charles-chen/c0q4/overview
2026-04-16T19:40:09Z,1305,S. Seghetti,,7,https://www.atptour.com/en/players/samuele-seghetti/s0vz/overview
2026-04-16T19:40:09Z,1306,R. Murali,,6,https://www.atptour.com/en/players/rohan-murali/m0or/overview
2026-04-16T19:40:09Z,1307,S. Goity Zapico,,6,https://www.atptour.com/en/players/segundo-goity-zapico/g0l1/overview
2026-04-16T19:40:09Z,1308T,M. Dahlin,,6,https://www.atptour.com/en/players/max-dahlin/d0i5/overview
2026-04-16T19:40:09Z,1308T,F. Zeballos,,6,https://www.atptour.com/en/players/federico-zeballos/z239/overview
2026-04-16T19:40:09Z,1310,M. Benchakroun,,6,https://www.atptour.com/en/players/mehdi-benchakroun/b0m1/overview
2026-04-16T19:40:09Z,1311T,A. Kalyanpur,,6,https://www.atptour.com/en/players/adil-kalyanpur/k0ab/overview
2026-04-16T19:40:09Z,1311T,R. Storrie,,6,https://www.atptour.com/en/players/ryan-james-storrie/sy31/overview
2026-04-16T19:40:09Z,1313,K. Tyagi,,6,https://www.atptour.com/en/players/kriish-tyagi/t0il/overview
2026-04-16T19:40:09Z,1314T,F. Gustafsson,,6,https://www.atptour.com/en/players/filip-gustafsson/g0m2/overview
2026-04-16T19:40:09Z,1314T,N. Johnston,,6,https://www.atptour.com/en/players/noah-johnston/j0fk/overview
2026-04-16T19:40:09Z,1314T,I. Vasa,,6,https://www.atptour.com/en/players/iiro-vasa/v0dq/overview
2026-04-16T19:40:09Z,1317,R. Fernandes,,6,https://www.atptour.com/en/players/rodrigo-fernandes/f0hb/overview
2026-04-16T19:40:09Z,1318,M. Whitehouse,,6,https://www.atptour.com/en/players/mark-whitehouse/w716/overview
2026-04-16T19:40:09Z,1319,M. Novansky,,6,https://www.atptour.com/en/players/michal-novansky/m0mu/overview
2026-04-16T19:40:09Z,1320,K. Montsi,,6,https://www.atptour.com/en/players/khololwam-montsi/m0fn/overview
2026-04-16T19:40:09Z,1321T,Y. Alexandrescou,,6,https://www.atptour.com/en/players/yannick-theodor-alexandrescou/a0m2/overview
2026-04-16T19:40:09Z,1321T,M. Barreiros Reyes,,6,https://www.atptour.com/en/players/mateo-barreiros-reyes/b0e4/overview
2026-04-16T19:40:09Z,1321T,M. Mesarovic,,6,https://www.atptour.com/en/players/marko-mesarovic/m0t3/overview
2026-04-16T19:40:09Z,1324,G. Goode,,6,https://www.atptour.com/en/players/gavin-goode/g0pp/overview
2026-04-16T19:40:09Z,1325T,H. Huens,,6,https://www.atptour.com/en/players/harold-huens/h0hr/overview
2026-04-16T19:40:09Z,1325T,N. Novakovic,,6,https://www.atptour.com/en/players/novak-novakovic/n0dh/overview
2026-04-16T19:40:09Z,1327,J. Connel,,6,https://www.atptour.com/en/players/james-connel/c0pc/overview
2026-04-16T19:40:09Z,1328,R. Dugardin,,6,https://www.atptour.com/en/players/remy-dugardin/d0or/overview
2026-04-16T19:40:09Z,1329,G. Klier Junior,,6,https://www.atptour.com/en/players/gilbert-klier-junior/k0cz/overview
2026-04-16T19:40:09Z,1330,T. Herrmann,,6,https://www.atptour.com/en/players/theo-herrmann/h0if/overview
2026-04-16T19:40:09Z,1331,J. Lee,,6,https://www.atptour.com/en/players/junhyeon-lee/l0e5/overview
2026-04-16T19:40:09Z,1332,R. Jauregui Sainz de Rozas,,6,https://www.atptour.com/en/players/rodolfo-jauregui-sainz-de-rozas/j417/overview
2026-04-16T19:40:09Z,1333,A. Bonnaud,,6,https://www.atptour.com/en/players/arthur-bonnaud/b0ls/overview
2026-04-16T19:40:09Z,1334T,M. Castañeda,,6,https://www.atptour.com/en/players/mateo-castañeda/c0lg/overview
2026-04-16T19:40:09Z,1334T,J. Kucera,,6,https://www.atptour.com/en/players/jonas-kucera/k0k5/overview
2026-04-16T19:40:09Z,1334T,G. Sekachov,,6,https://www.atptour.com/en/players/glib-sekachov/s1c1/overview
2026-04-16T19:40:09Z,1337T,L. Liu,,6,https://www.atptour.com/en/players/lucca-liu/l0m6/overview
2026-04-16T19:40:09Z,1337T,G. Voelzke,,6,https://www.atptour.com/en/players/gray-voelzke/v0gl/overview
2026-04-16T19:40:09Z,1339,K. Hans,,6,https://www.atptour.com/en/players/kabir-hans/h0cp/overview
2026-04-16T19:40:09Z,1340,P. Trochu,,6,https://www.atptour.com/en/players/pablo-trochu/t0hs/overview
2026-04-16T19:40:09Z,1341,J. Klimas,,6,https://www.atptour.com/en/players/jan-klimas/k0o5/overview
2026-04-16T19:40:09Z,1342,S. Cocola,,6,https://www.atptour.com/en/players/sebastiano-cocola/c0s4/overview
2026-04-16T19:40:09Z,1343,Y. Chen,,6,https://www.atptour.com/en/players/yan-cheng-chen/c0pw/overview
2026-04-16T19:40:09Z,1344,D. Bessonov,,6,https://www.atptour.com/en/players/dmitry-bessonov/b0x7/overview
2026-04-16T19:40:09Z,1345T,F. Alberti,,6,https://www.atptour.com/en/players/filippo-alberti/a0lw/overview
2026-04-16T19:40:09Z,1345T,N. Lopez Cherubino,,6,https://www.atptour.com/en/players/noah-lopez-cherubino/l0ju/overview
2026-04-16T19:40:09Z,1347,R. Michalik,,6,https://www.atptour.com/en/players/radovan-michalik/m0n2/overview
2026-04-16T19:40:09Z,1348,T. Stice,,6,https://www.atptour.com/en/players/tyler-stice/s0ik/overview
2026-04-16T19:40:09Z,1349,K. Knitter,,6,https://www.atptour.com/en/players/kacper-knitter/k0nu/overview
2026-04-16T19:40:09Z,1350T,L. Cattaneo,,6,https://www.atptour.com/en/players/leonardo-cattaneo/c0r1/overview
2026-04-16T19:40:09Z,1350T,J. Kupcic,,6,https://www.atptour.com/en/players/jan-kupcic/k0fw/overview
2026-04-16T19:40:09Z,1350T,L. Marionneau,,6,https://www.atptour.com/en/players/lucas-marionneau/m0wz/overview
2026-04-16T19:40:09Z,1353,J. Beaven,,6,https://www.atptour.com/en/players/james-beaven/b0rd/overview
2026-04-16T19:40:09Z,1354,F. Meng,,6,https://www.atptour.com/en/players/fanming-meng/m19y/overview
2026-04-16T19:40:09Z,1355T,L. Hooper,,6,https://www.atptour.com/en/players/luke-hooper/h0l8/overview
2026-04-16T19:40:09Z,1355T,B. Perez,,6,https://www.atptour.com/en/players/brandon-perez/p0d4/overview
2026-04-16T19:40:09Z,1357T,N. Robert,,6,https://www.atptour.com/en/players/nicolas-robert/r0i9/overview
2026-04-16T19:40:09Z,1357T,M. Vasiliauskas,,6,https://www.atptour.com/en/players/matas-vasiliauskas/v0et/overview
2026-04-16T19:40:09Z,1359,I. Kountourakis,,6,https://www.atptour.com/en/players/ioannis-kountourakis/k0he/overview
2026-04-16T19:40:09Z,1360,J. Schifris,,6,https://www.atptour.com/en/players/jeremy-schifris/s0kh/overview
2026-04-16T19:40:09Z,1361T,A. Aleshchev,,6,https://www.atptour.com/en/players/alexey-aleshchev/a0av/overview
2026-04-16T19:40:09Z,1361T,Y. Smiej,,6,https://www.atptour.com/en/players/yassine-smiej/s0jk/overview
2026-04-16T19:40:09Z,1363T,E. Benchetrit,,5,https://www.atptour.com/en/players/elliot-benchetrit/bt68/overview
2026-04-16T19:40:09Z,1363T,S. Lora,,5,https://www.atptour.com/en/players/santiago-lora/l0gx/overview
2026-04-16T19:40:09Z,1365T,J. Hopper,,5,https://www.atptour.com/en/players/james-hopper/h0f1/overview
2026-04-16T19:40:09Z,1365T,J. Jin,,5,https://www.atptour.com/en/players/jeremy-jin/j0d4/overview
2026-04-16T19:40:09Z,1365T,J. Weekes,,5,https://www.atptour.com/en/players/jaden-weekes/w0dp/overview
2026-04-16T19:40:09Z,1368,B. Mott,,5,https://www.atptour.com/en/players/blake-mott/mm79/overview
2026-04-16T19:40:09Z,1369T,L. Koenig,,5,https://www.atptour.com/en/players/luc-koenig/k0ge/overview
2026-04-16T19:40:09Z,1369T,T. Loof,,5,https://www.atptour.com/en/players/thijmen-loof/l0fv/overview
2026-04-16T19:40:09Z,1371T,E. cherie Ligniere,,5,https://www.atptour.com/en/players/edoardo-cherie-ligniere/c0mt/overview
2026-04-16T19:40:09Z,1371T,J. Zhang,,5,https://www.atptour.com/en/players/jeremy-zhang/z0cn/overview
2026-04-16T19:40:09Z,1373T,A. Frusina,,5,https://www.atptour.com/en/players/alexander-frusina/f0g5/overview
2026-04-16T19:40:09Z,1373T,A. Harazaki,,5,https://www.atptour.com/en/players/asahi-harazaki/h0i9/overview
2026-04-16T19:40:09Z,1373T,P. Juszczak,,5,https://www.atptour.com/en/players/pawel-juszczak/cf60/overview
2026-04-16T19:40:09Z,1376T,S. Latinovic,,5,https://www.atptour.com/en/players/stefan-latinovic/l0c6/overview
2026-04-16T19:40:09Z,1376T,S. Tange,,5,https://www.atptour.com/en/players/saki-tange/t0ja/overview
2026-04-16T19:40:09Z,1378T,G. Georgiev,,5,https://www.atptour.com/en/players/georgi-georgiev/g0of/overview
2026-04-16T19:40:09Z,1378T,A. Vasquez,,5,https://www.atptour.com/en/players/alessio-vasquez/v0ev/overview
2026-04-16T19:40:09Z,1380T,J. Choe,,5,https://www.atptour.com/en/players/jaesung-choe/c0nl/overview
2026-04-16T19:40:09Z,1380T,F. Rengifo,,5,https://www.atptour.com/en/players/frazier-rengifo/rh73/overview
2026-04-16T19:40:09Z,1382T,W. Jansen,,5,https://www.atptour.com/en/players/william-jansen/j0ct/overview
2026-04-16T19:40:09Z,1382T,A. Milushev,,5,https://www.atptour.com/en/players/amir-milushev/m0u1/overview
2026-04-16T19:40:09Z,1384T,C. Cosnet,,5,https://www.atptour.com/en/players/charlelie-cosnet/c0ll/overview
2026-04-16T19:40:09Z,1384T,S. Haita,,5,https://www.atptour.com/en/players/stefan-horia-haita/h0l4/overview
2026-04-16T19:40:09Z,1384T,N. Lopez,,5,https://www.atptour.com/en/players/noah-lopez/l0g1/overview
2026-04-16T19:40:09Z,1384T,D. Salvestre,,5,https://www.atptour.com/en/players/damien-salvestre/s0f4/overview
2026-04-16T19:40:09Z,1388,Y. Ibraimi,,5,https://www.atptour.com/en/players/ymerali-ibraimi/i0cd/overview
2026-04-16T19:40:09Z,1389,S. Cooper,,5,https://www.atptour.com/en/players/stefan-cooper/c0np/overview
2026-04-16T19:40:09Z,1390,A. Gurmendi,,5,https://www.atptour.com/en/players/alexis-gurmendi/g0c4/overview
2026-04-16T19:40:09Z,1391,L. Teunissen,,5,https://www.atptour.com/en/players/laurence-teunissen/t0l3/overview
2026-04-16T19:40:09Z,1392,A. Belkovics,,5,https://www.atptour.com/en/players/achilles-belkovics/b0vq/overview
2026-04-16T19:40:09Z,1393T,D. Beckles,,5,https://www.atptour.com/en/players/dillon-beckles/b0x2/overview
2026-04-16T19:40:09Z,1393T,Y. Charoenphon,,5,https://www.atptour.com/en/players/yuttana-charoenphon/c0e6/overview
2026-04-16T19:40:09Z,1393T,P. Pohjola,,5,https://www.atptour.com/en/players/peetu-pohjola/p0id/overview
2026-04-16T19:40:09Z,1396,B. Chan,,5,https://www.atptour.com/en/players/bill-chan/c0ry/overview
2026-04-16T19:40:09Z,1397T,U. Ignatik,,5,https://www.atptour.com/en/players/uladzimir-ignatik/i236/overview
2026-04-16T19:40:09Z,1397T,D. Jarry Fillol,,5,https://www.atptour.com/en/players/diego-jarry-fillol/j0el/overview
2026-04-16T19:40:09Z,1397T,S. Vishwakarma,,5,https://www.atptour.com/en/players/siddharth-vishwakarma/va48/overview
2026-04-16T19:40:09Z,1400,P. Faut,,5,https://www.atptour.com/en/players/pierre-antoine-faut/f0j3/overview
2026-04-16T19:40:09Z,1401T,J. Jans,,5,https://www.atptour.com/en/players/jarno-jans/j0c2/overview
2026-04-16T19:40:09Z,1401T,F. Thomas,,5,https://www.atptour.com/en/players/flynn-thomas/t0j4/overview
2026-04-16T19:40:09Z,1403,H. Maia,,5,https://www.atptour.com/en/players/hugo-maia/m0cj/overview
2026-04-16T19:40:09Z,1404,V. Manukyan,,5,https://www.atptour.com/en/players/vardan-manukyan/m0tn/overview
2026-04-16T19:40:09Z,1405,A. Bronzetti,,5,https://www.atptour.com/en/players/alberto-bronzetti/b0g9/overview
2026-04-16T19:40:09Z,1406,I. Chirita,,5,https://www.atptour.com/en/players/ioan-alexandru-chirita/c0jr/overview
2026-04-16T19:40:09Z,1407,M. Visser,,5,https://www.atptour.com/en/players/mac-visser/v0j6/overview
2026-04-16T19:40:09Z,1408,V. Grippo,,5,https://www.atptour.com/en/players/valentino-grippo/g0nc/overview
2026-04-16T19:40:09Z,1409T,D. Khazime,,5,https://www.atptour.com/en/players/daniel-khazime/k0m7/overview
2026-04-16T19:40:09Z,1409T,R. Takahata,,5,https://www.atptour.com/en/players/riku-takahata/t0gs/overview
2026-04-16T19:40:09Z,1409T,G. Volpi,,5,https://www.atptour.com/en/players/gabriele-volpi/v0cx/overview
2026-04-16T19:40:09Z,1409T,E. Werner,,5,https://www.atptour.com/en/players/elias-julian-werner/w0d9/overview
2026-04-16T19:40:09Z,1413T,T. Avcibasi,,5,https://www.atptour.com/en/players/toprak-avcibasi/a0ip/overview
2026-04-16T19:40:09Z,1413T,L. Beraldo,,5,https://www.atptour.com/en/players/lorenzo-beraldo/b0qk/overview
2026-04-16T19:40:09Z,1415,A. Bellegy,,5,https://www.atptour.com/en/players/arthur-bellegy/b0vy/overview
2026-04-16T19:40:09Z,1416T,V. Radjenovic,,5,https://www.atptour.com/en/players/vuk-radjenovic/r0io/overview
2026-04-16T19:40:09Z,1416T,A. Voljavec,,5,https://www.atptour.com/en/players/antonio-voljavec/v0h8/overview
2026-04-16T19:40:09Z,1418,V. Braga,,5,https://www.atptour.com/en/players/victor-braga/b0na/overview
2026-04-16T19:40:09Z,1419,R. Antoni,,5,https://www.atptour.com/en/players/richard-antoni/a0nu/overview
2026-04-16T19:40:09Z,1420T,F. Bidan,,5,https://www.atptour.com/en/players/fadi-bidan/b0u0/overview
2026-04-16T19:40:09Z,1420T,H. Koyama,,5,https://www.atptour.com/en/players/hiromasa-koyama/k0ng/overview
2026-04-16T19:40:09Z,1420T,J. Leather,,5,https://www.atptour.com/en/players/joe-leather/l0kl/overview
2026-04-16T19:40:09Z,1420T,P. Vaitiekunas,,5,https://www.atptour.com/en/players/pijus-vaitiekunas/v0fd/overview
2026-04-16T19:40:09Z,1424,C. Papa,,5,https://www.atptour.com/en/players/christopher-papa/p0f0/overview
2026-04-16T19:40:09Z,1425,A. Battiston,,5,https://www.atptour.com/en/players/alessandro-battiston/b0tf/overview
2026-04-16T19:40:09Z,1426,L. Talan Lopatic,,5,https://www.atptour.com/en/players/luka-talan-lopatic/t0jm/overview
2026-04-16T19:40:09Z,1427T,J. Bruce-Smith,,5,https://www.atptour.com/en/players/jack-bruce-smith/b0v4/overview
2026-04-16T19:40:09Z,1427T,G. Crivellaro,,5,https://www.atptour.com/en/players/gabriele-crivellaro/c0n6/overview
2026-04-16T19:40:09Z,1429T,A. Bojarski,,5,https://www.atptour.com/en/players/alan-bojarski/b0jf/overview
2026-04-16T19:40:09Z,1429T,A. Casanova,,5,https://www.atptour.com/en/players/andrin-casanova/c0kn/overview
2026-04-16T19:40:09Z,1429T,M. Fondriest,,5,https://www.atptour.com/en/players/matteo-fondriest/f0gu/overview
2026-04-16T19:40:09Z,1432T,A. Funk,,5,https://www.atptour.com/en/players/aaron-funk/f0hu/overview
2026-04-16T19:40:09Z,1432T,T. Host,,5,https://www.atptour.com/en/players/ty-host/h0li/overview
2026-04-16T19:40:09Z,1432T,L. Van Herck,,5,https://www.atptour.com/en/players/louis-van-herck/v0as/overview
2026-04-16T19:40:09Z,1435T,M. Gloeckler,,5,https://www.atptour.com/en/players/michael-gloeckler/g0ei/overview
2026-04-16T19:40:09Z,1435T,J. Mridha,,5,https://www.atptour.com/en/players/jonathan-mridha/mm78/overview
2026-04-16T19:40:09Z,1437T,A. Bacaloni,,5,https://www.atptour.com/en/players/andrea-bacaloni/b0q9/overview
2026-04-16T19:40:09Z,1437T,N. Ianin,,5,https://www.atptour.com/en/players/nikita-ianin/i0b1/overview
2026-04-16T19:40:09Z,1439,R. Kharlamov,,5,https://www.atptour.com/en/players/roman-kharlamov/k0ob/overview
2026-04-16T19:40:09Z,1440,J. Graca,,5,https://www.atptour.com/en/players/joao-graca/gk07/overview
2026-04-16T19:40:09Z,1441T,G. Iradukunda,,4,https://www.atptour.com/en/players/guy-orly-iradukunda/i327/overview
2026-04-16T19:40:09Z,1441T,A. Lofman,,4,https://www.atptour.com/en/players/aleksi-lofman/l0dg/overview
2026-04-16T19:40:09Z,1441T,M. Murtaza,,4,https://www.atptour.com/en/players/muzammil-murtaza/m0fs/overview
2026-04-16T19:40:09Z,1441T,A. Nasridinov,,4,https://www.atptour.com/en/players/amirkhamza-nasridinov/n0fb/overview
2026-04-16T19:40:09Z,1441T,K. Uesugi,,4,https://www.atptour.com/en/players/kaito-uesugi/u174/overview
2026-04-16T19:40:09Z,1441T,T. Winegar,,4,https://www.atptour.com/en/players/theodore-winegar/w0er/overview
2026-04-16T19:40:09Z,1447,D. Tortora,,4,https://www.atptour.com/en/players/davide-tortora/t0cy/overview
2026-04-16T19:40:09Z,1448,H. Car,,4,https://www.atptour.com/en/players/hugo-car/c0ri/overview
2026-04-16T19:40:09Z,1449,D. Cukierman,,4,https://www.atptour.com/en/players/daniel-cukierman/cl82/overview
2026-04-16T19:40:09Z,1450T,H. Coquelin,,4,https://www.atptour.com/en/players/hugo-coquelin/c0rc/overview
2026-04-16T19:40:09Z,1450T,S. Eriksson,,4,https://www.atptour.com/en/players/sebastian-eriksson/e0ci/overview
2026-04-16T19:40:09Z,1450T,A. Visaya,,4,https://www.atptour.com/en/players/azuma-visaya/v0fk/overview
2026-04-16T19:40:09Z,1453T,C. Craig,,4,https://www.atptour.com/en/players/corey-craig/c0r0/overview
2026-04-16T19:40:09Z,1453T,G. Tunas,,4,https://www.atptour.com/en/players/guillermo-tunas/d0m9/overview
2026-04-16T19:40:09Z,1455,M. Cressy,,4,https://www.atptour.com/en/players/maxime-cressy/c0bc/overview
2026-04-16T19:40:09Z,1456T,C. Cruz,,4,https://www.atptour.com/en/players/cesar-cruz/c0nu/overview
2026-04-16T19:40:09Z,1456T,B. Nakashima,,4,https://www.atptour.com/en/players/bryce-nakashima/n0dr/overview
2026-04-16T19:40:09Z,1458T,P. Barbier Gazeu,,4,https://www.atptour.com/en/players/paul-barbier-gazeu/b0py/overview
2026-04-16T19:40:09Z,1458T,S. Katayama,,4,https://www.atptour.com/en/players/sho-katayama/k907/overview
2026-04-16T19:40:09Z,1458T,T. Legout,,4,https://www.atptour.com/en/players/timo-legout/l0er/overview
2026-04-16T19:40:09Z,1461T,S. Baum,,4,https://www.atptour.com/en/players/stepan-baum/b0mf/overview
2026-04-16T19:40:09Z,1461T,K. Pannu,,4,https://www.atptour.com/en/players/kiranpal-pannu/p0ed/overview
2026-04-16T19:40:09Z,1463,M. Kudernatsch,,4,https://www.atptour.com/en/players/moritz-kudernatsch/k0iv/overview
2026-04-16T19:40:09Z,1464T,W. Ahouda,,4,https://www.atptour.com/en/players/walid-ahouda/a0ey/overview
2026-04-16T19:40:09Z,1464T,A. Chekhov,,4,https://www.atptour.com/en/players/anton-chekhov/cc79/overview
2026-04-16T19:40:09Z,1464T,C. Congcar,,4,https://www.atptour.com/en/players/congsup-congcar/cm88/overview
2026-04-16T19:40:09Z,1467,V. Leote Prata,,4,https://www.atptour.com/en/players/vasco-leote-prata/l0fz/overview
2026-04-16T19:40:09Z,1468T,D. Donders,,4,https://www.atptour.com/en/players/dax-donders/d0c2/overview
2026-04-16T19:40:09Z,1468T,A. Lim,,4,https://www.atptour.com/en/players/alberto-lim/l0a0/overview
2026-04-16T19:40:09Z,1470T,N. Chappell,,4,https://www.atptour.com/en/players/nick-chappell/cf10/overview
2026-04-16T19:40:09Z,1470T,P. Kumar,,4,https://www.atptour.com/en/players/pranav-kumar/k0js/overview
2026-04-16T19:40:09Z,1470T,O. Moraing,,4,https://www.atptour.com/en/players/oscar-moraing/m0es/overview
2026-04-16T19:40:09Z,1470T,N. Rispoli,,4,https://www.atptour.com/en/players/nicola-rispoli/r0b3/overview
2026-04-16T19:40:09Z,1470T,K. Zhzhenov,,4,https://www.atptour.com/en/players/konstantin-zhzhenov/z0bu/overview
2026-04-16T19:40:09Z,1475T,R. Gales,,4,https://www.atptour.com/en/players/romain-gales/g0gf/overview
2026-04-16T19:40:09Z,1475T,K. Kajin,,4,https://www.atptour.com/en/players/karlo-kajin/k0dd/overview
2026-04-16T19:40:09Z,1475T,T. Karigyo,,4,https://www.atptour.com/en/players/toshiki-karigyo/k0oq/overview
2026-04-16T19:40:09Z,1475T,D. Pontoglio,,4,https://www.atptour.com/en/players/davide-pontoglio/ph02/overview
2026-04-16T19:40:09Z,1475T,K. Wang,,4,https://www.atptour.com/en/players/kai-i-wang/w0ey/overview
2026-04-16T19:40:09Z,1480,G. Albieri,,4,https://www.atptour.com/en/players/gustavo-albieri/a0nj/overview
2026-04-16T19:40:09Z,1481,K. Suzuki,,4,https://www.atptour.com/en/players/ko-suzuki/sj67/overview
2026-04-16T19:40:09Z,1482T,N. Malesevic,,4,https://www.atptour.com/en/players/nemanja-malesevic/m0de/overview
2026-04-16T19:40:09Z,1482T,J. Navasirisomboon,,4,https://www.atptour.com/en/players/jirat-navasirisomboon/n831/overview
2026-04-16T19:40:09Z,1482T,D. Nedev,,4,https://www.atptour.com/en/players/dian-nedev/n0c9/overview
2026-04-16T19:40:09Z,1482T,A. Orlikowski,,4,https://www.atptour.com/en/players/aleksander-orlikowski/o0c8/overview
2026-04-16T19:40:09Z,1486T,S. Muto,,4,https://www.atptour.com/en/players/shu-muto/m0wd/overview
2026-04-16T19:40:09Z,1486T,Z. Stevens,,4,https://www.atptour.com/en/players/zane-stevens/s19y/overview
2026-04-16T19:40:09Z,1486T,L. Zhao,,4,https://www.atptour.com/en/players/lingxi-zhao/z0a2/overview
2026-04-16T19:40:09Z,1489T,M. Pawelski,,4,https://www.atptour.com/en/players/martyn-pawelski/p0ig/overview
2026-04-16T19:40:09Z,1489T,S. Petrov,,4,https://www.atptour.com/en/players/sergey-petrov/p0pc/overview
2026-04-16T19:40:09Z,1491T,R. Jaisinghani,,4,https://www.atptour.com/en/players/raghav-jaisinghani/j0af/overview
2026-04-16T19:40:09Z,1491T,B. Torres,,4,https://www.atptour.com/en/players/benjamin-torres/t0fn/overview
2026-04-16T19:40:09Z,1493,N. Rico Arias,,4,https://www.atptour.com/en/players/nicolas-esteban-rico-arias/r0er/overview
2026-04-16T19:40:09Z,1494T,T. Gerbaud,,4,https://www.atptour.com/en/players/thomas-gerbaud/g0nu/overview
2026-04-16T19:40:09Z,1494T,R. Zusman,,4,https://www.atptour.com/en/players/richard-zusman/z0b7/overview
2026-04-16T19:40:09Z,1496,G. Hornung,,4,https://www.atptour.com/en/players/gabor-hornung/h0i8/overview
2026-04-16T19:40:09Z,1497T,M. Balciunas,,4,https://www.atptour.com/en/players/manvydas-balciunas/b0w4/overview
2026-04-16T19:40:09Z,1497T,M. Breazu,,4,https://www.atptour.com/en/players/matei-florin-breazu/b0tt/overview
2026-04-16T19:40:09Z,1497T,O. Eerola,,4,https://www.atptour.com/en/players/oskari-eerola/e0d6/overview
2026-04-16T19:40:09Z,1497T,A. Paolini,,4,https://www.atptour.com/en/players/andrea-paolini/p0l6/overview
2026-04-16T19:40:09Z,1497T,N. Tajima,,4,https://www.atptour.com/en/players/naoki-tajima/t0b4/overview
2026-04-16T19:40:09Z,1502T,R. Giotis,,4,https://www.atptour.com/en/players/rafael-giotis/g0f9/overview
2026-04-16T19:40:09Z,1502T,V. Guadagno,,4,https://www.atptour.com/en/players/valentin-guadagno/g0ot/overview
2026-04-16T19:40:09Z,1504T,U. Kamboj,,4,https://www.atptour.com/en/players/udit-kamboj/k0mv/overview
2026-04-16T19:40:09Z,1504T,A. Lakshmanan,,4,https://www.atptour.com/en/players/aryan-lakshmanan/l0js/overview
2026-04-16T19:40:09Z,1506T,B. De La Pena,,4,https://www.atptour.com/en/players/bautista-de-la-pena/d0m3/overview
2026-04-16T19:40:09Z,1506T,V. Dell'Elba,,4,https://www.atptour.com/en/players/vito-dell'elba/d0b1/overview
2026-04-16T19:40:09Z,1506T,A. Jamji,,4,https://www.atptour.com/en/players/amine-jamji/j0dm/overview
2026-04-16T19:40:09Z,1506T,S. Jorgensen,,4,https://www.atptour.com/en/players/sebastian-grundtvig-jorgensen/j0f8/overview
2026-04-16T19:40:09Z,1506T,D. Naharro,,4,https://www.atptour.com/en/players/david-naharro/n0ek/overview
2026-04-16T19:40:09Z,1511T,H. Chauhan,,4,https://www.atptour.com/en/players/hitesh-chauhan/c0qm/overview
2026-04-16T19:40:09Z,1511T,K. Collignon,,4,https://www.atptour.com/en/players/kylian-collignon/c0pl/overview
2026-04-16T19:40:09Z,1511T,K. Edengren,,4,https://www.atptour.com/en/players/kevin-edengren/e0d4/overview
2026-04-16T19:40:09Z,1511T,M. Picard,,4,https://www.atptour.com/en/players/mathys-picard/p0qh/overview
2026-04-16T19:40:09Z,1511T,L. Poertner,,4,https://www.atptour.com/en/players/lasse-poertner/p0ks/overview
2026-04-16T19:40:09Z,1511T,K. Shibano,,4,https://www.atptour.com/en/players/kosuke-shibano/s0i1/overview
2026-04-16T19:40:09Z,1517,M. Tammaro,,4,https://www.atptour.com/en/players/mariano-tammaro/t0g2/overview
2026-04-16T19:40:09Z,1518,W. Pan,,4,https://www.atptour.com/en/players/weiwen-pan/p0os/overview
2026-04-16T19:40:09Z,1519T,V. Breazu,,4,https://www.atptour.com/en/players/vlad-cristian-breazu/b0p7/overview
2026-04-16T19:40:09Z,1519T,S. Mencaglia,,4,https://www.atptour.com/en/players/silvio-mencaglia/m0y6/overview
2026-04-16T19:40:09Z,1519T,S. Planella Hernandez,,4,https://www.atptour.com/en/players/sergio-planella-hernandez/p0ou/overview
2026-04-16T19:40:09Z,1519T,A. Zgirovsky,,4,https://www.atptour.com/en/players/alexander-zgirovsky/z09b/overview
2026-04-16T19:40:09Z,1523T,P. Bastiaansen,,4,https://www.atptour.com/en/players/pepijn-bastiaansen/b0tk/overview
2026-04-16T19:40:09Z,1523T,A. Coccioli,,4,https://www.atptour.com/en/players/alessandro-coccioli/c0l9/overview
2026-04-16T19:40:09Z,1523T,N. Hipfl,,4,https://www.atptour.com/en/players/nico-hipfl/h0i7/overview
2026-04-16T19:40:09Z,1523T,N. Mikovic,,4,https://www.atptour.com/en/players/nik-mikovic/m0s4/overview
2026-04-16T19:40:09Z,1523T,O. Vasser,,4,https://www.atptour.com/en/players/oren-vasser/v0gg/overview
2026-04-16T19:40:09Z,1528,X. Palomar,,4,https://www.atptour.com/en/players/xavi-palomar/p0q2/overview
2026-04-16T19:40:09Z,1529,A. Mehrotra,,4,https://www.atptour.com/en/players/arjun-mehrotra/m0ce/overview
2026-04-16T19:40:09Z,1530,F. Jiang,,4,https://www.atptour.com/en/players/fumin-jiang/j0fn/overview
2026-04-16T19:40:09Z,1531,S. Pel,,4,https://www.atptour.com/en/players/stijn-pel/p0gf/overview
2026-04-16T19:40:09Z,1532,M. Coman,,4,https://www.atptour.com/en/players/mihai-alexandru-coman/c0ke/overview
2026-04-16T19:40:09Z,1533,D. Verbeek,,4,https://www.atptour.com/en/players/daniel-verbeek/v0gk/overview
2026-04-16T19:40:09Z,1534T,D. Batista,,4,https://www.atptour.com/en/players/daniel-batista/b0bj/overview
2026-04-16T19:40:09Z,1534T,M. Lazaro Juncadella,,4,https://www.atptour.com/en/players/manel-lazaro-juncadella/l0kr/overview
2026-04-16T19:40:09Z,1536,T. Meneo,,4,https://www.atptour.com/en/players/tadeo-meneo/m0vx/overview
2026-04-16T19:40:09Z,1537T,L. Byers,,3,https://www.atptour.com/en/players/loren-thomas-byers/b0q1/overview
2026-04-16T19:40:09Z,1537T,M. Guinard,,3,https://www.atptour.com/en/players/manuel-guinard/gh33/overview
2026-04-16T19:40:09Z,1537T,S. Iftikhar,,3,https://www.atptour.com/en/players/samir-iftikhar/i308/overview
2026-04-16T19:40:09Z,1537T,Y. Khalil,,3,https://www.atptour.com/en/players/yousaf-khalil/k0d6/overview
2026-04-16T19:40:09Z,1537T,S. Montsi,,3,https://www.atptour.com/en/players/siphosothando-montsi/m0cy/overview
2026-04-16T19:40:09Z,1537T,P. Niklas-Salminen,,3,https://www.atptour.com/en/players/patrik-niklas-salminen/n754/overview
2026-04-16T19:40:09Z,1537T,R. Stalder,,3,https://www.atptour.com/en/players/reese-stalder/sy72/overview
2026-04-16T19:40:09Z,1537T,P. Trhac,,3,https://www.atptour.com/en/players/patrik-trhac/t0j0/overview
2026-04-16T19:40:09Z,1545T,L. Carraro,,3,https://www.atptour.com/en/players/luciano-carraro/c0c5/overview
2026-04-16T19:40:09Z,1545T,S. Diez,,3,https://www.atptour.com/en/players/steven-diez/d916/overview
2026-04-16T19:40:09Z,1545T,K. Giese,,3,https://www.atptour.com/en/players/kelly-giese/g0kx/overview
2026-04-16T19:40:09Z,1545T,T. Hands,,3,https://www.atptour.com/en/players/tom-hands/h0d8/overview
2026-04-16T19:40:09Z,1545T,A. Sinha,,3,https://www.atptour.com/en/players/adit-sinha/s0rd/overview
2026-04-16T19:40:09Z,1550T,J. Barki,,3,https://www.atptour.com/en/players/justin-barki/b0c7/overview
2026-04-16T19:40:09Z,1550T,S. Brosset,,3,https://www.atptour.com/en/players/samuel-brosset/b0dq/overview
2026-04-16T19:40:09Z,1550T,M. Farzam,,3,https://www.atptour.com/en/players/matisse-farzam/f0ig/overview
2026-04-16T19:40:09Z,1550T,W. Mayew,,3,https://www.atptour.com/en/players/will-mayew/m0uo/overview
2026-04-16T19:40:09Z,1550T,D. Mosejczuk,,3,https://www.atptour.com/en/players/dominick-mosejczuk/m0x2/overview
2026-04-16T19:40:09Z,1550T,O. Ojakaar,,3,https://www.atptour.com/en/players/oliver-ojakaar/o0ci/overview
2026-04-16T19:40:09Z,1550T,D. Phillips,,3,https://www.atptour.com/en/players/daniel-phillips/p0pv/overview
2026-04-16T19:40:09Z,1550T,H. Satara,,3,https://www.atptour.com/en/players/harrison-satara/s1g9/overview
2026-04-16T19:40:09Z,1550T,A. Zakharov,,3,https://www.atptour.com/en/players/alexey-zakharov/z0ab/overview
2026-04-16T19:40:09Z,1559T,D. Clerc,,3,https://www.atptour.com/en/players/damien-clerc/c0tl/overview
2026-04-16T19:40:09Z,1559T,T. Kwiatkowski,,3,https://www.atptour.com/en/players/thai-son-kwiatkowski/kd35/overview
2026-04-16T19:40:09Z,1561T,W. Abderrahman,,3,https://www.atptour.com/en/players/wissam-abderrahman/a0gq/overview
2026-04-16T19:40:09Z,1561T,F. Alberca De Las Casas,,3,https://www.atptour.com/en/players/fantino-alberca-de-las-casas/a0os/overview
2026-04-16T19:40:09Z,1561T,W. Kong,,3,https://www.atptour.com/en/players/weiyi-kong/k0nh/overview
2026-04-16T19:40:09Z,1561T,A. Razeghi,,3,https://www.atptour.com/en/players/alexander-razeghi/r0ku/overview
2026-04-16T19:40:09Z,1561T,H. Rivera,,3,https://www.atptour.com/en/players/hudson-rivera/r0fq/overview
2026-04-16T19:40:09Z,1561T,I. Stroemberg,,3,https://www.atptour.com/en/players/isac-stroemberg/s0v1/overview
2026-04-16T19:40:09Z,1567T,O. Brown,,3,https://www.atptour.com/en/players/oscar-brown/b0zk/overview
2026-04-16T19:40:09Z,1567T,A. Witz,,3,https://www.atptour.com/en/players/antonin-witz/w0fu/overview
2026-04-16T19:40:09Z,1569T,S. Auytayakul,,3,https://www.atptour.com/en/players/siwanat-auytayakul/a0l1/overview
2026-04-16T19:40:09Z,1569T,J. Bothma,,3,https://www.atptour.com/en/players/john-bothma/b0vz/overview
2026-04-16T19:40:09Z,1569T,Y. Chen,,3,https://www.atptour.com/en/players/ye-chen/c0tq/overview
2026-04-16T19:40:09Z,1569T,T. Davidov,,3,https://www.atptour.com/en/players/teodor-davidov/d0o2/overview
2026-04-16T19:40:09Z,1569T,J. De Cuyper,,3,https://www.atptour.com/en/players/julien-de-cuyper/d0cq/overview
2026-04-16T19:40:09Z,1569T,M. Domenc,,3,https://www.atptour.com/en/players/mathys-domenc/d0lz/overview
2026-04-16T19:40:09Z,1569T,A. Lingua Lavallen,,3,https://www.atptour.com/en/players/alejo-lorenzo-lingua-lavallen/l0dm/overview
2026-04-16T19:40:09Z,1569T,W. Mirarchi,,3,https://www.atptour.com/en/players/william-mirarchi/m0r9/overview
2026-04-16T19:40:09Z,1569T,M. Rajski,,3,https://www.atptour.com/en/players/maciej-rajski/ra43/overview
2026-04-16T19:40:09Z,1569T,V. Reisach,,3,https://www.atptour.com/en/players/vincent-jakob-reisach/r0nm/overview
2026-04-16T19:40:09Z,1569T,T. Stepanov,,3,https://www.atptour.com/en/players/timofey-stepanov/s0so/overview
2026-04-16T19:40:09Z,1569T,N. Stoot,,3,https://www.atptour.com/en/players/nikolas-stoot/s1dh/overview
2026-04-16T19:40:09Z,1569T,F. Virgili,,3,https://www.atptour.com/en/players/felipe-virgili/v0hq/overview
2026-04-16T19:40:09Z,1582T,N. Cox,,3,https://www.atptour.com/en/players/nathan-cox/c0t8/overview
2026-04-16T19:40:09Z,1582T,I. Fahim,,3,https://www.atptour.com/en/players/ilyas-milad-fahim/f0ii/overview
2026-04-16T19:40:09Z,1582T,Y. Lahjomri,,3,https://www.atptour.com/en/players/yazid-lahjomri/l0i8/overview
2026-04-16T19:40:09Z,1582T,C. Lemire,,3,https://www.atptour.com/en/players/clement-lemire/l0l4/overview
2026-04-16T19:40:09Z,1586,D. Wassermann,,3,https://www.atptour.com/en/players/deney-wassermann/w0bd/overview
2026-04-16T19:40:09Z,1587T,R. Augusto Dos Santos,,3,https://www.atptour.com/en/players/ryan-augusto-dos-santos/a0iq/overview
2026-04-16T19:40:09Z,1587T,A. Kobelt,,3,https://www.atptour.com/en/players/alex-kobelt/k0bg/overview
2026-04-16T19:40:09Z,1587T,M. Rankin,,3,https://www.atptour.com/en/players/matthew-rankin/r0hx/overview
2026-04-16T19:40:09Z,1587T,A. Sabaliauskas,,3,https://www.atptour.com/en/players/ainius-sabaliauskas/s0hz/overview
2026-04-16T19:40:09Z,1591T,N. Baroni,,3,https://www.atptour.com/en/players/niccolo-baroni/b0jl/overview
2026-04-16T19:40:09Z,1591T,F. Dreer,,3,https://www.atptour.com/en/players/felipe-dreer/d0ng/overview
2026-04-16T19:40:09Z,1591T,G. Matijasic,,3,https://www.atptour.com/en/players/gasper-matijasic/m0xx/overview
2026-04-16T19:40:09Z,1591T,R. Nakamura,,3,https://www.atptour.com/en/players/ren-nakamura/n786/overview
2026-04-16T19:40:09Z,1591T,R. Neimanis,,3,https://www.atptour.com/en/players/rihards-neimanis/n0fs/overview
2026-04-16T19:40:09Z,1591T,I. Palavestra,,3,https://www.atptour.com/en/players/ilija-palavestra/p0o5/overview
2026-04-16T19:40:09Z,1591T,V. Vanta,,3,https://www.atptour.com/en/players/valentin-vanta/va67/overview
2026-04-16T19:40:09Z,1598T,A. Bogomolov,,3,https://www.atptour.com/en/players/artem-bogomolov/b0x3/overview
2026-04-16T19:40:09Z,1598T,E. Bulut,,3,https://www.atptour.com/en/players/emirhan-bulut/b0ww/overview
2026-04-16T19:40:09Z,1598T,J. Dembo,,3,https://www.atptour.com/en/players/jake-dembo/d0nq/overview
2026-04-16T19:40:09Z,1598T,M. Furlanetto,,3,https://www.atptour.com/en/players/marco-furlanetto/f0dd/overview
2026-04-16T19:40:09Z,1598T,J. Gallego,,3,https://www.atptour.com/en/players/juan-ignacio-gallego/g0on/overview
2026-04-16T19:40:09Z,1598T,N. Hollender,,3,https://www.atptour.com/en/players/nicolas-hollender/h0gm/overview
2026-04-16T19:40:09Z,1604T,P. Alam,,3,https://www.atptour.com/en/players/peter-alam/a0l4/overview
2026-04-16T19:40:09Z,1604T,A. Canter,,3,https://www.atptour.com/en/players/alexis-canter/cn64/overview
2026-04-16T19:40:09Z,1604T,M. Chetouane,,3,https://www.atptour.com/en/players/mahmoud-chetouane/c0u6/overview
2026-04-16T19:40:09Z,1604T,L. Fantini,,3,https://www.atptour.com/en/players/luca-fantini/f0e4/overview
2026-04-16T19:40:09Z,1604T,V. Garay,,3,https://www.atptour.com/en/players/valentin-garay/g0lf/overview
2026-04-16T19:40:09Z,1604T,S. Hodkin,,3,https://www.atptour.com/en/players/sean-hodkin/h0aa/overview
2026-04-16T19:40:09Z,1604T,Y. Jang,,3,https://www.atptour.com/en/players/yunseok-jang/j0cw/overview
2026-04-16T19:40:09Z,1604T,V. Jovic,,3,https://www.atptour.com/en/players/viktor-jovic/j0cm/overview
2026-04-16T19:40:09Z,1604T,A. Paparkar,,3,https://www.atptour.com/en/players/arnav-vijay-paparkar/p0nh/overview
2026-04-16T19:40:09Z,1604T,S. Popovic,,3,https://www.atptour.com/en/players/stevan-popovic/p0fz/overview
2026-04-16T19:40:09Z,1604T,M. Sakellaridis,,3,https://www.atptour.com/en/players/michalis-sakellaridis/s0g3/overview
2026-04-16T19:40:09Z,1604T,S. Storch,,3,https://www.atptour.com/en/players/stefan-storch/s0if/overview
2026-04-16T19:40:09Z,1616T,A. Reco,,3,https://www.atptour.com/en/players/alexandre-reco/r09t/overview
2026-04-16T19:40:09Z,1616T,G. Vulpitta,,3,https://www.atptour.com/en/players/gabriele-vulpitta/v0hm/overview
2026-04-16T19:40:09Z,1618T,B. Braga,,3,https://www.atptour.com/en/players/breno-braga/b0n9/overview
2026-04-16T19:40:09Z,1618T,E. Ivanisevic,,3,https://www.atptour.com/en/players/emanuel-ivanisevic/i0bv/overview
2026-04-16T19:40:09Z,1618T,D. Jovanovski,,3,https://www.atptour.com/en/players/daniel-jovanovski/j0fy/overview
2026-04-16T19:40:09Z,1618T,T. Kovac,,3,https://www.atptour.com/en/players/tilen-kovac/k0kl/overview
2026-04-16T19:40:09Z,1618T,D. Pop,,3,https://www.atptour.com/en/players/darius-florin-pop/p0ly/overview
2026-04-16T19:40:09Z,1618T,E. Zanada,,3,https://www.atptour.com/en/players/edoardo-zanada/z0bh/overview
2026-04-16T19:40:09Z,1624T,N. Brownrigg,,3,https://www.atptour.com/en/players/noah-brownrigg/b0wt/overview
2026-04-16T19:40:09Z,1624T,J. Eriksson Ziverts,,3,https://www.atptour.com/en/players/jonas-eriksson-ziverts/e09h/overview
2026-04-16T19:40:09Z,1624T,D. Fix,,3,https://www.atptour.com/en/players/david-fix/f0fh/overview
2026-04-16T19:40:09Z,1624T,A. Laborde,,3,https://www.atptour.com/en/players/arthur-laborde/l0kj/overview
2026-04-16T19:40:09Z,1624T,M. Lavizzari,,3,https://www.atptour.com/en/players/matteo-lavizzari/l0jc/overview
2026-04-16T19:40:09Z,1624T,Z. Li,,3,https://www.atptour.com/en/players/zekai-li/l0c4/overview
2026-04-16T19:40:09Z,1624T,A. Mcleod,,3,https://www.atptour.com/en/players/ashton-mcleod/m0z0/overview
2026-04-16T19:40:09Z,1624T,J. Paz,,3,https://www.atptour.com/en/players/juan-pablo-paz/pg69/overview
2026-04-16T19:40:09Z,1624T,A. Safonov,,3,https://www.atptour.com/en/players/aristarkh-safonov/s0rl/overview
2026-04-16T19:40:09Z,1624T,B. Torcq,,3,https://www.atptour.com/en/players/benoit-torcq/t0jf/overview
2026-04-16T19:40:09Z,1634T,P. Alvarado,,3,https://www.atptour.com/en/players/patricio-alvarado/a714/overview
2026-04-16T19:40:09Z,1634T,A. Kunitsyn,,3,https://www.atptour.com/en/players/andrei-kunitsyn/k0ok/overview
2026-04-16T19:40:09Z,1634T,Z. Nurlanuly,,3,https://www.atptour.com/en/players/zangar-nurlanuly/n0gn/overview
2026-04-16T19:40:09Z,1637T,J. Bianchi,,3,https://www.atptour.com/en/players/juan-jose-bianchi/b0vt/overview
2026-04-16T19:40:09Z,1637T,V. Gurenko,,3,https://www.atptour.com/en/players/volodymyr-gurenko/g0ou/overview
2026-04-16T19:40:09Z,1637T,C. Holder,,3,https://www.atptour.com/en/players/carl-holder/h0iq/overview
2026-04-16T19:40:09Z,1637T,C. Hou,,3,https://www.atptour.com/en/players/chun-chien-hou/h0l7/overview
2026-04-16T19:40:09Z,1637T,S. Kamendje,,3,https://www.atptour.com/en/players/stephane-pierre-jo-kamendje/k0lc/overview
2026-04-16T19:40:09Z,1637T,A. M'Chich,,3,https://www.atptour.com/en/players/andrea-m'chich/m0ri/overview
2026-04-16T19:40:09Z,1637T,M. Nannelli,,3,https://www.atptour.com/en/players/mattia-nannelli/n0g6/overview
2026-04-16T19:40:09Z,1637T,G. Schinteie,,3,https://www.atptour.com/en/players/gheorghe-claudiu-schinteie/s0se/overview
2026-04-16T19:40:09Z,1645T,D. Domingos,,3,https://www.atptour.com/en/players/daniel-domingos/d0nc/overview
2026-04-16T19:40:09Z,1645T,M. Kamath,,3,https://www.atptour.com/en/players/madhwin-kamath/k0hm/overview
2026-04-16T19:40:09Z,1647T,A. Pisaric,,3,https://www.atptour.com/en/players/aleksa-pisaric/p0im/overview
2026-04-16T19:40:09Z,1647T,B. Sengul,,3,https://www.atptour.com/en/players/bora-sengul/s0fs/overview
2026-04-16T19:40:09Z,1647T,D. Suresh,,3,https://www.atptour.com/en/players/darrshan-suresh/s0gg/overview
2026-04-16T19:40:09Z,1650T,G. Gruenig,,3,https://www.atptour.com/en/players/gian-gruenig/g0im/overview
2026-04-16T19:40:09Z,1650T,J. Gundacker,,3,https://www.atptour.com/en/players/jonas-gundacker/g0lr/overview
2026-04-16T19:40:09Z,1650T,N. Karma,,3,https://www.atptour.com/en/players/noah-karma/k0n9/overview
2026-04-16T19:40:09Z,1650T,A. Peiro Serrano,,3,https://www.atptour.com/en/players/alvaro-peiro-serrano/p0ld/overview
2026-04-16T19:40:09Z,1650T,T. Sickenberger,,3,https://www.atptour.com/en/players/tom-sickenberger/s0zh/overview
2026-04-16T19:40:09Z,1650T,F. Valle,,3,https://www.atptour.com/en/players/federico-valle/v0fm/overview
2026-04-16T19:40:09Z,1656T,B. Gusic - Wan,,3,https://www.atptour.com/en/players/benjamin-gusic---wan/g0nl/overview
2026-04-16T19:40:09Z,1656T,D. Van Orderlain,,3,https://www.atptour.com/en/players/drew-van-orderlain/v948/overview
2026-04-16T19:40:09Z,1658T,T. Genier,,3,https://www.atptour.com/en/players/tanguy-genier/g0en/overview
2026-04-16T19:40:09Z,1658T,B. Hannestad,,3,https://www.atptour.com/en/players/benjamin-hannestad/hh01/overview
2026-04-16T19:40:09Z,1658T,H. Huang,,3,https://www.atptour.com/en/players/haoyuan-huang/h0e3/overview
2026-04-16T19:40:09Z,1658T,D. Kopilevich,,3,https://www.atptour.com/en/players/dmitry-kopilevich/s1ac/overview
2026-04-16T19:40:09Z,1658T,Z. Sun,,3,https://www.atptour.com/en/players/zhengyu-sun/s1aa/overview
2026-04-16T19:40:09Z,1663,F. Ferrari,,3,https://www.atptour.com/en/players/francesco-ferrari/fb59/overview
2026-04-16T19:40:09Z,1664T,Y. Hongyu,,3,https://www.atptour.com/en/players/ye-hongyu/h0jb/overview
2026-04-16T19:40:09Z,1664T,A. Lopez Escribano,,3,https://www.atptour.com/en/players/alejandro-lopez-escribano/l0gb/overview
2026-04-16T19:40:09Z,1666,P. Tailleu,,3,https://www.atptour.com/en/players/pierre-antoine-tailleu/t0fo/overview
2026-04-16T19:40:09Z,1667,Z. Dong,,3,https://www.atptour.com/en/players/zhenxiong-dong/d0c3/overview
2026-04-16T19:40:09Z,1668,G. Saritas,,3,https://www.atptour.com/en/players/gokberk-saritas/s0ny/overview
2026-04-16T19:40:09Z,1669,L. Bataljin,,3,https://www.atptour.com/en/players/lawrence-bataljin/bm09/overview
2026-04-16T19:40:09Z,1670T,A. Almasi,,2,https://www.atptour.com/en/players/alfred-almasi/a0jk/overview
2026-04-16T19:40:09Z,1670T,D. Bakonyi,,2,https://www.atptour.com/en/players/david-bakonyi/b0ty/overview
2026-04-16T19:40:09Z,1670T,C. Christensen,,2,https://www.atptour.com/en/players/casper-christensen/c0t9/overview
2026-04-16T19:40:09Z,1670T,V. Conte,,2,https://www.atptour.com/en/players/valentino-conte/c0qw/overview
2026-04-16T19:40:09Z,1670T,C. Doig,,2,https://www.atptour.com/en/players/connor-doig/d0nh/overview
2026-04-16T19:40:09Z,1670T,J. Leach,,2,https://www.atptour.com/en/players/jagger-leach/l0mb/overview
2026-04-16T19:40:09Z,1670T,I. Liutarevich,,2,https://www.atptour.com/en/players/ivan-liutarevich/lf40/overview
2026-04-16T19:40:09Z,1670T,P. Manzano Lapuerta,,2,https://www.atptour.com/en/players/pablo-manzano-lapuerta/m0tk/overview
2026-04-16T19:40:09Z,1670T,M. Milosavljevic,,2,https://www.atptour.com/en/players/marko-milosavljevic/m0xd/overview
2026-04-16T19:40:09Z,1670T,D. Munoz,,2,https://www.atptour.com/en/players/diego-munoz/m19j/overview
2026-04-16T19:40:09Z,1670T,I. Novo,,2,https://www.atptour.com/en/players/ignacio-novo/n0bm/overview
2026-04-16T19:40:09Z,1670T,B. Pujol Navarro,,2,https://www.atptour.com/en/players/bruno-pujol-navarro/p0cu/overview
2026-04-16T19:40:09Z,1670T,C. Rodriguez,,2,https://www.atptour.com/en/players/cristian-rodriguez/r913/overview
2026-04-16T19:40:09Z,1670T,O. Solis Encinas,,2,https://www.atptour.com/en/players/oliver-andre-solis-encinas/s1fs/overview
2026-04-16T19:40:09Z,1670T,S. Watanabe,,2,https://www.atptour.com/en/players/seita-watanabe/w0aj/overview
2026-04-16T19:40:09Z,1670T,M. Welte,,2,https://www.atptour.com/en/players/milan-welte/w0an/overview
2026-04-16T19:40:09Z,1670T,T. Zurmendi,,2,https://www.atptour.com/en/players/tomas-zurmendi/z0e8/overview
2026-04-16T19:40:09Z,1687T,B. Blaydes,,2,https://www.atptour.com/en/players/billy-blaydes/b0oi/overview
2026-04-16T19:40:09Z,1687T,N. Filin,,2,https://www.atptour.com/en/players/nikita-samuel-filin/f0hz/overview
2026-04-16T19:40:09Z,1687T,E. Gonzalez,,2,https://www.atptour.com/en/players/eudald-gonzalez/g0pf/overview
2026-04-16T19:40:09Z,1687T,S. Hernandez Ramirez,,2,https://www.atptour.com/en/players/sergio-luis-hernandez-ramirez/hh08/overview
2026-04-16T19:40:09Z,1687T,S. Jayaraman,,2,https://www.atptour.com/en/players/saahith-jayaraman/j0eq/overview
2026-04-16T19:40:09Z,1687T,M. Kalovelonis,,2,https://www.atptour.com/en/players/markos-kalovelonis/kd48/overview
2026-04-16T19:40:09Z,1687T,M. Latak,,2,https://www.atptour.com/en/players/marcel-latak/l0o6/overview
2026-04-16T19:40:09Z,1687T,L. Lestir,,2,https://www.atptour.com/en/players/loan-lestir/l0im/overview
2026-04-16T19:40:09Z,1687T,M. Mansilla Diez,,2,https://www.atptour.com/en/players/mario-mansilla-diez/m0ee/overview
2026-04-16T19:40:09Z,1687T,N. Niedner,,2,https://www.atptour.com/en/players/neo-niedner/n0da/overview
2026-04-16T19:40:09Z,1687T,H. Ortenblad Nogueira,,2,https://www.atptour.com/en/players/henrique-ortenblad-nogueira/o0e9/overview
2026-04-16T19:40:09Z,1687T,J. Satterfield,,2,https://www.atptour.com/en/players/jack-satterfield/s1cn/overview
2026-04-16T19:40:09Z,1687T,M. Sheldon,,2,https://www.atptour.com/en/players/max-sheldon/s0tj/overview
2026-04-16T19:40:09Z,1687T,V. Tonejc,,2,https://www.atptour.com/en/players/vito-tonejc/t0hm/overview
2026-04-16T19:40:09Z,1687T,B. Wiger Nordas,,2,https://www.atptour.com/en/players/baltazar-wiger-nordas/w0fl/overview
2026-04-16T19:40:09Z,1702T,B. Berenz,,2,https://www.atptour.com/en/players/bastian-berenz/b0yx/overview
2026-04-16T19:40:09Z,1702T,B. Chelía,,2,https://www.atptour.com/en/players/benjamin-chelía/c0qv/overview
2026-04-16T19:40:09Z,1702T,I. De Armas,,2,https://www.atptour.com/en/players/ignacio-de-armas/d0p3/overview
2026-04-16T19:40:09Z,1702T,D. Duran,,2,https://www.atptour.com/en/players/diego-duran/d0fo/overview
2026-04-16T19:40:09Z,1702T,P. Jovanovic,,2,https://www.atptour.com/en/players/petar-jovanovic/j0cs/overview
2026-04-16T19:40:09Z,1702T,V. Kalina,,2,https://www.atptour.com/en/players/vit-kalina/k0lg/overview
2026-04-16T19:40:09Z,1702T,M. Ko,,2,https://www.atptour.com/en/players/min-ho-ko/k0q7/overview
2026-04-16T19:40:09Z,1702T,O. Lacides,,2,https://www.atptour.com/en/players/oscar-lacides/l0je/overview
2026-04-16T19:40:09Z,1702T,I. Marchenko,,2,https://www.atptour.com/en/players/illya-marchenko/me89/overview
2026-04-16T19:40:09Z,1702T,Y. Shyla,,2,https://www.atptour.com/en/players/yaraslav-shyla/sk97/overview
2026-04-16T19:40:09Z,1702T,L. Sloboda,,2,https://www.atptour.com/en/players/leon-sloboda/s1ea/overview
2026-04-16T19:40:09Z,1702T,B. Vitter,,2,https://www.atptour.com/en/players/benjamin-vitter/v0h9/overview
2026-04-16T19:40:09Z,1702T,N. Volonski,,2,https://www.atptour.com/en/players/nikita-volonski/v0d2/overview
2026-04-16T19:40:09Z,1702T,A. Wright,,2,https://www.atptour.com/en/players/anthony-wright/w0ec/overview
2026-04-16T19:40:09Z,1716T,K. Bonsach Ganley,,2,https://www.atptour.com/en/players/kane-bonsach-ganley/b0rn/overview
2026-04-16T19:40:09Z,1716T,A. Caruso,,2,https://www.atptour.com/en/players/antonio-caruso/c0hh/overview
2026-04-16T19:40:09Z,1716T,O. Horak,,2,https://www.atptour.com/en/players/ondrej-horak/h0ds/overview
2026-04-16T19:40:09Z,1716T,E. Jorquera,,2,https://www.atptour.com/en/players/emiliano-jorquera/j0cx/overview
2026-04-16T19:40:09Z,1716T,H. Kawanishi,,2,https://www.atptour.com/en/players/hyu-kawanishi/k0ny/overview
2026-04-16T19:40:09Z,1716T,H. Koay,,2,https://www.atptour.com/en/players/hao-sheng-koay/ki34/overview
2026-04-16T19:40:09Z,1716T,L. Lagerbohm,,2,https://www.atptour.com/en/players/linus-lagerbohm/l0hy/overview
2026-04-16T19:40:09Z,1716T,A. Nordquist,,2,https://www.atptour.com/en/players/arvid-nordquist/n0af/overview
2026-04-16T19:40:09Z,1716T,S. Pesino,,2,https://www.atptour.com/en/players/santiago-pesino/p0py/overview
2026-04-16T19:40:09Z,1716T,P. Photiades,,2,https://www.atptour.com/en/players/photos-photiades/p0mh/overview
2026-04-16T19:40:09Z,1716T,E. Stephenson,,2,https://www.atptour.com/en/players/eli-stephenson/s0z2/overview
2026-04-16T19:40:09Z,1727T,V. Bazilevskiy,,2,https://www.atptour.com/en/players/vladimir-bazilevskiy/b0p5/overview
2026-04-16T19:40:09Z,1727T,T. Chavez,,2,https://www.atptour.com/en/players/tito-chavez/c0uu/overview
2026-04-16T19:40:09Z,1727T,A. Delgadillo,,2,https://www.atptour.com/en/players/andres-delgadillo/d0mf/overview
2026-04-16T19:40:09Z,1727T,T. Fancutt,,2,https://www.atptour.com/en/players/thomas-fancutt/fa50/overview
2026-04-16T19:40:09Z,1727T,F. Geschwind,,2,https://www.atptour.com/en/players/francisco-tomas-geschwind/g0kb/overview
2026-04-16T19:40:09Z,1727T,T. Grandinetti,,2,https://www.atptour.com/en/players/tobia-grandinetti/g0kz/overview
2026-04-16T19:40:09Z,1727T,F. Guarducci,,2,https://www.atptour.com/en/players/federico-guarducci/g0nv/overview
2026-04-16T19:40:09Z,1727T,Y. Jeong,,2,https://www.atptour.com/en/players/yeong-seok-jeong/j09j/overview
2026-04-16T19:40:09Z,1727T,B. Kisantal,,2,https://www.atptour.com/en/players/botond-kisantal/k0i9/overview
2026-04-16T19:40:09Z,1727T,N. Koizumi,,2,https://www.atptour.com/en/players/noritaka-koizumi/k0mb/overview
2026-04-16T19:40:09Z,1727T,B. Kumaran,,2,https://www.atptour.com/en/players/bharath-nishok-kumaran/k0bi/overview
2026-04-16T19:40:09Z,1727T,E. Lagarde,,2,https://www.atptour.com/en/players/espen-lagarde/l0fu/overview
2026-04-16T19:40:09Z,1727T,L. Lane,,2,https://www.atptour.com/en/players/lewie-lane/l0by/overview
2026-04-16T19:40:09Z,1727T,S. Mansouri,,2,https://www.atptour.com/en/players/skander-mansouri/ml73/overview
2026-04-16T19:40:09Z,1727T,P. Michnev,,2,https://www.atptour.com/en/players/petr-michnev/mi33/overview
2026-04-16T19:40:09Z,1727T,D. Morais,,2,https://www.atptour.com/en/players/diogo-morais/m0o7/overview
2026-04-16T19:40:09Z,1727T,V. Ovchinnikov,,2,https://www.atptour.com/en/players/viacheslav-ovchinnikov/o0c9/overview
2026-04-16T19:40:09Z,1727T,B. Reinhard,,2,https://www.atptour.com/en/players/bengt-johan-reinhard/r0n4/overview
2026-04-16T19:40:09Z,1727T,M. Rocens,,2,https://www.atptour.com/en/players/martins-rocens/r0ct/overview
2026-04-16T19:40:09Z,1727T,N. Senn,,2,https://www.atptour.com/en/players/nicola-senn/s1be/overview
2026-04-16T19:40:09Z,1727T,M. Statham,,2,https://www.atptour.com/en/players/mikal-statham/sg78/overview
2026-04-16T19:40:09Z,1727T,J. Trainauskas,,2,https://www.atptour.com/en/players/justas-trainauskas/t0bn/overview
2026-04-16T19:40:09Z,1727T,I. Urribarrens Ramirez,,2,https://www.atptour.com/en/players/iker-urribarrens-ramirez/u09t/overview
2026-04-16T19:40:09Z,1727T,C. Wedel,,2,https://www.atptour.com/en/players/christian-wedel/w0fp/overview
2026-04-16T19:40:09Z,1751T,L. Berto,,2,https://www.atptour.com/en/players/lorenzo-berto/b0wd/overview
2026-04-16T19:40:09Z,1751T,R. Horiuchi,,2,https://www.atptour.com/en/players/ryusuke-horiuchi/h0bp/overview
2026-04-16T19:40:09Z,1751T,A. Jones,,2,https://www.atptour.com/en/players/alex-jones/j0b1/overview
2026-04-16T19:40:09Z,1751T,B. Perez,,2,https://www.atptour.com/en/players/benjamin-perez/p0pj/overview
2026-04-16T19:40:09Z,1755T,D. Amarandei,,2,https://www.atptour.com/en/players/daniel-aleksandar-amarandei/a0oe/overview
2026-04-16T19:40:09Z,1755T,S. Bangoura,,2,https://www.atptour.com/en/players/sekou-bangoura/bh02/overview
2026-04-16T19:40:09Z,1755T,E. Burnett,,2,https://www.atptour.com/en/players/evan-burnett/b0tl/overview
2026-04-16T19:40:09Z,1755T,H. Cardinaud,,2,https://www.atptour.com/en/players/hugo-cardinaud/c0lh/overview
2026-04-16T19:40:09Z,1755T,L. Couturier,,2,https://www.atptour.com/en/players/lenny-couturier/c0tm/overview
2026-04-16T19:40:09Z,1755T,M. Dedura-Palomero,,2,https://www.atptour.com/en/players/mariano-dedura-palomero/d0ku/overview
2026-04-16T19:40:09Z,1755T,N. Djukic Valera,,2,https://www.atptour.com/en/players/nikola-djukic-valera/d0m5/overview
2026-04-16T19:40:09Z,1755T,H. Escurra Isnardi,,2,https://www.atptour.com/en/players/hernando-jose-escurra-isnardi/e09u/overview
2026-04-16T19:40:09Z,1755T,J. Fuentes Vasquez,,2,https://www.atptour.com/en/players/juan-carlos-fuentes-vasquez/f0ik/overview
2026-04-16T19:40:09Z,1755T,O. Jansson,,2,https://www.atptour.com/en/players/oskar-jansson/j0e3/overview
2026-04-16T19:40:09Z,1755T,A. Kalender,,2,https://www.atptour.com/en/players/admir-kalender/k0c5/overview
2026-04-16T19:40:09Z,1755T,J. Kroslak,,2,https://www.atptour.com/en/players/jakub-kroslak/k0i2/overview
2026-04-16T19:40:09Z,1755T,H. Lieberman,,2,https://www.atptour.com/en/players/henry-lieberman/l0kg/overview
2026-04-16T19:40:09Z,1755T,S. Massellani,,2,https://www.atptour.com/en/players/simone-massellani/m1bv/overview
2026-04-16T19:40:09Z,1755T,C. Meng,,2,https://www.atptour.com/en/players/cing-yang-meng/mr77/overview
2026-04-16T19:40:09Z,1755T,A. Mihailovic,,2,https://www.atptour.com/en/players/aleksandar-mihailovic/m0ng/overview
2026-04-16T19:40:09Z,1755T,N. Schlagenhauf,,2,https://www.atptour.com/en/players/noah-schlagenhauf/s0sn/overview
2026-04-16T19:40:09Z,1755T,D. Shirokyi,,2,https://www.atptour.com/en/players/dmytro-shirokyi/s1ak/overview
2026-04-16T19:40:09Z,1755T,Y. Tanaka,,2,https://www.atptour.com/en/players/yu-tanaka/t0is/overview
2026-04-16T19:40:09Z,1755T,K. Vakili,,2,https://www.atptour.com/en/players/kian-vakili/v0g9/overview
2026-04-16T19:40:09Z,1755T,I. Zimmermann,,2,https://www.atptour.com/en/players/ilias-zimmermann/z0bj/overview
2026-04-16T19:40:09Z,1776T,J. Gaines Jr,,2,https://www.atptour.com/en/players/jerrid-gaines-jr/g0ql/overview
2026-04-16T19:40:09Z,1776T,M. Mikovic,,2,https://www.atptour.com/en/players/mak-mikovic/m0u5/overview
2026-04-16T19:40:09Z,1778T,L. Angeloni,,2,https://www.atptour.com/en/players/leonardo-angeloni/a0l8/overview
2026-04-16T19:40:09Z,1778T,B. Bobrov,,2,https://www.atptour.com/en/players/bogdan-bobrov/bm05/overview
2026-04-16T19:40:09Z,1778T,P. De Almeida Santos,,2,https://www.atptour.com/en/players/pedro-andre-de-almeida-santos/d0kr/overview
2026-04-16T19:40:09Z,1778T,I. Dreycopp,,2,https://www.atptour.com/en/players/ivan-dreycopp/d0ig/overview
2026-04-16T19:40:09Z,1778T,H. El Amine,,2,https://www.atptour.com/en/players/hamza-el-amine/e0c5/overview
2026-04-16T19:40:09Z,1778T,S. Heisnam,,2,https://www.atptour.com/en/players/shanker-heisnam/h0kn/overview
2026-04-16T19:40:09Z,1778T,P. Homola,,2,https://www.atptour.com/en/players/patrik-homola/h0ie/overview
2026-04-16T19:40:09Z,1778T,M. Kleiman,,2,https://www.atptour.com/en/players/matt-kleiman/k0o6/overview
2026-04-16T19:40:09Z,1778T,J. Leroux,,2,https://www.atptour.com/en/players/jules-leroux/l0j2/overview
2026-04-16T19:40:09Z,1778T,J. Luo,,2,https://www.atptour.com/en/players/jun-hao-luo/l0ni/overview
2026-04-16T19:40:09Z,1778T,D. Ortiz Gamonsl,,2,https://www.atptour.com/en/players/diego-ortiz-gamonsl/o0ce/overview
2026-04-16T19:40:09Z,1778T,H. Ouzilou,,2,https://www.atptour.com/en/players/hugo-ouzilou/o0di/overview
2026-04-16T19:40:09Z,1778T,M. Park,,2,https://www.atptour.com/en/players/minjong-park/m0fx/overview
2026-04-16T19:40:09Z,1778T,J. Penzlin,,2,https://www.atptour.com/en/players/julien-penzlin/p0i8/overview
2026-04-16T19:40:09Z,1778T,S. Petre,,2,https://www.atptour.com/en/players/stefan-ilie-bogdan-petre/p0qk/overview
2026-04-16T19:40:09Z,1778T,D. Petrovic,,2,https://www.atptour.com/en/players/david-petrovic/p0kk/overview
2026-04-16T19:40:09Z,1778T,R. Postolka,,2,https://www.atptour.com/en/players/roman-postolka/p0dh/overview
2026-04-16T19:40:09Z,1778T,Y. Taka,,2,https://www.atptour.com/en/players/yua-taka/t0ix/overview
2026-04-16T19:40:09Z,1778T,G. Trismuwantara,,2,https://www.atptour.com/en/players/gunawan-trismuwantara/t0en/overview
2026-04-16T19:40:09Z,1778T,J. Vesely,,2,https://www.atptour.com/en/players/jiri-vesely/v708/overview
2026-04-16T19:40:09Z,1798T,M. Martinez,,2,https://www.atptour.com/en/players/mikel-martinez/m0nf/overview
2026-04-16T19:40:09Z,1798T,J. Molino,,2,https://www.atptour.com/en/players/javier-molino/m0gx/overview
2026-04-16T19:40:09Z,1798T,M. Segura,,2,https://www.atptour.com/en/players/matthew-segura/s0im/overview
2026-04-16T19:40:09Z,1801T,L. Aerne,,2,https://www.atptour.com/en/players/laurin-aerne/a0e0/overview
2026-04-16T19:40:09Z,1801T,S. Agostini,,2,https://www.atptour.com/en/players/simone-agostini/a0i0/overview
2026-04-16T19:40:09Z,1801T,M. Clark,,2,https://www.atptour.com/en/players/miles-clark/c0q5/overview
2026-04-16T19:40:09Z,1801T,N. Dayal,,2,https://www.atptour.com/en/players/nav-dayal/d0o8/overview
2026-04-16T19:40:09Z,1801T,D. Dolzhenkov,,2,https://www.atptour.com/en/players/dmitry-dolzhenkov/d0if/overview
2026-04-16T19:40:09Z,1801T,A. Elamin,,2,https://www.atptour.com/en/players/ammar-elamin/e0ay/overview
2026-04-16T19:40:09Z,1801T,F. Fumagalli,,2,https://www.atptour.com/en/players/filiberto-fumagalli/f0f9/overview
2026-04-16T19:40:09Z,1801T,G. Gandolfi,,2,https://www.atptour.com/en/players/giammarco-gandolfi/g0k8/overview
2026-04-16T19:40:09Z,1801T,G. Grumet,,2,https://www.atptour.com/en/players/gus-grumet/g0oq/overview
2026-04-16T19:40:09Z,1801T,N. Ion,,2,https://www.atptour.com/en/players/nicola-ion/i0bw/overview
2026-04-16T19:40:09Z,1801T,Y. Jeong,,2,https://www.atptour.com/en/players/yeonsu-jeong/j0e8/overview
2026-04-16T19:40:09Z,1801T,D. Lara Salmeron,,2,https://www.atptour.com/en/players/daniel-lara-salmeron/l0ei/overview
2026-04-16T19:40:09Z,1801T,J. Lenders,,2,https://www.atptour.com/en/players/justin-lenders/l0no/overview
2026-04-16T19:40:09Z,1801T,W. Nolan,,2,https://www.atptour.com/en/players/william-nolan/n0d6/overview
2026-04-16T19:40:09Z,1801T,A. Nuñez Vera,,2,https://www.atptour.com/en/players/alex-santino-nuñez-vera/n0ft/overview
2026-04-16T19:40:09Z,1801T,K. Pantaratorn,,2,https://www.atptour.com/en/players/kunanan-pantaratorn/p0p2/overview
2026-04-16T19:40:09Z,1801T,Y. Sborowsky,,2,https://www.atptour.com/en/players/yoshka-sborowsky/s1c0/overview
2026-04-16T19:40:09Z,1801T,R. Serazhetdinov,,2,https://www.atptour.com/en/players/ruslan-serazhetdinov/s0yj/overview
2026-04-16T19:40:09Z,1801T,L. Simkiss,,2,https://www.atptour.com/en/players/luke-simkiss/s0ao/overview
2026-04-16T19:40:09Z,1801T,M. Spiering,,2,https://www.atptour.com/en/players/marvin-bernardo-spiering/s0ce/overview
2026-04-16T19:40:09Z,1801T,E. Talavera Cortes,,2,https://www.atptour.com/en/players/esteban-talavera-cortes/t0k8/overview
2026-04-16T19:40:09Z,1801T,B. Yin,,2,https://www.atptour.com/en/players/bang-shuo-yin/y09l/overview
2026-04-16T19:40:09Z,1823T,M. De Boes,,2,https://www.atptour.com/en/players/maikel-de-boes/d0hb/overview
2026-04-16T19:40:09Z,1823T,S. Dominguez,,2,https://www.atptour.com/en/players/sebastian-dominguez/d0fh/overview
2026-04-16T19:40:09Z,1823T,S. Liu,,2,https://www.atptour.com/en/players/shaoyun-liu/l0k1/overview
2026-04-16T19:40:09Z,1826T,S. Betov,,2,https://www.atptour.com/en/players/sergey-betov/bd82/overview
2026-04-16T19:40:09Z,1826T,D. Bobo,,2,https://www.atptour.com/en/players/dakotah-bobo/b0uz/overview
2026-04-16T19:40:09Z,1826T,S. Corbinais,,2,https://www.atptour.com/en/players/sven-corbinais/c0k4/overview
2026-04-16T19:40:09Z,1826T,J. De Jager,,2,https://www.atptour.com/en/players/jesse-de-jager/d0ii/overview
2026-04-16T19:40:09Z,1826T,A. Finkelstein,,2,https://www.atptour.com/en/players/alex-finkelstein/f0ht/overview
2026-04-16T19:40:09Z,1826T,J. Fradkin,,2,https://www.atptour.com/en/players/jeffrey-fradkin/f0ip/overview
2026-04-16T19:40:09Z,1826T,M. Krivoshchekov,,2,https://www.atptour.com/en/players/makar-krivoshchekov/k0j6/overview
2026-04-16T19:40:09Z,1826T,T. Leston,,2,https://www.atptour.com/en/players/tomas-jordi-leston/l0nq/overview
2026-04-16T19:40:09Z,1826T,A. Malik,,2,https://www.atptour.com/en/players/ajay-malik/m0ox/overview
2026-04-16T19:40:09Z,1826T,D. Petrovic,,2,https://www.atptour.com/en/players/drazen-petrovic/p0ia/overview
2026-04-16T19:40:09Z,1826T,N. Regas Luis,,2,https://www.atptour.com/en/players/noah-regas-luis/r0hd/overview
2026-04-16T19:40:09Z,1826T,M. Todoran,,2,https://www.atptour.com/en/players/matei-todoran/t0hn/overview
2026-04-16T19:40:09Z,1826T,H. Vu,,2,https://www.atptour.com/en/players/ha-minh-duc-vu/v0dr/overview
2026-04-16T19:40:09Z,1826T,C. Warik,,2,https://www.atptour.com/en/players/caheer-warik/w0f7/overview
2026-04-16T19:40:09Z,1826T,J. Wygona,,2,https://www.atptour.com/en/players/jan-wygona/w0fx/overview
2026-04-16T19:40:09Z,1826T,L. Zhang,,2,https://www.atptour.com/en/players/linghao-zhang/z0c5/overview
2026-04-16T19:40:09Z,1842T,P. Pampanin,,2,https://www.atptour.com/en/players/pietro-pampanin/p0hl/overview
2026-04-16T19:40:09Z,1842T,D. Tremblay,,2,https://www.atptour.com/en/players/dorian-tremblay/t0el/overview
2026-04-16T19:40:09Z,1842T,B. Willwerth,,2,https://www.atptour.com/en/players/benjamin-willwerth/w0fh/overview
2026-04-16T19:40:09Z,1845T,I. Cervantes Tomas,,2,https://www.atptour.com/en/players/ian-luca-cervantes-tomas/c0hn/overview
2026-04-16T19:40:09Z,1845T,A. Jimenez,,2,https://www.atptour.com/en/players/alvaro-jimenez/j0fa/overview
2026-04-16T19:40:09Z,1845T,S. Rybkin,,2,https://www.atptour.com/en/players/savva-rybkin/r0mi/overview
2026-04-16T19:40:09Z,1845T,A. Sau Franco,,2,https://www.atptour.com/en/players/alan-raul-sau-franco/s0bb/overview
2026-04-16T19:40:09Z,1845T,A. Spadola,,2,https://www.atptour.com/en/players/alessandro-spadola/s0jy/overview
2026-04-16T19:40:09Z,1850T,A. Bennour Dit Sahli,,2,https://www.atptour.com/en/players/anas-bennour-dit-sahli/b0uy/overview
2026-04-16T19:40:09Z,1850T,J. Cizek,,2,https://www.atptour.com/en/players/jiri-cizek/c0mv/overview
2026-04-16T19:40:09Z,1850T,S. Markovic,,2,https://www.atptour.com/en/players/sasa-markovic/m0r8/overview
2026-04-16T19:40:09Z,1850T,M. Stanisavljevic,,2,https://www.atptour.com/en/players/mateya-stanisavljevic/s1a6/overview
2026-04-16T19:40:09Z,1854T,V. Ahti,,2,https://www.atptour.com/en/players/vesa-ahti/a0g9/overview
2026-04-16T19:40:09Z,1854T,I. Biletic,,2,https://www.atptour.com/en/players/ivan-biletic/b0ss/overview
2026-04-16T19:40:09Z,1854T,D. Jade,,2,https://www.atptour.com/en/players/daniel-jade/j0em/overview
2026-04-16T19:40:09Z,1854T,K. Kawachi,,2,https://www.atptour.com/en/players/kazuma-kawachi/ke85/overview
2026-04-16T19:40:09Z,1854T,L. Namigandet Tenguere,,2,https://www.atptour.com/en/players/loic-namigandet-tenguere/n0f3/overview
2026-04-16T19:40:09Z,1859,A. Bellifemine,,2,https://www.atptour.com/en/players/alessandro-bellifemine/b0m9/overview
2026-04-16T19:40:09Z,1860T,P. Aggarwal,,2,https://www.atptour.com/en/players/parth-aggarwal/ag64/overview
2026-04-16T19:40:09Z,1860T,L. Parenti,,2,https://www.atptour.com/en/players/luca-parenti/p0ik/overview
2026-04-16T19:40:09Z,1862T,I. Forcano Aparicio,,2,https://www.atptour.com/en/players/ignasi-forcano-aparicio/f0hr/overview
2026-04-16T19:40:09Z,1862T,A. Susanto,,2,https://www.atptour.com/en/players/anthony-susanto/sy76/overview
2026-04-16T19:40:09Z,1862T,S. Tang,,2,https://www.atptour.com/en/players/sheng-tang/t0a0/overview
2026-04-16T19:40:09Z,1865,L. Garcia Paez,,2,https://www.atptour.com/en/players/luis-garcia-paez/g0o2/overview
2026-04-16T19:40:09Z,1866T,M. Abe,,1,https://www.atptour.com/en/players/motoharu-abe/a0n5/overview
2026-04-16T19:40:09Z,1866T,E. Ahren Moonga,,1,https://www.atptour.com/en/players/eric-ahren-moonga/ae43/overview
2026-04-16T19:40:09Z,1866T,A. Aiukhanov,,1,https://www.atptour.com/en/players/artur-aiukhanov/a0n4/overview
2026-04-16T19:40:09Z,1866T,J. Arauzo-Martinez,,1,https://www.atptour.com/en/players/juan-samuel-arauzo-martinez/a812/overview
2026-04-16T19:40:09Z,1866T,N. Barki,,1,https://www.atptour.com/en/players/nathan-anthony-barki/b0qd/overview
2026-04-16T19:40:09Z,1866T,J. Barraza,,1,https://www.atptour.com/en/players/juan-ignacio-barraza/b0zh/overview
2026-04-16T19:40:09Z,1866T,J. Barton,,1,https://www.atptour.com/en/players/jerry-barton/b0ux/overview
2026-04-16T19:40:09Z,1866T,A. Berquier,,1,https://www.atptour.com/en/players/alexis-berquier/b0ur/overview
2026-04-16T19:40:09Z,1866T,J. Bienkiewicz,,1,https://www.atptour.com/en/players/juliusz-bienkiewicz/b0i8/overview
2026-04-16T19:40:09Z,1866T,T. Brunetti,,1,https://www.atptour.com/en/players/tighe-brunetti/b0yc/overview
2026-04-16T19:40:09Z,1866T,V. Caripi,,1,https://www.atptour.com/en/players/vasilios-caripi/ce80/overview
2026-04-16T19:40:09Z,1866T,M. Carroll,,1,https://www.atptour.com/en/players/matthew-carroll/c0up/overview
2026-04-16T19:40:09Z,1866T,H. Carvajal,,1,https://www.atptour.com/en/players/hanamichi-carvajal/c0jz/overview
2026-04-16T19:40:09Z,1866T,M. Castro Fabra,,1,https://www.atptour.com/en/players/marcos-castro-fabra/c0q8/overview
2026-04-16T19:40:09Z,1866T,E. Cham,,1,https://www.atptour.com/en/players/elijah-cham/c0rn/overview
2026-04-16T19:40:09Z,1866T,S. Dattatray Kurale,,1,https://www.atptour.com/en/players/sandesh-dattatray-kurale/d0kn/overview
2026-04-16T19:40:09Z,1866T,M. Du,,1,https://www.atptour.com/en/players/malanqi-du/d0ox/overview
2026-04-16T19:40:09Z,1866T,T. Dummer Macedo,,1,https://www.atptour.com/en/players/tomas-dummer-macedo/d0oh/overview
2026-04-16T19:40:09Z,1866T,B. Duran,,1,https://www.atptour.com/en/players/birtan-duran/d0kj/overview
2026-04-16T19:40:09Z,1866T,G. Durrer,,1,https://www.atptour.com/en/players/gian-durrer/d0pe/overview
2026-04-16T19:40:09Z,1866T,K. El Feky,,1,https://www.atptour.com/en/players/karim-el-feky/e0c7/overview
2026-04-16T19:40:09Z,1866T,S. Elyasi,,1,https://www.atptour.com/en/players/samyar-elyasi/e0d3/overview
2026-04-16T19:40:09Z,1866T,F. Emslie-Robson,,1,https://www.atptour.com/en/players/finlay-emslie-robson/e0f1/overview
2026-04-16T19:40:09Z,1866T,R. Ferrer Guimaraes,,1,https://www.atptour.com/en/players/roberto-ferrer-guimaraes/f0gr/overview
2026-04-16T19:40:09Z,1866T,X. Ferrer Mateo,,1,https://www.atptour.com/en/players/xavier-ferrer-mateo/f0ij/overview
2026-04-16T19:40:09Z,1866T,O. Font,,1,https://www.atptour.com/en/players/oriol-font/f0fp/overview
2026-04-16T19:40:09Z,1866T,K. Fujisaki,,1,https://www.atptour.com/en/players/kanta-fujisaki/f0kb/overview
2026-04-16T19:40:09Z,1866T,R. Garcia Finetto,,1,https://www.atptour.com/en/players/rafael-augusto-garcia-finetto/g0qs/overview
2026-04-16T19:40:09Z,1866T,P. Gava,,1,https://www.atptour.com/en/players/pietro-gava/g0qr/overview
2026-04-16T19:40:09Z,1866T,C. Gayk,,1,https://www.atptour.com/en/players/christoph-gayk/g0mr/overview
2026-04-16T19:40:09Z,1866T,D. Golubev,,1,https://www.atptour.com/en/players/daniil-golubev/g0bd/overview
2026-04-16T19:40:09Z,1866T,M. Groysman,,1,https://www.atptour.com/en/players/maxim-groysman/g0pq/overview
2026-04-16T19:40:09Z,1866T,K. Halmos,,1,https://www.atptour.com/en/players/kornel-halmos/h0k2/overview
2026-04-16T19:40:09Z,1866T,Z. Hamill,,1,https://www.atptour.com/en/players/zac-hamill/h0lp/overview
2026-04-16T19:40:09Z,1866T,B. Hernandez Cortes,,1,https://www.atptour.com/en/players/bryan-hernandez-cortes/h0la/overview
2026-04-16T19:40:09Z,1866T,D. Jeanne-Grandinot,,1,https://www.atptour.com/en/players/david-jeanne-grandinot/j0f5/overview
2026-04-16T19:40:09Z,1866T,J. Joyce,,1,https://www.atptour.com/en/players/jarrod-joyce/j0er/overview
2026-04-16T19:40:09Z,1866T,H. Karmoussi,,1,https://www.atptour.com/en/players/hamza-karmoussi/ke25/overview
2026-04-16T19:40:09Z,1866T,P. Karthik,,1,https://www.atptour.com/en/players/pranav-karthik/k0oa/overview
2026-04-16T19:40:09Z,1866T,Y. Khamis,,1,https://www.atptour.com/en/players/yusuf-khamis/k0cv/overview
2026-04-16T19:40:09Z,1866T,N. Kobelt,,1,https://www.atptour.com/en/players/nicolas-kobelt/k0jb/overview
2026-04-16T19:40:09Z,1866T,T. Kostka,,1,https://www.atptour.com/en/players/thomas-kostka/k0jr/overview
2026-04-16T19:40:09Z,1866T,T. Lanik,,1,https://www.atptour.com/en/players/tomas-lanik/l0ga/overview
2026-04-16T19:40:09Z,1866T,W. Lee,,1,https://www.atptour.com/en/players/woong-bi-lee/l0lu/overview
2026-04-16T19:40:09Z,1866T,W. Lee,,1,https://www.atptour.com/en/players/woong-chan-lee/l0o4/overview
2026-04-16T19:40:09Z,1866T,L. Liu,,1,https://www.atptour.com/en/players/liangxuan-liu/l0ot/overview
2026-04-16T19:40:09Z,1866T,A. Lucarelli,,1,https://www.atptour.com/en/players/augusto-mateo-lucarelli/l0of/overview
2026-04-16T19:40:09Z,1866T,C. Mahjoob,,1,https://www.atptour.com/en/players/cyrus-mahjoob/m0ve/overview
2026-04-16T19:40:09Z,1866T,N. Martens,,1,https://www.atptour.com/en/players/noah-martens/m1a4/overview
2026-04-16T19:40:09Z,1866T,K. Mathes,,1,https://www.atptour.com/en/players/kaspar-mathes/m1ah/overview
2026-04-16T19:40:09Z,1866T,J. Meda,,1,https://www.atptour.com/en/players/joel-meda/mw25/overview
2026-04-16T19:40:09Z,1866T,M. Moazam,,1,https://www.atptour.com/en/players/moein-moazam/m0qj/overview
2026-04-16T19:40:09Z,1866T,A. Moreno,,1,https://www.atptour.com/en/players/alejandro-moreno/m0t6/overview
2026-04-16T19:40:09Z,1866T,J. Munoz,,1,https://www.atptour.com/en/players/juan-francisco-munoz/m0wj/overview
2026-04-16T19:40:09Z,1866T,F. Murray,,1,https://www.atptour.com/en/players/freddy-murray/m0x8/overview
2026-04-16T19:40:09Z,1866T,M. Naumovski,,1,https://www.atptour.com/en/players/mason-naumovski/n0ag/overview
2026-04-16T19:40:09Z,1866T,N. Niggemann,,1,https://www.atptour.com/en/players/niklas-niggemann/n0gp/overview
2026-04-16T19:40:09Z,1866T,D. Nima,,1,https://www.atptour.com/en/players/dingzheng-nima/n0cc/overview
2026-04-16T19:40:09Z,1866T,R. Novell,,1,https://www.atptour.com/en/players/ricard-novell/n0gm/overview
2026-04-16T19:40:09Z,1866T,V. Pape,,1,https://www.atptour.com/en/players/valdemar-frederik-pape/p0io/overview
2026-04-16T19:40:09Z,1866T,M. Pecotic,,1,https://www.atptour.com/en/players/matija-pecotic/ph42/overview
2026-04-16T19:40:09Z,1866T,R. Perez Socas,,1,https://www.atptour.com/en/players/roberto-perez-socas/p0no/overview
2026-04-16T19:40:09Z,1866T,P. Privara,,1,https://www.atptour.com/en/players/peter-benjamin-privara/p0gp/overview
2026-04-16T19:40:09Z,1866T,F. Raser,,1,https://www.atptour.com/en/players/felix-raser/r0o2/overview
2026-04-16T19:40:09Z,1866T,H. Ren,,1,https://www.atptour.com/en/players/henry-ren/r0ni/overview
2026-04-16T19:40:09Z,1866T,T. Rengel Sierra,,1,https://www.atptour.com/en/players/tomas-rengel-sierra/rh76/overview
2026-04-16T19:40:09Z,1866T,R. Reyna,,1,https://www.atptour.com/en/players/rodrigo-reyna/r0if/overview
2026-04-16T19:40:09Z,1866T,C. Roothman,,1,https://www.atptour.com/en/players/carl-roothman/r0es/overview
2026-04-16T19:40:09Z,1866T,A. Rusher,,1,https://www.atptour.com/en/players/agassi-rusher/r0mr/overview
2026-04-16T19:40:09Z,1866T,L. Saatela,,1,https://www.atptour.com/en/players/leevi-saatela/s0cv/overview
2026-04-16T19:40:09Z,1866T,A. Salazar,,1,https://www.atptour.com/en/players/agustín-salazar-salazar/s1c5/overview
2026-04-16T19:40:09Z,1866T,B. Sapaev,,1,https://www.atptour.com/en/players/batyr-sapaev/sp02/overview
2026-04-16T19:40:09Z,1866T,D. Sapic,,1,https://www.atptour.com/en/players/djordje-sapic/s1ef/overview
2026-04-16T19:40:09Z,1866T,M. Schtulmann Gasca,,1,https://www.atptour.com/en/players/mauricio-schtulmann-gasca/s1cx/overview
2026-04-16T19:40:09Z,1866T,J. Sebesta,,1,https://www.atptour.com/en/players/jan-sebesta/s0r7/overview
2026-04-16T19:40:09Z,1866T,J. Secord,,1,https://www.atptour.com/en/players/jack-secord/s1cu/overview
2026-04-16T19:40:09Z,1866T,R. Shirur,,1,https://www.atptour.com/en/players/rajat-shirur/s1fv/overview
2026-04-16T19:40:09Z,1866T,M. St-Hilaire,,1,https://www.atptour.com/en/players/maxime-st-hilaire/s0zi/overview
2026-04-16T19:40:09Z,1866T,H. Thursfield,,1,https://www.atptour.com/en/players/harry-thursfield/t0cw/overview
2026-04-16T19:40:09Z,1866T,M. Todorov,,1,https://www.atptour.com/en/players/maximilian-todorov/t0de/overview
2026-04-16T19:40:09Z,1866T,R. Torres,,1,https://www.atptour.com/en/players/ryan-torres/t0la/overview
2026-04-16T19:40:09Z,1866T,V. Urankar,,1,https://www.atptour.com/en/players/vaal-urankar/u0ai/overview
2026-04-16T19:40:09Z,1866T,A. Urquiola Montellano,,1,https://www.atptour.com/en/players/andres-urquiola-montellano/u09z/overview
2026-04-16T19:40:09Z,1866T,A. Velazquez Farre,,1,https://www.atptour.com/en/players/adria-velazquez-farre/v0ki/overview
2026-04-16T19:40:09Z,1866T,B. Walkin,,1,https://www.atptour.com/en/players/brandon-walkin/w738/overview
2026-04-16T19:40:09Z,1866T,I. Waterbolk,,1,https://www.atptour.com/en/players/ids-waterbolk/w0fd/overview
2026-04-16T19:40:09Z,1866T,D. Wisniewski,,1,https://www.atptour.com/en/players/dawid-wisniewski/w0fr/overview
2026-04-16T19:40:09Z,1866T,Y. Yoshikawa,,1,https://www.atptour.com/en/players/yusuke-yoshikawa/y276/overview
2026-04-16T19:40:09Z,1866T,W. Zhang,,1,https://www.atptour.com/en/players/william-zhang/z0e5/overview
2026-04-16T19:40:09Z,1866T,S. Zhu,,1,https://www.atptour.com/en/players/shixun-zhu/z0e1/overview
2026-04-16T19:40:09Z,1956T,S. Agabigun,,1,https://www.atptour.com/en/players/sarp-agabigun/ad04/overview
2026-04-16T19:40:09Z,1956T,B. Alabdullah,,1,https://www.atptour.com/en/players/bader-alabdullah/a0c4/overview
2026-04-16T19:40:09Z,1956T,R. Amarilla,,1,https://www.atptour.com/en/players/ramiro-amarilla/a0li/overview
2026-04-16T19:40:09Z,1956T,J. Antonio,,1,https://www.atptour.com/en/players/joao-antonio/af67/overview
2026-04-16T19:40:09Z,1956T,R. Arcuschin,,1,https://www.atptour.com/en/players/romeo-arcuschin/a0k7/overview
2026-04-16T19:40:09Z,1956T,D. Asenov,,1,https://www.atptour.com/en/players/david-asenov/a0o3/overview
2026-04-16T19:40:09Z,1956T,S. Badini,,1,https://www.atptour.com/en/players/sergio-badini/b0sl/overview
2026-04-16T19:40:09Z,1956T,N. Baena,,1,https://www.atptour.com/en/players/nicolas-baena/b0yb/overview
2026-04-16T19:40:09Z,1956T,L. Balducci,,1,https://www.atptour.com/en/players/lorenzo-balducci/b0z4/overview
2026-04-16T19:40:09Z,1956T,A. Barbic,,1,https://www.atptour.com/en/players/arian-barbic/b0x0/overview
2026-04-16T19:40:09Z,1956T,V. Barrere,,1,https://www.atptour.com/en/players/victor-barrere/b0re/overview
2026-04-16T19:40:09Z,1956T,L. Bojicic Ono,,1,https://www.atptour.com/en/players/luka-bojicic-ono/b0uf/overview
2026-04-16T19:40:09Z,1956T,M. Borisov,,1,https://www.atptour.com/en/players/maximilian-borisov/b0xe/overview
2026-04-16T19:40:09Z,1956T,F. Bove,,1,https://www.atptour.com/en/players/federico-bove/b0nk/overview
2026-04-16T19:40:09Z,1956T,T. Bowers,,1,https://www.atptour.com/en/players/tyler-bowers/b0qa/overview
2026-04-16T19:40:09Z,1956T,S. Christodoulou,,1,https://www.atptour.com/en/players/stylianos-christodoulou/c0l4/overview
2026-04-16T19:40:09Z,1956T,D. Ciobotaru,,1,https://www.atptour.com/en/players/dario-alexandru-ciobotaru/c0sd/overview
2026-04-16T19:40:09Z,1956T,J. Claro,,1,https://www.atptour.com/en/players/jose-luis-claro/c0kz/overview
2026-04-16T19:40:09Z,1956T,E. Collar,,1,https://www.atptour.com/en/players/enrique-collar/c0u2/overview
2026-04-16T19:40:09Z,1956T,S. Colleu,,1,https://www.atptour.com/en/players/sasha-colleu/c0ui/overview
2026-04-16T19:40:09Z,1956T,M. Doskocil,,1,https://www.atptour.com/en/players/martin-doskocil/d0no/overview
2026-04-16T19:40:09Z,1956T,A. Dragoni,,1,https://www.atptour.com/en/players/alessandro-dragoni/de10/overview
2026-04-16T19:40:09Z,1956T,M. Dubrouski,,1,https://www.atptour.com/en/players/mikhail-dubrouski/d0k1/overview
2026-04-16T19:40:09Z,1956T,G. Elicha Navas,,1,https://www.atptour.com/en/players/gabriel-elicha-navas/e0cf/overview
2026-04-16T19:40:09Z,1956T,E. Etty,,1,https://www.atptour.com/en/players/edward-etty/e0ee/overview
2026-04-16T19:40:09Z,1956T,W. Fan,,1,https://www.atptour.com/en/players/wen-bo-fan/f0io/overview
2026-04-16T19:40:09Z,1956T,T. Gadecki,,1,https://www.atptour.com/en/players/thomas-nicholas-gadecki/g0ki/overview
2026-04-16T19:40:09Z,1956T,J. Gamble,,1,https://www.atptour.com/en/players/jon-gamble/g0q4/overview
2026-04-16T19:40:09Z,1956T,A. Garcia Carbajal,,1,https://www.atptour.com/en/players/alejandro-garcia-carbajal/g0bj/overview
2026-04-16T19:40:09Z,1956T,I. Gaztambide Arrastia,,1,https://www.atptour.com/en/players/iker-gaztambide-arrastia/g0ml/overview
2026-04-16T19:40:09Z,1956T,A. Glomb,,1,https://www.atptour.com/en/players/alexander-glomb/g0pd/overview
2026-04-16T19:40:09Z,1956T,S. Gorzny,,1,https://www.atptour.com/en/players/sebastian-gorzny/g0jj/overview
2026-04-16T19:40:09Z,1956T,A. Gschiel,,1,https://www.atptour.com/en/players/alexander-gschiel/g0qw/overview
2026-04-16T19:40:09Z,1956T,T. Gunzinger,,1,https://www.atptour.com/en/players/thomas-gunzinger/g0q8/overview
2026-04-16T19:40:09Z,1956T,M. Havlicek,,1,https://www.atptour.com/en/players/mark-havlicek/h0gi/overview
2026-04-16T19:40:09Z,1956T,L. Hellum-Lilleengen,,1,https://www.atptour.com/en/players/lukas-hellum-lilleengen/h0bc/overview
2026-04-16T19:40:09Z,1956T,Y. Hirose,,1,https://www.atptour.com/en/players/yuya-hirose/h0m7/overview
2026-04-16T19:40:09Z,1956T,M. Hribar,,1,https://www.atptour.com/en/players/matic-hribar/h0jq/overview
2026-04-16T19:40:09Z,1956T,L. Iemmi,,1,https://www.atptour.com/en/players/leonardo-iemmi/i0bj/overview
2026-04-16T19:40:09Z,1956T,I. Ignatov,,1,https://www.atptour.com/en/players/ilya-ignatov/i0c6/overview
2026-04-16T19:40:09Z,1956T,S. Ingles Garre,,1,https://www.atptour.com/en/players/sergio-ingles-garre/i419/overview
2026-04-16T19:40:09Z,1956T,R. Jackson,,1,https://www.atptour.com/en/players/ryder-jackson/j0au/overview
2026-04-16T19:40:09Z,1956T,A. Jacome Jaramillo,,1,https://www.atptour.com/en/players/alejandro-jacome-jaramillo/j0e9/overview
2026-04-16T19:40:09Z,1956T,O. Johansson,,1,https://www.atptour.com/en/players/oliver-johansson/j0bu/overview
2026-04-16T19:40:09Z,1956T,K. Kang,,1,https://www.atptour.com/en/players/kaigaoge-kang/k0pj/overview
2026-04-16T19:40:09Z,1956T,V. Krstic,,1,https://www.atptour.com/en/players/veljko-krstic/k0i0/overview
2026-04-16T19:40:09Z,1956T,A. Latifovic,,1,https://www.atptour.com/en/players/anes-latifovic/l0mg/overview
2026-04-16T19:40:09Z,1956T,J. Lee,,1,https://www.atptour.com/en/players/jordan-lee/l0oa/overview
2026-04-16T19:40:09Z,1956T,T. Loosen,,1,https://www.atptour.com/en/players/tim-loosen/l0go/overview
2026-04-16T19:40:09Z,1956T,M. Lorens,,1,https://www.atptour.com/en/players/mikolaj-lorens/l0du/overview
2026-04-16T19:40:09Z,1956T,M. Maldonado,,1,https://www.atptour.com/en/players/martin-maldonado/m0k6/overview
2026-04-16T19:40:09Z,1956T,T. Marin,,1,https://www.atptour.com/en/players/tomas-marin/m19s/overview
2026-04-16T19:40:09Z,1956T,M. Migliorati,,1,https://www.atptour.com/en/players/marco-migliorati/m1bk/overview
2026-04-16T19:40:09Z,1956T,M. Mikovic,,1,https://www.atptour.com/en/players/milos-mikovic/m0nk/overview
2026-04-16T19:40:09Z,1956T,A. Missoum,,1,https://www.atptour.com/en/players/ali-missoum/m0xi/overview
2026-04-16T19:40:09Z,1956T,L. Nakamine,,1,https://www.atptour.com/en/players/luis-jose-nakamine/n0f1/overview
2026-04-16T19:40:09Z,1956T,S. Nakanishi,,1,https://www.atptour.com/en/players/seiya-nakanishi/n0ec/overview
2026-04-16T19:40:09Z,1956T,P. Ngijol Carre,,1,https://www.atptour.com/en/players/pierre-ngijol-carre/n0h3/overview
2026-04-16T19:40:09Z,1956T,M. Oezcelik,,1,https://www.atptour.com/en/players/maximilian-oezcelik/o0d2/overview
2026-04-16T19:40:09Z,1956T,A. Okonkwo,,1,https://www.atptour.com/en/players/alexander-ikenna-okonkwo/o0eq/overview
2026-04-16T19:40:09Z,1956T,Y. Oliel,,1,https://www.atptour.com/en/players/yshai-oliel/o674/overview
2026-04-16T19:40:09Z,1956T,S. Park,,1,https://www.atptour.com/en/players/seungmin-park/p0mf/overview
2026-04-16T19:40:09Z,1956T,B. Pavel,,1,https://www.atptour.com/en/players/bogdan-pavel/pl80/overview
2026-04-16T19:40:09Z,1956T,A. Petrov,,1,https://www.atptour.com/en/players/alexander-petrov/p0j3/overview
2026-04-16T19:40:09Z,1956T,M. Pisanu,,1,https://www.atptour.com/en/players/mattias-pisanu/p0ot/overview
2026-04-16T19:40:09Z,1956T,T. Radovanovic,,1,https://www.atptour.com/en/players/tadija-radovanovic/r0ds/overview
2026-04-16T19:40:09Z,1956T,Y. Rahman,,1,https://www.atptour.com/en/players/yannik-rahman/r0j0/overview
2026-04-16T19:40:09Z,1956T,P. Renard,,1,https://www.atptour.com/en/players/philippe-renard/r0lq/overview
2026-04-16T19:40:09Z,1956T,F. Ridout,,1,https://www.atptour.com/en/players/freddie-ridout/r0iz/overview
2026-04-16T19:40:09Z,1956T,P. Robledo,,1,https://www.atptour.com/en/players/pablo-robledo/r0mo/overview
2026-04-16T19:40:09Z,1956T,J. Roddick,,1,https://www.atptour.com/en/players/jerry-roddick/r0jg/overview
2026-04-16T19:40:09Z,1956T,T. Ruehl,,1,https://www.atptour.com/en/players/tim-ruehl/rh45/overview
2026-04-16T19:40:09Z,1956T,J. Sadzik,,1,https://www.atptour.com/en/players/jan-sadzik/s1e0/overview
2026-04-16T19:40:09Z,1956T,F. Salle,,1,https://www.atptour.com/en/players/fabien-salle/sz32/overview
2026-04-16T19:40:09Z,1956T,M. Sanchez,,1,https://www.atptour.com/en/players/manuel-sanchez/si82/overview
2026-04-16T19:40:09Z,1956T,J. Schaer,,1,https://www.atptour.com/en/players/jonas-schaer/s0i2/overview
2026-04-16T19:40:09Z,1956T,R. Segado Esteve,,1,https://www.atptour.com/en/players/rafael-segado-esteve/s0tz/overview
2026-04-16T19:40:09Z,1956T,R. Senthil Kumar,,1,https://www.atptour.com/en/players/rethin-pranav-senthil-kumar/s19t/overview
2026-04-16T19:40:09Z,1956T,S. Slocombe,,1,https://www.atptour.com/en/players/stephen-slocombe/s1cl/overview
2026-04-16T19:40:09Z,1956T,N. Steiglehner,,1,https://www.atptour.com/en/players/nicholas-steiglehner/s1bn/overview
2026-04-16T19:40:09Z,1956T,G. Strom,,1,https://www.atptour.com/en/players/gustaf-strom/s0ka/overview
2026-04-16T19:40:09Z,1956T,L. Suarez,,1,https://www.atptour.com/en/players/leonardo-suarez/s1dp/overview
2026-04-16T19:40:09Z,1956T,E. Sumann,,1,https://www.atptour.com/en/players/elias-sumann/s1c8/overview
2026-04-16T19:40:09Z,1956T,J. Tang,,1,https://www.atptour.com/en/players/jin-peng-tang/t0fv/overview
2026-04-16T19:40:09Z,1956T,D. Tazabekov,,1,https://www.atptour.com/en/players/daniel-tazabekov/t0l4/overview
2026-04-16T19:40:09Z,1956T,K. Thompson,,1,https://www.atptour.com/en/players/kai-thompson/t0lc/overview
2026-04-16T19:40:09Z,1956T,A. Tripathi,,1,https://www.atptour.com/en/players/aadarsh-tripathi/t0k4/overview
2026-04-16T19:40:09Z,1956T,N. Trouve,,1,https://www.atptour.com/en/players/nathan-trouve/t0fw/overview
2026-04-16T19:40:09Z,1956T,A. Usmonjonov,,1,https://www.atptour.com/en/players/abdulaziz-usmonjonov/u0ao/overview
2026-04-16T19:40:09Z,1956T,J. Valenzuela,,1,https://www.atptour.com/en/players/julian-valenzuela/v0j4/overview
2026-04-16T19:40:09Z,1956T,J. Van Assendelft,,1,https://www.atptour.com/en/players/jip-van-assendelft/v0ep/overview
2026-04-16T19:40:09Z,1956T,F. Vazquez,,1,https://www.atptour.com/en/players/franco-ariel-vazquez/v0if/overview
2026-04-16T19:40:09Z,1956T,A. Williams,,1,https://www.atptour.com/en/players/aaron-james-williams/w0dz/overview
2026-04-16T19:40:09Z,1956T,F. Willman,,1,https://www.atptour.com/en/players/finn-willman/w0fn/overview
2026-04-16T19:40:09Z,1956T,M. Wong,,1,https://www.atptour.com/en/players/maximus-zavier-wong/w0en/overview
2026-04-16T19:40:09Z,1956T,K. Wu,,1,https://www.atptour.com/en/players/kai-an-wu/w0g2/overview
2026-04-16T19:40:09Z,1956T,F. Yamacita,,1,https://www.atptour.com/en/players/fernando-yamacita/y223/overview
2026-04-16T19:40:09Z,1956T,A. Zagars,,1,https://www.atptour.com/en/players/arturs-zagars/z0dx/overview
2026-04-16T19:40:09Z,1956T,C. Zerega,,1,https://www.atptour.com/en/players/carlos-zerega/z0dr/overview
2026-04-16T19:40:09Z,2055T,D. Abadia,,1,https://www.atptour.com/en/players/danielle-abadia/a0el/overview
2026-04-16T19:40:09Z,2055T,D. Abdusamadov,,1,https://www.atptour.com/en/players/damir-abdusamadov/a0mk/overview
2026-04-16T19:40:09Z,2055T,M. Abibsi,,1,https://www.atptour.com/en/players/mohamed-ali-abibsi/a0fu/overview
2026-04-16T19:40:09Z,2055T,F. Assuncao Garla,,1,https://www.atptour.com/en/players/felipe-assuncao-garla/ab75/overview
2026-04-16T19:40:09Z,2055T,F. Bocci,,1,https://www.atptour.com/en/players/flavio-bocci/b0yv/overview
2026-04-16T19:40:09Z,2055T,E. Bogo,,1,https://www.atptour.com/en/players/enrique-bogo/bk43/overview
2026-04-16T19:40:09Z,2055T,T. Boosarawongse,,1,https://www.atptour.com/en/players/thanaphat-boosarawongse/b0w7/overview
2026-04-16T19:40:09Z,2055T,M. Bourgue,,1,https://www.atptour.com/en/players/mathias-bourgue/bk19/overview
2026-04-16T19:40:09Z,2055T,D. Carteputreda,,1,https://www.atptour.com/en/players/david-cristian-carteputreda/c0pt/overview
2026-04-16T19:40:09Z,2055T,A. Ciurletti,,1,https://www.atptour.com/en/players/andres-gabriel-ciurletti/cn39/overview
2026-04-16T19:40:09Z,2055T,C. Deleersnyder,,1,https://www.atptour.com/en/players/clement-deleersnyder/d0f4/overview
2026-04-16T19:40:09Z,2055T,J. Didoni Bonini,,1,https://www.atptour.com/en/players/joão-pedro-didoni-bonini/d0ou/overview
2026-04-16T19:40:09Z,2055T,T. Drayton,,1,https://www.atptour.com/en/players/thomas-drayton/d0me/overview
2026-04-16T19:40:09Z,2055T,V. Dullinger,,1,https://www.atptour.com/en/players/vincent-dullinger/d0nd/overview
2026-04-16T19:40:09Z,2055T,T. Erlewein,,1,https://www.atptour.com/en/players/tarek-erlewein/e0em/overview
2026-04-16T19:40:09Z,2055T,A. Fernandez Canovas,,1,https://www.atptour.com/en/players/andres-fernandez-canovas/fc00/overview
2026-04-16T19:40:09Z,2055T,B. Fitzpatrick,,1,https://www.atptour.com/en/players/barney-fitzpatrick/f0b4/overview
2026-04-16T19:40:09Z,2055T,L. Flores Avila,,1,https://www.atptour.com/en/players/luis-andres-flores-avila/f0j4/overview
2026-04-16T19:40:09Z,2055T,S. Ganta,,1,https://www.atptour.com/en/players/sai-karteek-reddy-ganta/g0h0/overview
2026-04-16T19:40:09Z,2055T,F. Garbero,,1,https://www.atptour.com/en/players/filippo-francesco-garbero/g0o3/overview
2026-04-16T19:40:09Z,2055T,A. Genov,,1,https://www.atptour.com/en/players/anthony-genov/g0gk/overview
2026-04-16T19:40:09Z,2055T,N. Goldberg Alviani,,1,https://www.atptour.com/en/players/nicolas-rafael-goldberg-alviani/g0j6/overview
2026-04-16T19:40:09Z,2055T,J. Guzman,,1,https://www.atptour.com/en/players/javier-guzman/g0ne/overview
2026-04-16T19:40:09Z,2055T,J. Haus,,1,https://www.atptour.com/en/players/julius-maximilian-haus/h0m9/overview
2026-04-16T19:40:09Z,2055T,R. Haviland,,1,https://www.atptour.com/en/players/ryan-haviland/h624/overview
2026-04-16T19:40:09Z,2055T,I. Hediger,,1,https://www.atptour.com/en/players/ilan-zheng-xiong-hediger/h0lc/overview
2026-04-16T19:40:09Z,2055T,K. Hernandez Mariona,,1,https://www.atptour.com/en/players/kaeri-hernandez-mariona/h0gu/overview
2026-04-16T19:40:09Z,2055T,S. Hess,,1,https://www.atptour.com/en/players/sean-hess/h0gj/overview
2026-04-16T19:40:09Z,2055T,T. Horie,,1,https://www.atptour.com/en/players/toru-horie/h0ad/overview
2026-04-16T19:40:09Z,2055T,D. Juszczak,,1,https://www.atptour.com/en/players/dorian-juszczak/j0f9/overview
2026-04-16T19:40:09Z,2055T,R. Lawlor,,1,https://www.atptour.com/en/players/rhys-lawlor/l0o2/overview
2026-04-16T19:40:09Z,2055T,I. Lhomond,,1,https://www.atptour.com/en/players/isaac-lhomond/l0la/overview
2026-04-16T19:40:09Z,2055T,A. Majchrzak,,1,https://www.atptour.com/en/players/adam-majchrzak/m0rn/overview
2026-04-16T19:40:09Z,2055T,A. Major,,1,https://www.atptour.com/en/players/aron-janos-major/m0zy/overview
2026-04-16T19:40:09Z,2055T,F. Marini,,1,https://www.atptour.com/en/players/franco-marini/m0rs/overview
2026-04-16T19:40:09Z,2055T,G. Marques,,1,https://www.atptour.com/en/players/goncalo-marques/m0vl/overview
2026-04-16T19:40:09Z,2055T,B. Martin,,1,https://www.atptour.com/en/players/benjamin--martin/m0sa/overview
2026-04-16T19:40:09Z,2055T,J. Mas De Ugarte,,1,https://www.atptour.com/en/players/jordi-mas-de-ugarte/mv26/overview
2026-04-16T19:40:09Z,2055T,M. Matuszczyk,,1,https://www.atptour.com/en/players/maciej-matuszczyk/m0ry/overview
2026-04-16T19:40:09Z,2055T,S. Menichella,,1,https://www.atptour.com/en/players/stefan-menichella/mw03/overview
2026-04-16T19:40:09Z,2055T,E. Mohamed Sherif,,1,https://www.atptour.com/en/players/eyad-reda-ezzat-mohamed-sherif/m1bh/overview
2026-04-16T19:40:09Z,2055T,V. Monge,,1,https://www.atptour.com/en/players/vicente-monge/m0yc/overview
2026-04-16T19:40:09Z,2055T,F. Musitelli,,1,https://www.atptour.com/en/players/françois-musitelli/m0hb/overview
2026-04-16T19:40:09Z,2055T,F. Osti,,1,https://www.atptour.com/en/players/fabrizio-karol-pio-osti/o0d5/overview
2026-04-16T19:40:09Z,2055T,T. Pinho,,1,https://www.atptour.com/en/players/tomas-pinho/p0ih/overview
2026-04-16T19:40:09Z,2055T,O. Pinto Sansano,,1,https://www.atptour.com/en/players/oscar-pinto-sansano/p0g7/overview
2026-04-16T19:40:09Z,2055T,L. Rocha,,1,https://www.atptour.com/en/players/lautaro-rocha/r0nr/overview
2026-04-16T19:40:09Z,2055T,K. Schinnerer,,1,https://www.atptour.com/en/players/kase-schinnerer/s1cy/overview
2026-04-16T19:40:09Z,2055T,H. Schoenmakers,,1,https://www.atptour.com/en/players/hidde-schoenmakers/s1ee/overview
2026-04-16T19:40:09Z,2055T,J. Silva,,1,https://www.atptour.com/en/players/joao-silva/s0y4/overview
2026-04-16T19:40:09Z,2055T,A. Souza,,1,https://www.atptour.com/en/players/andre-souza/s1cw/overview
2026-04-16T19:40:09Z,2055T,F. Stidell,,1,https://www.atptour.com/en/players/filip-stidell/s0x4/overview
2026-04-16T19:40:09Z,2055T,S. Stolarik,,1,https://www.atptour.com/en/players/samuel-stolarik/s0vy/overview
2026-04-16T19:40:09Z,2055T,B. Swenson,,1,https://www.atptour.com/en/players/bjorn-swenson/s0tu/overview
2026-04-16T19:40:09Z,2055T,A. Szoke,,1,https://www.atptour.com/en/players/adam-gabor-szoke/s0wu/overview
2026-04-16T19:40:09Z,2055T,A. Ushakov,,1,https://www.atptour.com/en/players/alexander-ushakov/u0an/overview
2026-04-16T19:40:09Z,2055T,N. Van Noord,,1,https://www.atptour.com/en/players/niels-peter-van-noord/v0c2/overview
2026-04-16T19:40:09Z,2055T,A. Vikhlyantsev,,1,https://www.atptour.com/en/players/alexander-vikhlyantsev/v0f2/overview
2026-04-16T19:40:09Z,2055T,H. Villanger,,1,https://www.atptour.com/en/players/henrik-villanger/v0j7/overview
2026-04-16T19:40:09Z,2055T,J. Vrba,,1,https://www.atptour.com/en/players/jakub-vrba/v0hr/overview
2026-04-16T19:40:09Z,2055T,A. Zaki,,1,https://www.atptour.com/en/players/ahmed-zaki/z0cc/overview
2026-04-16T19:40:09Z,2055T,V. Zatsepin,,1,https://www.atptour.com/en/players/vitaliy-zatsepin/z0ct/overview
2026-04-16T19:40:09Z,2117T,M. Alkotop,,1,https://www.atptour.com/en/players/mohammad-alkotop/a0kf/overview
2026-04-16T19:40:09Z,2117T,M. Andrzejczak,,1,https://www.atptour.com/en/players/marcin-andrzejczak/a0mb/overview
2026-04-16T19:40:09Z,2117T,C. Camus,,1,https://www.atptour.com/en/players/charlie-camus/c0lm/overview
2026-04-16T19:40:09Z,2117T,P. Charusorn,,1,https://www.atptour.com/en/players/penn-charusorn/c0sw/overview
2026-04-16T19:40:09Z,2117T,J. Freitas,,1,https://www.atptour.com/en/players/jose-freitas/f0j1/overview
2026-04-16T19:40:09Z,2117T,H. Fu,,1,https://www.atptour.com/en/players/hong-lin-fu/f0bn/overview
2026-04-16T19:40:09Z,2117T,S. Giamichelle,,1,https://www.atptour.com/en/players/santiago-giamichelle/g0j4/overview
2026-04-16T19:40:09Z,2117T,S. Han,,1,https://www.atptour.com/en/players/seonyong-han/h0dp/overview
2026-04-16T19:40:09Z,2117T,H. Hashimoto,,1,https://www.atptour.com/en/players/hugo-hashimoto/h0l5/overview
2026-04-16T19:40:09Z,2117T,A. Heinonen,,1,https://www.atptour.com/en/players/adam-heinonen/h0d1/overview
2026-04-16T19:40:09Z,2117T,J. Jermar,,1,https://www.atptour.com/en/players/jan-jermar/j0b6/overview
2026-04-16T19:40:09Z,2117T,R. Jones,,1,https://www.atptour.com/en/players/roan-jones/j0d3/overview
2026-04-16T19:40:09Z,2117T,P. Jozwicki,,1,https://www.atptour.com/en/players/patrick-jozwicki/j0fd/overview
2026-04-16T19:40:09Z,2117T,R. Koenders,,1,https://www.atptour.com/en/players/rein-koenders/k0m3/overview
2026-04-16T19:40:09Z,2117T,Y. Kono,,1,https://www.atptour.com/en/players/yuhei-kono/ki64/overview
2026-04-16T19:40:09Z,2117T,S. Konov,,1,https://www.atptour.com/en/players/samuil-konov/k0f3/overview
2026-04-16T19:40:09Z,2117T,M. Kriznik,,1,https://www.atptour.com/en/players/matic-kriznik/k0jy/overview
2026-04-16T19:40:09Z,2117T,A. Liaonenka,,1,https://www.atptour.com/en/players/aliaksandr-liaonenka/l09d/overview
2026-04-16T19:40:09Z,2117T,N. Marosik,,1,https://www.atptour.com/en/players/norbert-marosik/m0wk/overview
2026-04-16T19:40:09Z,2117T,J. Mcgary,,1,https://www.atptour.com/en/players/jack-patrick-mcgary/m19i/overview
2026-04-16T19:40:09Z,2117T,A. Melero Kretzer,,1,https://www.atptour.com/en/players/alejandro-melero-kretzer/m0tu/overview
2026-04-16T19:40:09Z,2117T,M. Mesaglio,,1,https://www.atptour.com/en/players/matteo-mesaglio/m0ws/overview
2026-04-16T19:40:09Z,2117T,D. Minighini,,1,https://www.atptour.com/en/players/daniele-minighini/m0o0/overview
2026-04-16T19:40:09Z,2117T,B. Nagy,,1,https://www.atptour.com/en/players/botond-nagy/n0fo/overview
2026-04-16T19:40:09Z,2117T,S. Nanobashvili,,1,https://www.atptour.com/en/players/saba-george-nanobashvili/n0et/overview
2026-04-16T19:40:09Z,2117T,N. Noikor,,1,https://www.atptour.com/en/players/noppadol-noikor/n0bl/overview
2026-04-16T19:40:09Z,2117T,O. Reyes Tirado,,1,https://www.atptour.com/en/players/oswaldo-alejandro-reyes-tirado/r0mh/overview
2026-04-16T19:40:09Z,2117T,C. Stanke,,1,https://www.atptour.com/en/players/cedric-stanke/s0sq/overview
2026-04-16T19:40:09Z,2117T,C. Stirbu,,1,https://www.atptour.com/en/players/calin-teodor-stirbu/s0wk/overview
2026-04-16T19:40:09Z,2117T,S. Suden,,1,https://www.atptour.com/en/players/sarthak-suden/s0xw/overview
2026-04-16T19:40:09Z,2117T,R. Vaksmann,,1,https://www.atptour.com/en/players/raphael-vaksmann/v0i5/overview
2026-04-16T19:40:09Z,2117T,M. Varbanciu,,1,https://www.atptour.com/en/players/matei-varbanciu/v0jw/overview
2026-04-16T19:40:09Z,2117T,Q. Wang,,1,https://www.atptour.com/en/players/qiulin-wang/w0ez/overview
2026-04-16T19:40:09Z,2117T,W. Xu,,1,https://www.atptour.com/en/players/weitao-xu/x01e/overview
2026-04-16T19:40:09Z,2151T,S. Ann,,1,https://www.atptour.com/en/players/suk-ann/a0jp/overview
2026-04-16T19:40:09Z,2151T,G. Biondolillo,,1,https://www.atptour.com/en/players/gregorio-biondolillo/b0pz/overview
2026-04-16T19:40:09Z,2151T,J. Braswell,,1,https://www.atptour.com/en/players/jonah-braswell/b0pk/overview
2026-04-16T19:40:09Z,2151T,M. Carrascosa Diaz,,1,https://www.atptour.com/en/players/maxi-carrascosa-diaz/c0sk/overview
2026-04-16T19:40:09Z,2151T,P. Chabalgoity,,1,https://www.atptour.com/en/players/pedro-henrique-chabalgoity/c0to/overview
2026-04-16T19:40:09Z,2151T,E. De Filippo,,1,https://www.atptour.com/en/players/edoardo-de-filippo/d0mw/overview
2026-04-16T19:40:09Z,2151T,L. Fomba,,1,https://www.atptour.com/en/players/luc-fomba/fc50/overview
2026-04-16T19:40:09Z,2151T,A. Gadoiu,,1,https://www.atptour.com/en/players/andrei-corneliu-gadoiu/g0oc/overview
2026-04-16T19:40:09Z,2151T,M. Gribaldo,,1,https://www.atptour.com/en/players/matteo-gribaldo/g0qb/overview
2026-04-16T19:40:09Z,2151T,A. Hebhang Balan,,1,https://www.atptour.com/en/players/alexandru-toubi-hebhang-balan/h0kv/overview
2026-04-16T19:40:09Z,2151T,L. Hede,,1,https://www.atptour.com/en/players/ludvig-fredrik-hede/h0k7/overview
2026-04-16T19:40:09Z,2151T,P. Iamachkine,,1,https://www.atptour.com/en/players/petr-iamachkine/i371/overview
2026-04-16T19:40:09Z,2151T,R. Jarvis,,1,https://www.atptour.com/en/players/reid-jarvis/j0fs/overview
2026-04-16T19:40:09Z,2151T,R. Kastsiukevich,,1,https://www.atptour.com/en/players/ruslan-kastsiukevich/k0mp/overview
2026-04-16T19:40:09Z,2151T,R. Kis Balazs,,1,https://www.atptour.com/en/players/rafael-kis-balazs/k0h9/overview
2026-04-16T19:40:09Z,2151T,K. Lee,,1,https://www.atptour.com/en/players/karl-kazuma-lee/l0ka/overview
2026-04-16T19:40:09Z,2151T,N. Lehmann,,1,https://www.atptour.com/en/players/nikos-lehmann/l0hq/overview
2026-04-16T19:40:09Z,2151T,N. Lootsma,,1,https://www.atptour.com/en/players/niels-lootsma/le38/overview
2026-04-16T19:40:09Z,2151T,A. Lynch,,1,https://www.atptour.com/en/players/adam-lynch/l0ly/overview
2026-04-16T19:40:09Z,2151T,V. Menezes Freda,,1,https://www.atptour.com/en/players/vicente-menezes-freda/m1a0/overview
2026-04-16T19:40:09Z,2151T,S. Monteiro,,1,https://www.atptour.com/en/players/salvador-monteiro/m0xg/overview
2026-04-16T19:40:09Z,2151T,R. Oktay,,1,https://www.atptour.com/en/players/ramazan-kaan-oktay/o0eo/overview
2026-04-16T19:40:09Z,2151T,D. Piatrouski,,1,https://www.atptour.com/en/players/daniil-piatrouski/p0kz/overview
2026-04-16T19:40:09Z,2151T,G. Pinheiro Da Cruz Junior,,1,https://www.atptour.com/en/players/glauco-pinheiro-da-cruz-junior/p0lr/overview
2026-04-16T19:40:09Z,2151T,P. Sallay,,1,https://www.atptour.com/en/players/peter-sallay/s0gw/overview
2026-04-16T19:40:09Z,2151T,E. Sanogo,,1,https://www.atptour.com/en/players/elijah-sanogo/s1ez/overview
2026-04-16T19:40:09Z,2151T,M. Sciahbasi,,1,https://www.atptour.com/en/players/matteo-sciahbasi/s1az/overview
2026-04-16T19:40:09Z,2151T,K. Seelig,,1,https://www.atptour.com/en/players/kyle-seelig/sz28/overview
2026-04-16T19:40:09Z,2151T,L. Seidman,,1,https://www.atptour.com/en/players/lev-seidman/s1d6/overview
2026-04-16T19:40:09Z,2151T,D. Vasilev,,1,https://www.atptour.com/en/players/dmitrii-vasilev/v0eo/overview
2026-04-16T19:40:09Z,2181T,A. Alvarado Berrospi,,1,https://www.atptour.com/en/players/alberto-odiseo-alvarado-berrospi/a0fr/overview
2026-04-16T19:40:09Z,2181T,R. Andres,,1,https://www.atptour.com/en/players/romain-andres/a0mm/overview
2026-04-16T19:40:09Z,2181T,P. Aunion,,1,https://www.atptour.com/en/players/pablo-aunion/a0lf/overview
2026-04-16T19:40:09Z,2181T,R. Dhokia,,1,https://www.atptour.com/en/players/rahul-dhokia/d0ef/overview
2026-04-16T19:40:09Z,2181T,J. Hendrikx,,1,https://www.atptour.com/en/players/jim-hendrikx/h0iw/overview
2026-04-16T19:40:09Z,2181T,L. Hignett,,1,https://www.atptour.com/en/players/liam-hignett/h0h5/overview
2026-04-16T19:40:09Z,2181T,V. Holban,,1,https://www.atptour.com/en/players/vladimir-holban/h0k8/overview
2026-04-16T19:40:09Z,2181T,N. Hurtado Novoa,,1,https://www.atptour.com/en/players/nicolas-hurtado-novoa/h0mb/overview
2026-04-16T19:40:09Z,2181T,J. Karlsson Wistrand,,1,https://www.atptour.com/en/players/jack-karlsson-wistrand/k0jc/overview
2026-04-16T19:40:09Z,2181T,L. Kurniawan,,1,https://www.atptour.com/en/players/lucky-candra-kurniawan/k0kn/overview
2026-04-16T19:40:09Z,2181T,C. Maguire,,1,https://www.atptour.com/en/players/cian-maguire/m0ru/overview
2026-04-16T19:40:09Z,2181T,K. Malirz,,1,https://www.atptour.com/en/players/karol-malirz/m0rq/overview
2026-04-16T19:40:09Z,2181T,P. Masjuan Ginel,,1,https://www.atptour.com/en/players/pablo-masjuan-ginel/m0j2/overview
2026-04-16T19:40:09Z,2181T,t. Menzel,,1,https://www.atptour.com/en/players/thomas-menzel/m0td/overview
2026-04-16T19:40:09Z,2181T,A. Messis,,1,https://www.atptour.com/en/players/andreas-messis/m0zo/overview
2026-04-16T19:40:09Z,2181T,Z. Mingzhou,,1,https://www.atptour.com/en/players/zhou-mingzhou/m0hl/overview
2026-04-16T19:40:09Z,2181T,M. Mouilleron Salvo,,1,https://www.atptour.com/en/players/manuel-mouilleron-salvo/m0nz/overview
2026-04-16T19:40:09Z,2181T,N. Muamba,,1,https://www.atptour.com/en/players/nicaise-muamba/mw37/overview
2026-04-16T19:40:09Z,2181T,J. Tyler,,1,https://www.atptour.com/en/players/joe-tyler/t0b1/overview
2026-04-16T19:40:09Z,2181T,L. Vojinovic,,1,https://www.atptour.com/en/players/lazar-vojinovic/v0b5/overview
2026-04-16T19:40:09Z,2181T,D. Yoshimura,,1,https://www.atptour.com/en/players/daiki-yoshimura/y0al/overview
2026-04-16T19:40:09Z,2181T,Z. Zheng,,1,https://www.atptour.com/en/players/zhan-zheng/z0cv/overview
2026-04-16T19:40:09Z,2203T,Z. Adam-Gedge,,1,https://www.atptour.com/en/players/zachary-adam-gedge/a0j4/overview
2026-04-16T19:40:09Z,2203T,D. Bogatov,,1,https://www.atptour.com/en/players/daniil-bogatov/b0x4/overview
2026-04-16T19:40:09Z,2203T,A. Bueno Gil,,1,https://www.atptour.com/en/players/alvaro-bueno-gil/b0u5/overview
2026-04-16T19:40:09Z,2203T,A. Burdet,,1,https://www.atptour.com/en/players/adrien-burdet/b0ln/overview
2026-04-16T19:40:09Z,2203T,X. Han,,1,https://www.atptour.com/en/players/xirui-han/h0k1/overview
2026-04-16T19:40:09Z,2203T,G. Hausberger,,1,https://www.atptour.com/en/players/gregor-hausberger/h0j9/overview
2026-04-16T19:40:09Z,2203T,K. Koaykul,,1,https://www.atptour.com/en/players/krittin-koaykul/ke42/overview
2026-04-16T19:40:09Z,2203T,R. Matsumura,,1,https://www.atptour.com/en/players/ryotero-matsumura/mm67/overview
2026-04-16T19:40:09Z,2203T,K. Overmyer,,1,https://www.atptour.com/en/players/kyle-overmyer/o0bg/overview
2026-04-16T19:40:09Z,2203T,C. Tufekci,,1,https://www.atptour.com/en/players/cagan-efe-tufekci/t0j5/overview
2026-04-16T19:40:09Z,2203T,Y. Wageh,,1,https://www.atptour.com/en/players/yassin-ahmed-wageh/w0g4/overview
2026-04-16T19:40:09Z,2203T,M. Zhang,,1,https://www.atptour.com/en/players/minghui-zhang/z0d7/overview
2026-04-16T19:40:09Z,2215T,M. Carballo,,1,https://www.atptour.com/en/players/mateo-carballo/c0su/overview
2026-04-16T19:40:09Z,2215T,L. Delicata,,1,https://www.atptour.com/en/players/liam-delicata/d0ia/overview
2026-04-16T19:40:09Z,2215T,L. Ferri,,1,https://www.atptour.com/en/players/lorenzo-ferri/f0dw/overview
2026-04-16T19:40:09Z,2215T,C. Giraldi,,1,https://www.atptour.com/en/players/carlos-giraldi/g0kw/overview
2026-04-16T19:40:09Z,2215T,I. Iutkin,,1,https://www.atptour.com/en/players/ivan-iutkin/i0bl/overview
2026-04-16T19:40:09Z,2215T,F. Krolo,,1,https://www.atptour.com/en/players/filip-krolo/k0fo/overview
2026-04-16T19:40:09Z,2215T,I. Nortey,,1,https://www.atptour.com/en/players/isaac-nortey/n0e5/overview
2026-04-16T19:40:09Z,2215T,Y. Park,,1,https://www.atptour.com/en/players/yong-joon-park/p0o3/overview
2026-04-16T19:40:09Z,2215T,E. Qabazard,,1,https://www.atptour.com/en/players/essa-qabazard/q027/overview
2026-04-16T19:40:09Z,2215T,B. Urvaneja,,1,https://www.atptour.com/en/players/breno-rossetto-urvaneja/u0a9/overview
2026-04-16T19:40:09Z,2225,T. Wong,,1,https://www.atptour.com/en/players/tsz-fu-wong/w0f3/overview
2026-04-16T19:40:09Z,2226T,A. Arcon,,1,https://www.atptour.com/en/players/adrian-arcon/a0in/overview
2026-04-16T19:40:09Z,2226T,M. Dimic,,1,https://www.atptour.com/en/players/matic-dimic/d0dy/overview
2026-04-16T19:40:09Z,2228,K. Arinc,,1,https://www.atptour.com/en/players/kaya-arinc/a0f7/overview
2026-04-16T19:40:09Z,2229,A. Sharma,,1,https://www.atptour.com/en/players/atharva-sharma/s0lv/overview
2026-04-16T19:40:09Z,2230,A. Farag Cao,,1,https://www.atptour.com/en/players/adam-farag-cao/f0h7/overview
2026-04-16T19:40:09Z,2231,B. Seleznev,,1,https://www.atptour.com/en/players/bogdan-seleznev/s0te/overview
2026-04-16T19:40:09Z,1,Jannik Sinner,24,13350,https://www.atptour.com/en/players/jannik-sinner/s0ag/overview
2026-04-16T19:40:09Z,2,Carlos Alcaraz,22,13240,https://www.atptour.com/en/players/carlos-alcaraz/a0e2/overview
2026-04-16T19:40:09Z,3,Alexander Zverev,28,5555,https://www.atptour.com/en/players/alexander-zverev/z355/overview
2026-04-16T19:40:09Z,4,Novak Djokovic,38,4710,https://www.atptour.com/en/players/novak-djokovic/d643/overview
2026-04-16T19:40:09Z,5,Felix Auger-Aliassime,25,4100,https://www.atptour.com/en/players/felix-auger-aliassime/ag37/overview
2026-04-16T19:40:09Z,6,Ben Shelton,23,3900,https://www.atptour.com/en/players/ben-shelton/s0s1/overview
2026-04-16T19:40:09Z,7,Alex de Minaur,27,3895,https://www.atptour.com/en/players/alex-de-minaur/dh58/overview
2026-04-16T19:40:09Z,8,Taylor Fritz,28,3870,https://www.atptour.com/en/players/taylor-fritz/fb98/overview
2026-04-16T19:40:09Z,9,Lorenzo Musetti,24,3625,https://www.atptour.com/en/players/lorenzo-musetti/m0ej/overview
2026-04-16T19:40:09Z,10,Daniil Medvedev,30,3560,https://www.atptour.com/en/players/daniil-medvedev/mm58/overview
2026-04-16T19:40:09Z,11,Alexander Bublik,28,3445,https://www.atptour.com/en/players/alexander-bublik/bk92/overview
2026-04-16T19:40:09Z,12,Casper Ruud,27,2625,https://www.atptour.com/en/players/casper-ruud/rh16/overview
2026-04-16T19:40:09Z,13,Jiri Lehecka,24,2540,https://www.atptour.com/en/players/jiri-lehecka/l0bv/overview
2026-04-16T19:40:09Z,14,Karen Khachanov,29,2410,https://www.atptour.com/en/players/karen-khachanov/ke29/overview
2026-04-16T19:40:09Z,15,Andrey Rublev,28,2350,https://www.atptour.com/en/players/andrey-rublev/re44/overview
2026-04-16T19:40:09Z,16,Flavio Cobolli,23,2320,https://www.atptour.com/en/players/flavio-cobolli/c0e9/overview
2026-04-16T19:40:09Z,17,Valentin Vacherot,27,2168,https://www.atptour.com/en/players/valentin-vacherot/va25/overview
2026-04-16T19:40:09Z,18,Tommy Paul,28,2065,https://www.atptour.com/en/players/tommy-paul/pl56/overview
2026-04-16T19:40:09Z,19,Francisco Cerundolo,27,2020,https://www.atptour.com/en/players/francisco-cerundolo/c0au/overview
2026-04-16T19:40:09Z,20,Frances Tiafoe,28,1965,https://www.atptour.com/en/players/frances-tiafoe/td51/overview
2026-04-16T19:40:09Z,21,Luciano Darderi,24,1920,https://www.atptour.com/en/players/luciano-darderi/d0fj/overview
2026-04-16T19:40:09Z,22,Learner Tien,20,1885,https://www.atptour.com/en/players/learner-tien/t0ha/overview
2026-04-16T19:40:09Z,23,Alejandro Davidovich Fokina,26,1870,https://www.atptour.com/en/players/alejandro-davidovich-fokina/dh50/overview
2026-04-16T19:40:09Z,24,Cameron Norrie,30,1778,https://www.atptour.com/en/players/cameron-norrie/n771/overview
2026-04-16T19:40:09Z,25,Jakub Mensik,20,1700,https://www.atptour.com/en/players/jakub-mensik/m0ni/overview
2026-04-16T19:40:09Z,26,Arthur Rinderknech,30,1676,https://www.atptour.com/en/players/arthur-rinderknech/rc91/overview
2026-04-16T19:40:09Z,27,Holger Rune,22,1620,https://www.atptour.com/en/players/holger-rune/r0dg/overview
2026-04-16T19:40:09Z,28,Jack Draper,24,1610,https://www.atptour.com/en/players/jack-draper/d0co/overview
2026-04-16T19:40:09Z,29,Tomas Martin Etcheverry,26,1590,https://www.atptour.com/en/players/tomas-martin-etcheverry/ea24/overview
2026-04-16T19:40:09Z,30,Arthur Fils,21,1440,https://www.atptour.com/en/players/arthur-fils/f0f1/overview
2026-04-16T19:40:09Z,31,Corentin Moutet,26,1433,https://www.atptour.com/en/players/corentin-moutet/mw02/overview
2026-04-16T19:40:09Z,32,Tallon Griekspoor,29,1430,https://www.atptour.com/en/players/tallon-griekspoor/gj37/overview
2026-04-16T19:40:09Z,33,Brandon Nakashima,24,1385,https://www.atptour.com/en/players/brandon-nakashima/n0ae/overview
2026-04-16T19:40:09Z,34,Ugo Humbert,27,1320,https://www.atptour.com/en/players/ugo-humbert/hh26/overview
2026-04-16T19:40:09Z,35,Joao Fonseca,19,1315,https://www.atptour.com/en/players/joao-fonseca/f0fv/overview
2026-04-16T19:40:09Z,36,Alex Michelsen,21,1200,https://www.atptour.com/en/players/alex-michelsen/m0qi/overview
2026-04-16T19:40:09Z,37,Gabriel Diallo,24,1175,https://www.atptour.com/en/players/gabriel-diallo/d0f6/overview
2026-04-16T19:40:09Z,38,Jaume Munar,28,1175,https://www.atptour.com/en/players/jaume-munar/mu94/overview
2026-04-16T19:40:09Z,39,Denis Shapovalov,26,1120,https://www.atptour.com/en/players/denis-shapovalov/su55/overview
2026-04-16T19:40:09Z,40,Zizou Bergs,26,1110,https://www.atptour.com/en/players/zizou-bergs/bu13/overview
2026-04-16T19:40:09Z,41,Terence Atmane,24,1108,https://www.atptour.com/en/players/terence-atmane/a0gc/overview
2026-04-16T19:40:09Z,42,Fabian Marozsan,26,1105,https://www.atptour.com/en/players/fabian-marozsan/m0ci/overview
2026-04-16T19:40:09Z,43,Sebastian Korda,25,1100,https://www.atptour.com/en/players/sebastian-korda/k0ah/overview
2026-04-16T19:40:09Z,44,Mariano Navone,25,1085,https://www.atptour.com/en/players/mariano-navone/n0bs/overview
2026-04-16T19:40:09Z,45,Alejandro Tabilo,28,1068,https://www.atptour.com/en/players/alejandro-tabilo/te30/overview
2026-04-16T19:40:09Z,46,Adrian Mannarino,37,1025,https://www.atptour.com/en/players/adrian-mannarino/me82/overview
2026-04-16T19:40:09Z,47,Tomas Machac,25,980,https://www.atptour.com/en/players/tomas-machac/m0fh/overview
2026-04-16T19:40:09Z,48,Marin Cilic,37,950,https://www.atptour.com/en/players/marin-cilic/c977/overview
2026-04-16T19:40:09Z,49,Botic van de Zandschulp,30,931,https://www.atptour.com/en/players/botic-van-de-zandschulp/v812/overview
2026-04-16T19:40:09Z,50,Ethan Quinn,22,927,https://www.atptour.com/en/players/ethan-quinn/q02l/overview
2026-04-16T19:40:09Z,51,Yannick Hanfmann,34,899,https://www.atptour.com/en/players/yannick-hanfmann/h997/overview
2026-04-16T19:40:09Z,52,Nuno Borges,29,895,https://www.atptour.com/en/players/nuno-borges/bt72/overview
2026-04-16T19:40:09Z,53,Giovanni Mpetshi Perricard,22,890,https://www.atptour.com/en/players/giovanni-mpetshi-perricard/m0gz/overview
2026-04-16T19:40:09Z,54,Marton Fucsovics,34,887,https://www.atptour.com/en/players/marton-fucsovics/f724/overview
2026-04-16T19:40:09Z,55,Rafael Jodar,19,886,https://www.atptour.com/en/players/rafael-jodar/j0dz/overview
2026-04-16T19:40:09Z,56,Daniel Altmaier,27,880,https://www.atptour.com/en/players/daniel-altmaier/ae14/overview
2026-04-16T19:40:09Z,57,Sebastian Baez,25,880,https://www.atptour.com/en/players/sebastian-baez/b0bi/overview
2026-04-16T19:40:09Z,58,Miomir Kecmanovic,26,875,https://www.atptour.com/en/players/miomir-kecmanovic/ki95/overview
2026-04-16T19:40:09Z,59,Alexei Popyrin,26,870,https://www.atptour.com/en/players/alexei-popyrin/p09z/overview
2026-04-16T19:40:09Z,60,Ignacio Buse,22,864,https://www.atptour.com/en/players/ignacio-buse/b0id/overview
2026-04-16T19:40:09Z,61,Roman Andres Burruchaga,24,860,https://www.atptour.com/en/players/roman-andres-burruchaga/b0fv/overview
2026-04-16T19:40:09Z,62,Jenson Brooksby,25,852,https://www.atptour.com/en/players/jenson-brooksby/b0cd/overview
2026-04-16T19:40:09Z,63,Hubert Hurkacz,29,845,https://www.atptour.com/en/players/hubert-hurkacz/hb71/overview
2026-04-16T19:40:09Z,64,Camilo Ugo Carabelli,26,825,https://www.atptour.com/en/players/camilo-ugo-carabelli/u182/overview
2026-04-16T19:40:09Z,65,Raphael Collignon,24,818,https://www.atptour.com/en/players/raphael-collignon/c0jp/overview
2026-04-16T19:40:09Z,66,Lorenzo Sonego,30,810,https://www.atptour.com/en/players/lorenzo-sonego/su87/overview
2026-04-16T19:40:09Z,67,Stefanos Tsitsipas,27,805,https://www.atptour.com/en/players/stefanos-tsitsipas/te51/overview
2026-04-16T19:40:09Z,68,Reilly Opelka,28,803,https://www.atptour.com/en/players/reilly-opelka/o522/overview
2026-04-16T19:40:09Z,69,Juan Manuel Cerundolo,24,803,https://www.atptour.com/en/players/juan-manuel-cerundolo/c0c8/overview
2026-04-16T19:40:09Z,70,James Duckworth,34,784,https://www.atptour.com/en/players/james-duckworth/d994/overview
2026-04-16T19:40:09Z,71,Arthur Cazaux,23,777,https://www.atptour.com/en/players/arthur-cazaux/c0h0/overview
2026-04-16T19:40:09Z,72,Alexander Blockx,21,772,https://www.atptour.com/en/players/alexander-blockx/b0pg/overview
2026-04-16T19:40:09Z,73,Kamil Majchrzak,30,767,https://www.atptour.com/en/players/kamil-majchrzak/mq75/overview
2026-04-16T19:40:09Z,74,Thiago Agustin Tirante,25,765,https://www.atptour.com/en/players/thiago-agustin-tirante/t0a1/overview
2026-04-16T19:40:09Z,75,Alexander Shevchenko,25,751,https://www.atptour.com/en/players/alexander-shevchenko/s0h2/overview
2026-04-16T19:40:09Z,76,Marcos Giron,32,750,https://www.atptour.com/en/players/marcos-giron/gc88/overview
2026-04-16T19:40:09Z,77,Valentin Royer,24,742,https://www.atptour.com/en/players/valentin-royer/r0eb/overview
2026-04-16T19:40:09Z,78,Vit Kopriva,28,738,https://www.atptour.com/en/players/vit-kopriva/ki82/overview
2026-04-16T19:40:09Z,79,Mattia Bellucci,24,734,https://www.atptour.com/en/players/mattia-bellucci/b0gg/overview
2026-04-16T19:40:09Z,80,Marco Trungelliti,36,732,https://www.atptour.com/en/players/marco-trungelliti/ta29/overview
2026-04-16T19:40:09Z,81,Jan-Lennard Struff,35,709,https://www.atptour.com/en/players/jan-lennard-struff/sl28/overview
2026-04-16T19:40:09Z,82,Damir Dzumhur,33,694,https://www.atptour.com/en/players/damir-dzumhur/d923/overview
2026-04-16T19:40:09Z,83,Cristian Garin,29,679,https://www.atptour.com/en/players/cristian-garin/gd64/overview
2026-04-16T19:40:09Z,84,Zachary Svajda,23,674,https://www.atptour.com/en/players/zachary-svajda/s0k7/overview
2026-04-16T19:40:09Z,85,Eliot Spizzirri,24,674,https://www.atptour.com/en/players/eliot-spizzirri/s0ja/overview
2026-04-16T19:40:09Z,86,Sebastian Ofner,29,673,https://www.atptour.com/en/players/sebastian-ofner/o513/overview
2026-04-16T19:40:09Z,87,Dino Prizmic,20,670,https://www.atptour.com/en/players/dino-prizmic/p0hw/overview
2026-04-16T19:40:09Z,88,Hamad Medjedovic,22,664,https://www.atptour.com/en/players/hamad-medjedovic/m0jf/overview
2026-04-16T19:40:09Z,89,Aleksandar Vukic,30,663,https://www.atptour.com/en/players/aleksandar-vukic/v832/overview
2026-04-16T19:40:09Z,90,Quentin Halys,29,650,https://www.atptour.com/en/players/quentin-halys/hb64/overview
2026-04-16T19:40:09Z,91,Matteo Berrettini,30,650,https://www.atptour.com/en/players/matteo-berrettini/bk40/overview
2026-04-16T19:40:09Z,92,Francisco Comesana,25,649,https://www.atptour.com/en/players/francisco-comesana/c0df/overview
2026-04-16T19:40:09Z,93,Roberto Bautista Agut,37,649,https://www.atptour.com/en/players/roberto-bautista-agut/bd06/overview
2026-04-16T19:40:09Z,94,Pablo Carreno Busta,34,646,https://www.atptour.com/en/players/pablo-carreno-busta/cd85/overview
2026-04-16T19:40:09Z,95,Alexandre Muller,29,641,https://www.atptour.com/en/players/alexandre-muller/mp20/overview
2026-04-16T19:40:09Z,96,Patrick Kypson,26,640,https://www.atptour.com/en/players/patrick-kypson/k0a3/overview
2026-04-16T19:40:09Z,97,Adolfo Daniel Vallejo,21,640,https://www.atptour.com/en/players/adolfo-daniel-vallejo/v0dp/overview
2026-04-16T19:40:09Z,98,Jacob Fearnley,24,639,https://www.atptour.com/en/players/jacob-fearnley/f0by/overview
2026-04-16T19:40:09Z,99,Aleksandar Kovacevic,27,636,https://www.atptour.com/en/players/aleksandar-kovacevic/k0az/overview
2026-04-16T19:40:09Z,100,Luca Van Assche,21,635,https://www.atptour.com/en/players/luca-van-assche/v0dz/overview
2026-04-16T19:40:09Z,101,Martin Landaluce,20,634,https://www.atptour.com/en/players/martin-landaluce/l0il/overview
2026-04-16T19:40:09Z,102,Yibing Wu,26,634,https://www.atptour.com/en/players/yibing-wu/wb32/overview
2026-04-16T19:40:09Z,103,Rinky Hijikata,25,632,https://www.atptour.com/en/players/rinky-hijikata/h0bh/overview
2026-04-16T19:40:09Z,104,Daniel Merida,21,625,https://www.atptour.com/en/players/daniel-merida/m0n7/overview
2026-04-16T19:40:09Z,105,Matteo Arnaldi,25,621,https://www.atptour.com/en/players/matteo-arnaldi/a0fc/overview
2026-04-16T19:40:09Z,106,Benjamin Bonzi,29,616,https://www.atptour.com/en/players/benjamin-bonzi/bm95/overview
2026-04-16T19:40:09Z,107,Stan Wawrinka,41,608,https://www.atptour.com/en/players/stan-wawrinka/w367/overview
2026-04-16T19:40:09Z,108,Jesper de Jong,25,600,https://www.atptour.com/en/players/jesper-de-jong/d0c1/overview
2026-04-16T19:40:09Z,109,Adam Walton,26,595,https://www.atptour.com/en/players/adam-walton/w09e/overview
2026-04-16T19:40:09Z,110,Sho Shimabukuro,28,588,https://www.atptour.com/en/players/sho-shimabukuro/sy67/overview
2026-04-16T19:40:09Z,111,Filip Misolic,24,583,https://www.atptour.com/en/players/filip-misolic/m0jz/overview
2026-04-16T19:40:09Z,112,Emilio Nava,24,580,https://www.atptour.com/en/players/emilio-nava/n0am/overview
2026-04-16T19:40:09Z,113,Francesco Maestrelli,23,577,https://www.atptour.com/en/players/francesco-maestrelli/m0if/overview
2026-04-16T19:40:09Z,114,Titouan Droguet,24,571,https://www.atptour.com/en/players/titouan-droguet/d0dw/overview
2026-04-16T19:40:09Z,115,Tristan Schoolkate,25,558,https://www.atptour.com/en/players/tristan-schoolkate/s0n0/overview
2026-04-16T19:40:09Z,116,Hugo Gaston,25,555,https://www.atptour.com/en/players/hugo-gaston/g09o/overview
2026-04-16T19:40:09Z,117,Jan Choinski,29,524,https://www.atptour.com/en/players/jan-choinski/ch12/overview
2026-04-16T19:40:09Z,118,Nikoloz Basilashvili,34,516,https://www.atptour.com/en/players/nikoloz-basilashvili/bg23/overview
2026-04-16T19:40:09Z,119,Carlos Taberner,28,512,https://www.atptour.com/en/players/carlos-taberner/te16/overview
2026-04-16T19:40:09Z,120,Tomas Barrios Vera,28,506,https://www.atptour.com/en/players/tomas-barrios-vera/bs86/overview
2026-04-16T19:40:09Z,121,Coleman Wong,21,503,https://www.atptour.com/en/players/coleman-wong/w0bh/overview
2026-04-16T19:40:09Z,122,Vilius Gaubas,21,503,https://www.atptour.com/en/players/vilius-gaubas/g0fw/overview
2026-04-16T19:40:09Z,123,Mackenzie McDonald,30,501,https://www.atptour.com/en/players/mackenzie-mcdonald/mk66/overview
2026-04-16T19:40:09Z,124,Martin Damm,22,499,https://www.atptour.com/en/players/martin-damm/d0dt/overview
2026-04-16T19:40:09Z,125,Pedro Martinez,28,496,https://www.atptour.com/en/players/pedro-martinez/mo44/overview
2026-04-16T19:40:09Z,126,Henrique Rocha,22,496,https://www.atptour.com/en/players/henrique-rocha/r0go/overview
2026-04-16T19:40:09Z,127,Shintaro Mochizuki,22,495,https://www.atptour.com/en/players/shintaro-mochizuki/m0hu/overview
2026-04-16T19:40:09Z,128,Dalibor Svrcina,23,491,https://www.atptour.com/en/players/dalibor-svrcina/s0gd/overview
2026-04-16T19:40:09Z,129,Elmer Moller,22,489,https://www.atptour.com/en/players/elmer-moller/m0k4/overview
2026-04-16T19:40:09Z,130,Otto Virtanen,24,487,https://www.atptour.com/en/players/otto-virtanen/v0am/overview
2026-04-16T19:40:09Z,131,Andrea Pellegrino,29,484,https://www.atptour.com/en/players/andrea-pellegrino/ph64/overview
2026-04-16T19:40:09Z,132,Dane Sweeny,25,462,https://www.atptour.com/en/players/dane-sweeny/s0ia/overview
2026-04-16T19:40:09Z,133,Jack Pinnington Jones,23,461,https://www.atptour.com/en/players/jack-pinnington-jones/p0ht/overview
2026-04-16T19:40:09Z,134,Dusan Lajovic,35,459,https://www.atptour.com/en/players/dusan-lajovic/l987/overview
2026-04-16T19:40:09Z,135,Grigor Dimitrov,34,455,https://www.atptour.com/en/players/grigor-dimitrov/d875/overview
2026-04-16T19:40:09Z,136,Stefano Travaglia,34,454,https://www.atptour.com/en/players/stefano-travaglia/ta12/overview
2026-04-16T19:40:09Z,137,Borna Gojo,28,453,https://www.atptour.com/en/players/borna-gojo/gh92/overview
2026-04-16T19:40:09Z,138,Arthur Gea,21,451,https://www.atptour.com/en/players/arthur-gea/g0ix/overview
2026-04-16T19:40:09Z,139,Nicolai Budkov Kjaer,19,451,https://www.atptour.com/en/players/nicolai-budkov-kjaer/b0u4/overview
2026-04-16T19:40:09Z,140,Luca Nardi,22,444,https://www.atptour.com/en/players/luca-nardi/n0bg/overview
2026-04-16T19:40:09Z,141,Christopher O'Connell,31,443,https://www.atptour.com/en/players/christopher-o'connell/o483/overview
2026-04-16T19:40:09Z,142,Jaime Faria,22,443,https://www.atptour.com/en/players/jaime-faria/f0f2/overview
2026-04-16T19:40:09Z,143,Jordan Thompson,31,438,https://www.atptour.com/en/players/jordan-thompson/tc61/overview
2026-04-16T19:40:09Z,144,Zsombor Piros,26,435,https://www.atptour.com/en/players/zsombor-piros/p09o/overview
2026-04-16T19:40:09Z,145,Chris Rodesch,24,434,https://www.atptour.com/en/players/chris-rodesch/r0e0/overview
2026-04-16T19:40:09Z,146,Moez Echargui,33,433,https://www.atptour.com/en/players/moez-echargui/ea13/overview
2026-04-16T19:40:09Z,147,Francesco Passaro,25,431,https://www.atptour.com/en/players/francesco-passaro/p0ct/overview
2026-04-16T19:40:09Z,148,Billy Harris,31,427,https://www.atptour.com/en/players/billy-harris/hd68/overview
2026-04-16T19:40:09Z,149,Kyrian Jacquet,24,423,https://www.atptour.com/en/players/kyrian-jacquet/j0az/overview
2026-04-16T19:40:09Z,150,Nicolas Mejia,26,423,https://www.atptour.com/en/players/nicolas-mejia/m0aw/overview
2026-04-16T19:40:09Z,151,Pablo Llamas Ruiz,23,419,https://www.atptour.com/en/players/pablo-llamas-ruiz/l0cx/overview
2026-04-16T19:40:09Z,152,Michael Zheng,22,414,https://www.atptour.com/en/players/michael-zheng/z0bz/overview
2026-04-16T19:40:09Z,153,Lloyd Harris,29,413,https://www.atptour.com/en/players/lloyd-harris/hg86/overview
2026-04-16T19:40:09Z,154,Alex Bolt,33,407,https://www.atptour.com/en/players/alex-bolt/bi81/overview
2026-04-16T19:40:09Z,155,Nicolas Jarry,30,403,https://www.atptour.com/en/players/nicolas-jarry/j551/overview
2026-04-16T19:40:09Z,156,Hugo Dellien,32,403,https://www.atptour.com/en/players/hugo-dellien/da31/overview
2026-04-16T19:40:09Z,157,Liam Draxl,24,402,https://www.atptour.com/en/players/liam-draxl/d0dp/overview
2026-04-16T19:40:09Z,158,Lukas Klein,28,386,https://www.atptour.com/en/players/lukas-klein/ki63/overview
2026-04-16T19:40:09Z,159,Chun-Hsin Tseng,24,383,https://www.atptour.com/en/players/chun-hsin-tseng/t0ap/overview
2026-04-16T19:40:09Z,160,Ugo Blanchet,27,381,https://www.atptour.com/en/players/ugo-blanchet/bv16/overview
2026-04-16T19:40:09Z,161,Rei Sakamoto,19,381,https://www.atptour.com/en/players/rei-sakamoto/s0uv/overview
2026-04-16T19:40:09Z,162,Arthur Fery,23,380,https://www.atptour.com/en/players/arthur-fery/f0dm/overview
2026-04-16T19:40:09Z,163,Toby Samuel,23,378,https://www.atptour.com/en/players/toby-samuel/s0tm/overview
2026-04-16T19:40:09Z,164,Jurij Rodionov,26,378,https://www.atptour.com/en/players/jurij-rodionov/r09x/overview
2026-04-16T19:40:09Z,165,Mark Lajal,22,377,https://www.atptour.com/en/players/mark-lajal/l0gh/overview
2026-04-16T19:40:09Z,166,Alex Molcan,28,376,https://www.atptour.com/en/players/alex-molcan/mv14/overview
2026-04-16T19:40:09Z,167,Giulio Zeppieri,24,374,https://www.atptour.com/en/players/giulio-zeppieri/z0a1/overview
2026-04-16T19:40:09Z,168,Alex Barrena,23,362,https://www.atptour.com/en/players/alex-barrena/b0gy/overview
2026-04-16T19:40:09Z,169,Leandro Riedi,24,359,https://www.atptour.com/en/players/leandro-riedi/r0fs/overview
2026-04-16T19:40:09Z,170,Jerome Kym,23,354,https://www.atptour.com/en/players/jerome-kym/k0ep/overview
2026-04-16T19:40:09Z,171,Yoshihito Nishioka,30,351,https://www.atptour.com/en/players/yoshihito-nishioka/n732/overview
2026-04-16T19:40:09Z,172,Elias Ymer,30,349,https://www.atptour.com/en/players/elias-ymer/y218/overview
2026-04-16T19:40:09Z,173,Joel Schwaerzler,20,348,https://www.atptour.com/en/players/joel-schwaerzler/s0wt/overview
2026-04-16T19:40:09Z,174,Nishesh Basavareddy,20,343,https://www.atptour.com/en/players/nishesh-basavareddy/b0nn/overview
2026-04-16T19:40:09Z,175,Yunchaokete Bu,24,342,https://www.atptour.com/en/players/yunchaokete-bu/y09v/overview
2026-04-16T19:40:09Z,176,Clement Chidekh,24,339,https://www.atptour.com/en/players/clement-chidekh/c0bh/overview
2026-04-16T19:40:09Z,177,Daniil Glinka,25,338,https://www.atptour.com/en/players/daniil-glinka/g0by/overview
2026-04-16T19:40:09Z,178,Facundo Diaz Acosta,25,336,https://www.atptour.com/en/players/facundo-diaz-acosta/d0cg/overview
2026-04-16T19:40:09Z,179,David Goffin,35,335,https://www.atptour.com/en/players/david-goffin/gb88/overview
2026-04-16T19:40:09Z,180,Luka Mikrut,21,335,https://www.atptour.com/en/players/luka-mikrut/m0n1/overview
2026-04-16T19:40:09Z,181,Guy Den Ouden,24,333,https://www.atptour.com/en/players/guy-den-ouden/d0h9/overview
2026-04-16T19:40:09Z,182,Zdenek Kolar,29,331,https://www.atptour.com/en/players/zdenek-kolar/kh56/overview
2026-04-16T19:40:09Z,183,Harold Mayot,24,328,https://www.atptour.com/en/players/harold-mayot/m0g4/overview
2026-04-16T19:40:09Z,184,Justin Engel,18,323,https://www.atptour.com/en/players/justin-engel/e0dd/overview
2026-04-16T19:40:09Z,185,Federico Agustin Gomez,29,322,https://www.atptour.com/en/players/federico-agustin-gomez/gj16/overview
2026-04-16T19:40:09Z,186,Marco Cecchinato,33,322,https://www.atptour.com/en/players/marco-cecchinato/cf01/overview
2026-04-16T19:40:09Z,187,Gonzalo Bueno,22,319,https://www.atptour.com/en/players/gonzalo-bueno/b0gr/overview
2026-04-16T19:40:09Z,188,August Holmgren,27,311,https://www.atptour.com/en/players/august-holmgren/h09n/overview
2026-04-16T19:40:09Z,189,Colton Smith,23,308,https://www.atptour.com/en/players/colton-smith/s0ze/overview
2026-04-16T19:40:09Z,190,Juan Pablo Ficovich,29,306,https://www.atptour.com/en/players/juan-pablo-ficovich/fa43/overview
2026-04-16T19:40:09Z,191,Bernard Tomic,33,305,https://www.atptour.com/en/players/bernard-tomic/ta46/overview
2026-04-16T19:40:09Z,192,Matteo Gigante,24,303,https://www.atptour.com/en/players/matteo-gigante/g0gd/overview
2026-04-16T19:40:09Z,193,Lukas Neumayer,23,303,https://www.atptour.com/en/players/lukas-neumayer/n0cs/overview
2026-04-16T19:40:09Z,194,Jay Clarke,27,301,https://www.atptour.com/en/players/jay-clarke/ci14/overview
2026-04-16T19:40:09Z,195,Timofey Skatov,25,300,https://www.atptour.com/en/players/timofey-skatov/s0gr/overview
2026-04-16T19:40:09Z,196,Clement Tabur,26,297,https://www.atptour.com/en/players/clement-tabur/t09x/overview
2026-04-16T19:40:09Z,197,Juan Carlos Prado Angelo,21,297,https://www.atptour.com/en/players/juan-carlos-prado-angelo/p0iy/overview
2026-04-16T19:40:09Z,198,Genaro Alberto Olivieri,27,292,https://www.atptour.com/en/players/genaro-alberto-olivieri/o660/overview
2026-04-16T19:40:09Z,199,Remy Bertola,27,292,https://www.atptour.com/en/players/remy-bertola/bu70/overview
2026-04-16T19:40:09Z,200,Gael Monfils,39,290,https://www.atptour.com/en/players/gael-monfils/mc65/overview
2026-04-16T19:40:09Z,201,Daniel Evans,35,288,https://www.atptour.com/en/players/daniel-evans/e687/overview
2026-04-16T19:40:09Z,202,Roberto Carballes Baena,33,286,https://www.atptour.com/en/players/roberto-carballes-baena/cf59/overview
2026-04-16T19:40:09Z,203,Alexis Galarneau,27,286,https://www.atptour.com/en/players/alexis-galarneau/gk06/overview
2026-04-16T19:40:09Z,204,Federico Cina,19,285,https://www.atptour.com/en/players/federico-cina/c0nb/overview
2026-04-16T19:40:09Z,205,Matej Dodig,20,285,https://www.atptour.com/en/players/matej-dodig/d0l3/overview
2026-04-16T19:40:09Z,206,Gilles Arnaud Bailly,20,284,https://www.atptour.com/en/players/gilles-arnaud-bailly/b0qc/overview
2026-04-16T19:40:09Z,207,Lorenzo Giustino,34,283,https://www.atptour.com/en/players/lorenzo-giustino/ga79/overview
2026-04-16T19:40:09Z,208,Vitaliy Sachko,28,282,https://www.atptour.com/en/players/vitaliy-sachko/ss25/overview
2026-04-16T19:40:09Z,209,Hugo Grenier,30,280,https://www.atptour.com/en/players/hugo-grenier/gf95/overview
2026-04-16T19:40:09Z,210,Gustavo Heide,24,278,https://www.atptour.com/en/players/gustavo-heide/h0du/overview
2026-04-16T19:40:09Z,211,Joao Lucas Reis Da Silva,26,275,https://www.atptour.com/en/players/joao-lucas-reis-da-silva/r0a7/overview
2026-04-16T19:40:09Z,212,Stefanos Sakellaridis,21,273,https://www.atptour.com/en/players/stefanos-sakellaridis/s0kt/overview
2026-04-16T19:40:09Z,213,Yu Hsiou Hsu,27,273,https://www.atptour.com/en/players/yu-hsiou-hsu/h09f/overview
2026-04-16T19:40:09Z,214,Laslo Djere,30,272,https://www.atptour.com/en/players/laslo-djere/db63/overview
2026-04-16T19:40:09Z,215,Rio Noguchi,27,271,https://www.atptour.com/en/players/rio-noguchi/n09u/overview
2026-04-16T19:40:09Z,216,Lautaro Midon,22,271,https://www.atptour.com/en/players/lautaro-midon/m0oh/overview
2026-04-16T19:40:09Z,217,Andy Andrade,27,270,https://www.atptour.com/en/players/andy-andrade/ag08/overview
2026-04-16T19:40:09Z,218,Dan Added,27,265,https://www.atptour.com/en/players/dan-added/a09t/overview
2026-04-16T19:40:09Z,219,Ilia Simakin,22,264,https://www.atptour.com/en/players/ilia-simakin/s0o6/overview
2026-04-16T19:40:09Z,220,Yi Zhou,21,263,https://www.atptour.com/en/players/yi-zhou/z0cq/overview
2026-04-16T19:40:09Z,221,Luka Pavlovic,26,261,https://www.atptour.com/en/players/luka-pavlovic/p0ay/overview
2026-04-16T19:40:09Z,222,Oliver Crawford,26,253,https://www.atptour.com/en/players/oliver-crawford/c0ak/overview
2026-04-16T19:40:09Z,223,Harry Wendelken,24,253,https://www.atptour.com/en/players/harry-wendelken/w0ah/overview
2026-04-16T19:40:09Z,224,Pierre-Hugues Herbert,35,250,https://www.atptour.com/en/players/pierre-hugues-herbert/h996/overview
2026-04-16T19:40:09Z,225,Alvaro Guillen Meza,23,250,https://www.atptour.com/en/players/alvaro-guillen-meza/g0dh/overview
2026-04-16T19:40:09Z,226,Roman Safiullin,28,248,https://www.atptour.com/en/players/roman-safiullin/sx50/overview
2026-04-16T19:40:09Z,227,Borna Coric,29,248,https://www.atptour.com/en/players/borna-coric/cg80/overview
2026-04-16T19:40:09Z,228,Felix Gill,23,247,https://www.atptour.com/en/players/felix-gill/g0eu/overview
2026-04-16T19:40:09Z,229,Pedro Boscardin Dias,23,247,https://www.atptour.com/en/players/pedro-boscardin-dias/b0fi/overview
2026-04-16T19:40:09Z,230,Kimmer Coppejans,32,245,https://www.atptour.com/en/players/kimmer-coppejans/cg33/overview
2026-04-16T19:40:09Z,231,Tom Gentzsch,22,244,https://www.atptour.com/en/players/tom-gentzsch/g0ib/overview
2026-04-16T19:40:09Z,232,Gianluca Cadenasso,21,243,https://www.atptour.com/en/players/gianluca-cadenasso/c0nn/overview
2026-04-16T19:40:09Z,233,Jason Kubler,32,240,https://www.atptour.com/en/players/jason-kubler/kb95/overview
2026-04-16T19:40:09Z,234,Alejandro Moro Canas,25,239,https://www.atptour.com/en/players/alejandro-moro-canas/m0ht/overview
2026-04-16T19:40:09Z,235,James McCabe,22,237,https://www.atptour.com/en/players/james-mccabe/m0oq/overview
2026-04-16T19:40:09Z,236,Andrea Collarini,34,236,https://www.atptour.com/en/players/andrea-collarini/cc66/overview
2026-04-16T19:40:09Z,237,Nerman Fatic,31,234,https://www.atptour.com/en/players/nerman-fatic/f840/overview
2026-04-16T19:40:09Z,238,Kaichi Uchida,31,234,https://www.atptour.com/en/players/kaichi-uchida/u120/overview
2026-04-16T19:40:09Z,239,Yosuke Watanuki,28,233,https://www.atptour.com/en/players/yosuke-watanuki/wb08/overview
2026-04-16T19:40:09Z,240,Stefano Napolitano,31,232,https://www.atptour.com/en/players/stefano-napolitano/n679/overview
2026-04-16T19:40:09Z,241,Frederico Ferreira Silva,31,231,https://www.atptour.com/en/players/frederico-ferreira-silva/sn54/overview
2026-04-16T19:40:09Z,242,Zhizhen Zhang,29,230,https://www.atptour.com/en/players/zhizhen-zhang/z371/overview
2026-04-16T19:40:09Z,243,Tristan Boyer,24,228,https://www.atptour.com/en/players/tristan-boyer/b0ej/overview
2026-04-16T19:40:09Z,244,Fajing Sun,29,228,https://www.atptour.com/en/players/fajing-sun/sx90/overview
2026-04-16T19:40:09Z,245,Daniel Elahi Galan,29,226,https://www.atptour.com/en/players/daniel-elahi-galan/ge33/overview
2026-04-16T19:40:09Z,246,Darwin Blanch,18,226,https://www.atptour.com/en/players/darwin-blanch/b0no/overview
2026-04-16T19:40:09Z,247,Gauthier Onclin,25,225,https://www.atptour.com/en/players/gauthier-onclin/o0a2/overview
2026-04-16T19:40:09Z,248,George Loffhagen,24,223,https://www.atptour.com/en/players/george-loffhagen/l0cf/overview
2026-04-16T19:40:09Z,249,Charles Broom,27,223,https://www.atptour.com/en/players/charles-broom/bv21/overview
2026-04-16T19:40:09Z,250,Liam Broady,32,223,https://www.atptour.com/en/players/liam-broady/bi23/overview
2026-04-16T19:40:09Z,251,Thiago Seyboth Wild,26,222,https://www.atptour.com/en/players/thiago-seyboth-wild/sx91/overview
2026-04-16T19:40:09Z,252,Raul Brancaccio,28,219,https://www.atptour.com/en/players/raul-brancaccio/bv24/overview
2026-04-16T19:40:09Z,253,Murphy Cassone,23,216,https://www.atptour.com/en/players/murphy-cassone/c0ht/overview
2026-04-16T19:40:09Z,254,Henri Squire,25,216,https://www.atptour.com/en/players/henri-squire/s0ak/overview
2026-04-16T19:40:09Z,255,Santiago Rodriguez Taverna,26,215,https://www.atptour.com/en/players/santiago-rodriguez-taverna/rh59/overview
2026-04-16T19:40:09Z,256,Brandon Holt,28,213,https://www.atptour.com/en/players/brandon-holt/h09p/overview
2026-04-16T19:40:09Z,257,Max Houkes,25,213,https://www.atptour.com/en/players/max-houkes/h0cx/overview
2026-04-16T19:40:09Z,258,Diego Dedura,18,210,https://www.atptour.com/en/players/diego-dedura/d0lj/overview
2026-04-16T19:40:09Z,259,Stefan Kozlov,28,209,https://www.atptour.com/en/players/stefan-kozlov/ke64/overview
2026-04-16T19:40:09Z,260,Marko Topo,22,208,https://www.atptour.com/en/players/marko-topo/t0fi/overview
2026-04-16T19:40:09Z,261,Guido Ivan Justo,28,208,https://www.atptour.com/en/players/guido-ivan-justo/j0aw/overview
2026-04-16T19:40:09Z,262,Pavel Kotov,27,207,https://www.atptour.com/en/players/pavel-kotov/k09f/overview
2026-04-16T19:40:09Z,263,Juncheng Shang,21,205,https://www.atptour.com/en/players/juncheng-shang/s0re/overview
2026-04-16T19:40:09Z,264,Michael Mmoh,28,205,https://www.atptour.com/en/players/michael-mmoh/mp01/overview
2026-04-16T19:40:09Z,265,Rodrigo Pacheco Mendez,20,204,https://www.atptour.com/en/players/rodrigo-pacheco-mendez/p0j1/overview
2026-04-16T19:40:09Z,266,Edas Butvilas,21,203,https://www.atptour.com/en/players/edas-butvilas/b0mm/overview
2026-04-16T19:40:09Z,267,Sascha Gueymard Wayenburg,22,203,https://www.atptour.com/en/players/sascha-gueymard-wayenburg/g0gw/overview
2026-04-16T19:40:09Z,268,Ivan Gakhov,29,202,https://www.atptour.com/en/players/ivan-gakhov/ge28/overview
2026-04-16T19:40:09Z,269,Daniel Michalski,26,197,https://www.atptour.com/en/players/daniel-michalski/m0e1/overview
2026-04-16T19:40:09Z,270,Stefan Dostanic,24,196,https://www.atptour.com/en/players/stefan-dostanic/d0d4/overview
2026-04-16T19:40:09Z,271,Mitchell Krueger,32,195,https://www.atptour.com/en/players/mitchell-krueger/kc12/overview
2026-04-16T19:40:09Z,272,Johannus Monday,24,195,https://www.atptour.com/en/players/johannus-monday/m0on/overview
2026-04-16T19:40:09Z,273,Miguel Damas,26,195,https://www.atptour.com/en/players/miguel-damas/d0cn/overview
2026-04-16T19:40:09Z,274,Andres Martin,24,194,https://www.atptour.com/en/players/andres-martin/m0np/overview
2026-04-16T19:40:09Z,275,Filip Cristian Jianu,24,194,https://www.atptour.com/en/players/filip-cristian-jianu/j09x/overview
2026-04-16T19:40:09Z,276,Franco Roncadelli,26,193,https://www.atptour.com/en/players/franco-roncadelli/r0bt/overview
2026-04-16T19:40:09Z,277,Franco Agamenone,32,192,https://www.atptour.com/en/players/franco-agamenone/aa27/overview
2026-04-16T19:40:09Z,278,Thiago Monteiro,31,191,https://www.atptour.com/en/players/thiago-monteiro/mj08/overview
2026-04-16T19:40:09Z,279,Yasutaka Uchiyama,33,191,https://www.atptour.com/en/players/yasutaka-uchiyama/u134/overview
2026-04-16T19:40:09Z,280,Eliakim Coulibaly,23,191,https://www.atptour.com/en/players/eliakim-coulibaly/c0hb/overview
2026-04-16T19:40:09Z,281,Florent Bax,26,191,https://www.atptour.com/en/players/florent-bax/b0bu/overview
2026-04-16T19:40:09Z,282,Daniel Rincon,23,189,https://www.atptour.com/en/players/daniel-rincon/r0fp/overview
2026-04-16T19:40:09Z,283,Mikhail Kukushkin,38,187,https://www.atptour.com/en/players/mikhail-kukushkin/k926/overview
2026-04-16T19:40:09Z,284,Paul Jubb,26,187,https://www.atptour.com/en/players/paul-jubb/j0a4/overview
2026-04-16T19:40:09Z,285,Michele Ribecai,23,185,https://www.atptour.com/en/players/michele-ribecai/r0jw/overview
2026-04-16T19:40:09Z,286,Michael Geerts,31,185,https://www.atptour.com/en/players/michael-geerts/gg65/overview
2026-04-16T19:40:09Z,287,Duje Ajdukovic,25,183,https://www.atptour.com/en/players/duje-ajdukovic/a0cj/overview
2026-04-16T19:40:09Z,288,Andrej Nedic,21,182,https://www.atptour.com/en/players/andrej-nedic/n0db/overview
2026-04-16T19:40:09Z,289,Murkel Dellien,28,182,https://www.atptour.com/en/players/murkel-dellien/dc48/overview
2026-04-16T19:40:09Z,290,Robin Bertrand,23,182,https://www.atptour.com/en/players/robin-bertrand/b0jj/overview
2026-04-16T19:40:09Z,291,Ryan Peniston,30,180,https://www.atptour.com/en/players/ryan-peniston/ph78/overview
2026-04-16T19:40:09Z,292,Sumit Nagal,28,179,https://www.atptour.com/en/players/sumit-nagal/n897/overview
2026-04-16T19:40:09Z,293,Igor Marcondes,28,179,https://www.atptour.com/en/players/igor-marcondes/rd48/overview
2026-04-16T19:40:09Z,294,Nikolas Sanchez Izquierdo,27,178,https://www.atptour.com/en/players/nikolas-sanchez-izquierdo/s0gz/overview
2026-04-16T19:40:09Z,295,Juan Pablo Varillas,30,176,https://www.atptour.com/en/players/juan-pablo-varillas/v836/overview
2026-04-16T19:40:09Z,296,Hynek Barton,22,176,https://www.atptour.com/en/players/hynek-barton/b0ou/overview
2026-04-16T19:40:09Z,297,Facundo Mena,33,174,https://www.atptour.com/en/players/facundo-mena/mj98/overview
2026-04-16T19:40:09Z,298,Abdullah Shelbayh,22,172,https://www.atptour.com/en/players/abdullah-shelbayh/s0nv/overview
2026-04-16T19:40:09Z,299,Tiago Pereira,21,172,https://www.atptour.com/en/players/tiago-pereira/p0k4/overview
2026-04-16T19:40:09Z,300,Philip Henning,25,170,https://www.atptour.com/en/players/philip-henning/h0bf/overview
2026-04-16T19:40:09Z,301,Keegan Smith,27,170,https://www.atptour.com/en/players/keegan-smith/s0dq/overview
2026-04-16T19:40:09Z,302,Dominic Stricker,23,169,https://www.atptour.com/en/players/dominic-stricker/s0la/overview
2026-04-16T19:40:09Z,303,Maxim Mrva,18,167,https://www.atptour.com/en/players/maxim-mrva/m0se/overview
2026-04-16T19:40:09Z,304,Matias Soto,26,167,https://www.atptour.com/en/players/matias-soto/s0ek/overview
2026-04-16T19:40:09Z,305,Beibit Zhukayev,25,165,https://www.atptour.com/en/players/beibit-zhukayev/z09z/overview
2026-04-16T19:40:09Z,306,Lilian Marmousez,24,165,https://www.atptour.com/en/players/lilian-marmousez/m0gy/overview
2026-04-16T19:40:09Z,307,Jonas Forejtek,25,165,https://www.atptour.com/en/players/jonas-forejtek/f0bt/overview
2026-04-16T19:40:09Z,308,Dimitar Kuzmanov,32,165,https://www.atptour.com/en/players/dimitar-kuzmanov/kc33/overview
2026-04-16T19:40:09Z,309,Pol Martin Tiffon,26,163,https://www.atptour.com/en/players/pol-martin-tiffon/m0ea/overview
2026-04-16T19:40:09Z,310,Mili Poljicak,21,163,https://www.atptour.com/en/players/mili-poljicak/p0gq/overview
2026-04-16T19:40:09Z,311,Alex Martinez,25,163,https://www.atptour.com/en/players/alex-martinez/m0gb/overview
2026-04-16T19:40:09Z,312,Max Basing,23,162,https://www.atptour.com/en/players/max-basing/b0je/overview
2026-04-16T19:40:09Z,313,Sandro Kopp,25,162,https://www.atptour.com/en/players/sandro-kopp/k0cj/overview
2026-04-16T19:40:09Z,314,Petr Brunclik,19,161,https://www.atptour.com/en/players/petr-brunclik/b0ov/overview
2026-04-16T19:40:09Z,315,Tyler Zink,25,161,https://www.atptour.com/en/players/tyler-zink/z0ak/overview
2026-04-16T19:40:09Z,316,Mats Rosenkranz,27,160,https://www.atptour.com/en/players/mats-rosenkranz/rh62/overview
2026-04-16T19:40:09Z,317,Martin Krumich,23,159,https://www.atptour.com/en/players/martin-krumich/k0fy/overview
2026-04-16T19:40:09Z,318,Maks Kasnikowski,22,158,https://www.atptour.com/en/players/maks-kasnikowski/k0hc/overview
2026-04-16T19:40:09Z,319,Jacopo Berrettini,27,158,https://www.atptour.com/en/players/jacopo-berrettini/bu10/overview
2026-04-16T19:40:09Z,320,Matteo Martineau,27,158,https://www.atptour.com/en/players/matteo-martineau/mw76/overview
2026-04-16T19:40:09Z,321,Alastair Gray,27,157,https://www.atptour.com/en/players/alastair-gray/g0ao/overview
2026-04-16T19:40:09Z,322,Antoine Ghibaudo,21,157,https://www.atptour.com/en/players/antoine-ghibaudo/g0iw/overview
2026-04-16T19:40:09Z,323,Maximus Jones,21,156,https://www.atptour.com/en/players/maximus-jones/j0d2/overview
2026-04-16T19:40:09Z,324,Juan Bautista Torres,24,156,https://www.atptour.com/en/players/juan-bautista-torres/t0dm/overview
2026-04-16T19:40:09Z,325,Giles Hussey,28,156,https://www.atptour.com/en/players/giles-hussey/h0dc/overview
2026-04-16T19:40:09Z,326,Renta Tokuda,28,155,https://www.atptour.com/en/players/renta-tokuda/td55/overview
2026-04-16T19:40:09Z,327,Federico Bondioli,20,155,https://www.atptour.com/en/players/federico-bondioli/b0pe/overview
2026-04-16T19:40:09Z,328,Saba Purtseladze,24,153,https://www.atptour.com/en/players/saba-purtseladze/p0ea/overview
2026-04-16T19:40:09Z,329,Cedrik-Marcel Stebe,35,152,https://www.atptour.com/en/players/cedrik-marcel-stebe/sk94/overview
2026-04-16T19:40:09Z,330,Adrian Boitan,26,152,https://www.atptour.com/en/players/adrian-boitan/b0c0/overview
2026-04-16T19:40:09Z,331,Blaise Bicknell,24,151,https://www.atptour.com/en/players/blaise-bicknell/b0i5/overview
2026-04-16T19:40:09Z,332,Akira Santillan,28,151,https://www.atptour.com/en/players/akira-santillan/sq80/overview
2026-04-16T19:40:09Z,333,Oliver Tarvet,22,150,https://www.atptour.com/en/players/oliver-tarvet/t0gr/overview
2026-04-16T19:40:09Z,334,Benjamin Hassan,31,150,https://www.atptour.com/en/players/benjamin-hassan/hg94/overview
2026-04-16T19:40:09Z,335,Soonwoo Kwon,28,150,https://www.atptour.com/en/players/soonwoo-kwon/kf17/overview
2026-04-16T19:40:09Z,336,Tung-Lin Wu,27,150,https://www.atptour.com/en/players/tung-lin-wu/w857/overview
2026-04-16T19:40:09Z,337,Sean Cuenin,22,149,https://www.atptour.com/en/players/sean-cuenin/c0jx/overview
2026-04-16T19:40:09Z,338,Andrea Guerrieri,27,149,https://www.atptour.com/en/players/andrea-guerrieri/g0a0/overview
2026-04-16T19:40:09Z,339,Moise Kouame,17,148,https://www.atptour.com/en/players/moise-kouame/k0o4/overview
2026-04-16T19:40:09Z,340,Marc-Andrea Huesler,29,148,https://www.atptour.com/en/players/marc-andrea-huesler/hh06/overview
2026-04-16T19:40:09Z,341,Norbert Gombos,35,148,https://www.atptour.com/en/players/norbert-gombos/gb93/overview
2026-04-16T19:40:09Z,342,Alex Rybakov,29,148,https://www.atptour.com/en/players/alex-rybakov/rg42/overview
2026-04-16T19:40:09Z,343,Marc Polmans,28,148,https://www.atptour.com/en/players/marc-polmans/pg94/overview
2026-04-16T19:40:09Z,344,Petr Bar Biryukov,24,148,https://www.atptour.com/en/players/petr-bar-biryukov/b0lq/overview
2026-04-16T19:40:09Z,345,Andre Ilagan,25,148,https://www.atptour.com/en/players/andre-ilagan/i0b0/overview
2026-04-16T19:40:09Z,346,Nicolas Kicker,33,146,https://www.atptour.com/en/players/nicolas-kicker/kc29/overview
2026-04-16T19:40:09Z,347,Geoffrey Blancaneaux,27,146,https://www.atptour.com/en/players/geoffrey-blancaneaux/bu54/overview
2026-04-16T19:40:09Z,348,James Trotter,26,145,https://www.atptour.com/en/players/james-trotter/t0bw/overview
2026-04-16T19:40:09Z,349,Taro Daniel,33,144,https://www.atptour.com/en/players/taro-daniel/da81/overview
2026-04-16T19:40:09Z,350,Dali Blanch,23,144,https://www.atptour.com/en/players/dali-blanch/b0jp/overview
2026-04-16T19:40:09Z,351,Hady Habib,27,143,https://www.atptour.com/en/players/hady-habib/hf80/overview
2026-04-16T19:40:09Z,352,Mert Alkaya,25,143,https://www.atptour.com/en/players/mert-alkaya/a09q/overview
2026-04-16T19:40:09Z,353,Fabrizio Andaloro,25,142,https://www.atptour.com/en/players/fabrizio-andaloro/a0f3/overview
2026-04-16T19:40:09Z,354,Philip Sekulic,22,141,https://www.atptour.com/en/players/philip-sekulic/s0ti/overview
2026-04-16T19:40:09Z,355,Calvin Hemery,31,141,https://www.atptour.com/en/players/calvin-hemery/hb48/overview
2026-04-16T19:40:09Z,356,Ioannis Xilas,24,141,https://www.atptour.com/en/players/ioannis-xilas/x01c/overview
2026-04-16T19:40:09Z,357,Carlos Sanchez Jover,25,141,https://www.atptour.com/en/players/carlos-sanchez-jover/s0cg/overview
2026-04-16T19:40:09Z,358,Mathys Erhard,24,139,https://www.atptour.com/en/players/mathys-erhard/e0ac/overview
2026-04-16T19:40:09Z,359,Max Alcala Gurri,23,138,https://www.atptour.com/en/players/max-alcala-gurri/a0ea/overview
2026-04-16T19:40:09Z,360,Buvaysar Gadamauri,25,137,https://www.atptour.com/en/players/buvaysar-gadamauri/g0cv/overview
2026-04-16T19:40:09Z,361,Tom Paris,23,136,https://www.atptour.com/en/players/tom-paris/p0gn/overview
2026-04-16T19:40:09Z,362,Oleg Prihodko,28,136,https://www.atptour.com/en/players/oleg-prihodko/pl64/overview
2026-04-16T19:40:09Z,363,Juan Manuel La Serna,22,135,https://www.atptour.com/en/players/juan-manuel-la-serna/l0gr/overview
2026-04-16T19:40:09Z,364,Gabriele Piraino,22,135,https://www.atptour.com/en/players/gabriele-piraino/p0i6/overview
2026-04-16T19:40:09Z,365,Inaki Montes-De La Torre,23,135,https://www.atptour.com/en/players/inaki-montes-de-la-torre/m0nl/overview
2026-04-16T19:40:09Z,366,Hayato Matsuoka,21,134,https://www.atptour.com/en/players/hayato-matsuoka/m0sc/overview
2026-04-16T19:40:09Z,367,Viacheslav Bielinskyi,22,132,https://www.atptour.com/en/players/viacheslav-bielinskyi/b0ll/overview
2026-04-16T19:40:09Z,368,Daniel Milavsky,24,132,https://www.atptour.com/en/players/daniel-milavsky/m0rg/overview
2026-04-16T19:40:09Z,369,Sanhui Shin,29,132,https://www.atptour.com/en/players/sanhui-shin/s09p/overview
2026-04-16T19:40:09Z,370,Carlo Alberto Caniato,20,131,https://www.atptour.com/en/players/carlo-alberto-caniato/c0lk/overview
2026-04-16T19:40:09Z,371,Marek Gengel,30,131,https://www.atptour.com/en/players/marek-gengel/g09c/overview
2026-04-16T19:40:09Z,372,Gonzalo Villanueva,31,131,https://www.atptour.com/en/players/gonzalo-villanueva/v821/overview
2026-04-16T19:40:09Z,373,Florian Broska,28,130,https://www.atptour.com/en/players/florian-broska/b0c5/overview
2026-04-16T19:40:09Z,374,Daniel Masur,31,130,https://www.atptour.com/en/players/daniel-masur/mn20/overview
2026-04-16T19:40:09Z,375,Matheus Pucinelli De Almeida,25,130,https://www.atptour.com/en/players/matheus-pucinelli-de-almeida/p0df/overview
2026-04-16T19:40:09Z,376,Cezar Cretu,24,130,https://www.atptour.com/en/players/cezar-cretu/c0b2/overview
2026-04-16T19:40:09Z,377,Daniel Dutra da Silva,37,130,https://www.atptour.com/en/players/daniel-dutra-da-silva/sg56/overview
2026-04-16T19:40:09Z,378,Yuta Shimizu,26,129,https://www.atptour.com/en/players/yuta-shimizu/s0aq/overview
2026-04-16T19:40:09Z,379,Oriol Roca Batalla,32,129,https://www.atptour.com/en/players/oriol-roca-batalla/rb60/overview
2026-04-16T19:40:09Z,380,Dan Martin,26,128,https://www.atptour.com/en/players/dan--martin/m0c2/overview
2026-04-16T19:40:09Z,381,Li Tu,29,128,https://www.atptour.com/en/players/li-tu/tc01/overview
2026-04-16T19:40:09Z,382,Filippo Romano,20,128,https://www.atptour.com/en/players/filippo-romano/r0hk/overview
2026-04-16T19:40:09Z,383,Sergey Fomin,25,128,https://www.atptour.com/en/players/sergey-fomin/f0a3/overview
2026-04-16T19:40:09Z,384,Luciano Emanuel Ambrogi,22,128,https://www.atptour.com/en/players/luciano-emanuel-ambrogi/a0ik/overview
2026-04-16T19:40:09Z,385,Mika Brunold,21,127,https://www.atptour.com/en/players/mika-brunold/b0lw/overview
2026-04-16T19:40:09Z,386,David Jorda Sanchis,31,127,https://www.atptour.com/en/players/david-jorda-sanchis/j476/overview
2026-04-16T19:40:09Z,387,Marat Sharipov,23,126,https://www.atptour.com/en/players/marat-sharipov/s0mn/overview
2026-04-16T19:40:09Z,388,Adria Soriano Barrera,26,125,https://www.atptour.com/en/players/adria-soriano-barrera/s0bt/overview
2026-04-16T19:40:09Z,389,Eduardo Ribeiro,28,125,https://www.atptour.com/en/players/eduardo-ribeiro/r09v/overview
2026-04-16T19:40:09Z,390,Tibo Colson,25,125,https://www.atptour.com/en/players/tibo-colson/c0i4/overview
2026-04-16T19:40:09Z,391,Andrew Fenty,26,125,https://www.atptour.com/en/players/andrew-fenty/f0ck/overview
2026-04-16T19:40:09Z,392,Garrett Johns,25,125,https://www.atptour.com/en/players/garrett-johns/j0b5/overview
2026-04-16T19:40:09Z,393,Trevor Svajda,19,124,https://www.atptour.com/en/players/trevor-svajda/s0vm/overview
2026-04-16T19:40:09Z,394,Marvin Moeller,27,123,https://www.atptour.com/en/players/marvin-moeller/m0bn/overview
2026-04-16T19:40:09Z,395,Christoph Negritu,32,123,https://www.atptour.com/en/players/christoph-negritu/n731/overview
2026-04-16T19:40:09Z,396,Yanki Erel,25,122,https://www.atptour.com/en/players/yanki-erel/e0aa/overview
2026-04-16T19:40:09Z,397,Tommaso Compagnucci,26,122,https://www.atptour.com/en/players/tommaso-compagnucci/c0bb/overview
2026-04-16T19:40:09Z,398,Jie Cui,28,121,https://www.atptour.com/en/players/jie-cui/c0aj/overview
2026-04-16T19:40:09Z,399,Patrick Zahraj,26,121,https://www.atptour.com/en/players/patrick-zahraj/z09f/overview
2026-04-16T19:40:09Z,400,Facundo Bagnis,36,120,https://www.atptour.com/en/players/facundo-bagnis/bf23/overview
2026-04-16T19:40:09Z,401,Lui Maxted,22,120,https://www.atptour.com/en/players/lui-maxted/m0nj/overview
2026-04-16T19:40:09Z,402,Javier Barranco Cosano,27,120,https://www.atptour.com/en/players/javier-barranco-cosano/bv25/overview
2026-04-16T19:40:09Z,403,Denis Yevseyev,32,120,https://www.atptour.com/en/players/denis-yevseyev/y171/overview
2026-04-16T19:40:09Z,404,Hernan Casanova,32,119,https://www.atptour.com/en/players/hernan-casanova/cg07/overview
2026-04-16T19:40:09Z,405,Luca Castelnuovo,29,118,https://www.atptour.com/en/players/luca-castelnuovo/ch80/overview
2026-04-16T19:40:09Z,406,Hamish Stewart,26,118,https://www.atptour.com/en/players/hamish-stewart/s0ex/overview
2026-04-16T19:40:09Z,407,Olle Wallin,24,118,https://www.atptour.com/en/players/olle-wallin/w0bu/overview
2026-04-16T19:40:09Z,408,Stefan Palosi,26,118,https://www.atptour.com/en/players/stefan-palosi/p0cy/overview
2026-04-16T19:40:09Z,409,Ognjen Milic,18,117,https://www.atptour.com/en/players/ognjen-milic/m0ur/overview
2026-04-16T19:40:09Z,410,Henry Searle,20,117,https://www.atptour.com/en/players/henry-searle/s0tx/overview
2026-04-16T19:40:09Z,411,Samir Banerjee,22,116,https://www.atptour.com/en/players/samir-banerjee/b0i6/overview
2026-04-16T19:40:09Z,412,Kilian Feldbausch,20,116,https://www.atptour.com/en/players/kilian-feldbausch/f0f4/overview
2026-04-16T19:40:09Z,413,Braden Shick,22,116,https://www.atptour.com/en/players/braden-shick/s0s5/overview
2026-04-16T19:40:09Z,414,Raphael Perot,24,116,https://www.atptour.com/en/players/raphael-perot/p0mg/overview
2026-04-16T19:40:09Z,415,Milos Karol,23,116,https://www.atptour.com/en/players/milos-karol/k0hg/overview
2026-04-16T19:40:09Z,416,Juan Estevez,20,115,https://www.atptour.com/en/players/juan-estevez/e0di/overview
2026-04-16T19:40:09Z,417,Arthur Weber,33,114,https://www.atptour.com/en/players/arthur-weber/w0a4/overview
2026-04-16T19:40:09Z,418,Viktor Durasovic,29,114,https://www.atptour.com/en/players/viktor-durasovic/dc76/overview
2026-04-16T19:40:09Z,419,Thomas Faurel,20,113,https://www.atptour.com/en/players/thomas-faurel/f0ho/overview
2026-04-16T19:40:09Z,420,Lucas Poullain,30,113,https://www.atptour.com/en/players/lucas-poullain/pj74/overview
2026-04-16T19:40:09Z,421,Kasidit Samrej,25,113,https://www.atptour.com/en/players/kasidit-samrej/s0hr/overview
2026-04-16T19:40:09Z,422,Andrej Martin,36,111,https://www.atptour.com/en/players/andrej-martin/mf35/overview
2026-04-16T19:40:09Z,423,Andrea Picchione,27,110,https://www.atptour.com/en/players/andrea-picchione/p0dr/overview
2026-04-16T19:40:09Z,424,Carl Emil Overbeck,24,110,https://www.atptour.com/en/players/carl-emil-overbeck/o0bi/overview
2026-04-16T19:40:09Z,425,Moerani Bouzige,26,110,https://www.atptour.com/en/players/moerani-bouzige/b0ek/overview
2026-04-16T19:40:09Z,426,Laurent Lokoli,31,108,https://www.atptour.com/en/players/laurent-lokoli/lc12/overview
2026-04-16T19:40:09Z,427,Hiroki Moriya,35,108,https://www.atptour.com/en/players/hiroki-moriya/mi01/overview
2026-04-16T19:40:09Z,428,Justin Boulais,24,108,https://www.atptour.com/en/players/justin-boulais/b0f8/overview
2026-04-16T19:40:09Z,429,Rudolf Molleker,25,108,https://www.atptour.com/en/players/rudolf-molleker/m0ac/overview
2026-04-16T19:40:09Z,430,Jay Friend,22,107,https://www.atptour.com/en/players/jay-friend/h0jl/overview
2026-04-16T19:40:09Z,431,Andrey Chepelev,27,107,https://www.atptour.com/en/players/andrey-chepelev/co01/overview
2026-04-16T19:40:09Z,432,Sebastian Sorger,20,106,https://www.atptour.com/en/players/sebastian-sorger/s0qz/overview
2026-04-16T19:40:09Z,433,Pedro Sakamoto,32,105,https://www.atptour.com/en/players/pedro-sakamoto/sl94/overview
2026-04-16T19:40:09Z,434,Karan Singh,22,105,https://www.atptour.com/en/players/karan-singh/s0ri/overview
2026-04-16T19:40:09Z,435,Cannon Kingsley,24,104,https://www.atptour.com/en/players/cannon-kingsley/k0db/overview
2026-04-16T19:40:09Z,436,Jack Loge,21,104,https://www.atptour.com/en/players/jack-loge/l0id/overview
2026-04-16T19:40:09Z,437,Bor Artnak,21,103,https://www.atptour.com/en/players/bor-artnak/a0i1/overview
2026-04-16T19:40:09Z,438,Aidan McHugh,25,103,https://www.atptour.com/en/players/aidan-mchugh/m0cw/overview
2026-04-16T19:40:09Z,439,Eero Vasa,29,103,https://www.atptour.com/en/players/eero-vasa/v993/overview
2026-04-16T19:40:09Z,440,Federico Arnaboldi,25,103,https://www.atptour.com/en/players/federico-arnaboldi/a0ba/overview
2026-04-16T19:40:09Z,441,Joao Eduardo Schiessl,21,103,https://www.atptour.com/en/players/joao-eduardo-schiessl/s0t1/overview
2026-04-16T19:40:09Z,442,Omar Jasika,28,103,https://www.atptour.com/en/players/omar-jasika/j553/overview
2026-04-16T19:40:09Z,443,Manas Dhamne,18,102,https://www.atptour.com/en/players/manas-dhamne/d0ji/overview
2026-04-16T19:40:09Z,444,Petr Nesterov,23,101,https://www.atptour.com/en/players/petr-nesterov/n0cj/overview
2026-04-16T19:40:09Z,445,Sergio Callejon Hernando,21,101,https://www.atptour.com/en/players/sergio-callejon-hernando/c0p0/overview
2026-04-16T19:40:09Z,446,Alexey Vatutin,33,100,https://www.atptour.com/en/players/alexey-vatutin/v717/overview
2026-04-16T19:40:09Z,447,Luca Potenza,25,100,https://www.atptour.com/en/players/luca-potenza/p0b2/overview
2026-04-16T19:40:09Z,448,Edward Winter,21,99,https://www.atptour.com/en/players/edward-winter/w0c4/overview
2026-04-16T19:40:09Z,449,Miguel Tobon,19,99,https://www.atptour.com/en/players/miguel-tobon/t0i3/overview
2026-04-16T19:40:09Z,450,Jelle Sels,30,99,https://www.atptour.com/en/players/jelle-sels/so20/overview
2026-04-16T19:40:09Z,451,Matthew Dellavedova,25,99,https://www.atptour.com/en/players/matthew-dellavedova/d0a2/overview
2026-04-16T19:40:09Z,452,Cyril Vandermeersch,26,98,https://www.atptour.com/en/players/cyril-vandermeersch/v0bc/overview
2026-04-16T19:40:09Z,453,Fares Zakaria,24,98,https://www.atptour.com/en/players/fares-zakaria/z0bl/overview
2026-04-16T19:40:09Z,454,Alex Marti Pujolras,27,97,https://www.atptour.com/en/players/alex-marti-pujolras/m0ey/overview
2026-04-16T19:40:09Z,455,Radu Albot,36,97,https://www.atptour.com/en/players/radu-albot/a829/overview
2026-04-16T19:40:09Z,456,Quinn Vandecasteele,23,97,https://www.atptour.com/en/players/quinn-vandecasteele/v0dg/overview
2026-04-16T19:40:09Z,457,Alex Hernandez,26,96,https://www.atptour.com/en/players/alex-hernandez/h0cd/overview
2026-04-16T19:40:09Z,458,Lorenzo Joaquin Rodriguez,26,96,https://www.atptour.com/en/players/lorenzo-joaquin-rodriguez/r0bc/overview
2026-04-16T19:40:09Z,459,Johan Nikles,29,95,https://www.atptour.com/en/players/johan-nikles/n830/overview
2026-04-16T19:40:09Z,460,Arthur Nagel,22,95,https://www.atptour.com/en/players/arthur-nagel/n0eg/overview
2026-04-16T19:40:09Z,461,Christian Langmo,29,95,https://www.atptour.com/en/players/christian-langmo/li10/overview
2026-04-16T19:40:09Z,462,Kei Nishikori,36,94,https://www.atptour.com/en/players/kei-nishikori/n552/overview
2026-04-16T19:40:09Z,463,Dhakshineswar Suresh,26,94,https://www.atptour.com/en/players/dhakshineswar-suresh/s0de/overview
2026-04-16T19:40:09Z,464,Antoine Escoffier,34,94,https://www.atptour.com/en/players/antoine-escoffier/e768/overview
2026-04-16T19:40:09Z,465,Nicolas Alvarez Varona,24,94,https://www.atptour.com/en/players/nicolas-alvarez-varona/a09u/overview
2026-04-16T19:40:09Z,466,Masamichi Imamura,27,94,https://www.atptour.com/en/players/masamichi-imamura/i426/overview
2026-04-16T19:40:09Z,467,Lucio Ratti,22,94,https://www.atptour.com/en/players/lucio-ratti/r0hp/overview
2026-04-16T19:40:09Z,468,Alexander Binda,24,94,https://www.atptour.com/en/players/alexander-binda/b0gi/overview
2026-04-16T19:40:09Z,469,Hikaru Shiraishi,25,94,https://www.atptour.com/en/players/hikaru-shiraishi/s0c2/overview
2026-04-16T19:40:09Z,470,Lorenzo Carboni,20,94,https://www.atptour.com/en/players/lorenzo-carboni/c0ow/overview
2026-04-16T19:40:09Z,471,Maxim Zhukov,21,93,https://www.atptour.com/en/players/maxim-zhukov/z0c3/overview
2026-04-16T19:40:09Z,472,Max Wiskandt,24,93,https://www.atptour.com/en/players/max-wiskandt/w0bb/overview
2026-04-16T19:40:09Z,473,Robert Strombachs,26,93,https://www.atptour.com/en/players/robert-strombachs/s0gv/overview
2026-04-16T19:40:09Z,474,Corentin Denolly,28,93,https://www.atptour.com/en/players/corentin-denolly/df92/overview
2026-04-16T19:40:09Z,475,Samuele Pieri,24,93,https://www.atptour.com/en/players/samuele-pieri/p0hy/overview
2026-04-16T19:40:09Z,476,Mees Rottgering,18,92,https://www.atptour.com/en/players/mees-rottgering/r0kd/overview
2026-04-16T19:40:09Z,477,Vadym Ursu,29,92,https://www.atptour.com/en/players/vadym-ursu/u176/overview
2026-04-16T19:40:09Z,478,James Story,25,90,https://www.atptour.com/en/players/james-story/s0h9/overview
2026-04-16T19:40:09Z,479,Neil Oberleitner,26,90,https://www.atptour.com/en/players/neil-oberleitner/o0ad/overview
2026-04-16T19:40:09Z,480,Leo Borg,22,90,https://www.atptour.com/en/players/leo-borg/b0jg/overview
2026-04-16T19:40:09Z,481,Albert Ramos-Vinolas,38,89,https://www.atptour.com/en/players/albert-ramos-vinolas/r772/overview
2026-04-16T19:40:09Z,482,Alafia Ayeni,26,89,https://www.atptour.com/en/players/alafia-ayeni/a09p/overview
2026-04-16T19:40:09Z,483,Tomasz Berkieta,19,89,https://www.atptour.com/en/players/tomasz-berkieta/b0p4/overview
2026-04-16T19:40:09Z,484,Gianmarco Ferrari,25,89,https://www.atptour.com/en/players/gianmarco-ferrari/f0cj/overview
2026-04-16T19:40:09Z,485,Taha Baadi,24,89,https://www.atptour.com/en/players/taha-baadi/b0d6/overview
2026-04-16T19:40:09Z,486,Filip Peliwo,32,89,https://www.atptour.com/en/players/filip-peliwo/pf65/overview
2026-04-16T19:40:09Z,487,Dusan Obradovic,25,89,https://www.atptour.com/en/players/dusan-obradovic/o0ai/overview
2026-04-16T19:40:09Z,488,Enrico Dalla Valle,28,88,https://www.atptour.com/en/players/enrico-dalla-valle/dg80/overview
2026-04-16T19:40:09Z,489,Olaf Pieczkowski,22,88,https://www.atptour.com/en/players/olaf-pieczkowski/p0it/overview
2026-04-16T19:40:09Z,490,Alejo Sanchez Quilez,20,88,https://www.atptour.com/en/players/alejo-sanchez-quilez/s0xe/overview
2026-04-16T19:40:09Z,491,Aristotelis Thanos,25,87,https://www.atptour.com/en/players/aristotelis-thanos/t0ei/overview
2026-04-16T19:40:09Z,492,Tsung-Hao Huang,26,87,https://www.atptour.com/en/players/tsung-hao-huang/h0b5/overview
2026-04-16T19:40:09Z,493,Aryan Shah,20,87,https://www.atptour.com/en/players/aryan-shah/s0w8/overview
2026-04-16T19:40:09Z,494,Pietro Fellin,24,87,https://www.atptour.com/en/players/pietro-fellin/f0bp/overview
2026-04-16T19:40:09Z,495,Ivan Marrero Curbelo,27,86,https://www.atptour.com/en/players/ivan-marrero-curbelo/m09m/overview
2026-04-16T19:40:09Z,496,Francesco Forti,26,86,https://www.atptour.com/en/players/francesco-forti/f0a4/overview
2026-04-16T19:40:09Z,497,Alfredo Perez,28,86,https://www.atptour.com/en/players/alfredo-perez/pl39/overview
2026-04-16T19:40:09Z,498,Ryan Nijboer,26,86,https://www.atptour.com/en/players/ryan-nijboer/n0b4/overview
2026-04-16T19:40:09Z,499,Henry Bernet,19,84,https://www.atptour.com/en/players/henry-bernet/b0tp/overview
2026-04-16T19:40:09Z,500,Carlos Lopez Montagud,25,84,https://www.atptour.com/en/players/carlos-lopez-montagud/l0c1/overview
2026-04-16T19:40:09Z,501,Mateus Alves,25,84,https://www.atptour.com/en/players/mateus-alves/d0ar/overview
2026-04-16T19:40:09Z,502,Paulo Andre Saraiva Dos Santos,25,84,https://www.atptour.com/en/players/paulo-andre-saraiva-dos-santos/s0iv/overview
2026-04-16T19:40:09Z,503,Jake Delaney,28,84,https://www.atptour.com/en/players/jake-delaney/dc38/overview
2026-04-16T19:40:09Z,504,Erik Arutiunian,21,83,https://www.atptour.com/en/players/erik-arutiunian/a0ia/overview
2026-04-16T19:40:09Z,505,Radu Mihai Papoe,23,83,https://www.atptour.com/en/players/radu-mihai-papoe/p0fj/overview
2026-04-16T19:40:09Z,506,Filippo Moroni,25,81,https://www.atptour.com/en/players/filippo-moroni/m0gp/overview
2026-04-16T19:40:09Z,507,Tai Sach,23,81,https://www.atptour.com/en/players/tai-sach/s0u5/overview
2026-04-16T19:40:09Z,508,Pavle Marinkov,20,81,https://www.atptour.com/en/players/pavle-marinkov/m0te/overview
2026-04-16T19:40:09Z,509,Mirza Basic,34,80,https://www.atptour.com/en/players/mirza-basic/be67/overview
2026-04-16T19:40:09Z,510,Koki Matsuda,25,80,https://www.atptour.com/en/players/koki-matsuda/m0sb/overview
2026-04-16T19:40:09Z,511,Maxime Chazal,32,80,https://www.atptour.com/en/players/maxime-chazal/cd00/overview
2026-04-16T19:40:09Z,512,Alibek Kachmazov,23,79,https://www.atptour.com/en/players/alibek-kachmazov/k0e6/overview
2026-04-16T19:40:09Z,513,Jakub Paul,27,79,https://www.atptour.com/en/players/jakub-paul/p0d0/overview
2026-04-16T19:40:09Z,514,Max Schoenhaus,18,79,https://www.atptour.com/en/players/max-schoenhaus/s0vu/overview
2026-04-16T19:40:09Z,515,Anton Matusevich,24,79,https://www.atptour.com/en/players/anton-matusevich/m0fa/overview
2026-04-16T19:40:09Z,516,Tristan McCormick,27,79,https://www.atptour.com/en/players/tristan-mccormick/m0eg/overview
2026-04-16T19:40:09Z,517,Sergi Perez Contri,28,79,https://www.atptour.com/en/players/sergi-perez-contri/pi96/overview
2026-04-16T19:40:09Z,518,Lukas Pokorny,24,78,https://www.atptour.com/en/players/lukas-pokorny/p0hp/overview
2026-04-16T19:40:09Z,519,Shunsuke Mitsui,23,78,https://www.atptour.com/en/players/shunsuke-mitsui/m0na/overview
2026-04-16T19:40:09Z,520,Dominik Palan,25,78,https://www.atptour.com/en/players/dominik-palan/p0e9/overview
2026-04-16T19:40:09Z,521,Giuseppe La Vela,25,78,https://www.atptour.com/en/players/giuseppe-la-vela/l0db/overview
2026-04-16T19:40:09Z,522,Vladyslav Orlov,30,78,https://www.atptour.com/en/players/vladyslav-orlov/o659/overview
2026-04-16T19:40:09Z,523,Mukund Sasikumar,29,78,https://www.atptour.com/en/players/mukund-sasikumar/mp13/overview
2026-04-16T19:40:09Z,524,Maxwell Mckennon,23,78,https://www.atptour.com/en/players/maxwell-mckennon/m0i0/overview
2026-04-16T19:40:09Z,525,Amr Elsayed,27,78,https://www.atptour.com/en/players/amr-elsayed/a0g8/overview
2026-04-16T19:40:09Z,526,Pedro Vives Marcos,24,77,https://www.atptour.com/en/players/pedro-vives-marcos/v09t/overview
2026-04-16T19:40:09Z,527,Gastao Elias,35,77,https://www.atptour.com/en/players/gastao-elias/e698/overview
2026-04-16T19:40:09Z,528,Svyatoslav Gulin,23,77,https://www.atptour.com/en/players/svyatoslav-gulin/g0j9/overview
2026-04-16T19:40:09Z,529,Carlos Maria Zarate,21,77,https://www.atptour.com/en/players/carlos-maria-zarate/z0da/overview
2026-04-16T19:40:09Z,530,Kirill Kivattsev,28,77,https://www.atptour.com/en/players/kirill-kivattsev/ki71/overview
2026-04-16T19:40:09Z,531,Blake Ellis,27,76,https://www.atptour.com/en/players/blake-ellis/ea27/overview
2026-04-16T19:40:09Z,532,Eric Vanshelboim,24,76,https://www.atptour.com/en/players/eric-vanshelboim/v0d4/overview
2026-04-16T19:40:09Z,533,Giovanni Fonio,27,75,https://www.atptour.com/en/players/giovanni-fonio/fc49/overview
2026-04-16T19:40:09Z,534,Valerio Aboian,23,75,https://www.atptour.com/en/players/valerio-aboian/a0g7/overview
2026-04-16T19:40:09Z,535,Semen Pankin,26,75,https://www.atptour.com/en/players/semen-pankin/p0ka/overview
2026-04-16T19:40:09Z,536,Takuya Kumasaka,27,75,https://www.atptour.com/en/players/takuya-kumasaka/k0de/overview
2026-04-16T19:40:09Z,537,Nicolas Moreno De Alboran,28,74,https://www.atptour.com/en/players/nicolas-moreno-de-alboran/mw18/overview
2026-04-16T19:40:09Z,538,Aziz Dougaz,29,74,https://www.atptour.com/en/players/aziz-dougaz/df88/overview
2026-04-16T19:40:09Z,539,Reda Bennani,19,74,https://www.atptour.com/en/players/reda-bennani/b0pu/overview
2026-04-16T19:40:09Z,540,Robin Catry,24,74,https://www.atptour.com/en/players/robin-catry/c0jt/overview
2026-04-16T19:40:09Z,541,Sidharth Rawat,32,74,https://www.atptour.com/en/players/sidharth-rawat/rb86/overview
2026-04-16T19:40:09Z,542,Mae Malige,20,74,https://www.atptour.com/en/players/mae-malige/m0to/overview
2026-04-16T19:40:09Z,543,Niels Visker,24,74,https://www.atptour.com/en/players/niels-visker/v0d0/overview
2026-04-16T19:40:09Z,544,Karl Poling,26,73,https://www.atptour.com/en/players/karl-poling/p0c1/overview
2026-04-16T19:40:09Z,545,Stefan Adrian Andreescu,24,72,https://www.atptour.com/en/players/stefan-adrian-andreescu/a0j5/overview
2026-04-16T19:40:09Z,546,Patrick Maloney,26,71,https://www.atptour.com/en/players/patrick-maloney/m0re/overview
2026-04-16T19:40:09Z,547,Peter Fajta,23,71,https://www.atptour.com/en/players/peter-fajta/f0dp/overview
2026-04-16T19:40:09Z,548,Hyeon Chung,29,71,https://www.atptour.com/en/players/hyeon-chung/ch27/overview
2026-04-16T19:40:09Z,549,Emile Hudd,25,71,https://www.atptour.com/en/players/emile-hudd/h0ek/overview
2026-04-16T19:40:09Z,550,Kuan-Yi Lee,29,71,https://www.atptour.com/en/players/kuan-yi-lee/lh70/overview
2026-04-16T19:40:09Z,551,Oleksandr Ovcharenko,24,71,https://www.atptour.com/en/players/oleksandr-ovcharenko/o0be/overview
2026-04-16T19:40:09Z,552,Matthew William Donald,21,71,https://www.atptour.com/en/players/matthew-william-donald/d0hm/overview
2026-04-16T19:40:09Z,553,Kokoro Isomura,23,71,https://www.atptour.com/en/players/kokoro-isomura/i0ax/overview
2026-04-16T19:40:09Z,554,Yusuke Takahashi,28,70,https://www.atptour.com/en/players/yusuke-takahashi/tf58/overview
2026-04-16T19:40:09Z,555,Filip Jeff Planinsek,24,70,https://www.atptour.com/en/players/filip-jeff-planinsek/p0fv/overview
2026-04-16T19:40:09Z,556,Roberto Cid Subervi,32,69,https://www.atptour.com/en/players/roberto-cid-subervi/cf88/overview
2026-04-16T19:40:09Z,557,Jacopo Vasami,18,69,https://www.atptour.com/en/players/jacopo-vasami/v0j1/overview
2026-04-16T19:40:09Z,558,Georgii Kravchenko,25,69,https://www.atptour.com/en/players/georgii-kravchenko/k0bj/overview
2026-04-16T19:40:09Z,559,Constantin Bittoun Kouzmine,27,69,https://www.atptour.com/en/players/constantin-bittoun-kouzmine/bu53/overview
2026-04-16T19:40:09Z,560,Stefan Popovic,22,69,https://www.atptour.com/en/players/stefan-popovic/p0g5/overview
2026-04-16T19:40:09Z,561,Nicolas Arseneault,19,68,https://www.atptour.com/en/players/nicolas-arseneault/a0k3/overview
2026-04-16T19:40:09Z,562,Etienne Donnet,25,68,https://www.atptour.com/en/players/etienne-donnet/d0dc/overview
2026-04-16T19:40:09Z,563,Ergi Kirkin,27,68,https://www.atptour.com/en/players/ergi-kirkin/ki48/overview
2026-04-16T19:40:09Z,564,Joaquin Aguilar Cardozo,21,68,https://www.atptour.com/en/players/joaquin-aguilar-cardozo/a0jw/overview
2026-04-16T19:40:09Z,565,Digvijaypratap Singh,25,68,https://www.atptour.com/en/players/digvijaypratap-singh/sy71/overview
2026-04-16T19:40:09Z,566,Igor Gimenez,26,68,https://www.atptour.com/en/players/igor-gimenez/g0d9/overview
2026-04-16T19:40:09Z,567,Louis Wessels,27,68,https://www.atptour.com/en/players/louis-wessels/wb25/overview
2026-04-16T19:40:09Z,568,Alexander Ritschard,32,67,https://www.atptour.com/en/players/alexander-ritschard/rc04/overview
2026-04-16T19:40:09Z,569,Enzo Aguiard,23,67,https://www.atptour.com/en/players/enzo-aguiard/a0ku/overview
2026-04-16T19:40:09Z,570,Arda Azkara,23,67,https://www.atptour.com/en/players/arda-azkara/a0dv/overview
2026-04-16T19:40:09Z,571,Ryuki Matsuda,26,67,https://www.atptour.com/en/players/ryuki-matsuda/m0g0/overview
2026-04-16T19:40:09Z,572,Yuki Mochizuki,28,67,https://www.atptour.com/en/players/yuki-mochizuki/m0b2/overview
2026-04-16T19:40:09Z,573,Alberto Barroso Campos,29,67,https://www.atptour.com/en/players/alberto-barroso-campos/bu36/overview
2026-04-16T19:40:09Z,574,Maxime Janvier,29,67,https://www.atptour.com/en/players/maxime-janvier/j620/overview
2026-04-16T19:40:09Z,575,Juan Cruz Martin Manzano,21,67,https://www.atptour.com/en/players/juan-cruz-martin-manzano/m0r4/overview
2026-04-16T19:40:09Z,576,Massimo Giunta,21,67,https://www.atptour.com/en/players/massimo-giunta/g0i3/overview
2026-04-16T19:40:09Z,577,Sebastian Gima,23,67,https://www.atptour.com/en/players/sebastian-gima/g0eq/overview
2026-04-16T19:40:09Z,578,Bruno Kuzuhara,22,67,https://www.atptour.com/en/players/bruno-kuzuhara/k0hn/overview
2026-04-16T19:40:09Z,579,Karim Bennani,18,66,https://www.atptour.com/en/players/karim-bennani/b0qq/overview
2026-04-16T19:40:09Z,580,Aleksandre Bakshi,28,66,https://www.atptour.com/en/players/aleksandre-bakshi/bp74/overview
2026-04-16T19:40:09Z,581,Millen Hurrion,26,66,https://www.atptour.com/en/players/millen-hurrion/h0ei/overview
2026-04-16T19:40:09Z,582,Mario Gonzalez Fernandez,23,66,https://www.atptour.com/en/players/mario-gonzalez-fernandez/g0g2/overview
2026-04-16T19:40:09Z,583,Colin Sinclair,31,66,https://www.atptour.com/en/players/colin-sinclair/sq79/overview
2026-04-16T19:40:09Z,584,Andrew Paulson,24,65,https://www.atptour.com/en/players/andrew-paulson/p0ev/overview
2026-04-16T19:40:09Z,585,Juan Sebastian Gomez,34,65,https://www.atptour.com/en/players/juan-sebastian-gomez/gb41/overview
2026-04-16T19:40:09Z,586,Dragos Nicolae Madaras,28,65,https://www.atptour.com/en/players/dragos-nicolae-madaras/mw54/overview
2026-04-16T19:40:09Z,587,Alan Fernando Rubio Fierros,27,65,https://www.atptour.com/en/players/alan-fernando-rubio-fierros/rh88/overview
2026-04-16T19:40:09Z,588,Branko Djuric,21,65,https://www.atptour.com/en/players/branko-djuric/d0hj/overview
2026-04-16T19:40:09Z,589,Bernabe Zapata Miralles,29,64,https://www.atptour.com/en/players/bernabe-zapata-miralles/z419/overview
2026-04-16T19:40:09Z,590,Nick Hardt,25,64,https://www.atptour.com/en/players/nick-hardt/h0a4/overview
2026-04-16T19:40:09Z,591,Dmitry Popko,29,64,https://www.atptour.com/en/players/dmitry-popko/pg20/overview
2026-04-16T19:40:09Z,592,Tiago Torres,23,64,https://www.atptour.com/en/players/tiago-torres/t0cn/overview
2026-04-16T19:40:09Z,593,Joshua Sheehy,29,63,https://www.atptour.com/en/players/joshua-sheehy/s0nn/overview
2026-04-16T19:40:09Z,594,Dan Alexandru Tomescu,27,63,https://www.atptour.com/en/players/dan-alexandru-tomescu/t0aa/overview
2026-04-16T19:40:09Z,595,Michael Vrbensky,26,63,https://www.atptour.com/en/players/michael-vrbensky/v0b2/overview
2026-04-16T19:40:09Z,596,Arthur Bouquier,25,63,https://www.atptour.com/en/players/arthur-bouquier/b0er/overview
2026-04-16T19:40:09Z,597,Manuel Mazza,26,63,https://www.atptour.com/en/players/manuel-mazza/m0en/overview
2026-04-16T19:40:09Z,598,Christopher Eubanks,29,62,https://www.atptour.com/en/players/christopher-eubanks/e865/overview
2026-04-16T19:40:09Z,599,Daniel Siniakov,23,62,https://www.atptour.com/en/players/daniel-siniakov/s0lt/overview
2026-04-16T19:40:09Z,600,Ivan Ivanov,17,62,https://www.atptour.com/en/players/ivan-ivanov/i0bf/overview
2026-04-16T19:40:09Z,601,Alec Deckers,25,62,https://www.atptour.com/en/players/alec-deckers/d0d2/overview
2026-04-16T19:40:09Z,602,Adhithya Ganesan,20,62,https://www.atptour.com/en/players/adhithya-ganesan/g0mi/overview
2026-04-16T19:40:09Z,603,Felix Balshaw,19,62,https://www.atptour.com/en/players/felix-balshaw/b0wl/overview
2026-04-16T19:40:09Z,604,Imanol Lopez Morillo,26,62,https://www.atptour.com/en/players/imanol-lopez-morillo/l0at/overview
2026-04-16T19:40:09Z,605,Alessandro Pecci,25,61,https://www.atptour.com/en/players/alessandro-pecci/p0fy/overview
2026-04-16T19:40:09Z,606,Jan Kumstat,19,61,https://www.atptour.com/en/players/jan-kumstat/k0jh/overview
2026-04-16T19:40:09Z,607,Federico Iannaccone,27,61,https://www.atptour.com/en/players/federico-iannaccone/i09n/overview
2026-04-16T19:40:09Z,608,Jakub Nicod,21,60,https://www.atptour.com/en/players/jakub-nicod/n0d9/overview
2026-04-16T19:40:09Z,609,Cesar Bouchelaghem,21,60,https://www.atptour.com/en/players/cesar-bouchelaghem/b0me/overview
2026-04-16T19:40:09Z,610,Luca Staeheli,26,60,https://www.atptour.com/en/players/luca-staeheli/s0h1/overview
2026-04-16T19:40:09Z,611,Denis Klok,27,60,https://www.atptour.com/en/players/denis-klok/kg49/overview
2026-04-16T19:40:09Z,612,Amir Omarkhanov,18,60,https://www.atptour.com/en/players/amir-omarkhanov/o0e7/overview
2026-04-16T19:40:09Z,613,Karol Filar,27,60,https://www.atptour.com/en/players/karol-filar/f0hn/overview
2026-04-16T19:40:09Z,614,Gerard Campana Lee,21,60,https://www.atptour.com/en/players/gerard-campana-lee/c0mh/overview
2026-04-16T19:40:09Z,615,Yurii Dzhavakian,32,60,https://www.atptour.com/en/players/yurii-dzhavakian/db32/overview
2026-04-16T19:40:09Z,616,Andrea Vavassori,30,59,https://www.atptour.com/en/players/andrea-vavassori/va08/overview
2026-04-16T19:40:09Z,617,Luis Carlos Alvarez,21,59,https://www.atptour.com/en/players/luis-carlos-alvarez/a0iy/overview
2026-04-16T19:40:09Z,618,Ricardas Berankis,35,59,https://www.atptour.com/en/players/ricardas-berankis/be90/overview
2026-04-16T19:40:09Z,619,Alexander Weis,28,59,https://www.atptour.com/en/players/alexander-weis/wb19/overview
2026-04-16T19:40:09Z,620,Egor Agafonov,23,59,https://www.atptour.com/en/players/egor-agafonov/a0fm/overview
2026-04-16T19:40:09Z,621,Michal Krajci,21,59,https://www.atptour.com/en/players/michal-krajci/k0l1/overview
2026-04-16T19:40:09Z,622,Yassine Dlimi,22,58,https://www.atptour.com/en/players/yassine-dlimi/d0fa/overview
2026-04-16T19:40:09Z,623,Aidan Mayo,22,58,https://www.atptour.com/en/players/aidan-mayo/m0nb/overview
2026-04-16T19:40:09Z,624,Mariano Kestelboim,30,58,https://www.atptour.com/en/players/mariano-kestelboim/ke69/overview
2026-04-16T19:40:09Z,625,Nikolay Vylegzhanin,25,58,https://www.atptour.com/en/players/nikolay-vylegzhanin/v0bd/overview
2026-04-16T19:40:09Z,626,Karlis Ozolins,23,58,https://www.atptour.com/en/players/karlis-ozolins/o0bq/overview
2026-04-16T19:40:09Z,627,Pawit Sornlaksup,26,58,https://www.atptour.com/en/players/pawit-sornlaksup/s0vo/overview
2026-04-16T19:40:09Z,628,Nino Ehrenschneider,25,58,https://www.atptour.com/en/players/nino-ehrenschneider/e0bo/overview
2026-04-16T19:40:09Z,629,Adrian Oetzbach,28,58,https://www.atptour.com/en/players/adrian-oetzbach/o656/overview
2026-04-16T19:40:09Z,630,Mate Valkusz,27,57,https://www.atptour.com/en/players/mate-valkusz/va70/overview
2026-04-16T19:40:09Z,631,S D Prajwal Dev,29,57,https://www.atptour.com/en/players/s-d-prajwal-dev/dh23/overview
2026-04-16T19:40:09Z,632,Bruno Fernandez,21,57,https://www.atptour.com/en/players/bruno-fernandez/f0fl/overview
2026-04-16T19:40:09Z,633,Marcel Zielinski,25,57,https://www.atptour.com/en/players/marcel-zielinski/z0c9/overview
2026-04-16T19:40:09Z,634,Kenta Miyoshi,22,56,https://www.atptour.com/en/players/kenta-miyoshi/m0rx/overview
2026-04-16T19:40:09Z,635,Maxence Beauge,25,56,https://www.atptour.com/en/players/maxence-beauge/b0a0/overview
2026-04-16T19:40:09Z,636,Giovanni Oradini,28,56,https://www.atptour.com/en/players/giovanni-oradini/o639/overview
2026-04-16T19:40:09Z,637,Yan Bai,36,55,https://www.atptour.com/en/players/yan-bai/be69/overview
2026-04-16T19:40:09Z,638,Yuta Kawahashi,28,55,https://www.atptour.com/en/players/yuta-kawahashi/k0ak/overview
2026-04-16T19:40:09Z,639,Lorenzo Sciahbasi,20,55,https://www.atptour.com/en/players/lorenzo-sciahbasi/s0w4/overview
2026-04-16T19:40:09Z,640,Peter Makk,24,55,https://www.atptour.com/en/players/peter-makk/m0dy/overview
2026-04-16T19:40:09Z,641,Woobin Shin,22,55,https://www.atptour.com/en/players/woobin-shin/s0in/overview
2026-04-16T19:40:09Z,642,Emilien Demanet,20,55,https://www.atptour.com/en/players/emilien-demanet/d0ly/overview
2026-04-16T19:40:09Z,643,Yanis Ghazouani Durand,25,55,https://www.atptour.com/en/players/yanis-ghazouani-durand/g0lg/overview
2026-04-16T19:40:09Z,644,Stuart Parker,28,54,https://www.atptour.com/en/players/stuart-parker/p0bk/overview
2026-04-16T19:40:09Z,645,Yusuke Kusuhara,28,54,https://www.atptour.com/en/players/yusuke-kusuhara/k0es/overview
2026-04-16T19:40:09Z,646,Santiago De La Fuente,24,54,https://www.atptour.com/en/players/santiago-de-la-fuente/d0dk/overview
2026-04-16T19:40:09Z,647,Tadeas Paroulek,26,54,https://www.atptour.com/en/players/tadeas-paroulek/p0bm/overview
2026-04-16T19:40:09Z,648,Mika Petkovic,19,54,https://www.atptour.com/en/players/mika-petkovic/p0o9/overview
2026-04-16T19:40:09Z,649,Mitsuki Wei Kang Leong,21,54,https://www.atptour.com/en/players/mitsuki-wei-kang-leong/l0i5/overview
2026-04-16T19:40:09Z,650,Strong Kirchheimer,30,54,https://www.atptour.com/en/players/strong-kirchheimer/kg27/overview
2026-04-16T19:40:09Z,651,Aziz Ouakaa,26,54,https://www.atptour.com/en/players/aziz-ouakaa/o09a/overview
2026-04-16T19:40:09Z,652,Johan Alexander Rodriguez,22,53,https://www.atptour.com/en/players/johan-alexander-rodriguez/r0f1/overview
2026-04-16T19:40:09Z,653,Karue Sell,32,53,https://www.atptour.com/en/players/karue-sell/sm88/overview
2026-04-16T19:40:09Z,654,Igor Kudriashov,22,53,https://www.atptour.com/en/players/igor-kudriashov/k0ga/overview
2026-04-16T19:40:09Z,655,Timofei Derepasko,19,53,https://www.atptour.com/en/players/timofei-derepasko/d0l8/overview
2026-04-16T19:40:09Z,656,Michael Bassem Sobhy,21,53,https://www.atptour.com/en/players/michael-bassem-sobhy/b0lv/overview
2026-04-16T19:40:09Z,657,Chase Ferguson,27,53,https://www.atptour.com/en/players/chase-ferguson/f0c0/overview
2026-04-16T19:40:09Z,658,Elmar Ejupovic,33,52,https://www.atptour.com/en/players/elmar-ejupovic/e811/overview
2026-04-16T19:40:09Z,659,Kyle Kang,21,52,https://www.atptour.com/en/players/kyle-kang/k0hl/overview
2026-04-16T19:40:09Z,660,Tristan Lamasine,33,52,https://www.atptour.com/en/players/tristan-lamasine/lc11/overview
2026-04-16T19:40:09Z,661,Aidan Kim,21,52,https://www.atptour.com/en/players/aidan-kim/k0hz/overview
2026-04-16T19:40:09Z,662,Radu David Turcanu,20,52,https://www.atptour.com/en/players/radu-david-turcanu/t0jz/overview
2026-04-16T19:40:09Z,663,Yuta Kikuchi,26,52,https://www.atptour.com/en/players/yuta-kikuchi/k0ez/overview
2026-04-16T19:40:09Z,664,Kaylan Bigun,19,52,https://www.atptour.com/en/players/kaylan-bigun/b0pw/overview
2026-04-16T19:40:09Z,665,Duncan Chan,20,51,https://www.atptour.com/en/players/duncan-chan/c0of/overview
2026-04-16T19:40:09Z,666,James Watt,25,51,https://www.atptour.com/en/players/james-watt/w0ed/overview
2026-04-16T19:40:09Z,667,Shintaro Imai,32,51,https://www.atptour.com/en/players/shintaro-imai/i330/overview
2026-04-16T19:40:09Z,668,John Echeverria,24,51,https://www.atptour.com/en/players/john-echeverria/e0au/overview
2026-04-16T19:40:09Z,669,Daniel De Jonge,26,51,https://www.atptour.com/en/players/daniel-de-jonge/d0cu/overview
2026-04-16T19:40:09Z,670,Ryan Dickerson,28,51,https://www.atptour.com/en/players/ryan-dickerson/d0in/overview
2026-04-16T19:40:09Z,671,Richard Gasquet,39,50,https://www.atptour.com/en/players/richard-gasquet/g628/overview
2026-04-16T19:40:09Z,672,Conner Huertas del Pino,30,50,https://www.atptour.com/en/players/conner-huertas-del-pino/hg90/overview
2026-04-16T19:40:09Z,673,Iliyan Radulov,20,50,https://www.atptour.com/en/players/iliyan-radulov/r0il/overview
2026-04-16T19:40:09Z,674,Gavin Young,23,50,https://www.atptour.com/en/players/gavin-young/y0bf/overview
2026-04-16T19:40:09Z,675,Naoki Nakagawa,29,50,https://www.atptour.com/en/players/naoki-nakagawa/n707/overview
2026-04-16T19:40:09Z,676,Rigele Te,28,50,https://www.atptour.com/en/players/rigele-te/tg30/overview
2026-04-16T19:40:09Z,677,Maximo Zeitune,20,50,https://www.atptour.com/en/players/maximo-zeitune/z0co/overview
2026-04-16T19:40:09Z,678,Daniel Antonio Nunez,24,50,https://www.atptour.com/en/players/daniel-antonio-nunez/n0bu/overview
2026-04-16T19:40:09Z,679,Toufik Sahtali,27,50,https://www.atptour.com/en/players/toufik-sahtali/sy94/overview
2026-04-16T19:40:09Z,680,Nicolas Tepmahc,24,50,https://www.atptour.com/en/players/nicolas-tepmahc/t0bd/overview
2026-04-16T19:40:09Z,681,Leonardo Rossi,23,50,https://www.atptour.com/en/players/leonardo-rossi/r0h6/overview
2026-04-16T19:40:09Z,682,Pierluigi Basile,19,49,https://www.atptour.com/en/players/pierluigi-basile/b0vx/overview
2026-04-16T19:40:09Z,683,Ilya Ivashka,32,49,https://www.atptour.com/en/players/ilya-ivashka/i305/overview
2026-04-16T19:40:09Z,684,Michael Agwi,22,49,https://www.atptour.com/en/players/michael-agwi/a0ja/overview
2026-04-16T19:40:09Z,685,Dominik Kellovsky,29,49,https://www.atptour.com/en/players/dominik-kellovsky/ke36/overview
2026-04-16T19:40:09Z,686,Yaroslav Demin,20,49,https://www.atptour.com/en/players/yaroslav-demin/d0i6/overview
2026-04-16T19:40:09Z,687,Alexander Donski,27,48,https://www.atptour.com/en/players/alexander-donski/dh46/overview
2026-04-16T19:40:09Z,688,Samuel Vincent Ruggeri,23,48,https://www.atptour.com/en/players/samuel-vincent-ruggeri/v0di/overview
2026-04-16T19:40:09Z,689,Daniil Ostapenkov,22,48,https://www.atptour.com/en/players/daniil-ostapenkov/o0br/overview
2026-04-16T19:40:09Z,690,Maik Steiner,31,48,https://www.atptour.com/en/players/maik-steiner/s0gf/overview
2026-04-16T19:40:09Z,691,Ali Yazdani,22,48,https://www.atptour.com/en/players/ali-yazdani/y0bb/overview
2026-04-16T19:40:09Z,692,Michiel De Krom,27,48,https://www.atptour.com/en/players/michiel-de-krom/dh55/overview
2026-04-16T19:40:09Z,693,Leo Vithoontien,26,48,https://www.atptour.com/en/players/leo-vithoontien/v0g6/overview
2026-04-16T19:40:09Z,694,Dimitris Sakellaridis,19,48,https://www.atptour.com/en/players/dimitris-sakellaridis/s0s9/overview
2026-04-16T19:40:09Z,695,Arthur Reymond,27,47,https://www.atptour.com/en/players/arthur-reymond/rh50/overview
2026-04-16T19:40:09Z,696,Cruz Hewitt,17,47,https://www.atptour.com/en/players/cruz-hewitt/h0k0/overview
2026-04-16T19:40:09Z,697,Matteo Covato,20,47,https://www.atptour.com/en/players/matteo-covato/c0px/overview
2026-04-16T19:40:09Z,698,Ignacio Monzon,28,47,https://www.atptour.com/en/players/ignacio-monzon/mv75/overview
2026-04-16T19:40:09Z,699,Guillaume Dalmasso,23,47,https://www.atptour.com/en/players/guillaume-dalmasso/d0k3/overview
2026-04-16T19:40:09Z,700,Cooper Williams,20,46,https://www.atptour.com/en/players/cooper-williams/w0dd/overview
2026-04-16T19:40:09Z,701,Toby Kodat,23,46,https://www.atptour.com/en/players/toby-kodat/k0eu/overview
2026-04-16T19:40:09Z,702,Matyas Cerny,24,46,https://www.atptour.com/en/players/matyas-cerny/c0gu/overview
2026-04-16T19:40:09Z,703,Alan Magadan,24,46,https://www.atptour.com/en/players/alan-magadan/m0hd/overview
2026-04-16T19:40:09Z,704,Kyle Edmund,31,45,https://www.atptour.com/en/players/kyle-edmund/e831/overview
2026-04-16T19:40:09Z,705,Pablo Martinez Gomez,20,45,https://www.atptour.com/en/players/pablo-martinez-gomez/m0o6/overview
2026-04-16T19:40:09Z,706,Andres Santamarta Roig,19,45,https://www.atptour.com/en/players/andres-santamarta-roig/s0y0/overview
2026-04-16T19:40:09Z,707,Sora Fukuda,28,45,https://www.atptour.com/en/players/sora-fukuda/f965/overview
2026-04-16T19:40:09Z,708,Uisung Park,25,45,https://www.atptour.com/en/players/uisung-park/p0av/overview
2026-04-16T19:40:09Z,709,Rodrigo Alujas,23,45,https://www.atptour.com/en/players/rodrigo-alujas/a0kh/overview
2026-04-16T19:40:09Z,710,Facundo Juarez,28,44,https://www.atptour.com/en/players/facundo-juarez/j737/overview
2026-04-16T19:40:09Z,711,Peter Bertran,30,44,https://www.atptour.com/en/players/peter-bertran/bp79/overview
2026-04-16T19:40:09Z,712,Matisse Bobichon,24,44,https://www.atptour.com/en/players/matisse-bobichon/b0pn/overview
2026-04-16T19:40:09Z,713,Ye Cong Mo,25,44,https://www.atptour.com/en/players/ye-cong-mo/m0bw/overview
2026-04-16T19:40:09Z,714,Jose Pereira,35,44,https://www.atptour.com/en/players/jose-pereira/pc09/overview
2026-04-16T19:40:09Z,715,Maximilian Neuchrist,34,44,https://www.atptour.com/en/players/maximilian-neuchrist/n663/overview
2026-04-16T19:40:09Z,716,Gabriele Pennaforti,25,44,https://www.atptour.com/en/players/gabriele-pennaforti/p0jg/overview
2026-04-16T19:40:09Z,717,Benjamin Torrealba,20,44,https://www.atptour.com/en/players/benjamin-torrealba/t0h5/overview
2026-04-16T19:40:09Z,718,Nicholas David Ionel,23,44,https://www.atptour.com/en/players/nicholas-david-ionel/i0a7/overview
2026-04-16T19:40:09Z,719,Samuel Heredia,19,44,https://www.atptour.com/en/players/samuel-heredia/h0hu/overview
2026-04-16T19:40:09Z,720,Emil Ruusuvuori,27,43,https://www.atptour.com/en/players/emil-ruusuvuori/rh24/overview
2026-04-16T19:40:09Z,721,Lucas Gerch,31,43,https://www.atptour.com/en/players/lucas-gerch/gf23/overview
2026-04-16T19:40:09Z,722,Anton Shepp,23,43,https://www.atptour.com/en/players/anton-shepp/s0nt/overview
2026-04-16T19:40:09Z,723,Leo Raquillet,20,43,https://www.atptour.com/en/players/leo-raquillet/r0hq/overview
2026-04-16T19:40:09Z,724,Shinji Hazawa,27,43,https://www.atptour.com/en/players/shinji-hazawa/h0ba/overview
2026-04-16T19:40:09Z,725,Govind Nanda,25,42,https://www.atptour.com/en/players/govind-nanda/n0al/overview
2026-04-16T19:40:09Z,726,Max Hans Rehberg,22,42,https://www.atptour.com/en/players/max-hans-rehberg/r0ed/overview
2026-04-16T19:40:09Z,727,Abel Forger,20,42,https://www.atptour.com/en/players/abel-forger/f0gs/overview
2026-04-16T19:40:09Z,728,Alejandro Juan Mano,21,42,https://www.atptour.com/en/players/alejandro-juan-mano/j0dg/overview
2026-04-16T19:40:09Z,729,William Grant,25,42,https://www.atptour.com/en/players/william-grant/g0dd/overview
2026-04-16T19:40:09Z,730,Matthew Summers,27,42,https://www.atptour.com/en/players/matthew-summers/s0y7/overview
2026-04-16T19:40:09Z,731,Evan Zhu,27,42,https://www.atptour.com/en/players/evan-zhu/z09k/overview
2026-04-16T19:40:09Z,732,Ryan Fishback,23,42,https://www.atptour.com/en/players/ryan-fishback/f0hi/overview
2026-04-16T19:40:09Z,733,Damien Wenger,26,41,https://www.atptour.com/en/players/damien-wenger/w09b/overview
2026-04-16T19:40:09Z,734,Mwendwa Mbithi,28,41,https://www.atptour.com/en/players/mwendwa-mbithi/mw69/overview
2026-04-16T19:40:09Z,735,Maxence Bertimon,26,41,https://www.atptour.com/en/players/maxence-bertimon/b0bz/overview
2026-04-16T19:40:09Z,736,Yanaki Milev,21,41,https://www.atptour.com/en/players/yanaki-milev/m0ka/overview
2026-04-16T19:40:09Z,737,Maximilian Marterer,30,40,https://www.atptour.com/en/players/maximilian-marterer/mn13/overview
2026-04-16T19:40:09Z,738,Alexis Gautier,29,40,https://www.atptour.com/en/players/alexis-gautier/gj05/overview
2026-04-16T19:40:09Z,739,M Rifki Fitriadi,27,40,https://www.atptour.com/en/players/m-rifki-fitriadi/m0d4/overview
2026-04-16T19:40:09Z,740,Pierre Delage,25,40,https://www.atptour.com/en/players/pierre-delage/d0db/overview
2026-04-16T19:40:09Z,741,Linang Xiao,26,40,https://www.atptour.com/en/players/linang-xiao/x01a/overview
2026-04-16T19:40:09Z,742,Matt Kuhar,29,40,https://www.atptour.com/en/players/matt-kuhar/k0em/overview
2026-04-16T19:40:09Z,743,Ben Jones,27,40,https://www.atptour.com/en/players/ben-jones/j732/overview
2026-04-16T19:40:09Z,744,Diego Augusto Barreto Sanchez,23,40,https://www.atptour.com/en/players/diego-augusto-barreto-sanchez/b0hf/overview
2026-04-16T19:40:09Z,745,Tim Handel,29,40,https://www.atptour.com/en/players/tim-handel/h0eh/overview
2026-04-16T19:40:09Z,746,Aleksandr Braynin,26,40,https://www.atptour.com/en/players/aleksandr-braynin/b0bk/overview
2026-04-16T19:40:09Z,747,Pierre Yves Bailly,22,39,https://www.atptour.com/en/players/pierre-yves-bailly/b0m3/overview
2026-04-16T19:40:09Z,748,Blu Baker,24,39,https://www.atptour.com/en/players/blu-baker/b0if/overview
2026-04-16T19:40:09Z,749,Tuncay Duran,21,39,https://www.atptour.com/en/players/tuncay-duran/d0io/overview
2026-04-16T19:40:09Z,750,Nikolai Barsukov,19,39,https://www.atptour.com/en/players/nikolai-barsukov/b0w9/overview
2026-04-16T19:40:09Z,751,Marlon Vankan,25,39,https://www.atptour.com/en/players/marlon-vankan/v0bp/overview
2026-04-16T19:40:09Z,752,Nicolas Villalon,22,39,https://www.atptour.com/en/players/nicolas-villalon/v0f6/overview
2026-04-16T19:40:09Z,753,Kai Wehnelt,30,39,https://www.atptour.com/en/players/kai-wehnelt/w712/overview
2026-04-16T19:40:09Z,754,Loann Massard,20,39,https://www.atptour.com/en/players/loann-massard/m0qk/overview
2026-04-16T19:40:09Z,755,Josip Simundza,21,39,https://www.atptour.com/en/players/josip-simundza/s0um/overview
2026-04-16T19:40:09Z,756,Fryderyk Lechno-Wasiutynski,21,38,https://www.atptour.com/en/players/fryderyk-lechno-wasiutynski/l0k7/overview
2026-04-16T19:40:09Z,757,JiSung Nam,32,38,https://www.atptour.com/en/players/jisung-nam/n652/overview
2026-04-16T19:40:09Z,758,Pavel Lagutin,21,38,https://www.atptour.com/en/players/pavel-lagutin/l0n0/overview
2026-04-16T19:40:09Z,759,Theo Papamalamis,20,38,https://www.atptour.com/en/players/theo-papamalamis/p0k5/overview
2026-04-16T19:40:09Z,760,Matyas Fuele,27,38,https://www.atptour.com/en/players/matyas-fuele/f09u/overview
2026-04-16T19:40:09Z,761,Luca Wiedenmann,27,38,https://www.atptour.com/en/players/luca-wiedenmann/w09t/overview
2026-04-16T19:40:09Z,762,Tomas Farjat,25,38,https://www.atptour.com/en/players/tomas-farjat/f0bv/overview
2026-04-16T19:40:09Z,763,Ignacio Parisca Romera,20,38,https://www.atptour.com/en/players/ignacio-parisca-romera/p0i5/overview
2026-04-16T19:40:09Z,764,Oleksii Krutykh,26,38,https://www.atptour.com/en/players/oleksii-krutykh/k0dp/overview
2026-04-16T19:40:09Z,765,Kenny De Schepper,38,38,https://www.atptour.com/en/players/kenny-de-schepper/d750/overview
2026-04-16T19:40:09Z,766,Oscar Jose Gutierrez,32,38,https://www.atptour.com/en/players/oscar-jose-gutierrez/gc17/overview
2026-04-16T19:40:09Z,767,Renzo Olivo,34,37,https://www.atptour.com/en/players/renzo-olivo/o376/overview
2026-04-16T19:40:09Z,768,Ryan Colby,22,37,https://www.atptour.com/en/players/ryan-colby/c0kv/overview
2026-04-16T19:40:09Z,769,Alejandro Manzanera Pertusa,23,37,https://www.atptour.com/en/players/alejandro-manzanera-pertusa/m0l2/overview
2026-04-16T19:40:09Z,770,Stijn Slump,27,37,https://www.atptour.com/en/players/stijn-slump/s0e6/overview
2026-04-16T19:40:09Z,771,Melios Efstathiou,27,37,https://www.atptour.com/en/players/melios-efstathiou/ea31/overview
2026-04-16T19:40:09Z,772,John Sperle,24,37,https://www.atptour.com/en/players/john-sperle/s0lr/overview
2026-04-16T19:40:09Z,773,Samuel Alejandro Linde Palacios,18,37,https://www.atptour.com/en/players/samuel-alejandro-linde-palacios/l0ld/overview
2026-04-16T19:40:09Z,774,Oscar Weightman,24,36,https://www.atptour.com/en/players/oscar-weightman/w0ax/overview
2026-04-16T19:40:09Z,775,Jack Anthrop,22,36,https://www.atptour.com/en/players/jack-anthrop/a0ih/overview
2026-04-16T19:40:09Z,776,Nikita Belozertsev,17,36,https://www.atptour.com/en/players/nikita-belozertsev/b0v0/overview
2026-04-16T19:40:09Z,777,Oskar Brostrom Poulsen,24,36,https://www.atptour.com/en/players/oskar-brostrom-poulsen/p0in/overview
2026-04-16T19:40:09Z,778,Patrick Schoen,20,36,https://www.atptour.com/en/players/patrick-schoen/s0wx/overview
2026-04-16T19:40:09Z,779,Evgenii Tiurnev,29,36,https://www.atptour.com/en/players/evgenii-tiurnev/td47/overview
2026-04-16T19:40:09Z,780,Dennis Novak,32,36,https://www.atptour.com/en/players/dennis-novak/db59/overview
2026-04-16T19:40:09Z,781,Alex Knaff,28,36,https://www.atptour.com/en/players/alex-knaff/kj00/overview
2026-04-16T19:40:09Z,782,Attila Boros,22,36,https://www.atptour.com/en/players/attila-boros/b0mp/overview
2026-04-16T19:40:09Z,783,Tianhui Zhang,20,36,https://www.atptour.com/en/players/tianhui-zhang/z0d1/overview
2026-04-16T19:40:09Z,784,Yannik Kelm,21,36,https://www.atptour.com/en/players/yannik-kelm/k0j9/overview
2026-04-16T19:40:09Z,785,Lorenzo Angelini,20,36,https://www.atptour.com/en/players/lorenzo-angelini/a0hz/overview
2026-04-16T19:40:09Z,786,Luca Castagnola,23,36,https://www.atptour.com/en/players/luca-castagnola/c0hv/overview
2026-04-16T19:40:09Z,787,Enzo Couacaud,31,35,https://www.atptour.com/en/players/enzo-couacaud/cg94/overview
2026-04-16T19:40:09Z,788,Lucas Andrade Da Silva,21,35,https://www.atptour.com/en/players/lucas-andrade-da-silva/a0l6/overview
2026-04-16T19:40:09Z,789,Hunter Heck,23,35,https://www.atptour.com/en/players/hunter-heck/h0eb/overview
2026-04-16T19:40:09Z,790,Roger Pascual Ferra,20,35,https://www.atptour.com/en/players/roger-pascual-ferra/p0k3/overview
2026-04-16T19:40:09Z,791,Jozef Kovalik,33,35,https://www.atptour.com/en/players/jozef-kovalik/kc04/overview
2026-04-16T19:40:09Z,792,Scott Jones,28,35,https://www.atptour.com/en/players/scott-jones/j0a6/overview
2026-04-16T19:40:09Z,793,Jacob Bradshaw,23,35,https://www.atptour.com/en/players/jacob-bradshaw/b0ot/overview
2026-04-16T19:40:09Z,794,Gabriel Ghetu,18,35,https://www.atptour.com/en/players/gabriel-ghetu/g0me/overview
2026-04-16T19:40:09Z,795,Felix Corwin,29,35,https://www.atptour.com/en/players/felix-corwin/cn15/overview
2026-04-16T19:40:09Z,796,Kasra Rahmani,19,35,https://www.atptour.com/en/players/kasra-rahmani/r0k4/overview
2026-04-16T19:40:09Z,797,Thijs Boogaard,17,34,https://www.atptour.com/en/players/thijs-boogaard/b0t6/overview
2026-04-16T19:40:09Z,798,Pedro Rodrigues,20,34,https://www.atptour.com/en/players/pedro-rodrigues/r0jh/overview
2026-04-16T19:40:09Z,799,Felipe Meligeni Alves,28,34,https://www.atptour.com/en/players/felipe-meligeni-alves/mw75/overview
2026-04-16T19:40:09Z,800,Gian Luca Tanner,25,34,https://www.atptour.com/en/players/gian-luca-tanner/t0e0/overview
2026-04-16T19:40:09Z,801,Joao Domingues,32,34,https://www.atptour.com/en/players/joao-domingues/d985/overview
2026-04-16T19:40:09Z,802,Marko Miladinovic,25,34,https://www.atptour.com/en/players/marko-miladinovic/m0cg/overview
2026-04-16T19:40:09Z,803,Matt Ponchet,21,34,https://www.atptour.com/en/players/matt-ponchet/p0iv/overview
2026-04-16T19:40:09Z,804,Lorenzo Rottoli,24,34,https://www.atptour.com/en/players/lorenzo-rottoli/r0b6/overview
2026-04-16T19:40:09Z,805,Amaury Raynel,23,34,https://www.atptour.com/en/players/amaury-raynel/r0gn/overview
2026-04-16T19:40:09Z,806,Mikalai Haliak,27,34,https://www.atptour.com/en/players/mikalai-haliak/hh15/overview
2026-04-16T19:40:09Z,807,Jorge Plans,24,34,https://www.atptour.com/en/players/jorge-plans/p0e2/overview
2026-04-16T19:40:09Z,808,Amit Vales,20,34,https://www.atptour.com/en/players/amit-vales/v0g2/overview
2026-04-16T19:40:09Z,809,Fausto Tabacco,23,34,https://www.atptour.com/en/players/fausto-tabacco/t0cu/overview
2026-04-16T19:40:09Z,810,Tomas Curras Abasolo,25,34,https://www.atptour.com/en/players/tomas-curras-abasolo/cn44/overview
2026-04-16T19:40:09Z,811,Albert Pedrico Kravtsov,20,33,https://www.atptour.com/en/players/albert-pedrico-kravtsov/p0mn/overview
2026-04-16T19:40:09Z,812,Pedro Rodenas,22,33,https://www.atptour.com/en/players/pedro-rodenas/r0h2/overview
2026-04-16T19:40:09Z,813,Arklon Huertas Del Pino Cordova,31,33,https://www.atptour.com/en/players/arklon-huertas-del-pino-cordova/h0c9/overview
2026-04-16T19:40:09Z,814,Dong Ju Kim,24,33,https://www.atptour.com/en/players/dong-ju-kim/k0ci/overview
2026-04-16T19:40:09Z,815,Alec Beckley,24,33,https://www.atptour.com/en/players/alec-beckley/b0iy/overview
2026-04-16T19:40:09Z,816,Axel Garcian,23,33,https://www.atptour.com/en/players/axel-garcian/g0ff/overview
2026-04-16T19:40:09Z,817,Kristijan Juhas,24,33,https://www.atptour.com/en/players/kristijan-juhas/j0bq/overview
2026-04-16T19:40:09Z,818,Alejandro Turriziani Alvarez,23,33,https://www.atptour.com/en/players/alejandro-turriziani-alvarez/t0fh/overview
2026-04-16T19:40:09Z,819,Natan Rodrigues,24,33,https://www.atptour.com/en/players/natan-rodrigues/r0ek/overview
2026-04-16T19:40:09Z,820,Kris Van Wyk,29,33,https://www.atptour.com/en/players/kris-van-wyk/va23/overview
2026-04-16T19:40:09Z,821,Nikola Slavic,25,33,https://www.atptour.com/en/players/nikola-slavic/s0kg/overview
2026-04-16T19:40:09Z,822,Izan Almazan Valiente,20,33,https://www.atptour.com/en/players/izan-almazan-valiente/a0kq/overview
2026-04-16T19:40:09Z,823,Joshua Charlton,26,33,https://www.atptour.com/en/players/joshua-charlton/c09y/overview
2026-04-16T19:40:09Z,824,Nicolas Zanellato,24,33,https://www.atptour.com/en/players/nicolas-zanellato/z0by/overview
2026-04-16T19:40:09Z,825,Wishaya Trongcharoenchaikul,31,33,https://www.atptour.com/en/players/wishaya-trongcharoenchaikul/tb70/overview
2026-04-16T19:40:09Z,826,Federico Coria,34,32,https://www.atptour.com/en/players/federico-coria/ce77/overview
2026-04-16T19:40:09Z,827,Manish Sureshkumar,26,32,https://www.atptour.com/en/players/manish-sureshkumar/sy74/overview
2026-04-16T19:40:09Z,828,Bautista Vilicich,24,32,https://www.atptour.com/en/players/bautista-vilicich/v0dx/overview
2026-04-16T19:40:09Z,829,Martin Van Der Meerschen,25,32,https://www.atptour.com/en/players/martin-van-der-meerschen/v0bs/overview
2026-04-16T19:40:09Z,830,Keisuke Saitoh,24,32,https://www.atptour.com/en/players/keisuke-saitoh/s0ld/overview
2026-04-16T19:40:09Z,831,Thiago Cigarran,26,32,https://www.atptour.com/en/players/thiago-cigarran/c0gk/overview
2026-04-16T19:40:09Z,832,Romain Faucon,23,32,https://www.atptour.com/en/players/romain-faucon/f0f0/overview
2026-04-16T19:40:09Z,833,John Hallquist Lithen,24,32,https://www.atptour.com/en/players/john-hallquist-lithen/h0e7/overview
2026-04-16T19:40:09Z,834,Alexandre Aubriot,26,32,https://www.atptour.com/en/players/alexandre-aubriot/a0eu/overview
2026-04-16T19:40:09Z,835,Andrea Fiorentini,25,32,https://www.atptour.com/en/players/andrea-fiorentini/f0c2/overview
2026-04-16T19:40:09Z,836,Michael Antonius,16,31,https://www.atptour.com/en/players/michael-antonius/a0o1/overview
2026-04-16T19:40:09Z,837,Tiago Cacao,28,31,https://www.atptour.com/en/players/tiago-cacao/cn88/overview
2026-04-16T19:40:09Z,838,Maximilian Homberg,23,31,https://www.atptour.com/en/players/maximilian-homberg/h0gk/overview
2026-04-16T19:40:09Z,839,Wilson Leite,34,31,https://www.atptour.com/en/players/wilson-leite/la54/overview
2026-04-16T19:40:09Z,840,Axel Nefve,25,31,https://www.atptour.com/en/players/axel-nefve/n0ba/overview
2026-04-16T19:40:09Z,841,Francisco Rocha,26,31,https://www.atptour.com/en/players/francisco-rocha/r0f6/overview
2026-04-16T19:40:09Z,842,Dragos Nicolae Cazacu,22,31,https://www.atptour.com/en/players/dragos-nicolae-cazacu/c0mx/overview
2026-04-16T19:40:09Z,843,Adrien Gobat,24,30,https://www.atptour.com/en/players/adrien-gobat/g0i2/overview
2026-04-16T19:40:09Z,844,Duckhee Lee,27,30,https://www.atptour.com/en/players/duckhee-lee/le01/overview
2026-04-16T19:40:09Z,845,Lorenzo Bocchi,28,30,https://www.atptour.com/en/players/lorenzo-bocchi/b0am/overview
2026-04-16T19:40:09Z,846,Jakub Filip,20,30,https://www.atptour.com/en/players/jakub-filip/f0gd/overview
2026-04-16T19:40:09Z,847,Iannis Miletich,20,30,https://www.atptour.com/en/players/iannis-miletich/m0ro/overview
2026-04-16T19:40:09Z,848,Taisei Ichikawa,25,30,https://www.atptour.com/en/players/taisei-ichikawa/i0a6/overview
2026-04-16T19:40:09Z,849,Samir Hamza Reguig,24,30,https://www.atptour.com/en/players/samir-hamza-reguig/h0ez/overview
2026-04-16T19:40:09Z,850,Gregoire Barrere,32,29,https://www.atptour.com/en/players/gregoire-barrere/bk24/overview
2026-04-16T19:40:09Z,851,Christian Sigsgaard,29,29,https://www.atptour.com/en/players/christian-sigsgaard/sy00/overview
2026-04-16T19:40:09Z,852,Juan Carlos Aguilar,27,29,https://www.atptour.com/en/players/juan-carlos-aguilar/a09w/overview
2026-04-16T19:40:09Z,853,Jeffrey Von Der Schulenburg,24,29,https://www.atptour.com/en/players/jeffrey-von-der-schulenburg/v0e3/overview
2026-04-16T19:40:09Z,854,Andreja Petrovic,26,29,https://www.atptour.com/en/players/andreja-petrovic/p0ep/overview
2026-04-16T19:40:09Z,855,Vincent Marysko,20,29,https://www.atptour.com/en/players/vincent-marysko/m0v7/overview
2026-04-16T19:40:09Z,856,Daniel Salazar,25,29,https://www.atptour.com/en/players/daniel-salazar/s0gm/overview
2026-04-16T19:40:09Z,857,Thanapet Chanta,26,29,https://www.atptour.com/en/players/thanapet-chanta/c0ds/overview
2026-04-16T19:40:09Z,858,Joao Victor Couto Loureiro,23,29,https://www.atptour.com/en/players/joao-victor-couto-loureiro/l0g5/overview
2026-04-16T19:40:09Z,859,Taiyo Yamanaka,24,29,https://www.atptour.com/en/players/taiyo-yamanaka/y0a8/overview
2026-04-16T19:40:09Z,860,Dinko Dinev,22,29,https://www.atptour.com/en/players/dinko-dinev/d0hs/overview
2026-04-16T19:40:09Z,861,Carles Hernandez,24,29,https://www.atptour.com/en/players/carles-hernandez/h0dq/overview
2026-04-16T19:40:09Z,862,Hoyoung Roh,19,28,https://www.atptour.com/en/players/hoyoung-roh/r0j1/overview
2026-04-16T19:40:09Z,863,Marc Van Der Merwe,31,28,https://www.atptour.com/en/players/marc-van-der-merwe/v0in/overview
2026-04-16T19:40:09Z,864,Jack Kennedy,17,28,https://www.atptour.com/en/players/jack-kennedy/k0np/overview
2026-04-16T19:40:09Z,865,Xiaofei Wang,23,28,https://www.atptour.com/en/players/xiaofei-wang/w0b3/overview
2026-04-16T19:40:09Z,866,Rafael Izquierdo Luque,26,28,https://www.atptour.com/en/players/rafael-izquierdo-luque/i09u/overview
2026-04-16T19:40:09Z,867,Artur Kukasian,22,28,https://www.atptour.com/en/players/artur-kukasian/k0hu/overview
2026-04-16T19:40:09Z,868,Niccolo Catini,28,28,https://www.atptour.com/en/players/niccolo-catini/c0c1/overview
2026-04-16T19:40:09Z,869,Gustavo Ribeiro De Almeida,19,27,https://www.atptour.com/en/players/gustavo-ribeiro-de-almeida/d0ip/overview
2026-04-16T19:40:09Z,870,Luca Pow,21,27,https://www.atptour.com/en/players/luca-pow/p0jl/overview
2026-04-16T19:40:09Z,871,Khumoyun Sultanov,27,27,https://www.atptour.com/en/players/khumoyun-sultanov/sr81/overview
2026-04-16T19:40:09Z,872,Petros Tsitsipas,25,27,https://www.atptour.com/en/players/petros-tsitsipas/tg77/overview
2026-04-16T19:40:09Z,873,Victor Lilov,22,27,https://www.atptour.com/en/players/victor-lilov/l0g8/overview
2026-04-16T19:40:09Z,874,Gabriele Bosio,25,27,https://www.atptour.com/en/players/gabriele-bosio/b0g4/overview
2026-04-16T19:40:09Z,875,Michel Hopp,27,27,https://www.atptour.com/en/players/michel-hopp/h0gw/overview
2026-04-16T19:40:09Z,876,Anas Mazdrashki,19,27,https://www.atptour.com/en/players/anas-mazdrashki/m0wl/overview
2026-04-16T19:40:09Z,877,Seydina Andre,22,27,https://www.atptour.com/en/players/seydina-andre/a0ie/overview
2026-04-16T19:40:09Z,878,Emon Van Loben Sels,21,26,https://www.atptour.com/en/players/emon-van-loben-sels/v0hg/overview
2026-04-16T19:40:09Z,879,Fernando Cavallo,20,26,https://www.atptour.com/en/players/fernando-cavallo/c0o4/overview
2026-04-16T19:40:09Z,880,Jacob Brumm,27,26,https://www.atptour.com/en/players/jacob-brumm/b0d8/overview
2026-04-16T19:40:09Z,881,Evan Bynoe,26,26,https://www.atptour.com/en/players/evan-bynoe/b0mr/overview
2026-04-16T19:40:09Z,882,Finn Murgett,24,26,https://www.atptour.com/en/players/finn-murgett/m0hy/overview
2026-04-16T19:40:09Z,883,Nicolas Jadoun,23,26,https://www.atptour.com/en/players/nicolas-jadoun/j0dl/overview
2026-04-16T19:40:09Z,884,Thanasi Kokkinakis,30,25,https://www.atptour.com/en/players/thanasi-kokkinakis/kd46/overview
2026-04-16T19:40:09Z,885,Manuel Plunger,23,25,https://www.atptour.com/en/players/manuel-plunger/p0ln/overview
2026-04-16T19:40:09Z,886,Nicolas Ian Kotzen,23,25,https://www.atptour.com/en/players/nicolas-ian-kotzen/k0lx/overview
2026-04-16T19:40:09Z,887,Johannes Ingildsen,28,25,https://www.atptour.com/en/players/johannes-ingildsen/i411/overview
2026-04-16T19:40:09Z,888,Mikael Ymer,27,25,https://www.atptour.com/en/players/mikael-ymer/y268/overview
2026-04-16T19:40:09Z,889,Patrick Brady,21,25,https://www.atptour.com/en/players/patrick-brady/b0nv/overview
2026-04-16T19:40:09Z,890,Alexander Vasilev,18,25,https://www.atptour.com/en/players/alexander-vasilev/v0gr/overview
2026-04-16T19:40:09Z,891,Noah Zamora,23,25,https://www.atptour.com/en/players/noah-zamora/z0ce/overview
2026-04-16T19:40:09Z,892,Ivan Nedelko,39,25,https://www.atptour.com/en/players/ivan-nedelko/n561/overview
2026-04-16T19:40:09Z,893,Giorgio Tabacco,22,25,https://www.atptour.com/en/players/giorgio-tabacco/t0fk/overview
2026-04-16T19:40:09Z,894,Luca Preda,20,25,https://www.atptour.com/en/players/luca-preda/p0me/overview
2026-04-16T19:40:09Z,895,Jumpei Yamasaki,28,25,https://www.atptour.com/en/players/jumpei-yamasaki/y235/overview
2026-04-16T19:40:09Z,896,Marc Majdandzic,21,25,https://www.atptour.com/en/players/marc-majdandzic/m0v5/overview
2026-04-16T19:40:09Z,897,Mert Naci Turker,27,25,https://www.atptour.com/en/players/mert-naci-turker/td49/overview
2026-04-16T19:40:09Z,898,Benjamin Pietri,29,25,https://www.atptour.com/en/players/benjamin-pietri/p09s/overview
2026-04-16T19:40:09Z,899,Julio Cesar Porras,28,24,https://www.atptour.com/en/players/julio-cesar-porras/c0kh/overview
2026-04-16T19:40:09Z,900,Ilya Snitari,24,24,https://www.atptour.com/en/players/ilya-snitari/s0r5/overview
2026-04-16T19:40:09Z,901,Lautaro Agustin Falabella,28,24,https://www.atptour.com/en/players/lautaro-agustin-falabella/f0af/overview
2026-04-16T19:40:09Z,902,Carles Cordoba,20,24,https://www.atptour.com/en/players/carles-cordoba/c0oi/overview
2026-04-16T19:40:09Z,903,Nikita Mashtakov,27,24,https://www.atptour.com/en/players/nikita-mashtakov/mw62/overview
2026-04-16T19:40:09Z,904,Marcus Walters,28,24,https://www.atptour.com/en/players/marcus-walters/w719/overview
2026-04-16T19:40:09Z,905,Younes Lalami,24,24,https://www.atptour.com/en/players/younes-lalami/l0ck/overview
2026-04-16T19:40:09Z,906,Fermin Tenti,28,24,https://www.atptour.com/en/players/fermin-tenti/t0af/overview
2026-04-16T19:40:09Z,907,Jesse Delaney,27,24,https://www.atptour.com/en/players/jesse-delaney/d0be/overview
2026-04-16T19:40:09Z,908,Andrew Johnson,16,23,https://www.atptour.com/en/players/andrew-johnson/j0fu/overview
2026-04-16T19:40:09Z,909,Matthew Forbes,20,23,https://www.atptour.com/en/players/matthew-forbes/f0i8/overview
2026-04-16T19:40:09Z,910,Theodore Dean,24,23,https://www.atptour.com/en/players/theodore-dean/d0n2/overview
2026-04-16T19:40:09Z,911,Aoran Wang,29,23,https://www.atptour.com/en/players/aoran-wang/w741/overview
2026-04-16T19:40:09Z,912,Calvin Mueller,25,23,https://www.atptour.com/en/players/calvin-mueller/m0jp/overview
2026-04-16T19:40:09Z,913,Daisuke Sumizawa,27,23,https://www.atptour.com/en/players/daisuke-sumizawa/s0bg/overview
2026-04-16T19:40:09Z,914,Enzo Kohlmann De Freitas,19,23,https://www.atptour.com/en/players/enzo-kohlmann-de-freitas/k0mx/overview
2026-04-16T19:40:09Z,915,Christopher Li,22,23,https://www.atptour.com/en/players/christopher-li/l0do/overview
2026-04-16T19:40:09Z,916,Peter Buldorini,21,23,https://www.atptour.com/en/players/peter-buldorini/b0pd/overview
2026-04-16T19:40:09Z,917,Yaojie Zeng,24,23,https://www.atptour.com/en/players/yaojie-zeng/z0c7/overview
2026-04-16T19:40:09Z,918,Paul Inchauspe,22,22,https://www.atptour.com/en/players/paul-inchauspe/i0b6/overview
2026-04-16T19:40:09Z,919,Jamie Mackenzie,18,22,https://www.atptour.com/en/players/jamie-mackenzie/m19t/overview
2026-04-16T19:40:09Z,920,Aleksa Ciric,25,22,https://www.atptour.com/en/players/aleksa-ciric/c0fj/overview
2026-04-16T19:40:09Z,921,Aleksandr Lobanov,25,22,https://www.atptour.com/en/players/aleksandr-lobanov/l0g3/overview
2026-04-16T19:40:09Z,922,Stijn Paardekooper,22,22,https://www.atptour.com/en/players/stijn-paardekooper/p0mi/overview
2026-04-16T19:40:09Z,923,Salvador Price,21,22,https://www.atptour.com/en/players/salvador-price/p0lg/overview
2026-04-16T19:40:09Z,924,Ajeet Rai,27,22,https://www.atptour.com/en/players/ajeet-rai/r0dc/overview
2026-04-16T19:40:09Z,925,Pietro Romeo Scomparin,25,22,https://www.atptour.com/en/players/pietro-romeo-scomparin/s0i7/overview
2026-04-16T19:40:09Z,926,Nitin Kumar Sinha,27,22,https://www.atptour.com/en/players/nitin-kumar-sinha/sy50/overview
2026-04-16T19:40:09Z,927,Qian Sun,24,22,https://www.atptour.com/en/players/qian-sun/s0jv/overview
2026-04-16T19:40:09Z,928,Dev Javia,24,22,https://www.atptour.com/en/players/dev-javia/j0cl/overview
2026-04-16T19:40:09Z,929,Benjamin Thomas George,23,22,https://www.atptour.com/en/players/benjamin-thomas-george/g0mh/overview
2026-04-16T19:40:09Z,930,Daniele Rapagnetta,19,22,https://www.atptour.com/en/players/daniele-rapagnetta/r0km/overview
2026-04-16T19:40:09Z,931,Gabriele Maria Noce,30,22,https://www.atptour.com/en/players/gabriele-maria-noce/n724/overview
2026-04-16T19:40:09Z,932,Franco Ribero,26,22,https://www.atptour.com/en/players/franco-ribero/r0bf/overview
2026-04-16T19:40:09Z,933,Niklas Schell,27,22,https://www.atptour.com/en/players/niklas-schell/sz36/overview
2026-04-16T19:40:09Z,934,Mihai Razvan Marinescu,24,22,https://www.atptour.com/en/players/mihai-razvan-marinescu/m0ho/overview
2026-04-16T19:40:09Z,935,Alaa Trifi,19,22,https://www.atptour.com/en/players/alaa-trifi/t0jo/overview
2026-04-16T19:40:09Z,936,Kosuke Ogura,30,22,https://www.atptour.com/en/players/kosuke-ogura/o09t/overview
2026-04-16T19:40:09Z,937,Zoran Ludoski,20,21,https://www.atptour.com/en/players/zoran-ludoski/l0jo/overview
2026-04-16T19:40:09Z,938,Shunsuke Nakagawa,26,21,https://www.atptour.com/en/players/shunsuke-nakagawa/n0ct/overview
2026-04-16T19:40:09Z,939,Micah Braswell,24,21,https://www.atptour.com/en/players/micah-braswell/b0j8/overview
2026-04-16T19:40:09Z,940,Tomas Martinez,22,21,https://www.atptour.com/en/players/tomas-martinez/m0qq/overview
2026-04-16T19:40:09Z,941,Miles Jones,25,21,https://www.atptour.com/en/players/miles-jones/j0ai/overview
2026-04-16T19:40:09Z,942,Stefano D'Agostino,22,21,https://www.atptour.com/en/players/stefano-d'agostino/d0d9/overview
2026-04-16T19:40:09Z,943,Pedro Araujo,24,21,https://www.atptour.com/en/players/pedro-araujo/a0es/overview
2026-04-16T19:40:09Z,944,Naoya Honda,20,21,https://www.atptour.com/en/players/naoya-honda/h0j1/overview
2026-04-16T19:40:09Z,945,Lucca Helguera Casado,20,21,https://www.atptour.com/en/players/lucca-helguera-casado/h0hc/overview
2026-04-16T19:40:09Z,946,Grigoriy Lomakin,28,21,https://www.atptour.com/en/players/grigoriy-lomakin/lg37/overview
2026-04-16T19:40:09Z,947,Sander Jong,25,20,https://www.atptour.com/en/players/sander-jong/j0cu/overview
2026-04-16T19:40:09Z,948,Spencer Johnson,23,20,https://www.atptour.com/en/players/spencer-johnson/j0f2/overview
2026-04-16T19:40:09Z,949,Gianluca Brunkow,23,20,https://www.atptour.com/en/players/gianluca-brunkow/b0n0/overview
2026-04-16T19:40:09Z,950,Dominique Rolland,21,20,https://www.atptour.com/en/players/dominique-rolland/r0ki/overview
2026-04-16T19:40:09Z,951,Ronit Karki,18,20,https://www.atptour.com/en/players/ronit-karki/k0oy/overview
2026-04-16T19:40:09Z,952,Yun seong Chung,28,20,https://www.atptour.com/en/players/yun-seong-chung/ch90/overview
2026-04-16T19:40:09Z,953,Isaac Becroft,25,20,https://www.atptour.com/en/players/isaac-becroft/b0hy/overview
2026-04-16T19:40:09Z,954,William Rejchtman Vinciguerra,19,20,https://www.atptour.com/en/players/william-rejchtman-vinciguerra/r0iu/overview
2026-04-16T19:40:09Z,955,Ewen Lumsden,26,20,https://www.atptour.com/en/players/ewen-lumsden/l0af/overview
2026-04-16T19:40:09Z,956,Noah Schachter,26,20,https://www.atptour.com/en/players/noah-schachter/s0jb/overview
2026-04-16T19:40:09Z,957,David Pichler,30,19,https://www.atptour.com/en/players/david-pichler/pi95/overview
2026-04-16T19:40:09Z,958,Ozan Baris,22,19,https://www.atptour.com/en/players/ozan-baris/c0hx/overview
2026-04-16T19:40:09Z,959,Taym Al Azmeh,22,19,https://www.atptour.com/en/players/taym-al-azmeh/a0hm/overview
2026-04-16T19:40:09Z,960,Filip Pieczonka,22,19,https://www.atptour.com/en/players/filip-pieczonka/p0fu/overview
2026-04-16T19:40:09Z,961,Egor Gerasimov,33,19,https://www.atptour.com/en/players/egor-gerasimov/gc89/overview
2026-04-16T19:40:09Z,962,Kacper Szymkowiak,21,19,https://www.atptour.com/en/players/kacper-szymkowiak/s0zf/overview
2026-04-16T19:40:09Z,963,Lucas Bouquet,28,19,https://www.atptour.com/en/players/lucas-bouquet/bu32/overview
2026-04-16T19:40:09Z,964,Charlie Robertson,19,19,https://www.atptour.com/en/players/charlie-robertson/r0k9/overview
2026-04-16T19:40:09Z,965,Alvin Nicholas Tudorica,24,19,https://www.atptour.com/en/players/alvin-nicholas-tudorica/t0iz/overview
2026-04-16T19:40:09Z,966,Thantub Suksumrarn,24,19,https://www.atptour.com/en/players/thantub-suksumrarn/s0mj/overview
2026-04-16T19:40:09Z,967,Egor Pleshivtsev,19,19,https://www.atptour.com/en/players/egor-pleshivtsev/p0nd/overview
2026-04-16T19:40:09Z,968T,Maxim Shin,22,19,https://www.atptour.com/en/players/maxim-shin/s0uu/overview
2026-04-16T19:40:09Z,968T,Sydney Zick,19,19,https://www.atptour.com/en/players/sydney-zick/z0cr/overview
2026-04-16T19:40:09Z,970,Yuto Oki,20,19,https://www.atptour.com/en/players/yuto-oki/o0e1/overview
2026-04-16T19:40:09Z,971,Rares Teodor Pieleanu,19,19,https://www.atptour.com/en/players/rares-teodor-pieleanu/p0ms/overview
2026-04-16T19:40:09Z,972,Lorenzo Lorusso,26,19,https://www.atptour.com/en/players/lorenzo-lorusso/l0g4/overview
2026-04-16T19:40:09Z,973,Jeremy Gschwendtner,27,19,https://www.atptour.com/en/players/jeremy-gschwendtner/g0b7/overview
2026-04-16T19:40:09Z,974,Michael Zhu,33,19,https://www.atptour.com/en/players/michael-zhu/z350/overview
2026-04-16T19:40:09Z,975,Giannicola Misasi,25,19,https://www.atptour.com/en/players/giannicola-misasi/m0ic/overview
2026-04-16T19:40:09Z,976,Daniil Sarksian,19,19,https://www.atptour.com/en/players/daniil-sarksian/s0yb/overview
2026-04-16T19:40:09Z,977,Nicolas Barrientos,38,18,https://www.atptour.com/en/players/nicolas-barrientos/bc76/overview
2026-04-16T19:40:09Z,978,Dylan Dietrich,21,18,https://www.atptour.com/en/players/dylan-dietrich/d0hx/overview
2026-04-16T19:40:09Z,979,Aslan Karatsev,32,18,https://www.atptour.com/en/players/aslan-karatsev/kc56/overview
2026-04-16T19:40:09Z,980,Trey Hilderbrand,25,18,https://www.atptour.com/en/players/trey-hilderbrand/h0b7/overview
2026-04-16T19:40:09Z,981,Alex Kuperstein,27,18,https://www.atptour.com/en/players/alex-kuperstein/k0kk/overview
2026-04-16T19:40:09Z,982,Kalin Ivanovski,21,18,https://www.atptour.com/en/players/kalin-ivanovski/i0ap/overview
2026-04-16T19:40:09Z,983,Bastian Malla,29,18,https://www.atptour.com/en/players/bastian-malla/mm24/overview
2026-04-16T19:40:09Z,984,Enzo Wallart,29,18,https://www.atptour.com/en/players/enzo-wallart/w749/overview
2026-04-16T19:40:09Z,985,Ryotaro Taguchi,25,18,https://www.atptour.com/en/players/ryotaro-taguchi/t0ia/overview
2026-04-16T19:40:09Z,986,Louis Larue,21,18,https://www.atptour.com/en/players/louis-larue/l0io/overview
2026-04-16T19:40:09Z,987,Juan Sebastian Osorio,28,18,https://www.atptour.com/en/players/juan-sebastian-osorio/o560/overview
2026-04-16T19:40:09Z,988,Karl Friberg,27,18,https://www.atptour.com/en/players/karl-friberg/f09j/overview
2026-04-16T19:40:09Z,989,Adan Freire Da Silva,26,18,https://www.atptour.com/en/players/adan-freire-da-silva/f0bj/overview
2026-04-16T19:40:09Z,990,Ezekiel Clark,27,18,https://www.atptour.com/en/players/ezekiel-clark/co07/overview
2026-04-16T19:40:09Z,991,Kuang Qing Xu,19,17,https://www.atptour.com/en/players/kuang-qing-xu/x01d/overview
2026-04-16T19:40:09Z,992,Andrew Delgado,20,17,https://www.atptour.com/en/players/andrew-delgado/d0mb/overview
2026-04-16T19:40:09Z,993,Dante Pagani,17,17,https://www.atptour.com/en/players/dante-pagani/p0mj/overview
2026-04-16T19:40:09Z,994,Suk Hyun Choo,24,17,https://www.atptour.com/en/players/suk-hyun-choo/c0gw/overview
2026-04-16T19:40:09Z,995,Ziga Sesko,17,17,https://www.atptour.com/en/players/ziga-sesko/s1aj/overview
2026-04-16T19:40:09Z,996,Lorenzo Gagliardo,25,17,https://www.atptour.com/en/players/lorenzo-gagliardo/g0d4/overview
2026-04-16T19:40:09Z,997,Markus Malaszszak,21,17,https://www.atptour.com/en/players/markus-malaszszak/m0vh/overview
2026-04-16T19:40:09Z,998,Justin Schlageter,25,17,https://www.atptour.com/en/players/justin-schlageter/s0e4/overview
2026-04-16T19:40:09Z,999,Grigory Shebekin,20,17,https://www.atptour.com/en/players/grigory-shebekin/s0yn/overview
2026-04-16T19:40:09Z,1000,Zach Stephens,19,17,https://www.atptour.com/en/players/zach-stephens/s0yi/overview
2026-04-16T19:40:09Z,1001,Bekkhan Atlangeriev,25,17,https://www.atptour.com/en/players/bekkhan-atlangeriev/a0e6/overview
2026-04-16T19:40:09Z,1002,Tom Zeuch,26,17,https://www.atptour.com/en/players/tom-zeuch/z09g/overview
2026-04-16T19:40:09Z,1003,Geun Jun Kim,24,17,https://www.atptour.com/en/players/geun-jun-kim/k0dv/overview
2026-04-16T19:40:09Z,1004,Alexander Klintcharov,29,17,https://www.atptour.com/en/players/alexander-klintcharov/kg53/overview
2026-04-16T19:40:09Z,1005,Tymur Bieldiugin,20,17,https://www.atptour.com/en/players/tymur-bieldiugin/b0sw/overview
2026-04-16T19:40:09Z,1006,Pieter De Lange,19,17,https://www.atptour.com/en/players/pieter-de-lange/d0lk/overview
2026-04-16T19:40:09Z,1007,Brian Bozemoj,22,17,https://www.atptour.com/en/players/brian-bozemoj/b0ql/overview
2026-04-16T19:40:09Z,1008,Chen Dong,23,17,https://www.atptour.com/en/players/chen-dong/d0fn/overview
2026-04-16T19:40:09Z,1009,Diego Fernandez Flores,25,17,https://www.atptour.com/en/players/diego-fernandez-flores/f0c4/overview
2026-04-16T19:40:09Z,1010,Vignesh Gogineni,22,16,https://www.atptour.com/en/players/vignesh-gogineni/g0q1/overview
2026-04-16T19:40:09Z,1011,Nicolas Oliveira,19,16,https://www.atptour.com/en/players/nicolas-oliveira/o0cl/overview
2026-04-16T19:40:09Z,1012,Keegan Rice,19,16,https://www.atptour.com/en/players/keegan-rice/r0ji/overview
2026-04-16T19:40:09Z,1013,Dominik Recek,31,16,https://www.atptour.com/en/players/dominik-recek/rd58/overview
2026-04-16T19:40:09Z,1014,Oliver Bonding,18,16,https://www.atptour.com/en/players/oliver-bonding/b0vf/overview
2026-04-16T19:40:09Z,1015,Benjamin Winter Lopez,27,16,https://www.atptour.com/en/players/benjamin-winter-lopez/w09x/overview
2026-04-16T19:40:09Z,1016,Niels McDonald,18,16,https://www.atptour.com/en/players/niels-mcdonald/m0xq/overview
2026-04-16T19:40:09Z,1017,Ryo Tabata,18,16,https://www.atptour.com/en/players/ryo-tabata/t0k1/overview
2026-04-16T19:40:09Z,1018,Alexander Kotzen,25,16,https://www.atptour.com/en/players/alexander-kotzen/k0el/overview
2026-04-16T19:40:09Z,1019,Maxwell Exsted,19,16,https://www.atptour.com/en/players/maxwell-exsted/e0dp/overview
2026-04-16T19:40:09Z,1020,Simeon Stankovic,19,16,https://www.atptour.com/en/players/simeon-stankovic/s1ar/overview
2026-04-16T19:40:09Z,1021,Joao Vitor Scramin Do Lago,19,16,https://www.atptour.com/en/players/joao-vitor-scramin-do-lago/s0yt/overview
2026-04-16T19:40:09Z,1022,Jesse Flores,31,16,https://www.atptour.com/en/players/jesse-flores/f902/overview
2026-04-16T19:40:09Z,1023,Zura Tkemaladze,25,16,https://www.atptour.com/en/players/zura-tkemaladze/t0ag/overview
2026-04-16T19:40:09Z,1024,Andrea De Marchi,19,16,https://www.atptour.com/en/players/andrea-de-marchi/d0jz/overview
2026-04-16T19:40:09Z,1025,Ruslan Tiukaev,20,16,https://www.atptour.com/en/players/ruslan-tiukaev/t0gk/overview
2026-04-16T19:40:09Z,1026,Sam Ryan Ziegann,27,16,https://www.atptour.com/en/players/sam-ryan-ziegann/r0dp/overview
2026-04-16T19:40:09Z,1027,Pietro Marino,24,16,https://www.atptour.com/en/players/pietro-marino/m0k2/overview
2026-04-16T19:40:09Z,1028,Pavlos Tsitsipas,20,16,https://www.atptour.com/en/players/pavlos-tsitsipas/t0ge/overview
2026-04-16T19:40:09Z,1029,Karim Ibrahim,22,16,https://www.atptour.com/en/players/karim-ibrahim/i0b3/overview
2026-04-16T19:40:09Z,1030,J.J. Wolf,27,15,https://www.atptour.com/en/players/j.j.-wolf/w09g/overview
2026-04-16T19:40:09Z,1031,Orlando Luz,28,15,https://www.atptour.com/en/players/orlando-luz/lf26/overview
2026-04-16T19:40:09Z,1032,Cem Ilkel,30,15,https://www.atptour.com/en/players/cem-ilkel/i306/overview
2026-04-16T19:40:09Z,1033,Oscar Otte,32,15,https://www.atptour.com/en/players/oscar-otte/o449/overview
2026-04-16T19:40:09Z,1034,Leonardo Aboian,27,15,https://www.atptour.com/en/players/leonardo-aboian/ag57/overview
2026-04-16T19:40:09Z,1035,Joris De Loore,32,15,https://www.atptour.com/en/players/joris-de-loore/da86/overview
2026-04-16T19:40:09Z,1036,Benoit Paire,36,15,https://www.atptour.com/en/players/benoit-paire/pd31/overview
2026-04-16T19:40:09Z,1037,Julian Cundom,25,15,https://www.atptour.com/en/players/julian-cundom/c0h5/overview
2026-04-16T19:40:09Z,1038,Vladislav Melnic,26,15,https://www.atptour.com/en/players/vladislav-melnic/m0dq/overview
2026-04-16T19:40:09Z,1039,Finn Bass,26,15,https://www.atptour.com/en/players/finn-bass/bu78/overview
2026-04-16T19:40:09Z,1040,Keshav Chopra,24,15,https://www.atptour.com/en/players/keshav-chopra/c0gg/overview
2026-04-16T19:40:09Z,1041,Ezequiel Monferrer,22,15,https://www.atptour.com/en/players/ezequiel-monferrer/m0ig/overview
2026-04-16T19:40:09Z,1042,Hanyi Liu,24,15,https://www.atptour.com/en/players/hanyi-liu/l0bu/overview
2026-04-16T19:40:09Z,1043,Marko Maksimovic,20,15,https://www.atptour.com/en/players/marko-maksimovic/m0no/overview
2026-04-16T19:40:09Z,1044,Volodymyr Iakubenko,20,15,https://www.atptour.com/en/players/volodymyr-iakubenko/i0bn/overview
2026-04-16T19:40:09Z,1045,Nicolas Ifi,27,15,https://www.atptour.com/en/players/nicolas-ifi/i0br/overview
2026-04-16T19:40:09Z,1046,Jangjun Kim,19,14,https://www.atptour.com/en/players/jangjun-kim/k0kc/overview
2026-04-16T19:40:09Z,1047,Savriyan Danilov,25,14,https://www.atptour.com/en/players/savriyan-danilov/d0cf/overview
2026-04-16T19:40:09Z,1048,Kristjan Tamm,27,14,https://www.atptour.com/en/players/kristjan-tamm/tg67/overview
2026-04-16T19:40:09Z,1049,Evgeny Philippov,24,14,https://www.atptour.com/en/players/evgeny-philippov/p0g0/overview
2026-04-16T19:40:09Z,1050,Billy Suarez,24,14,https://www.atptour.com/en/players/billy-suarez/s1bv/overview
2026-04-16T19:40:09Z,1051,Valentin Basel,21,14,https://www.atptour.com/en/players/valentin-basel/b0nf/overview
2026-04-16T19:40:09Z,1052,Saveliy Ivanov,21,14,https://www.atptour.com/en/players/saveliy-ivanov/i0be/overview
2026-04-16T19:40:09Z,1053,Matias Ponce De Leon Gomila,22,13,https://www.atptour.com/en/players/matias-ponce-de-leon-gomila/p0i4/overview
2026-04-16T19:40:09Z,1054,Simon Reveniau,28,13,https://www.atptour.com/en/players/simon-reveniau/r0bn/overview
2026-04-16T19:40:09Z,1055,Jason Jung,36,13,https://www.atptour.com/en/players/jason-jung/j380/overview
2026-04-16T19:40:09Z,1056,Ryan Seggerman,26,13,https://www.atptour.com/en/players/ryan-seggerman/s0dl/overview
2026-04-16T19:40:09Z,1057,Evgeny Karlovskiy,31,13,https://www.atptour.com/en/players/evgeny-karlovskiy/kd87/overview
2026-04-16T19:40:09Z,1058,Sebastian Dominko,22,13,https://www.atptour.com/en/players/sebastian-dominko/d0i0/overview
2026-04-16T19:40:09Z,1059,Oliver Okonkwo,26,13,https://www.atptour.com/en/players/oliver-okonkwo/o0bc/overview
2026-04-16T19:40:09Z,1060,Mikael Arseneault,19,13,https://www.atptour.com/en/players/mikael-arseneault/a0k4/overview
2026-04-16T19:40:09Z,1061,Maan Kesharwani,24,13,https://www.atptour.com/en/players/maan-kesharwani/k0mw/overview
2026-04-16T19:40:09Z,1062,James Van Herzeele,23,13,https://www.atptour.com/en/players/james-van-herzeele/v0ge/overview
2026-04-16T19:40:09Z,1063,Hazem Naw,26,13,https://www.atptour.com/en/players/hazem-naw/n0bk/overview
2026-04-16T19:40:09Z,1064,Koray Kirci,27,13,https://www.atptour.com/en/players/koray-kirci/ki91/overview
2026-04-16T19:40:09Z,1065,Rocco Piatti,21,13,https://www.atptour.com/en/players/rocco-piatti/p0gd/overview
2026-04-16T19:40:09Z,1066,Mathieu Scaglia,27,13,https://www.atptour.com/en/players/mathieu-scaglia/s09b/overview
2026-04-16T19:40:09Z,1067,Mateo Del Pino,22,13,https://www.atptour.com/en/players/mateo-del-pino/d0hz/overview
2026-04-16T19:40:09Z,1068,Nikola Djosic,18,13,https://www.atptour.com/en/players/nikola-djosic/d0jh/overview
2026-04-16T19:40:09Z,1069,Mika Lipp,22,13,https://www.atptour.com/en/players/mika-lipp/l0gj/overview
2026-04-16T19:40:09Z,1070,Oliver Anderson,27,13,https://www.atptour.com/en/players/oliver-anderson/ad23/overview
2026-04-16T19:40:09Z,1071,Joao Vitor Goncalves Ceolin,26,13,https://www.atptour.com/en/players/joao-vitor-goncalves-ceolin/gj90/overview
2026-04-16T19:40:09Z,1072,Aljaz Jeran,22,13,https://www.atptour.com/en/players/aljaz-jeran/j0dn/overview
2026-04-16T19:40:09Z,1073,Dimitris Azoidis,25,13,https://www.atptour.com/en/players/dimitris-azoidis/a0c5/overview
2026-04-16T19:40:09Z,1074,Tomas Serrano Luis,24,13,https://www.atptour.com/en/players/tomas-serrano-luis/l0cu/overview
2026-04-16T19:40:09Z,1075,Rafael Tosetto,26,13,https://www.atptour.com/en/players/rafael-tosetto/t0ch/overview
2026-04-16T19:40:09Z,1076,Jacopo Bilardo,21,13,https://www.atptour.com/en/players/jacopo-bilardo/b0ph/overview
2026-04-16T19:40:09Z,1077,Matthias Ujvary,21,13,https://www.atptour.com/en/players/matthias-ujvary/u0a3/overview
2026-04-16T19:40:09Z,1078,Kody Pearson,26,12,https://www.atptour.com/en/players/kody-pearson/pl69/overview
2026-04-16T19:40:09Z,1079,Zhe Li,39,12,https://www.atptour.com/en/players/zhe-li/l733/overview
2026-04-16T19:40:09Z,1080,Devin Badenhorst,21,12,https://www.atptour.com/en/players/devin-badenhorst/b0iz/overview
2026-04-16T19:40:09Z,1081,Benito Sanchez Martinez,23,12,https://www.atptour.com/en/players/benito-sanchez-martinez/s0r2/overview
2026-04-16T19:40:09Z,1082,Adam Jilly,19,12,https://www.atptour.com/en/players/adam-jilly/j0ei/overview
2026-04-16T19:40:09Z,1083,Gergely Madarasz,31,12,https://www.atptour.com/en/players/gergely-madarasz/mo76/overview
2026-04-16T19:40:09Z,1084,Vlado Jankanj,19,12,https://www.atptour.com/en/players/vlado-jankanj/j0f0/overview
2026-04-16T19:40:09Z,1085,Martin Borisiouk,25,12,https://www.atptour.com/en/players/martin-borisiouk/b0a1/overview
2026-04-16T19:40:09Z,1086,Mario Martinez Serrano,21,12,https://www.atptour.com/en/players/mario-martinez-serrano/m0xa/overview
2026-04-16T19:40:09Z,1087,Cezar Gabriel Papoe,18,12,https://www.atptour.com/en/players/cezar-gabriel-papoe/p0mt/overview
2026-04-16T19:40:09Z,1088,Thiago Agustin Pernas,24,12,https://www.atptour.com/en/players/thiago-agustin-pernas/p0p1/overview
2026-04-16T19:40:09Z,1089,Rohan Mehra,23,12,https://www.atptour.com/en/players/rohan-mehra/m0n5/overview
2026-04-16T19:40:09Z,1090,Shu Matsuoka,22,12,https://www.atptour.com/en/players/shu-matsuoka/m0rc/overview
2026-04-16T19:40:09Z,1091,Adrian Andreev,24,12,https://www.atptour.com/en/players/adrian-andreev/a0ab/overview
2026-04-16T19:40:09Z,1092,Matt Hulme,27,12,https://www.atptour.com/en/players/matt-hulme/h0hs/overview
2026-04-16T19:40:09Z,1093,Alen Mujakic,22,12,https://www.atptour.com/en/players/alen-mujakic/m0i5/overview
2026-04-16T19:40:09Z,1094,Hayden Jones,19,12,https://www.atptour.com/en/players/hayden-jones/j0d5/overview
2026-04-16T19:40:09Z,1095,Marcello Serafini,23,12,https://www.atptour.com/en/players/marcello-serafini/s0rf/overview
2026-04-16T19:40:09Z,1096,Michele Mecarelli,18,12,https://www.atptour.com/en/players/michele-mecarelli/m0xl/overview
2026-04-16T19:40:09Z,1097,Tristan Stringer,20,12,https://www.atptour.com/en/players/tristan-stringer/s1ap/overview
2026-04-16T19:40:09Z,1098,Rafael De Alba,24,12,https://www.atptour.com/en/players/rafael-de-alba/d0jm/overview
2026-04-16T19:40:09Z,1099,Noel Larwig,24,12,https://www.atptour.com/en/players/noel-larwig/l0ch/overview
2026-04-16T19:40:09Z,1100,Ammar Alhogbani,27,12,https://www.atptour.com/en/players/ammar-alhogbani/ag30/overview
2026-04-16T19:40:09Z,1101,Piet Luis Pinter,20,12,https://www.atptour.com/en/players/piet-luis-pinter/p0nt/overview
2026-04-16T19:40:09Z,1102,Aleksander Chayka,21,12,https://www.atptour.com/en/players/aleksander-chayka/c0ni/overview
2026-04-16T19:40:09Z,1103,Yuta Tomida,19,12,https://www.atptour.com/en/players/yuta-tomida/t0j8/overview
2026-04-16T19:40:09Z,1104,Zsombor Velcz,23,11,https://www.atptour.com/en/players/zsombor-velcz/v0e1/overview
2026-04-16T19:40:09Z,1105,Alejandro Hayen,27,11,https://www.atptour.com/en/players/alejandro-hayen/h0kq/overview
2026-04-16T19:40:09Z,1106,Thomas Deschamps,27,11,https://www.atptour.com/en/players/thomas-deschamps/d0fy/overview
2026-04-16T19:40:09Z,1107,Mathis Bondaz,24,11,https://www.atptour.com/en/players/mathis-bondaz/b0m7/overview
2026-04-16T19:40:09Z,1108,Gage Brymer,31,11,https://www.atptour.com/en/players/gage-brymer/bp44/overview
2026-04-16T19:40:09Z,1109,David Poljak,29,11,https://www.atptour.com/en/players/david-poljak/ph77/overview
2026-04-16T19:40:09Z,1110,Connor Thomson,25,11,https://www.atptour.com/en/players/connor-thomson/t0b0/overview
2026-04-16T19:40:09Z,1111,Rudy Quan,20,11,https://www.atptour.com/en/players/rudy-quan/q02o/overview
2026-04-16T19:40:09Z,1112,Daniil Kakhniuk,23,11,https://www.atptour.com/en/players/daniil-kakhniuk/k0pf/overview
2026-04-16T19:40:09Z,1113,Federico Aguilar Cardozo,21,11,https://www.atptour.com/en/players/federico-aguilar-cardozo/a0k2/overview
2026-04-16T19:40:09Z,1114,Giulio Perego,23,11,https://www.atptour.com/en/players/giulio-perego/p0ge/overview
2026-04-16T19:40:09Z,1115,Pengyu Lu,24,11,https://www.atptour.com/en/players/pengyu-lu/l0cs/overview
2026-04-16T19:40:09Z,1116,Rocco Valente,21,11,https://www.atptour.com/en/players/rocco-valente/v0hb/overview
2026-04-16T19:40:09Z,1117,Mickael Kaouk,17,11,https://www.atptour.com/en/players/mickael-kaouk/k0nt/overview
2026-04-16T19:40:09Z,1118,Leonardo Malgaroli,23,11,https://www.atptour.com/en/players/leonardo-malgaroli/m0n4/overview
2026-04-16T19:40:09Z,1119,Elgin Khoeblal,24,11,https://www.atptour.com/en/players/elgin-khoeblal/k0ht/overview
2026-04-16T19:40:09Z,1120,Edison Ambarzumjan,29,11,https://www.atptour.com/en/players/edison-ambarzumjan/a0i9/overview
2026-04-16T19:40:09Z,1121T,Seongwoo Cho,27,11,https://www.atptour.com/en/players/seongwoo-cho/c0nx/overview
2026-04-16T19:40:09Z,1121T,Jefferson Wendler Filho,30,11,https://www.atptour.com/en/players/jefferson-wendler-filho/w660/overview
2026-04-16T19:40:09Z,1123T,Nicolas Garcia Longo,20,11,https://www.atptour.com/en/players/nicolas-garcia-longo/g0kv/overview
2026-04-16T19:40:09Z,1123T,Jasza Szajrych,23,11,https://www.atptour.com/en/players/jasza-szajrych/s0sd/overview
2026-04-16T19:40:09Z,1125,Makoto Ochi,29,11,https://www.atptour.com/en/players/makoto-ochi/o664/overview
2026-04-16T19:40:09Z,1126T,Ali Habib,23,11,https://www.atptour.com/en/players/ali-habib/h0gc/overview
2026-04-16T19:40:09Z,1126T,Victor Hugo Remondy Pagotto,20,11,https://www.atptour.com/en/players/victor-hugo-remondy-pagotto/r0l5/overview
2026-04-16T19:40:09Z,1128,Juan Bautista Otegui,27,11,https://www.atptour.com/en/players/juan-bautista-otegui/o09s/overview
2026-04-16T19:40:09Z,1129,Stefan Vujic,28,11,https://www.atptour.com/en/players/stefan-vujic/va31/overview
2026-04-16T19:40:09Z,1130,Sungbeen Sim,29,11,https://www.atptour.com/en/players/sungbeen-sim/s0jw/overview
2026-04-16T19:40:09Z,1131,Hugo Pierre,30,11,https://www.atptour.com/en/players/hugo-pierre/pm20/overview
2026-04-16T19:40:09Z,1132,Maximilian Figl,22,11,https://www.atptour.com/en/players/maximilian-figl/f0fb/overview
2026-04-16T19:40:09Z,1133,Niccolò Ciavarella,22,11,https://www.atptour.com/en/players/niccolò-ciavarella/c0ko/overview
2026-04-16T19:40:09Z,1134,Nicolas Bruna,27,11,https://www.atptour.com/en/players/nicolas-bruna/bu64/overview
2026-04-16T19:40:09Z,1135,Luis David Martinez,36,10,https://www.atptour.com/en/players/luis-david-martinez/mf70/overview
2026-04-16T19:40:09Z,1136,Martin Klizan,36,10,https://www.atptour.com/en/players/martin-klizan/k966/overview
2026-04-16T19:40:09Z,1137T,Siddhant Banthia,25,10,https://www.atptour.com/en/players/siddhant-banthia/b0a2/overview
2026-04-16T19:40:09Z,1137T,Stian Klaassen,22,10,https://www.atptour.com/en/players/stian-klaassen/k0lp/overview
2026-04-16T19:40:09Z,1137T,Filippo Speziali,25,10,https://www.atptour.com/en/players/filippo-speziali/s0jh/overview
2026-04-16T19:40:09Z,1140,Cosme Rolland De Ravel,21,10,https://www.atptour.com/en/players/cosme-rolland-de-ravel/r0ke/overview
2026-04-16T19:40:09Z,1141,Pedro Cachin,31,10,https://www.atptour.com/en/players/pedro-cachin/cg04/overview
2026-04-16T19:40:09Z,1142,Luis Felipe Miguel,22,10,https://www.atptour.com/en/players/luis-felipe-miguel/m0ot/overview
2026-04-16T19:40:09Z,1143,Cooper Woestendick,19,10,https://www.atptour.com/en/players/cooper-woestendick/w0dw/overview
2026-04-16T19:40:09Z,1144,Alexander Rozin,20,10,https://www.atptour.com/en/players/alexander-rozin/r0kk/overview
2026-04-16T19:40:09Z,1145,Jannik Opitz,27,10,https://www.atptour.com/en/players/jannik-opitz/o663/overview
2026-04-16T19:40:09Z,1146,Isaiah Strode,28,10,https://www.atptour.com/en/players/isaiah-strode/sx77/overview
2026-04-16T19:40:09Z,1147,Chanyeong Oh,27,10,https://www.atptour.com/en/players/chanyeong-oh/o527/overview
2026-04-16T19:40:09Z,1148,Joaquin Guilleme,19,10,https://www.atptour.com/en/players/joaquin-guilleme/g0os/overview
2026-04-16T19:40:09Z,1149,Duje Markovina,18,10,https://www.atptour.com/en/players/duje-markovina/m0u9/overview
2026-04-16T19:40:09Z,1150,Martin Sabas,24,10,https://www.atptour.com/en/players/martin-sabas/s0rh/overview
2026-04-16T19:40:09Z,1151,Ryota Tanuma,30,10,https://www.atptour.com/en/players/ryota-tanuma/tg46/overview
2026-04-16T19:40:09Z,1152,Robert Guna,20,10,https://www.atptour.com/en/players/robert-guna/g0kq/overview
2026-04-16T19:40:09Z,1153,Leonardo Primucci,22,10,https://www.atptour.com/en/players/leonardo-primucci/p0ox/overview
2026-04-16T19:40:09Z,1154,Gian Marco Ortenzi,26,10,https://www.atptour.com/en/players/gian-marco-ortenzi/o0ax/overview
2026-04-16T19:40:09Z,1155,Sebastian Fanselow,34,10,https://www.atptour.com/en/players/sebastian-fanselow/f664/overview
2026-04-16T19:40:09Z,1156,Gregor Ramskogler,27,10,https://www.atptour.com/en/players/gregor-ramskogler/r0ay/overview
2026-04-16T19:40:09Z,1157,Ricardo Rodriguez - Pace,32,10,https://www.atptour.com/en/players/ricardo-rodriguez---pace/rb00/overview
2026-04-16T19:40:09Z,1158,Ethan Cook,23,10,https://www.atptour.com/en/players/ethan-cook/c0ms/overview
2026-04-16T19:40:09Z,1159,Nicolas Parizzia,27,10,https://www.atptour.com/en/players/nicolas-parizzia/pm12/overview
2026-04-16T19:40:09Z,1160,Leonid Sheyngezikht,25,10,https://www.atptour.com/en/players/leonid-sheyngezikht/s0lf/overview
2026-04-16T19:40:09Z,1161,Xing Dao Chen,22,10,https://www.atptour.com/en/players/xing-dao-chen/c0pk/overview
2026-04-16T19:40:09Z,1162,Sergi Fita Juan,18,10,https://www.atptour.com/en/players/sergi-fita-juan/f0go/overview
2026-04-16T19:40:09Z,1163,Denis Petak,19,10,https://www.atptour.com/en/players/denis-petak/p0m4/overview
2026-04-16T19:40:09Z,1164T,Mohamed Nazim Makhlouf,29,10,https://www.atptour.com/en/players/mohamed-nazim-makhlouf/mn49/overview
2026-04-16T19:40:09Z,1164T,Nathan Ponwith,27,10,https://www.atptour.com/en/players/nathan-ponwith/ph67/overview
2026-04-16T19:40:09Z,1166,Ferdinand Livet Novkirichka,18,10,https://www.atptour.com/en/players/ferdinand-livet-novkirichka/l0lj/overview
2026-04-16T19:40:09Z,1167,Noah Perfetti,24,10,https://www.atptour.com/en/players/noah-perfetti/p0jk/overview
2026-04-16T19:40:09Z,1168,Preston Brown,24,10,https://www.atptour.com/en/players/preston-brown/b0g6/overview
2026-04-16T19:40:09Z,1169,Leyton Rivera,24,10,https://www.atptour.com/en/players/leyton-rivera/r0ew/overview
2026-04-16T19:40:09Z,1170,Gianluca Mager,31,9,https://www.atptour.com/en/players/gianluca-mager/ml57/overview
2026-04-16T19:40:09Z,1171T,Keenan Mayo,25,9,https://www.atptour.com/en/players/keenan-mayo/m0da/overview
2026-04-16T19:40:09Z,1171T,Derek Pham,22,9,https://www.atptour.com/en/players/derek-pham/p0kj/overview
2026-04-16T19:40:09Z,1173T,Andrea Meduri,21,9,https://www.atptour.com/en/players/andrea-meduri/m0nx/overview
2026-04-16T19:40:09Z,1173T,Mohamed Safwat,35,9,https://www.atptour.com/en/players/mohamed-safwat/sk47/overview
2026-04-16T19:40:09Z,1175,Andrej Loncarevic,20,9,https://www.atptour.com/en/players/andrej-loncarevic/l0kc/overview
2026-04-16T19:40:09Z,1176T,Boris Arias,32,9,https://www.atptour.com/en/players/boris-arias/aa49/overview
2026-04-16T19:40:09Z,1176T,Ramkumar Ramanathan,31,9,https://www.atptour.com/en/players/ramkumar-ramanathan/rb56/overview
2026-04-16T19:40:09Z,1178T,Alexander Bernard,22,9,https://www.atptour.com/en/players/alexander-bernard/b0i0/overview
2026-04-16T19:40:09Z,1178T,Mustafa Ege Sik,16,9,https://www.atptour.com/en/players/mustafa-ege-sik/s1d0/overview
2026-04-16T19:40:09Z,1180,Tudor Batin,19,9,https://www.atptour.com/en/players/tudor-batin/b0u1/overview
2026-04-16T19:40:09Z,1181,Julian Alonso Jr,21,9,https://www.atptour.com/en/players/julian-alonso-jr/a0k1/overview
2026-04-16T19:40:09Z,1182,Guto Miguel,17,9,https://www.atptour.com/en/players/guto-miguel/m0wy/overview
2026-04-16T19:40:09Z,1183T,Anton Arzhankin,22,9,https://www.atptour.com/en/players/anton-arzhankin/a0o2/overview
2026-04-16T19:40:09Z,1183T,Thando Longwe-Smit,24,9,https://www.atptour.com/en/players/thando-longwe-smit/l0co/overview
2026-04-16T19:40:09Z,1183T,Lachlan James Mcfadzean,19,9,https://www.atptour.com/en/players/lachlan-james-mcfadzean/m0zk/overview
2026-04-16T19:40:09Z,1186,Orel Kimhi,22,9,https://www.atptour.com/en/players/orel-kimhi/k0ho/overview
2026-04-16T19:40:09Z,1187,Denis Spiridon,23,9,https://www.atptour.com/en/players/denis-spiridon/s0ub/overview
2026-04-16T19:40:09Z,1188,Valentin Lapalu,24,9,https://www.atptour.com/en/players/valentin-lapalu/l0ev/overview
2026-04-16T19:40:09Z,1189,Matthew Thomson,25,9,https://www.atptour.com/en/players/matthew-thomson/t0bh/overview
2026-04-16T19:40:09Z,1190,Phillip Jordan,25,9,https://www.atptour.com/en/players/phillip-jordan/j0dk/overview
2026-04-16T19:40:09Z,1191,George Lazarov,21,9,https://www.atptour.com/en/players/george-lazarov/l0gl/overview
2026-04-16T19:40:09Z,1192,Mikail Alimli,22,9,https://www.atptour.com/en/players/mikail-alimli/a0hk/overview
2026-04-16T19:40:09Z,1193,Markus Molder,20,9,https://www.atptour.com/en/players/markus-molder/m0w0/overview
2026-04-16T19:40:09Z,1194,Abhinav Sanjeev Shanmugam,27,9,https://www.atptour.com/en/players/abhinav-sanjeev-shanmugam/sy73/overview
2026-04-16T19:40:09Z,1195,Jan Hrazdil,21,9,https://www.atptour.com/en/players/jan-hrazdil/h0hx/overview
2026-04-16T19:40:09Z,1196,Marcel Kamrowski,23,9,https://www.atptour.com/en/players/marcel-kamrowski/k0i7/overview
2026-04-16T19:40:09Z,1197,Charles Bertimon,26,9,https://www.atptour.com/en/players/charles-bertimon/b0c4/overview
2026-04-16T19:40:09Z,1198T,David Eichenseher,20,9,https://www.atptour.com/en/players/david-eichenseher/e0dx/overview
2026-04-16T19:40:09Z,1198T,Viktor Frydrych,20,9,https://www.atptour.com/en/players/viktor-frydrych/f0i5/overview
2026-04-16T19:40:09Z,1200,Aditya Vishal Balsekar,23,9,https://www.atptour.com/en/players/aditya-vishal-balsekar/v0gi/overview
2026-04-16T19:40:09Z,1201,Ishaque Eqbal,28,9,https://www.atptour.com/en/players/ishaque-eqbal/e0ab/overview
2026-04-16T19:40:09Z,1202T,Enzo Camargo Lima,22,9,https://www.atptour.com/en/players/enzo-camargo-lima/c0ju/overview
2026-04-16T19:40:09Z,1202T,Kerem Yilmaz,19,9,https://www.atptour.com/en/players/kerem-yilmaz/y0b7/overview
2026-04-16T19:40:09Z,1204,Benjamin O'Connell,27,9,https://www.atptour.com/en/players/benjamin-o'connell/o0a6/overview
2026-04-16T19:40:09Z,1205,Niklas Waldner,24,9,https://www.atptour.com/en/players/niklas-waldner/w0br/overview
2026-04-16T19:40:09Z,1206,Nicolo Toffanin,23,9,https://www.atptour.com/en/players/nicolo-toffanin/t0hw/overview
2026-04-16T19:40:09Z,1207,Boris Butulija,27,9,https://www.atptour.com/en/players/boris-butulija/bv08/overview
2026-04-16T19:40:09Z,1208,Toby Martin,33,9,https://www.atptour.com/en/players/toby-martin/ml51/overview
2026-04-16T19:40:09Z,1209,Tomohiro Masabayashi,28,9,https://www.atptour.com/en/players/tomohiro-masabayashi/mv39/overview
2026-04-16T19:40:09Z,1210,Noah Thurner,26,9,https://www.atptour.com/en/players/noah-thurner/t0dn/overview
2026-04-16T19:40:09Z,1211,Duarte Vale,27,8,https://www.atptour.com/en/players/duarte-vale/va15/overview
2026-04-16T19:40:09Z,1212,Nino Serdarusic,29,8,https://www.atptour.com/en/players/nino-serdarusic/sp80/overview
2026-04-16T19:40:09Z,1213,Takeru Yuzuki,27,8,https://www.atptour.com/en/players/takeru-yuzuki/y0ab/overview
2026-04-16T19:40:09Z,1214,Ofek Shimanov,20,8,https://www.atptour.com/en/players/ofek-shimanov/s0v8/overview
2026-04-16T19:40:09Z,1215,Gijs Brouwer,30,8,https://www.atptour.com/en/players/gijs-brouwer/bo10/overview
2026-04-16T19:40:09Z,1216,Sebastian Prechtel,29,8,https://www.atptour.com/en/players/sebastian-prechtel/pl38/overview
2026-04-16T19:40:09Z,1217,Leo Lagarrigue,19,8,https://www.atptour.com/en/players/leo-lagarrigue/l0l7/overview
2026-04-16T19:40:09Z,1218,Stefan Seifert,41,8,https://www.atptour.com/en/players/stefan-seifert/sg13/overview
2026-04-16T19:40:09Z,1219,Simon Beaupain,26,8,https://www.atptour.com/en/players/simon-beaupain/b0c3/overview
2026-04-16T19:40:09Z,1220,Jea Moon Lee,32,8,https://www.atptour.com/en/players/jea-moon-lee/lb78/overview
2026-04-16T19:40:09Z,1221,Tiago Silva,21,8,https://www.atptour.com/en/players/tiago-silva/s0to/overview
2026-04-16T19:40:09Z,1222,Keaton Hance,18,8,https://www.atptour.com/en/players/keaton-hance/h0m1/overview
2026-04-16T19:40:09Z,1223,Arjun Rathi,18,8,https://www.atptour.com/en/players/arjun-rathi/r0mv/overview
2026-04-16T19:40:09Z,1224,Andreas Timini,19,8,https://www.atptour.com/en/players/andreas-timini/t0i0/overview
2026-04-16T19:40:09Z,1225,Jack Loutit,21,8,https://www.atptour.com/en/players/jack-loutit/l0ip/overview
2026-04-16T19:40:09Z,1226,Niklas Guttau,26,8,https://www.atptour.com/en/players/niklas-guttau/g0ci/overview
2026-04-16T19:40:09Z,1227,Fons Van Sambeek,24,8,https://www.atptour.com/en/players/fons-van-sambeek/v0em/overview
2026-04-16T19:40:09Z,1228,Herman Hoeyeraal,24,8,https://www.atptour.com/en/players/herman-hoeyeraal/h0dw/overview
2026-04-16T19:40:09Z,1229,Tobia Costanzo Baragiola Mordini,19,8,https://www.atptour.com/en/players/tobia-costanzo-baragiola-mordini/b0wx/overview
2026-04-16T19:40:09Z,1230,Kazuki Nishiwaki,31,8,https://www.atptour.com/en/players/kazuki-nishiwaki/n934/overview
2026-04-16T19:40:09Z,1231,Taketo Takamisawa,27,8,https://www.atptour.com/en/players/taketo-takamisawa/t0ba/overview
2026-04-16T19:40:09Z,1232,Ignacio Antonio Becerra Otarola,25,8,https://www.atptour.com/en/players/ignacio-antonio-becerra-otarola/b0ez/overview
2026-04-16T19:40:09Z,1233T,Thomas Braithwaite,26,8,https://www.atptour.com/en/players/thomas-braithwaite/b0jn/overview
2026-04-16T19:40:09Z,1233T,Lorenzo Comino,20,8,https://www.atptour.com/en/players/lorenzo-comino/c0rx/overview
2026-04-16T19:40:09Z,1235,Liam Krall,23,8,https://www.atptour.com/en/players/liam-krall/k0ir/overview
2026-04-16T19:40:09Z,1236T,Liam Branger,25,8,https://www.atptour.com/en/players/liam-branger/b0m0/overview
2026-04-16T19:40:09Z,1236T,Timeo Trufelli,18,8,https://www.atptour.com/en/players/timeo-trufelli/t0jj/overview
2026-04-16T19:40:09Z,1236T,Edouard Villoslada,26,8,https://www.atptour.com/en/players/edouard-villoslada/v0eq/overview
2026-04-16T19:40:09Z,1239,Giacomo Crisostomo,22,8,https://www.atptour.com/en/players/giacomo-crisostomo/c0mo/overview
2026-04-16T19:40:09Z,1240T,Maxence Rivet,22,8,https://www.atptour.com/en/players/maxence-rivet/r0ib/overview
2026-04-16T19:40:09Z,1240T,Gabriel Schenekenberg,21,8,https://www.atptour.com/en/players/gabriel-schenekenberg/s0vd/overview
2026-04-16T19:40:09Z,1242,Conor Gannon,23,8,https://www.atptour.com/en/players/conor-gannon/g0g4/overview
2026-04-16T19:40:09Z,1243,Andrea Colombo,23,8,https://www.atptour.com/en/players/andrea-colombo/c0pg/overview
2026-04-16T19:40:09Z,1244,Christian Djonov,26,8,https://www.atptour.com/en/players/christian-djonov/d0ka/overview
2026-04-16T19:40:09Z,1245T,Melih Anavatan,20,8,https://www.atptour.com/en/players/melih-anavatan/a0lv/overview
2026-04-16T19:40:09Z,1245T,Chirag Duhan,22,8,https://www.atptour.com/en/players/chirag-duhan/d0hi/overview
2026-04-16T19:40:09Z,1247,Yuquan Jin,25,8,https://www.atptour.com/en/players/yuquan-jin/j0ak/overview
2026-04-16T19:40:09Z,1248,Ivan Gretskiy,20,8,https://www.atptour.com/en/players/ivan-gretskiy/g0o5/overview
2026-04-16T19:40:09Z,1249,Yuichiro Inui,31,8,https://www.atptour.com/en/players/yuichiro-inui/i416/overview
2026-04-16T19:40:09Z,1250,Diogo Marques,26,8,https://www.atptour.com/en/players/diogo-marques/m0b9/overview
2026-04-16T19:40:09Z,1251,Tanishk Konduri,17,7,https://www.atptour.com/en/players/tanishk-konduri/k0qm/overview
2026-04-16T19:40:09Z,1252,Cleeve Harper,25,7,https://www.atptour.com/en/players/cleeve-harper/h0d9/overview
2026-04-16T19:40:09Z,1253,Constant Lestienne,33,7,https://www.atptour.com/en/players/constant-lestienne/lb66/overview
2026-04-16T19:40:09Z,1254,Niels Ratiu,20,7,https://www.atptour.com/en/players/niels-ratiu/r0lr/overview
2026-04-16T19:40:09Z,1255,Alex Chang,22,7,https://www.atptour.com/en/players/alex-chang/c0q6/overview
2026-04-16T19:40:09Z,1256,Szymon Kielan,23,7,https://www.atptour.com/en/players/szymon-kielan/k0hb/overview
2026-04-16T19:40:09Z,1257,Noa Vukadin,21,7,https://www.atptour.com/en/players/noa-vukadin/v0es/overview
2026-04-16T19:40:09Z,1258,Preston Stearns,22,7,https://www.atptour.com/en/players/preston-stearns/s0tt/overview
2026-04-16T19:40:09Z,1259,Viktor Markov,20,7,https://www.atptour.com/en/players/viktor-markov/m0rf/overview
2026-04-16T19:40:09Z,1260,Nicholas Godsick,21,7,https://www.atptour.com/en/players/nicholas-godsick/g0jc/overview
2026-04-16T19:40:09Z,1261T,Darian King,33,7,https://www.atptour.com/en/players/darian-king/kc86/overview
2026-04-16T19:40:09Z,1261T,Fnu Nidunjianzan,22,7,https://www.atptour.com/en/players/fnu-nidunjianzan/n0dy/overview
2026-04-16T19:40:09Z,1263T,Louis Dussin,26,7,https://www.atptour.com/en/players/louis-dussin/d09l/overview
2026-04-16T19:40:09Z,1263T,Liam Gavrielides,22,7,https://www.atptour.com/en/players/liam-gavrielides/g0gz/overview
2026-04-16T19:40:09Z,1265,Melvin Kumar,19,7,https://www.atptour.com/en/players/melvin-kumar/k0n5/overview
2026-04-16T19:40:09Z,1266,Oskari Paldanius,18,7,https://www.atptour.com/en/players/oskari-paldanius/p0n6/overview
2026-04-16T19:40:09Z,1267,Bernardo Munk Mesa,20,7,https://www.atptour.com/en/players/bernardo-munk-mesa/m0pf/overview
2026-04-16T19:40:09Z,1268,Johan Oscar Lien,18,7,https://www.atptour.com/en/players/johan-oscar-lien/l0mu/overview
2026-04-16T19:40:09Z,1269,Jonas Pelle Hartenstein,24,7,https://www.atptour.com/en/players/jonas-pelle-hartenstein/h0i0/overview
2026-04-16T19:40:09Z,1270T,Patrik Munkhammar,18,7,https://www.atptour.com/en/players/patrik-munkhammar/m0x3/overview
2026-04-16T19:40:09Z,1270T,Gilberto Ravasio,21,7,https://www.atptour.com/en/players/gilberto-ravasio/r0lx/overview
2026-04-16T19:40:09Z,1272T,Enrique Carrascosa Diaz,17,7,https://www.atptour.com/en/players/enrique-carrascosa-diaz/c0sl/overview
2026-04-16T19:40:09Z,1272T,Justin Roberts,29,7,https://www.atptour.com/en/players/justin-roberts/rh17/overview
2026-04-16T19:40:09Z,1274,Leonardo Borrelli,20,7,https://www.atptour.com/en/players/leonardo-borrelli/b0m8/overview
2026-04-16T19:40:09Z,1275T,Daniel Bagnolini,23,7,https://www.atptour.com/en/players/daniel-bagnolini/b0ha/overview
2026-04-16T19:40:09Z,1275T,Kuzey Cekirge,25,7,https://www.atptour.com/en/players/kuzey-cekirge/c0b9/overview
2026-04-16T19:40:09Z,1275T,Vladan Tadic,25,7,https://www.atptour.com/en/players/vladan-tadic/t0e2/overview
2026-04-16T19:40:09Z,1278T,Vishnu Vardhan,38,7,https://www.atptour.com/en/players/vishnu-vardhan/v505/overview
2026-04-16T19:40:09Z,1278T,Alexander Wagner,19,7,https://www.atptour.com/en/players/alexander-wagner/w0f2/overview
2026-04-16T19:40:09Z,1280,Xiaoyin Yang,21,7,https://www.atptour.com/en/players/xiaoyin-yang/y0bg/overview
2026-04-16T19:40:09Z,1281,Antoni Fabre,22,7,https://www.atptour.com/en/players/antoni-fabre/f0gf/overview
2026-04-16T19:40:09Z,1282,Ivan Denisov,25,7,https://www.atptour.com/en/players/ivan-denisov/d09v/overview
2026-04-16T19:40:09Z,1283,Aldin Setkic,38,7,https://www.atptour.com/en/players/aldin-setkic/sf41/overview
2026-04-16T19:40:09Z,1284,Nikola Basic,24,7,https://www.atptour.com/en/players/nikola-basic/b0hd/overview
2026-04-16T19:40:09Z,1285,Oskar Grzegorzewski,21,7,https://www.atptour.com/en/players/oskar-grzegorzewski/g0mb/overview
2026-04-16T19:40:09Z,1286T,Amador Salazar,25,7,https://www.atptour.com/en/players/amador-salazar/s0ky/overview
2026-04-16T19:40:09Z,1286T,Miha Vetrih,23,7,https://www.atptour.com/en/players/miha-vetrih/v0gb/overview
2026-04-16T19:40:09Z,1288T,Alessio Basile,21,7,https://www.atptour.com/en/players/alessio-basile/b0qb/overview
2026-04-16T19:40:09Z,1288T,Aaron Gil Garcia,22,7,https://www.atptour.com/en/players/aaron-gil-garcia/g0m3/overview
2026-04-16T19:40:09Z,1290,Reece Falck,24,7,https://www.atptour.com/en/players/reece-falck/f0e0/overview
2026-04-16T19:40:09Z,1291,Louis Tessa,28,7,https://www.atptour.com/en/players/louis-tessa/tg42/overview
2026-04-16T19:40:09Z,1292,Alan Wazny,18,7,https://www.atptour.com/en/players/alan-wazny/w0f8/overview
2026-04-16T19:40:09Z,1293,Ronald Hohmann,24,7,https://www.atptour.com/en/players/ronald-hohmann/h0cu/overview
2026-04-16T19:40:09Z,1294,Felipe De Dios,22,7,https://www.atptour.com/en/players/felipe-de-dios/d0k4/overview
2026-04-16T19:40:09Z,1295,Daniel Uta,19,7,https://www.atptour.com/en/players/daniel-uta/u0ac/overview
2026-04-16T19:40:09Z,1296,Joshua Peck,27,7,https://www.atptour.com/en/players/joshua-peck/pm28/overview
2026-04-16T19:40:09Z,1297T,Antoine Berger,28,7,https://www.atptour.com/en/players/antoine-berger/b0h9/overview
2026-04-16T19:40:09Z,1297T,Alp Horoz,30,7,https://www.atptour.com/en/players/alp-horoz/hb18/overview
2026-04-16T19:40:09Z,1297T,Lucca Pinto,23,7,https://www.atptour.com/en/players/lucca-pinto/p0iu/overview
2026-04-16T19:40:09Z,1300T,Corban Crowther,22,7,https://www.atptour.com/en/players/corban-crowther/c0i5/overview
2026-04-16T19:40:09Z,1300T,Nikola Jovic,19,7,https://www.atptour.com/en/players/nikola-jovic/j0ed/overview
2026-04-16T19:40:09Z,1302T,Vadym Konovchuk,22,7,https://www.atptour.com/en/players/vadym-konovchuk/k0jm/overview
2026-04-16T19:40:09Z,1302T,Filippo Mazzola,20,7,https://www.atptour.com/en/players/filippo-mazzola/m0uq/overview
2026-04-16T19:40:09Z,1304,Charles Chen,18,7,https://www.atptour.com/en/players/charles-chen/c0q4/overview
2026-04-16T19:40:09Z,1305,Samuele Seghetti,19,7,https://www.atptour.com/en/players/samuele-seghetti/s0vz/overview
2026-04-16T19:40:09Z,1306,Rohan Murali,21,6,https://www.atptour.com/en/players/rohan-murali/m0or/overview
2026-04-16T19:40:09Z,1307,Segundo Goity Zapico,20,6,https://www.atptour.com/en/players/segundo-goity-zapico/g0l1/overview
2026-04-16T19:40:09Z,1308T,Max Dahlin,20,6,https://www.atptour.com/en/players/max-dahlin/d0i5/overview
2026-04-16T19:40:09Z,1308T,Federico Zeballos,37,6,https://www.atptour.com/en/players/federico-zeballos/z239/overview
2026-04-16T19:40:09Z,1310,Mehdi Benchakroun,22,6,https://www.atptour.com/en/players/mehdi-benchakroun/b0m1/overview
2026-04-16T19:40:09Z,1311T,Adil Kalyanpur,26,6,https://www.atptour.com/en/players/adil-kalyanpur/k0ab/overview
2026-04-16T19:40:09Z,1311T,Ryan James Storrie,28,6,https://www.atptour.com/en/players/ryan-james-storrie/sy31/overview
2026-04-16T19:40:09Z,1313,Kriish Tyagi,18,6,https://www.atptour.com/en/players/kriish-tyagi/t0il/overview
2026-04-16T19:40:09Z,1314T,Filip Gustafsson,21,6,https://www.atptour.com/en/players/filip-gustafsson/g0m2/overview
2026-04-16T19:40:09Z,1314T,Noah Johnston,18,6,https://www.atptour.com/en/players/noah-johnston/j0fk/overview
2026-04-16T19:40:09Z,1314T,Iiro Vasa,23,6,https://www.atptour.com/en/players/iiro-vasa/v0dq/overview
2026-04-16T19:40:09Z,1317,Rodrigo Fernandes,19,6,https://www.atptour.com/en/players/rodrigo-fernandes/f0hb/overview
2026-04-16T19:40:09Z,1318,Mark Whitehouse,32,6,https://www.atptour.com/en/players/mark-whitehouse/w716/overview
2026-04-16T19:40:09Z,1319,Michal Novansky,23,6,https://www.atptour.com/en/players/michal-novansky/m0mu/overview
2026-04-16T19:40:09Z,1320,Khololwam Montsi,23,6,https://www.atptour.com/en/players/khololwam-montsi/m0fn/overview
2026-04-16T19:40:09Z,1321T,Yannick Theodor Alexandrescou,18,6,https://www.atptour.com/en/players/yannick-theodor-alexandrescou/a0m2/overview
2026-04-16T19:40:09Z,1321T,Mateo Barreiros Reyes,25,6,https://www.atptour.com/en/players/mateo-barreiros-reyes/b0e4/overview
2026-04-16T19:40:09Z,1321T,Marko Mesarovic,21,6,https://www.atptour.com/en/players/marko-mesarovic/m0t3/overview
2026-04-16T19:40:09Z,1324,Gavin Goode,17,6,https://www.atptour.com/en/players/gavin-goode/g0pp/overview
2026-04-16T19:40:09Z,1325T,Harold Huens,23,6,https://www.atptour.com/en/players/harold-huens/h0hr/overview
2026-04-16T19:40:09Z,1325T,Novak Novakovic,25,6,https://www.atptour.com/en/players/novak-novakovic/n0dh/overview
2026-04-16T19:40:09Z,1327,James Connel,23,6,https://www.atptour.com/en/players/james-connel/c0pc/overview
2026-04-16T19:40:09Z,1328,Remy Dugardin,23,6,https://www.atptour.com/en/players/remy-dugardin/d0or/overview
2026-04-16T19:40:09Z,1329,Gilbert Klier Junior,25,6,https://www.atptour.com/en/players/gilbert-klier-junior/k0cz/overview
2026-04-16T19:40:09Z,1330,Theo Herrmann,21,6,https://www.atptour.com/en/players/theo-herrmann/h0if/overview
2026-04-16T19:40:09Z,1331,Junhyeon Lee,23,6,https://www.atptour.com/en/players/junhyeon-lee/l0e5/overview
2026-04-16T19:40:09Z,1332,Rodolfo Jauregui Sainz de Rozas,32,6,https://www.atptour.com/en/players/rodolfo-jauregui-sainz-de-rozas/j417/overview
2026-04-16T19:40:09Z,1333,Arthur Bonnaud,29,6,https://www.atptour.com/en/players/arthur-bonnaud/b0ls/overview
2026-04-16T19:40:09Z,1334T,Mateo Castañeda,20,6,https://www.atptour.com/en/players/mateo-castañeda/c0lg/overview
2026-04-16T19:40:09Z,1334T,Jonas Kucera,19,6,https://www.atptour.com/en/players/jonas-kucera/k0k5/overview
2026-04-16T19:40:09Z,1334T,Glib Sekachov,19,6,https://www.atptour.com/en/players/glib-sekachov/s1c1/overview
2026-04-16T19:40:09Z,1337T,Lucca Liu,22,6,https://www.atptour.com/en/players/lucca-liu/l0m6/overview
2026-04-16T19:40:09Z,1337T,Gray Voelzke,23,6,https://www.atptour.com/en/players/gray-voelzke/v0gl/overview
2026-04-16T19:40:09Z,1339,Kabir Hans,24,6,https://www.atptour.com/en/players/kabir-hans/h0cp/overview
2026-04-16T19:40:09Z,1340,Pablo Trochu,22,6,https://www.atptour.com/en/players/pablo-trochu/t0hs/overview
2026-04-16T19:40:09Z,1341,Jan Klimas,19,6,https://www.atptour.com/en/players/jan-klimas/k0o5/overview
2026-04-16T19:40:09Z,1342,Sebastiano Cocola,19,6,https://www.atptour.com/en/players/sebastiano-cocola/c0s4/overview
2026-04-16T19:40:09Z,1343,Yan Cheng Chen,23,6,https://www.atptour.com/en/players/yan-cheng-chen/c0pw/overview
2026-04-16T19:40:09Z,1344,Dmitry Bessonov,20,6,https://www.atptour.com/en/players/dmitry-bessonov/b0x7/overview
2026-04-16T19:40:09Z,1345T,Filippo Alberti,22,6,https://www.atptour.com/en/players/filippo-alberti/a0lw/overview
2026-04-16T19:40:09Z,1345T,Noah Lopez Cherubino,19,6,https://www.atptour.com/en/players/noah-lopez-cherubino/l0ju/overview
2026-04-16T19:40:09Z,1347,Radovan Michalik,22,6,https://www.atptour.com/en/players/radovan-michalik/m0n2/overview
2026-04-16T19:40:09Z,1348,Tyler Stice,25,6,https://www.atptour.com/en/players/tyler-stice/s0ik/overview
2026-04-16T19:40:09Z,1349,Kacper Knitter,18,6,https://www.atptour.com/en/players/kacper-knitter/k0nu/overview
2026-04-16T19:40:09Z,1350T,Leonardo Cattaneo,20,6,https://www.atptour.com/en/players/leonardo-cattaneo/c0r1/overview
2026-04-16T19:40:09Z,1350T,Jan Kupcic,24,6,https://www.atptour.com/en/players/jan-kupcic/k0fw/overview
2026-04-16T19:40:09Z,1350T,Lucas Marionneau,19,6,https://www.atptour.com/en/players/lucas-marionneau/m0wz/overview
2026-04-16T19:40:09Z,1353,James Beaven,21,6,https://www.atptour.com/en/players/james-beaven/b0rd/overview
2026-04-16T19:40:09Z,1354,Fanming Meng,18,6,https://www.atptour.com/en/players/fanming-meng/m19y/overview
2026-04-16T19:40:09Z,1355T,Luke Hooper,20,6,https://www.atptour.com/en/players/luke-hooper/h0l8/overview
2026-04-16T19:40:09Z,1355T,Brandon Perez,26,6,https://www.atptour.com/en/players/brandon-perez/p0d4/overview
2026-04-16T19:40:09Z,1357T,Nicolas Robert,19,6,https://www.atptour.com/en/players/nicolas-robert/r0i9/overview
2026-04-16T19:40:09Z,1357T,Matas Vasiliauskas,24,6,https://www.atptour.com/en/players/matas-vasiliauskas/v0et/overview
2026-04-16T19:40:09Z,1359,Ioannis Kountourakis,23,6,https://www.atptour.com/en/players/ioannis-kountourakis/k0he/overview
2026-04-16T19:40:09Z,1360,Jeremy Schifris,24,6,https://www.atptour.com/en/players/jeremy-schifris/s0kh/overview
2026-04-16T19:40:09Z,1361T,Alexey Aleshchev,27,6,https://www.atptour.com/en/players/alexey-aleshchev/a0av/overview
2026-04-16T19:40:09Z,1361T,Yassine Smiej,26,6,https://www.atptour.com/en/players/yassine-smiej/s0jk/overview
2026-04-16T19:40:09Z,1363T,Elliot Benchetrit,27,5,https://www.atptour.com/en/players/elliot-benchetrit/bt68/overview
2026-04-16T19:40:09Z,1363T,Santiago Lora,18,5,https://www.atptour.com/en/players/santiago-lora/l0gx/overview
2026-04-16T19:40:09Z,1365T,James Hopper,24,5,https://www.atptour.com/en/players/james-hopper/h0f1/overview
2026-04-16T19:40:09Z,1365T,Jeremy Jin,21,5,https://www.atptour.com/en/players/jeremy-jin/j0d4/overview
2026-04-16T19:40:09Z,1365T,Jaden Weekes,21,5,https://www.atptour.com/en/players/jaden-weekes/w0dp/overview
2026-04-16T19:40:09Z,1368,Blake Mott,29,5,https://www.atptour.com/en/players/blake-mott/mm79/overview
2026-04-16T19:40:09Z,1369T,Luc Koenig,22,5,https://www.atptour.com/en/players/luc-koenig/k0ge/overview
2026-04-16T19:40:09Z,1369T,Thijmen Loof,23,5,https://www.atptour.com/en/players/thijmen-loof/l0fv/overview
2026-04-16T19:40:09Z,1371T,Edoardo cherie Ligniere,21,5,https://www.atptour.com/en/players/edoardo-cherie-ligniere/c0mt/overview
2026-04-16T19:40:09Z,1371T,Jeremy Zhang,20,5,https://www.atptour.com/en/players/jeremy-zhang/z0cn/overview
2026-04-16T19:40:09Z,1373T,Alexander Frusina,20,5,https://www.atptour.com/en/players/alexander-frusina/f0g5/overview
2026-04-16T19:40:09Z,1373T,Asahi Harazaki,21,5,https://www.atptour.com/en/players/asahi-harazaki/h0i9/overview
2026-04-16T19:40:09Z,1373T,Pawel Juszczak,32,5,https://www.atptour.com/en/players/pawel-juszczak/cf60/overview
2026-04-16T19:40:09Z,1376T,Stefan Latinovic,26,5,https://www.atptour.com/en/players/stefan-latinovic/l0c6/overview
2026-04-16T19:40:09Z,1376T,Saki Tange,22,5,https://www.atptour.com/en/players/saki-tange/t0ja/overview
2026-04-16T19:40:09Z,1378T,Georgi Georgiev,19,5,https://www.atptour.com/en/players/georgi-georgiev/g0of/overview
2026-04-16T19:40:09Z,1378T,Alessio Vasquez,22,5,https://www.atptour.com/en/players/alessio-vasquez/v0ev/overview
2026-04-16T19:40:09Z,1380T,Jaesung Choe,26,5,https://www.atptour.com/en/players/jaesung-choe/c0nl/overview
2026-04-16T19:40:09Z,1380T,Frazier Rengifo,27,5,https://www.atptour.com/en/players/frazier-rengifo/rh73/overview
2026-04-16T19:40:09Z,1382T,William Jansen,21,5,https://www.atptour.com/en/players/william-jansen/j0ct/overview
2026-04-16T19:40:09Z,1382T,Amir Milushev,20,5,https://www.atptour.com/en/players/amir-milushev/m0u1/overview
2026-04-16T19:40:09Z,1384T,Charlelie Cosnet,23,5,https://www.atptour.com/en/players/charlelie-cosnet/c0ll/overview
2026-04-16T19:40:09Z,1384T,Stefan Horia Haita,18,5,https://www.atptour.com/en/players/stefan-horia-haita/h0l4/overview
2026-04-16T19:40:09Z,1384T,Noah Lopez,24,5,https://www.atptour.com/en/players/noah-lopez/l0g1/overview
2026-04-16T19:40:09Z,1384T,Damien Salvestre,24,5,https://www.atptour.com/en/players/damien-salvestre/s0f4/overview
2026-04-16T19:40:09Z,1388,Ymerali Ibraimi,17,5,https://www.atptour.com/en/players/ymerali-ibraimi/i0cd/overview
2026-04-16T19:40:09Z,1389,Stefan Cooper,29,5,https://www.atptour.com/en/players/stefan-cooper/c0np/overview
2026-04-16T19:40:09Z,1390,Alexis Gurmendi,28,5,https://www.atptour.com/en/players/alexis-gurmendi/g0c4/overview
2026-04-16T19:40:09Z,1391,Laurence Teunissen,17,5,https://www.atptour.com/en/players/laurence-teunissen/t0l3/overview
2026-04-16T19:40:09Z,1392,Achilles Belkovics,22,5,https://www.atptour.com/en/players/achilles-belkovics/b0vq/overview
2026-04-16T19:40:09Z,1393T,Dillon Beckles,19,5,https://www.atptour.com/en/players/dillon-beckles/b0x2/overview
2026-04-16T19:40:09Z,1393T,Yuttana Charoenphon,25,5,https://www.atptour.com/en/players/yuttana-charoenphon/c0e6/overview
2026-04-16T19:40:09Z,1393T,Peetu Pohjola,25,5,https://www.atptour.com/en/players/peetu-pohjola/p0id/overview
2026-04-16T19:40:09Z,1396,Bill Chan,19,5,https://www.atptour.com/en/players/bill-chan/c0ry/overview
2026-04-16T19:40:09Z,1397T,Uladzimir Ignatik,35,5,https://www.atptour.com/en/players/uladzimir-ignatik/i236/overview
2026-04-16T19:40:09Z,1397T,Diego Jarry Fillol,23,5,https://www.atptour.com/en/players/diego-jarry-fillol/j0el/overview
2026-04-16T19:40:09Z,1397T,Siddharth Vishwakarma,31,5,https://www.atptour.com/en/players/siddharth-vishwakarma/va48/overview
2026-04-16T19:40:09Z,1400,Pierre Antoine Faut,18,5,https://www.atptour.com/en/players/pierre-antoine-faut/f0j3/overview
2026-04-16T19:40:09Z,1401T,Jarno Jans,25,5,https://www.atptour.com/en/players/jarno-jans/j0c2/overview
2026-04-16T19:40:09Z,1401T,Flynn Thomas,17,5,https://www.atptour.com/en/players/flynn-thomas/t0j4/overview
2026-04-16T19:40:09Z,1403,Hugo Maia,25,5,https://www.atptour.com/en/players/hugo-maia/m0cj/overview
2026-04-16T19:40:09Z,1404,Vardan Manukyan,21,5,https://www.atptour.com/en/players/vardan-manukyan/m0tn/overview
2026-04-16T19:40:09Z,1405,Alberto Bronzetti,27,5,https://www.atptour.com/en/players/alberto-bronzetti/b0g9/overview
2026-04-16T19:40:09Z,1406,Ioan Alexandru Chirita,23,5,https://www.atptour.com/en/players/ioan-alexandru-chirita/c0jr/overview
2026-04-16T19:40:09Z,1407,Mac Visser,21,5,https://www.atptour.com/en/players/mac-visser/v0j6/overview
2026-04-16T19:40:09Z,1408,Valentino Grippo,19,5,https://www.atptour.com/en/players/valentino-grippo/g0nc/overview
2026-04-16T19:40:09Z,1409T,Daniel Khazime,21,5,https://www.atptour.com/en/players/daniel-khazime/k0m7/overview
2026-04-16T19:40:09Z,1409T,Riku Takahata,24,5,https://www.atptour.com/en/players/riku-takahata/t0gs/overview
2026-04-16T19:40:09Z,1409T,Gabriele Volpi,30,5,https://www.atptour.com/en/players/gabriele-volpi/v0cx/overview
2026-04-16T19:40:09Z,1409T,Elias Julian Werner,22,5,https://www.atptour.com/en/players/elias-julian-werner/w0d9/overview
2026-04-16T19:40:09Z,1413T,Toprak Avcibasi,21,5,https://www.atptour.com/en/players/toprak-avcibasi/a0ip/overview
2026-04-16T19:40:09Z,1413T,Lorenzo Beraldo,19,5,https://www.atptour.com/en/players/lorenzo-beraldo/b0qk/overview
2026-04-16T19:40:09Z,1415,Arthur Bellegy,24,5,https://www.atptour.com/en/players/arthur-bellegy/b0vy/overview
2026-04-16T19:40:09Z,1416T,Vuk Radjenovic,20,5,https://www.atptour.com/en/players/vuk-radjenovic/r0io/overview
2026-04-16T19:40:09Z,1416T,Antonio Voljavec,20,5,https://www.atptour.com/en/players/antonio-voljavec/v0h8/overview
2026-04-16T19:40:09Z,1418,Victor Braga,21,5,https://www.atptour.com/en/players/victor-braga/b0na/overview
2026-04-16T19:40:09Z,1419,Richard Antoni,20,5,https://www.atptour.com/en/players/richard-antoni/a0nu/overview
2026-04-16T19:40:09Z,1420T,Fadi Bidan,20,5,https://www.atptour.com/en/players/fadi-bidan/b0u0/overview
2026-04-16T19:40:09Z,1420T,Hiromasa Koyama,18,5,https://www.atptour.com/en/players/hiromasa-koyama/k0ng/overview
2026-04-16T19:40:09Z,1420T,Joe Leather,24,5,https://www.atptour.com/en/players/joe-leather/l0kl/overview
2026-04-16T19:40:09Z,1420T,Pijus Vaitiekunas,23,5,https://www.atptour.com/en/players/pijus-vaitiekunas/v0fd/overview
2026-04-16T19:40:09Z,1424,Christopher Papa,24,5,https://www.atptour.com/en/players/christopher-papa/p0f0/overview
2026-04-16T19:40:09Z,1425,Alessandro Battiston,19,5,https://www.atptour.com/en/players/alessandro-battiston/b0tf/overview
2026-04-16T19:40:09Z,1426,Luka Talan Lopatic,18,5,https://www.atptour.com/en/players/luka-talan-lopatic/t0jm/overview
2026-04-16T19:40:09Z,1427T,Jack Bruce-Smith,24,5,https://www.atptour.com/en/players/jack-bruce-smith/b0v4/overview
2026-04-16T19:40:09Z,1427T,Gabriele Crivellaro,19,5,https://www.atptour.com/en/players/gabriele-crivellaro/c0n6/overview
2026-04-16T19:40:09Z,1429T,Alan Bojarski,22,5,https://www.atptour.com/en/players/alan-bojarski/b0jf/overview
2026-04-16T19:40:09Z,1429T,Andrin Casanova,21,5,https://www.atptour.com/en/players/andrin-casanova/c0kn/overview
2026-04-16T19:40:09Z,1429T,Matteo Fondriest,21,5,https://www.atptour.com/en/players/matteo-fondriest/f0gu/overview
2026-04-16T19:40:09Z,1432T,Aaron Funk,20,5,https://www.atptour.com/en/players/aaron-funk/f0hu/overview
2026-04-16T19:40:09Z,1432T,Ty Host,18,5,https://www.atptour.com/en/players/ty-host/h0li/overview
2026-04-16T19:40:09Z,1432T,Louis Van Herck,26,5,https://www.atptour.com/en/players/louis-van-herck/v0as/overview
2026-04-16T19:40:09Z,1435T,Michael Gloeckler,27,5,https://www.atptour.com/en/players/michael-gloeckler/g0ei/overview
2026-04-16T19:40:09Z,1435T,Jonathan Mridha,31,5,https://www.atptour.com/en/players/jonathan-mridha/mm78/overview
2026-04-16T19:40:09Z,1437T,Andrea Bacaloni,24,5,https://www.atptour.com/en/players/andrea-bacaloni/b0q9/overview
2026-04-16T19:40:09Z,1437T,Nikita Ianin,24,5,https://www.atptour.com/en/players/nikita-ianin/i0b1/overview
2026-04-16T19:40:09Z,1439,Roman Kharlamov,18,5,https://www.atptour.com/en/players/roman-kharlamov/k0ob/overview
2026-04-16T19:40:09Z,1440,Joao Graca,25,5,https://www.atptour.com/en/players/joao-graca/gk07/overview
2026-04-16T19:40:09Z,1441T,Guy Orly Iradukunda,30,4,https://www.atptour.com/en/players/guy-orly-iradukunda/i327/overview
2026-04-16T19:40:09Z,1441T,Aleksi Lofman,24,4,https://www.atptour.com/en/players/aleksi-lofman/l0dg/overview
2026-04-16T19:40:09Z,1441T,Muzammil Murtaza,26,4,https://www.atptour.com/en/players/muzammil-murtaza/m0fs/overview
2026-04-16T19:40:09Z,1441T,Amirkhamza Nasridinov,20,4,https://www.atptour.com/en/players/amirkhamza-nasridinov/n0fb/overview
2026-04-16T19:40:09Z,1441T,Kaito Uesugi,30,4,https://www.atptour.com/en/players/kaito-uesugi/u174/overview
2026-04-16T19:40:09Z,1441T,Theodore Winegar,24,4,https://www.atptour.com/en/players/theodore-winegar/w0er/overview
2026-04-16T19:40:09Z,1447,Davide Tortora,25,4,https://www.atptour.com/en/players/davide-tortora/t0cy/overview
2026-04-16T19:40:09Z,1448,Hugo Car,23,4,https://www.atptour.com/en/players/hugo-car/c0ri/overview
2026-04-16T19:40:09Z,1449,Daniel Cukierman,30,4,https://www.atptour.com/en/players/daniel-cukierman/cl82/overview
2026-04-16T19:40:09Z,1450T,Hugo Coquelin,20,4,https://www.atptour.com/en/players/hugo-coquelin/c0rc/overview
2026-04-16T19:40:09Z,1450T,Sebastian Eriksson,20,4,https://www.atptour.com/en/players/sebastian-eriksson/e0ci/overview
2026-04-16T19:40:09Z,1450T,Azuma Visaya,22,4,https://www.atptour.com/en/players/azuma-visaya/v0fk/overview
2026-04-16T19:40:09Z,1453T,Corey Craig,22,4,https://www.atptour.com/en/players/corey-craig/c0r0/overview
2026-04-16T19:40:09Z,1453T,Guillermo Tunas,25,4,https://www.atptour.com/en/players/guillermo-tunas/d0m9/overview
2026-04-16T19:40:09Z,1455,Maxime Cressy,28,4,https://www.atptour.com/en/players/maxime-cressy/c0bc/overview
2026-04-16T19:40:09Z,1456T,Cesar Cruz,19,4,https://www.atptour.com/en/players/cesar-cruz/c0nu/overview
2026-04-16T19:40:09Z,1456T,Bryce Nakashima,22,4,https://www.atptour.com/en/players/bryce-nakashima/n0dr/overview
2026-04-16T19:40:09Z,1458T,Paul Barbier Gazeu,20,4,https://www.atptour.com/en/players/paul-barbier-gazeu/b0py/overview
2026-04-16T19:40:09Z,1458T,Sho Katayama,36,4,https://www.atptour.com/en/players/sho-katayama/k907/overview
2026-04-16T19:40:09Z,1458T,Timo Legout,24,4,https://www.atptour.com/en/players/timo-legout/l0er/overview
2026-04-16T19:40:09Z,1461T,Stepan Baum,22,4,https://www.atptour.com/en/players/stepan-baum/b0mf/overview
2026-04-16T19:40:09Z,1461T,Kiranpal Pannu,29,4,https://www.atptour.com/en/players/kiranpal-pannu/p0ed/overview
2026-04-16T19:40:09Z,1463,Moritz Kudernatsch,20,4,https://www.atptour.com/en/players/moritz-kudernatsch/k0iv/overview
2026-04-16T19:40:09Z,1464T,Walid Ahouda,22,4,https://www.atptour.com/en/players/walid-ahouda/a0ey/overview
2026-04-16T19:40:09Z,1464T,Anton Chekhov,33,4,https://www.atptour.com/en/players/anton-chekhov/cc79/overview
2026-04-16T19:40:09Z,1464T,Congsup Congcar,29,4,https://www.atptour.com/en/players/congsup-congcar/cm88/overview
2026-04-16T19:40:09Z,1467,Vasco Leote Prata,22,4,https://www.atptour.com/en/players/vasco-leote-prata/l0fz/overview
2026-04-16T19:40:09Z,1468T,Dax Donders,25,4,https://www.atptour.com/en/players/dax-donders/d0c2/overview
2026-04-16T19:40:09Z,1468T,Alberto Lim,26,4,https://www.atptour.com/en/players/alberto-lim/l0a0/overview
2026-04-16T19:40:09Z,1470T,Nick Chappell,33,4,https://www.atptour.com/en/players/nick-chappell/cf10/overview
2026-04-16T19:40:09Z,1470T,Pranav Kumar,26,4,https://www.atptour.com/en/players/pranav-kumar/k0js/overview
2026-04-16T19:40:09Z,1470T,Oscar Moraing,26,4,https://www.atptour.com/en/players/oscar-moraing/m0es/overview
2026-04-16T19:40:09Z,1470T,Nicola Rispoli,28,4,https://www.atptour.com/en/players/nicola-rispoli/r0b3/overview
2026-04-16T19:40:09Z,1470T,Konstantin Zhzhenov,21,4,https://www.atptour.com/en/players/konstantin-zhzhenov/z0bu/overview
2026-04-16T19:40:09Z,1475T,Romain Gales,21,4,https://www.atptour.com/en/players/romain-gales/g0gf/overview
2026-04-16T19:40:09Z,1475T,Karlo Kajin,26,4,https://www.atptour.com/en/players/karlo-kajin/k0dd/overview
2026-04-16T19:40:09Z,1475T,Toshiki Karigyo,24,4,https://www.atptour.com/en/players/toshiki-karigyo/k0oq/overview
2026-04-16T19:40:09Z,1475T,Davide Pontoglio,33,4,https://www.atptour.com/en/players/davide-pontoglio/ph02/overview
2026-04-16T19:40:09Z,1475T,Kai-I Wang,21,4,https://www.atptour.com/en/players/kai-i-wang/w0ey/overview
2026-04-16T19:40:09Z,1480,Gustavo Albieri,18,4,https://www.atptour.com/en/players/gustavo-albieri/a0nj/overview
2026-04-16T19:40:09Z,1481,Ko Suzuki,34,4,https://www.atptour.com/en/players/ko-suzuki/sj67/overview
2026-04-16T19:40:09Z,1482T,Nemanja Malesevic,24,4,https://www.atptour.com/en/players/nemanja-malesevic/m0de/overview
2026-04-16T19:40:09Z,1482T,Jirat Navasirisomboon,29,4,https://www.atptour.com/en/players/jirat-navasirisomboon/n831/overview
2026-04-16T19:40:09Z,1482T,Dian Nedev,25,4,https://www.atptour.com/en/players/dian-nedev/n0c9/overview
2026-04-16T19:40:09Z,1482T,Aleksander Orlikowski,22,4,https://www.atptour.com/en/players/aleksander-orlikowski/o0c8/overview
2026-04-16T19:40:09Z,1486T,Shu Muto,20,4,https://www.atptour.com/en/players/shu-muto/m0wd/overview
2026-04-16T19:40:09Z,1486T,Zane Stevens,19,4,https://www.atptour.com/en/players/zane-stevens/s19y/overview
2026-04-16T19:40:09Z,1486T,Lingxi Zhao,26,4,https://www.atptour.com/en/players/lingxi-zhao/z0a2/overview
2026-04-16T19:40:09Z,1489T,Martyn Pawelski,21,4,https://www.atptour.com/en/players/martyn-pawelski/p0ig/overview
2026-04-16T19:40:09Z,1489T,Sergey Petrov,21,4,https://www.atptour.com/en/players/sergey-petrov/p0pc/overview
2026-04-16T19:40:09Z,1491T,Raghav Jaisinghani,28,4,https://www.atptour.com/en/players/raghav-jaisinghani/j0af/overview
2026-04-16T19:40:09Z,1491T,Benjamin Torres,22,4,https://www.atptour.com/en/players/benjamin-torres/t0fn/overview
2026-04-16T19:40:09Z,1493,Nicolas Esteban Rico Arias,25,4,https://www.atptour.com/en/players/nicolas-esteban-rico-arias/r0er/overview
2026-04-16T19:40:09Z,1494T,Thomas Gerbaud,21,4,https://www.atptour.com/en/players/thomas-gerbaud/g0nu/overview
2026-04-16T19:40:09Z,1494T,Richard Zusman,25,4,https://www.atptour.com/en/players/richard-zusman/z0b7/overview
2026-04-16T19:40:09Z,1496,Gabor Hornung,20,4,https://www.atptour.com/en/players/gabor-hornung/h0i8/overview
2026-04-16T19:40:09Z,1497T,Manvydas Balciunas,20,4,https://www.atptour.com/en/players/manvydas-balciunas/b0w4/overview
2026-04-16T19:40:09Z,1497T,Matei Florin Breazu,18,4,https://www.atptour.com/en/players/matei-florin-breazu/b0tt/overview
2026-04-16T19:40:09Z,1497T,Oskari Eerola,24,4,https://www.atptour.com/en/players/oskari-eerola/e0d6/overview
2026-04-16T19:40:09Z,1497T,Andrea Paolini,23,4,https://www.atptour.com/en/players/andrea-paolini/p0l6/overview
2026-04-16T19:40:09Z,1497T,Naoki Tajima,25,4,https://www.atptour.com/en/players/naoki-tajima/t0b4/overview
2026-04-16T19:40:09Z,1502T,Rafael Giotis,25,4,https://www.atptour.com/en/players/rafael-giotis/g0f9/overview
2026-04-16T19:40:09Z,1502T,Valentin Guadagno,19,4,https://www.atptour.com/en/players/valentin-guadagno/g0ot/overview
2026-04-16T19:40:09Z,1504T,Udit Kamboj,24,4,https://www.atptour.com/en/players/udit-kamboj/k0mv/overview
2026-04-16T19:40:09Z,1504T,Aryan Lakshmanan,20,4,https://www.atptour.com/en/players/aryan-lakshmanan/l0js/overview
2026-04-16T19:40:09Z,1506T,Bautista De La Pena,16,4,https://www.atptour.com/en/players/bautista-de-la-pena/d0m3/overview
2026-04-16T19:40:09Z,1506T,Vito Dell'Elba,27,4,https://www.atptour.com/en/players/vito-dell'elba/d0b1/overview
2026-04-16T19:40:09Z,1506T,Amine Jamji,19,4,https://www.atptour.com/en/players/amine-jamji/j0dm/overview
2026-04-16T19:40:09Z,1506T,Sebastian Grundtvig Jorgensen,25,4,https://www.atptour.com/en/players/sebastian-grundtvig-jorgensen/j0f8/overview
2026-04-16T19:40:09Z,1506T,David Naharro,22,4,https://www.atptour.com/en/players/david-naharro/n0ek/overview
2026-04-16T19:40:09Z,1511T,Hitesh Chauhan,18,4,https://www.atptour.com/en/players/hitesh-chauhan/c0qm/overview
2026-04-16T19:40:09Z,1511T,Kylian Collignon,20,4,https://www.atptour.com/en/players/kylian-collignon/c0pl/overview
2026-04-16T19:40:09Z,1511T,Kevin Edengren,20,4,https://www.atptour.com/en/players/kevin-edengren/e0d4/overview
2026-04-16T19:40:09Z,1511T,Mathys Picard,18,4,https://www.atptour.com/en/players/mathys-picard/p0qh/overview
2026-04-16T19:40:09Z,1511T,Lasse Poertner,20,4,https://www.atptour.com/en/players/lasse-poertner/p0ks/overview
2026-04-16T19:40:09Z,1511T,Kosuke Shibano,29,4,https://www.atptour.com/en/players/kosuke-shibano/s0i1/overview
2026-04-16T19:40:09Z,1517,Mariano Tammaro,22,4,https://www.atptour.com/en/players/mariano-tammaro/t0g2/overview
2026-04-16T19:40:09Z,1518,Weiwen Pan,20,4,https://www.atptour.com/en/players/weiwen-pan/p0os/overview
2026-04-16T19:40:09Z,1519T,Vlad Cristian Breazu,22,4,https://www.atptour.com/en/players/vlad-cristian-breazu/b0p7/overview
2026-04-16T19:40:09Z,1519T,Silvio Mencaglia,21,4,https://www.atptour.com/en/players/silvio-mencaglia/m0y6/overview
2026-04-16T19:40:09Z,1519T,Sergio Planella Hernandez,19,4,https://www.atptour.com/en/players/sergio-planella-hernandez/p0ou/overview
2026-04-16T19:40:09Z,1519T,Alexander Zgirovsky,24,4,https://www.atptour.com/en/players/alexander-zgirovsky/z09b/overview
2026-04-16T19:40:09Z,1523T,Pepijn Bastiaansen,20,4,https://www.atptour.com/en/players/pepijn-bastiaansen/b0tk/overview
2026-04-16T19:40:09Z,1523T,Alessandro Coccioli,23,4,https://www.atptour.com/en/players/alessandro-coccioli/c0l9/overview
2026-04-16T19:40:09Z,1523T,Nico Hipfl,20,4,https://www.atptour.com/en/players/nico-hipfl/h0i7/overview
2026-04-16T19:40:09Z,1523T,Nik Mikovic,21,4,https://www.atptour.com/en/players/nik-mikovic/m0s4/overview
2026-04-16T19:40:09Z,1523T,Oren Vasser,26,4,https://www.atptour.com/en/players/oren-vasser/v0gg/overview
2026-04-16T19:40:09Z,1528,Xavi Palomar,18,4,https://www.atptour.com/en/players/xavi-palomar/p0q2/overview
2026-04-16T19:40:09Z,1529,Arjun Mehrotra,29,4,https://www.atptour.com/en/players/arjun-mehrotra/m0ce/overview
2026-04-16T19:40:09Z,1530,Fumin Jiang,18,4,https://www.atptour.com/en/players/fumin-jiang/j0fn/overview
2026-04-16T19:40:09Z,1531,Stijn Pel,23,4,https://www.atptour.com/en/players/stijn-pel/p0gf/overview
2026-04-16T19:40:09Z,1532,Mihai Alexandru Coman,21,4,https://www.atptour.com/en/players/mihai-alexandru-coman/c0ke/overview
2026-04-16T19:40:09Z,1533,Daniel Verbeek,21,4,https://www.atptour.com/en/players/daniel-verbeek/v0gk/overview
2026-04-16T19:40:09Z,1534T,Daniel Batista,27,4,https://www.atptour.com/en/players/daniel-batista/b0bj/overview
2026-04-16T19:40:09Z,1534T,Manel Lazaro Juncadella,20,4,https://www.atptour.com/en/players/manel-lazaro-juncadella/l0kr/overview
2026-04-16T19:40:09Z,1536,Tadeo Meneo,20,4,https://www.atptour.com/en/players/tadeo-meneo/m0vx/overview
2026-04-16T19:40:09Z,1537T,Loren Thomas Byers,24,3,https://www.atptour.com/en/players/loren-thomas-byers/b0q1/overview
2026-04-16T19:40:09Z,1537T,Manuel Guinard,30,3,https://www.atptour.com/en/players/manuel-guinard/gh33/overview
2026-04-16T19:40:09Z,1537T,Samir Iftikhar,34,3,https://www.atptour.com/en/players/samir-iftikhar/i308/overview
2026-04-16T19:40:09Z,1537T,Yousaf Khalil,27,3,https://www.atptour.com/en/players/yousaf-khalil/k0d6/overview
2026-04-16T19:40:09Z,1537T,Siphosothando Montsi,26,3,https://www.atptour.com/en/players/siphosothando-montsi/m0cy/overview
2026-04-16T19:40:09Z,1537T,Patrik Niklas-Salminen,29,3,https://www.atptour.com/en/players/patrik-niklas-salminen/n754/overview
2026-04-16T19:40:09Z,1537T,Reese Stalder,29,3,https://www.atptour.com/en/players/reese-stalder/sy72/overview
2026-04-16T19:40:09Z,1537T,Patrik Trhac,27,3,https://www.atptour.com/en/players/patrik-trhac/t0j0/overview
2026-04-16T19:40:09Z,1545T,Luciano Carraro,27,3,https://www.atptour.com/en/players/luciano-carraro/c0c5/overview
2026-04-16T19:40:09Z,1545T,Steven Diez,35,3,https://www.atptour.com/en/players/steven-diez/d916/overview
2026-04-16T19:40:09Z,1545T,Kelly Giese,21,3,https://www.atptour.com/en/players/kelly-giese/g0kx/overview
2026-04-16T19:40:09Z,1545T,Tom Hands,29,3,https://www.atptour.com/en/players/tom-hands/h0d8/overview
2026-04-16T19:40:09Z,1545T,Adit Sinha,22,3,https://www.atptour.com/en/players/adit-sinha/s0rd/overview
2026-04-16T19:40:09Z,1550T,Justin Barki,25,3,https://www.atptour.com/en/players/justin-barki/b0c7/overview
2026-04-16T19:40:09Z,1550T,Samuel Brosset,28,3,https://www.atptour.com/en/players/samuel-brosset/b0dq/overview
2026-04-16T19:40:09Z,1550T,Matisse Farzam,19,3,https://www.atptour.com/en/players/matisse-farzam/f0ig/overview
2026-04-16T19:40:09Z,1550T,Will Mayew,21,3,https://www.atptour.com/en/players/will-mayew/m0uo/overview
2026-04-16T19:40:09Z,1550T,Dominick Mosejczuk,19,3,https://www.atptour.com/en/players/dominick-mosejczuk/m0x2/overview
2026-04-16T19:40:09Z,1550T,Oliver Ojakaar,21,3,https://www.atptour.com/en/players/oliver-ojakaar/o0ci/overview
2026-04-16T19:40:09Z,1550T,Daniel Phillips,21,3,https://www.atptour.com/en/players/daniel-phillips/p0pv/overview
2026-04-16T19:40:09Z,1550T,Harrison Satara,18,3,https://www.atptour.com/en/players/harrison-satara/s1g9/overview
2026-04-16T19:40:09Z,1550T,Alexey Zakharov,25,3,https://www.atptour.com/en/players/alexey-zakharov/z0ab/overview
2026-04-16T19:40:09Z,1559T,Damien Clerc,18,3,https://www.atptour.com/en/players/damien-clerc/c0tl/overview
2026-04-16T19:40:09Z,1559T,Thai-Son Kwiatkowski,31,3,https://www.atptour.com/en/players/thai-son-kwiatkowski/kd35/overview
2026-04-16T19:40:09Z,1561T,Wissam Abderrahman,22,3,https://www.atptour.com/en/players/wissam-abderrahman/a0gq/overview
2026-04-16T19:40:09Z,1561T,Fantino Alberca De Las Casas,21,3,https://www.atptour.com/en/players/fantino-alberca-de-las-casas/a0os/overview
2026-04-16T19:40:09Z,1561T,Weiyi Kong,17,3,https://www.atptour.com/en/players/weiyi-kong/k0nh/overview
2026-04-16T19:40:09Z,1561T,Alexander Razeghi,19,3,https://www.atptour.com/en/players/alexander-razeghi/r0ku/overview
2026-04-16T19:40:09Z,1561T,Hudson Rivera,21,3,https://www.atptour.com/en/players/hudson-rivera/r0fq/overview
2026-04-16T19:40:09Z,1561T,Isac Stroemberg,23,3,https://www.atptour.com/en/players/isac-stroemberg/s0v1/overview
2026-04-16T19:40:09Z,1567T,Oscar Brown,23,3,https://www.atptour.com/en/players/oscar-brown/b0zk/overview
2026-04-16T19:40:09Z,1567T,Antonin Witz,17,3,https://www.atptour.com/en/players/antonin-witz/w0fu/overview
2026-04-16T19:40:09Z,1569T,Siwanat Auytayakul,21,3,https://www.atptour.com/en/players/siwanat-auytayakul/a0l1/overview
2026-04-16T19:40:09Z,1569T,John Bothma,18,3,https://www.atptour.com/en/players/john-bothma/b0vz/overview
2026-04-16T19:40:09Z,1569T,Ye Chen,19,3,https://www.atptour.com/en/players/ye-chen/c0tq/overview
2026-04-16T19:40:09Z,1569T,Teodor Davidov,15,3,https://www.atptour.com/en/players/teodor-davidov/d0o2/overview
2026-04-16T19:40:09Z,1569T,Julien De Cuyper,26,3,https://www.atptour.com/en/players/julien-de-cuyper/d0cq/overview
2026-04-16T19:40:09Z,1569T,Mathys Domenc,16,3,https://www.atptour.com/en/players/mathys-domenc/d0lz/overview
2026-04-16T19:40:09Z,1569T,Alejo Lorenzo Lingua Lavallen,25,3,https://www.atptour.com/en/players/alejo-lorenzo-lingua-lavallen/l0dm/overview
2026-04-16T19:40:09Z,1569T,William Mirarchi,19,3,https://www.atptour.com/en/players/william-mirarchi/m0r9/overview
2026-04-16T19:40:09Z,1569T,Maciej Rajski,34,3,https://www.atptour.com/en/players/maciej-rajski/ra43/overview
2026-04-16T19:40:09Z,1569T,Vincent Jakob Reisach,17,3,https://www.atptour.com/en/players/vincent-jakob-reisach/r0nm/overview
2026-04-16T19:40:09Z,1569T,Timofey Stepanov,22,3,https://www.atptour.com/en/players/timofey-stepanov/s0so/overview
2026-04-16T19:40:09Z,1569T,Nikolas Stoot,18,3,https://www.atptour.com/en/players/nikolas-stoot/s1dh/overview
2026-04-16T19:40:09Z,1569T,Felipe Virgili,21,3,https://www.atptour.com/en/players/felipe-virgili/v0hq/overview
2026-04-16T19:40:09Z,1582T,Nathan Cox,22,3,https://www.atptour.com/en/players/nathan-cox/c0t8/overview
2026-04-16T19:40:09Z,1582T,Ilyas Milad Fahim,20,3,https://www.atptour.com/en/players/ilyas-milad-fahim/f0ii/overview
2026-04-16T19:40:09Z,1582T,Yazid Lahjomri,20,3,https://www.atptour.com/en/players/yazid-lahjomri/l0i8/overview
2026-04-16T19:40:09Z,1582T,Clement Lemire,19,3,https://www.atptour.com/en/players/clement-lemire/l0l4/overview
2026-04-16T19:40:09Z,1586,Deney Wassermann,25,3,https://www.atptour.com/en/players/deney-wassermann/w0bd/overview
2026-04-16T19:40:09Z,1587T,Ryan Augusto Dos Santos,22,3,https://www.atptour.com/en/players/ryan-augusto-dos-santos/a0iq/overview
2026-04-16T19:40:09Z,1587T,Alex Kobelt,28,3,https://www.atptour.com/en/players/alex-kobelt/k0bg/overview
2026-04-16T19:40:09Z,1587T,Matthew Rankin,21,3,https://www.atptour.com/en/players/matthew-rankin/r0hx/overview
2026-04-16T19:40:09Z,1587T,Ainius Sabaliauskas,22,3,https://www.atptour.com/en/players/ainius-sabaliauskas/s0hz/overview
2026-04-16T19:40:09Z,1591T,Niccolo Baroni,22,3,https://www.atptour.com/en/players/niccolo-baroni/b0jl/overview
2026-04-16T19:40:09Z,1591T,Felipe Dreer,19,3,https://www.atptour.com/en/players/felipe-dreer/d0ng/overview
2026-04-16T19:40:09Z,1591T,Gasper Matijasic,18,3,https://www.atptour.com/en/players/gasper-matijasic/m0xx/overview
2026-04-16T19:40:09Z,1591T,Ren Nakamura,31,3,https://www.atptour.com/en/players/ren-nakamura/n786/overview
2026-04-16T19:40:09Z,1591T,Rihards Neimanis,21,3,https://www.atptour.com/en/players/rihards-neimanis/n0fs/overview
2026-04-16T19:40:09Z,1591T,Ilija Palavestra,18,3,https://www.atptour.com/en/players/ilija-palavestra/p0o5/overview
2026-04-16T19:40:09Z,1591T,Valentin Vanta,28,3,https://www.atptour.com/en/players/valentin-vanta/va67/overview
2026-04-16T19:40:09Z,1598T,Artem Bogomolov,19,3,https://www.atptour.com/en/players/artem-bogomolov/b0x3/overview
2026-04-16T19:40:09Z,1598T,Emirhan Bulut,19,3,https://www.atptour.com/en/players/emirhan-bulut/b0ww/overview
2026-04-16T19:40:09Z,1598T,Jake Dembo,18,3,https://www.atptour.com/en/players/jake-dembo/d0nq/overview
2026-04-16T19:40:09Z,1598T,Marco Furlanetto,25,3,https://www.atptour.com/en/players/marco-furlanetto/f0dd/overview
2026-04-16T19:40:09Z,1598T,Juan Ignacio Gallego,19,3,https://www.atptour.com/en/players/juan-ignacio-gallego/g0on/overview
2026-04-16T19:40:09Z,1598T,Nicolas Hollender,24,3,https://www.atptour.com/en/players/nicolas-hollender/h0gm/overview
2026-04-16T19:40:09Z,1604T,Peter Alam,23,3,https://www.atptour.com/en/players/peter-alam/a0l4/overview
2026-04-16T19:40:09Z,1604T,Alexis Canter,27,3,https://www.atptour.com/en/players/alexis-canter/cn64/overview
2026-04-16T19:40:09Z,1604T,Mahmoud Chetouane,17,3,https://www.atptour.com/en/players/mahmoud-chetouane/c0u6/overview
2026-04-16T19:40:09Z,1604T,Luca Fantini,25,3,https://www.atptour.com/en/players/luca-fantini/f0e4/overview
2026-04-16T19:40:09Z,1604T,Valentin Garay,19,3,https://www.atptour.com/en/players/valentin-garay/g0lf/overview
2026-04-16T19:40:09Z,1604T,Sean Hodkin,27,3,https://www.atptour.com/en/players/sean-hodkin/h0aa/overview
2026-04-16T19:40:09Z,1604T,Yunseok Jang,22,3,https://www.atptour.com/en/players/yunseok-jang/j0cw/overview
2026-04-16T19:40:09Z,1604T,Viktor Jovic,24,3,https://www.atptour.com/en/players/viktor-jovic/j0cm/overview
2026-04-16T19:40:09Z,1604T,Arnav Vijay Paparkar,18,3,https://www.atptour.com/en/players/arnav-vijay-paparkar/p0nh/overview
2026-04-16T19:40:09Z,1604T,Stevan Popovic,24,3,https://www.atptour.com/en/players/stevan-popovic/p0fz/overview
2026-04-16T19:40:09Z,1604T,Michalis Sakellaridis,25,3,https://www.atptour.com/en/players/michalis-sakellaridis/s0g3/overview
2026-04-16T19:40:09Z,1604T,Stefan Storch,24,3,https://www.atptour.com/en/players/stefan-storch/s0if/overview
2026-04-16T19:40:09Z,1616T,Alexandre Reco,26,3,https://www.atptour.com/en/players/alexandre-reco/r09t/overview
2026-04-16T19:40:09Z,1616T,Gabriele Vulpitta,20,3,https://www.atptour.com/en/players/gabriele-vulpitta/v0hm/overview
2026-04-16T19:40:09Z,1618T,Breno Braga,21,3,https://www.atptour.com/en/players/breno-braga/b0n9/overview
2026-04-16T19:40:09Z,1618T,Emanuel Ivanisevic,18,3,https://www.atptour.com/en/players/emanuel-ivanisevic/i0bv/overview
2026-04-16T19:40:09Z,1618T,Daniel Jovanovski,18,3,https://www.atptour.com/en/players/daniel-jovanovski/j0fy/overview
2026-04-16T19:40:09Z,1618T,Tilen Kovac,23,3,https://www.atptour.com/en/players/tilen-kovac/k0kl/overview
2026-04-16T19:40:09Z,1618T,Darius Florin Pop,21,3,https://www.atptour.com/en/players/darius-florin-pop/p0ly/overview
2026-04-16T19:40:09Z,1618T,Edoardo Zanada,25,3,https://www.atptour.com/en/players/edoardo-zanada/z0bh/overview
2026-04-16T19:40:09Z,1624T,Noah Brownrigg,19,3,https://www.atptour.com/en/players/noah-brownrigg/b0wt/overview
2026-04-16T19:40:09Z,1624T,Jonas Eriksson Ziverts,27,3,https://www.atptour.com/en/players/jonas-eriksson-ziverts/e09h/overview
2026-04-16T19:40:09Z,1624T,David Fix,21,3,https://www.atptour.com/en/players/david-fix/f0fh/overview
2026-04-16T19:40:09Z,1624T,Arthur Laborde,21,3,https://www.atptour.com/en/players/arthur-laborde/l0kj/overview
2026-04-16T19:40:09Z,1624T,Matteo Lavizzari,21,3,https://www.atptour.com/en/players/matteo-lavizzari/l0jc/overview
2026-04-16T19:40:09Z,1624T,Zekai Li,26,3,https://www.atptour.com/en/players/zekai-li/l0c4/overview
2026-04-16T19:40:09Z,1624T,Ashton Mcleod,18,3,https://www.atptour.com/en/players/ashton-mcleod/m0z0/overview
2026-04-16T19:40:09Z,1624T,Juan Pablo Paz,31,3,https://www.atptour.com/en/players/juan-pablo-paz/pg69/overview
2026-04-16T19:40:09Z,1624T,Aristarkh Safonov,23,3,https://www.atptour.com/en/players/aristarkh-safonov/s0rl/overview
2026-04-16T19:40:09Z,1624T,Benoit Torcq,20,3,https://www.atptour.com/en/players/benoit-torcq/t0jf/overview
2026-04-16T19:40:09Z,1634T,Patricio Alvarado,36,3,https://www.atptour.com/en/players/patricio-alvarado/a714/overview
2026-04-16T19:40:09Z,1634T,Andrei Kunitsyn,21,3,https://www.atptour.com/en/players/andrei-kunitsyn/k0ok/overview
2026-04-16T19:40:09Z,1634T,Zangar Nurlanuly,17,3,https://www.atptour.com/en/players/zangar-nurlanuly/n0gn/overview
2026-04-16T19:40:09Z,1637T,Juan Jose Bianchi,25,3,https://www.atptour.com/en/players/juan-jose-bianchi/b0vt/overview
2026-04-16T19:40:09Z,1637T,Volodymyr Gurenko,18,3,https://www.atptour.com/en/players/volodymyr-gurenko/g0ou/overview
2026-04-16T19:40:09Z,1637T,Carl Holder,19,3,https://www.atptour.com/en/players/carl-holder/h0iq/overview
2026-04-16T19:40:09Z,1637T,Chun-Chien Hou,20,3,https://www.atptour.com/en/players/chun-chien-hou/h0l7/overview
2026-04-16T19:40:09Z,1637T,Stephane Pierre-Jo Kamendje,19,3,https://www.atptour.com/en/players/stephane-pierre-jo-kamendje/k0lc/overview
2026-04-16T19:40:09Z,1637T,Andrea M'Chich,20,3,https://www.atptour.com/en/players/andrea-m'chich/m0ri/overview
2026-04-16T19:40:09Z,1637T,Mattia Nannelli,21,3,https://www.atptour.com/en/players/mattia-nannelli/n0g6/overview
2026-04-16T19:40:09Z,1637T,Gheorghe Claudiu Schinteie,24,3,https://www.atptour.com/en/players/gheorghe-claudiu-schinteie/s0se/overview
2026-04-16T19:40:09Z,1645T,Daniel Domingos,18,3,https://www.atptour.com/en/players/daniel-domingos/d0nc/overview
2026-04-16T19:40:09Z,1645T,Madhwin Kamath,24,3,https://www.atptour.com/en/players/madhwin-kamath/k0hm/overview
2026-04-16T19:40:09Z,1647T,Aleksa Pisaric,20,3,https://www.atptour.com/en/players/aleksa-pisaric/p0im/overview
2026-04-16T19:40:09Z,1647T,Bora Sengul,24,3,https://www.atptour.com/en/players/bora-sengul/s0fs/overview
2026-04-16T19:40:09Z,1647T,Darrshan Suresh,25,3,https://www.atptour.com/en/players/darrshan-suresh/s0gg/overview
2026-04-16T19:40:09Z,1650T,Gian Gruenig,26,3,https://www.atptour.com/en/players/gian-gruenig/g0im/overview
2026-04-16T19:40:09Z,1650T,Jonas Gundacker,23,3,https://www.atptour.com/en/players/jonas-gundacker/g0lr/overview
2026-04-16T19:40:09Z,1650T,Noah Karma,18,3,https://www.atptour.com/en/players/noah-karma/k0n9/overview
2026-04-16T19:40:09Z,1650T,Alvaro Peiro Serrano,22,3,https://www.atptour.com/en/players/alvaro-peiro-serrano/p0ld/overview
2026-04-16T19:40:09Z,1650T,Tom Sickenberger,19,3,https://www.atptour.com/en/players/tom-sickenberger/s0zh/overview
2026-04-16T19:40:09Z,1650T,Federico Valle,26,3,https://www.atptour.com/en/players/federico-valle/v0fm/overview
2026-04-16T19:40:09Z,1656T,Benjamin Gusic - Wan,18,3,https://www.atptour.com/en/players/benjamin-gusic---wan/g0nl/overview
2026-04-16T19:40:09Z,1656T,Drew Van Orderlain,31,3,https://www.atptour.com/en/players/drew-van-orderlain/v948/overview
2026-04-16T19:40:09Z,1658T,Tanguy Genier,28,3,https://www.atptour.com/en/players/tanguy-genier/g0en/overview
2026-04-16T19:40:09Z,1658T,Benjamin Hannestad,29,3,https://www.atptour.com/en/players/benjamin-hannestad/hh01/overview
2026-04-16T19:40:09Z,1658T,Haoyuan Huang,23,3,https://www.atptour.com/en/players/haoyuan-huang/h0e3/overview
2026-04-16T19:40:09Z,1658T,Dmitry Kopilevich,19,3,https://www.atptour.com/en/players/dmitry-kopilevich/s1ac/overview
2026-04-16T19:40:09Z,1658T,Zhengyu Sun,19,3,https://www.atptour.com/en/players/zhengyu-sun/s1aa/overview
2026-04-16T19:40:09Z,1663,Francesco Ferrari,28,3,https://www.atptour.com/en/players/francesco-ferrari/fb59/overview
2026-04-16T19:40:09Z,1664T,Ye Hongyu,21,3,https://www.atptour.com/en/players/ye-hongyu/h0jb/overview
2026-04-16T19:40:09Z,1664T,Alejandro Lopez Escribano,19,3,https://www.atptour.com/en/players/alejandro-lopez-escribano/l0gb/overview
2026-04-16T19:40:09Z,1666,Pierre Antoine Tailleu,22,3,https://www.atptour.com/en/players/pierre-antoine-tailleu/t0fo/overview
2026-04-16T19:40:09Z,1667,Zhenxiong Dong,27,3,https://www.atptour.com/en/players/zhenxiong-dong/d0c3/overview
2026-04-16T19:40:09Z,1668,Gokberk Saritas,22,3,https://www.atptour.com/en/players/gokberk-saritas/s0ny/overview
2026-04-16T19:40:09Z,1669,Lawrence Bataljin,29,3,https://www.atptour.com/en/players/lawrence-bataljin/bm09/overview
2026-04-16T19:40:09Z,1670T,Alfred Almasi,22,2,https://www.atptour.com/en/players/alfred-almasi/a0jk/overview
2026-04-16T19:40:09Z,1670T,David Bakonyi,19,2,https://www.atptour.com/en/players/david-bakonyi/b0ty/overview
2026-04-16T19:40:09Z,1670T,Casper Christensen,23,2,https://www.atptour.com/en/players/casper-christensen/c0t9/overview
2026-04-16T19:40:09Z,1670T,Valentino Conte,21,2,https://www.atptour.com/en/players/valentino-conte/c0qw/overview
2026-04-16T19:40:09Z,1670T,Connor Doig,18,2,https://www.atptour.com/en/players/connor-doig/d0nh/overview
2026-04-16T19:40:09Z,1670T,Jagger Leach,18,2,https://www.atptour.com/en/players/jagger-leach/l0mb/overview
2026-04-16T19:40:09Z,1670T,Ivan Liutarevich,30,2,https://www.atptour.com/en/players/ivan-liutarevich/lf40/overview
2026-04-16T19:40:09Z,1670T,Pablo Manzano Lapuerta,24,2,https://www.atptour.com/en/players/pablo-manzano-lapuerta/m0tk/overview
2026-04-16T19:40:09Z,1670T,Marko Milosavljevic,19,2,https://www.atptour.com/en/players/marko-milosavljevic/m0xd/overview
2026-04-16T19:40:09Z,1670T,Diego Munoz,20,2,https://www.atptour.com/en/players/diego-munoz/m19j/overview
2026-04-16T19:40:09Z,1670T,Ignacio Novo,25,2,https://www.atptour.com/en/players/ignacio-novo/n0bm/overview
2026-04-16T19:40:09Z,1670T,Bruno Pujol Navarro,24,2,https://www.atptour.com/en/players/bruno-pujol-navarro/p0cu/overview
2026-04-16T19:40:09Z,1670T,Cristian Rodriguez,35,2,https://www.atptour.com/en/players/cristian-rodriguez/r913/overview
2026-04-16T19:40:09Z,1670T,Oliver Andre Solis Encinas,17,2,https://www.atptour.com/en/players/oliver-andre-solis-encinas/s1fs/overview
2026-04-16T19:40:09Z,1670T,Seita Watanabe,25,2,https://www.atptour.com/en/players/seita-watanabe/w0aj/overview
2026-04-16T19:40:09Z,1670T,Milan Welte,24,2,https://www.atptour.com/en/players/milan-welte/w0an/overview
2026-04-16T19:40:09Z,1670T,Tomas Zurmendi,17,2,https://www.atptour.com/en/players/tomas-zurmendi/z0e8/overview
2026-04-16T19:40:09Z,1687T,Billy Blaydes,22,2,https://www.atptour.com/en/players/billy-blaydes/b0oi/overview
2026-04-16T19:40:09Z,1687T,Nikita Samuel Filin,19,2,https://www.atptour.com/en/players/nikita-samuel-filin/f0hz/overview
2026-04-16T19:40:09Z,1687T,Eudald Gonzalez,17,2,https://www.atptour.com/en/players/eudald-gonzalez/g0pf/overview
2026-04-16T19:40:09Z,1687T,Sergio Luis Hernandez Ramirez,26,2,https://www.atptour.com/en/players/sergio-luis-hernandez-ramirez/hh08/overview
2026-04-16T19:40:09Z,1687T,Saahith Jayaraman,20,2,https://www.atptour.com/en/players/saahith-jayaraman/j0eq/overview
2026-04-16T19:40:09Z,1687T,Markos Kalovelonis,31,2,https://www.atptour.com/en/players/markos-kalovelonis/kd48/overview
2026-04-16T19:40:09Z,1687T,Marcel Latak,17,2,https://www.atptour.com/en/players/marcel-latak/l0o6/overview
2026-04-16T19:40:09Z,1687T,Loan Lestir,20,2,https://www.atptour.com/en/players/loan-lestir/l0im/overview
2026-04-16T19:40:09Z,1687T,Mario Mansilla Diez,23,2,https://www.atptour.com/en/players/mario-mansilla-diez/m0ee/overview
2026-04-16T19:40:09Z,1687T,Neo Niedner,22,2,https://www.atptour.com/en/players/neo-niedner/n0da/overview
2026-04-16T19:40:09Z,1687T,Henrique Ortenblad Nogueira,23,2,https://www.atptour.com/en/players/henrique-ortenblad-nogueira/o0e9/overview
2026-04-16T19:40:09Z,1687T,Jack Satterfield,18,2,https://www.atptour.com/en/players/jack-satterfield/s1cn/overview
2026-04-16T19:40:09Z,1687T,Max Sheldon,22,2,https://www.atptour.com/en/players/max-sheldon/s0tj/overview
2026-04-16T19:40:09Z,1687T,Vito Tonejc,26,2,https://www.atptour.com/en/players/vito-tonejc/t0hm/overview
2026-04-16T19:40:09Z,1687T,Baltazar Wiger Nordas,22,2,https://www.atptour.com/en/players/baltazar-wiger-nordas/w0fl/overview
2026-04-16T19:40:09Z,1702T,Bastian Berenz,17,2,https://www.atptour.com/en/players/bastian-berenz/b0yx/overview
2026-04-16T19:40:09Z,1702T,Benjamin Chelía,17,2,https://www.atptour.com/en/players/benjamin-chelía/c0qv/overview
2026-04-16T19:40:09Z,1702T,Ignacio De Armas,17,2,https://www.atptour.com/en/players/ignacio-de-armas/d0p3/overview
2026-04-16T19:40:09Z,1702T,Diego Duran,21,2,https://www.atptour.com/en/players/diego-duran/d0fo/overview
2026-04-16T19:40:09Z,1702T,Petar Jovanovic,22,2,https://www.atptour.com/en/players/petar-jovanovic/j0cs/overview
2026-04-16T19:40:09Z,1702T,Vit Kalina,20,2,https://www.atptour.com/en/players/vit-kalina/k0lg/overview
2026-04-16T19:40:09Z,1702T,Min Ho Ko,18,2,https://www.atptour.com/en/players/min-ho-ko/k0q7/overview
2026-04-16T19:40:09Z,1702T,Oscar Lacides,21,2,https://www.atptour.com/en/players/oscar-lacides/l0je/overview
2026-04-16T19:40:09Z,1702T,Illya Marchenko,38,2,https://www.atptour.com/en/players/illya-marchenko/me89/overview
2026-04-16T19:40:09Z,1702T,Yaraslav Shyla,33,2,https://www.atptour.com/en/players/yaraslav-shyla/sk97/overview
2026-04-16T19:40:09Z,1702T,Leon Sloboda,17,2,https://www.atptour.com/en/players/leon-sloboda/s1ea/overview
2026-04-16T19:40:09Z,1702T,Benjamin Vitter,23,2,https://www.atptour.com/en/players/benjamin-vitter/v0h9/overview
2026-04-16T19:40:09Z,1702T,Nikita Volonski,24,2,https://www.atptour.com/en/players/nikita-volonski/v0d2/overview
2026-04-16T19:40:09Z,1702T,Anthony Wright,21,2,https://www.atptour.com/en/players/anthony-wright/w0ec/overview
2026-04-16T19:40:09Z,1716T,Kane Bonsach Ganley,21,2,https://www.atptour.com/en/players/kane-bonsach-ganley/b0rn/overview
2026-04-16T19:40:09Z,1716T,Antonio Caruso,26,2,https://www.atptour.com/en/players/antonio-caruso/c0hh/overview
2026-04-16T19:40:09Z,1716T,Ondrej Horak,23,2,https://www.atptour.com/en/players/ondrej-horak/h0ds/overview
2026-04-16T19:40:09Z,1716T,Emiliano Jorquera,22,2,https://www.atptour.com/en/players/emiliano-jorquera/j0cx/overview
2026-04-16T19:40:09Z,1716T,Hyu Kawanishi,17,2,https://www.atptour.com/en/players/hyu-kawanishi/k0ny/overview
2026-04-16T19:40:09Z,1716T,Hao Sheng Koay,27,2,https://www.atptour.com/en/players/hao-sheng-koay/ki34/overview
2026-04-16T19:40:09Z,1716T,Linus Lagerbohm,18,2,https://www.atptour.com/en/players/linus-lagerbohm/l0hy/overview
2026-04-16T19:40:09Z,1716T,Arvid Nordquist,27,2,https://www.atptour.com/en/players/arvid-nordquist/n0af/overview
2026-04-16T19:40:09Z,1716T,Santiago Pesino,19,2,https://www.atptour.com/en/players/santiago-pesino/p0py/overview
2026-04-16T19:40:09Z,1716T,Photos Photiades,22,2,https://www.atptour.com/en/players/photos-photiades/p0mh/overview
2026-04-16T19:40:09Z,1716T,Eli Stephenson,21,2,https://www.atptour.com/en/players/eli-stephenson/s0z2/overview
2026-04-16T19:40:09Z,1727T,Vladimir Bazilevskiy,20,2,https://www.atptour.com/en/players/vladimir-bazilevskiy/b0p5/overview
2026-04-16T19:40:09Z,1727T,Tito Chavez,18,2,https://www.atptour.com/en/players/tito-chavez/c0uu/overview
2026-04-16T19:40:09Z,1727T,Andres Delgadillo,19,2,https://www.atptour.com/en/players/andres-delgadillo/d0mf/overview
2026-04-16T19:40:09Z,1727T,Thomas Fancutt,31,2,https://www.atptour.com/en/players/thomas-fancutt/fa50/overview
2026-04-16T19:40:09Z,1727T,Francisco Tomas Geschwind,23,2,https://www.atptour.com/en/players/francisco-tomas-geschwind/g0kb/overview
2026-04-16T19:40:09Z,1727T,Tobia Grandinetti,22,2,https://www.atptour.com/en/players/tobia-grandinetti/g0kz/overview
2026-04-16T19:40:09Z,1727T,Federico Guarducci,22,2,https://www.atptour.com/en/players/federico-guarducci/g0nv/overview
2026-04-16T19:40:09Z,1727T,Yeong-Seok Jeong,26,2,https://www.atptour.com/en/players/yeong-seok-jeong/j09j/overview
2026-04-16T19:40:09Z,1727T,Botond Kisantal,20,2,https://www.atptour.com/en/players/botond-kisantal/k0i9/overview
2026-04-16T19:40:09Z,1727T,Noritaka Koizumi,22,2,https://www.atptour.com/en/players/noritaka-koizumi/k0mb/overview
2026-04-16T19:40:09Z,1727T,Bharath Nishok Kumaran,28,2,https://www.atptour.com/en/players/bharath-nishok-kumaran/k0bi/overview
2026-04-16T19:40:09Z,1727T,Espen Lagarde,24,2,https://www.atptour.com/en/players/espen-lagarde/l0fu/overview
2026-04-16T19:40:09Z,1727T,Lewie Lane,25,2,https://www.atptour.com/en/players/lewie-lane/l0by/overview
2026-04-16T19:40:09Z,1727T,Skander Mansouri,30,2,https://www.atptour.com/en/players/skander-mansouri/ml73/overview
2026-04-16T19:40:09Z,1727T,Petr Michnev,36,2,https://www.atptour.com/en/players/petr-michnev/mi33/overview
2026-04-16T19:40:09Z,1727T,Diogo Morais,21,2,https://www.atptour.com/en/players/diogo-morais/m0o7/overview
2026-04-16T19:40:09Z,1727T,Viacheslav Ovchinnikov,23,2,https://www.atptour.com/en/players/viacheslav-ovchinnikov/o0c9/overview
2026-04-16T19:40:09Z,1727T,Bengt Johan Reinhard,19,2,https://www.atptour.com/en/players/bengt-johan-reinhard/r0n4/overview
2026-04-16T19:40:09Z,1727T,Martins Rocens,26,2,https://www.atptour.com/en/players/martins-rocens/r0ct/overview
2026-04-16T19:40:09Z,1727T,Nicola Senn,21,2,https://www.atptour.com/en/players/nicola-senn/s1be/overview
2026-04-16T19:40:09Z,1727T,Mikal Statham,38,2,https://www.atptour.com/en/players/mikal-statham/sg78/overview
2026-04-16T19:40:09Z,1727T,Justas Trainauskas,24,2,https://www.atptour.com/en/players/justas-trainauskas/t0bn/overview
2026-04-16T19:40:09Z,1727T,Iker Urribarrens Ramirez,22,2,https://www.atptour.com/en/players/iker-urribarrens-ramirez/u09t/overview
2026-04-16T19:40:09Z,1727T,Christian Wedel,25,2,https://www.atptour.com/en/players/christian-wedel/w0fp/overview
2026-04-16T19:40:09Z,1751T,Lorenzo Berto,18,2,https://www.atptour.com/en/players/lorenzo-berto/b0wd/overview
2026-04-16T19:40:09Z,1751T,Ryusuke Horiuchi,27,2,https://www.atptour.com/en/players/ryusuke-horiuchi/h0bp/overview
2026-04-16T19:40:09Z,1751T,Alex Jones,27,2,https://www.atptour.com/en/players/alex-jones/j0b1/overview
2026-04-16T19:40:09Z,1751T,Benjamin Perez,16,2,https://www.atptour.com/en/players/benjamin-perez/p0pj/overview
2026-04-16T19:40:09Z,1755T,Daniel Aleksandar Amarandei,18,2,https://www.atptour.com/en/players/daniel-aleksandar-amarandei/a0oe/overview
2026-04-16T19:40:09Z,1755T,Sekou Bangoura,34,2,https://www.atptour.com/en/players/sekou-bangoura/bh02/overview
2026-04-16T19:40:09Z,1755T,Evan Burnett,20,2,https://www.atptour.com/en/players/evan-burnett/b0tl/overview
2026-04-16T19:40:09Z,1755T,Hugo Cardinaud,22,2,https://www.atptour.com/en/players/hugo-cardinaud/c0lh/overview
2026-04-16T19:40:09Z,1755T,Lenny Couturier,17,2,https://www.atptour.com/en/players/lenny-couturier/c0tm/overview
2026-04-16T19:40:09Z,1755T,Mariano Dedura-Palomero,20,2,https://www.atptour.com/en/players/mariano-dedura-palomero/d0ku/overview
2026-04-16T19:40:09Z,1755T,Nikola Djukic Valera,23,2,https://www.atptour.com/en/players/nikola-djukic-valera/d0m5/overview
2026-04-16T19:40:09Z,1755T,Hernando Jose Escurra Isnardi,28,2,https://www.atptour.com/en/players/hernando-jose-escurra-isnardi/e09u/overview
2026-04-16T19:40:09Z,1755T,Juan Carlos Fuentes Vasquez,20,2,https://www.atptour.com/en/players/juan-carlos-fuentes-vasquez/f0ik/overview
2026-04-16T19:40:09Z,1755T,Oskar Jansson,21,2,https://www.atptour.com/en/players/oskar-jansson/j0e3/overview
2026-04-16T19:40:09Z,1755T,Admir Kalender,25,2,https://www.atptour.com/en/players/admir-kalender/k0c5/overview
2026-04-16T19:40:09Z,1755T,Jakub Kroslak,22,2,https://www.atptour.com/en/players/jakub-kroslak/k0i2/overview
2026-04-16T19:40:09Z,1755T,Henry Lieberman,25,2,https://www.atptour.com/en/players/henry-lieberman/l0kg/overview
2026-04-16T19:40:09Z,1755T,Simone Massellani,18,2,https://www.atptour.com/en/players/simone-massellani/m1bv/overview
2026-04-16T19:40:09Z,1755T,Cing-Yang Meng,27,2,https://www.atptour.com/en/players/cing-yang-meng/mr77/overview
2026-04-16T19:40:09Z,1755T,Aleksandar Mihailovic,23,2,https://www.atptour.com/en/players/aleksandar-mihailovic/m0ng/overview
2026-04-16T19:40:09Z,1755T,Noah Schlagenhauf,23,2,https://www.atptour.com/en/players/noah-schlagenhauf/s0sn/overview
2026-04-16T19:40:09Z,1755T,Dmytro Shirokyi,19,2,https://www.atptour.com/en/players/dmytro-shirokyi/s1ak/overview
2026-04-16T19:40:09Z,1755T,Yu Tanaka,22,2,https://www.atptour.com/en/players/yu-tanaka/t0is/overview
2026-04-16T19:40:09Z,1755T,Kian Vakili,22,2,https://www.atptour.com/en/players/kian-vakili/v0g9/overview
2026-04-16T19:40:09Z,1755T,Ilias Zimmermann,25,2,https://www.atptour.com/en/players/ilias-zimmermann/z0bj/overview
2026-04-16T19:40:09Z,1776T,Jerrid Gaines Jr,16,2,https://www.atptour.com/en/players/jerrid-gaines-jr/g0ql/overview
2026-04-16T19:40:09Z,1776T,Mak Mikovic,19,2,https://www.atptour.com/en/players/mak-mikovic/m0u5/overview
2026-04-16T19:40:09Z,1778T,Leonardo Angeloni,21,2,https://www.atptour.com/en/players/leonardo-angeloni/a0l8/overview
2026-04-16T19:40:09Z,1778T,Bogdan Bobrov,28,2,https://www.atptour.com/en/players/bogdan-bobrov/bm05/overview
2026-04-16T19:40:09Z,1778T,Pedro Andre De Almeida Santos,21,2,https://www.atptour.com/en/players/pedro-andre-de-almeida-santos/d0kr/overview
2026-04-16T19:40:09Z,1778T,Ivan Dreycopp,22,2,https://www.atptour.com/en/players/ivan-dreycopp/d0ig/overview
2026-04-16T19:40:09Z,1778T,Hamza El Amine,22,2,https://www.atptour.com/en/players/hamza-el-amine/e0c5/overview
2026-04-16T19:40:09Z,1778T,Shanker Heisnam,19,2,https://www.atptour.com/en/players/shanker-heisnam/h0kn/overview
2026-04-16T19:40:09Z,1778T,Patrik Homola,22,2,https://www.atptour.com/en/players/patrik-homola/h0ie/overview
2026-04-16T19:40:09Z,1778T,Matt Kleiman,24,2,https://www.atptour.com/en/players/matt-kleiman/k0o6/overview
2026-04-16T19:40:09Z,1778T,Jules Leroux,20,2,https://www.atptour.com/en/players/jules-leroux/l0j2/overview
2026-04-16T19:40:09Z,1778T,Jun Hao Luo,18,2,https://www.atptour.com/en/players/jun-hao-luo/l0ni/overview
2026-04-16T19:40:09Z,1778T,Diego Ortiz Gamonsl,22,2,https://www.atptour.com/en/players/diego-ortiz-gamonsl/o0ce/overview
2026-04-16T19:40:09Z,1778T,Hugo Ouzilou,22,2,https://www.atptour.com/en/players/hugo-ouzilou/o0di/overview
2026-04-16T19:40:09Z,1778T,Minjong Park,24,2,https://www.atptour.com/en/players/minjong-park/m0fx/overview
2026-04-16T19:40:09Z,1778T,Julien Penzlin,23,2,https://www.atptour.com/en/players/julien-penzlin/p0i8/overview
2026-04-16T19:40:09Z,1778T,Stefan Ilie Bogdan Petre,17,2,https://www.atptour.com/en/players/stefan-ilie-bogdan-petre/p0qk/overview
2026-04-16T19:40:09Z,1778T,David Petrovic,21,2,https://www.atptour.com/en/players/david-petrovic/p0kk/overview
2026-04-16T19:40:09Z,1778T,Roman Postolka,27,2,https://www.atptour.com/en/players/roman-postolka/p0dh/overview
2026-04-16T19:40:09Z,1778T,Yua Taka,22,2,https://www.atptour.com/en/players/yua-taka/t0ix/overview
2026-04-16T19:40:09Z,1778T,Gunawan Trismuwantara,23,2,https://www.atptour.com/en/players/gunawan-trismuwantara/t0en/overview
2026-04-16T19:40:09Z,1778T,Jiri Vesely,32,2,https://www.atptour.com/en/players/jiri-vesely/v708/overview
2026-04-16T19:40:09Z,1798T,Mikel Martinez,25,2,https://www.atptour.com/en/players/mikel-martinez/m0nf/overview
2026-04-16T19:40:09Z,1798T,Javier Molino,24,2,https://www.atptour.com/en/players/javier-molino/m0gx/overview
2026-04-16T19:40:09Z,1798T,Matthew Segura,25,2,https://www.atptour.com/en/players/matthew-segura/s0im/overview
2026-04-16T19:40:09Z,1801T,Laurin Aerne,27,2,https://www.atptour.com/en/players/laurin-aerne/a0e0/overview
2026-04-16T19:40:09Z,1801T,Simone Agostini,29,2,https://www.atptour.com/en/players/simone-agostini/a0i0/overview
2026-04-16T19:40:09Z,1801T,Miles Clark,26,2,https://www.atptour.com/en/players/miles-clark/c0q5/overview
2026-04-16T19:40:09Z,1801T,Nav Dayal,18,2,https://www.atptour.com/en/players/nav-dayal/d0o8/overview
2026-04-16T19:40:09Z,1801T,Dmitry Dolzhenkov,21,2,https://www.atptour.com/en/players/dmitry-dolzhenkov/d0if/overview
2026-04-16T19:40:09Z,1801T,Ammar Elamin,23,2,https://www.atptour.com/en/players/ammar-elamin/e0ay/overview
2026-04-16T19:40:09Z,1801T,Filiberto Fumagalli,23,2,https://www.atptour.com/en/players/filiberto-fumagalli/f0f9/overview
2026-04-16T19:40:09Z,1801T,Giammarco Gandolfi,22,2,https://www.atptour.com/en/players/giammarco-gandolfi/g0k8/overview
2026-04-16T19:40:09Z,1801T,Gus Grumet,18,2,https://www.atptour.com/en/players/gus-grumet/g0oq/overview
2026-04-16T19:40:09Z,1801T,Nicola Ion,21,2,https://www.atptour.com/en/players/nicola-ion/i0bw/overview
2026-04-16T19:40:09Z,1801T,Yeonsu Jeong,18,2,https://www.atptour.com/en/players/yeonsu-jeong/j0e8/overview
2026-04-16T19:40:09Z,1801T,Daniel Lara Salmeron,24,2,https://www.atptour.com/en/players/daniel-lara-salmeron/l0ei/overview
2026-04-16T19:40:09Z,1801T,Justin Lenders,18,2,https://www.atptour.com/en/players/justin-lenders/l0no/overview
2026-04-16T19:40:09Z,1801T,William Nolan,22,2,https://www.atptour.com/en/players/william-nolan/n0d6/overview
2026-04-16T19:40:09Z,1801T,Alex Santino Nuñez Vera,18,2,https://www.atptour.com/en/players/alex-santino-nuñez-vera/n0ft/overview
2026-04-16T19:40:09Z,1801T,Kunanan Pantaratorn,17,2,https://www.atptour.com/en/players/kunanan-pantaratorn/p0p2/overview
2026-04-16T19:40:09Z,1801T,Yoshka Sborowsky,19,2,https://www.atptour.com/en/players/yoshka-sborowsky/s1c0/overview
2026-04-16T19:40:09Z,1801T,Ruslan Serazhetdinov,21,2,https://www.atptour.com/en/players/ruslan-serazhetdinov/s0yj/overview
2026-04-16T19:40:09Z,1801T,Luke Simkiss,27,2,https://www.atptour.com/en/players/luke-simkiss/s0ao/overview
2026-04-16T19:40:09Z,1801T,Marvin Bernardo Spiering,28,2,https://www.atptour.com/en/players/marvin-bernardo-spiering/s0ce/overview
2026-04-16T19:40:09Z,1801T,Esteban Talavera Cortes,21,2,https://www.atptour.com/en/players/esteban-talavera-cortes/t0k8/overview
2026-04-16T19:40:09Z,1801T,Bang Shuo Yin,27,2,https://www.atptour.com/en/players/bang-shuo-yin/y09l/overview
2026-04-16T19:40:09Z,1823T,Maikel De Boes,23,2,https://www.atptour.com/en/players/maikel-de-boes/d0hb/overview
2026-04-16T19:40:09Z,1823T,Sebastian Dominguez,23,2,https://www.atptour.com/en/players/sebastian-dominguez/d0fh/overview
2026-04-16T19:40:09Z,1823T,Shaoyun Liu,24,2,https://www.atptour.com/en/players/shaoyun-liu/l0k1/overview
2026-04-16T19:40:09Z,1826T,Sergey Betov,38,2,https://www.atptour.com/en/players/sergey-betov/bd82/overview
2026-04-16T19:40:09Z,1826T,Dakotah Bobo,23,2,https://www.atptour.com/en/players/dakotah-bobo/b0uz/overview
2026-04-16T19:40:09Z,1826T,Sven Corbinais,23,2,https://www.atptour.com/en/players/sven-corbinais/c0k4/overview
2026-04-16T19:40:09Z,1826T,Jesse De Jager,24,2,https://www.atptour.com/en/players/jesse-de-jager/d0ii/overview
2026-04-16T19:40:09Z,1826T,Alex Finkelstein,23,2,https://www.atptour.com/en/players/alex-finkelstein/f0ht/overview
2026-04-16T19:40:09Z,1826T,Jeffrey Fradkin,24,2,https://www.atptour.com/en/players/jeffrey-fradkin/f0ip/overview
2026-04-16T19:40:09Z,1826T,Makar Krivoshchekov,20,2,https://www.atptour.com/en/players/makar-krivoshchekov/k0j6/overview
2026-04-16T19:40:09Z,1826T,Tomas Jordi Leston,22,2,https://www.atptour.com/en/players/tomas-jordi-leston/l0nq/overview
2026-04-16T19:40:09Z,1826T,Ajay Malik,23,2,https://www.atptour.com/en/players/ajay-malik/m0ox/overview
2026-04-16T19:40:09Z,1826T,Drazen Petrovic,23,2,https://www.atptour.com/en/players/drazen-petrovic/p0ia/overview
2026-04-16T19:40:09Z,1826T,Noah Regas Luis,21,2,https://www.atptour.com/en/players/noah-regas-luis/r0hd/overview
2026-04-16T19:40:09Z,1826T,Matei Todoran,18,2,https://www.atptour.com/en/players/matei-todoran/t0hn/overview
2026-04-16T19:40:09Z,1826T,Ha Minh Duc Vu,22,2,https://www.atptour.com/en/players/ha-minh-duc-vu/v0dr/overview
2026-04-16T19:40:09Z,1826T,Caheer Warik,20,2,https://www.atptour.com/en/players/caheer-warik/w0f7/overview
2026-04-16T19:40:09Z,1826T,Jan Wygona,18,2,https://www.atptour.com/en/players/jan-wygona/w0fx/overview
2026-04-16T19:40:09Z,1826T,Linghao Zhang,23,2,https://www.atptour.com/en/players/linghao-zhang/z0c5/overview
2026-04-16T19:40:09Z,1842T,Pietro Pampanin,23,2,https://www.atptour.com/en/players/pietro-pampanin/p0hl/overview
2026-04-16T19:40:09Z,1842T,Dorian Tremblay,24,2,https://www.atptour.com/en/players/dorian-tremblay/t0el/overview
2026-04-16T19:40:09Z,1842T,Benjamin Willwerth,18,2,https://www.atptour.com/en/players/benjamin-willwerth/w0fh/overview
2026-04-16T19:40:09Z,1845T,Ian Luca Cervantes Tomas,22,2,https://www.atptour.com/en/players/ian-luca-cervantes-tomas/c0hn/overview
2026-04-16T19:40:09Z,1845T,Alvaro Jimenez,19,2,https://www.atptour.com/en/players/alvaro-jimenez/j0fa/overview
2026-04-16T19:40:09Z,1845T,Savva Rybkin,17,2,https://www.atptour.com/en/players/savva-rybkin/r0mi/overview
2026-04-16T19:40:09Z,1845T,Alan Raul Sau Franco,25,2,https://www.atptour.com/en/players/alan-raul-sau-franco/s0bb/overview
2026-04-16T19:40:09Z,1845T,Alessandro Spadola,23,2,https://www.atptour.com/en/players/alessandro-spadola/s0jy/overview
2026-04-16T19:40:09Z,1850T,Anas Bennour Dit Sahli,19,2,https://www.atptour.com/en/players/anas-bennour-dit-sahli/b0uy/overview
2026-04-16T19:40:09Z,1850T,Jiri Cizek,20,2,https://www.atptour.com/en/players/jiri-cizek/c0mv/overview
2026-04-16T19:40:09Z,1850T,Sasa Markovic,20,2,https://www.atptour.com/en/players/sasa-markovic/m0r8/overview
2026-04-16T19:40:09Z,1850T,Mateya Stanisavljevic,19,2,https://www.atptour.com/en/players/mateya-stanisavljevic/s1a6/overview
2026-04-16T19:40:09Z,1854T,Vesa Ahti,26,2,https://www.atptour.com/en/players/vesa-ahti/a0g9/overview
2026-04-16T19:40:09Z,1854T,Ivan Biletic,19,2,https://www.atptour.com/en/players/ivan-biletic/b0ss/overview
2026-04-16T19:40:09Z,1854T,Daniel Jade,17,2,https://www.atptour.com/en/players/daniel-jade/j0em/overview
2026-04-16T19:40:09Z,1854T,Kazuma Kawachi,31,2,https://www.atptour.com/en/players/kazuma-kawachi/ke85/overview
2026-04-16T19:40:09Z,1854T,Loic Namigandet Tenguere,27,2,https://www.atptour.com/en/players/loic-namigandet-tenguere/n0f3/overview
2026-04-16T19:40:09Z,1859,Alessandro Bellifemine,24,2,https://www.atptour.com/en/players/alessandro-bellifemine/b0m9/overview
2026-04-16T19:40:09Z,1860T,Parth Aggarwal,28,2,https://www.atptour.com/en/players/parth-aggarwal/ag64/overview
2026-04-16T19:40:09Z,1860T,Luca Parenti,22,2,https://www.atptour.com/en/players/luca-parenti/p0ik/overview
2026-04-16T19:40:09Z,1862T,Ignasi Forcano Aparicio,26,2,https://www.atptour.com/en/players/ignasi-forcano-aparicio/f0hr/overview
2026-04-16T19:40:09Z,1862T,Anthony Susanto,28,2,https://www.atptour.com/en/players/anthony-susanto/sy76/overview
2026-04-16T19:40:09Z,1862T,Sheng Tang,26,2,https://www.atptour.com/en/players/sheng-tang/t0a0/overview
2026-04-16T19:40:09Z,1865,Luis Garcia Paez,20,2,https://www.atptour.com/en/players/luis-garcia-paez/g0o2/overview
2026-04-16T19:40:09Z,1866T,Motoharu Abe,17,1,https://www.atptour.com/en/players/motoharu-abe/a0n5/overview
2026-04-16T19:40:09Z,1866T,Eric Ahren Moonga,30,1,https://www.atptour.com/en/players/eric-ahren-moonga/ae43/overview
2026-04-16T19:40:09Z,1866T,Artur Aiukhanov,20,1,https://www.atptour.com/en/players/artur-aiukhanov/a0n4/overview
2026-04-16T19:40:09Z,1866T,Juan-Samuel Arauzo-Martinez,35,1,https://www.atptour.com/en/players/juan-samuel-arauzo-martinez/a812/overview
2026-04-16T19:40:09Z,1866T,Nathan Anthony Barki,21,1,https://www.atptour.com/en/players/nathan-anthony-barki/b0qd/overview
2026-04-16T19:40:09Z,1866T,Juan Ignacio Barraza,25,1,https://www.atptour.com/en/players/juan-ignacio-barraza/b0zh/overview
2026-04-16T19:40:09Z,1866T,Jerry Barton,22,1,https://www.atptour.com/en/players/jerry-barton/b0ux/overview
2026-04-16T19:40:09Z,1866T,Alexis Berquier,18,1,https://www.atptour.com/en/players/alexis-berquier/b0ur/overview
2026-04-16T19:40:09Z,1866T,Juliusz Bienkiewicz,26,1,https://www.atptour.com/en/players/juliusz-bienkiewicz/b0i8/overview
2026-04-16T19:40:09Z,1866T,Tighe Brunetti,22,1,https://www.atptour.com/en/players/tighe-brunetti/b0yc/overview
2026-04-16T19:40:09Z,1866T,Vasilios Caripi,34,1,https://www.atptour.com/en/players/vasilios-caripi/ce80/overview
2026-04-16T19:40:09Z,1866T,Matthew Carroll,26,1,https://www.atptour.com/en/players/matthew-carroll/c0up/overview
2026-04-16T19:40:09Z,1866T,Hanamichi Carvajal,23,1,https://www.atptour.com/en/players/hanamichi-carvajal/c0jz/overview
2026-04-16T19:40:09Z,1866T,Marcos Castro Fabra,19,1,https://www.atptour.com/en/players/marcos-castro-fabra/c0q8/overview
2026-04-16T19:40:09Z,1866T,Elijah Cham,22,1,https://www.atptour.com/en/players/elijah-cham/c0rn/overview
2026-04-16T19:40:09Z,1866T,Sandesh Dattatray Kurale,23,1,https://www.atptour.com/en/players/sandesh-dattatray-kurale/d0kn/overview
2026-04-16T19:40:09Z,1866T,Malanqi Du,23,1,https://www.atptour.com/en/players/malanqi-du/d0ox/overview
2026-04-16T19:40:09Z,1866T,Tomas Dummer Macedo,17,1,https://www.atptour.com/en/players/tomas-dummer-macedo/d0oh/overview
2026-04-16T19:40:09Z,1866T,Birtan Duran,21,1,https://www.atptour.com/en/players/birtan-duran/d0kj/overview
2026-04-16T19:40:09Z,1866T,Gian Durrer,21,1,https://www.atptour.com/en/players/gian-durrer/d0pe/overview
2026-04-16T19:40:09Z,1866T,Karim El Feky,24,1,https://www.atptour.com/en/players/karim-el-feky/e0c7/overview
2026-04-16T19:40:09Z,1866T,Samyar Elyasi,21,1,https://www.atptour.com/en/players/samyar-elyasi/e0d3/overview
2026-04-16T19:40:09Z,1866T,Finlay Emslie-Robson,21,1,https://www.atptour.com/en/players/finlay-emslie-robson/e0f1/overview
2026-04-16T19:40:09Z,1866T,Roberto Ferrer Guimaraes,21,1,https://www.atptour.com/en/players/roberto-ferrer-guimaraes/f0gr/overview
2026-04-16T19:40:09Z,1866T,Xavier Ferrer Mateo,20,1,https://www.atptour.com/en/players/xavier-ferrer-mateo/f0ij/overview
2026-04-16T19:40:09Z,1866T,Oriol Font,20,1,https://www.atptour.com/en/players/oriol-font/f0fp/overview
2026-04-16T19:40:09Z,1866T,Kanta Fujisaki,19,1,https://www.atptour.com/en/players/kanta-fujisaki/f0kb/overview
2026-04-16T19:40:09Z,1866T,Rafael Augusto Garcia Finetto,18,1,https://www.atptour.com/en/players/rafael-augusto-garcia-finetto/g0qs/overview
2026-04-16T19:40:09Z,1866T,Pietro Gava,16,1,https://www.atptour.com/en/players/pietro-gava/g0qr/overview
2026-04-16T19:40:09Z,1866T,Christoph Gayk,20,1,https://www.atptour.com/en/players/christoph-gayk/g0mr/overview
2026-04-16T19:40:09Z,1866T,Daniil Golubev,24,1,https://www.atptour.com/en/players/daniil-golubev/g0bd/overview
2026-04-16T19:40:09Z,1866T,Maxim Groysman,23,1,https://www.atptour.com/en/players/maxim-groysman/g0pq/overview
2026-04-16T19:40:09Z,1866T,Kornel Halmos,20,1,https://www.atptour.com/en/players/kornel-halmos/h0k2/overview
2026-04-16T19:40:09Z,1866T,Zac Hamill,20,1,https://www.atptour.com/en/players/zac-hamill/h0lp/overview
2026-04-16T19:40:09Z,1866T,Bryan Hernandez Cortes,19,1,https://www.atptour.com/en/players/bryan-hernandez-cortes/h0la/overview
2026-04-16T19:40:09Z,1866T,David Jeanne-Grandinot,23,1,https://www.atptour.com/en/players/david-jeanne-grandinot/j0f5/overview
2026-04-16T19:40:09Z,1866T,Jarrod Joyce,19,1,https://www.atptour.com/en/players/jarrod-joyce/j0er/overview
2026-04-16T19:40:09Z,1866T,Hamza Karmoussi,32,1,https://www.atptour.com/en/players/hamza-karmoussi/ke25/overview
2026-04-16T19:40:09Z,1866T,Pranav Karthik,20,1,https://www.atptour.com/en/players/pranav-karthik/k0oa/overview
2026-04-16T19:40:09Z,1866T,Yusuf Khamis,26,1,https://www.atptour.com/en/players/yusuf-khamis/k0cv/overview
2026-04-16T19:40:09Z,1866T,Nicolas Kobelt,21,1,https://www.atptour.com/en/players/nicolas-kobelt/k0jb/overview
2026-04-16T19:40:09Z,1866T,Thomas Kostka,22,1,https://www.atptour.com/en/players/thomas-kostka/k0jr/overview
2026-04-16T19:40:09Z,1866T,Tomas Lanik,23,1,https://www.atptour.com/en/players/tomas-lanik/l0ga/overview
2026-04-16T19:40:09Z,1866T,Woong Bi Lee,21,1,https://www.atptour.com/en/players/woong-bi-lee/l0lu/overview
2026-04-16T19:40:09Z,1866T,Woong Chan Lee,17,1,https://www.atptour.com/en/players/woong-chan-lee/l0o4/overview
2026-04-16T19:40:09Z,1866T,Liangxuan Liu,15,1,https://www.atptour.com/en/players/liangxuan-liu/l0ot/overview
2026-04-16T19:40:09Z,1866T,Augusto Mateo Lucarelli,19,1,https://www.atptour.com/en/players/augusto-mateo-lucarelli/l0of/overview
2026-04-16T19:40:09Z,1866T,Cyrus Mahjoob,20,1,https://www.atptour.com/en/players/cyrus-mahjoob/m0ve/overview
2026-04-16T19:40:09Z,1866T,Noah Martens,24,1,https://www.atptour.com/en/players/noah-martens/m1a4/overview
2026-04-16T19:40:09Z,1866T,Kaspar Mathes,18,1,https://www.atptour.com/en/players/kaspar-mathes/m1ah/overview
2026-04-16T19:40:09Z,1866T,Joel Meda,31,1,https://www.atptour.com/en/players/joel-meda/mw25/overview
2026-04-16T19:40:09Z,1866T,Moein Moazam,23,1,https://www.atptour.com/en/players/moein-moazam/m0qj/overview
2026-04-16T19:40:09Z,1866T,Alejandro Moreno,23,1,https://www.atptour.com/en/players/alejandro-moreno/m0t6/overview
2026-04-16T19:40:09Z,1866T,Juan Francisco Munoz,18,1,https://www.atptour.com/en/players/juan-francisco-munoz/m0wj/overview
2026-04-16T19:40:09Z,1866T,Freddy Murray,22,1,https://www.atptour.com/en/players/freddy-murray/m0x8/overview
2026-04-16T19:40:09Z,1866T,Mason Naumovski,25,1,https://www.atptour.com/en/players/mason-naumovski/n0ag/overview
2026-04-16T19:40:09Z,1866T,Niklas Niggemann,23,1,https://www.atptour.com/en/players/niklas-niggemann/n0gp/overview
2026-04-16T19:40:09Z,1866T,Dingzheng Nima,22,1,https://www.atptour.com/en/players/dingzheng-nima/n0cc/overview
2026-04-16T19:40:09Z,1866T,Ricard Novell,21,1,https://www.atptour.com/en/players/ricard-novell/n0gm/overview
2026-04-16T19:40:09Z,1866T,Valdemar Frederik Pape,22,1,https://www.atptour.com/en/players/valdemar-frederik-pape/p0io/overview
2026-04-16T19:40:09Z,1866T,Matija Pecotic,36,1,https://www.atptour.com/en/players/matija-pecotic/ph42/overview
2026-04-16T19:40:09Z,1866T,Roberto Perez Socas,20,1,https://www.atptour.com/en/players/roberto-perez-socas/p0no/overview
2026-04-16T19:40:09Z,1866T,Peter Benjamin Privara,21,1,https://www.atptour.com/en/players/peter-benjamin-privara/p0gp/overview
2026-04-16T19:40:09Z,1866T,Felix Raser,16,1,https://www.atptour.com/en/players/felix-raser/r0o2/overview
2026-04-16T19:40:09Z,1866T,Henry Ren,22,1,https://www.atptour.com/en/players/henry-ren/r0ni/overview
2026-04-16T19:40:09Z,1866T,Tomas Rengel Sierra,29,1,https://www.atptour.com/en/players/tomas-rengel-sierra/rh76/overview
2026-04-16T19:40:09Z,1866T,Rodrigo Reyna,27,1,https://www.atptour.com/en/players/rodrigo-reyna/r0if/overview
2026-04-16T19:40:09Z,1866T,Carl Roothman,23,1,https://www.atptour.com/en/players/carl-roothman/r0es/overview
2026-04-16T19:40:09Z,1866T,Agassi Rusher,17,1,https://www.atptour.com/en/players/agassi-rusher/r0mr/overview
2026-04-16T19:40:09Z,1866T,Leevi Saatela,30,1,https://www.atptour.com/en/players/leevi-saatela/s0cv/overview
2026-04-16T19:40:09Z,1866T,Agustín Salazar Salazar,22,1,https://www.atptour.com/en/players/agustín-salazar-salazar/s1c5/overview
2026-04-16T19:40:09Z,1866T,Batyr Sapaev,34,1,https://www.atptour.com/en/players/batyr-sapaev/sp02/overview
2026-04-16T19:40:09Z,1866T,Djordje Sapic,16,1,https://www.atptour.com/en/players/djordje-sapic/s1ef/overview
2026-04-16T19:40:09Z,1866T,Mauricio Schtulmann Gasca,17,1,https://www.atptour.com/en/players/mauricio-schtulmann-gasca/s1cx/overview
2026-04-16T19:40:09Z,1866T,Jan Sebesta,23,1,https://www.atptour.com/en/players/jan-sebesta/s0r7/overview
2026-04-16T19:40:09Z,1866T,Jack Secord,17,1,https://www.atptour.com/en/players/jack-secord/s1cu/overview
2026-04-16T19:40:09Z,1866T,Rajat Shirur,18,1,https://www.atptour.com/en/players/rajat-shirur/s1fv/overview
2026-04-16T19:40:09Z,1866T,Maxime St-Hilaire,22,1,https://www.atptour.com/en/players/maxime-st-hilaire/s0zi/overview
2026-04-16T19:40:09Z,1866T,Harry Thursfield,25,1,https://www.atptour.com/en/players/harry-thursfield/t0cw/overview
2026-04-16T19:40:09Z,1866T,Maximilian Todorov,26,1,https://www.atptour.com/en/players/maximilian-todorov/t0de/overview
2026-04-16T19:40:09Z,1866T,Ryan Torres,22,1,https://www.atptour.com/en/players/ryan-torres/t0la/overview
2026-04-16T19:40:09Z,1866T,Vaal Urankar,20,1,https://www.atptour.com/en/players/vaal-urankar/u0ai/overview
2026-04-16T19:40:09Z,1866T,Andres Urquiola Montellano,22,1,https://www.atptour.com/en/players/andres-urquiola-montellano/u09z/overview
2026-04-16T19:40:09Z,1866T,Adria Velazquez Farre,16,1,https://www.atptour.com/en/players/adria-velazquez-farre/v0ki/overview
2026-04-16T19:40:09Z,1866T,Brandon Walkin,31,1,https://www.atptour.com/en/players/brandon-walkin/w738/overview
2026-04-16T19:40:09Z,1866T,Ids Waterbolk,25,1,https://www.atptour.com/en/players/ids-waterbolk/w0fd/overview
2026-04-16T19:40:09Z,1866T,Dawid Wisniewski,23,1,https://www.atptour.com/en/players/dawid-wisniewski/w0fr/overview
2026-04-16T19:40:09Z,1866T,Yusuke Yoshikawa,31,1,https://www.atptour.com/en/players/yusuke-yoshikawa/y276/overview
2026-04-16T19:40:09Z,1866T,William Zhang,17,1,https://www.atptour.com/en/players/william-zhang/z0e5/overview
2026-04-16T19:40:09Z,1866T,Shixun Zhu,19,1,https://www.atptour.com/en/players/shixun-zhu/z0e1/overview
2026-04-16T19:40:09Z,1956T,Sarp Agabigun,28,1,https://www.atptour.com/en/players/sarp-agabigun/ad04/overview
2026-04-16T19:40:09Z,1956T,Bader Alabdullah,24,1,https://www.atptour.com/en/players/bader-alabdullah/a0c4/overview
2026-04-16T19:40:09Z,1956T,Ramiro Amarilla,24,1,https://www.atptour.com/en/players/ramiro-amarilla/a0li/overview
2026-04-16T19:40:09Z,1956T,Joao Antonio,26,1,https://www.atptour.com/en/players/joao-antonio/af67/overview
2026-04-16T19:40:09Z,1956T,Romeo Arcuschin,18,1,https://www.atptour.com/en/players/romeo-arcuschin/a0k7/overview
2026-04-16T19:40:09Z,1956T,David Asenov,19,1,https://www.atptour.com/en/players/david-asenov/a0o3/overview
2026-04-16T19:40:09Z,1956T,Sergio Badini,21,1,https://www.atptour.com/en/players/sergio-badini/b0sl/overview
2026-04-16T19:40:09Z,1956T,Nicolas Baena,18,1,https://www.atptour.com/en/players/nicolas-baena/b0yb/overview
2026-04-16T19:40:09Z,1956T,Lorenzo Balducci,18,1,https://www.atptour.com/en/players/lorenzo-balducci/b0z4/overview
2026-04-16T19:40:09Z,1956T,Arian Barbic,17,1,https://www.atptour.com/en/players/arian-barbic/b0x0/overview
2026-04-16T19:40:09Z,1956T,Victor Barrere,24,1,https://www.atptour.com/en/players/victor-barrere/b0re/overview
2026-04-16T19:40:09Z,1956T,Luka Bojicic Ono,21,1,https://www.atptour.com/en/players/luka-bojicic-ono/b0uf/overview
2026-04-16T19:40:09Z,1956T,Maximilian Borisov,24,1,https://www.atptour.com/en/players/maximilian-borisov/b0xe/overview
2026-04-16T19:40:09Z,1956T,Federico Bove,27,1,https://www.atptour.com/en/players/federico-bove/b0nk/overview
2026-04-16T19:40:09Z,1956T,Tyler Bowers,23,1,https://www.atptour.com/en/players/tyler-bowers/b0qa/overview
2026-04-16T19:40:09Z,1956T,Stylianos Christodoulou,21,1,https://www.atptour.com/en/players/stylianos-christodoulou/c0l4/overview
2026-04-16T19:40:09Z,1956T,Dario Alexandru Ciobotaru,21,1,https://www.atptour.com/en/players/dario-alexandru-ciobotaru/c0sd/overview
2026-04-16T19:40:09Z,1956T,Jose Luis Claro,22,1,https://www.atptour.com/en/players/jose-luis-claro/c0kz/overview
2026-04-16T19:40:09Z,1956T,Enrique Collar,18,1,https://www.atptour.com/en/players/enrique-collar/c0u2/overview
2026-04-16T19:40:09Z,1956T,Sasha Colleu,19,1,https://www.atptour.com/en/players/sasha-colleu/c0ui/overview
2026-04-16T19:40:09Z,1956T,Martin Doskocil,19,1,https://www.atptour.com/en/players/martin-doskocil/d0no/overview
2026-04-16T19:40:09Z,1956T,Alessandro Dragoni,28,1,https://www.atptour.com/en/players/alessandro-dragoni/de10/overview
2026-04-16T19:40:09Z,1956T,Mikhail Dubrouski,22,1,https://www.atptour.com/en/players/mikhail-dubrouski/d0k1/overview
2026-04-16T19:40:09Z,1956T,Gabriel Elicha Navas,23,1,https://www.atptour.com/en/players/gabriel-elicha-navas/e0cf/overview
2026-04-16T19:40:09Z,1956T,Edward Etty,24,1,https://www.atptour.com/en/players/edward-etty/e0ee/overview
2026-04-16T19:40:09Z,1956T,Wen Bo Fan,18,1,https://www.atptour.com/en/players/wen-bo-fan/f0io/overview
2026-04-16T19:40:09Z,1956T,Thomas Nicholas Gadecki,20,1,https://www.atptour.com/en/players/thomas-nicholas-gadecki/g0ki/overview
2026-04-16T19:40:09Z,1956T,Jon Gamble,18,1,https://www.atptour.com/en/players/jon-gamble/g0q4/overview
2026-04-16T19:40:09Z,1956T,Alejandro Garcia Carbajal,24,1,https://www.atptour.com/en/players/alejandro-garcia-carbajal/g0bj/overview
2026-04-16T19:40:09Z,1956T,Iker Gaztambide Arrastia,22,1,https://www.atptour.com/en/players/iker-gaztambide-arrastia/g0ml/overview
2026-04-16T19:40:09Z,1956T,Alexander Glomb,21,1,https://www.atptour.com/en/players/alexander-glomb/g0pd/overview
2026-04-16T19:40:09Z,1956T,Sebastian Gorzny,22,1,https://www.atptour.com/en/players/sebastian-gorzny/g0jj/overview
2026-04-16T19:40:09Z,1956T,Alexander Gschiel,18,1,https://www.atptour.com/en/players/alexander-gschiel/g0qw/overview
2026-04-16T19:40:09Z,1956T,Thomas Gunzinger,17,1,https://www.atptour.com/en/players/thomas-gunzinger/g0q8/overview
2026-04-16T19:40:09Z,1956T,Mark Havlicek,22,1,https://www.atptour.com/en/players/mark-havlicek/h0gi/overview
2026-04-16T19:40:09Z,1956T,Lukas Hellum-Lilleengen,25,1,https://www.atptour.com/en/players/lukas-hellum-lilleengen/h0bc/overview
2026-04-16T19:40:09Z,1956T,Yuya Hirose,20,1,https://www.atptour.com/en/players/yuya-hirose/h0m7/overview
2026-04-16T19:40:09Z,1956T,Matic Hribar,19,1,https://www.atptour.com/en/players/matic-hribar/h0jq/overview
2026-04-16T19:40:09Z,1956T,Leonardo Iemmi,20,1,https://www.atptour.com/en/players/leonardo-iemmi/i0bj/overview
2026-04-16T19:40:09Z,1956T,Ilya Ignatov,20,1,https://www.atptour.com/en/players/ilya-ignatov/i0c6/overview
2026-04-16T19:40:09Z,1956T,Sergio Ingles Garre,27,1,https://www.atptour.com/en/players/sergio-ingles-garre/i419/overview
2026-04-16T19:40:09Z,1956T,Ryder Jackson,20,1,https://www.atptour.com/en/players/ryder-jackson/j0au/overview
2026-04-16T19:40:09Z,1956T,Alejandro Jacome Jaramillo,22,1,https://www.atptour.com/en/players/alejandro-jacome-jaramillo/j0e9/overview
2026-04-16T19:40:09Z,1956T,Oliver Johansson,25,1,https://www.atptour.com/en/players/oliver-johansson/j0bu/overview
2026-04-16T19:40:09Z,1956T,Kaigaoge Kang,17,1,https://www.atptour.com/en/players/kaigaoge-kang/k0pj/overview
2026-04-16T19:40:09Z,1956T,Veljko Krstic,22,1,https://www.atptour.com/en/players/veljko-krstic/k0i0/overview
2026-04-16T19:40:09Z,1956T,Anes Latifovic,21,1,https://www.atptour.com/en/players/anes-latifovic/l0mg/overview
2026-04-16T19:40:09Z,1956T,Jordan Lee,15,1,https://www.atptour.com/en/players/jordan-lee/l0oa/overview
2026-04-16T19:40:09Z,1956T,Tim Loosen,24,1,https://www.atptour.com/en/players/tim-loosen/l0go/overview
2026-04-16T19:40:09Z,1956T,Mikolaj Lorens,24,1,https://www.atptour.com/en/players/mikolaj-lorens/l0du/overview
2026-04-16T19:40:09Z,1956T,Martin Maldonado,25,1,https://www.atptour.com/en/players/martin-maldonado/m0k6/overview
2026-04-16T19:40:09Z,1956T,Tomas Marin,19,1,https://www.atptour.com/en/players/tomas-marin/m19s/overview
2026-04-16T19:40:09Z,1956T,Marco Migliorati,22,1,https://www.atptour.com/en/players/marco-migliorati/m1bk/overview
2026-04-16T19:40:09Z,1956T,Milos Mikovic,20,1,https://www.atptour.com/en/players/milos-mikovic/m0nk/overview
2026-04-16T19:40:09Z,1956T,Ali Missoum,17,1,https://www.atptour.com/en/players/ali-missoum/m0xi/overview
2026-04-16T19:40:09Z,1956T,Luis Jose Nakamine,20,1,https://www.atptour.com/en/players/luis-jose-nakamine/n0f1/overview
2026-04-16T19:40:09Z,1956T,Seiya Nakanishi,29,1,https://www.atptour.com/en/players/seiya-nakanishi/n0ec/overview
2026-04-16T19:40:09Z,1956T,Pierre Ngijol Carre,21,1,https://www.atptour.com/en/players/pierre-ngijol-carre/n0h3/overview
2026-04-16T19:40:09Z,1956T,Maximilian Oezcelik,26,1,https://www.atptour.com/en/players/maximilian-oezcelik/o0d2/overview
2026-04-16T19:40:09Z,1956T,Alexander Ikenna Okonkwo,21,1,https://www.atptour.com/en/players/alexander-ikenna-okonkwo/o0eq/overview
2026-04-16T19:40:09Z,1956T,Yshai Oliel,26,1,https://www.atptour.com/en/players/yshai-oliel/o674/overview
2026-04-16T19:40:09Z,1956T,Seungmin Park,20,1,https://www.atptour.com/en/players/seungmin-park/p0mf/overview
2026-04-16T19:40:09Z,1956T,Bogdan Pavel,26,1,https://www.atptour.com/en/players/bogdan-pavel/pl80/overview
2026-04-16T19:40:09Z,1956T,Alexander Petrov,24,1,https://www.atptour.com/en/players/alexander-petrov/p0j3/overview
2026-04-16T19:40:09Z,1956T,Mattias Pisanu,18,1,https://www.atptour.com/en/players/mattias-pisanu/p0ot/overview
2026-04-16T19:40:09Z,1956T,Tadija Radovanovic,25,1,https://www.atptour.com/en/players/tadija-radovanovic/r0ds/overview
2026-04-16T19:40:09Z,1956T,Yannik Rahman,21,1,https://www.atptour.com/en/players/yannik-rahman/r0j0/overview
2026-04-16T19:40:09Z,1956T,Philippe Renard,22,1,https://www.atptour.com/en/players/philippe-renard/r0lq/overview
2026-04-16T19:40:09Z,1956T,Freddie Ridout,22,1,https://www.atptour.com/en/players/freddie-ridout/r0iz/overview
2026-04-16T19:40:09Z,1956T,Pablo Robledo,18,1,https://www.atptour.com/en/players/pablo-robledo/r0mo/overview
2026-04-16T19:40:09Z,1956T,Jerry Roddick,23,1,https://www.atptour.com/en/players/jerry-roddick/r0jg/overview
2026-04-16T19:40:09Z,1956T,Tim Ruehl,28,1,https://www.atptour.com/en/players/tim-ruehl/rh45/overview
2026-04-16T19:40:09Z,1956T,Jan Sadzik,17,1,https://www.atptour.com/en/players/jan-sadzik/s1e0/overview
2026-04-16T19:40:09Z,1956T,Fabien Salle,26,1,https://www.atptour.com/en/players/fabien-salle/sz32/overview
2026-04-16T19:40:09Z,1956T,Manuel Sanchez,35,1,https://www.atptour.com/en/players/manuel-sanchez/si82/overview
2026-04-16T19:40:09Z,1956T,Jonas Schaer,25,1,https://www.atptour.com/en/players/jonas-schaer/s0i2/overview
2026-04-16T19:40:09Z,1956T,Rafael Segado Esteve,20,1,https://www.atptour.com/en/players/rafael-segado-esteve/s0tz/overview
2026-04-16T19:40:09Z,1956T,Rethin Pranav Senthil Kumar,18,1,https://www.atptour.com/en/players/rethin-pranav-senthil-kumar/s19t/overview
2026-04-16T19:40:09Z,1956T,Stephen Slocombe,23,1,https://www.atptour.com/en/players/stephen-slocombe/s1cl/overview
2026-04-16T19:40:09Z,1956T,Nicholas Steiglehner,21,1,https://www.atptour.com/en/players/nicholas-steiglehner/s1bn/overview
2026-04-16T19:40:09Z,1956T,Gustaf Strom,24,1,https://www.atptour.com/en/players/gustaf-strom/s0ka/overview
2026-04-16T19:40:09Z,1956T,Leonardo Suarez,17,1,https://www.atptour.com/en/players/leonardo-suarez/s1dp/overview
2026-04-16T19:40:09Z,1956T,Elias Sumann,20,1,https://www.atptour.com/en/players/elias-sumann/s1c8/overview
2026-04-16T19:40:09Z,1956T,Jin Peng Tang,19,1,https://www.atptour.com/en/players/jin-peng-tang/t0fv/overview
2026-04-16T19:40:09Z,1956T,Daniel Tazabekov,18,1,https://www.atptour.com/en/players/daniel-tazabekov/t0l4/overview
2026-04-16T19:40:09Z,1956T,Kai Thompson,17,1,https://www.atptour.com/en/players/kai-thompson/t0lc/overview
2026-04-16T19:40:09Z,1956T,Aadarsh Tripathi,22,1,https://www.atptour.com/en/players/aadarsh-tripathi/t0k4/overview
2026-04-16T19:40:09Z,1956T,Nathan Trouve,20,1,https://www.atptour.com/en/players/nathan-trouve/t0fw/overview
2026-04-16T19:40:09Z,1956T,Abdulaziz Usmonjonov,19,1,https://www.atptour.com/en/players/abdulaziz-usmonjonov/u0ao/overview
2026-04-16T19:40:09Z,1956T,Julian Valenzuela,18,1,https://www.atptour.com/en/players/julian-valenzuela/v0j4/overview
2026-04-16T19:40:09Z,1956T,Jip Van Assendelft,24,1,https://www.atptour.com/en/players/jip-van-assendelft/v0ep/overview
2026-04-16T19:40:09Z,1956T,Franco Ariel Vazquez,25,1,https://www.atptour.com/en/players/franco-ariel-vazquez/v0if/overview
2026-04-16T19:40:09Z,1956T,Aaron James Williams,22,1,https://www.atptour.com/en/players/aaron-james-williams/w0dz/overview
2026-04-16T19:40:09Z,1956T,Finn Willman,18,1,https://www.atptour.com/en/players/finn-willman/w0fn/overview
2026-04-16T19:40:09Z,1956T,Maximus Zavier Wong,18,1,https://www.atptour.com/en/players/maximus-zavier-wong/w0en/overview
2026-04-16T19:40:09Z,1956T,Kai-An Wu,19,1,https://www.atptour.com/en/players/kai-an-wu/w0g2/overview
2026-04-16T19:40:09Z,1956T,Fernando Yamacita,28,1,https://www.atptour.com/en/players/fernando-yamacita/y223/overview
2026-04-16T19:40:09Z,1956T,Arturs Zagars,18,1,https://www.atptour.com/en/players/arturs-zagars/z0dx/overview
2026-04-16T19:40:09Z,1956T,Carlos Zerega,30,1,https://www.atptour.com/en/players/carlos-zerega/z0dr/overview
2026-04-16T19:40:09Z,2055T,Danielle Abadia,24,1,https://www.atptour.com/en/players/danielle-abadia/a0el/overview
2026-04-16T19:40:09Z,2055T,Damir Abdusamadov,19,1,https://www.atptour.com/en/players/damir-abdusamadov/a0mk/overview
2026-04-16T19:40:09Z,2055T,Mohamed Ali Abibsi,23,1,https://www.atptour.com/en/players/mohamed-ali-abibsi/a0fu/overview
2026-04-16T19:40:09Z,2055T,Felipe Assuncao Garla,31,1,https://www.atptour.com/en/players/felipe-assuncao-garla/ab75/overview
2026-04-16T19:40:09Z,2055T,Flavio Bocci,20,1,https://www.atptour.com/en/players/flavio-bocci/b0yv/overview
2026-04-16T19:40:09Z,2055T,Enrique Bogo,30,1,https://www.atptour.com/en/players/enrique-bogo/bk43/overview
2026-04-16T19:40:09Z,2055T,Thanaphat Boosarawongse,20,1,https://www.atptour.com/en/players/thanaphat-boosarawongse/b0w7/overview
2026-04-16T19:40:09Z,2055T,Mathias Bourgue,32,1,https://www.atptour.com/en/players/mathias-bourgue/bk19/overview
2026-04-16T19:40:09Z,2055T,David Cristian Carteputreda,19,1,https://www.atptour.com/en/players/david-cristian-carteputreda/c0pt/overview
2026-04-16T19:40:09Z,2055T,Andres Gabriel Ciurletti,28,1,https://www.atptour.com/en/players/andres-gabriel-ciurletti/cn39/overview
2026-04-16T19:40:09Z,2055T,Clement Deleersnyder,24,1,https://www.atptour.com/en/players/clement-deleersnyder/d0f4/overview
2026-04-16T19:40:09Z,2055T,João Pedro Didoni Bonini,18,1,https://www.atptour.com/en/players/joão-pedro-didoni-bonini/d0ou/overview
2026-04-16T19:40:09Z,2055T,Thomas Drayton,22,1,https://www.atptour.com/en/players/thomas-drayton/d0me/overview
2026-04-16T19:40:09Z,2055T,Vincent Dullinger,19,1,https://www.atptour.com/en/players/vincent-dullinger/d0nd/overview
2026-04-16T19:40:09Z,2055T,Tarek Erlewein,22,1,https://www.atptour.com/en/players/tarek-erlewein/e0em/overview
2026-04-16T19:40:09Z,2055T,Andres Fernandez Canovas,27,1,https://www.atptour.com/en/players/andres-fernandez-canovas/fc00/overview
2026-04-16T19:40:09Z,2055T,Barney Fitzpatrick,23,1,https://www.atptour.com/en/players/barney-fitzpatrick/f0b4/overview
2026-04-16T19:40:09Z,2055T,Luis Andres Flores Avila,17,1,https://www.atptour.com/en/players/luis-andres-flores-avila/f0j4/overview
2026-04-16T19:40:09Z,2055T,Sai Karteek Reddy Ganta,25,1,https://www.atptour.com/en/players/sai-karteek-reddy-ganta/g0h0/overview
2026-04-16T19:40:09Z,2055T,Filippo Francesco Garbero,17,1,https://www.atptour.com/en/players/filippo-francesco-garbero/g0o3/overview
2026-04-16T19:40:09Z,2055T,Anthony Genov,24,1,https://www.atptour.com/en/players/anthony-genov/g0gk/overview
2026-04-16T19:40:09Z,2055T,Nicolas Rafael Goldberg Alviani,23,1,https://www.atptour.com/en/players/nicolas-rafael-goldberg-alviani/g0j6/overview
2026-04-16T19:40:09Z,2055T,Javier Guzman,22,1,https://www.atptour.com/en/players/javier-guzman/g0ne/overview
2026-04-16T19:40:09Z,2055T,Julius Maximilian Haus,18,1,https://www.atptour.com/en/players/julius-maximilian-haus/h0m9/overview
2026-04-16T19:40:09Z,2055T,Ryan Haviland,45,1,https://www.atptour.com/en/players/ryan-haviland/h624/overview
2026-04-16T19:40:09Z,2055T,Ilan Zheng-Xiong Hediger,19,1,https://www.atptour.com/en/players/ilan-zheng-xiong-hediger/h0lc/overview
2026-04-16T19:40:09Z,2055T,Kaeri Hernandez Mariona,23,1,https://www.atptour.com/en/players/kaeri-hernandez-mariona/h0gu/overview
2026-04-16T19:40:09Z,2055T,Sean Hess,25,1,https://www.atptour.com/en/players/sean-hess/h0gj/overview
2026-04-16T19:40:09Z,2055T,Toru Horie,26,1,https://www.atptour.com/en/players/toru-horie/h0ad/overview
2026-04-16T19:40:09Z,2055T,Dorian Juszczak,21,1,https://www.atptour.com/en/players/dorian-juszczak/j0f9/overview
2026-04-16T19:40:09Z,2055T,Rhys Lawlor,17,1,https://www.atptour.com/en/players/rhys-lawlor/l0o2/overview
2026-04-16T19:40:09Z,2055T,Isaac Lhomond,19,1,https://www.atptour.com/en/players/isaac-lhomond/l0la/overview
2026-04-16T19:40:09Z,2055T,Adam Majchrzak,20,1,https://www.atptour.com/en/players/adam-majchrzak/m0rn/overview
2026-04-16T19:40:09Z,2055T,Aron Janos Major,19,1,https://www.atptour.com/en/players/aron-janos-major/m0zy/overview
2026-04-16T19:40:09Z,2055T,Franco Marini,24,1,https://www.atptour.com/en/players/franco-marini/m0rs/overview
2026-04-16T19:40:09Z,2055T,Goncalo Marques,20,1,https://www.atptour.com/en/players/goncalo-marques/m0vl/overview
2026-04-16T19:40:09Z,2055T,Benjamin Martin,20,1,https://www.atptour.com/en/players/benjamin--martin/m0sa/overview
2026-04-16T19:40:09Z,2055T,Jordi Mas De Ugarte,30,1,https://www.atptour.com/en/players/jordi-mas-de-ugarte/mv26/overview
2026-04-16T19:40:09Z,2055T,Maciej Matuszczyk,22,1,https://www.atptour.com/en/players/maciej-matuszczyk/m0ry/overview
2026-04-16T19:40:09Z,2055T,Stefan Menichella,31,1,https://www.atptour.com/en/players/stefan-menichella/mw03/overview
2026-04-16T19:40:09Z,2055T,Eyad Reda Ezzat Mohamed Sherif,18,1,https://www.atptour.com/en/players/eyad-reda-ezzat-mohamed-sherif/m1bh/overview
2026-04-16T19:40:09Z,2055T,Vicente Monge,19,1,https://www.atptour.com/en/players/vicente-monge/m0yc/overview
2026-04-16T19:40:09Z,2055T,François Musitelli,27,1,https://www.atptour.com/en/players/françois-musitelli/m0hb/overview
2026-04-16T19:40:09Z,2055T,Fabrizio Karol Pio Osti,20,1,https://www.atptour.com/en/players/fabrizio-karol-pio-osti/o0d5/overview
2026-04-16T19:40:09Z,2055T,Tomas Pinho,23,1,https://www.atptour.com/en/players/tomas-pinho/p0ih/overview
2026-04-16T19:40:09Z,2055T,Oscar Pinto Sansano,22,1,https://www.atptour.com/en/players/oscar-pinto-sansano/p0g7/overview
2026-04-16T19:40:09Z,2055T,Lautaro Rocha,18,1,https://www.atptour.com/en/players/lautaro-rocha/r0nr/overview
2026-04-16T19:40:09Z,2055T,Kase Schinnerer,19,1,https://www.atptour.com/en/players/kase-schinnerer/s1cy/overview
2026-04-16T19:40:09Z,2055T,Hidde Schoenmakers,18,1,https://www.atptour.com/en/players/hidde-schoenmakers/s1ee/overview
2026-04-16T19:40:09Z,2055T,Joao Silva,18,1,https://www.atptour.com/en/players/joao-silva/s0y4/overview
2026-04-16T19:40:09Z,2055T,Andre Souza,23,1,https://www.atptour.com/en/players/andre-souza/s1cw/overview
2026-04-16T19:40:09Z,2055T,Filip Stidell,20,1,https://www.atptour.com/en/players/filip-stidell/s0x4/overview
2026-04-16T19:40:09Z,2055T,Samuel Stolarik,21,1,https://www.atptour.com/en/players/samuel-stolarik/s0vy/overview
2026-04-16T19:40:09Z,2055T,Bjorn Swenson,22,1,https://www.atptour.com/en/players/bjorn-swenson/s0tu/overview
2026-04-16T19:40:09Z,2055T,Adam Gabor Szoke,21,1,https://www.atptour.com/en/players/adam-gabor-szoke/s0wu/overview
2026-04-16T19:40:09Z,2055T,Alexander Ushakov,22,1,https://www.atptour.com/en/players/alexander-ushakov/u0an/overview
2026-04-16T19:40:09Z,2055T,Niels Peter Van Noord,26,1,https://www.atptour.com/en/players/niels-peter-van-noord/v0c2/overview
2026-04-16T19:40:09Z,2055T,Alexander Vikhlyantsev,23,1,https://www.atptour.com/en/players/alexander-vikhlyantsev/v0f2/overview
2026-04-16T19:40:09Z,2055T,Henrik Villanger,22,1,https://www.atptour.com/en/players/henrik-villanger/v0j7/overview
2026-04-16T19:40:09Z,2055T,Jakub Vrba,21,1,https://www.atptour.com/en/players/jakub-vrba/v0hr/overview
2026-04-16T19:40:09Z,2055T,Ahmed Zaki,21,1,https://www.atptour.com/en/players/ahmed-zaki/z0cc/overview
2026-04-16T19:40:09Z,2055T,Vitaliy Zatsepin,20,1,https://www.atptour.com/en/players/vitaliy-zatsepin/z0ct/overview
2026-04-16T19:40:09Z,2117T,Mohammad Alkotop,21,1,https://www.atptour.com/en/players/mohammad-alkotop/a0kf/overview
2026-04-16T19:40:09Z,2117T,Marcin Andrzejczak,19,1,https://www.atptour.com/en/players/marcin-andrzejczak/a0mb/overview
2026-04-16T19:40:09Z,2117T,Charlie Camus,19,1,https://www.atptour.com/en/players/charlie-camus/c0lm/overview
2026-04-16T19:40:09Z,2117T,Penn Charusorn,18,1,https://www.atptour.com/en/players/penn-charusorn/c0sw/overview
2026-04-16T19:40:09Z,2117T,Jose Freitas,19,1,https://www.atptour.com/en/players/jose-freitas/f0j1/overview
2026-04-16T19:40:09Z,2117T,Hong-Lin Fu,24,1,https://www.atptour.com/en/players/hong-lin-fu/f0bn/overview
2026-04-16T19:40:09Z,2117T,Santiago Giamichelle,22,1,https://www.atptour.com/en/players/santiago-giamichelle/g0j4/overview
2026-04-16T19:40:09Z,2117T,Seonyong Han,25,1,https://www.atptour.com/en/players/seonyong-han/h0dp/overview
2026-04-16T19:40:09Z,2117T,Hugo Hashimoto,23,1,https://www.atptour.com/en/players/hugo-hashimoto/h0l5/overview
2026-04-16T19:40:09Z,2117T,Adam Heinonen,23,1,https://www.atptour.com/en/players/adam-heinonen/h0d1/overview
2026-04-16T19:40:09Z,2117T,Jan Jermar,26,1,https://www.atptour.com/en/players/jan-jermar/j0b6/overview
2026-04-16T19:40:09Z,2117T,Roan Jones,22,1,https://www.atptour.com/en/players/roan-jones/j0d3/overview
2026-04-16T19:40:09Z,2117T,Patrick Jozwicki,21,1,https://www.atptour.com/en/players/patrick-jozwicki/j0fd/overview
2026-04-16T19:40:09Z,2117T,Rein Koenders,19,1,https://www.atptour.com/en/players/rein-koenders/k0m3/overview
2026-04-16T19:40:09Z,2117T,Yuhei Kono,30,1,https://www.atptour.com/en/players/yuhei-kono/ki64/overview
2026-04-16T19:40:09Z,2117T,Samuil Konov,23,1,https://www.atptour.com/en/players/samuil-konov/k0f3/overview
2026-04-16T19:40:09Z,2117T,Matic Kriznik,20,1,https://www.atptour.com/en/players/matic-kriznik/k0jy/overview
2026-04-16T19:40:09Z,2117T,Aliaksandr Liaonenka,27,1,https://www.atptour.com/en/players/aliaksandr-liaonenka/l09d/overview
2026-04-16T19:40:09Z,2117T,Norbert Marosik,22,1,https://www.atptour.com/en/players/norbert-marosik/m0wk/overview
2026-04-16T19:40:09Z,2117T,Jack Patrick Mcgary,20,1,https://www.atptour.com/en/players/jack-patrick-mcgary/m19i/overview
2026-04-16T19:40:09Z,2117T,Alejandro Melero Kretzer,21,1,https://www.atptour.com/en/players/alejandro-melero-kretzer/m0tu/overview
2026-04-16T19:40:09Z,2117T,Matteo Mesaglio,21,1,https://www.atptour.com/en/players/matteo-mesaglio/m0ws/overview
2026-04-16T19:40:09Z,2117T,Daniele Minighini,21,1,https://www.atptour.com/en/players/daniele-minighini/m0o0/overview
2026-04-16T19:40:09Z,2117T,Botond Nagy,18,1,https://www.atptour.com/en/players/botond-nagy/n0fo/overview
2026-04-16T19:40:09Z,2117T,Saba George Nanobashvili,21,1,https://www.atptour.com/en/players/saba-george-nanobashvili/n0et/overview
2026-04-16T19:40:09Z,2117T,Noppadol Noikor,26,1,https://www.atptour.com/en/players/noppadol-noikor/n0bl/overview
2026-04-16T19:40:09Z,2117T,Oswaldo Alejandro Reyes Tirado,18,1,https://www.atptour.com/en/players/oswaldo-alejandro-reyes-tirado/r0mh/overview
2026-04-16T19:40:09Z,2117T,Cedric Stanke,27,1,https://www.atptour.com/en/players/cedric-stanke/s0sq/overview
2026-04-16T19:40:09Z,2117T,Calin Teodor Stirbu,20,1,https://www.atptour.com/en/players/calin-teodor-stirbu/s0wk/overview
2026-04-16T19:40:09Z,2117T,Sarthak Suden,24,1,https://www.atptour.com/en/players/sarthak-suden/s0xw/overview
2026-04-16T19:40:09Z,2117T,Raphael Vaksmann,19,1,https://www.atptour.com/en/players/raphael-vaksmann/v0i5/overview
2026-04-16T19:40:09Z,2117T,Matei Varbanciu,19,1,https://www.atptour.com/en/players/matei-varbanciu/v0jw/overview
2026-04-16T19:40:09Z,2117T,Qiulin Wang,23,1,https://www.atptour.com/en/players/qiulin-wang/w0ez/overview
2026-04-16T19:40:09Z,2117T,Weitao Xu,20,1,https://www.atptour.com/en/players/weitao-xu/x01e/overview
2026-04-16T19:40:09Z,2151T,Suk Ann,23,1,https://www.atptour.com/en/players/suk-ann/a0jp/overview
2026-04-16T19:40:09Z,2151T,Gregorio Biondolillo,26,1,https://www.atptour.com/en/players/gregorio-biondolillo/b0pz/overview
2026-04-16T19:40:09Z,2151T,Jonah Braswell,22,1,https://www.atptour.com/en/players/jonah-braswell/b0pk/overview
2026-04-16T19:40:09Z,2151T,Maxi Carrascosa Diaz,17,1,https://www.atptour.com/en/players/maxi-carrascosa-diaz/c0sk/overview
2026-04-16T19:40:09Z,2151T,Pedro Henrique Chabalgoity,17,1,https://www.atptour.com/en/players/pedro-henrique-chabalgoity/c0to/overview
2026-04-16T19:40:09Z,2151T,Edoardo De Filippo,21,1,https://www.atptour.com/en/players/edoardo-de-filippo/d0mw/overview
2026-04-16T19:40:09Z,2151T,Luc Fomba,27,1,https://www.atptour.com/en/players/luc-fomba/fc50/overview
2026-04-16T19:40:09Z,2151T,Andrei Corneliu Gadoiu,17,1,https://www.atptour.com/en/players/andrei-corneliu-gadoiu/g0oc/overview
2026-04-16T19:40:09Z,2151T,Matteo Gribaldo,17,1,https://www.atptour.com/en/players/matteo-gribaldo/g0qb/overview
2026-04-16T19:40:09Z,2151T,Alexandru Toubi Hebhang Balan,17,1,https://www.atptour.com/en/players/alexandru-toubi-hebhang-balan/h0kv/overview
2026-04-16T19:40:09Z,2151T,Ludvig Fredrik Hede,19,1,https://www.atptour.com/en/players/ludvig-fredrik-hede/h0k7/overview
2026-04-16T19:40:09Z,2151T,Petr Iamachkine,30,1,https://www.atptour.com/en/players/petr-iamachkine/i371/overview
2026-04-16T19:40:09Z,2151T,Reid Jarvis,25,1,https://www.atptour.com/en/players/reid-jarvis/j0fs/overview
2026-04-16T19:40:09Z,2151T,Ruslan Kastsiukevich,18,1,https://www.atptour.com/en/players/ruslan-kastsiukevich/k0mp/overview
2026-04-16T19:40:09Z,2151T,Rafael Kis Balazs,24,1,https://www.atptour.com/en/players/rafael-kis-balazs/k0h9/overview
2026-04-16T19:40:09Z,2151T,Karl Kazuma Lee,23,1,https://www.atptour.com/en/players/karl-kazuma-lee/l0ka/overview
2026-04-16T19:40:09Z,2151T,Nikos Lehmann,20,1,https://www.atptour.com/en/players/nikos-lehmann/l0hq/overview
2026-04-16T19:40:09Z,2151T,Niels Lootsma,31,1,https://www.atptour.com/en/players/niels-lootsma/le38/overview
2026-04-16T19:40:09Z,2151T,Adam Lynch,22,1,https://www.atptour.com/en/players/adam-lynch/l0ly/overview
2026-04-16T19:40:09Z,2151T,Vicente Menezes Freda,18,1,https://www.atptour.com/en/players/vicente-menezes-freda/m1a0/overview
2026-04-16T19:40:09Z,2151T,Salvador Monteiro,18,1,https://www.atptour.com/en/players/salvador-monteiro/m0xg/overview
2026-04-16T19:40:09Z,2151T,Ramazan Kaan Oktay,17,1,https://www.atptour.com/en/players/ramazan-kaan-oktay/o0eo/overview
2026-04-16T19:40:09Z,2151T,Daniil Piatrouski,22,1,https://www.atptour.com/en/players/daniil-piatrouski/p0kz/overview
2026-04-16T19:40:09Z,2151T,Glauco Pinheiro Da Cruz Junior,21,1,https://www.atptour.com/en/players/glauco-pinheiro-da-cruz-junior/p0lr/overview
2026-04-16T19:40:09Z,2151T,Peter Sallay,25,1,https://www.atptour.com/en/players/peter-sallay/s0gw/overview
2026-04-16T19:40:09Z,2151T,Elijah Sanogo,17,1,https://www.atptour.com/en/players/elijah-sanogo/s1ez/overview
2026-04-16T19:40:09Z,2151T,Matteo Sciahbasi,19,1,https://www.atptour.com/en/players/matteo-sciahbasi/s1az/overview
2026-04-16T19:40:09Z,2151T,Kyle Seelig,28,1,https://www.atptour.com/en/players/kyle-seelig/sz28/overview
2026-04-16T19:40:09Z,2151T,Lev Seidman,18,1,https://www.atptour.com/en/players/lev-seidman/s1d6/overview
2026-04-16T19:40:09Z,2151T,Dmitrii Vasilev,24,1,https://www.atptour.com/en/players/dmitrii-vasilev/v0eo/overview
2026-04-16T19:40:09Z,2181T,Alberto Odiseo Alvarado Berrospi,25,1,https://www.atptour.com/en/players/alberto-odiseo-alvarado-berrospi/a0fr/overview
2026-04-16T19:40:09Z,2181T,Romain Andres,19,1,https://www.atptour.com/en/players/romain-andres/a0mm/overview
2026-04-16T19:40:09Z,2181T,Pablo Aunion,18,1,https://www.atptour.com/en/players/pablo-aunion/a0lf/overview
2026-04-16T19:40:09Z,2181T,Rahul Dhokia,25,1,https://www.atptour.com/en/players/rahul-dhokia/d0ef/overview
2026-04-16T19:40:09Z,2181T,Jim Hendrikx,24,1,https://www.atptour.com/en/players/jim-hendrikx/h0iw/overview
2026-04-16T19:40:09Z,2181T,Liam Hignett,26,1,https://www.atptour.com/en/players/liam-hignett/h0h5/overview
2026-04-16T19:40:09Z,2181T,Vladimir Holban,20,1,https://www.atptour.com/en/players/vladimir-holban/h0k8/overview
2026-04-16T19:40:09Z,2181T,Nicolas Hurtado Novoa,18,1,https://www.atptour.com/en/players/nicolas-hurtado-novoa/h0mb/overview
2026-04-16T19:40:09Z,2181T,Jack Karlsson Wistrand,23,1,https://www.atptour.com/en/players/jack-karlsson-wistrand/k0jc/overview
2026-04-16T19:40:09Z,2181T,Lucky Candra Kurniawan,22,1,https://www.atptour.com/en/players/lucky-candra-kurniawan/k0kn/overview
2026-04-16T19:40:09Z,2181T,Cian Maguire,26,1,https://www.atptour.com/en/players/cian-maguire/m0ru/overview
2026-04-16T19:40:09Z,2181T,Karol Malirz,23,1,https://www.atptour.com/en/players/karol-malirz/m0rq/overview
2026-04-16T19:40:09Z,2181T,Pablo Masjuan Ginel,23,1,https://www.atptour.com/en/players/pablo-masjuan-ginel/m0j2/overview
2026-04-16T19:40:09Z,2181T,thomas Menzel,18,1,https://www.atptour.com/en/players/thomas-menzel/m0td/overview
2026-04-16T19:40:09Z,2181T,Andreas Messis,18,1,https://www.atptour.com/en/players/andreas-messis/m0zo/overview
2026-04-16T19:40:09Z,2181T,Zhou Mingzhou,25,1,https://www.atptour.com/en/players/zhou-mingzhou/m0hl/overview
2026-04-16T19:40:09Z,2181T,Manuel Mouilleron Salvo,23,1,https://www.atptour.com/en/players/manuel-mouilleron-salvo/m0nz/overview
2026-04-16T19:40:09Z,2181T,Nicaise Muamba,25,1,https://www.atptour.com/en/players/nicaise-muamba/mw37/overview
2026-04-16T19:40:09Z,2181T,Joe Tyler,27,1,https://www.atptour.com/en/players/joe-tyler/t0b1/overview
2026-04-16T19:40:09Z,2181T,Lazar Vojinovic,27,1,https://www.atptour.com/en/players/lazar-vojinovic/v0b5/overview
2026-04-16T19:40:09Z,2181T,Daiki Yoshimura,24,1,https://www.atptour.com/en/players/daiki-yoshimura/y0al/overview
2026-04-16T19:40:09Z,2181T,Zhan Zheng,23,1,https://www.atptour.com/en/players/zhan-zheng/z0cv/overview
2026-04-16T19:40:09Z,2203T,Zachary Adam-Gedge,23,1,https://www.atptour.com/en/players/zachary-adam-gedge/a0j4/overview
2026-04-16T19:40:09Z,2203T,Daniil Bogatov,19,1,https://www.atptour.com/en/players/daniil-bogatov/b0x4/overview
2026-04-16T19:40:09Z,2203T,Alvaro Bueno Gil,25,1,https://www.atptour.com/en/players/alvaro-bueno-gil/b0u5/overview
2026-04-16T19:40:09Z,2203T,Adrien Burdet,24,1,https://www.atptour.com/en/players/adrien-burdet/b0ln/overview
2026-04-16T19:40:09Z,2203T,Xirui Han,20,1,https://www.atptour.com/en/players/xirui-han/h0k1/overview
2026-04-16T19:40:09Z,2203T,Gregor Hausberger,22,1,https://www.atptour.com/en/players/gregor-hausberger/h0j9/overview
2026-04-16T19:40:09Z,2203T,Krittin Koaykul,31,1,https://www.atptour.com/en/players/krittin-koaykul/ke42/overview
2026-04-16T19:40:09Z,2203T,Ryotero Matsumura,29,1,https://www.atptour.com/en/players/ryotero-matsumura/mm67/overview
2026-04-16T19:40:09Z,2203T,Kyle Overmyer,22,1,https://www.atptour.com/en/players/kyle-overmyer/o0bg/overview
2026-04-16T19:40:09Z,2203T,Cagan Efe Tufekci,22,1,https://www.atptour.com/en/players/cagan-efe-tufekci/t0j5/overview
2026-04-16T19:40:09Z,2203T,Yassin Ahmed Wageh,18,1,https://www.atptour.com/en/players/yassin-ahmed-wageh/w0g4/overview
2026-04-16T19:40:09Z,2203T,Minghui Zhang,21,1,https://www.atptour.com/en/players/minghui-zhang/z0d7/overview
2026-04-16T19:40:09Z,2215T,Mateo Carballo,19,1,https://www.atptour.com/en/players/mateo-carballo/c0su/overview
2026-04-16T19:40:09Z,2215T,Liam Delicata,24,1,https://www.atptour.com/en/players/liam-delicata/d0ia/overview
2026-04-16T19:40:09Z,2215T,Lorenzo Ferri,22,1,https://www.atptour.com/en/players/lorenzo-ferri/f0dw/overview
2026-04-16T19:40:09Z,2215T,Carlos Giraldi,20,1,https://www.atptour.com/en/players/carlos-giraldi/g0kw/overview
2026-04-16T19:40:09Z,2215T,Ivan Iutkin,19,1,https://www.atptour.com/en/players/ivan-iutkin/i0bl/overview
2026-04-16T19:40:09Z,2215T,Filip Krolo,24,1,https://www.atptour.com/en/players/filip-krolo/k0fo/overview
2026-04-16T19:40:09Z,2215T,Isaac Nortey,26,1,https://www.atptour.com/en/players/isaac-nortey/n0e5/overview
2026-04-16T19:40:09Z,2215T,Yong Joon Park,24,1,https://www.atptour.com/en/players/yong-joon-park/p0o3/overview
2026-04-16T19:40:09Z,2215T,Essa Qabazard,24,1,https://www.atptour.com/en/players/essa-qabazard/q027/overview
2026-04-16T19:40:09Z,2215T,Breno Rossetto Urvaneja,21,1,https://www.atptour.com/en/players/breno-rossetto-urvaneja/u0a9/overview
2026-04-16T19:40:09Z,2225,Tsz Fu Wong,20,1,https://www.atptour.com/en/players/tsz-fu-wong/w0f3/overview
2026-04-16T19:40:09Z,2226T,Adrian Arcon,24,1,https://www.atptour.com/en/players/adrian-arcon/a0in/overview
2026-04-16T19:40:09Z,2226T,Matic Dimic,24,1,https://www.atptour.com/en/players/matic-dimic/d0dy/overview
2026-04-16T19:40:09Z,2228,Kaya Arinc,26,1,https://www.atptour.com/en/players/kaya-arinc/a0f7/overview
2026-04-16T19:40:09Z,2229,Atharva Sharma,25,1,https://www.atptour.com/en/players/atharva-sharma/s0lv/overview
2026-04-16T19:40:09Z,2230,Adam Farag Cao,18,1,https://www.atptour.com/en/players/adam-farag-cao/f0h7/overview
2026-04-16T19:40:09Z,2231,Bogdan Seleznev,23,1,https://www.atptour.com/en/players/bogdan-seleznev/s0te/overview
